[2026-03-11 23:44:13] news batch start
============================================================
🚀 News Batch Fetcher - 持倉+Watchlist 新聞抓取
   Time: 2026-03-11 23:44:13
   Limit: 3 articles per symbol
   Dry run: False
============================================================
[WARN] Failed to get positions: 502
📋 Found 21 watchlist from DB (stocks table)

🎯 Total unique symbols to fetch: 21

📋 Symbols: COIN, TSM, AMD, NFLX, MU, ORCL, QCOM, META, CRM, AMZN...

[1/21] 📰 Fetching for COIN...

[2/21] 📰 Fetching for TSM...

[3/21] 📰 Fetching for AMD...

[4/21] 📰 Fetching for NFLX...

[5/21] 📰 Fetching for MU...

[6/21] 📰 Fetching for ORCL...

[7/21] 📰 Fetching for QCOM...

[8/21] 📰 Fetching for META...

[9/21] 📰 Fetching for CRM...

[10/21] 📰 Fetching for AMZN...

[11/21] 📰 Fetching for TSLA...

[12/21] 📰 Fetching for ADBE...

[13/21] 📰 Fetching for TXN...

[14/21] 📰 Fetching for UBER...

[15/21] 📰 Fetching for NVDA...

[16/21] 📰 Fetching for AAPL...

[17/21] 📰 Fetching for GOOG...

[18/21] 📰 Fetching for MSTR...

[19/21] 📰 Fetching for MSFT...

[20/21] 📰 Fetching for AVGO...

[21/21] 📰 Fetching for GOOGL...

============================================================
✅ Batch fetch complete! Total synced: 62
============================================================
[2026-03-11 23:45:08] news batch done
[2026-03-12 00:15:00] news batch start
Traceback (most recent call last):
  File "/Users/alita/.openclaw/workspace/codes/TradeMaster_v2/scripts/fetch_news_batch.py", line 20, in <module>
    import requests
ModuleNotFoundError: No module named 'requests'
[2026-03-12 00:23:01] news batch start
============================================================
🚀 News Batch Fetcher - 持倉+Watchlist 新聞抓取
   Time: 2026-03-12 00:23:01
   Limit: 3 articles per symbol
   Dry run: False
============================================================
[WARN] Failed to get positions: 502
📋 Found 21 watchlist from DB (stocks table)

🎯 Total unique symbols to fetch: 21

📋 Symbols: TSM, COIN, NVDA, MU, TSLA, GOOG, AMZN, ORCL, MSFT, MSTR...

[1/21] 📰 Fetching for TSM...

[2/21] 📰 Fetching for COIN...

[3/21] 📰 Fetching for NVDA...

[4/21] 📰 Fetching for MU...

[5/21] 📰 Fetching for TSLA...

[6/21] 📰 Fetching for GOOG...

[7/21] 📰 Fetching for AMZN...

[8/21] 📰 Fetching for ORCL...

[9/21] 📰 Fetching for MSFT...

[10/21] 📰 Fetching for MSTR...

[11/21] 📰 Fetching for GOOGL...

[12/21] 📰 Fetching for ADBE...

[13/21] 📰 Fetching for META...

[14/21] 📰 Fetching for TXN...

[15/21] 📰 Fetching for AVGO...

[16/21] 📰 Fetching for NFLX...

[17/21] 📰 Fetching for AMD...

[18/21] 📰 Fetching for CRM...

[19/21] 📰 Fetching for QCOM...

[20/21] 📰 Fetching for UBER...

[21/21] 📰 Fetching for AAPL...

============================================================
✅ Batch fetch complete! Total synced: 14
============================================================
[2026-03-12 00:24:28] news batch done
[2026-03-12 01:15:00] news batch start
Traceback (most recent call last):
  File "/Users/alita/.openclaw/workspace/codes/TradeMaster_v2/scripts/fetch_news_batch.py", line 20, in <module>
    import requests
ModuleNotFoundError: No module named 'requests'
[2026-03-12 01:20:23] news batch start
============================================================
🚀 News Batch Fetcher - 持倉+Watchlist 新聞抓取
   Time: 2026-03-12 01:20:23
   Limit: 3 articles per symbol
   Dry run: False
============================================================
[WARN] Failed to get positions: 502
📋 Found 21 watchlist from DB (stocks table)

🎯 Total unique symbols to fetch: 21

📋 Symbols: AMD, TXN, GOOGL, MSFT, AVGO, TSLA, CRM, AAPL, NFLX, ORCL...

[1/21] 📰 Fetching for AMD...

[2/21] 📰 Fetching for TXN...

[3/21] 📰 Fetching for GOOGL...

[4/21] 📰 Fetching for MSFT...

[5/21] 📰 Fetching for AVGO...

[6/21] 📰 Fetching for TSLA...

[7/21] 📰 Fetching for CRM...

[8/21] 📰 Fetching for AAPL...

[9/21] 📰 Fetching for NFLX...

[10/21] 📰 Fetching for ORCL...

[11/21] 📰 Fetching for UBER...

[12/21] 📰 Fetching for META...

[13/21] 📰 Fetching for MU...

[14/21] 📰 Fetching for QCOM...

[15/21] 📰 Fetching for ADBE...

[16/21] 📰 Fetching for MSTR...

[17/21] 📰 Fetching for GOOG...

[18/21] 📰 Fetching for TSM...

[19/21] 📰 Fetching for COIN...

[20/21] 📰 Fetching for NVDA...

[21/21] 📰 Fetching for AMZN...

============================================================
✅ Batch fetch complete! Total synced: 14
============================================================
[2026-03-12 01:21:09] news batch done
[2026-03-12 02:15:00] news batch start
Traceback (most recent call last):
  File "/Users/alita/.openclaw/workspace/codes/TradeMaster_v2/scripts/fetch_news_batch.py", line 20, in <module>
    import requests
ModuleNotFoundError: No module named 'requests'
[2026-03-12 02:23:26] news batch start
============================================================
🚀 News Batch Fetcher - 持倉+Watchlist 新聞抓取
   Time: 2026-03-12 02:23:26
   Limit: 3 articles per symbol
   Dry run: False
============================================================
[WARN] Failed to get positions: 502
📋 Found 21 watchlist from DB (stocks table)

🎯 Total unique symbols to fetch: 21

📋 Symbols: MSFT, AAPL, TSM, GOOGL, ORCL, MSTR, UBER, MU, AVGO, QCOM...

[1/21] 📰 Fetching for MSFT...

[2/21] 📰 Fetching for AAPL...

[3/21] 📰 Fetching for TSM...

[4/21] 📰 Fetching for GOOGL...

[5/21] 📰 Fetching for ORCL...

[6/21] 📰 Fetching for MSTR...

[7/21] 📰 Fetching for UBER...

[8/21] 📰 Fetching for MU...

[9/21] 📰 Fetching for AVGO...

[10/21] 📰 Fetching for QCOM...

[11/21] 📰 Fetching for NFLX...

[12/21] 📰 Fetching for AMD...

[13/21] 📰 Fetching for ADBE...

[14/21] 📰 Fetching for COIN...

[15/21] 📰 Fetching for TSLA...

[16/21] 📰 Fetching for CRM...

[17/21] 📰 Fetching for AMZN...

[18/21] 📰 Fetching for TXN...

[19/21] 📰 Fetching for GOOG...

[20/21] 📰 Fetching for META...

[21/21] 📰 Fetching for NVDA...

============================================================
✅ Batch fetch complete! Total synced: 12
============================================================
[2026-03-12 02:24:14] news batch done
[2026-03-12 03:15:00] news batch start
Traceback (most recent call last):
  File "/Users/alita/.openclaw/workspace/codes/TradeMaster_v2/scripts/fetch_news_batch.py", line 20, in <module>
    import requests
ModuleNotFoundError: No module named 'requests'
[2026-03-12 03:24:22] news batch start
============================================================
🚀 News Batch Fetcher - 持倉+Watchlist 新聞抓取
   Time: 2026-03-12 03:24:23
   Limit: 3 articles per symbol
   Dry run: False
============================================================
[WARN] Failed to get positions: 502
📋 Found 21 watchlist from DB (stocks table)

🎯 Total unique symbols to fetch: 21

📋 Symbols: ADBE, CRM, AVGO, AAPL, GOOGL, NFLX, QCOM, MU, TXN, GOOG...

[1/21] 📰 Fetching for ADBE...

[2/21] 📰 Fetching for CRM...

[3/21] 📰 Fetching for AVGO...

[4/21] 📰 Fetching for AAPL...

[5/21] 📰 Fetching for GOOGL...

[6/21] 📰 Fetching for NFLX...

[7/21] 📰 Fetching for QCOM...

[8/21] 📰 Fetching for MU...

[9/21] 📰 Fetching for TXN...

[10/21] 📰 Fetching for GOOG...

[11/21] 📰 Fetching for AMD...

[12/21] 📰 Fetching for TSLA...

[13/21] 📰 Fetching for META...

[14/21] 📰 Fetching for MSTR...

[15/21] 📰 Fetching for UBER...

[16/21] 📰 Fetching for NVDA...

[17/21] 📰 Fetching for AMZN...

[18/21] 📰 Fetching for TSM...

[19/21] 📰 Fetching for MSFT...

[20/21] 📰 Fetching for COIN...

[21/21] 📰 Fetching for ORCL...

============================================================
✅ Batch fetch complete! Total synced: 14
============================================================
[2026-03-12 03:25:10] news batch done
[2026-03-12 04:15:00] news batch start
Traceback (most recent call last):
  File "/Users/alita/.openclaw/workspace/codes/TradeMaster_v2/scripts/fetch_news_batch.py", line 20, in <module>
    import requests
ModuleNotFoundError: No module named 'requests'
[2026-03-12 05:15:00] news batch start
Traceback (most recent call last):
  File "/Users/alita/.openclaw/workspace/codes/TradeMaster_v2/scripts/fetch_news_batch.py", line 20, in <module>
    import requests
ModuleNotFoundError: No module named 'requests'
[2026-03-12 06:15:00] news batch start
Traceback (most recent call last):
  File "/Users/alita/.openclaw/workspace/codes/TradeMaster_v2/scripts/fetch_news_batch.py", line 20, in <module>
    import requests
ModuleNotFoundError: No module named 'requests'
[2026-03-12 07:15:01] news batch start
Traceback (most recent call last):
  File "/Users/alita/.openclaw/workspace/codes/TradeMaster_v2/scripts/fetch_news_batch.py", line 20, in <module>
    import requests
ModuleNotFoundError: No module named 'requests'
[2026-03-12 07:16:03] news batch start
============================================================
🚀 News Batch Fetcher - 持倉+Watchlist 新聞抓取
   Time: 2026-03-12 07:16:03
   Limit: 3 articles per symbol
   Dry run: False
============================================================
[WARN] Failed to get positions: 502
📋 Found 21 watchlist from DB (stocks table)

🎯 Total unique symbols to fetch: 21

📋 Symbols: TSM, QCOM, GOOG, MU, AAPL, AMD, COIN, MSFT, ORCL, UBER...

[1/21] 📰 Fetching for TSM...

[2/21] 📰 Fetching for QCOM...

[3/21] 📰 Fetching for GOOG...

[4/21] 📰 Fetching for MU...

[5/21] 📰 Fetching for AAPL...

[6/21] 📰 Fetching for AMD...

[7/21] 📰 Fetching for COIN...

[8/21] 📰 Fetching for MSFT...

[9/21] 📰 Fetching for ORCL...

[10/21] 📰 Fetching for UBER...

[11/21] 📰 Fetching for TXN...

[12/21] 📰 Fetching for NVDA...

[13/21] 📰 Fetching for NFLX...

[14/21] 📰 Fetching for TSLA...

[15/21] 📰 Fetching for GOOGL...

[16/21] 📰 Fetching for ADBE...

[17/21] 📰 Fetching for MSTR...

[18/21] 📰 Fetching for META...

[19/21] 📰 Fetching for CRM...

[20/21] 📰 Fetching for AMZN...

[21/21] 📰 Fetching for AVGO...

============================================================
✅ Batch fetch complete! Total synced: 23
============================================================
[2026-03-12 07:16:57] news batch done
[2026-03-12 08:15:00] news batch start
Traceback (most recent call last):
  File "/Users/alita/.openclaw/workspace/codes/TradeMaster_v2/scripts/fetch_news_batch.py", line 20, in <module>
    import requests
ModuleNotFoundError: No module named 'requests'
[2026-03-12 08:16:24] news batch start
============================================================
🚀 News Batch Fetcher - 持倉+Watchlist 新聞抓取
   Time: 2026-03-12 08:16:24
   Limit: 3 articles per symbol
   Dry run: False
============================================================
[WARN] Failed to get positions: 502
📋 Found 21 watchlist from DB (stocks table)

🎯 Total unique symbols to fetch: 21

📋 Symbols: MSTR, MSFT, QCOM, CRM, ORCL, META, COIN, TSM, AMZN, UBER...

[1/21] 📰 Fetching for MSTR...

[2/21] 📰 Fetching for MSFT...

[3/21] 📰 Fetching for QCOM...

[4/21] 📰 Fetching for CRM...

[5/21] 📰 Fetching for ORCL...

[6/21] 📰 Fetching for META...

[7/21] 📰 Fetching for COIN...

[8/21] 📰 Fetching for TSM...

[9/21] 📰 Fetching for AMZN...

[10/21] 📰 Fetching for UBER...

[11/21] 📰 Fetching for AVGO...

[12/21] 📰 Fetching for GOOGL...

[13/21] 📰 Fetching for TSLA...

[14/21] 📰 Fetching for NVDA...

[15/21] 📰 Fetching for ADBE...

[16/21] 📰 Fetching for AAPL...

[17/21] 📰 Fetching for GOOG...

[18/21] 📰 Fetching for AMD...

[19/21] 📰 Fetching for TXN...

[20/21] 📰 Fetching for NFLX...

[21/21] 📰 Fetching for MU...

============================================================
✅ Batch fetch complete! Total synced: 7
============================================================
[2026-03-12 08:17:19] news batch done
[2026-03-12 08:17:41] news batch start
============================================================
🚀 News Batch Fetcher - 持倉+Watchlist 新聞抓取
   Time: 2026-03-12 08:17:41
   Limit: 3 articles per symbol
   Dry run: False
============================================================
[WARN] Failed to get positions: 502
📋 Found 21 watchlist from DB (stocks table)

🎯 Total unique symbols to fetch: 21

📋 Symbols: COIN, ORCL, MSTR, META, TSLA, AVGO, QCOM, GOOG, CRM, NVDA...

[1/21] 📰 Fetching for COIN...

[2/21] 📰 Fetching for ORCL...

[3/21] 📰 Fetching for MSTR...

[4/21] 📰 Fetching for META...

[5/21] 📰 Fetching for TSLA...

[6/21] 📰 Fetching for AVGO...

[7/21] 📰 Fetching for QCOM...

[8/21] 📰 Fetching for GOOG...

[9/21] 📰 Fetching for CRM...

[10/21] 📰 Fetching for NVDA...

[11/21] 📰 Fetching for NFLX...

[12/21] 📰 Fetching for AAPL...

[13/21] 📰 Fetching for TSM...

[14/21] 📰 Fetching for AMZN...

[15/21] 📰 Fetching for GOOGL...

[16/21] 📰 Fetching for MSFT...

[17/21] 📰 Fetching for UBER...

[18/21] 📰 Fetching for MU...

[19/21] 📰 Fetching for TXN...

[20/21] 📰 Fetching for ADBE...

[21/21] 📰 Fetching for AMD...

============================================================
✅ Batch fetch complete! Total synced: 2
============================================================
[2026-03-12 08:18:29] news batch done
[2026-03-12 09:15:01] news batch start
Traceback (most recent call last):
  File "/Users/alita/.openclaw/workspace/codes/TradeMaster_v2/scripts/fetch_news_batch.py", line 20, in <module>
    import requests
ModuleNotFoundError: No module named 'requests'
[2026-03-12 09:16:57] news batch start
============================================================
🚀 News Batch Fetcher - 持倉+Watchlist 新聞抓取
   Time: 2026-03-12 09:16:57
   Limit: 3 articles per symbol
   Dry run: False
============================================================
[WARN] Failed to get positions: 502
📋 Found 21 watchlist from DB (stocks table)

🎯 Total unique symbols to fetch: 21

📋 Symbols: AVGO, ORCL, TSM, NVDA, QCOM, META, MU, AMZN, GOOGL, ADBE...

[1/21] 📰 Fetching for AVGO...

[2/21] 📰 Fetching for ORCL...

[3/21] 📰 Fetching for TSM...

[4/21] 📰 Fetching for NVDA...

[5/21] 📰 Fetching for QCOM...

[6/21] 📰 Fetching for META...

[7/21] 📰 Fetching for MU...

[8/21] 📰 Fetching for AMZN...

[9/21] 📰 Fetching for GOOGL...

[10/21] 📰 Fetching for ADBE...

[11/21] 📰 Fetching for UBER...

[12/21] 📰 Fetching for TSLA...

[13/21] 📰 Fetching for CRM...

[14/21] 📰 Fetching for MSTR...

[15/21] 📰 Fetching for COIN...

[16/21] 📰 Fetching for AAPL...

[17/21] 📰 Fetching for AMD...

[18/21] 📰 Fetching for MSFT...

[19/21] 📰 Fetching for NFLX...

[20/21] 📰 Fetching for TXN...

[21/21] 📰 Fetching for GOOG...

============================================================
✅ Batch fetch complete! Total synced: 17
============================================================
[2026-03-12 09:17:51] news batch done
[2026-03-12 10:15:00] news batch start
Traceback (most recent call last):
  File "/Users/alita/.openclaw/workspace/codes/TradeMaster_v2/scripts/fetch_news_batch.py", line 20, in <module>
    import requests
ModuleNotFoundError: No module named 'requests'
[2026-03-12 10:15:59] news batch start
============================================================
🚀 News Batch Fetcher - 持倉+Watchlist 新聞抓取
   Time: 2026-03-12 10:15:59
   Limit: 3 articles per symbol
   Dry run: False
============================================================
[WARN] Failed to get positions: 502
📋 Found 21 watchlist from DB (stocks table)

🎯 Total unique symbols to fetch: 21

📋 Symbols: AMD, AVGO, GOOG, QCOM, GOOGL, MU, AAPL, TSLA, NFLX, NVDA...

[1/21] 📰 Fetching for AMD...

[2/21] 📰 Fetching for AVGO...

[3/21] 📰 Fetching for GOOG...

[4/21] 📰 Fetching for QCOM...

[5/21] 📰 Fetching for GOOGL...

[6/21] 📰 Fetching for MU...

[7/21] 📰 Fetching for AAPL...

[8/21] 📰 Fetching for TSLA...

[9/21] 📰 Fetching for NFLX...

[10/21] 📰 Fetching for NVDA...

[11/21] 📰 Fetching for AMZN...

[12/21] 📰 Fetching for MSTR...

[13/21] 📰 Fetching for CRM...

[14/21] 📰 Fetching for UBER...

[15/21] 📰 Fetching for ORCL...

[16/21] 📰 Fetching for META...

[17/21] 📰 Fetching for TSM...

[18/21] 📰 Fetching for MSFT...

[19/21] 📰 Fetching for COIN...

[20/21] 📰 Fetching for TXN...

[21/21] 📰 Fetching for ADBE...

============================================================
✅ Batch fetch complete! Total synced: 10
============================================================
[2026-03-12 10:16:52] news batch done
[2026-03-12 11:15:00] news batch start
Traceback (most recent call last):
  File "/Users/alita/.openclaw/workspace/codes/TradeMaster_v2/scripts/fetch_news_batch.py", line 20, in <module>
    import requests
ModuleNotFoundError: No module named 'requests'
[2026-03-12 11:16:28] news batch start
============================================================
🚀 News Batch Fetcher - 持倉+Watchlist 新聞抓取
   Time: 2026-03-12 11:16:28
   Limit: 3 articles per symbol
   Dry run: False
============================================================
[WARN] Failed to get positions: 502
📋 Found 21 watchlist from DB (stocks table)

🎯 Total unique symbols to fetch: 21

📋 Symbols: AAPL, AVGO, MU, MSFT, COIN, TSLA, NFLX, GOOGL, MSTR, NVDA...

[1/21] 📰 Fetching for AAPL...

[2/21] 📰 Fetching for AVGO...

[3/21] 📰 Fetching for MU...

[4/21] 📰 Fetching for MSFT...

[5/21] 📰 Fetching for COIN...

[6/21] 📰 Fetching for TSLA...

[7/21] 📰 Fetching for NFLX...

[8/21] 📰 Fetching for GOOGL...

[9/21] 📰 Fetching for MSTR...

[10/21] 📰 Fetching for NVDA...

[11/21] 📰 Fetching for ORCL...

[12/21] 📰 Fetching for AMZN...

[13/21] 📰 Fetching for META...

[14/21] 📰 Fetching for AMD...

[15/21] 📰 Fetching for CRM...

[16/21] 📰 Fetching for TXN...

[17/21] 📰 Fetching for ADBE...

[18/21] 📰 Fetching for UBER...

[19/21] 📰 Fetching for QCOM...

[20/21] 📰 Fetching for TSM...

[21/21] 📰 Fetching for GOOG...

============================================================
✅ Batch fetch complete! Total synced: 6
============================================================
[2026-03-12 11:17:14] news batch done
[2026-03-12 11:17:22] news batch start
============================================================
🚀 News Batch Fetcher - 持倉+Watchlist 新聞抓取
   Time: 2026-03-12 11:17:23
   Limit: 3 articles per symbol
   Dry run: False
============================================================
[WARN] Failed to get positions: 502
📋 Found 21 watchlist from DB (stocks table)

🎯 Total unique symbols to fetch: 21

📋 Symbols: GOOG, NVDA, TSLA, ADBE, GOOGL, COIN, AMD, TXN, CRM, NFLX...

[1/21] 📰 Fetching for GOOG...

[2/21] 📰 Fetching for NVDA...

[3/21] 📰 Fetching for TSLA...

[4/21] 📰 Fetching for ADBE...

[5/21] 📰 Fetching for GOOGL...

[6/21] 📰 Fetching for COIN...

[7/21] 📰 Fetching for AMD...

[8/21] 📰 Fetching for TXN...

[9/21] 📰 Fetching for CRM...

[10/21] 📰 Fetching for NFLX...

[11/21] 📰 Fetching for AVGO...

[12/21] 📰 Fetching for META...

[13/21] 📰 Fetching for MSTR...

[14/21] 📰 Fetching for AAPL...

[15/21] 📰 Fetching for MSFT...

[16/21] 📰 Fetching for TSM...

[17/21] 📰 Fetching for QCOM...

[18/21] 📰 Fetching for AMZN...

[19/21] 📰 Fetching for ORCL...

[20/21] 📰 Fetching for UBER...

[21/21] 📰 Fetching for MU...

============================================================
✅ Batch fetch complete! Total synced: 0
============================================================
[2026-03-12 11:18:04] news batch done
[2026-03-12 12:15:01] news batch start
Traceback (most recent call last):
  File "/Users/alita/.openclaw/workspace/codes/TradeMaster_v2/scripts/fetch_news_batch.py", line 20, in <module>
    import requests
ModuleNotFoundError: No module named 'requests'
[2026-03-12 13:15:00] news batch start
Traceback (most recent call last):
  File "/Users/alita/.openclaw/workspace/codes/TradeMaster_v2/scripts/fetch_news_batch.py", line 20, in <module>
    import requests
ModuleNotFoundError: No module named 'requests'
[2026-03-12 13:16:35] news batch start
============================================================
🚀 News Batch Fetcher - 持倉+Watchlist 新聞抓取
   Time: 2026-03-12 13:16:35
   Limit: 3 articles per symbol
   Dry run: False
============================================================
[WARN] Failed to get positions: 502
📋 Found 21 watchlist from DB (stocks table)

🎯 Total unique symbols to fetch: 21

📋 Symbols: MSFT, ADBE, ORCL, GOOG, AMZN, AVGO, QCOM, AAPL, TSM, GOOGL...

[1/21] 📰 Fetching for MSFT...

[2/21] 📰 Fetching for ADBE...

[3/21] 📰 Fetching for ORCL...

[4/21] 📰 Fetching for GOOG...

[5/21] 📰 Fetching for AMZN...

[6/21] 📰 Fetching for AVGO...

[7/21] 📰 Fetching for QCOM...

[8/21] 📰 Fetching for AAPL...

[9/21] 📰 Fetching for TSM...

[10/21] 📰 Fetching for GOOGL...

[11/21] 📰 Fetching for CRM...

[12/21] 📰 Fetching for MU...

[13/21] 📰 Fetching for MSTR...

[14/21] 📰 Fetching for NVDA...

[15/21] 📰 Fetching for COIN...

[16/21] 📰 Fetching for TSLA...

[17/21] 📰 Fetching for UBER...

[18/21] 📰 Fetching for META...

[19/21] 📰 Fetching for AMD...

[20/21] 📰 Fetching for TXN...

[21/21] 📰 Fetching for NFLX...

============================================================
✅ Batch fetch complete! Total synced: 13
============================================================
[2026-03-12 13:17:26] news batch done
[2026-03-12 14:15:00] news batch start
Traceback (most recent call last):
  File "/Users/alita/.openclaw/workspace/codes/TradeMaster_v2/scripts/fetch_news_batch.py", line 20, in <module>
    import requests
ModuleNotFoundError: No module named 'requests'
[2026-03-12 14:17:12] news batch start
============================================================
🚀 News Batch Fetcher - 持倉+Watchlist 新聞抓取
   Time: 2026-03-12 14:17:12
   Limit: 3 articles per symbol
   Dry run: False
============================================================
[WARN] Failed to get positions: 502
📋 Found 21 watchlist from DB (stocks table)

🎯 Total unique symbols to fetch: 21

📋 Symbols: TXN, NVDA, ORCL, AMZN, GOOG, MSFT, GOOGL, NFLX, TSLA, AVGO...

[1/21] 📰 Fetching for TXN...

[2/21] 📰 Fetching for NVDA...

[3/21] 📰 Fetching for ORCL...

[4/21] 📰 Fetching for AMZN...

[5/21] 📰 Fetching for GOOG...

[6/21] 📰 Fetching for MSFT...

[7/21] 📰 Fetching for GOOGL...

[8/21] 📰 Fetching for NFLX...

[9/21] 📰 Fetching for TSLA...

[10/21] 📰 Fetching for AVGO...

[11/21] 📰 Fetching for TSM...

[12/21] 📰 Fetching for META...

[13/21] 📰 Fetching for QCOM...

[14/21] 📰 Fetching for COIN...

[15/21] 📰 Fetching for MU...

[16/21] 📰 Fetching for ADBE...

[17/21] 📰 Fetching for MSTR...

[18/21] 📰 Fetching for UBER...

[19/21] 📰 Fetching for AAPL...

[20/21] 📰 Fetching for AMD...

[21/21] 📰 Fetching for CRM...

============================================================
✅ Batch fetch complete! Total synced: 12
============================================================
[2026-03-12 14:18:14] news batch done
[2026-03-12 15:15:00] news batch start
Traceback (most recent call last):
  File "/Users/alita/.openclaw/workspace/codes/TradeMaster_v2/scripts/fetch_news_batch.py", line 20, in <module>
    import requests
ModuleNotFoundError: No module named 'requests'
[2026-03-12 15:16:14] news batch start
============================================================
🚀 News Batch Fetcher - 持倉+Watchlist 新聞抓取
   Time: 2026-03-12 15:16:14
   Limit: 3 articles per symbol
   Dry run: False
============================================================
[WARN] Failed to get positions: 502
📋 Found 21 watchlist from DB (stocks table)

🎯 Total unique symbols to fetch: 21

📋 Symbols: CRM, MU, NFLX, QCOM, META, AAPL, GOOG, ORCL, MSFT, ADBE...

[1/21] 📰 Fetching for CRM...

[2/21] 📰 Fetching for MU...

[3/21] 📰 Fetching for NFLX...

[4/21] 📰 Fetching for QCOM...

[5/21] 📰 Fetching for META...

[6/21] 📰 Fetching for AAPL...

[7/21] 📰 Fetching for GOOG...

[8/21] 📰 Fetching for ORCL...

[9/21] 📰 Fetching for MSFT...

[10/21] 📰 Fetching for ADBE...

[11/21] 📰 Fetching for AMZN...

[12/21] 📰 Fetching for UBER...

[13/21] 📰 Fetching for GOOGL...

[14/21] 📰 Fetching for AVGO...

[15/21] 📰 Fetching for NVDA...

[16/21] 📰 Fetching for TSLA...

[17/21] 📰 Fetching for COIN...

[18/21] 📰 Fetching for MSTR...

[19/21] 📰 Fetching for TSM...

[20/21] 📰 Fetching for AMD...

[21/21] 📰 Fetching for TXN...

============================================================
✅ Batch fetch complete! Total synced: 7
============================================================
[2026-03-12 15:17:03] news batch done
[2026-03-12 15:17:18] news batch start
============================================================
🚀 News Batch Fetcher - 持倉+Watchlist 新聞抓取
   Time: 2026-03-12 15:17:18
   Limit: 3 articles per symbol
   Dry run: False
============================================================
[WARN] Failed to get positions: 502
📋 Found 21 watchlist from DB (stocks table)

🎯 Total unique symbols to fetch: 21

📋 Symbols: NVDA, AMD, TSM, GOOGL, ORCL, UBER, AAPL, TXN, CRM, GOOG...

[1/21] 📰 Fetching for NVDA...

[2/21] 📰 Fetching for AMD...

[3/21] 📰 Fetching for TSM...

[4/21] 📰 Fetching for GOOGL...

[5/21] 📰 Fetching for ORCL...

[6/21] 📰 Fetching for UBER...

[7/21] 📰 Fetching for AAPL...

[8/21] 📰 Fetching for TXN...

[9/21] 📰 Fetching for CRM...

[10/21] 📰 Fetching for GOOG...

[11/21] 📰 Fetching for AMZN...

[12/21] 📰 Fetching for TSLA...

[13/21] 📰 Fetching for COIN...

[14/21] 📰 Fetching for AVGO...

[15/21] 📰 Fetching for META...

[16/21] 📰 Fetching for MSFT...

[17/21] 📰 Fetching for MU...

[18/21] 📰 Fetching for QCOM...

[19/21] 📰 Fetching for MSTR...

[20/21] 📰 Fetching for NFLX...

[21/21] 📰 Fetching for ADBE...

============================================================
✅ Batch fetch complete! Total synced: 0
============================================================
[2026-03-12 15:17:57] news batch done
[2026-03-12 16:15:01] news batch start
Traceback (most recent call last):
  File "/Users/alita/.openclaw/workspace/codes/TradeMaster_v2/scripts/fetch_news_batch.py", line 20, in <module>
    import requests
ModuleNotFoundError: No module named 'requests'
[2026-03-12 16:16:29] news batch start
============================================================
🚀 News Batch Fetcher - 持倉+Watchlist 新聞抓取
   Time: 2026-03-12 16:16:29
   Limit: 3 articles per symbol
   Dry run: False
============================================================
[WARN] Failed to get positions: 502
📋 Found 21 watchlist from DB (stocks table)

🎯 Total unique symbols to fetch: 21

📋 Symbols: GOOGL, ORCL, NFLX, AMZN, QCOM, AMD, TXN, ADBE, GOOG, TSLA...

[1/21] 📰 Fetching for GOOGL...

[2/21] 📰 Fetching for ORCL...

[3/21] 📰 Fetching for NFLX...

[4/21] 📰 Fetching for AMZN...

[5/21] 📰 Fetching for QCOM...

[6/21] 📰 Fetching for AMD...

[7/21] 📰 Fetching for TXN...

[8/21] 📰 Fetching for ADBE...

[9/21] 📰 Fetching for GOOG...

[10/21] 📰 Fetching for TSLA...

[11/21] 📰 Fetching for TSM...

[12/21] 📰 Fetching for MSTR...

[13/21] 📰 Fetching for MU...

[14/21] 📰 Fetching for COIN...

[15/21] 📰 Fetching for CRM...

[16/21] 📰 Fetching for AAPL...

[17/21] 📰 Fetching for META...

[18/21] 📰 Fetching for NVDA...

[19/21] 📰 Fetching for AVGO...

[20/21] 📰 Fetching for MSFT...

[21/21] 📰 Fetching for UBER...

============================================================
✅ Batch fetch complete! Total synced: 16
============================================================
[2026-03-12 16:17:21] news batch done
[2026-03-12 16:17:33] news batch start
============================================================
🚀 News Batch Fetcher - 持倉+Watchlist 新聞抓取
   Time: 2026-03-12 16:17:33
   Limit: 3 articles per symbol
   Dry run: False
============================================================
[WARN] Failed to get positions: 502
📋 Found 21 watchlist from DB (stocks table)

🎯 Total unique symbols to fetch: 21

📋 Symbols: TSLA, MU, COIN, NFLX, MSTR, ADBE, TSM, GOOGL, QCOM, NVDA...

[1/21] 📰 Fetching for TSLA...

[2/21] 📰 Fetching for MU...

[3/21] 📰 Fetching for COIN...

[4/21] 📰 Fetching for NFLX...

[5/21] 📰 Fetching for MSTR...

[6/21] 📰 Fetching for ADBE...

[7/21] 📰 Fetching for TSM...

[8/21] 📰 Fetching for GOOGL...

[9/21] 📰 Fetching for QCOM...

[10/21] 📰 Fetching for NVDA...

[11/21] 📰 Fetching for META...

[12/21] 📰 Fetching for GOOG...

[13/21] 📰 Fetching for ORCL...

[14/21] 📰 Fetching for CRM...

[15/21] 📰 Fetching for AMD...

[16/21] 📰 Fetching for MSFT...

[17/21] 📰 Fetching for TXN...

[18/21] 📰 Fetching for AMZN...

[19/21] 📰 Fetching for UBER...

[20/21] 📰 Fetching for AVGO...

[21/21] 📰 Fetching for AAPL...

============================================================
✅ Batch fetch complete! Total synced: 0
============================================================
[2026-03-12 16:18:16] news batch done
[2026-03-12 17:15:00] news batch start
Traceback (most recent call last):
  File "/Users/alita/.openclaw/workspace/codes/TradeMaster_v2/scripts/fetch_news_batch.py", line 20, in <module>
    import requests
ModuleNotFoundError: No module named 'requests'
[2026-03-12 17:16:27] news batch start
============================================================
🚀 News Batch Fetcher - 持倉+Watchlist 新聞抓取
   Time: 2026-03-12 17:16:28
   Limit: 3 articles per symbol
   Dry run: False
============================================================
[WARN] Failed to get positions: 502
📋 Found 21 watchlist from DB (stocks table)

🎯 Total unique symbols to fetch: 21

📋 Symbols: UBER, AMD, NFLX, CRM, TXN, ADBE, COIN, NVDA, AAPL, TSLA...

[1/21] 📰 Fetching for UBER...

[2/21] 📰 Fetching for AMD...

[3/21] 📰 Fetching for NFLX...

[4/21] 📰 Fetching for CRM...

[5/21] 📰 Fetching for TXN...

[6/21] 📰 Fetching for ADBE...

[7/21] 📰 Fetching for COIN...

[8/21] 📰 Fetching for NVDA...

[9/21] 📰 Fetching for AAPL...

[10/21] 📰 Fetching for TSLA...

[11/21] 📰 Fetching for MSFT...

[12/21] 📰 Fetching for META...

[13/21] 📰 Fetching for AMZN...

[14/21] 📰 Fetching for GOOGL...

[15/21] 📰 Fetching for MSTR...

[16/21] 📰 Fetching for QCOM...

[17/21] 📰 Fetching for TSM...

[18/21] 📰 Fetching for MU...

[19/21] 📰 Fetching for AVGO...

[20/21] 📰 Fetching for ORCL...

[21/21] 📰 Fetching for GOOG...

============================================================
✅ Batch fetch complete! Total synced: 6
============================================================
[2026-03-12 17:17:19] news batch done
[2026-03-12 18:15:00] news batch start
Traceback (most recent call last):
  File "/Users/alita/.openclaw/workspace/codes/TradeMaster_v2/scripts/fetch_news_batch.py", line 20, in <module>
    import requests
ModuleNotFoundError: No module named 'requests'
[2026-03-12 18:16:31] news batch start
============================================================
🚀 News Batch Fetcher - 持倉+Watchlist 新聞抓取
   Time: 2026-03-12 18:16:31
   Limit: 3 articles per symbol
   Dry run: False
============================================================
[WARN] Failed to get positions: 502
📋 Found 21 watchlist from DB (stocks table)

🎯 Total unique symbols to fetch: 21

📋 Symbols: TSLA, UBER, META, AVGO, ADBE, MSFT, NVDA, AMZN, GOOG, MSTR...

[1/21] 📰 Fetching for TSLA...

[2/21] 📰 Fetching for UBER...

[3/21] 📰 Fetching for META...

[4/21] 📰 Fetching for AVGO...

[5/21] 📰 Fetching for ADBE...

[6/21] 📰 Fetching for MSFT...

[7/21] 📰 Fetching for NVDA...

[8/21] 📰 Fetching for AMZN...

[9/21] 📰 Fetching for GOOG...

[10/21] 📰 Fetching for MSTR...

[11/21] 📰 Fetching for QCOM...

[12/21] 📰 Fetching for COIN...

[13/21] 📰 Fetching for MU...

[14/21] 📰 Fetching for CRM...

[15/21] 📰 Fetching for ORCL...

[16/21] 📰 Fetching for NFLX...

[17/21] 📰 Fetching for TXN...

[18/21] 📰 Fetching for AAPL...

[19/21] 📰 Fetching for GOOGL...

[20/21] 📰 Fetching for AMD...

[21/21] 📰 Fetching for TSM...

============================================================
✅ Batch fetch complete! Total synced: 11
============================================================
[2026-03-12 18:17:35] news batch done
[2026-03-12 19:15:00] news batch start
Traceback (most recent call last):
  File "/Users/alita/.openclaw/workspace/codes/TradeMaster_v2/scripts/fetch_news_batch.py", line 20, in <module>
    import requests
ModuleNotFoundError: No module named 'requests'
[2026-03-12 19:16:27] news batch start
============================================================
🚀 News Batch Fetcher - 持倉+Watchlist 新聞抓取
   Time: 2026-03-12 19:16:27
   Limit: 3 articles per symbol
   Dry run: False
============================================================
[WARN] Failed to get positions: 502
📋 Found 21 watchlist from DB (stocks table)

🎯 Total unique symbols to fetch: 21

📋 Symbols: GOOGL, AMZN, NFLX, TSLA, CRM, MSFT, MU, META, GOOG, UBER...

[1/21] 📰 Fetching for GOOGL...

[2/21] 📰 Fetching for AMZN...

[3/21] 📰 Fetching for NFLX...

[4/21] 📰 Fetching for TSLA...

[5/21] 📰 Fetching for CRM...

[6/21] 📰 Fetching for MSFT...

[7/21] 📰 Fetching for MU...

[8/21] 📰 Fetching for META...

[9/21] 📰 Fetching for GOOG...

[10/21] 📰 Fetching for UBER...

[11/21] 📰 Fetching for COIN...

[12/21] 📰 Fetching for AVGO...

[13/21] 📰 Fetching for NVDA...

[14/21] 📰 Fetching for TSM...

[15/21] 📰 Fetching for AMD...

[16/21] 📰 Fetching for TXN...

[17/21] 📰 Fetching for ADBE...

[18/21] 📰 Fetching for QCOM...

[19/21] 📰 Fetching for AAPL...

[20/21] 📰 Fetching for ORCL...

[21/21] 📰 Fetching for MSTR...

============================================================
✅ Batch fetch complete! Total synced: 14
============================================================
[2026-03-12 19:17:16] news batch done
[2026-03-12 20:15:00] news batch start
Traceback (most recent call last):
  File "/Users/alita/.openclaw/workspace/codes/TradeMaster_v2/scripts/fetch_news_batch.py", line 20, in <module>
    import requests
ModuleNotFoundError: No module named 'requests'
[2026-03-12 21:15:00] news batch start
Traceback (most recent call last):
  File "/Users/alita/.openclaw/workspace/codes/TradeMaster_v2/scripts/fetch_news_batch.py", line 20, in <module>
    import requests
ModuleNotFoundError: No module named 'requests'
[2026-03-12 21:23:13] news batch start
============================================================
🚀 News Batch Fetcher - 持倉+Watchlist 新聞抓取
   Time: 2026-03-12 21:23:14
   Limit: 3 articles per symbol
   Dry run: False
============================================================
[WARN] Failed to get positions: 502
📋 Found 21 watchlist from DB (stocks table)

🎯 Total unique symbols to fetch: 21

📋 Symbols: AVGO, AMD, MSTR, MSFT, NFLX, META, QCOM, ADBE, CRM, TSM...

[1/21] 📰 Fetching for AVGO...

[2/21] 📰 Fetching for AMD...

[3/21] 📰 Fetching for MSTR...

[4/21] 📰 Fetching for MSFT...

[5/21] 📰 Fetching for NFLX...

[6/21] 📰 Fetching for META...

[7/21] 📰 Fetching for QCOM...

[8/21] 📰 Fetching for ADBE...

[9/21] 📰 Fetching for CRM...

[10/21] 📰 Fetching for TSM...

[11/21] 📰 Fetching for GOOGL...

[12/21] 📰 Fetching for NVDA...

[13/21] 📰 Fetching for AAPL...

[14/21] 📰 Fetching for GOOG...

[15/21] 📰 Fetching for ORCL...

[16/21] 📰 Fetching for UBER...

[17/21] 📰 Fetching for AMZN...

[18/21] 📰 Fetching for TXN...

[19/21] 📰 Fetching for MU...

[20/21] 📰 Fetching for TSLA...

[21/21] 📰 Fetching for COIN...

============================================================
✅ Batch fetch complete! Total synced: 19
============================================================
[2026-03-12 21:24:02] news batch done
[2026-03-12 21:24:13] news batch start
============================================================
🚀 News Batch Fetcher - 持倉+Watchlist 新聞抓取
   Time: 2026-03-12 21:24:13
   Limit: 3 articles per symbol
   Dry run: False
============================================================
[WARN] Failed to get positions: 502
📋 Found 21 watchlist from DB (stocks table)

🎯 Total unique symbols to fetch: 21

📋 Symbols: QCOM, UBER, AVGO, TXN, NVDA, AAPL, CRM, NFLX, TSLA, ORCL...

[1/21] 📰 Fetching for QCOM...

[2/21] 📰 Fetching for UBER...

[3/21] 📰 Fetching for AVGO...

[4/21] 📰 Fetching for TXN...

[5/21] 📰 Fetching for NVDA...

[6/21] 📰 Fetching for AAPL...

[7/21] 📰 Fetching for CRM...

[8/21] 📰 Fetching for NFLX...

[9/21] 📰 Fetching for TSLA...

[10/21] 📰 Fetching for ORCL...

[11/21] 📰 Fetching for TSM...

[12/21] 📰 Fetching for GOOG...

[13/21] 📰 Fetching for MSFT...

[14/21] 📰 Fetching for GOOGL...

[15/21] 📰 Fetching for COIN...

[16/21] 📰 Fetching for AMZN...

[17/21] 📰 Fetching for ADBE...

[18/21] 📰 Fetching for MU...

[19/21] 📰 Fetching for MSTR...

[20/21] 📰 Fetching for AMD...

[21/21] 📰 Fetching for META...

============================================================
✅ Batch fetch complete! Total synced: 0
============================================================
[2026-03-12 21:24:50] news batch done
[2026-03-12 22:15:00] news batch start
Traceback (most recent call last):
  File "/Users/alita/.openclaw/workspace/codes/TradeMaster_v2/scripts/fetch_news_batch.py", line 20, in <module>
    import requests
ModuleNotFoundError: No module named 'requests'
[2026-03-12 22:19:17] news batch start
============================================================
🚀 News Batch Fetcher - 持倉+Watchlist 新聞抓取
   Time: 2026-03-12 22:19:17
   Limit: 3 articles per symbol
   Dry run: False
============================================================
[WARN] Failed to get positions: 502
📋 Found 21 watchlist from DB (stocks table)

🎯 Total unique symbols to fetch: 21

📋 Symbols: AMZN, CRM, TSLA, MU, ORCL, MSFT, AAPL, AMD, GOOGL, NFLX...

[1/21] 📰 Fetching for AMZN...

[2/21] 📰 Fetching for CRM...

[3/21] 📰 Fetching for TSLA...

[4/21] 📰 Fetching for MU...

[5/21] 📰 Fetching for ORCL...

[6/21] 📰 Fetching for MSFT...

[7/21] 📰 Fetching for AAPL...

[8/21] 📰 Fetching for AMD...

[9/21] 📰 Fetching for GOOGL...

[10/21] 📰 Fetching for NFLX...

[11/21] 📰 Fetching for TSM...

[12/21] 📰 Fetching for ADBE...

[13/21] 📰 Fetching for META...

[14/21] 📰 Fetching for QCOM...

[15/21] 📰 Fetching for COIN...

[16/21] 📰 Fetching for UBER...

[17/21] 📰 Fetching for MSTR...

[18/21] 📰 Fetching for AVGO...

[19/21] 📰 Fetching for TXN...

[20/21] 📰 Fetching for NVDA...

[21/21] 📰 Fetching for GOOG...

============================================================
✅ Batch fetch complete! Total synced: 13
============================================================
[2026-03-12 22:20:06] news batch done
[2026-03-12 23:15:01] news batch start
============================================================
🚀 News Batch Fetcher - 持倉+Watchlist 新聞抓取
   Time: 2026-03-12 23:15:01
   Limit: 3 articles per symbol
   Dry run: False
============================================================
📊 Found 1 positions: ['TSLA']
📋 Found 21 watchlist from DB (stocks table)

🎯 Total unique symbols to fetch: 21

📋 Symbols: QCOM, META, NVDA, ADBE, UBER, TSM, MSFT, GOOGL, TSLA, MU...

[1/21] 📰 Fetching for QCOM...

[2/21] 📰 Fetching for META...

[3/21] 📰 Fetching for NVDA...

[4/21] 📰 Fetching for ADBE...

[5/21] 📰 Fetching for UBER...

[6/21] 📰 Fetching for TSM...

[7/21] 📰 Fetching for MSFT...

[8/21] 📰 Fetching for GOOGL...

[9/21] 📰 Fetching for TSLA...

[10/21] 📰 Fetching for MU...

[11/21] 📰 Fetching for TXN...

[12/21] 📰 Fetching for AAPL...

[13/21] 📰 Fetching for AMZN...

[14/21] 📰 Fetching for AVGO...

[15/21] 📰 Fetching for GOOG...

[16/21] 📰 Fetching for MSTR...

[17/21] 📰 Fetching for CRM...

[18/21] 📰 Fetching for NFLX...

[19/21] 📰 Fetching for AMD...

[20/21] 📰 Fetching for ORCL...

[21/21] 📰 Fetching for COIN...

============================================================
✅ Batch fetch complete! Total synced: 8
============================================================
[2026-03-12 23:15:50] news batch done
[2026-03-12 23:22:01] news batch start
============================================================
🚀 News Batch Fetcher - 持倉+Watchlist 新聞抓取
   Time: 2026-03-12 23:22:01
   Limit: 3 articles per symbol
   Dry run: False
============================================================
[WARN] Failed to get positions: 502
📋 Found 21 watchlist from DB (stocks table)

🎯 Total unique symbols to fetch: 21

📋 Symbols: AAPL, NVDA, QCOM, GOOGL, TSM, UBER, ADBE, MU, ORCL, AMD...

[1/21] 📰 Fetching for AAPL...

[2/21] 📰 Fetching for NVDA...

[3/21] 📰 Fetching for QCOM...

[4/21] 📰 Fetching for GOOGL...

[5/21] 📰 Fetching for TSM...

[6/21] 📰 Fetching for UBER...

[7/21] 📰 Fetching for ADBE...

[8/21] 📰 Fetching for MU...

[9/21] 📰 Fetching for ORCL...

[10/21] 📰 Fetching for AMD...

[11/21] 📰 Fetching for TSLA...

[12/21] 📰 Fetching for CRM...

[13/21] 📰 Fetching for AVGO...

[14/21] 📰 Fetching for MSTR...

[15/21] 📰 Fetching for MSFT...

[16/21] 📰 Fetching for GOOG...

[17/21] 📰 Fetching for TXN...

[18/21] 📰 Fetching for AMZN...

[19/21] 📰 Fetching for COIN...

[20/21] 📰 Fetching for META...

[21/21] 📰 Fetching for NFLX...

============================================================
✅ Batch fetch complete! Total synced: 3
============================================================
[2026-03-12 23:22:54] news batch done
[2026-03-12 23:26:55] news batch start
============================================================
🚀 News Batch Fetcher - 持倉+Watchlist 新聞抓取
   Time: 2026-03-12 23:26:55
   Limit: 3 articles per symbol
   Dry run: False
============================================================
[WARN] Failed to get positions: 502
📋 Found 21 watchlist from DB (stocks table)

🎯 Total unique symbols to fetch: 21

📋 Symbols: ADBE, TSM, GOOGL, MU, COIN, AAPL, META, AMD, NVDA, TXN...

[1/21] 📰 Fetching for ADBE...

[2/21] 📰 Fetching for TSM...

[3/21] 📰 Fetching for GOOGL...

[4/21] 📰 Fetching for MU...

[5/21] 📰 Fetching for COIN...

[6/21] 📰 Fetching for AAPL...

[7/21] 📰 Fetching for META...

[8/21] 📰 Fetching for AMD...

[9/21] 📰 Fetching for NVDA...

[10/21] 📰 Fetching for TXN...

[11/21] 📰 Fetching for UBER...

[12/21] 📰 Fetching for ORCL...

[13/21] 📰 Fetching for MSFT...

[14/21] 📰 Fetching for AMZN...

[15/21] 📰 Fetching for CRM...

[16/21] 📰 Fetching for TSLA...

[17/21] 📰 Fetching for MSTR...

[18/21] 📰 Fetching for NFLX...

[19/21] 📰 Fetching for GOOG...

[20/21] 📰 Fetching for QCOM...

[21/21] 📰 Fetching for AVGO...

============================================================
✅ Batch fetch complete! Total synced: 0
============================================================
[2026-03-12 23:27:51] news batch done
[2026-03-12 23:28:14] BLOCKED: OS crontab trigger rejected. Remove OS crontab entry: crontab -e
[2026-03-13 00:15:00] BLOCKED: OS crontab trigger rejected. Remove OS crontab entry: crontab -e
[2026-03-13 00:18:29] news batch start
============================================================
🚀 News Batch Fetcher - 持倉+Watchlist 新聞抓取
   Time: 2026-03-13 00:18:29
   Limit: 3 articles per symbol
   Dry run: False
============================================================
[WARN] Failed to get positions: 502
📋 Found 21 watchlist from DB (stocks table)

🎯 Total unique symbols to fetch: 21

📋 Symbols: MU, QCOM, TSM, CRM, ORCL, AMD, META, NFLX, MSTR, GOOGL...

[1/21] 📰 Fetching for MU...

[2/21] 📰 Fetching for QCOM...

[3/21] 📰 Fetching for TSM...

[4/21] 📰 Fetching for CRM...

[5/21] 📰 Fetching for ORCL...

[6/21] 📰 Fetching for AMD...

[7/21] 📰 Fetching for META...

[8/21] 📰 Fetching for NFLX...

[9/21] 📰 Fetching for MSTR...

[10/21] 📰 Fetching for GOOGL...

[11/21] 📰 Fetching for MSFT...

[12/21] 📰 Fetching for NVDA...

[13/21] 📰 Fetching for COIN...

[14/21] 📰 Fetching for TSLA...

[15/21] 📰 Fetching for AVGO...

[16/21] 📰 Fetching for AMZN...

[17/21] 📰 Fetching for TXN...

[18/21] 📰 Fetching for AAPL...

[19/21] 📰 Fetching for UBER...

[20/21] 📰 Fetching for ADBE...

[21/21] 📰 Fetching for GOOG...

============================================================
✅ Batch fetch complete! Total synced: 12
============================================================
[2026-03-13 00:19:21] news batch done
[2026-03-13 00:19:37] news batch start
============================================================
🚀 News Batch Fetcher - 持倉+Watchlist 新聞抓取
   Time: 2026-03-13 00:19:37
   Limit: 3 articles per symbol
   Dry run: False
============================================================
[WARN] Failed to get positions: 502
📋 Found 21 watchlist from DB (stocks table)

🎯 Total unique symbols to fetch: 21

📋 Symbols: MSFT, CRM, TSLA, GOOG, NFLX, UBER, COIN, ORCL, AMZN, MU...

[1/21] 📰 Fetching for MSFT...

[2/21] 📰 Fetching for CRM...

[3/21] 📰 Fetching for TSLA...

[4/21] 📰 Fetching for GOOG...

[5/21] 📰 Fetching for NFLX...

[6/21] 📰 Fetching for UBER...

[7/21] 📰 Fetching for COIN...

[8/21] 📰 Fetching for ORCL...

[9/21] 📰 Fetching for AMZN...

[10/21] 📰 Fetching for MU...

[11/21] 📰 Fetching for NVDA...

[12/21] 📰 Fetching for MSTR...

[13/21] 📰 Fetching for TSM...

[14/21] 📰 Fetching for QCOM...

[15/21] 📰 Fetching for AAPL...

[16/21] 📰 Fetching for ADBE...

[17/21] 📰 Fetching for META...

[18/21] 📰 Fetching for AVGO...

[19/21] 📰 Fetching for GOOGL...

[20/21] 📰 Fetching for TXN...

[21/21] 📰 Fetching for AMD...

============================================================
✅ Batch fetch complete! Total synced: 0
============================================================
[2026-03-13 00:20:20] news batch done
[2026-03-13 01:15:01] BLOCKED: OS crontab trigger rejected. Remove OS crontab entry: crontab -e
[2026-03-13 01:19:38] news batch start
============================================================
🚀 News Batch Fetcher - 持倉+Watchlist 新聞抓取
   Time: 2026-03-13 01:19:38
   Limit: 3 articles per symbol
   Dry run: False
============================================================
[WARN] Failed to get positions: 502
📋 Found 21 watchlist from DB (stocks table)

🎯 Total unique symbols to fetch: 21

📋 Symbols: AVGO, TXN, GOOGL, NVDA, MSTR, AAPL, AMZN, MU, CRM, COIN...

[1/21] 📰 Fetching for AVGO...

[2/21] 📰 Fetching for TXN...

[3/21] 📰 Fetching for GOOGL...

[4/21] 📰 Fetching for NVDA...

[5/21] 📰 Fetching for MSTR...

[6/21] 📰 Fetching for AAPL...

[7/21] 📰 Fetching for AMZN...

[8/21] 📰 Fetching for MU...

[9/21] 📰 Fetching for CRM...

[10/21] 📰 Fetching for COIN...

[11/21] 📰 Fetching for META...

[12/21] 📰 Fetching for QCOM...

[13/21] 📰 Fetching for UBER...

[14/21] 📰 Fetching for GOOG...

[15/21] 📰 Fetching for ORCL...

[16/21] 📰 Fetching for TSM...

[17/21] 📰 Fetching for NFLX...

[18/21] 📰 Fetching for MSFT...

[19/21] 📰 Fetching for AMD...

[20/21] 📰 Fetching for TSLA...

[21/21] 📰 Fetching for ADBE...

============================================================
✅ Batch fetch complete! Total synced: 9
============================================================
[2026-03-13 01:20:23] news batch done
[2026-03-13 02:15:00] BLOCKED: OS crontab trigger rejected. Remove OS crontab entry: crontab -e
[2026-03-13 02:24:15] news batch start
============================================================
🚀 News Batch Fetcher - 持倉+Watchlist 新聞抓取
   Time: 2026-03-13 02:24:15
   Limit: 3 articles per symbol
   Dry run: False
============================================================
[WARN] Failed to get positions: 502
📋 Found 21 watchlist from DB (stocks table)

🎯 Total unique symbols to fetch: 21

📋 Symbols: COIN, MSTR, AMZN, NFLX, MSFT, TSM, AAPL, TSLA, GOOGL, AMD...

[1/21] 📰 Fetching for COIN...

[2/21] 📰 Fetching for MSTR...

[3/21] 📰 Fetching for AMZN...

[4/21] 📰 Fetching for NFLX...

[5/21] 📰 Fetching for MSFT...

[6/21] 📰 Fetching for TSM...

[7/21] 📰 Fetching for AAPL...

[8/21] 📰 Fetching for TSLA...

[9/21] 📰 Fetching for GOOGL...

[10/21] 📰 Fetching for AMD...

[11/21] 📰 Fetching for QCOM...

[12/21] 📰 Fetching for AVGO...

[13/21] 📰 Fetching for GOOG...

[14/21] 📰 Fetching for MU...

[15/21] 📰 Fetching for UBER...

[16/21] 📰 Fetching for ORCL...

[17/21] 📰 Fetching for ADBE...

[18/21] 📰 Fetching for META...

[19/21] 📰 Fetching for TXN...

[20/21] 📰 Fetching for NVDA...

[21/21] 📰 Fetching for CRM...

============================================================
✅ Batch fetch complete! Total synced: 12
============================================================
[2026-03-13 02:25:01] news batch done
[2026-03-13 03:15:00] BLOCKED: OS crontab trigger rejected. Remove OS crontab entry: crontab -e
[2026-03-13 03:19:53] news batch start
============================================================
🚀 News Batch Fetcher - 持倉+Watchlist 新聞抓取
   Time: 2026-03-13 03:19:53
   Limit: 3 articles per symbol
   Dry run: False
============================================================
[WARN] Failed to get positions: 502
📋 Found 21 watchlist from DB (stocks table)

🎯 Total unique symbols to fetch: 21

📋 Symbols: CRM, MSFT, AMZN, META, ORCL, TSLA, ADBE, UBER, GOOGL, COIN...

[1/21] 📰 Fetching for CRM...

[2/21] 📰 Fetching for MSFT...

[3/21] 📰 Fetching for AMZN...

[4/21] 📰 Fetching for META...

[5/21] 📰 Fetching for ORCL...

[6/21] 📰 Fetching for TSLA...

[7/21] 📰 Fetching for ADBE...

[8/21] 📰 Fetching for UBER...

[9/21] 📰 Fetching for GOOGL...

[10/21] 📰 Fetching for COIN...

[11/21] 📰 Fetching for NFLX...

[12/21] 📰 Fetching for NVDA...

[13/21] 📰 Fetching for AAPL...

[14/21] 📰 Fetching for QCOM...

[15/21] 📰 Fetching for GOOG...

[16/21] 📰 Fetching for TXN...

[17/21] 📰 Fetching for MU...

[18/21] 📰 Fetching for AVGO...

[19/21] 📰 Fetching for MSTR...

[20/21] 📰 Fetching for TSM...

[21/21] 📰 Fetching for AMD...

============================================================
✅ Batch fetch complete! Total synced: 13
============================================================
[2026-03-13 03:20:37] news batch done
[2026-03-13 04:15:00] BLOCKED: OS crontab trigger rejected. Remove OS crontab entry: crontab -e
[2026-03-13 04:23:17] news batch start
============================================================
🚀 News Batch Fetcher - 持倉+Watchlist 新聞抓取
   Time: 2026-03-13 04:23:17
   Limit: 3 articles per symbol
   Dry run: False
============================================================
[WARN] Failed to get positions: 502
📋 Found 21 watchlist from DB (stocks table)

🎯 Total unique symbols to fetch: 21

📋 Symbols: ADBE, GOOGL, MSFT, NVDA, NFLX, ORCL, QCOM, META, MU, TSLA...

[1/21] 📰 Fetching for ADBE...

[2/21] 📰 Fetching for GOOGL...

[3/21] 📰 Fetching for MSFT...

[4/21] 📰 Fetching for NVDA...

[5/21] 📰 Fetching for NFLX...

[6/21] 📰 Fetching for ORCL...

[7/21] 📰 Fetching for QCOM...

[8/21] 📰 Fetching for META...

[9/21] 📰 Fetching for MU...

[10/21] 📰 Fetching for TSLA...

[11/21] 📰 Fetching for AAPL...

[12/21] 📰 Fetching for AMD...

[13/21] 📰 Fetching for AVGO...

[14/21] 📰 Fetching for MSTR...

[15/21] 📰 Fetching for TXN...

[16/21] 📰 Fetching for AMZN...

[17/21] 📰 Fetching for CRM...

[18/21] 📰 Fetching for UBER...

[19/21] 📰 Fetching for COIN...

[20/21] 📰 Fetching for GOOG...

[21/21] 📰 Fetching for TSM...

============================================================
✅ Batch fetch complete! Total synced: 21
============================================================
[2026-03-13 04:24:01] news batch done
[2026-03-13 04:24:07] news batch start
============================================================
🚀 News Batch Fetcher - 持倉+Watchlist 新聞抓取
   Time: 2026-03-13 04:24:07
   Limit: 3 articles per symbol
   Dry run: False
============================================================
[WARN] Failed to get positions: 502
📋 Found 21 watchlist from DB (stocks table)

🎯 Total unique symbols to fetch: 21

📋 Symbols: MSTR, AMZN, AMD, GOOGL, COIN, QCOM, NVDA, AVGO, UBER, TSM...

[1/21] 📰 Fetching for MSTR...

[2/21] 📰 Fetching for AMZN...

[3/21] 📰 Fetching for AMD...

[4/21] 📰 Fetching for GOOGL...

[5/21] 📰 Fetching for COIN...

[6/21] 📰 Fetching for QCOM...

[7/21] 📰 Fetching for NVDA...

[8/21] 📰 Fetching for AVGO...

[9/21] 📰 Fetching for UBER...

[10/21] 📰 Fetching for TSM...

[11/21] 📰 Fetching for MSFT...

[12/21] 📰 Fetching for CRM...

[13/21] 📰 Fetching for ORCL...

[14/21] 📰 Fetching for MU...

[15/21] 📰 Fetching for ADBE...

[16/21] 📰 Fetching for NFLX...

[17/21] 📰 Fetching for AAPL...

[18/21] 📰 Fetching for GOOG...

[19/21] 📰 Fetching for META...

[20/21] 📰 Fetching for TXN...

[21/21] 📰 Fetching for TSLA...

============================================================
✅ Batch fetch complete! Total synced: 0
============================================================
[2026-03-13 04:24:44] news batch done
[2026-03-13 05:15:00] BLOCKED: OS crontab trigger rejected. Remove OS crontab entry: crontab -e
[2026-03-13 05:21:56] news batch start
============================================================
🚀 News Batch Fetcher - 持倉+Watchlist 新聞抓取
   Time: 2026-03-13 05:21:56
   Limit: 3 articles per symbol
   Dry run: False
============================================================
[WARN] Failed to get positions: 502
📋 Found 21 watchlist from DB (stocks table)

🎯 Total unique symbols to fetch: 21

📋 Symbols: NFLX, COIN, ADBE, MU, UBER, ORCL, GOOGL, MSFT, MSTR, QCOM...

[1/21] 📰 Fetching for NFLX...

[2/21] 📰 Fetching for COIN...

[3/21] 📰 Fetching for ADBE...

[4/21] 📰 Fetching for MU...

[5/21] 📰 Fetching for UBER...

[6/21] 📰 Fetching for ORCL...

[7/21] 📰 Fetching for GOOGL...

[8/21] 📰 Fetching for MSFT...

[9/21] 📰 Fetching for MSTR...

[10/21] 📰 Fetching for QCOM...

[11/21] 📰 Fetching for AMD...

[12/21] 📰 Fetching for TXN...

[13/21] 📰 Fetching for AVGO...

[14/21] 📰 Fetching for AMZN...

[15/21] 📰 Fetching for GOOG...

[16/21] 📰 Fetching for CRM...

[17/21] 📰 Fetching for META...

[18/21] 📰 Fetching for AAPL...

[19/21] 📰 Fetching for TSM...

[20/21] 📰 Fetching for TSLA...

[21/21] 📰 Fetching for NVDA...

============================================================
✅ Batch fetch complete! Total synced: 19
============================================================
[2026-03-13 05:22:44] news batch done
[2026-03-13 06:15:00] BLOCKED: OS crontab trigger rejected. Remove OS crontab entry: crontab -e
[2026-03-13 06:16:31] news batch start
============================================================
🚀 News Batch Fetcher - 持倉+Watchlist 新聞抓取
   Time: 2026-03-13 06:16:31
   Limit: 3 articles per symbol
   Dry run: False
============================================================
[WARN] Failed to get positions: 502
📋 Found 21 watchlist from DB (stocks table)

🎯 Total unique symbols to fetch: 21

📋 Symbols: TSM, AMD, AAPL, AMZN, META, QCOM, CRM, NVDA, AVGO, UBER...

[1/21] 📰 Fetching for TSM...

[2/21] 📰 Fetching for AMD...

[3/21] 📰 Fetching for AAPL...

[4/21] 📰 Fetching for AMZN...

[5/21] 📰 Fetching for META...

[6/21] 📰 Fetching for QCOM...

[7/21] 📰 Fetching for CRM...

[8/21] 📰 Fetching for NVDA...

[9/21] 📰 Fetching for AVGO...

[10/21] 📰 Fetching for UBER...

[11/21] 📰 Fetching for MSFT...

[12/21] 📰 Fetching for ADBE...

[13/21] 📰 Fetching for TXN...

[14/21] 📰 Fetching for TSLA...

[15/21] 📰 Fetching for COIN...

[16/21] 📰 Fetching for GOOGL...

[17/21] 📰 Fetching for NFLX...

[18/21] 📰 Fetching for MSTR...

[19/21] 📰 Fetching for GOOG...

[20/21] 📰 Fetching for ORCL...

[21/21] 📰 Fetching for MU...

============================================================
✅ Batch fetch complete! Total synced: 20
============================================================
[2026-03-13 06:17:18] news batch done
[2026-03-13 06:17:28] news batch start
============================================================
🚀 News Batch Fetcher - 持倉+Watchlist 新聞抓取
   Time: 2026-03-13 06:17:28
   Limit: 3 articles per symbol
   Dry run: False
============================================================
[WARN] Failed to get positions: 502
📋 Found 21 watchlist from DB (stocks table)

🎯 Total unique symbols to fetch: 21

📋 Symbols: AMZN, TXN, NFLX, TSLA, MU, AMD, QCOM, TSM, META, COIN...

[1/21] 📰 Fetching for AMZN...

[2/21] 📰 Fetching for TXN...

[3/21] 📰 Fetching for NFLX...

[4/21] 📰 Fetching for TSLA...

[5/21] 📰 Fetching for MU...

[6/21] 📰 Fetching for AMD...

[7/21] 📰 Fetching for QCOM...

[8/21] 📰 Fetching for TSM...

[9/21] 📰 Fetching for META...

[10/21] 📰 Fetching for COIN...

[11/21] 📰 Fetching for AAPL...

[12/21] 📰 Fetching for ORCL...

[13/21] 📰 Fetching for GOOGL...

[14/21] 📰 Fetching for UBER...

[15/21] 📰 Fetching for CRM...

[16/21] 📰 Fetching for AVGO...

[17/21] 📰 Fetching for GOOG...

[18/21] 📰 Fetching for NVDA...

[19/21] 📰 Fetching for ADBE...

[20/21] 📰 Fetching for MSTR...

[21/21] 📰 Fetching for MSFT...

============================================================
✅ Batch fetch complete! Total synced: 0
============================================================
[2026-03-13 06:18:05] news batch done
[2026-03-13 07:15:01] BLOCKED: OS crontab trigger rejected. Remove OS crontab entry: crontab -e
[2026-03-13 08:15:01] BLOCKED: OS crontab trigger rejected. Remove OS crontab entry: crontab -e
[2026-03-13 08:16:05] news batch start
============================================================
🚀 News Batch Fetcher - 持倉+Watchlist 新聞抓取
   Time: 2026-03-13 08:16:06
   Limit: 3 articles per symbol
   Dry run: False
============================================================
[WARN] Failed to get positions: 502
📋 Found 21 watchlist from DB (stocks table)

🎯 Total unique symbols to fetch: 21

📋 Symbols: NVDA, COIN, MSTR, GOOGL, TSLA, QCOM, AMD, TXN, ORCL, META...

[1/21] 📰 Fetching for NVDA...

[2/21] 📰 Fetching for COIN...

[3/21] 📰 Fetching for MSTR...

[4/21] 📰 Fetching for GOOGL...

[5/21] 📰 Fetching for TSLA...

[6/21] 📰 Fetching for QCOM...

[7/21] 📰 Fetching for AMD...

[8/21] 📰 Fetching for TXN...

[9/21] 📰 Fetching for ORCL...

[10/21] 📰 Fetching for META...

[11/21] 📰 Fetching for AAPL...

[12/21] 📰 Fetching for NFLX...

[13/21] 📰 Fetching for AMZN...

[14/21] 📰 Fetching for MSFT...

[15/21] 📰 Fetching for GOOG...

[16/21] 📰 Fetching for CRM...

[17/21] 📰 Fetching for AVGO...

[18/21] 📰 Fetching for TSM...

[19/21] 📰 Fetching for ADBE...

[20/21] 📰 Fetching for UBER...

[21/21] 📰 Fetching for MU...

============================================================
✅ Batch fetch complete! Total synced: 21
============================================================
[2026-03-13 08:16:58] news batch done
[2026-03-13 09:15:00] BLOCKED: OS crontab trigger rejected. Remove OS crontab entry: crontab -e
[2026-03-13 09:16:24] news batch start
============================================================
🚀 News Batch Fetcher - 持倉+Watchlist 新聞抓取
   Time: 2026-03-13 09:16:24
   Limit: 3 articles per symbol
   Dry run: False
============================================================
[WARN] Failed to get positions: 502
📋 Found 21 watchlist from DB (stocks table)

🎯 Total unique symbols to fetch: 21

📋 Symbols: NFLX, QCOM, COIN, TSLA, MU, AAPL, NVDA, TSM, AVGO, AMZN...

[1/21] 📰 Fetching for NFLX...

[2/21] 📰 Fetching for QCOM...

[3/21] 📰 Fetching for COIN...

[4/21] 📰 Fetching for TSLA...

[5/21] 📰 Fetching for MU...

[6/21] 📰 Fetching for AAPL...

[7/21] 📰 Fetching for NVDA...

[8/21] 📰 Fetching for TSM...

[9/21] 📰 Fetching for AVGO...

[10/21] 📰 Fetching for AMZN...

[11/21] 📰 Fetching for MSTR...

[12/21] 📰 Fetching for ORCL...

[13/21] 📰 Fetching for AMD...

[14/21] 📰 Fetching for CRM...

[15/21] 📰 Fetching for TXN...

[16/21] 📰 Fetching for GOOGL...

[17/21] 📰 Fetching for MSFT...

[18/21] 📰 Fetching for ADBE...

[19/21] 📰 Fetching for META...

[20/21] 📰 Fetching for UBER...

[21/21] 📰 Fetching for GOOG...

============================================================
✅ Batch fetch complete! Total synced: 15
============================================================
[2026-03-13 09:17:10] news batch done
[2026-03-13 10:15:00] BLOCKED: OS crontab trigger rejected. Remove OS crontab entry: crontab -e
[2026-03-13 10:29:27] news batch start
============================================================
🚀 News Batch Fetcher - 持倉+Watchlist 新聞抓取
   Time: 2026-03-13 10:29:27
   Limit: 3 articles per symbol
   Dry run: False
============================================================
[WARN] Failed to get positions: 502
📋 Found 21 watchlist from DB (stocks table)

🎯 Total unique symbols to fetch: 21

📋 Symbols: META, QCOM, TXN, NFLX, TSM, GOOG, TSLA, AMD, MSFT, AAPL...

[1/21] 📰 Fetching for META...

[2/21] 📰 Fetching for QCOM...

[3/21] 📰 Fetching for TXN...

[4/21] 📰 Fetching for NFLX...

[5/21] 📰 Fetching for TSM...

[6/21] 📰 Fetching for GOOG...

[7/21] 📰 Fetching for TSLA...

[8/21] 📰 Fetching for AMD...

[9/21] 📰 Fetching for MSFT...

[10/21] 📰 Fetching for AAPL...

[11/21] 📰 Fetching for AMZN...

[12/21] 📰 Fetching for COIN...

[13/21] 📰 Fetching for ORCL...

[14/21] 📰 Fetching for GOOGL...

[15/21] 📰 Fetching for UBER...

[16/21] 📰 Fetching for AVGO...

[17/21] 📰 Fetching for ADBE...

[18/21] 📰 Fetching for MSTR...

[19/21] 📰 Fetching for NVDA...

[20/21] 📰 Fetching for MU...

[21/21] 📰 Fetching for CRM...

============================================================
✅ Batch fetch complete! Total synced: 15
============================================================
[2026-03-13 10:30:15] news batch done
[2026-03-13 11:15:00] BLOCKED: OS crontab trigger rejected. Remove OS crontab entry: crontab -e
[2026-03-13 11:16:26] news batch start
============================================================
🚀 News Batch Fetcher - 持倉+Watchlist 新聞抓取
   Time: 2026-03-13 11:16:26
   Limit: 3 articles per symbol
   Dry run: False
============================================================
[WARN] Failed to get positions: 502
📋 Found 21 watchlist from DB (stocks table)

🎯 Total unique symbols to fetch: 21

📋 Symbols: UBER, AAPL, META, AMZN, CRM, GOOGL, ADBE, NFLX, ORCL, GOOG...

[1/21] 📰 Fetching for UBER...

[2/21] 📰 Fetching for AAPL...

[3/21] 📰 Fetching for META...

[4/21] 📰 Fetching for AMZN...

[5/21] 📰 Fetching for CRM...

[6/21] 📰 Fetching for GOOGL...

[7/21] 📰 Fetching for ADBE...

[8/21] 📰 Fetching for NFLX...

[9/21] 📰 Fetching for ORCL...

[10/21] 📰 Fetching for GOOG...

[11/21] 📰 Fetching for MSTR...

[12/21] 📰 Fetching for QCOM...

[13/21] 📰 Fetching for MSFT...

[14/21] 📰 Fetching for TSLA...

[15/21] 📰 Fetching for NVDA...

[16/21] 📰 Fetching for TSM...

[17/21] 📰 Fetching for COIN...

[18/21] 📰 Fetching for MU...

[19/21] 📰 Fetching for TXN...

[20/21] 📰 Fetching for AMD...

[21/21] 📰 Fetching for AVGO...

============================================================
✅ Batch fetch complete! Total synced: 14
============================================================
[2026-03-13 11:17:22] news batch done
[2026-03-13 12:15:00] BLOCKED: OS crontab trigger rejected. Remove OS crontab entry: crontab -e
[2026-03-13 12:16:09] news batch start
[2026-03-13 12:18:29] news batch skipped: lock active
[2026-03-13 12:18:44] news batch start
============================================================
🚀 News Batch Fetcher - 持倉+Watchlist 新聞抓取
   Time: 2026-03-13 12:16:09
   Limit: 3 articles per symbol
   Dry run: False
============================================================
[WARN] Failed to get positions: 502
📋 Found 21 watchlist from DB (stocks table)

🎯 Total unique symbols to fetch: 21

📋 Symbols: NVDA, TSM, CRM, TSLA, AAPL, AMZN, META, UBER, QCOM, MSFT...

[1/21] 📰 Fetching for NVDA...

[2/21] 📰 Fetching for TSM...

[3/21] 📰 Fetching for CRM...

[4/21] 📰 Fetching for TSLA...

[5/21] 📰 Fetching for AAPL...

[6/21] 📰 Fetching for AMZN...

[7/21] 📰 Fetching for META...

[8/21] 📰 Fetching for UBER...

[9/21] 📰 Fetching for QCOM...

[10/21] 📰 Fetching for MSFT...

[11/21] 📰 Fetching for NFLX...

[12/21] 📰 Fetching for COIN...

[13/21] 📰 Fetching for GOOGL...

[14/21] 📰 Fetching for ADBE...

[15/21] 📰 Fetching for MSTR...

[16/21] 📰 Fetching for AVGO...

[17/21] 📰 Fetching for AMD...

[18/21] 📰 Fetching for ORCL...

[19/21] 📰 Fetching for MU...

[20/21] 📰 Fetching for GOOG...

[21/21] 📰 Fetching for TXN...

============================================================
✅ Batch fetch complete! Total synced: 0
============================================================
============================================================
🚀 News Batch Fetcher - 持倉+Watchlist 新聞抓取
   Time: 2026-03-13 12:18:44
   Limit: 3 articles per symbol
   Dry run: False
============================================================
[WARN] Failed to get positions: 502
📋 Found 21 watchlist from DB (stocks table)

🎯 Total unique symbols to fetch: 21

📋 Symbols: NVDA, UBER, ADBE, TSM, GOOG, COIN, TXN, MSFT, AAPL, META...

[1/21] 📰 Fetching for NVDA...

[2/21] 📰 Fetching for UBER...

[3/21] 📰 Fetching for ADBE...

[4/21] 📰 Fetching for TSM...

[5/21] 📰 Fetching for GOOG...

[6/21] 📰 Fetching for COIN...

[7/21] 📰 Fetching for TXN...

[8/21] 📰 Fetching for MSFT...

[9/21] 📰 Fetching for AAPL...

[10/21] 📰 Fetching for META...

[11/21] 📰 Fetching for ORCL...

[12/21] 📰 Fetching for NFLX...

[13/21] 📰 Fetching for AVGO...

[14/21] 📰 Fetching for QCOM...

[15/21] 📰 Fetching for MSTR...

[16/21] 📰 Fetching for AMZN...

[17/21] 📰 Fetching for CRM...

[18/21] 📰 Fetching for GOOGL...

[19/21] 📰 Fetching for MU...

[20/21] 📰 Fetching for AMD...

[21/21] 📰 Fetching for TSLA...

============================================================
✅ Batch fetch complete! Total synced: 0
============================================================
[2026-03-13 13:15:00] BLOCKED: OS crontab trigger rejected. Remove OS crontab entry: crontab -e
[2026-03-13 13:16:36] news batch skipped: lock active
[2026-03-13 13:24:46] news batch start
[2026-03-13 13:26:58] news batch start
============================================================
🚀 News Batch Fetcher - 持倉+Watchlist 新聞抓取
   Time: 2026-03-13 13:24:47
   Limit: 3 articles per symbol
   Dry run: False
============================================================
[WARN] Failed to get positions: 502
📋 Found 21 watchlist from DB (stocks table)

🎯 Total unique symbols to fetch: 21

📋 Symbols: ADBE, AAPL, ORCL, MSFT, AVGO, GOOGL, NFLX, CRM, QCOM, MU...

[1/21] 📰 Fetching for ADBE...

[2/21] 📰 Fetching for AAPL...

[3/21] 📰 Fetching for ORCL...

[4/21] 📰 Fetching for MSFT...

[5/21] 📰 Fetching for AVGO...

[6/21] 📰 Fetching for GOOGL...

[7/21] 📰 Fetching for NFLX...

[8/21] 📰 Fetching for CRM...

[9/21] 📰 Fetching for QCOM...

[10/21] 📰 Fetching for MU...

[11/21] 📰 Fetching for MSTR...

[12/21] 📰 Fetching for GOOG...

[13/21] 📰 Fetching for META...

[14/21] 📰 Fetching for NVDA...

[15/21] 📰 Fetching for AMD...

[16/21] 📰 Fetching for UBER...

[17/21] 📰 Fetching for TXN...

[18/21] 📰 Fetching for AMZN...

[19/21] 📰 Fetching for TSLA...

[20/21] 📰 Fetching for TSM...

[21/21] 📰 Fetching for COIN...

============================================================
✅ Batch fetch complete! Total synced: 0
============================================================
============================================================
🚀 News Batch Fetcher - 持倉+Watchlist 新聞抓取
   Time: 2026-03-13 13:26:58
   Limit: 3 articles per symbol
   Dry run: False
============================================================
[WARN] Failed to get positions: 502
📋 Found 21 watchlist from DB (stocks table)

🎯 Total unique symbols to fetch: 21

📋 Symbols: ADBE, COIN, MU, GOOG, TSM, ORCL, AAPL, AVGO, GOOGL, AMZN...

[1/21] 📰 Fetching for ADBE...

[2/21] 📰 Fetching for COIN...

[3/21] 📰 Fetching for MU...

[4/21] 📰 Fetching for GOOG...

[5/21] 📰 Fetching for TSM...

[6/21] 📰 Fetching for ORCL...

[7/21] 📰 Fetching for AAPL...

[8/21] 📰 Fetching for AVGO...

[9/21] 📰 Fetching for GOOGL...

[10/21] 📰 Fetching for AMZN...

[11/21] 📰 Fetching for UBER...

[12/21] 📰 Fetching for AMD...

[13/21] 📰 Fetching for MSTR...

[14/21] 📰 Fetching for MSFT...

[15/21] 📰 Fetching for NFLX...

[16/21] 📰 Fetching for TXN...

[17/21] 📰 Fetching for QCOM...

[18/21] 📰 Fetching for NVDA...

[19/21] 📰 Fetching for META...

[20/21] 📰 Fetching for CRM...

[21/21] 📰 Fetching for TSLA...

============================================================
✅ Batch fetch complete! Total synced: 0
============================================================
[2026-03-13 14:15:00] BLOCKED: OS crontab trigger rejected. Remove OS crontab entry: crontab -e
[2026-03-13 14:16:06] news batch skipped: lock active
[2026-03-13 15:15:01] BLOCKED: OS crontab trigger rejected. Remove OS crontab entry: crontab -e
[2026-03-13 15:17:28] news batch skipped: lock active
[2026-03-13 15:18:44] news batch start
[2026-03-13 15:21:50] news batch skipped: lock active
============================================================
🚀 News Batch Fetcher - 持倉+Watchlist 新聞抓取
   Time: 2026-03-13 15:18:44
   Limit: 3 articles per symbol
   Dry run: False
============================================================
[WARN] Failed to get positions: 502
📋 Found 21 watchlist from DB (stocks table)

🎯 Total unique symbols to fetch: 21

📋 Symbols: GOOGL, TSM, CRM, NVDA, MU, AMD, AVGO, GOOG, TSLA, MSTR...

[1/21] 📰 Fetching for GOOGL...

[2/21] 📰 Fetching for TSM...

[3/21] 📰 Fetching for CRM...

[4/21] 📰 Fetching for NVDA...

[5/21] 📰 Fetching for MU...

[6/21] 📰 Fetching for AMD...

[7/21] 📰 Fetching for AVGO...

[8/21] 📰 Fetching for GOOG...

[9/21] 📰 Fetching for TSLA...

[10/21] 📰 Fetching for MSTR...

[11/21] 📰 Fetching for AMZN...

[12/21] 📰 Fetching for TXN...

[13/21] 📰 Fetching for UBER...

[14/21] 📰 Fetching for ADBE...

[15/21] 📰 Fetching for NFLX...

[16/21] 📰 Fetching for MSFT...

[17/21] 📰 Fetching for QCOM...

[18/21] 📰 Fetching for ORCL...

[19/21] 📰 Fetching for META...

[20/21] 📰 Fetching for COIN...

[21/21] 📰 Fetching for AAPL...

============================================================
✅ Batch fetch complete! Total synced: 0
============================================================
[2026-03-13 16:15:00] BLOCKED: OS crontab trigger rejected. Remove OS crontab entry: crontab -e
[2026-03-13 17:15:00] BLOCKED: OS crontab trigger rejected. Remove OS crontab entry: crontab -e
[2026-03-13 17:16:13] news batch start
[2026-03-13 17:18:29] news batch skipped: lock active
[2026-03-13 17:18:43] news batch start
============================================================
🚀 News Batch Fetcher - 持倉+Watchlist 新聞抓取
   Time: 2026-03-13 17:16:13
   Limit: 3 articles per symbol
   Dry run: False
============================================================
[WARN] Failed to get positions: 502
📋 Found 21 watchlist from DB (stocks table)

🎯 Total unique symbols to fetch: 21

📋 Symbols: UBER, META, CRM, GOOGL, TXN, MSFT, AVGO, GOOG, NFLX, MU...

[1/21] 📰 Fetching for UBER...

[2/21] 📰 Fetching for META...

[3/21] 📰 Fetching for CRM...

[4/21] 📰 Fetching for GOOGL...

[5/21] 📰 Fetching for TXN...

[6/21] 📰 Fetching for MSFT...

[7/21] 📰 Fetching for AVGO...

[8/21] 📰 Fetching for GOOG...

[9/21] 📰 Fetching for NFLX...

[10/21] 📰 Fetching for MU...

[11/21] 📰 Fetching for NVDA...

[12/21] 📰 Fetching for COIN...

[13/21] 📰 Fetching for ORCL...

[14/21] 📰 Fetching for TSLA...

[15/21] 📰 Fetching for AMD...

[16/21] 📰 Fetching for AMZN...

[17/21] 📰 Fetching for MSTR...

[18/21] 📰 Fetching for TSM...

[19/21] 📰 Fetching for QCOM...

[20/21] 📰 Fetching for AAPL...

[21/21] 📰 Fetching for ADBE...

============================================================
✅ Batch fetch complete! Total synced: 0
============================================================
============================================================
🚀 News Batch Fetcher - 持倉+Watchlist 新聞抓取
   Time: 2026-03-13 17:18:43
   Limit: 3 articles per symbol
   Dry run: False
============================================================
[WARN] Failed to get positions: 502
📋 Found 21 watchlist from DB (stocks table)

🎯 Total unique symbols to fetch: 21

📋 Symbols: AAPL, AMD, COIN, TXN, CRM, TSM, TSLA, QCOM, META, ADBE...

[1/21] 📰 Fetching for AAPL...

[2/21] 📰 Fetching for AMD...

[3/21] 📰 Fetching for COIN...

[4/21] 📰 Fetching for TXN...

[5/21] 📰 Fetching for CRM...

[6/21] 📰 Fetching for TSM...

[7/21] 📰 Fetching for TSLA...

[8/21] 📰 Fetching for QCOM...

[9/21] 📰 Fetching for META...

[10/21] 📰 Fetching for ADBE...

[11/21] 📰 Fetching for MSFT...

[12/21] 📰 Fetching for GOOG...

[13/21] 📰 Fetching for AMZN...

[14/21] 📰 Fetching for AVGO...

[15/21] 📰 Fetching for MU...

[16/21] 📰 Fetching for MSTR...

[17/21] 📰 Fetching for NFLX...

[18/21] 📰 Fetching for ORCL...

[19/21] 📰 Fetching for NVDA...

[20/21] 📰 Fetching for UBER...

[21/21] 📰 Fetching for GOOGL...

============================================================
✅ Batch fetch complete! Total synced: 0
============================================================
[2026-03-13 17:21:42] news batch done
[2026-03-13 17:22:17] news batch start
============================================================
🚀 News Batch Fetcher - 持倉+Watchlist 新聞抓取
   Time: 2026-03-13 17:22:17
   Limit: 3 articles per symbol
   Dry run: False
============================================================
[WARN] Failed to get positions: 502
📋 Found 21 watchlist from DB (stocks table)

🎯 Total unique symbols to fetch: 21

📋 Symbols: QCOM, GOOG, AVGO, NFLX, AMD, CRM, ADBE, TSM, AMZN, AAPL...

[1/21] 📰 Fetching for QCOM...

[2/21] 📰 Fetching for GOOG...

[3/21] 📰 Fetching for AVGO...

[4/21] 📰 Fetching for NFLX...

[5/21] 📰 Fetching for AMD...

[6/21] 📰 Fetching for CRM...

[7/21] 📰 Fetching for ADBE...

[8/21] 📰 Fetching for TSM...

[9/21] 📰 Fetching for AMZN...

[10/21] 📰 Fetching for AAPL...

[11/21] 📰 Fetching for TSLA...

[12/21] 📰 Fetching for NVDA...

[13/21] 📰 Fetching for UBER...

[14/21] 📰 Fetching for GOOGL...

[15/21] 📰 Fetching for COIN...

[16/21] 📰 Fetching for TXN...

[17/21] 📰 Fetching for ORCL...

[18/21] 📰 Fetching for META...

[19/21] 📰 Fetching for MSFT...

[20/21] 📰 Fetching for MU...

[21/21] 📰 Fetching for MSTR...

============================================================
✅ Batch fetch complete! Total synced: 0
============================================================
[2026-03-13 17:25:41] news batch done
[2026-03-13 18:15:01] BLOCKED: OS crontab trigger rejected. Remove OS crontab entry: crontab -e
[2026-03-13 18:16:19] news batch start
[2026-03-13 18:18:31] news batch skipped: lock active
[2026-03-13 18:18:37] news batch start
============================================================
🚀 News Batch Fetcher - 持倉+Watchlist 新聞抓取
   Time: 2026-03-13 18:16:19
   Limit: 3 articles per symbol
   Dry run: False
============================================================
[WARN] Failed to get positions: 502
📋 Found 21 watchlist from DB (stocks table)

🎯 Total unique symbols to fetch: 21

📋 Symbols: AVGO, COIN, CRM, TSLA, AAPL, TSM, GOOGL, AMD, GOOG, MU...

[1/21] 📰 Fetching for AVGO...

[2/21] 📰 Fetching for COIN...

[3/21] 📰 Fetching for CRM...

[4/21] 📰 Fetching for TSLA...

[5/21] 📰 Fetching for AAPL...

[6/21] 📰 Fetching for TSM...

[7/21] 📰 Fetching for GOOGL...

[8/21] 📰 Fetching for AMD...

[9/21] 📰 Fetching for GOOG...

[10/21] 📰 Fetching for MU...

[11/21] 📰 Fetching for MSFT...

[12/21] 📰 Fetching for ORCL...

[13/21] 📰 Fetching for ADBE...

[14/21] 📰 Fetching for QCOM...

[15/21] 📰 Fetching for UBER...

[16/21] 📰 Fetching for TXN...

[17/21] 📰 Fetching for AMZN...

[18/21] 📰 Fetching for NFLX...

[19/21] 📰 Fetching for NVDA...

[20/21] 📰 Fetching for MSTR...

[21/21] 📰 Fetching for META...

============================================================
✅ Batch fetch complete! Total synced: 0
============================================================
============================================================
🚀 News Batch Fetcher - 持倉+Watchlist 新聞抓取
   Time: 2026-03-13 18:18:37
   Limit: 3 articles per symbol
   Dry run: False
============================================================
[WARN] Failed to get positions: 502
📋 Found 21 watchlist from DB (stocks table)

🎯 Total unique symbols to fetch: 21

📋 Symbols: AMD, GOOGL, MU, TSM, UBER, TXN, GOOG, NVDA, ADBE, NFLX...

[1/21] 📰 Fetching for AMD...

[2/21] 📰 Fetching for GOOGL...

[3/21] 📰 Fetching for MU...

[4/21] 📰 Fetching for TSM...

[5/21] 📰 Fetching for UBER...

[6/21] 📰 Fetching for TXN...

[7/21] 📰 Fetching for GOOG...

[8/21] 📰 Fetching for NVDA...

[9/21] 📰 Fetching for ADBE...

[10/21] 📰 Fetching for NFLX...

[11/21] 📰 Fetching for MSTR...

[12/21] 📰 Fetching for ORCL...

[13/21] 📰 Fetching for TSLA...

[14/21] 📰 Fetching for QCOM...

[15/21] 📰 Fetching for AAPL...

[16/21] 📰 Fetching for CRM...

[17/21] 📰 Fetching for COIN...

[18/21] 📰 Fetching for AMZN...

[19/21] 📰 Fetching for AVGO...

[20/21] 📰 Fetching for MSFT...

[21/21] 📰 Fetching for META...

============================================================
✅ Batch fetch complete! Total synced: 0
============================================================
[2026-03-13 18:23:09] news batch start
============================================================
🚀 News Batch Fetcher - 持倉+Watchlist 新聞抓取
   Time: 2026-03-13 18:23:09
   Limit: 3 articles per symbol
   Dry run: False
============================================================
[WARN] Failed to get positions: 502
📋 Found 21 watchlist from DB (stocks table)

🎯 Total unique symbols to fetch: 21

📋 Symbols: COIN, GOOG, CRM, MSTR, MU, ADBE, TSM, AMZN, TXN, MSFT...

[1/21] 📰 Fetching for COIN...

[2/21] 📰 Fetching for GOOG...

[3/21] 📰 Fetching for CRM...

[4/21] 📰 Fetching for MSTR...

[5/21] 📰 Fetching for MU...

[6/21] 📰 Fetching for ADBE...

[7/21] 📰 Fetching for TSM...

[8/21] 📰 Fetching for AMZN...

[9/21] 📰 Fetching for TXN...

[10/21] 📰 Fetching for MSFT...

[11/21] 📰 Fetching for QCOM...

[12/21] 📰 Fetching for UBER...

[13/21] 📰 Fetching for NVDA...

[14/21] 📰 Fetching for GOOGL...

[15/21] 📰 Fetching for AAPL...

[16/21] 📰 Fetching for ORCL...

[17/21] 📰 Fetching for AVGO...

[18/21] 📰 Fetching for TSLA...

[19/21] 📰 Fetching for META...

[20/21] 📰 Fetching for AMD...

[21/21] 📰 Fetching for NFLX...

============================================================
✅ Batch fetch complete! Total synced: 0
============================================================
[2026-03-13 18:29:26] news batch start
============================================================
🚀 News Batch Fetcher - 持倉+Watchlist 新聞抓取
   Time: 2026-03-13 18:29:26
   Limit: 3 articles per symbol
   Dry run: False
============================================================
📊 Found 1 positions: ['TSLA']
📋 Found 21 watchlist from DB (stocks table)

🎯 Total unique symbols to fetch: 21

📋 Symbols: QCOM, TXN, COIN, META, TSLA, NFLX, GOOGL, ORCL, GOOG, ADBE...

[1/21] 📰 Fetching for QCOM...

[2/21] 📰 Fetching for TXN...

[3/21] 📰 Fetching for COIN...

[4/21] 📰 Fetching for META...

[5/21] 📰 Fetching for TSLA...

[6/21] 📰 Fetching for NFLX...

[7/21] 📰 Fetching for GOOGL...

[8/21] 📰 Fetching for ORCL...

[9/21] 📰 Fetching for GOOG...

[10/21] 📰 Fetching for ADBE...

[11/21] 📰 Fetching for MU...

[12/21] 📰 Fetching for CRM...

[13/21] 📰 Fetching for AVGO...

[14/21] 📰 Fetching for AMD...

[15/21] 📰 Fetching for MSFT...

[16/21] 📰 Fetching for TSM...

[17/21] 📰 Fetching for MSTR...

[18/21] 📰 Fetching for NVDA...

[19/21] 📰 Fetching for AMZN...

[20/21] 📰 Fetching for UBER...

[21/21] 📰 Fetching for AAPL...

============================================================
✅ Batch fetch complete! Total synced: 25
============================================================
[2026-03-13 18:30:14] news batch done
[2026-03-13 19:15:00] BLOCKED: OS crontab trigger rejected. Remove OS crontab entry: crontab -e
[2026-03-13 19:16:38] news batch start
============================================================
🚀 News Batch Fetcher - 持倉+Watchlist 新聞抓取
   Time: 2026-03-13 19:16:38
   Limit: 3 articles per symbol
   Dry run: False
============================================================
[WARN] Failed to get positions: 502
📋 Found 21 watchlist from DB (stocks table)

🎯 Total unique symbols to fetch: 21

📋 Symbols: NVDA, UBER, GOOG, MSTR, TSLA, AMZN, MSFT, ORCL, AAPL, NFLX...

[1/21] 📰 Fetching for NVDA...

[2/21] 📰 Fetching for UBER...

[3/21] 📰 Fetching for GOOG...

[4/21] 📰 Fetching for MSTR...

[5/21] 📰 Fetching for TSLA...

[6/21] 📰 Fetching for AMZN...

[7/21] 📰 Fetching for MSFT...

[8/21] 📰 Fetching for ORCL...

[9/21] 📰 Fetching for AAPL...

[10/21] 📰 Fetching for NFLX...

[11/21] 📰 Fetching for CRM...

[12/21] 📰 Fetching for COIN...

[13/21] 📰 Fetching for TXN...

[14/21] 📰 Fetching for AMD...

[15/21] 📰 Fetching for META...

[16/21] 📰 Fetching for ADBE...

[17/21] 📰 Fetching for MU...

[18/21] 📰 Fetching for TSM...

[19/21] 📰 Fetching for GOOGL...

[20/21] 📰 Fetching for QCOM...

[21/21] 📰 Fetching for AVGO...

============================================================
✅ Batch fetch complete! Total synced: 0
============================================================
[2026-03-13 19:18:15] news batch done
[2026-03-13 20:15:00] BLOCKED: OS crontab trigger rejected. Remove OS crontab entry: crontab -e
[2026-03-13 20:16:26] news batch start
[2026-03-13 20:18:49] news batch skipped: lock active
[2026-03-13 20:18:58] news batch start
============================================================
🚀 News Batch Fetcher - 持倉+Watchlist 新聞抓取
   Time: 2026-03-13 20:16:26
   Limit: 3 articles per symbol
   Dry run: False
============================================================
[WARN] Failed to get positions: 502
📋 Found 21 watchlist from DB (stocks table)

🎯 Total unique symbols to fetch: 21

📋 Symbols: ORCL, META, AVGO, MU, GOOGL, TXN, NVDA, MSTR, TSLA, AMZN...

[1/21] 📰 Fetching for ORCL...

[2/21] 📰 Fetching for META...

[3/21] 📰 Fetching for AVGO...

[4/21] 📰 Fetching for MU...

[5/21] 📰 Fetching for GOOGL...

[6/21] 📰 Fetching for TXN...

[7/21] 📰 Fetching for NVDA...

[8/21] 📰 Fetching for MSTR...

[9/21] 📰 Fetching for TSLA...

[10/21] 📰 Fetching for AMZN...

[11/21] 📰 Fetching for TSM...

[12/21] 📰 Fetching for AAPL...

[13/21] 📰 Fetching for QCOM...

[14/21] 📰 Fetching for COIN...

[15/21] 📰 Fetching for NFLX...

[16/21] 📰 Fetching for AMD...

[17/21] 📰 Fetching for CRM...

[18/21] 📰 Fetching for MSFT...

[19/21] 📰 Fetching for GOOG...

[20/21] 📰 Fetching for UBER...

[21/21] 📰 Fetching for ADBE...

============================================================
✅ Batch fetch complete! Total synced: 0
============================================================
============================================================
🚀 News Batch Fetcher - 持倉+Watchlist 新聞抓取
   Time: 2026-03-13 20:18:58
   Limit: 3 articles per symbol
   Dry run: False
============================================================
[WARN] Failed to get positions: 502
📋 Found 21 watchlist from DB (stocks table)

🎯 Total unique symbols to fetch: 21

📋 Symbols: QCOM, AMZN, MSTR, MSFT, AAPL, TXN, AMD, MU, META, TSM...

[1/21] 📰 Fetching for QCOM...

[2/21] 📰 Fetching for AMZN...

[3/21] 📰 Fetching for MSTR...

[4/21] 📰 Fetching for MSFT...

[5/21] 📰 Fetching for AAPL...

[6/21] 📰 Fetching for TXN...

[7/21] 📰 Fetching for AMD...

[8/21] 📰 Fetching for MU...

[9/21] 📰 Fetching for META...

[10/21] 📰 Fetching for TSM...

[11/21] 📰 Fetching for GOOGL...

[12/21] 📰 Fetching for TSLA...

[13/21] 📰 Fetching for ADBE...

[14/21] 📰 Fetching for NFLX...

[15/21] 📰 Fetching for AVGO...

[16/21] 📰 Fetching for COIN...

[17/21] 📰 Fetching for CRM...

[18/21] 📰 Fetching for NVDA...

[19/21] 📰 Fetching for ORCL...

[20/21] 📰 Fetching for GOOG...

[21/21] 📰 Fetching for UBER...

============================================================
✅ Batch fetch complete! Total synced: 0
============================================================
[2026-03-13 21:15:01] BLOCKED: OS crontab trigger rejected. Remove OS crontab entry: crontab -e
[2026-03-13 21:19:46] news batch skipped: lock active
[2026-03-13 21:20:37] news batch start
[2026-03-13 21:23:45] news batch skipped: lock active
============================================================
🚀 News Batch Fetcher - 持倉+Watchlist 新聞抓取
   Time: 2026-03-13 21:20:37
   Limit: 3 articles per symbol
   Dry run: False
============================================================
[WARN] Failed to get positions: 502
📋 Found 21 watchlist from DB (stocks table)

🎯 Total unique symbols to fetch: 21

📋 Symbols: NVDA, TSLA, QCOM, AMZN, MU, AVGO, GOOG, COIN, GOOGL, TXN...

[1/21] 📰 Fetching for NVDA...

[2/21] 📰 Fetching for TSLA...

[3/21] 📰 Fetching for QCOM...

[4/21] 📰 Fetching for AMZN...

[5/21] 📰 Fetching for MU...

[6/21] 📰 Fetching for AVGO...

[7/21] 📰 Fetching for GOOG...

[8/21] 📰 Fetching for COIN...

[9/21] 📰 Fetching for GOOGL...

[10/21] 📰 Fetching for TXN...

[11/21] 📰 Fetching for AMD...

[12/21] 📰 Fetching for AAPL...

[13/21] 📰 Fetching for ORCL...

[14/21] 📰 Fetching for UBER...

[15/21] 📰 Fetching for CRM...

[16/21] 📰 Fetching for TSM...

[17/21] 📰 Fetching for ADBE...

[18/21] 📰 Fetching for MSFT...

[19/21] 📰 Fetching for META...

[20/21] 📰 Fetching for NFLX...

[21/21] 📰 Fetching for MSTR...

============================================================
✅ Batch fetch complete! Total synced: 0
============================================================
[2026-03-13 21:23:56] news batch start
============================================================
🚀 News Batch Fetcher - 持倉+Watchlist 新聞抓取
   Time: 2026-03-13 21:23:56
   Limit: 3 articles per symbol
   Dry run: False
============================================================
[WARN] Failed to get positions: 502
📋 Found 21 watchlist from DB (stocks table)

🎯 Total unique symbols to fetch: 21

📋 Symbols: COIN, NFLX, TXN, UBER, GOOGL, ADBE, TSM, NVDA, QCOM, MU...

[1/21] 📰 Fetching for COIN...

[2/21] 📰 Fetching for NFLX...

[3/21] 📰 Fetching for TXN...

[4/21] 📰 Fetching for UBER...

[5/21] 📰 Fetching for GOOGL...

[6/21] 📰 Fetching for ADBE...

[7/21] 📰 Fetching for TSM...

[8/21] 📰 Fetching for NVDA...

[9/21] 📰 Fetching for QCOM...

[10/21] 📰 Fetching for MU...

[11/21] 📰 Fetching for AMD...

[12/21] 📰 Fetching for AVGO...

[13/21] 📰 Fetching for MSTR...

[14/21] 📰 Fetching for META...

[15/21] 📰 Fetching for AAPL...

[16/21] 📰 Fetching for TSLA...

[17/21] 📰 Fetching for MSFT...

[18/21] 📰 Fetching for CRM...

[19/21] 📰 Fetching for AMZN...

[20/21] 📰 Fetching for GOOG...

[21/21] 📰 Fetching for ORCL...

============================================================
✅ Batch fetch complete! Total synced: 0
============================================================
[2026-03-13 21:29:20] news batch start
============================================================
🚀 News Batch Fetcher - 持倉+Watchlist 新聞抓取
   Time: 2026-03-13 21:29:20
   Limit: 3 articles per symbol
   Dry run: False
============================================================
[WARN] Failed to get positions: 502
📋 Found 21 watchlist from DB (stocks table)

🎯 Total unique symbols to fetch: 21

📋 Symbols: TXN, NVDA, AMZN, UBER, GOOG, CRM, ADBE, GOOGL, TSM, META...

[1/21] 📰 Fetching for TXN...

[2/21] 📰 Fetching for NVDA...

[3/21] 📰 Fetching for AMZN...

[4/21] 📰 Fetching for UBER...

[5/21] 📰 Fetching for GOOG...

[6/21] 📰 Fetching for CRM...

[7/21] 📰 Fetching for ADBE...

[8/21] 📰 Fetching for GOOGL...

[9/21] 📰 Fetching for TSM...

[10/21] 📰 Fetching for META...

[11/21] 📰 Fetching for MU...

[12/21] 📰 Fetching for NFLX...

[13/21] 📰 Fetching for QCOM...

[14/21] 📰 Fetching for AVGO...

[15/21] 📰 Fetching for MSFT...

[16/21] 📰 Fetching for COIN...

[17/21] 📰 Fetching for AAPL...

[18/21] 📰 Fetching for TSLA...

[19/21] 📰 Fetching for MSTR...

[20/21] 📰 Fetching for ORCL...

[21/21] 📰 Fetching for AMD...

============================================================
✅ Batch fetch complete! Total synced: 0
============================================================
[2026-03-13 21:32:42] news batch done
[2026-03-13 22:15:00] BLOCKED: OS crontab trigger rejected. Remove OS crontab entry: crontab -e
[2026-03-13 22:19:53] news batch start
============================================================
🚀 News Batch Fetcher - 持倉+Watchlist 新聞抓取
   Time: 2026-03-13 22:19:53
   Limit: 3 articles per symbol
   Dry run: False
============================================================
[WARN] Failed to get positions: 502
📋 Found 21 watchlist from DB (stocks table)

🎯 Total unique symbols to fetch: 21

📋 Symbols: NFLX, TSM, TSLA, NVDA, COIN, GOOG, MU, ORCL, AMD, MSFT...

[1/21] 📰 Fetching for NFLX...

[2/21] 📰 Fetching for TSM...

[3/21] 📰 Fetching for TSLA...

[4/21] 📰 Fetching for NVDA...

[5/21] 📰 Fetching for COIN...

[6/21] 📰 Fetching for GOOG...

[7/21] 📰 Fetching for MU...

[8/21] 📰 Fetching for ORCL...

[9/21] 📰 Fetching for AMD...

[10/21] 📰 Fetching for MSFT...

[11/21] 📰 Fetching for TXN...

[12/21] 📰 Fetching for UBER...

[13/21] 📰 Fetching for QCOM...

[14/21] 📰 Fetching for MSTR...

[15/21] 📰 Fetching for GOOGL...

[16/21] 📰 Fetching for AMZN...

[17/21] 📰 Fetching for META...

[18/21] 📰 Fetching for AVGO...

[19/21] 📰 Fetching for ADBE...

[20/21] 📰 Fetching for AAPL...

[21/21] 📰 Fetching for CRM...

============================================================
✅ Batch fetch complete! Total synced: 0
============================================================
[2026-03-13 22:23:20] news batch done
[2026-03-13 23:15:00] BLOCKED: OS crontab trigger rejected. Remove OS crontab entry: crontab -e
[2026-03-13 23:28:31] news batch start
[2026-03-13 23:31:13] news batch skipped: lock active
[2026-03-13 23:31:49] news batch start
============================================================
🚀 News Batch Fetcher - 持倉+Watchlist 新聞抓取
   Time: 2026-03-13 23:28:32
   Limit: 3 articles per symbol
   Dry run: False
============================================================
[WARN] Failed to get positions: 502
📋 Found 21 watchlist from DB (stocks table)

🎯 Total unique symbols to fetch: 21

📋 Symbols: TXN, TSLA, CRM, NFLX, GOOGL, TSM, COIN, AVGO, QCOM, META...

[1/21] 📰 Fetching for TXN...

[2/21] 📰 Fetching for TSLA...

[3/21] 📰 Fetching for CRM...

[4/21] 📰 Fetching for NFLX...

[5/21] 📰 Fetching for GOOGL...

[6/21] 📰 Fetching for TSM...

[7/21] 📰 Fetching for COIN...

[8/21] 📰 Fetching for AVGO...

[9/21] 📰 Fetching for QCOM...

[10/21] 📰 Fetching for META...

[11/21] 📰 Fetching for NVDA...

[12/21] 📰 Fetching for MSTR...

[13/21] 📰 Fetching for AMZN...

[14/21] 📰 Fetching for UBER...

[15/21] 📰 Fetching for AAPL...

[16/21] 📰 Fetching for AMD...

[17/21] 📰 Fetching for ORCL...

[18/21] 📰 Fetching for MU...

[19/21] 📰 Fetching for ADBE...

[20/21] 📰 Fetching for MSFT...

[21/21] 📰 Fetching for GOOG...

============================================================
✅ Batch fetch complete! Total synced: 0
============================================================
============================================================
🚀 News Batch Fetcher - 持倉+Watchlist 新聞抓取
   Time: 2026-03-13 23:31:49
   Limit: 3 articles per symbol
   Dry run: False
============================================================
[WARN] Failed to get positions: 502
📋 Found 21 watchlist from DB (stocks table)

🎯 Total unique symbols to fetch: 21

📋 Symbols: GOOG, UBER, NFLX, MSFT, GOOGL, AAPL, NVDA, CRM, MSTR, AVGO...

[1/21] 📰 Fetching for GOOG...

[2/21] 📰 Fetching for UBER...

[3/21] 📰 Fetching for NFLX...

[4/21] 📰 Fetching for MSFT...

[5/21] 📰 Fetching for GOOGL...

[6/21] 📰 Fetching for AAPL...

[7/21] 📰 Fetching for NVDA...

[8/21] 📰 Fetching for CRM...

[9/21] 📰 Fetching for MSTR...

[10/21] 📰 Fetching for AVGO...

[11/21] 📰 Fetching for TSLA...

[12/21] 📰 Fetching for TSM...

[13/21] 📰 Fetching for MU...

[14/21] 📰 Fetching for TXN...

[15/21] 📰 Fetching for COIN...

[16/21] 📰 Fetching for AMZN...

[17/21] 📰 Fetching for AMD...

[18/21] 📰 Fetching for ORCL...

[19/21] 📰 Fetching for QCOM...

[20/21] 📰 Fetching for ADBE...

[21/21] 📰 Fetching for META...

============================================================
✅ Batch fetch complete! Total synced: 0
============================================================
[2026-03-14 00:15:00] BLOCKED: OS crontab trigger rejected. Remove OS crontab entry: crontab -e
[2026-03-14 00:20:20] news batch skipped: lock active
[2026-03-14 01:15:00] BLOCKED: OS crontab trigger rejected. Remove OS crontab entry: crontab -e
[2026-03-14 01:25:04] news batch skipped: lock active
[2026-03-14 02:15:00] BLOCKED: OS crontab trigger rejected. Remove OS crontab entry: crontab -e
[2026-03-14 02:20:50] news batch skipped: lock active
[2026-03-14 03:15:00] BLOCKED: OS crontab trigger rejected. Remove OS crontab entry: crontab -e
[2026-03-14 03:19:26] news batch skipped: lock active
[2026-03-14 03:19:54] news batch start
[2026-03-14 03:22:11] news batch start
============================================================
🚀 News Batch Fetcher - 持倉+Watchlist 新聞抓取
   Time: 2026-03-14 03:19:54
   Limit: 3 articles per symbol
   Dry run: False
============================================================
[WARN] Failed to get positions: 502
📋 Found 21 watchlist from DB (stocks table)

🎯 Total unique symbols to fetch: 21

📋 Symbols: TXN, MU, ORCL, ADBE, QCOM, NVDA, AMD, GOOG, CRM, META...

[1/21] 📰 Fetching for TXN...

[2/21] 📰 Fetching for MU...

[3/21] 📰 Fetching for ORCL...

[4/21] 📰 Fetching for ADBE...

[5/21] 📰 Fetching for QCOM...

[6/21] 📰 Fetching for NVDA...

[7/21] 📰 Fetching for AMD...

[8/21] 📰 Fetching for GOOG...

[9/21] 📰 Fetching for CRM...

[10/21] 📰 Fetching for META...

[11/21] 📰 Fetching for AVGO...

[12/21] 📰 Fetching for AMZN...

[13/21] 📰 Fetching for NFLX...

[14/21] 📰 Fetching for COIN...

[15/21] 📰 Fetching for GOOGL...

[16/21] 📰 Fetching for MSFT...

[17/21] 📰 Fetching for TSLA...

[18/21] 📰 Fetching for AAPL...

[19/21] 📰 Fetching for UBER...

[20/21] 📰 Fetching for MSTR...

[21/21] 📰 Fetching for TSM...

============================================================
✅ Batch fetch complete! Total synced: 0
============================================================
============================================================
🚀 News Batch Fetcher - 持倉+Watchlist 新聞抓取
   Time: 2026-03-14 03:22:11
   Limit: 3 articles per symbol
   Dry run: False
============================================================
[WARN] Failed to get positions: 502
📋 Found 21 watchlist from DB (stocks table)

🎯 Total unique symbols to fetch: 21

📋 Symbols: NFLX, TXN, COIN, META, QCOM, TSLA, AMZN, GOOG, CRM, AMD...

[1/21] 📰 Fetching for NFLX...

[2/21] 📰 Fetching for TXN...

[3/21] 📰 Fetching for COIN...

[4/21] 📰 Fetching for META...

[5/21] 📰 Fetching for QCOM...

[6/21] 📰 Fetching for TSLA...

[7/21] 📰 Fetching for AMZN...

[8/21] 📰 Fetching for GOOG...

[9/21] 📰 Fetching for CRM...

[10/21] 📰 Fetching for AMD...

[11/21] 📰 Fetching for ADBE...

[12/21] 📰 Fetching for NVDA...

[13/21] 📰 Fetching for ORCL...

[14/21] 📰 Fetching for MU...

[15/21] 📰 Fetching for TSM...

[16/21] 📰 Fetching for MSFT...

[17/21] 📰 Fetching for MSTR...

[18/21] 📰 Fetching for AAPL...

[19/21] 📰 Fetching for GOOGL...

[20/21] 📰 Fetching for UBER...

[21/21] 📰 Fetching for AVGO...

============================================================
✅ Batch fetch complete! Total synced: 0
============================================================
[2026-03-14 04:15:00] BLOCKED: OS crontab trigger rejected. Remove OS crontab entry: crontab -e
[2026-03-14 04:22:34] news batch skipped: lock active
[2026-03-14 05:15:00] BLOCKED: OS crontab trigger rejected. Remove OS crontab entry: crontab -e
[2026-03-14 05:16:28] news batch skipped: lock active
[2026-03-14 06:15:00] BLOCKED: OS crontab trigger rejected. Remove OS crontab entry: crontab -e
[2026-03-14 06:16:03] news batch skipped: lock active
[2026-03-14 07:15:00] BLOCKED: OS crontab trigger rejected. Remove OS crontab entry: crontab -e
[2026-03-14 07:16:16] news batch skipped: lock active
[2026-03-14 08:15:01] BLOCKED: OS crontab trigger rejected. Remove OS crontab entry: crontab -e
[2026-03-14 08:15:59] news batch skipped: lock active
[2026-03-14 08:16:28] news batch start
[2026-03-14 08:19:44] news batch skipped: lock active
============================================================
🚀 News Batch Fetcher - 持倉+Watchlist 新聞抓取
   Time: 2026-03-14 08:16:29
   Limit: 3 articles per symbol
   Dry run: False
============================================================
[WARN] Failed to get positions: 502
📋 Found 21 watchlist from DB (stocks table)

🎯 Total unique symbols to fetch: 21

📋 Symbols: UBER, MU, AMZN, AVGO, MSFT, CRM, TXN, GOOGL, NVDA, ORCL...

[1/21] 📰 Fetching for UBER...

[2/21] 📰 Fetching for MU...

[3/21] 📰 Fetching for AMZN...

[4/21] 📰 Fetching for AVGO...

[5/21] 📰 Fetching for MSFT...

[6/21] 📰 Fetching for CRM...

[7/21] 📰 Fetching for TXN...

[8/21] 📰 Fetching for GOOGL...

[9/21] 📰 Fetching for NVDA...

[10/21] 📰 Fetching for ORCL...

[11/21] 📰 Fetching for GOOG...

[12/21] 📰 Fetching for TSM...

[13/21] 📰 Fetching for TSLA...

[14/21] 📰 Fetching for AAPL...

[15/21] 📰 Fetching for MSTR...

[16/21] 📰 Fetching for META...

[17/21] 📰 Fetching for ADBE...

[18/21] 📰 Fetching for QCOM...

[19/21] 📰 Fetching for NFLX...

[20/21] 📰 Fetching for COIN...

[21/21] 📰 Fetching for AMD...

============================================================
✅ Batch fetch complete! Total synced: 0
============================================================
[2026-03-14 09:15:00] BLOCKED: OS crontab trigger rejected. Remove OS crontab entry: crontab -e
[2026-03-14 10:15:00] BLOCKED: OS crontab trigger rejected. Remove OS crontab entry: crontab -e
[2026-03-14 10:15:45] news batch start
[2026-03-14 10:17:51] news batch skipped: lock active
============================================================
🚀 News Batch Fetcher - 持倉+Watchlist 新聞抓取
   Time: 2026-03-14 10:15:45
   Limit: 3 articles per symbol
   Dry run: False
============================================================
[WARN] Failed to get positions: 502
📋 Found 21 watchlist from DB (stocks table)

🎯 Total unique symbols to fetch: 21

📋 Symbols: MSTR, CRM, TSM, TXN, GOOGL, GOOG, META, MSFT, AVGO, ADBE...

[1/21] 📰 Fetching for MSTR...

[2/21] 📰 Fetching for CRM...

[3/21] 📰 Fetching for TSM...

[4/21] 📰 Fetching for TXN...

[5/21] 📰 Fetching for GOOGL...

[6/21] 📰 Fetching for GOOG...

[7/21] 📰 Fetching for META...

[8/21] 📰 Fetching for MSFT...

[9/21] 📰 Fetching for AVGO...

[10/21] 📰 Fetching for ADBE...

[11/21] 📰 Fetching for TSLA...

[12/21] 📰 Fetching for AMZN...

[13/21] 📰 Fetching for QCOM...

[14/21] 📰 Fetching for COIN...

[15/21] 📰 Fetching for AMD...

[16/21] 📰 Fetching for NVDA...

[17/21] 📰 Fetching for UBER...

[18/21] 📰 Fetching for MU...

[19/21] 📰 Fetching for NFLX...

[20/21] 📰 Fetching for ORCL...

[21/21] 📰 Fetching for AAPL...

============================================================
✅ Batch fetch complete! Total synced: 0
============================================================
[2026-03-14 11:15:00] BLOCKED: OS crontab trigger rejected. Remove OS crontab entry: crontab -e
[2026-03-14 11:16:06] news batch skipped: lock active
[2026-03-14 12:15:01] BLOCKED: OS crontab trigger rejected. Remove OS crontab entry: crontab -e
[2026-03-14 12:16:00] news batch skipped: lock active
[2026-03-14 12:16:03] news batch skipped: lock active
[2026-03-14 13:15:00] BLOCKED: OS crontab trigger rejected. Remove OS crontab entry: crontab -e
[2026-03-14 13:16:15] news batch skipped: lock active
[2026-03-14 14:15:00] BLOCKED: OS crontab trigger rejected. Remove OS crontab entry: crontab -e
[2026-03-14 14:16:07] news batch skipped: lock active
[2026-03-14 15:15:00] BLOCKED: OS crontab trigger rejected. Remove OS crontab entry: crontab -e
[2026-03-14 15:16:21] news batch skipped: lock active
[2026-03-14 16:15:01] BLOCKED: OS crontab trigger rejected. Remove OS crontab entry: crontab -e
[2026-03-14 16:16:10] news batch skipped: lock active
[2026-03-14 17:15:00] BLOCKED: OS crontab trigger rejected. Remove OS crontab entry: crontab -e
[2026-03-14 18:15:00] BLOCKED: OS crontab trigger rejected. Remove OS crontab entry: crontab -e
[2026-03-14 18:16:14] news batch skipped: lock active
[2026-03-14 19:15:00] BLOCKED: OS crontab trigger rejected. Remove OS crontab entry: crontab -e
[2026-03-14 19:16:08] news batch skipped: lock active
[2026-03-14 20:15:00] BLOCKED: OS crontab trigger rejected. Remove OS crontab entry: crontab -e
[2026-03-14 20:17:17] news batch skipped: lock active
[2026-03-14 20:17:41] news batch skipped: lock active
[2026-03-14 20:17:58] news batch start
[2026-03-14 20:20:08] news batch start
============================================================
🚀 News Batch Fetcher - 持倉+Watchlist 新聞抓取
   Time: 2026-03-14 20:17:58
   Limit: 3 articles per symbol
   Dry run: False
============================================================
[WARN] Failed to get positions: 502
📋 Found 21 watchlist from DB (stocks table)

🎯 Total unique symbols to fetch: 21

📋 Symbols: MU, TSM, META, QCOM, ORCL, AAPL, NFLX, AMZN, TSLA, TXN...

[1/21] 📰 Fetching for MU...

[2/21] 📰 Fetching for TSM...

[3/21] 📰 Fetching for META...

[4/21] 📰 Fetching for QCOM...

[5/21] 📰 Fetching for ORCL...

[6/21] 📰 Fetching for AAPL...

[7/21] 📰 Fetching for NFLX...

[8/21] 📰 Fetching for AMZN...

[9/21] 📰 Fetching for TSLA...

[10/21] 📰 Fetching for TXN...

[11/21] 📰 Fetching for MSTR...

[12/21] 📰 Fetching for CRM...

[13/21] 📰 Fetching for AVGO...

[14/21] 📰 Fetching for GOOGL...

[15/21] 📰 Fetching for AMD...

[16/21] 📰 Fetching for COIN...

[17/21] 📰 Fetching for MSFT...

[18/21] 📰 Fetching for NVDA...

[19/21] 📰 Fetching for GOOG...

[20/21] 📰 Fetching for UBER...

[21/21] 📰 Fetching for ADBE...

============================================================
✅ Batch fetch complete! Total synced: 0
============================================================
============================================================
🚀 News Batch Fetcher - 持倉+Watchlist 新聞抓取
   Time: 2026-03-14 20:20:08
   Limit: 3 articles per symbol
   Dry run: False
============================================================
[WARN] Failed to get positions: 502
📋 Found 21 watchlist from DB (stocks table)

🎯 Total unique symbols to fetch: 21

📋 Symbols: UBER, AMD, TSM, AAPL, QCOM, ORCL, NFLX, GOOGL, NVDA, AVGO...

[1/21] 📰 Fetching for UBER...

[2/21] 📰 Fetching for AMD...

[3/21] 📰 Fetching for TSM...

[4/21] 📰 Fetching for AAPL...

[5/21] 📰 Fetching for QCOM...

[6/21] 📰 Fetching for ORCL...

[7/21] 📰 Fetching for NFLX...

[8/21] 📰 Fetching for GOOGL...

[9/21] 📰 Fetching for NVDA...

[10/21] 📰 Fetching for AVGO...

[11/21] 📰 Fetching for MSFT...

[12/21] 📰 Fetching for MSTR...

[13/21] 📰 Fetching for MU...

[14/21] 📰 Fetching for TXN...

[15/21] 📰 Fetching for COIN...

[16/21] 📰 Fetching for CRM...

[17/21] 📰 Fetching for GOOG...

[18/21] 📰 Fetching for ADBE...

[19/21] 📰 Fetching for META...

[20/21] 📰 Fetching for AMZN...

[21/21] 📰 Fetching for TSLA...

============================================================
✅ Batch fetch complete! Total synced: 0
============================================================
[2026-03-14 21:15:00] BLOCKED: OS crontab trigger rejected. Remove OS crontab entry: crontab -e
[2026-03-14 21:16:39] news batch skipped: lock active
[2026-03-14 22:15:00] BLOCKED: OS crontab trigger rejected. Remove OS crontab entry: crontab -e
[2026-03-14 22:16:33] news batch start
[2026-03-14 22:18:43] news batch skipped: lock active
[2026-03-14 22:19:10] news batch start
============================================================
🚀 News Batch Fetcher - 持倉+Watchlist 新聞抓取
   Time: 2026-03-14 22:16:33
   Limit: 3 articles per symbol
   Dry run: False
============================================================
[WARN] Failed to get positions: 502
📋 Found 21 watchlist from DB (stocks table)

🎯 Total unique symbols to fetch: 21

📋 Symbols: TXN, AVGO, TSLA, GOOG, MU, QCOM, NFLX, CRM, MSTR, NVDA...

[1/21] 📰 Fetching for TXN...

[2/21] 📰 Fetching for AVGO...

[3/21] 📰 Fetching for TSLA...

[4/21] 📰 Fetching for GOOG...

[5/21] 📰 Fetching for MU...

[6/21] 📰 Fetching for QCOM...

[7/21] 📰 Fetching for NFLX...

[8/21] 📰 Fetching for CRM...

[9/21] 📰 Fetching for MSTR...

[10/21] 📰 Fetching for NVDA...

[11/21] 📰 Fetching for COIN...

[12/21] 📰 Fetching for UBER...

[13/21] 📰 Fetching for AMZN...

[14/21] 📰 Fetching for ADBE...

[15/21] 📰 Fetching for ORCL...

[16/21] 📰 Fetching for META...

[17/21] 📰 Fetching for AAPL...

[18/21] 📰 Fetching for MSFT...

[19/21] 📰 Fetching for GOOGL...

[20/21] 📰 Fetching for TSM...

[21/21] 📰 Fetching for AMD...

============================================================
✅ Batch fetch complete! Total synced: 0
============================================================
============================================================
🚀 News Batch Fetcher - 持倉+Watchlist 新聞抓取
   Time: 2026-03-14 22:19:10
   Limit: 3 articles per symbol
   Dry run: False
============================================================
[WARN] Failed to get positions: 502
📋 Found 21 watchlist from DB (stocks table)

🎯 Total unique symbols to fetch: 21

📋 Symbols: GOOG, ORCL, AVGO, MU, ADBE, GOOGL, MSFT, TXN, QCOM, AMD...

[1/21] 📰 Fetching for GOOG...

[2/21] 📰 Fetching for ORCL...

[3/21] 📰 Fetching for AVGO...

[4/21] 📰 Fetching for MU...

[5/21] 📰 Fetching for ADBE...

[6/21] 📰 Fetching for GOOGL...

[7/21] 📰 Fetching for MSFT...

[8/21] 📰 Fetching for TXN...

[9/21] 📰 Fetching for QCOM...

[10/21] 📰 Fetching for AMD...

[11/21] 📰 Fetching for TSM...

[12/21] 📰 Fetching for CRM...

[13/21] 📰 Fetching for AMZN...

[14/21] 📰 Fetching for UBER...

[15/21] 📰 Fetching for META...

[16/21] 📰 Fetching for TSLA...

[17/21] 📰 Fetching for NVDA...

[18/21] 📰 Fetching for MSTR...

[19/21] 📰 Fetching for NFLX...

[20/21] 📰 Fetching for COIN...

[21/21] 📰 Fetching for AAPL...

============================================================
✅ Batch fetch complete! Total synced: 0
============================================================
[2026-03-14 23:15:00] BLOCKED: OS crontab trigger rejected. Remove OS crontab entry: crontab -e
[2026-03-14 23:16:45] news batch skipped: lock active
[2026-03-15 00:15:00] BLOCKED: OS crontab trigger rejected. Remove OS crontab entry: crontab -e
[2026-03-15 00:17:19] news batch skipped: lock active
[2026-03-15 01:15:00] BLOCKED: OS crontab trigger rejected. Remove OS crontab entry: crontab -e
[2026-03-15 01:16:23] news batch skipped: lock active
[2026-03-15 02:15:00] BLOCKED: OS crontab trigger rejected. Remove OS crontab entry: crontab -e
[2026-03-15 02:15:39] news batch skipped: lock active
[2026-03-15 02:16:03] news batch start
============================================================
🚀 News Batch Fetcher - 持倉+Watchlist 新聞抓取
   Time: 2026-03-15 02:16:03
   Limit: 3 articles per symbol
   Dry run: False
============================================================
[WARN] Failed to get positions: 502
📋 Found 21 watchlist from DB (stocks table)

🎯 Total unique symbols to fetch: 21

📋 Symbols: QCOM, META, ADBE, NVDA, GOOGL, AMD, NFLX, TSM, AMZN, TXN...

[1/21] 📰 Fetching for QCOM...

[2/21] 📰 Fetching for META...

[3/21] 📰 Fetching for ADBE...

[4/21] 📰 Fetching for NVDA...

[5/21] 📰 Fetching for GOOGL...

[6/21] 📰 Fetching for AMD...

[7/21] 📰 Fetching for NFLX...

[8/21] 📰 Fetching for TSM...

[9/21] 📰 Fetching for AMZN...

[10/21] 📰 Fetching for TXN...

[11/21] 📰 Fetching for MSTR...

[12/21] 📰 Fetching for MSFT...

[13/21] 📰 Fetching for AAPL...

[14/21] 📰 Fetching for COIN...

[15/21] 📰 Fetching for TSLA...

[16/21] 📰 Fetching for UBER...

[17/21] 📰 Fetching for MU...

[18/21] 📰 Fetching for AVGO...

[19/21] 📰 Fetching for ORCL...

[20/21] 📰 Fetching for GOOG...

[21/21] 📰 Fetching for CRM...

============================================================
✅ Batch fetch complete! Total synced: 0
============================================================
[2026-03-15 03:15:00] BLOCKED: OS crontab trigger rejected. Remove OS crontab entry: crontab -e
[2026-03-15 03:16:00] news batch skipped: lock active
[2026-03-15 04:15:00] BLOCKED: OS crontab trigger rejected. Remove OS crontab entry: crontab -e
[2026-03-15 04:16:09] news batch skipped: lock active
[2026-03-15 04:16:12] news batch skipped: lock active
[2026-03-15 05:15:00] BLOCKED: OS crontab trigger rejected. Remove OS crontab entry: crontab -e
[2026-03-15 05:16:09] news batch skipped: lock active
[2026-03-15 06:15:00] BLOCKED: OS crontab trigger rejected. Remove OS crontab entry: crontab -e
[2026-03-15 07:15:00] BLOCKED: OS crontab trigger rejected. Remove OS crontab entry: crontab -e
[2026-03-15 07:16:47] news batch skipped: lock active
[2026-03-15 08:15:00] BLOCKED: OS crontab trigger rejected. Remove OS crontab entry: crontab -e
[2026-03-15 08:15:47] news batch skipped: lock active
[2026-03-15 09:15:00] BLOCKED: OS crontab trigger rejected. Remove OS crontab entry: crontab -e
[2026-03-15 09:16:09] news batch skipped: lock active
[2026-03-15 09:16:34] news batch start
[2026-03-15 09:20:33] news batch start
============================================================
🚀 News Batch Fetcher - 持倉+Watchlist 新聞抓取
   Time: 2026-03-15 09:16:34
   Limit: 3 articles per symbol
   Dry run: False
============================================================
[WARN] Failed to get positions: 502
📋 Found 21 watchlist from DB (stocks table)

🎯 Total unique symbols to fetch: 21

📋 Symbols: ORCL, QCOM, TSM, ADBE, AAPL, COIN, MU, NFLX, GOOGL, AMD...

[1/21] 📰 Fetching for ORCL...

[2/21] 📰 Fetching for QCOM...

[3/21] 📰 Fetching for TSM...

[4/21] 📰 Fetching for ADBE...

[5/21] 📰 Fetching for AAPL...

[6/21] 📰 Fetching for COIN...

[7/21] 📰 Fetching for MU...

[8/21] 📰 Fetching for NFLX...

[9/21] 📰 Fetching for GOOGL...

[10/21] 📰 Fetching for AMD...

[11/21] 📰 Fetching for UBER...

[12/21] 📰 Fetching for META...

[13/21] 📰 Fetching for CRM...

[14/21] 📰 Fetching for NVDA...

[15/21] 📰 Fetching for TSLA...

[16/21] 📰 Fetching for GOOG...

[17/21] 📰 Fetching for AVGO...

[18/21] 📰 Fetching for TXN...

[19/21] 📰 Fetching for MSFT...

[20/21] 📰 Fetching for AMZN...

[21/21] 📰 Fetching for MSTR...

============================================================
✅ Batch fetch complete! Total synced: 0
============================================================
============================================================
🚀 News Batch Fetcher - 持倉+Watchlist 新聞抓取
   Time: 2026-03-15 09:20:33
   Limit: 3 articles per symbol
   Dry run: False
============================================================
[WARN] Failed to get positions: 502
📋 Found 21 watchlist from DB (stocks table)

🎯 Total unique symbols to fetch: 21

📋 Symbols: ADBE, UBER, AMD, QCOM, TSLA, MSTR, AAPL, COIN, MU, TXN...

[1/21] 📰 Fetching for ADBE...

[2/21] 📰 Fetching for UBER...

[3/21] 📰 Fetching for AMD...

[4/21] 📰 Fetching for QCOM...

[5/21] 📰 Fetching for TSLA...

[6/21] 📰 Fetching for MSTR...

[7/21] 📰 Fetching for AAPL...

[8/21] 📰 Fetching for COIN...

[9/21] 📰 Fetching for MU...

[10/21] 📰 Fetching for TXN...

[11/21] 📰 Fetching for MSFT...

[12/21] 📰 Fetching for NVDA...

[13/21] 📰 Fetching for CRM...

[14/21] 📰 Fetching for META...

[15/21] 📰 Fetching for TSM...

[16/21] 📰 Fetching for AVGO...

[17/21] 📰 Fetching for ORCL...

[18/21] 📰 Fetching for GOOG...

[19/21] 📰 Fetching for GOOGL...

[20/21] 📰 Fetching for NFLX...

[21/21] 📰 Fetching for AMZN...

============================================================
✅ Batch fetch complete! Total synced: 0
============================================================
[2026-03-15 10:15:00] BLOCKED: OS crontab trigger rejected. Remove OS crontab entry: crontab -e
[2026-03-15 10:17:23] news batch start
[2026-03-15 10:19:31] news batch skipped: lock active
============================================================
🚀 News Batch Fetcher - 持倉+Watchlist 新聞抓取
   Time: 2026-03-15 10:17:23
   Limit: 3 articles per symbol
   Dry run: False
============================================================
[WARN] Failed to get positions: 502
📋 Found 21 watchlist from DB (stocks table)

🎯 Total unique symbols to fetch: 21

📋 Symbols: GOOG, UBER, AAPL, QCOM, META, MSTR, TSLA, AMZN, AMD, CRM...

[1/21] 📰 Fetching for GOOG...

[2/21] 📰 Fetching for UBER...

[3/21] 📰 Fetching for AAPL...

[4/21] 📰 Fetching for QCOM...

[5/21] 📰 Fetching for META...

[6/21] 📰 Fetching for MSTR...

[7/21] 📰 Fetching for TSLA...

[8/21] 📰 Fetching for AMZN...

[9/21] 📰 Fetching for AMD...

[10/21] 📰 Fetching for CRM...

[11/21] 📰 Fetching for MU...

[12/21] 📰 Fetching for MSFT...

[13/21] 📰 Fetching for NVDA...

[14/21] 📰 Fetching for TSM...

[15/21] 📰 Fetching for AVGO...

[16/21] 📰 Fetching for ORCL...

[17/21] 📰 Fetching for NFLX...

[18/21] 📰 Fetching for COIN...

[19/21] 📰 Fetching for TXN...

[20/21] 📰 Fetching for GOOGL...

[21/21] 📰 Fetching for ADBE...

============================================================
✅ Batch fetch complete! Total synced: 0
============================================================
[2026-03-15 11:15:00] BLOCKED: OS crontab trigger rejected. Remove OS crontab entry: crontab -e
[2026-03-15 11:16:09] news batch skipped: lock active
[2026-03-15 12:15:00] BLOCKED: OS crontab trigger rejected. Remove OS crontab entry: crontab -e
[2026-03-15 12:33:28] news batch skipped: lock active
[2026-03-15 12:33:49] news batch start
============================================================
🚀 News Batch Fetcher - 持倉+Watchlist 新聞抓取
   Time: 2026-03-15 12:33:49
   Limit: 3 articles per symbol
   Dry run: False
============================================================
[WARN] Failed to get positions: 502
📋 Found 21 watchlist from DB (stocks table)

🎯 Total unique symbols to fetch: 21

📋 Symbols: AMD, ORCL, QCOM, UBER, META, COIN, NVDA, MSTR, CRM, GOOG...

[1/21] 📰 Fetching for AMD...

[2/21] 📰 Fetching for ORCL...

[3/21] 📰 Fetching for QCOM...

[4/21] 📰 Fetching for UBER...

[5/21] 📰 Fetching for META...

[6/21] 📰 Fetching for COIN...

[7/21] 📰 Fetching for NVDA...

[8/21] 📰 Fetching for MSTR...

[9/21] 📰 Fetching for CRM...

[10/21] 📰 Fetching for GOOG...

[11/21] 📰 Fetching for AVGO...

[12/21] 📰 Fetching for MU...

[13/21] 📰 Fetching for TSLA...

[14/21] 📰 Fetching for TSM...

[15/21] 📰 Fetching for ADBE...

[16/21] 📰 Fetching for NFLX...

[17/21] 📰 Fetching for TXN...

[18/21] 📰 Fetching for AMZN...

[19/21] 📰 Fetching for AAPL...

[20/21] 📰 Fetching for MSFT...

[21/21] 📰 Fetching for GOOGL...

============================================================
✅ Batch fetch complete! Total synced: 0
============================================================
[2026-03-15 12:38:47] news batch done
[2026-03-15 13:15:01] BLOCKED: OS crontab trigger rejected. Remove OS crontab entry: crontab -e
[2026-03-15 13:16:38] news batch start
[2026-03-15 13:18:43] news batch skipped: lock active
[2026-03-15 13:19:00] news batch skipped: lock active
[2026-03-15 13:19:07] news batch start
============================================================
🚀 News Batch Fetcher - 持倉+Watchlist 新聞抓取
   Time: 2026-03-15 13:16:38
   Limit: 3 articles per symbol
   Dry run: False
============================================================
[WARN] Failed to get positions: 502
📋 Found 21 watchlist from DB (stocks table)

🎯 Total unique symbols to fetch: 21

📋 Symbols: AMZN, UBER, TSM, CRM, TXN, NFLX, AAPL, AVGO, MSFT, ADBE...

[1/21] 📰 Fetching for AMZN...

[2/21] 📰 Fetching for UBER...

[3/21] 📰 Fetching for TSM...

[4/21] 📰 Fetching for CRM...

[5/21] 📰 Fetching for TXN...

[6/21] 📰 Fetching for NFLX...

[7/21] 📰 Fetching for AAPL...

[8/21] 📰 Fetching for AVGO...

[9/21] 📰 Fetching for MSFT...

[10/21] 📰 Fetching for ADBE...

[11/21] 📰 Fetching for QCOM...

[12/21] 📰 Fetching for MSTR...

[13/21] 📰 Fetching for COIN...

[14/21] 📰 Fetching for GOOG...

[15/21] 📰 Fetching for META...

[16/21] 📰 Fetching for TSLA...

[17/21] 📰 Fetching for ORCL...

[18/21] 📰 Fetching for GOOGL...

[19/21] 📰 Fetching for MU...

[20/21] 📰 Fetching for AMD...

[21/21] 📰 Fetching for NVDA...

============================================================
✅ Batch fetch complete! Total synced: 0
============================================================
============================================================
🚀 News Batch Fetcher - 持倉+Watchlist 新聞抓取
   Time: 2026-03-15 13:19:07
   Limit: 3 articles per symbol
   Dry run: False
============================================================
[WARN] Failed to get positions: 502
📋 Found 21 watchlist from DB (stocks table)

🎯 Total unique symbols to fetch: 21

📋 Symbols: AMZN, MSFT, META, MSTR, TSLA, NVDA, AMD, NFLX, MU, AVGO...

[1/21] 📰 Fetching for AMZN...

[2/21] 📰 Fetching for MSFT...

[3/21] 📰 Fetching for META...

[4/21] 📰 Fetching for MSTR...

[5/21] 📰 Fetching for TSLA...

[6/21] 📰 Fetching for NVDA...

[7/21] 📰 Fetching for AMD...

[8/21] 📰 Fetching for NFLX...

[9/21] 📰 Fetching for MU...

[10/21] 📰 Fetching for AVGO...

[11/21] 📰 Fetching for ADBE...

[12/21] 📰 Fetching for CRM...

[13/21] 📰 Fetching for GOOG...

[14/21] 📰 Fetching for ORCL...

[15/21] 📰 Fetching for TSM...

[16/21] 📰 Fetching for QCOM...

[17/21] 📰 Fetching for TXN...

[18/21] 📰 Fetching for AAPL...

[19/21] 📰 Fetching for GOOGL...

[20/21] 📰 Fetching for COIN...

[21/21] 📰 Fetching for UBER...

============================================================
✅ Batch fetch complete! Total synced: 0
============================================================
[2026-03-15 14:15:00] BLOCKED: OS crontab trigger rejected. Remove OS crontab entry: crontab -e
[2026-03-15 14:16:09] news batch start
[2026-03-15 14:18:48] news batch skipped: lock active
[2026-03-15 14:19:05] news batch start
============================================================
🚀 News Batch Fetcher - 持倉+Watchlist 新聞抓取
   Time: 2026-03-15 14:16:09
   Limit: 3 articles per symbol
   Dry run: False
============================================================
[WARN] Failed to get positions: 502
📋 Found 21 watchlist from DB (stocks table)

🎯 Total unique symbols to fetch: 21

📋 Symbols: GOOG, MU, NFLX, TSM, GOOGL, UBER, AMZN, ADBE, CRM, AVGO...

[1/21] 📰 Fetching for GOOG...

[2/21] 📰 Fetching for MU...

[3/21] 📰 Fetching for NFLX...

[4/21] 📰 Fetching for TSM...

[5/21] 📰 Fetching for GOOGL...

[6/21] 📰 Fetching for UBER...

[7/21] 📰 Fetching for AMZN...

[8/21] 📰 Fetching for ADBE...

[9/21] 📰 Fetching for CRM...

[10/21] 📰 Fetching for AVGO...

[11/21] 📰 Fetching for COIN...

[12/21] 📰 Fetching for TSLA...

[13/21] 📰 Fetching for NVDA...

[14/21] 📰 Fetching for ORCL...

[15/21] 📰 Fetching for QCOM...

[16/21] 📰 Fetching for TXN...

[17/21] 📰 Fetching for AMD...

[18/21] 📰 Fetching for MSTR...

[19/21] 📰 Fetching for AAPL...

[20/21] 📰 Fetching for META...

[21/21] 📰 Fetching for MSFT...

============================================================
✅ Batch fetch complete! Total synced: 0
============================================================
============================================================
🚀 News Batch Fetcher - 持倉+Watchlist 新聞抓取
   Time: 2026-03-15 14:19:05
   Limit: 3 articles per symbol
   Dry run: False
============================================================
[WARN] Failed to get positions: 502
📋 Found 21 watchlist from DB (stocks table)

🎯 Total unique symbols to fetch: 21

📋 Symbols: AAPL, NVDA, AMD, GOOGL, COIN, UBER, AVGO, QCOM, GOOG, ORCL...

[1/21] 📰 Fetching for AAPL...

[2/21] 📰 Fetching for NVDA...

[3/21] 📰 Fetching for AMD...

[4/21] 📰 Fetching for GOOGL...

[5/21] 📰 Fetching for COIN...

[6/21] 📰 Fetching for UBER...

[7/21] 📰 Fetching for AVGO...

[8/21] 📰 Fetching for QCOM...

[9/21] 📰 Fetching for GOOG...

[10/21] 📰 Fetching for ORCL...

[11/21] 📰 Fetching for ADBE...

[12/21] 📰 Fetching for NFLX...

[13/21] 📰 Fetching for TXN...

[14/21] 📰 Fetching for MU...

[15/21] 📰 Fetching for CRM...

[16/21] 📰 Fetching for MSTR...

[17/21] 📰 Fetching for TSLA...

[18/21] 📰 Fetching for TSM...

[19/21] 📰 Fetching for AMZN...

[20/21] 📰 Fetching for MSFT...

[21/21] 📰 Fetching for META...

============================================================
✅ Batch fetch complete! Total synced: 0
============================================================
[2026-03-15 15:15:00] BLOCKED: OS crontab trigger rejected. Remove OS crontab entry: crontab -e
[2026-03-15 15:16:48] news batch skipped: lock active
[2026-03-15 16:15:00] BLOCKED: OS crontab trigger rejected. Remove OS crontab entry: crontab -e
[2026-03-15 16:16:35] news batch skipped: lock active
[2026-03-15 16:16:59] news batch start
[2026-03-15 16:19:22] news batch skipped: lock active
[2026-03-15 16:19:28] news batch start
============================================================
🚀 News Batch Fetcher - 持倉+Watchlist 新聞抓取
   Time: 2026-03-15 16:16:59
   Limit: 3 articles per symbol
   Dry run: False
============================================================
[WARN] Failed to get positions: 502
📋 Found 21 watchlist from DB (stocks table)

🎯 Total unique symbols to fetch: 21

📋 Symbols: AMZN, TSM, TSLA, ORCL, QCOM, GOOG, NFLX, META, TXN, UBER...

[1/21] 📰 Fetching for AMZN...

[2/21] 📰 Fetching for TSM...

[3/21] 📰 Fetching for TSLA...

[4/21] 📰 Fetching for ORCL...

[5/21] 📰 Fetching for QCOM...

[6/21] 📰 Fetching for GOOG...

[7/21] 📰 Fetching for NFLX...

[8/21] 📰 Fetching for META...

[9/21] 📰 Fetching for TXN...

[10/21] 📰 Fetching for UBER...

[11/21] 📰 Fetching for COIN...

[12/21] 📰 Fetching for AAPL...

[13/21] 📰 Fetching for CRM...

[14/21] 📰 Fetching for AMD...

[15/21] 📰 Fetching for ADBE...

[16/21] 📰 Fetching for MSTR...

[17/21] 📰 Fetching for GOOGL...

[18/21] 📰 Fetching for MU...

[19/21] 📰 Fetching for AVGO...

[20/21] 📰 Fetching for NVDA...

[21/21] 📰 Fetching for MSFT...

============================================================
✅ Batch fetch complete! Total synced: 0
============================================================
============================================================
🚀 News Batch Fetcher - 持倉+Watchlist 新聞抓取
   Time: 2026-03-15 16:19:28
   Limit: 3 articles per symbol
   Dry run: False
============================================================
[WARN] Failed to get positions: 502
📋 Found 21 watchlist from DB (stocks table)

🎯 Total unique symbols to fetch: 21

📋 Symbols: MSTR, TXN, AMD, QCOM, MU, AVGO, NVDA, GOOGL, ORCL, TSM...

[1/21] 📰 Fetching for MSTR...

[2/21] 📰 Fetching for TXN...

[3/21] 📰 Fetching for AMD...

[4/21] 📰 Fetching for QCOM...

[5/21] 📰 Fetching for MU...

[6/21] 📰 Fetching for AVGO...

[7/21] 📰 Fetching for NVDA...

[8/21] 📰 Fetching for GOOGL...

[9/21] 📰 Fetching for ORCL...

[10/21] 📰 Fetching for TSM...

[11/21] 📰 Fetching for META...

[12/21] 📰 Fetching for COIN...

[13/21] 📰 Fetching for MSFT...

[14/21] 📰 Fetching for NFLX...

[15/21] 📰 Fetching for TSLA...

[16/21] 📰 Fetching for CRM...

[17/21] 📰 Fetching for GOOG...

[18/21] 📰 Fetching for AMZN...

[19/21] 📰 Fetching for UBER...

[20/21] 📰 Fetching for AAPL...

[21/21] 📰 Fetching for ADBE...

============================================================
✅ Batch fetch complete! Total synced: 0
============================================================
[2026-03-15 17:15:00] BLOCKED: OS crontab trigger rejected. Remove OS crontab entry: crontab -e
[2026-03-15 17:16:26] news batch skipped: lock active
[2026-03-15 18:15:01] BLOCKED: OS crontab trigger rejected. Remove OS crontab entry: crontab -e
[2026-03-15 19:15:00] BLOCKED: OS crontab trigger rejected. Remove OS crontab entry: crontab -e
[2026-03-15 19:15:59] news batch skipped: lock active
[2026-03-15 20:15:00] BLOCKED: OS crontab trigger rejected. Remove OS crontab entry: crontab -e
[2026-03-15 20:17:24] news batch skipped: lock active
[2026-03-15 20:17:56] news batch start
============================================================
🚀 News Batch Fetcher - 持倉+Watchlist 新聞抓取
   Time: 2026-03-15 20:17:56
   Limit: 3 articles per symbol
   Dry run: False
============================================================
[WARN] Failed to get positions: 502
📋 Found 21 watchlist from DB (stocks table)

🎯 Total unique symbols to fetch: 21

📋 Symbols: CRM, MSTR, META, UBER, NFLX, QCOM, GOOGL, MU, AMD, GOOG...

[1/21] 📰 Fetching for CRM...

[2/21] 📰 Fetching for MSTR...

[3/21] 📰 Fetching for META...

[4/21] 📰 Fetching for UBER...

[5/21] 📰 Fetching for NFLX...

[6/21] 📰 Fetching for QCOM...

[7/21] 📰 Fetching for GOOGL...

[8/21] 📰 Fetching for MU...

[9/21] 📰 Fetching for AMD...

[10/21] 📰 Fetching for GOOG...

[11/21] 📰 Fetching for AAPL...

[12/21] 📰 Fetching for MSFT...

[13/21] 📰 Fetching for AVGO...

[14/21] 📰 Fetching for COIN...

[15/21] 📰 Fetching for AMZN...

[16/21] 📰 Fetching for TSLA...

[17/21] 📰 Fetching for NVDA...

[18/21] 📰 Fetching for TXN...

[19/21] 📰 Fetching for TSM...

[20/21] 📰 Fetching for ORCL...

[21/21] 📰 Fetching for ADBE...

============================================================
✅ Batch fetch complete! Total synced: 0
============================================================
[2026-03-15 21:15:00] BLOCKED: OS crontab trigger rejected. Remove OS crontab entry: crontab -e
[2026-03-15 21:16:32] news batch skipped: lock active
[2026-03-15 22:15:00] BLOCKED: OS crontab trigger rejected. Remove OS crontab entry: crontab -e
[2026-03-15 23:15:00] BLOCKED: OS crontab trigger rejected. Remove OS crontab entry: crontab -e
[2026-03-15 23:16:27] news batch skipped: lock active
[2026-03-15 23:16:35] news batch skipped: lock active
[2026-03-16 00:15:00] BLOCKED: OS crontab trigger rejected. Remove OS crontab entry: crontab -e
[2026-03-16 00:16:42] news batch skipped: lock active
[2026-03-16 01:15:00] BLOCKED: OS crontab trigger rejected. Remove OS crontab entry: crontab -e
[2026-03-16 01:16:31] news batch skipped: lock active
[2026-03-16 02:15:00] BLOCKED: OS crontab trigger rejected. Remove OS crontab entry: crontab -e
[2026-03-16 02:15:57] news batch skipped: lock active
[2026-03-16 03:15:01] BLOCKED: OS crontab trigger rejected. Remove OS crontab entry: crontab -e
[2026-03-16 03:16:12] news batch skipped: lock active
[2026-03-16 03:16:46] news batch start
============================================================
🚀 News Batch Fetcher - 持倉+Watchlist 新聞抓取
   Time: 2026-03-16 03:16:47
   Limit: 3 articles per symbol
   Dry run: False
============================================================
[WARN] Failed to get positions: 502
📋 Found 21 watchlist from DB (stocks table)

🎯 Total unique symbols to fetch: 21

📋 Symbols: MU, QCOM, AMD, NVDA, GOOG, NFLX, TXN, GOOGL, MSFT, ADBE...

[1/21] 📰 Fetching for MU...

[2/21] 📰 Fetching for QCOM...

[3/21] 📰 Fetching for AMD...

[4/21] 📰 Fetching for NVDA...

[5/21] 📰 Fetching for GOOG...

[6/21] 📰 Fetching for NFLX...

[7/21] 📰 Fetching for TXN...

[8/21] 📰 Fetching for GOOGL...

[9/21] 📰 Fetching for MSFT...

[10/21] 📰 Fetching for ADBE...

[11/21] 📰 Fetching for AMZN...

[12/21] 📰 Fetching for TSLA...

[13/21] 📰 Fetching for TSM...

[14/21] 📰 Fetching for COIN...

[15/21] 📰 Fetching for META...

[16/21] 📰 Fetching for CRM...

[17/21] 📰 Fetching for ORCL...

[18/21] 📰 Fetching for UBER...

[19/21] 📰 Fetching for AAPL...

[20/21] 📰 Fetching for MSTR...

[21/21] 📰 Fetching for AVGO...

============================================================
✅ Batch fetch complete! Total synced: 0
============================================================
[2026-03-16 04:15:00] BLOCKED: OS crontab trigger rejected. Remove OS crontab entry: crontab -e
[2026-03-16 04:15:58] news batch start
============================================================
🚀 News Batch Fetcher - 持倉+Watchlist 新聞抓取
   Time: 2026-03-16 04:15:58
   Limit: 3 articles per symbol
   Dry run: False
============================================================
[WARN] Failed to get positions: 502
📋 Found 21 watchlist from DB (stocks table)

🎯 Total unique symbols to fetch: 21

📋 Symbols: MSTR, META, AVGO, MU, TXN, GOOGL, AMD, AAPL, CRM, AMZN...

[1/21] 📰 Fetching for MSTR...

[2/21] 📰 Fetching for META...

[3/21] 📰 Fetching for AVGO...

[4/21] 📰 Fetching for MU...

[5/21] 📰 Fetching for TXN...

[6/21] 📰 Fetching for GOOGL...

[7/21] 📰 Fetching for AMD...

[8/21] 📰 Fetching for AAPL...

[9/21] 📰 Fetching for CRM...

[10/21] 📰 Fetching for AMZN...

[11/21] 📰 Fetching for GOOG...

[12/21] 📰 Fetching for ADBE...

[13/21] 📰 Fetching for TSLA...

[14/21] 📰 Fetching for ORCL...

[15/21] 📰 Fetching for COIN...

[16/21] 📰 Fetching for TSM...

[17/21] 📰 Fetching for UBER...

[18/21] 📰 Fetching for QCOM...

[19/21] 📰 Fetching for NVDA...

[20/21] 📰 Fetching for NFLX...

[21/21] 📰 Fetching for MSFT...

============================================================
✅ Batch fetch complete! Total synced: 0
============================================================
[2026-03-16 05:15:00] BLOCKED: OS crontab trigger rejected. Remove OS crontab entry: crontab -e
[2026-03-16 05:16:39] news batch skipped: lock active
[2026-03-16 06:15:00] BLOCKED: OS crontab trigger rejected. Remove OS crontab entry: crontab -e
[2026-03-16 06:16:09] news batch skipped: lock active
[2026-03-16 06:16:12] news batch skipped: lock active
[2026-03-16 07:15:00] BLOCKED: OS crontab trigger rejected. Remove OS crontab entry: crontab -e
[2026-03-16 08:15:00] BLOCKED: OS crontab trigger rejected. Remove OS crontab entry: crontab -e
[2026-03-16 08:15:49] news batch skipped: lock active
[2026-03-16 08:16:43] news batch start
============================================================
🚀 News Batch Fetcher - 持倉+Watchlist 新聞抓取
   Time: 2026-03-16 08:16:43
   Limit: 3 articles per symbol
   Dry run: False
============================================================
[WARN] Failed to get positions: 502
📋 Found 21 watchlist from DB (stocks table)

🎯 Total unique symbols to fetch: 21

📋 Symbols: AMD, UBER, AAPL, NFLX, AMZN, META, CRM, TXN, GOOG, MSTR...

[1/21] 📰 Fetching for AMD...

[2/21] 📰 Fetching for UBER...

[3/21] 📰 Fetching for AAPL...

[4/21] 📰 Fetching for NFLX...

[5/21] 📰 Fetching for AMZN...

[6/21] 📰 Fetching for META...

[7/21] 📰 Fetching for CRM...

[8/21] 📰 Fetching for TXN...

[9/21] 📰 Fetching for GOOG...

[10/21] 📰 Fetching for MSTR...

[11/21] 📰 Fetching for NVDA...

[12/21] 📰 Fetching for COIN...

[13/21] 📰 Fetching for TSM...

[14/21] 📰 Fetching for AVGO...

[15/21] 📰 Fetching for MU...

[16/21] 📰 Fetching for GOOGL...

[17/21] 📰 Fetching for MSFT...

[18/21] 📰 Fetching for ORCL...

[19/21] 📰 Fetching for ADBE...

[20/21] 📰 Fetching for QCOM...

[21/21] 📰 Fetching for TSLA...

============================================================
✅ Batch fetch complete! Total synced: 0
============================================================
[2026-03-16 09:15:01] BLOCKED: OS crontab trigger rejected. Remove OS crontab entry: crontab -e
[2026-03-16 09:16:33] news batch skipped: lock active
[2026-03-16 10:15:00] BLOCKED: OS crontab trigger rejected. Remove OS crontab entry: crontab -e
[2026-03-16 10:17:18] news batch skipped: lock active
[2026-03-16 11:15:00] BLOCKED: OS crontab trigger rejected. Remove OS crontab entry: crontab -e
[2026-03-16 11:16:37] news batch skipped: lock active
[2026-03-16 12:15:00] BLOCKED: OS crontab trigger rejected. Remove OS crontab entry: crontab -e
[2026-03-16 12:16:19] news batch skipped: lock active
[2026-03-16 13:15:00] BLOCKED: OS crontab trigger rejected. Remove OS crontab entry: crontab -e
[2026-03-16 13:16:32] news batch skipped: lock active
[2026-03-16 14:15:00] BLOCKED: OS crontab trigger rejected. Remove OS crontab entry: crontab -e
[2026-03-16 14:16:21] news batch skipped: lock active
[2026-03-16 14:16:25] news batch skipped: lock active
[2026-03-16 15:15:00] BLOCKED: OS crontab trigger rejected. Remove OS crontab entry: crontab -e
[2026-03-16 15:17:30] news batch skipped: lock active
[2026-03-16 16:15:00] BLOCKED: OS crontab trigger rejected. Remove OS crontab entry: crontab -e
[2026-03-16 16:17:06] news batch skipped: lock active
[2026-03-16 16:17:29] news batch start
[2026-03-16 16:22:51] news batch start
============================================================
🚀 News Batch Fetcher - 持倉+Watchlist 新聞抓取
   Time: 2026-03-16 16:17:29
   Limit: 3 articles per symbol
   Dry run: False
============================================================
[WARN] Failed to get positions: 502
📋 Found 21 watchlist from DB (stocks table)

🎯 Total unique symbols to fetch: 21

📋 Symbols: TSM, AVGO, MSFT, GOOGL, ADBE, AMZN, QCOM, NFLX, AMD, TSLA...

[1/21] 📰 Fetching for TSM...

[2/21] 📰 Fetching for AVGO...

[3/21] 📰 Fetching for MSFT...

[4/21] 📰 Fetching for GOOGL...

[5/21] 📰 Fetching for ADBE...

[6/21] 📰 Fetching for AMZN...

[7/21] 📰 Fetching for QCOM...

[8/21] 📰 Fetching for NFLX...

[9/21] 📰 Fetching for AMD...

[10/21] 📰 Fetching for TSLA...

[11/21] 📰 Fetching for MU...

[12/21] 📰 Fetching for NVDA...

[13/21] 📰 Fetching for ORCL...

[14/21] 📰 Fetching for MSTR...

[15/21] 📰 Fetching for COIN...

[16/21] 📰 Fetching for META...

[17/21] 📰 Fetching for AAPL...

[18/21] 📰 Fetching for CRM...

[19/21] 📰 Fetching for TXN...

[20/21] 📰 Fetching for GOOG...

[21/21] 📰 Fetching for UBER...

============================================================
✅ Batch fetch complete! Total synced: 0
============================================================
[2026-03-16 17:15:00] BLOCKED: OS crontab trigger rejected. Remove OS crontab entry: crontab -e
[2026-03-16 17:16:29] news batch skipped: lock active
[2026-03-16 18:15:00] BLOCKED: OS crontab trigger rejected. Remove OS crontab entry: crontab -e
[2026-03-16 18:16:47] news batch skipped: lock active
[2026-03-16 18:17:14] news batch start
[2026-03-16 18:19:40] news batch start
============================================================
🚀 News Batch Fetcher - 持倉+Watchlist 新聞抓取
   Time: 2026-03-16 18:17:14
   Limit: 3 articles per symbol
   Dry run: False
============================================================
[WARN] Failed to get positions: 502
📋 Found 21 watchlist from DB (stocks table)

🎯 Total unique symbols to fetch: 21

📋 Symbols: AMD, MSFT, ADBE, NFLX, CRM, TSLA, UBER, NVDA, TSM, COIN...

[1/21] 📰 Fetching for AMD...

[2/21] 📰 Fetching for MSFT...

[3/21] 📰 Fetching for ADBE...

[4/21] 📰 Fetching for NFLX...

[5/21] 📰 Fetching for CRM...

[6/21] 📰 Fetching for TSLA...

[7/21] 📰 Fetching for UBER...

[8/21] 📰 Fetching for NVDA...

[9/21] 📰 Fetching for TSM...

[10/21] 📰 Fetching for COIN...

[11/21] 📰 Fetching for AVGO...

[12/21] 📰 Fetching for QCOM...

[13/21] 📰 Fetching for ORCL...

[14/21] 📰 Fetching for GOOG...

[15/21] 📰 Fetching for TXN...

[16/21] 📰 Fetching for GOOGL...

[17/21] 📰 Fetching for AAPL...

[18/21] 📰 Fetching for META...

[19/21] 📰 Fetching for AMZN...

[20/21] 📰 Fetching for MU...

[21/21] 📰 Fetching for MSTR...

============================================================
✅ Batch fetch complete! Total synced: 0
============================================================
============================================================
🚀 News Batch Fetcher - 持倉+Watchlist 新聞抓取
   Time: 2026-03-16 18:19:40
   Limit: 3 articles per symbol
   Dry run: False
============================================================
[WARN] Failed to get positions: 502
📋 Found 21 watchlist from DB (stocks table)

🎯 Total unique symbols to fetch: 21

📋 Symbols: GOOGL, NFLX, ADBE, UBER, TXN, COIN, CRM, AVGO, AMZN, ORCL...

[1/21] 📰 Fetching for GOOGL...

[2/21] 📰 Fetching for NFLX...

[3/21] 📰 Fetching for ADBE...

[4/21] 📰 Fetching for UBER...

[5/21] 📰 Fetching for TXN...

[6/21] 📰 Fetching for COIN...

[7/21] 📰 Fetching for CRM...

[8/21] 📰 Fetching for AVGO...

[9/21] 📰 Fetching for AMZN...

[10/21] 📰 Fetching for ORCL...

[11/21] 📰 Fetching for NVDA...

[12/21] 📰 Fetching for TSM...

[13/21] 📰 Fetching for QCOM...

[14/21] 📰 Fetching for TSLA...

[15/21] 📰 Fetching for MU...

[16/21] 📰 Fetching for META...

[17/21] 📰 Fetching for AMD...

[18/21] 📰 Fetching for AAPL...

[19/21] 📰 Fetching for GOOG...

[20/21] 📰 Fetching for MSFT...

[21/21] 📰 Fetching for MSTR...

============================================================
✅ Batch fetch complete! Total synced: 0
============================================================
[2026-03-16 19:15:01] BLOCKED: OS crontab trigger rejected. Remove OS crontab entry: crontab -e
[2026-03-16 19:16:13] news batch skipped: lock active
[2026-03-16 19:16:37] news batch start
============================================================
🚀 News Batch Fetcher - 持倉+Watchlist 新聞抓取
   Time: 2026-03-16 19:16:37
   Limit: 3 articles per symbol
   Dry run: False
============================================================
[WARN] Failed to get positions: 502
📋 Found 21 watchlist from DB (stocks table)

🎯 Total unique symbols to fetch: 21

📋 Symbols: TSLA, NFLX, CRM, ADBE, GOOG, NVDA, ORCL, AVGO, GOOGL, MSTR...

[1/21] 📰 Fetching for TSLA...

[2/21] 📰 Fetching for NFLX...

[3/21] 📰 Fetching for CRM...

[4/21] 📰 Fetching for ADBE...

[5/21] 📰 Fetching for GOOG...

[6/21] 📰 Fetching for NVDA...

[7/21] 📰 Fetching for ORCL...

[8/21] 📰 Fetching for AVGO...

[9/21] 📰 Fetching for GOOGL...

[10/21] 📰 Fetching for MSTR...

[11/21] 📰 Fetching for QCOM...

[12/21] 📰 Fetching for TSM...

[13/21] 📰 Fetching for TXN...

[14/21] 📰 Fetching for AMZN...

[15/21] 📰 Fetching for MU...

[16/21] 📰 Fetching for COIN...

[17/21] 📰 Fetching for MSFT...

[18/21] 📰 Fetching for AAPL...

[19/21] 📰 Fetching for AMD...

[20/21] 📰 Fetching for UBER...

[21/21] 📰 Fetching for META...

============================================================
✅ Batch fetch complete! Total synced: 0
============================================================
[2026-03-16 20:15:00] BLOCKED: OS crontab trigger rejected. Remove OS crontab entry: crontab -e
[2026-03-16 20:17:13] news batch start
[2026-03-16 20:22:47] news batch skipped: lock active
[2026-03-16 20:22:55] news batch start
============================================================
🚀 News Batch Fetcher - 持倉+Watchlist 新聞抓取
   Time: 2026-03-16 20:17:13
   Limit: 3 articles per symbol
   Dry run: False
============================================================
[WARN] Failed to get positions: 502
📋 Found 21 watchlist from DB (stocks table)

🎯 Total unique symbols to fetch: 21

📋 Symbols: AVGO, TSLA, COIN, META, AAPL, AMD, MU, CRM, TXN, TSM...

[1/21] 📰 Fetching for AVGO...

[2/21] 📰 Fetching for TSLA...

[3/21] 📰 Fetching for COIN...

[4/21] 📰 Fetching for META...

[5/21] 📰 Fetching for AAPL...

[6/21] 📰 Fetching for AMD...

[7/21] 📰 Fetching for MU...

[8/21] 📰 Fetching for CRM...

[9/21] 📰 Fetching for TXN...

[10/21] 📰 Fetching for TSM...

[11/21] 📰 Fetching for ORCL...

[12/21] 📰 Fetching for MSTR...

[13/21] 📰 Fetching for UBER...

[14/21] 📰 Fetching for ADBE...

[15/21] 📰 Fetching for GOOG...

[16/21] 📰 Fetching for GOOGL...

[17/21] 📰 Fetching for QCOM...

[18/21] 📰 Fetching for MSFT...

[19/21] 📰 Fetching for NFLX...

[20/21] 📰 Fetching for NVDA...

[21/21] 📰 Fetching for AMZN...

============================================================
✅ Batch fetch complete! Total synced: 0
============================================================
============================================================
🚀 News Batch Fetcher - 持倉+Watchlist 新聞抓取
   Time: 2026-03-16 20:22:55
   Limit: 3 articles per symbol
   Dry run: False
============================================================
[WARN] Failed to get positions: 502
📋 Found 21 watchlist from DB (stocks table)

🎯 Total unique symbols to fetch: 21

📋 Symbols: TSM, AVGO, META, TXN, TSLA, MSFT, GOOG, AAPL, QCOM, MU...

[1/21] 📰 Fetching for TSM...

[2/21] 📰 Fetching for AVGO...

[3/21] 📰 Fetching for META...

[4/21] 📰 Fetching for TXN...

[5/21] 📰 Fetching for TSLA...

[6/21] 📰 Fetching for MSFT...

[7/21] 📰 Fetching for GOOG...

[8/21] 📰 Fetching for AAPL...

[9/21] 📰 Fetching for QCOM...

[10/21] 📰 Fetching for MU...

[11/21] 📰 Fetching for MSTR...

[12/21] 📰 Fetching for NVDA...

[13/21] 📰 Fetching for ORCL...

[14/21] 📰 Fetching for AMZN...

[15/21] 📰 Fetching for NFLX...

[16/21] 📰 Fetching for GOOGL...

[17/21] 📰 Fetching for UBER...

[18/21] 📰 Fetching for ADBE...

[19/21] 📰 Fetching for COIN...

[20/21] 📰 Fetching for CRM...

[21/21] 📰 Fetching for AMD...

============================================================
✅ Batch fetch complete! Total synced: 0
============================================================
[2026-03-16 21:15:00] BLOCKED: OS crontab trigger rejected. Remove OS crontab entry: crontab -e
[2026-03-16 21:19:21] news batch skipped: lock active
[2026-03-16 22:15:01] BLOCKED: OS crontab trigger rejected. Remove OS crontab entry: crontab -e
[2026-03-16 22:29:13] news batch start
============================================================
🚀 News Batch Fetcher - 持倉+Watchlist 新聞抓取
   Time: 2026-03-16 22:29:13
   Limit: 3 articles per symbol
   Dry run: False
============================================================
[WARN] Failed to get positions: 502
📋 Found 21 watchlist from DB (stocks table)

🎯 Total unique symbols to fetch: 21

📋 Symbols: MSFT, GOOGL, ORCL, AMZN, MSTR, QCOM, NFLX, AVGO, ADBE, UBER...

[1/21] 📰 Fetching for MSFT...

[2/21] 📰 Fetching for GOOGL...

[3/21] 📰 Fetching for ORCL...

[4/21] 📰 Fetching for AMZN...

[5/21] 📰 Fetching for MSTR...

[6/21] 📰 Fetching for QCOM...

[7/21] 📰 Fetching for NFLX...

[8/21] 📰 Fetching for AVGO...

[9/21] 📰 Fetching for ADBE...

[10/21] 📰 Fetching for UBER...

[11/21] 📰 Fetching for TSM...

[12/21] 📰 Fetching for CRM...

[13/21] 📰 Fetching for AMD...

[14/21] 📰 Fetching for TXN...

[15/21] 📰 Fetching for NVDA...

[16/21] 📰 Fetching for META...

[17/21] 📰 Fetching for MU...

[18/21] 📰 Fetching for GOOG...

[19/21] 📰 Fetching for COIN...

[20/21] 📰 Fetching for AAPL...

[21/21] 📰 Fetching for TSLA...

============================================================
✅ Batch fetch complete! Total synced: 0
============================================================
[2026-03-16 23:15:00] BLOCKED: OS crontab trigger rejected. Remove OS crontab entry: crontab -e
[2026-03-16 23:18:40] news batch skipped: lock active
[2026-03-17 00:15:00] BLOCKED: OS crontab trigger rejected. Remove OS crontab entry: crontab -e
[2026-03-17 00:19:25] news batch start
[2026-03-17 00:21:38] news batch start
============================================================
🚀 News Batch Fetcher - 持倉+Watchlist 新聞抓取
   Time: 2026-03-17 00:19:25
   Limit: 3 articles per symbol
   Dry run: False
============================================================
[WARN] Failed to get positions: 502
📋 Found 21 watchlist from DB (stocks table)

🎯 Total unique symbols to fetch: 21

📋 Symbols: AMD, QCOM, GOOG, CRM, TXN, NFLX, TSM, MU, AMZN, COIN...

[1/21] 📰 Fetching for AMD...

[2/21] 📰 Fetching for QCOM...

[3/21] 📰 Fetching for GOOG...

[4/21] 📰 Fetching for CRM...

[5/21] 📰 Fetching for TXN...

[6/21] 📰 Fetching for NFLX...

[7/21] 📰 Fetching for TSM...

[8/21] 📰 Fetching for MU...

[9/21] 📰 Fetching for AMZN...

[10/21] 📰 Fetching for COIN...

[11/21] 📰 Fetching for MSTR...

[12/21] 📰 Fetching for META...

[13/21] 📰 Fetching for NVDA...

[14/21] 📰 Fetching for UBER...

[15/21] 📰 Fetching for ADBE...

[16/21] 📰 Fetching for MSFT...

[17/21] 📰 Fetching for GOOGL...

[18/21] 📰 Fetching for TSLA...

[19/21] 📰 Fetching for AVGO...

[20/21] 📰 Fetching for AAPL...

[21/21] 📰 Fetching for ORCL...

============================================================
✅ Batch fetch complete! Total synced: 0
============================================================
============================================================
🚀 News Batch Fetcher - 持倉+Watchlist 新聞抓取
   Time: 2026-03-17 00:21:38
   Limit: 3 articles per symbol
   Dry run: False
============================================================
[WARN] Failed to get positions: 502
📋 Found 21 watchlist from DB (stocks table)

🎯 Total unique symbols to fetch: 21

📋 Symbols: UBER, ADBE, META, AAPL, GOOG, NVDA, QCOM, COIN, MSFT, TSM...

[1/21] 📰 Fetching for UBER...

[2/21] 📰 Fetching for ADBE...

[3/21] 📰 Fetching for META...

[4/21] 📰 Fetching for AAPL...

[5/21] 📰 Fetching for GOOG...

[6/21] 📰 Fetching for NVDA...

[7/21] 📰 Fetching for QCOM...

[8/21] 📰 Fetching for COIN...

[9/21] 📰 Fetching for MSFT...

[10/21] 📰 Fetching for TSM...

[11/21] 📰 Fetching for AMZN...

[12/21] 📰 Fetching for CRM...

[13/21] 📰 Fetching for GOOGL...

[14/21] 📰 Fetching for AVGO...

[15/21] 📰 Fetching for TSLA...

[16/21] 📰 Fetching for MSTR...

[17/21] 📰 Fetching for TXN...

[18/21] 📰 Fetching for AMD...

[19/21] 📰 Fetching for NFLX...

[20/21] 📰 Fetching for MU...

[21/21] 📰 Fetching for ORCL...

============================================================
✅ Batch fetch complete! Total synced: 0
============================================================
[2026-03-17 00:32:04] news batch start
[2026-03-17 01:15:01] BLOCKED: OS crontab trigger rejected. Remove OS crontab entry: crontab -e
[2026-03-17 01:27:46] news batch skipped: lock active
[2026-03-17 02:15:00] BLOCKED: OS crontab trigger rejected. Remove OS crontab entry: crontab -e
[2026-03-17 02:20:06] news batch skipped: lock active
[2026-03-17 03:15:00] BLOCKED: OS crontab trigger rejected. Remove OS crontab entry: crontab -e
[2026-03-17 03:20:49] news batch skipped: lock active
[2026-03-17 03:20:51] news batch skipped: lock active
[2026-03-17 04:15:00] BLOCKED: OS crontab trigger rejected. Remove OS crontab entry: crontab -e
[2026-03-17 04:19:44] news batch skipped: lock active
[2026-03-17 05:15:00] BLOCKED: OS crontab trigger rejected. Remove OS crontab entry: crontab -e
[2026-03-17 05:15:53] news batch skipped: lock active
[2026-03-17 06:15:01] BLOCKED: OS crontab trigger rejected. Remove OS crontab entry: crontab -e
[2026-03-17 06:16:51] news batch skipped: lock active
[2026-03-17 06:16:55] news batch skipped: lock active
[2026-03-17 07:15:00] BLOCKED: OS crontab trigger rejected. Remove OS crontab entry: crontab -e
[2026-03-17 07:16:00] news batch skipped: lock active
[2026-03-17 07:16:29] news batch start
============================================================
🚀 News Batch Fetcher - 持倉+Watchlist 新聞抓取
   Time: 2026-03-17 07:16:29
   Limit: 3 articles per symbol
   Dry run: False
============================================================
[WARN] Failed to get positions: 502
📋 Found 21 watchlist from DB (stocks table)

🎯 Total unique symbols to fetch: 21

📋 Symbols: ADBE, CRM, AAPL, AVGO, TSLA, TSM, MSTR, UBER, META, ORCL...

[1/21] 📰 Fetching for ADBE...

[2/21] 📰 Fetching for CRM...

[3/21] 📰 Fetching for AAPL...

[4/21] 📰 Fetching for AVGO...

[5/21] 📰 Fetching for TSLA...

[6/21] 📰 Fetching for TSM...

[7/21] 📰 Fetching for MSTR...

[8/21] 📰 Fetching for UBER...

[9/21] 📰 Fetching for META...

[10/21] 📰 Fetching for ORCL...

[11/21] 📰 Fetching for GOOG...

[12/21] 📰 Fetching for NFLX...

[13/21] 📰 Fetching for COIN...

[14/21] 📰 Fetching for MSFT...

[15/21] 📰 Fetching for AMZN...

[16/21] 📰 Fetching for TXN...

[17/21] 📰 Fetching for AMD...

[18/21] 📰 Fetching for MU...

[19/21] 📰 Fetching for QCOM...

[20/21] 📰 Fetching for NVDA...

[21/21] 📰 Fetching for GOOGL...

============================================================
✅ Batch fetch complete! Total synced: 0
============================================================
[2026-03-17 08:15:00] BLOCKED: OS crontab trigger rejected. Remove OS crontab entry: crontab -e
[2026-03-17 08:15:49] news batch start
[2026-03-17 08:18:06] news batch skipped: lock active
[2026-03-17 08:18:11] news batch start
============================================================
🚀 News Batch Fetcher - 持倉+Watchlist 新聞抓取
   Time: 2026-03-17 08:15:49
   Limit: 3 articles per symbol
   Dry run: False
============================================================
[WARN] Failed to get positions: 502
📋 Found 21 watchlist from DB (stocks table)

🎯 Total unique symbols to fetch: 21

📋 Symbols: TXN, CRM, MU, AMZN, QCOM, ADBE, NVDA, ORCL, GOOG, AMD...

[1/21] 📰 Fetching for TXN...

[2/21] 📰 Fetching for CRM...

[3/21] 📰 Fetching for MU...

[4/21] 📰 Fetching for AMZN...

[5/21] 📰 Fetching for QCOM...

[6/21] 📰 Fetching for ADBE...

[7/21] 📰 Fetching for NVDA...

[8/21] 📰 Fetching for ORCL...

[9/21] 📰 Fetching for GOOG...

[10/21] 📰 Fetching for AMD...

[11/21] 📰 Fetching for MSTR...

[12/21] 📰 Fetching for AAPL...

[13/21] 📰 Fetching for META...

[14/21] 📰 Fetching for COIN...

[15/21] 📰 Fetching for AVGO...

[16/21] 📰 Fetching for TSLA...

[17/21] 📰 Fetching for GOOGL...

[18/21] 📰 Fetching for TSM...

[19/21] 📰 Fetching for MSFT...

[20/21] 📰 Fetching for NFLX...

[21/21] 📰 Fetching for UBER...

============================================================
✅ Batch fetch complete! Total synced: 0
============================================================
============================================================
🚀 News Batch Fetcher - 持倉+Watchlist 新聞抓取
   Time: 2026-03-17 08:18:11
   Limit: 3 articles per symbol
   Dry run: False
============================================================
[WARN] Failed to get positions: 502
📋 Found 21 watchlist from DB (stocks table)

🎯 Total unique symbols to fetch: 21

📋 Symbols: UBER, META, ORCL, QCOM, GOOGL, MSFT, TXN, GOOG, NVDA, NFLX...

[1/21] 📰 Fetching for UBER...

[2/21] 📰 Fetching for META...

[3/21] 📰 Fetching for ORCL...

[4/21] 📰 Fetching for QCOM...

[5/21] 📰 Fetching for GOOGL...

[6/21] 📰 Fetching for MSFT...

[7/21] 📰 Fetching for TXN...

[8/21] 📰 Fetching for GOOG...

[9/21] 📰 Fetching for NVDA...

[10/21] 📰 Fetching for NFLX...

[11/21] 📰 Fetching for MU...

[12/21] 📰 Fetching for AAPL...

[13/21] 📰 Fetching for AMZN...

[14/21] 📰 Fetching for TSLA...

[15/21] 📰 Fetching for AMD...

[16/21] 📰 Fetching for COIN...

[17/21] 📰 Fetching for MSTR...

[18/21] 📰 Fetching for ADBE...

[19/21] 📰 Fetching for AVGO...

[20/21] 📰 Fetching for CRM...

[21/21] 📰 Fetching for TSM...

============================================================
✅ Batch fetch complete! Total synced: 0
============================================================
[2026-03-17 09:15:01] BLOCKED: OS crontab trigger rejected. Remove OS crontab entry: crontab -e
[2026-03-17 09:16:11] news batch skipped: lock active
[2026-03-17 10:15:00] BLOCKED: OS crontab trigger rejected. Remove OS crontab entry: crontab -e
[2026-03-17 10:16:03] news batch skipped: lock active
[2026-03-17 11:15:00] BLOCKED: OS crontab trigger rejected. Remove OS crontab entry: crontab -e
[2026-03-17 11:16:00] news batch skipped: lock active
[2026-03-17 11:16:39] news batch start
============================================================
🚀 News Batch Fetcher - 持倉+Watchlist 新聞抓取
   Time: 2026-03-17 11:16:39
   Limit: 3 articles per symbol
   Dry run: False
============================================================
[WARN] Failed to get positions: 502
📋 Found 21 watchlist from DB (stocks table)

🎯 Total unique symbols to fetch: 21

📋 Symbols: MU, CRM, TSM, AMD, GOOG, GOOGL, NVDA, MSFT, AMZN, ORCL...

[1/21] 📰 Fetching for MU...

[2/21] 📰 Fetching for CRM...

[3/21] 📰 Fetching for TSM...

[4/21] 📰 Fetching for AMD...

[5/21] 📰 Fetching for GOOG...

[6/21] 📰 Fetching for GOOGL...

[7/21] 📰 Fetching for NVDA...

[8/21] 📰 Fetching for MSFT...

[9/21] 📰 Fetching for AMZN...

[10/21] 📰 Fetching for ORCL...

[11/21] 📰 Fetching for QCOM...

[12/21] 📰 Fetching for META...

[13/21] 📰 Fetching for AAPL...

[14/21] 📰 Fetching for TSLA...

[15/21] 📰 Fetching for UBER...

[16/21] 📰 Fetching for NFLX...

[17/21] 📰 Fetching for TXN...

[18/21] 📰 Fetching for AVGO...

[19/21] 📰 Fetching for ADBE...

[20/21] 📰 Fetching for COIN...

[21/21] 📰 Fetching for MSTR...

============================================================
✅ Batch fetch complete! Total synced: 0
============================================================
[2026-03-17 12:15:00] BLOCKED: OS crontab trigger rejected. Remove OS crontab entry: crontab -e
[2026-03-17 12:17:01] news batch start
============================================================
🚀 News Batch Fetcher - 持倉+Watchlist 新聞抓取
   Time: 2026-03-17 12:17:01
   Limit: 3 articles per symbol
   Dry run: False
============================================================
[WARN] Failed to get positions: 502
📋 Found 21 watchlist from DB (stocks table)

🎯 Total unique symbols to fetch: 21

📋 Symbols: GOOGL, ADBE, CRM, COIN, MU, NFLX, MSTR, MSFT, QCOM, META...

[1/21] 📰 Fetching for GOOGL...

[2/21] 📰 Fetching for ADBE...

[3/21] 📰 Fetching for CRM...

[4/21] 📰 Fetching for COIN...

[5/21] 📰 Fetching for MU...

[6/21] 📰 Fetching for NFLX...

[7/21] 📰 Fetching for MSTR...

[8/21] 📰 Fetching for MSFT...

[9/21] 📰 Fetching for QCOM...

[10/21] 📰 Fetching for META...

[11/21] 📰 Fetching for AMZN...

[12/21] 📰 Fetching for AAPL...

[13/21] 📰 Fetching for TSLA...

[14/21] 📰 Fetching for AVGO...

[15/21] 📰 Fetching for AMD...

[16/21] 📰 Fetching for TXN...

[17/21] 📰 Fetching for GOOG...

[18/21] 📰 Fetching for ORCL...

[19/21] 📰 Fetching for TSM...

[20/21] 📰 Fetching for UBER...

[21/21] 📰 Fetching for NVDA...

============================================================
✅ Batch fetch complete! Total synced: 64
============================================================
[2026-03-17 12:17:49] news batch done
[2026-03-17 13:15:00] BLOCKED: OS crontab trigger rejected. Remove OS crontab entry: crontab -e
[2026-03-17 13:16:25] news batch start
============================================================
🚀 News Batch Fetcher - 持倉+Watchlist 新聞抓取
   Time: 2026-03-17 13:16:25
   Limit: 3 articles per symbol
   Dry run: False
============================================================
[WARN] Failed to get positions: 502
📋 Found 21 watchlist from DB (stocks table)

🎯 Total unique symbols to fetch: 21

📋 Symbols: AMZN, NFLX, AVGO, TSM, ORCL, NVDA, AMD, GOOG, GOOGL, AAPL...

[1/21] 📰 Fetching for AMZN...

[2/21] 📰 Fetching for NFLX...

[3/21] 📰 Fetching for AVGO...

[4/21] 📰 Fetching for TSM...

[5/21] 📰 Fetching for ORCL...

[6/21] 📰 Fetching for NVDA...

[7/21] 📰 Fetching for AMD...

[8/21] 📰 Fetching for GOOG...

[9/21] 📰 Fetching for GOOGL...

[10/21] 📰 Fetching for AAPL...

[11/21] 📰 Fetching for MU...

[12/21] 📰 Fetching for COIN...

[13/21] 📰 Fetching for UBER...

[14/21] 📰 Fetching for MSFT...

[15/21] 📰 Fetching for QCOM...

[16/21] 📰 Fetching for TXN...

[17/21] 📰 Fetching for TSLA...

[18/21] 📰 Fetching for CRM...

[19/21] 📰 Fetching for ADBE...

[20/21] 📰 Fetching for META...

[21/21] 📰 Fetching for MSTR...

============================================================
✅ Batch fetch complete! Total synced: 12
============================================================
[2026-03-17 13:17:15] news batch done
[2026-03-17 14:15:00] BLOCKED: OS crontab trigger rejected. Remove OS crontab entry: crontab -e
[2026-03-17 14:16:34] news batch start
============================================================
🚀 News Batch Fetcher - 持倉+Watchlist 新聞抓取
   Time: 2026-03-17 14:16:34
   Limit: 3 articles per symbol
   Dry run: False
============================================================
[WARN] Failed to get positions: 502
📋 Found 23 watchlist from DB (stocks table)

🎯 Total unique symbols to fetch: 23

📋 Symbols: MSFT, SPY, QCOM, AVGO, GOOG, UBER, AMD, GOOGL, ORCL, TSM...

[1/23] 📰 Fetching for MSFT...

[2/23] 📰 Fetching for SPY...

[3/23] 📰 Fetching for QCOM...

[4/23] 📰 Fetching for AVGO...

[5/23] 📰 Fetching for GOOG...

[6/23] 📰 Fetching for UBER...

[7/23] 📰 Fetching for AMD...

[8/23] 📰 Fetching for GOOGL...

[9/23] 📰 Fetching for ORCL...

[10/23] 📰 Fetching for TSM...

[11/23] 📰 Fetching for AAPL...

[12/23] 📰 Fetching for QQQ...

[13/23] 📰 Fetching for NFLX...

[14/23] 📰 Fetching for AMZN...

[15/23] 📰 Fetching for MU...

[16/23] 📰 Fetching for META...

[17/23] 📰 Fetching for TSLA...

[18/23] 📰 Fetching for TXN...

[19/23] 📰 Fetching for NVDA...

[20/23] 📰 Fetching for MSTR...

[21/23] 📰 Fetching for COIN...

[22/23] 📰 Fetching for CRM...

[23/23] 📰 Fetching for ADBE...

============================================================
✅ Batch fetch complete! Total synced: 23
============================================================
[2026-03-17 14:17:42] news batch done
[2026-03-17 15:15:00] BLOCKED: OS crontab trigger rejected. Remove OS crontab entry: crontab -e
[2026-03-17 15:18:48] news batch start
============================================================
🚀 News Batch Fetcher - 持倉+Watchlist 新聞抓取
   Time: 2026-03-17 15:18:48
   Limit: 3 articles per symbol
   Dry run: False
============================================================
[WARN] Failed to get positions: 502
📋 Found 23 watchlist from DB (stocks table)

🎯 Total unique symbols to fetch: 23

📋 Symbols: GOOGL, MSTR, QQQ, MU, AMD, CRM, AVGO, NFLX, UBER, ADBE...

[1/23] 📰 Fetching for GOOGL...

[2/23] 📰 Fetching for MSTR...

[3/23] 📰 Fetching for QQQ...

[4/23] 📰 Fetching for MU...

[5/23] 📰 Fetching for AMD...

[6/23] 📰 Fetching for CRM...

[7/23] 📰 Fetching for AVGO...

[8/23] 📰 Fetching for NFLX...

[9/23] 📰 Fetching for UBER...

[10/23] 📰 Fetching for ADBE...

[11/23] 📰 Fetching for AMZN...

[12/23] 📰 Fetching for COIN...

[13/23] 📰 Fetching for NVDA...

[14/23] 📰 Fetching for SPY...

[15/23] 📰 Fetching for TXN...

[16/23] 📰 Fetching for MSFT...

[17/23] 📰 Fetching for QCOM...

[18/23] 📰 Fetching for AAPL...

[19/23] 📰 Fetching for TSM...

[20/23] 📰 Fetching for META...

[21/23] 📰 Fetching for ORCL...

[22/23] 📰 Fetching for GOOG...

[23/23] 📰 Fetching for TSLA...

============================================================
✅ Batch fetch complete! Total synced: 15
============================================================
[2026-03-17 15:19:45] news batch done
[2026-03-17 16:15:00] BLOCKED: OS crontab trigger rejected. Remove OS crontab entry: crontab -e
[2026-03-17 16:15:57] news batch start
============================================================
🚀 News Batch Fetcher - 持倉+Watchlist 新聞抓取
   Time: 2026-03-17 16:15:57
   Limit: 3 articles per symbol
   Dry run: False
============================================================
[WARN] Failed to get positions: 502
📋 Found 23 watchlist from DB (stocks table)

🎯 Total unique symbols to fetch: 23

📋 Symbols: GOOGL, TSM, AAPL, NFLX, MU, NVDA, MSFT, AMD, ADBE, SPY...

[1/23] 📰 Fetching for GOOGL...

[2/23] 📰 Fetching for TSM...

[3/23] 📰 Fetching for AAPL...

[4/23] 📰 Fetching for NFLX...

[5/23] 📰 Fetching for MU...

[6/23] 📰 Fetching for NVDA...

[7/23] 📰 Fetching for MSFT...

[8/23] 📰 Fetching for AMD...

[9/23] 📰 Fetching for ADBE...

[10/23] 📰 Fetching for SPY...

[11/23] 📰 Fetching for TXN...

[12/23] 📰 Fetching for CRM...

[13/23] 📰 Fetching for QCOM...

[14/23] 📰 Fetching for QQQ...

[15/23] 📰 Fetching for COIN...

[16/23] 📰 Fetching for ORCL...

[17/23] 📰 Fetching for AVGO...

[18/23] 📰 Fetching for UBER...

[19/23] 📰 Fetching for AMZN...

[20/23] 📰 Fetching for META...

[21/23] 📰 Fetching for GOOG...

[22/23] 📰 Fetching for TSLA...

[23/23] 📰 Fetching for MSTR...

============================================================
✅ Batch fetch complete! Total synced: 15
============================================================
[2026-03-17 16:17:02] news batch done
[2026-03-17 17:15:00] BLOCKED: OS crontab trigger rejected. Remove OS crontab entry: crontab -e
[2026-03-17 17:16:38] news batch start
============================================================
🚀 News Batch Fetcher - 持倉+Watchlist 新聞抓取
   Time: 2026-03-17 17:16:38
   Limit: 3 articles per symbol
   Dry run: False
============================================================
[WARN] Failed to get positions: 502
📋 Found 23 watchlist from DB (stocks table)

🎯 Total unique symbols to fetch: 23

📋 Symbols: MU, SPY, NVDA, CRM, TXN, MSFT, ADBE, TSLA, AAPL, QQQ...

[1/23] 📰 Fetching for MU...

[2/23] 📰 Fetching for SPY...

[3/23] 📰 Fetching for NVDA...

[4/23] 📰 Fetching for CRM...

[5/23] 📰 Fetching for TXN...

[6/23] 📰 Fetching for MSFT...

[7/23] 📰 Fetching for ADBE...

[8/23] 📰 Fetching for TSLA...

[9/23] 📰 Fetching for AAPL...

[10/23] 📰 Fetching for QQQ...

[11/23] 📰 Fetching for NFLX...

[12/23] 📰 Fetching for AMD...

[13/23] 📰 Fetching for MSTR...

[14/23] 📰 Fetching for AVGO...

[15/23] 📰 Fetching for TSM...

[16/23] 📰 Fetching for GOOGL...

[17/23] 📰 Fetching for GOOG...

[18/23] 📰 Fetching for COIN...

[19/23] 📰 Fetching for QCOM...

[20/23] 📰 Fetching for UBER...

[21/23] 📰 Fetching for ORCL...

[22/23] 📰 Fetching for AMZN...

[23/23] 📰 Fetching for META...

============================================================
✅ Batch fetch complete! Total synced: 16
============================================================
[2026-03-17 17:17:39] news batch done
[2026-03-17 18:15:00] BLOCKED: OS crontab trigger rejected. Remove OS crontab entry: crontab -e
[2026-03-17 18:16:25] news batch start
============================================================
🚀 News Batch Fetcher - 持倉+Watchlist 新聞抓取
   Time: 2026-03-17 18:16:25
   Limit: 3 articles per symbol
   Dry run: False
============================================================
[WARN] Failed to get positions: 502
📋 Found 23 watchlist from DB (stocks table)

🎯 Total unique symbols to fetch: 23

📋 Symbols: COIN, AVGO, MSTR, CRM, AAPL, GOOG, META, NVDA, MU, NFLX...

[1/23] 📰 Fetching for COIN...

[2/23] 📰 Fetching for AVGO...

[3/23] 📰 Fetching for MSTR...

[4/23] 📰 Fetching for CRM...

[5/23] 📰 Fetching for AAPL...

[6/23] 📰 Fetching for GOOG...

[7/23] 📰 Fetching for META...

[8/23] 📰 Fetching for NVDA...

[9/23] 📰 Fetching for MU...

[10/23] 📰 Fetching for NFLX...

[11/23] 📰 Fetching for MSFT...

[12/23] 📰 Fetching for TSLA...

[13/23] 📰 Fetching for ORCL...

[14/23] 📰 Fetching for UBER...

[15/23] 📰 Fetching for ADBE...

[16/23] 📰 Fetching for TSM...

[17/23] 📰 Fetching for TXN...

[18/23] 📰 Fetching for GOOGL...

[19/23] 📰 Fetching for SPY...

[20/23] 📰 Fetching for AMD...

[21/23] 📰 Fetching for AMZN...

[22/23] 📰 Fetching for QCOM...

[23/23] 📰 Fetching for QQQ...

============================================================
✅ Batch fetch complete! Total synced: 20
============================================================
[2026-03-17 18:17:41] news batch done
[2026-03-17 19:15:00] BLOCKED: OS crontab trigger rejected. Remove OS crontab entry: crontab -e
[2026-03-17 19:16:10] news batch start
============================================================
🚀 News Batch Fetcher - 持倉+Watchlist 新聞抓取
   Time: 2026-03-17 19:16:11
   Limit: 3 articles per symbol
   Dry run: False
============================================================
[WARN] Failed to get positions: 502
📋 Found 23 watchlist from DB (stocks table)

🎯 Total unique symbols to fetch: 23

📋 Symbols: AMD, ORCL, META, TSM, MSFT, COIN, UBER, NVDA, GOOGL, TSLA...

[1/23] 📰 Fetching for AMD...

[2/23] 📰 Fetching for ORCL...

[3/23] 📰 Fetching for META...

[4/23] 📰 Fetching for TSM...

[5/23] 📰 Fetching for MSFT...

[6/23] 📰 Fetching for COIN...

[7/23] 📰 Fetching for UBER...

[8/23] 📰 Fetching for NVDA...

[9/23] 📰 Fetching for GOOGL...

[10/23] 📰 Fetching for TSLA...

[11/23] 📰 Fetching for AAPL...

[12/23] 📰 Fetching for QCOM...

[13/23] 📰 Fetching for NFLX...

[14/23] 📰 Fetching for GOOG...

[15/23] 📰 Fetching for QQQ...

[16/23] 📰 Fetching for ADBE...

[17/23] 📰 Fetching for TXN...

[18/23] 📰 Fetching for AMZN...

[19/23] 📰 Fetching for MSTR...

[20/23] 📰 Fetching for SPY...

[21/23] 📰 Fetching for MU...

[22/23] 📰 Fetching for CRM...

[23/23] 📰 Fetching for AVGO...

============================================================
✅ Batch fetch complete! Total synced: 18
============================================================
[2026-03-17 19:17:08] news batch done
[2026-03-17 20:15:00] BLOCKED: OS crontab trigger rejected. Remove OS crontab entry: crontab -e
[2026-03-17 21:15:00] BLOCKED: OS crontab trigger rejected. Remove OS crontab entry: crontab -e
[2026-03-17 21:20:10] news batch start
============================================================
🚀 News Batch Fetcher - 持倉+Watchlist 新聞抓取
   Time: 2026-03-17 21:20:10
   Limit: 3 articles per symbol
   Dry run: False
============================================================
[WARN] Failed to get positions: 502
📋 Found 23 watchlist from DB (stocks table)

🎯 Total unique symbols to fetch: 23

📋 Symbols: GOOG, NVDA, AAPL, MSTR, TSLA, AMD, QCOM, ORCL, GOOGL, QQQ...

[1/23] 📰 Fetching for GOOG...

[2/23] 📰 Fetching for NVDA...

[3/23] 📰 Fetching for AAPL...

[4/23] 📰 Fetching for MSTR...

[5/23] 📰 Fetching for TSLA...

[6/23] 📰 Fetching for AMD...

[7/23] 📰 Fetching for QCOM...

[8/23] 📰 Fetching for ORCL...

[9/23] 📰 Fetching for GOOGL...

[10/23] 📰 Fetching for QQQ...

[11/23] 📰 Fetching for MU...

[12/23] 📰 Fetching for UBER...

[13/23] 📰 Fetching for ADBE...

[14/23] 📰 Fetching for TSM...

[15/23] 📰 Fetching for TXN...

[16/23] 📰 Fetching for AVGO...

[17/23] 📰 Fetching for MSFT...

[18/23] 📰 Fetching for COIN...

[19/23] 📰 Fetching for AMZN...

[20/23] 📰 Fetching for SPY...

[21/23] 📰 Fetching for META...

[22/23] 📰 Fetching for CRM...

[23/23] 📰 Fetching for NFLX...

============================================================
✅ Batch fetch complete! Total synced: 22
============================================================
[2026-03-17 21:21:06] news batch done
[2026-03-17 22:15:00] BLOCKED: OS crontab trigger rejected. Remove OS crontab entry: crontab -e
[2026-03-17 23:15:00] BLOCKED: OS crontab trigger rejected. Remove OS crontab entry: crontab -e
[2026-03-17 23:20:40] news batch start
============================================================
🚀 News Batch Fetcher - 持倉+Watchlist 新聞抓取
   Time: 2026-03-17 23:20:41
   Limit: 3 articles per symbol
   Dry run: False
============================================================
[WARN] Failed to get positions: 502
📋 Found 23 watchlist from DB (stocks table)

🎯 Total unique symbols to fetch: 23

📋 Symbols: TSLA, MU, MSFT, SPY, CRM, COIN, NVDA, TSM, GOOGL, AVGO...

[1/23] 📰 Fetching for TSLA...

[2/23] 📰 Fetching for MU...

[3/23] 📰 Fetching for MSFT...

[4/23] 📰 Fetching for SPY...

[5/23] 📰 Fetching for CRM...

[6/23] 📰 Fetching for COIN...

[7/23] 📰 Fetching for NVDA...

[8/23] 📰 Fetching for TSM...

[9/23] 📰 Fetching for GOOGL...

[10/23] 📰 Fetching for AVGO...

[11/23] 📰 Fetching for MSTR...

[12/23] 📰 Fetching for ORCL...

[13/23] 📰 Fetching for META...

[14/23] 📰 Fetching for UBER...

[15/23] 📰 Fetching for NFLX...

[16/23] 📰 Fetching for AMZN...

[17/23] 📰 Fetching for AAPL...

[18/23] 📰 Fetching for GOOG...

[19/23] 📰 Fetching for AMD...

[20/23] 📰 Fetching for QCOM...

[21/23] 📰 Fetching for ADBE...

[22/23] 📰 Fetching for QQQ...

[23/23] 📰 Fetching for TXN...

============================================================
✅ Batch fetch complete! Total synced: 28
============================================================
[2026-03-17 23:21:50] news batch done
[2026-03-18 00:15:00] BLOCKED: OS crontab trigger rejected. Remove OS crontab entry: crontab -e
[2026-03-18 00:19:45] news batch start
============================================================
🚀 News Batch Fetcher - 持倉+Watchlist 新聞抓取
   Time: 2026-03-18 00:19:45
   Limit: 3 articles per symbol
   Dry run: False
============================================================
[WARN] Failed to get positions: 502
📋 Found 23 watchlist from DB (stocks table)

🎯 Total unique symbols to fetch: 23

📋 Symbols: AAPL, SPY, TSLA, ADBE, ORCL, NFLX, GOOGL, AMD, META, TSM...

[1/23] 📰 Fetching for AAPL...

[2/23] 📰 Fetching for SPY...

[3/23] 📰 Fetching for TSLA...

[4/23] 📰 Fetching for ADBE...

[5/23] 📰 Fetching for ORCL...

[6/23] 📰 Fetching for NFLX...

[7/23] 📰 Fetching for GOOGL...

[8/23] 📰 Fetching for AMD...

[9/23] 📰 Fetching for META...

[10/23] 📰 Fetching for TSM...

[11/23] 📰 Fetching for MSTR...

[12/23] 📰 Fetching for CRM...

[13/23] 📰 Fetching for QQQ...

[14/23] 📰 Fetching for UBER...

[15/23] 📰 Fetching for GOOG...

[16/23] 📰 Fetching for MU...

[17/23] 📰 Fetching for NVDA...

[18/23] 📰 Fetching for MSFT...

[19/23] 📰 Fetching for AMZN...

[20/23] 📰 Fetching for QCOM...

[21/23] 📰 Fetching for AVGO...

[22/23] 📰 Fetching for COIN...

[23/23] 📰 Fetching for TXN...

============================================================
✅ Batch fetch complete! Total synced: 14
============================================================
[2026-03-18 00:20:43] news batch done
[2026-03-18 01:15:00] BLOCKED: OS crontab trigger rejected. Remove OS crontab entry: crontab -e
[2026-03-18 01:32:08] news batch start
============================================================
🚀 News Batch Fetcher - 持倉+Watchlist 新聞抓取
   Time: 2026-03-18 01:32:08
   Limit: 3 articles per symbol
   Dry run: False
============================================================
[WARN] Failed to get positions: 502
📋 Found 23 watchlist from DB (stocks table)

🎯 Total unique symbols to fetch: 23

📋 Symbols: COIN, TSM, AMD, GOOG, GOOGL, MU, TXN, CRM, TSLA, UBER...

[1/23] 📰 Fetching for COIN...

[2/23] 📰 Fetching for TSM...

[3/23] 📰 Fetching for AMD...

[4/23] 📰 Fetching for GOOG...

[5/23] 📰 Fetching for GOOGL...

[6/23] 📰 Fetching for MU...

[7/23] 📰 Fetching for TXN...

[8/23] 📰 Fetching for CRM...

[9/23] 📰 Fetching for TSLA...

[10/23] 📰 Fetching for UBER...

[11/23] 📰 Fetching for AAPL...

[12/23] 📰 Fetching for MSFT...

[13/23] 📰 Fetching for SPY...

[14/23] 📰 Fetching for MSTR...

[15/23] 📰 Fetching for AVGO...

[16/23] 📰 Fetching for QCOM...

[17/23] 📰 Fetching for QQQ...

[18/23] 📰 Fetching for META...

[19/23] 📰 Fetching for NFLX...

[20/23] 📰 Fetching for AMZN...

[21/23] 📰 Fetching for NVDA...

[22/23] 📰 Fetching for ADBE...

[23/23] 📰 Fetching for ORCL...

============================================================
✅ Batch fetch complete! Total synced: 22
============================================================
[2026-03-18 01:33:15] news batch done
[2026-03-18 02:15:00] BLOCKED: OS crontab trigger rejected. Remove OS crontab entry: crontab -e
[2026-03-18 02:22:11] news batch start
============================================================
🚀 News Batch Fetcher - 持倉+Watchlist 新聞抓取
   Time: 2026-03-18 02:22:12
   Limit: 3 articles per symbol
   Dry run: False
============================================================
[WARN] Failed to get positions: 502
📋 Found 23 watchlist from DB (stocks table)

🎯 Total unique symbols to fetch: 23

📋 Symbols: SPY, AVGO, CRM, TSLA, META, MSFT, ORCL, COIN, NFLX, MSTR...

[1/23] 📰 Fetching for SPY...

[2/23] 📰 Fetching for AVGO...

[3/23] 📰 Fetching for CRM...

[4/23] 📰 Fetching for TSLA...

[5/23] 📰 Fetching for META...

[6/23] 📰 Fetching for MSFT...

[7/23] 📰 Fetching for ORCL...

[8/23] 📰 Fetching for COIN...

[9/23] 📰 Fetching for NFLX...

[10/23] 📰 Fetching for MSTR...

[11/23] 📰 Fetching for UBER...

[12/23] 📰 Fetching for AMZN...

[13/23] 📰 Fetching for QQQ...

[14/23] 📰 Fetching for MU...

[15/23] 📰 Fetching for GOOG...

[16/23] 📰 Fetching for AMD...

[17/23] 📰 Fetching for QCOM...

[18/23] 📰 Fetching for TSM...

[19/23] 📰 Fetching for GOOGL...

[20/23] 📰 Fetching for ADBE...

[21/23] 📰 Fetching for NVDA...

[22/23] 📰 Fetching for TXN...

[23/23] 📰 Fetching for AAPL...

============================================================
✅ Batch fetch complete! Total synced: 11
============================================================
[2026-03-18 02:23:05] news batch done
[2026-03-18 03:15:00] BLOCKED: OS crontab trigger rejected. Remove OS crontab entry: crontab -e
[2026-03-18 03:21:32] news batch start
============================================================
🚀 News Batch Fetcher - 持倉+Watchlist 新聞抓取
   Time: 2026-03-18 03:21:32
   Limit: 3 articles per symbol
   Dry run: False
============================================================
[WARN] Failed to get positions: 502
📋 Found 23 watchlist from DB (stocks table)

🎯 Total unique symbols to fetch: 23

📋 Symbols: MSFT, META, NFLX, TXN, GOOGL, TSM, AVGO, GOOG, TSLA, ADBE...

[1/23] 📰 Fetching for MSFT...

[2/23] 📰 Fetching for META...

[3/23] 📰 Fetching for NFLX...

[4/23] 📰 Fetching for TXN...

[5/23] 📰 Fetching for GOOGL...

[6/23] 📰 Fetching for TSM...

[7/23] 📰 Fetching for AVGO...

[8/23] 📰 Fetching for GOOG...

[9/23] 📰 Fetching for TSLA...

[10/23] 📰 Fetching for ADBE...

[11/23] 📰 Fetching for QQQ...

[12/23] 📰 Fetching for MU...

[13/23] 📰 Fetching for SPY...

[14/23] 📰 Fetching for COIN...

[15/23] 📰 Fetching for MSTR...

[16/23] 📰 Fetching for NVDA...

[17/23] 📰 Fetching for AMZN...

[18/23] 📰 Fetching for CRM...

[19/23] 📰 Fetching for AMD...

[20/23] 📰 Fetching for UBER...

[21/23] 📰 Fetching for QCOM...

[22/23] 📰 Fetching for AAPL...

[23/23] 📰 Fetching for ORCL...

============================================================
✅ Batch fetch complete! Total synced: 21
============================================================
[2026-03-18 03:22:34] news batch done
[2026-03-18 04:15:00] BLOCKED: OS crontab trigger rejected. Remove OS crontab entry: crontab -e
[2026-03-18 04:21:05] news batch start
============================================================
🚀 News Batch Fetcher - 持倉+Watchlist 新聞抓取
   Time: 2026-03-18 04:21:06
   Limit: 3 articles per symbol
   Dry run: False
============================================================
[WARN] Failed to get positions: 502
📋 Found 23 watchlist from DB (stocks table)

🎯 Total unique symbols to fetch: 23

📋 Symbols: NVDA, GOOGL, GOOG, MU, MSFT, CRM, NFLX, ORCL, QQQ, TSLA...

[1/23] 📰 Fetching for NVDA...

[2/23] 📰 Fetching for GOOGL...

[3/23] 📰 Fetching for GOOG...

[4/23] 📰 Fetching for MU...

[5/23] 📰 Fetching for MSFT...

[6/23] 📰 Fetching for CRM...

[7/23] 📰 Fetching for NFLX...

[8/23] 📰 Fetching for ORCL...

[9/23] 📰 Fetching for QQQ...

[10/23] 📰 Fetching for TSLA...

[11/23] 📰 Fetching for AVGO...

[12/23] 📰 Fetching for UBER...

[13/23] 📰 Fetching for TSM...

[14/23] 📰 Fetching for META...

[15/23] 📰 Fetching for COIN...

[16/23] 📰 Fetching for MSTR...

[17/23] 📰 Fetching for AMD...

[18/23] 📰 Fetching for QCOM...

[19/23] 📰 Fetching for SPY...

[20/23] 📰 Fetching for AMZN...

[21/23] 📰 Fetching for TXN...

[22/23] 📰 Fetching for ADBE...

[23/23] 📰 Fetching for AAPL...

============================================================
✅ Batch fetch complete! Total synced: 20
============================================================
[2026-03-18 04:22:03] news batch done
[2026-03-18 05:15:00] BLOCKED: OS crontab trigger rejected. Remove OS crontab entry: crontab -e
[2026-03-18 05:16:33] news batch start
============================================================
🚀 News Batch Fetcher - 持倉+Watchlist 新聞抓取
   Time: 2026-03-18 05:16:33
   Limit: 3 articles per symbol
   Dry run: False
============================================================
[WARN] Failed to get positions: 502
📋 Found 23 watchlist from DB (stocks table)

🎯 Total unique symbols to fetch: 23

📋 Symbols: MSTR, COIN, MU, AVGO, CRM, GOOGL, UBER, SPY, ADBE, GOOG...

[1/23] 📰 Fetching for MSTR...

[2/23] 📰 Fetching for COIN...

[3/23] 📰 Fetching for MU...

[4/23] 📰 Fetching for AVGO...

[5/23] 📰 Fetching for CRM...

[6/23] 📰 Fetching for GOOGL...

[7/23] 📰 Fetching for UBER...

[8/23] 📰 Fetching for SPY...

[9/23] 📰 Fetching for ADBE...

[10/23] 📰 Fetching for GOOG...

[11/23] 📰 Fetching for TXN...

[12/23] 📰 Fetching for QCOM...

[13/23] 📰 Fetching for TSM...

[14/23] 📰 Fetching for QQQ...

[15/23] 📰 Fetching for ORCL...

[16/23] 📰 Fetching for AMD...

[17/23] 📰 Fetching for META...

[18/23] 📰 Fetching for AMZN...

[19/23] 📰 Fetching for NVDA...

[20/23] 📰 Fetching for TSLA...

[21/23] 📰 Fetching for AAPL...

[22/23] 📰 Fetching for NFLX...

[23/23] 📰 Fetching for MSFT...

============================================================
✅ Batch fetch complete! Total synced: 25
============================================================
[2026-03-18 05:17:26] news batch done
[2026-03-18 06:15:00] BLOCKED: OS crontab trigger rejected. Remove OS crontab entry: crontab -e
[2026-03-18 06:17:49] news batch start
============================================================
🚀 News Batch Fetcher - 持倉+Watchlist 新聞抓取
   Time: 2026-03-18 06:17:50
   Limit: 3 articles per symbol
   Dry run: False
============================================================
[WARN] Failed to get positions: 502
📋 Found 23 watchlist from DB (stocks table)

🎯 Total unique symbols to fetch: 23

📋 Symbols: AAPL, COIN, AMD, NVDA, UBER, TSLA, QQQ, QCOM, MSFT, MSTR...

[1/23] 📰 Fetching for AAPL...

[2/23] 📰 Fetching for COIN...

[3/23] 📰 Fetching for AMD...

[4/23] 📰 Fetching for NVDA...

[5/23] 📰 Fetching for UBER...

[6/23] 📰 Fetching for TSLA...

[7/23] 📰 Fetching for QQQ...

[8/23] 📰 Fetching for QCOM...

[9/23] 📰 Fetching for MSFT...

[10/23] 📰 Fetching for MSTR...

[11/23] 📰 Fetching for ORCL...

[12/23] 📰 Fetching for TXN...

[13/23] 📰 Fetching for SPY...

[14/23] 📰 Fetching for GOOG...

[15/23] 📰 Fetching for AVGO...

[16/23] 📰 Fetching for AMZN...

[17/23] 📰 Fetching for TSM...

[18/23] 📰 Fetching for CRM...

[19/23] 📰 Fetching for ADBE...

[20/23] 📰 Fetching for GOOGL...

[21/23] 📰 Fetching for MU...

[22/23] 📰 Fetching for META...

[23/23] 📰 Fetching for NFLX...

============================================================
✅ Batch fetch complete! Total synced: 21
============================================================
[2026-03-18 06:18:43] news batch done
[2026-03-18 07:15:00] BLOCKED: OS crontab trigger rejected. Remove OS crontab entry: crontab -e
[2026-03-18 07:16:13] news batch start
============================================================
🚀 News Batch Fetcher - 持倉+Watchlist 新聞抓取
   Time: 2026-03-18 07:16:13
   Limit: 3 articles per symbol
   Dry run: False
============================================================
[WARN] Failed to get positions: 502
📋 Found 23 watchlist from DB (stocks table)

🎯 Total unique symbols to fetch: 23

📋 Symbols: MSFT, COIN, ORCL, CRM, AVGO, AMZN, TSLA, AAPL, NVDA, QQQ...

[1/23] 📰 Fetching for MSFT...

[2/23] 📰 Fetching for COIN...

[3/23] 📰 Fetching for ORCL...

[4/23] 📰 Fetching for CRM...

[5/23] 📰 Fetching for AVGO...

[6/23] 📰 Fetching for AMZN...

[7/23] 📰 Fetching for TSLA...

[8/23] 📰 Fetching for AAPL...

[9/23] 📰 Fetching for NVDA...

[10/23] 📰 Fetching for QQQ...

[11/23] 📰 Fetching for MSTR...

[12/23] 📰 Fetching for META...

[13/23] 📰 Fetching for GOOG...

[14/23] 📰 Fetching for AMD...

[15/23] 📰 Fetching for GOOGL...

[16/23] 📰 Fetching for SPY...

[17/23] 📰 Fetching for NFLX...

[18/23] 📰 Fetching for TXN...

[19/23] 📰 Fetching for TSM...

[20/23] 📰 Fetching for ADBE...

[21/23] 📰 Fetching for QCOM...

[22/23] 📰 Fetching for UBER...

[23/23] 📰 Fetching for MU...

============================================================
✅ Batch fetch complete! Total synced: 18
============================================================
[2026-03-18 07:17:10] news batch done
[2026-03-18 08:15:00] BLOCKED: OS crontab trigger rejected. Remove OS crontab entry: crontab -e
[2026-03-18 08:15:50] news batch start
============================================================
🚀 News Batch Fetcher - 持倉+Watchlist 新聞抓取
   Time: 2026-03-18 08:15:51
   Limit: 3 articles per symbol
   Dry run: False
============================================================
[WARN] Failed to get positions: 502
📋 Found 23 watchlist from DB (stocks table)

🎯 Total unique symbols to fetch: 23

📋 Symbols: NFLX, TSM, AMZN, QQQ, TSLA, AVGO, COIN, TXN, UBER, GOOG...

[1/23] 📰 Fetching for NFLX...

[2/23] 📰 Fetching for TSM...

[3/23] 📰 Fetching for AMZN...

[4/23] 📰 Fetching for QQQ...

[5/23] 📰 Fetching for TSLA...

[6/23] 📰 Fetching for AVGO...

[7/23] 📰 Fetching for COIN...

[8/23] 📰 Fetching for TXN...

[9/23] 📰 Fetching for UBER...

[10/23] 📰 Fetching for GOOG...

[11/23] 📰 Fetching for SPY...

[12/23] 📰 Fetching for NVDA...

[13/23] 📰 Fetching for CRM...

[14/23] 📰 Fetching for MSTR...

[15/23] 📰 Fetching for AMD...

[16/23] 📰 Fetching for QCOM...

[17/23] 📰 Fetching for AAPL...

[18/23] 📰 Fetching for MU...

[19/23] 📰 Fetching for ORCL...

[20/23] 📰 Fetching for ADBE...

[21/23] 📰 Fetching for META...

[22/23] 📰 Fetching for MSFT...

[23/23] 📰 Fetching for GOOGL...

============================================================
✅ Batch fetch complete! Total synced: 13
============================================================
[2026-03-18 08:16:41] news batch done
[2026-03-18 09:15:01] BLOCKED: OS crontab trigger rejected. Remove OS crontab entry: crontab -e
[2026-03-18 09:17:44] news batch start
============================================================
🚀 News Batch Fetcher - 持倉+Watchlist 新聞抓取
   Time: 2026-03-18 09:17:44
   Limit: 3 articles per symbol
   Dry run: False
============================================================
[WARN] Failed to get positions: 502
📋 Found 23 watchlist from DB (stocks table)

🎯 Total unique symbols to fetch: 23

📋 Symbols: AMD, AAPL, TSM, TSLA, GOOGL, AVGO, COIN, ORCL, MU, MSTR...

[1/23] 📰 Fetching for AMD...

[2/23] 📰 Fetching for AAPL...

[3/23] 📰 Fetching for TSM...

[4/23] 📰 Fetching for TSLA...

[5/23] 📰 Fetching for GOOGL...

[6/23] 📰 Fetching for AVGO...

[7/23] 📰 Fetching for COIN...

[8/23] 📰 Fetching for ORCL...

[9/23] 📰 Fetching for MU...

[10/23] 📰 Fetching for MSTR...

[11/23] 📰 Fetching for CRM...

[12/23] 📰 Fetching for GOOG...

[13/23] 📰 Fetching for META...

[14/23] 📰 Fetching for AMZN...

[15/23] 📰 Fetching for NVDA...

[16/23] 📰 Fetching for TXN...

[17/23] 📰 Fetching for MSFT...

[18/23] 📰 Fetching for NFLX...

[19/23] 📰 Fetching for QQQ...

[20/23] 📰 Fetching for ADBE...

[21/23] 📰 Fetching for UBER...

[22/23] 📰 Fetching for QCOM...

[23/23] 📰 Fetching for SPY...

============================================================
✅ Batch fetch complete! Total synced: 18
============================================================
[2026-03-18 09:18:34] news batch done
[2026-03-18 10:15:00] BLOCKED: OS crontab trigger rejected. Remove OS crontab entry: crontab -e
[2026-03-18 10:16:44] news batch start
============================================================
🚀 News Batch Fetcher - 持倉+Watchlist 新聞抓取
   Time: 2026-03-18 10:16:44
   Limit: 3 articles per symbol
   Dry run: False
============================================================
[WARN] Failed to get positions: 502
📋 Found 23 watchlist from DB (stocks table)

🎯 Total unique symbols to fetch: 23

📋 Symbols: SPY, ADBE, MSTR, META, ORCL, NFLX, AMZN, NVDA, GOOGL, QCOM...

[1/23] 📰 Fetching for SPY...

[2/23] 📰 Fetching for ADBE...

[3/23] 📰 Fetching for MSTR...

[4/23] 📰 Fetching for META...

[5/23] 📰 Fetching for ORCL...

[6/23] 📰 Fetching for NFLX...

[7/23] 📰 Fetching for AMZN...

[8/23] 📰 Fetching for NVDA...

[9/23] 📰 Fetching for GOOGL...

[10/23] 📰 Fetching for QCOM...

[11/23] 📰 Fetching for GOOG...

[12/23] 📰 Fetching for QQQ...

[13/23] 📰 Fetching for UBER...

[14/23] 📰 Fetching for AVGO...

[15/23] 📰 Fetching for AAPL...

[16/23] 📰 Fetching for AMD...

[17/23] 📰 Fetching for CRM...

[18/23] 📰 Fetching for TSM...

[19/23] 📰 Fetching for MU...

[20/23] 📰 Fetching for TXN...

[21/23] 📰 Fetching for TSLA...

[22/23] 📰 Fetching for MSFT...

[23/23] 📰 Fetching for COIN...

============================================================
✅ Batch fetch complete! Total synced: 13
============================================================
[2026-03-18 10:17:43] news batch done
[2026-03-18 11:15:00] BLOCKED: OS crontab trigger rejected. Remove OS crontab entry: crontab -e
[2026-03-18 11:16:30] news batch start
============================================================
🚀 News Batch Fetcher - 持倉+Watchlist 新聞抓取
   Time: 2026-03-18 11:16:30
   Limit: 3 articles per symbol
   Dry run: False
============================================================
[WARN] Failed to get positions: 502
📋 Found 23 watchlist from DB (stocks table)

🎯 Total unique symbols to fetch: 23

📋 Symbols: COIN, NVDA, TXN, AMZN, CRM, SPY, AVGO, QCOM, META, ORCL...

[1/23] 📰 Fetching for COIN...

[2/23] 📰 Fetching for NVDA...

[3/23] 📰 Fetching for TXN...

[4/23] 📰 Fetching for AMZN...

[5/23] 📰 Fetching for CRM...

[6/23] 📰 Fetching for SPY...

[7/23] 📰 Fetching for AVGO...

[8/23] 📰 Fetching for QCOM...

[9/23] 📰 Fetching for META...

[10/23] 📰 Fetching for ORCL...

[11/23] 📰 Fetching for MU...

[12/23] 📰 Fetching for NFLX...

[13/23] 📰 Fetching for TSM...

[14/23] 📰 Fetching for MSTR...

[15/23] 📰 Fetching for GOOGL...

[16/23] 📰 Fetching for MSFT...

[17/23] 📰 Fetching for QQQ...

[18/23] 📰 Fetching for ADBE...

[19/23] 📰 Fetching for TSLA...

[20/23] 📰 Fetching for AMD...

[21/23] 📰 Fetching for UBER...

[22/23] 📰 Fetching for GOOG...

[23/23] 📰 Fetching for AAPL...

============================================================
✅ Batch fetch complete! Total synced: 18
============================================================
[2026-03-18 11:17:22] news batch done
[2026-03-18 12:15:00] BLOCKED: OS crontab trigger rejected. Remove OS crontab entry: crontab -e
[2026-03-18 13:15:00] BLOCKED: OS crontab trigger rejected. Remove OS crontab entry: crontab -e
[2026-03-18 14:15:00] BLOCKED: OS crontab trigger rejected. Remove OS crontab entry: crontab -e
[2026-03-18 14:16:20] news batch start
============================================================
🚀 News Batch Fetcher - 持倉+Watchlist 新聞抓取
   Time: 2026-03-18 14:16:20
   Limit: 3 articles per symbol
   Dry run: False
============================================================
[WARN] Failed to get positions: 502
📋 Found 23 watchlist from DB (stocks table)

🎯 Total unique symbols to fetch: 23

📋 Symbols: AAPL, TSM, META, MSFT, MU, NVDA, AMZN, TSLA, CRM, ORCL...

[1/23] 📰 Fetching for AAPL...

[2/23] 📰 Fetching for TSM...

[3/23] 📰 Fetching for META...

[4/23] 📰 Fetching for MSFT...

[5/23] 📰 Fetching for MU...

[6/23] 📰 Fetching for NVDA...

[7/23] 📰 Fetching for AMZN...

[8/23] 📰 Fetching for TSLA...

[9/23] 📰 Fetching for CRM...

[10/23] 📰 Fetching for ORCL...

[11/23] 📰 Fetching for AMD...

[12/23] 📰 Fetching for QQQ...

[13/23] 📰 Fetching for QCOM...

[14/23] 📰 Fetching for TXN...

[15/23] 📰 Fetching for NFLX...

[16/23] 📰 Fetching for ADBE...

[17/23] 📰 Fetching for MSTR...

[18/23] 📰 Fetching for COIN...

[19/23] 📰 Fetching for AVGO...

[20/23] 📰 Fetching for GOOG...

[21/23] 📰 Fetching for SPY...

[22/23] 📰 Fetching for UBER...

[23/23] 📰 Fetching for GOOGL...

============================================================
✅ Batch fetch complete! Total synced: 23
============================================================
[2026-03-18 14:17:15] news batch done
[2026-03-18 15:15:00] BLOCKED: OS crontab trigger rejected. Remove OS crontab entry: crontab -e
[2026-03-18 15:16:08] news batch start
============================================================
🚀 News Batch Fetcher - 持倉+Watchlist 新聞抓取
   Time: 2026-03-18 15:16:09
   Limit: 3 articles per symbol
   Dry run: False
============================================================
[WARN] Failed to get positions: 502
📋 Found 23 watchlist from DB (stocks table)

🎯 Total unique symbols to fetch: 23

📋 Symbols: ORCL, COIN, ADBE, QQQ, AVGO, UBER, AMD, MSTR, NVDA, TSLA...

[1/23] 📰 Fetching for ORCL...

[2/23] 📰 Fetching for COIN...

[3/23] 📰 Fetching for ADBE...

[4/23] 📰 Fetching for QQQ...

[5/23] 📰 Fetching for AVGO...

[6/23] 📰 Fetching for UBER...

[7/23] 📰 Fetching for AMD...

[8/23] 📰 Fetching for MSTR...

[9/23] 📰 Fetching for NVDA...

[10/23] 📰 Fetching for TSLA...

[11/23] 📰 Fetching for TXN...

[12/23] 📰 Fetching for CRM...

[13/23] 📰 Fetching for GOOG...

[14/23] 📰 Fetching for QCOM...

[15/23] 📰 Fetching for NFLX...

[16/23] 📰 Fetching for AMZN...

[17/23] 📰 Fetching for META...

[18/23] 📰 Fetching for GOOGL...

[19/23] 📰 Fetching for MSFT...

[20/23] 📰 Fetching for MU...

[21/23] 📰 Fetching for TSM...

[22/23] 📰 Fetching for SPY...

[23/23] 📰 Fetching for AAPL...

============================================================
✅ Batch fetch complete! Total synced: 16
============================================================
[2026-03-18 15:17:05] news batch done
[2026-03-18 16:15:01] BLOCKED: OS crontab trigger rejected. Remove OS crontab entry: crontab -e
[2026-03-18 16:16:34] news batch start
============================================================
🚀 News Batch Fetcher - 持倉+Watchlist 新聞抓取
   Time: 2026-03-18 16:16:34
   Limit: 3 articles per symbol
   Dry run: False
============================================================
[WARN] Failed to get positions: 502
📋 Found 23 watchlist from DB (stocks table)

🎯 Total unique symbols to fetch: 23

📋 Symbols: MSTR, TXN, UBER, COIN, GOOGL, NFLX, QCOM, AMD, META, AAPL...

[1/23] 📰 Fetching for MSTR...

[2/23] 📰 Fetching for TXN...

[3/23] 📰 Fetching for UBER...

[4/23] 📰 Fetching for COIN...

[5/23] 📰 Fetching for GOOGL...

[6/23] 📰 Fetching for NFLX...

[7/23] 📰 Fetching for QCOM...

[8/23] 📰 Fetching for AMD...

[9/23] 📰 Fetching for META...

[10/23] 📰 Fetching for AAPL...

[11/23] 📰 Fetching for ADBE...

[12/23] 📰 Fetching for AVGO...

[13/23] 📰 Fetching for MU...

[14/23] 📰 Fetching for NVDA...

[15/23] 📰 Fetching for AMZN...

[16/23] 📰 Fetching for GOOG...

[17/23] 📰 Fetching for TSLA...

[18/23] 📰 Fetching for SPY...

[19/23] 📰 Fetching for MSFT...

[20/23] 📰 Fetching for TSM...

[21/23] 📰 Fetching for QQQ...

[22/23] 📰 Fetching for CRM...

[23/23] 📰 Fetching for ORCL...

============================================================
✅ Batch fetch complete! Total synced: 20
============================================================
[2026-03-18 16:17:30] news batch done
[2026-03-18 17:15:00] BLOCKED: OS crontab trigger rejected. Remove OS crontab entry: crontab -e
[2026-03-18 17:16:49] news batch start
============================================================
🚀 News Batch Fetcher - 持倉+Watchlist 新聞抓取
   Time: 2026-03-18 17:16:49
   Limit: 3 articles per symbol
   Dry run: False
============================================================
[WARN] Failed to get positions: 502
📋 Found 23 watchlist from DB (stocks table)

🎯 Total unique symbols to fetch: 23

📋 Symbols: AVGO, MSFT, NFLX, TSLA, ADBE, TSM, COIN, NVDA, CRM, MSTR...

[1/23] 📰 Fetching for AVGO...

[2/23] 📰 Fetching for MSFT...

[3/23] 📰 Fetching for NFLX...

[4/23] 📰 Fetching for TSLA...

[5/23] 📰 Fetching for ADBE...

[6/23] 📰 Fetching for TSM...

[7/23] 📰 Fetching for COIN...

[8/23] 📰 Fetching for NVDA...

[9/23] 📰 Fetching for CRM...

[10/23] 📰 Fetching for MSTR...

[11/23] 📰 Fetching for AMD...

[12/23] 📰 Fetching for QQQ...

[13/23] 📰 Fetching for QCOM...

[14/23] 📰 Fetching for ORCL...

[15/23] 📰 Fetching for AAPL...

[16/23] 📰 Fetching for GOOGL...

[17/23] 📰 Fetching for UBER...

[18/23] 📰 Fetching for GOOG...

[19/23] 📰 Fetching for META...

[20/23] 📰 Fetching for MU...

[21/23] 📰 Fetching for AMZN...

[22/23] 📰 Fetching for TXN...

[23/23] 📰 Fetching for SPY...

============================================================
✅ Batch fetch complete! Total synced: 9
============================================================
[2026-03-18 17:17:43] news batch done
[2026-03-18 18:15:00] BLOCKED: OS crontab trigger rejected. Remove OS crontab entry: crontab -e
[2026-03-18 18:17:05] news batch start
============================================================
🚀 News Batch Fetcher - 持倉+Watchlist 新聞抓取
   Time: 2026-03-18 18:17:05
   Limit: 3 articles per symbol
   Dry run: False
============================================================
[WARN] Failed to get positions: 502
📋 Found 23 watchlist from DB (stocks table)

🎯 Total unique symbols to fetch: 23

📋 Symbols: MSTR, MU, GOOG, COIN, QQQ, NFLX, NVDA, UBER, AMZN, AVGO...

[1/23] 📰 Fetching for MSTR...

[2/23] 📰 Fetching for MU...

[3/23] 📰 Fetching for GOOG...

[4/23] 📰 Fetching for COIN...

[5/23] 📰 Fetching for QQQ...

[6/23] 📰 Fetching for NFLX...

[7/23] 📰 Fetching for NVDA...

[8/23] 📰 Fetching for UBER...

[9/23] 📰 Fetching for AMZN...

[10/23] 📰 Fetching for AVGO...

[11/23] 📰 Fetching for TXN...

[12/23] 📰 Fetching for TSLA...

[13/23] 📰 Fetching for SPY...

[14/23] 📰 Fetching for ADBE...

[15/23] 📰 Fetching for AMD...

[16/23] 📰 Fetching for AAPL...

[17/23] 📰 Fetching for CRM...

[18/23] 📰 Fetching for ORCL...

[19/23] 📰 Fetching for MSFT...

[20/23] 📰 Fetching for QCOM...

[21/23] 📰 Fetching for GOOGL...

[22/23] 📰 Fetching for META...

[23/23] 📰 Fetching for TSM...

============================================================
✅ Batch fetch complete! Total synced: 17
============================================================
[2026-03-18 18:18:13] news batch done
[2026-03-18 19:15:00] BLOCKED: OS crontab trigger rejected. Remove OS crontab entry: crontab -e
[2026-03-18 19:17:26] news batch start
============================================================
🚀 News Batch Fetcher - 持倉+Watchlist 新聞抓取
   Time: 2026-03-18 19:17:26
   Limit: 3 articles per symbol
   Dry run: False
============================================================
[WARN] Failed to get positions: 502
📋 Found 23 watchlist from DB (stocks table)

🎯 Total unique symbols to fetch: 23

📋 Symbols: GOOG, COIN, MU, TSM, MSTR, AMD, GOOGL, AAPL, META, TXN...

[1/23] 📰 Fetching for GOOG...

[2/23] 📰 Fetching for COIN...

[3/23] 📰 Fetching for MU...

[4/23] 📰 Fetching for TSM...

[5/23] 📰 Fetching for MSTR...

[6/23] 📰 Fetching for AMD...

[7/23] 📰 Fetching for GOOGL...

[8/23] 📰 Fetching for AAPL...

[9/23] 📰 Fetching for META...

[10/23] 📰 Fetching for TXN...

[11/23] 📰 Fetching for QCOM...

[12/23] 📰 Fetching for NVDA...

[13/23] 📰 Fetching for QQQ...

[14/23] 📰 Fetching for UBER...

[15/23] 📰 Fetching for ADBE...

[16/23] 📰 Fetching for AVGO...

[17/23] 📰 Fetching for TSLA...

[18/23] 📰 Fetching for MSFT...

[19/23] 📰 Fetching for SPY...

[20/23] 📰 Fetching for NFLX...

[21/23] 📰 Fetching for ORCL...

[22/23] 📰 Fetching for AMZN...

[23/23] 📰 Fetching for CRM...

============================================================
✅ Batch fetch complete! Total synced: 14
============================================================
[2026-03-18 19:18:21] news batch done
[2026-03-18 20:15:00] BLOCKED: OS crontab trigger rejected. Remove OS crontab entry: crontab -e
[2026-03-18 20:16:22] news batch start
============================================================
🚀 News Batch Fetcher - 持倉+Watchlist 新聞抓取
   Time: 2026-03-18 20:16:23
   Limit: 3 articles per symbol
   Dry run: False
============================================================
[WARN] Failed to get positions: 502
📋 Found 23 watchlist from DB (stocks table)

🎯 Total unique symbols to fetch: 23

📋 Symbols: COIN, TXN, AMZN, ORCL, NVDA, MSFT, AMD, TSM, UBER, GOOGL...

[1/23] 📰 Fetching for COIN...

[2/23] 📰 Fetching for TXN...

[3/23] 📰 Fetching for AMZN...

[4/23] 📰 Fetching for ORCL...

[5/23] 📰 Fetching for NVDA...

[6/23] 📰 Fetching for MSFT...

[7/23] 📰 Fetching for AMD...

[8/23] 📰 Fetching for TSM...

[9/23] 📰 Fetching for UBER...

[10/23] 📰 Fetching for GOOGL...

[11/23] 📰 Fetching for CRM...

[12/23] 📰 Fetching for TSLA...

[13/23] 📰 Fetching for QQQ...

[14/23] 📰 Fetching for META...

[15/23] 📰 Fetching for GOOG...

[16/23] 📰 Fetching for ADBE...

[17/23] 📰 Fetching for MU...

[18/23] 📰 Fetching for AAPL...

[19/23] 📰 Fetching for NFLX...

[20/23] 📰 Fetching for QCOM...

[21/23] 📰 Fetching for SPY...

[22/23] 📰 Fetching for AVGO...

[23/23] 📰 Fetching for MSTR...

============================================================
✅ Batch fetch complete! Total synced: 17
============================================================
[2026-03-18 20:17:19] news batch done
[2026-03-18 21:15:00] BLOCKED: OS crontab trigger rejected. Remove OS crontab entry: crontab -e
[2026-03-18 22:15:00] BLOCKED: OS crontab trigger rejected. Remove OS crontab entry: crontab -e
[2026-03-18 22:21:22] news batch start
============================================================
🚀 News Batch Fetcher - 持倉+Watchlist 新聞抓取
   Time: 2026-03-18 22:21:22
   Limit: 3 articles per symbol
   Dry run: False
============================================================
[WARN] Failed to get positions: 502
📋 Found 23 watchlist from DB (stocks table)

🎯 Total unique symbols to fetch: 23

📋 Symbols: CRM, UBER, AVGO, AMZN, QCOM, NFLX, AMD, TSM, COIN, MSFT...

[1/23] 📰 Fetching for CRM...

[2/23] 📰 Fetching for UBER...

[3/23] 📰 Fetching for AVGO...

[4/23] 📰 Fetching for AMZN...

[5/23] 📰 Fetching for QCOM...

[6/23] 📰 Fetching for NFLX...

[7/23] 📰 Fetching for AMD...

[8/23] 📰 Fetching for TSM...

[9/23] 📰 Fetching for COIN...

[10/23] 📰 Fetching for MSFT...

[11/23] 📰 Fetching for NVDA...

[12/23] 📰 Fetching for ADBE...

[13/23] 📰 Fetching for GOOGL...

[14/23] 📰 Fetching for META...

[15/23] 📰 Fetching for MSTR...

[16/23] 📰 Fetching for AAPL...

[17/23] 📰 Fetching for MU...

[18/23] 📰 Fetching for TSLA...

[19/23] 📰 Fetching for ORCL...

[20/23] 📰 Fetching for SPY...

[21/23] 📰 Fetching for QQQ...

[22/23] 📰 Fetching for TXN...

[23/23] 📰 Fetching for GOOG...

============================================================
✅ Batch fetch complete! Total synced: 24
============================================================
[2026-03-18 22:22:33] news batch done
[2026-03-18 23:15:00] BLOCKED: OS crontab trigger rejected. Remove OS crontab entry: crontab -e
[2026-03-18 23:19:57] news batch start
============================================================
🚀 News Batch Fetcher - 持倉+Watchlist 新聞抓取
   Time: 2026-03-18 23:19:57
   Limit: 3 articles per symbol
   Dry run: False
============================================================
[WARN] Failed to get positions: 502
📋 Found 23 watchlist from DB (stocks table)

🎯 Total unique symbols to fetch: 23

📋 Symbols: QCOM, GOOG, AMZN, ADBE, META, QQQ, MSTR, MU, ORCL, NFLX...

[1/23] 📰 Fetching for QCOM...

[2/23] 📰 Fetching for GOOG...

[3/23] 📰 Fetching for AMZN...

[4/23] 📰 Fetching for ADBE...

[5/23] 📰 Fetching for META...

[6/23] 📰 Fetching for QQQ...

[7/23] 📰 Fetching for MSTR...

[8/23] 📰 Fetching for MU...

[9/23] 📰 Fetching for ORCL...

[10/23] 📰 Fetching for NFLX...

[11/23] 📰 Fetching for TSLA...

[12/23] 📰 Fetching for UBER...

[13/23] 📰 Fetching for MSFT...

[14/23] 📰 Fetching for AMD...

[15/23] 📰 Fetching for GOOGL...

[16/23] 📰 Fetching for CRM...

[17/23] 📰 Fetching for TSM...

[18/23] 📰 Fetching for TXN...

[19/23] 📰 Fetching for COIN...

[20/23] 📰 Fetching for SPY...

[21/23] 📰 Fetching for AAPL...

[22/23] 📰 Fetching for NVDA...

[23/23] 📰 Fetching for AVGO...

============================================================
✅ Batch fetch complete! Total synced: 19
============================================================
[2026-03-18 23:20:48] news batch done
[2026-03-19 00:15:01] BLOCKED: OS crontab trigger rejected. Remove OS crontab entry: crontab -e
[2026-03-19 00:22:47] news batch start
============================================================
🚀 News Batch Fetcher - 持倉+Watchlist 新聞抓取
   Time: 2026-03-19 00:22:47
   Limit: 3 articles per symbol
   Dry run: False
============================================================
[WARN] Failed to get positions: 502
📋 Found 23 watchlist from DB (stocks table)

🎯 Total unique symbols to fetch: 23

📋 Symbols: NVDA, AAPL, SPY, AMZN, TXN, ADBE, CRM, AMD, QCOM, NFLX...

[1/23] 📰 Fetching for NVDA...

[2/23] 📰 Fetching for AAPL...

[3/23] 📰 Fetching for SPY...

[4/23] 📰 Fetching for AMZN...

[5/23] 📰 Fetching for TXN...

[6/23] 📰 Fetching for ADBE...

[7/23] 📰 Fetching for CRM...

[8/23] 📰 Fetching for AMD...

[9/23] 📰 Fetching for QCOM...

[10/23] 📰 Fetching for NFLX...

[11/23] 📰 Fetching for MSFT...

[12/23] 📰 Fetching for COIN...

[13/23] 📰 Fetching for QQQ...

[14/23] 📰 Fetching for MSTR...

[15/23] 📰 Fetching for TSM...

[16/23] 📰 Fetching for META...

[17/23] 📰 Fetching for MU...

[18/23] 📰 Fetching for ORCL...

[19/23] 📰 Fetching for UBER...

[20/23] 📰 Fetching for GOOGL...

[21/23] 📰 Fetching for TSLA...

[22/23] 📰 Fetching for GOOG...

[23/23] 📰 Fetching for AVGO...

============================================================
✅ Batch fetch complete! Total synced: 20
============================================================
[2026-03-19 00:23:53] news batch done
[2026-03-19 01:15:01] BLOCKED: OS crontab trigger rejected. Remove OS crontab entry: crontab -e
[2026-03-19 01:22:19] news batch start
============================================================
🚀 News Batch Fetcher - 持倉+Watchlist 新聞抓取
   Time: 2026-03-19 01:22:20
   Limit: 3 articles per symbol
   Dry run: False
============================================================
[WARN] Failed to get positions: 502
📋 Found 23 watchlist from DB (stocks table)

🎯 Total unique symbols to fetch: 23

📋 Symbols: GOOG, CRM, MSFT, AAPL, AVGO, AMD, MU, NVDA, QQQ, SPY...

[1/23] 📰 Fetching for GOOG...

[2/23] 📰 Fetching for CRM...

[3/23] 📰 Fetching for MSFT...

[4/23] 📰 Fetching for AAPL...

[5/23] 📰 Fetching for AVGO...

[6/23] 📰 Fetching for AMD...

[7/23] 📰 Fetching for MU...

[8/23] 📰 Fetching for NVDA...

[9/23] 📰 Fetching for QQQ...

[10/23] 📰 Fetching for SPY...

[11/23] 📰 Fetching for AMZN...

[12/23] 📰 Fetching for TXN...

[13/23] 📰 Fetching for COIN...

[14/23] 📰 Fetching for TSLA...

[15/23] 📰 Fetching for TSM...

[16/23] 📰 Fetching for QCOM...

[17/23] 📰 Fetching for ORCL...

[18/23] 📰 Fetching for UBER...

[19/23] 📰 Fetching for GOOGL...

[20/23] 📰 Fetching for MSTR...

[21/23] 📰 Fetching for ADBE...

[22/23] 📰 Fetching for META...

[23/23] 📰 Fetching for NFLX...

============================================================
✅ Batch fetch complete! Total synced: 19
============================================================
[2026-03-19 01:23:14] news batch done
[2026-03-19 02:15:00] BLOCKED: OS crontab trigger rejected. Remove OS crontab entry: crontab -e
[2026-03-19 02:22:33] news batch start
============================================================
🚀 News Batch Fetcher - 持倉+Watchlist 新聞抓取
   Time: 2026-03-19 02:22:33
   Limit: 3 articles per symbol
   Dry run: False
============================================================
[WARN] Failed to get positions: 502
📋 Found 23 watchlist from DB (stocks table)

🎯 Total unique symbols to fetch: 23

📋 Symbols: MU, AMZN, ORCL, TSM, NVDA, GOOG, META, MSTR, GOOGL, ADBE...

[1/23] 📰 Fetching for MU...

[2/23] 📰 Fetching for AMZN...

[3/23] 📰 Fetching for ORCL...

[4/23] 📰 Fetching for TSM...

[5/23] 📰 Fetching for NVDA...

[6/23] 📰 Fetching for GOOG...

[7/23] 📰 Fetching for META...

[8/23] 📰 Fetching for MSTR...

[9/23] 📰 Fetching for GOOGL...

[10/23] 📰 Fetching for ADBE...

[11/23] 📰 Fetching for TXN...

[12/23] 📰 Fetching for UBER...

[13/23] 📰 Fetching for AMD...

[14/23] 📰 Fetching for CRM...

[15/23] 📰 Fetching for SPY...

[16/23] 📰 Fetching for NFLX...

[17/23] 📰 Fetching for AVGO...

[18/23] 📰 Fetching for AAPL...

[19/23] 📰 Fetching for QQQ...

[20/23] 📰 Fetching for QCOM...

[21/23] 📰 Fetching for MSFT...

[22/23] 📰 Fetching for TSLA...

[23/23] 📰 Fetching for COIN...

============================================================
✅ Batch fetch complete! Total synced: 19
============================================================
[2026-03-19 02:23:26] news batch done
[2026-03-19 03:15:00] BLOCKED: OS crontab trigger rejected. Remove OS crontab entry: crontab -e
[2026-03-19 03:20:27] news batch start
============================================================
🚀 News Batch Fetcher - 持倉+Watchlist 新聞抓取
   Time: 2026-03-19 03:20:28
   Limit: 3 articles per symbol
   Dry run: False
============================================================
[WARN] Failed to get positions: 502
📋 Found 23 watchlist from DB (stocks table)

🎯 Total unique symbols to fetch: 23

📋 Symbols: GOOG, TSLA, MU, QCOM, SPY, MSFT, NVDA, AMZN, AVGO, GOOGL...

[1/23] 📰 Fetching for GOOG...

[2/23] 📰 Fetching for TSLA...

[3/23] 📰 Fetching for MU...

[4/23] 📰 Fetching for QCOM...

[5/23] 📰 Fetching for SPY...

[6/23] 📰 Fetching for MSFT...

[7/23] 📰 Fetching for NVDA...

[8/23] 📰 Fetching for AMZN...

[9/23] 📰 Fetching for AVGO...

[10/23] 📰 Fetching for GOOGL...

[11/23] 📰 Fetching for ORCL...

[12/23] 📰 Fetching for UBER...

[13/23] 📰 Fetching for COIN...

[14/23] 📰 Fetching for CRM...

[15/23] 📰 Fetching for NFLX...

[16/23] 📰 Fetching for TXN...

[17/23] 📰 Fetching for AAPL...

[18/23] 📰 Fetching for TSM...

[19/23] 📰 Fetching for AMD...

[20/23] 📰 Fetching for ADBE...

[21/23] 📰 Fetching for MSTR...

[22/23] 📰 Fetching for META...

[23/23] 📰 Fetching for QQQ...

============================================================
✅ Batch fetch complete! Total synced: 16
============================================================
[2026-03-19 03:21:22] news batch done
[2026-03-19 04:15:00] BLOCKED: OS crontab trigger rejected. Remove OS crontab entry: crontab -e
[2026-03-19 04:18:35] news batch start
============================================================
🚀 News Batch Fetcher - 持倉+Watchlist 新聞抓取
   Time: 2026-03-19 04:18:35
   Limit: 3 articles per symbol
   Dry run: False
============================================================
[WARN] Failed to get positions: 502
📋 Found 23 watchlist from DB (stocks table)

🎯 Total unique symbols to fetch: 23

📋 Symbols: TSLA, ADBE, MU, MSTR, GOOG, MSFT, TSM, AAPL, META, AMZN...

[1/23] 📰 Fetching for TSLA...

[2/23] 📰 Fetching for ADBE...

[3/23] 📰 Fetching for MU...

[4/23] 📰 Fetching for MSTR...

[5/23] 📰 Fetching for GOOG...

[6/23] 📰 Fetching for MSFT...

[7/23] 📰 Fetching for TSM...

[8/23] 📰 Fetching for AAPL...

[9/23] 📰 Fetching for META...

[10/23] 📰 Fetching for AMZN...

[11/23] 📰 Fetching for NVDA...

[12/23] 📰 Fetching for UBER...

[13/23] 📰 Fetching for TXN...

[14/23] 📰 Fetching for ORCL...

[15/23] 📰 Fetching for CRM...

[16/23] 📰 Fetching for QCOM...

[17/23] 📰 Fetching for AVGO...

[18/23] 📰 Fetching for QQQ...

[19/23] 📰 Fetching for SPY...

[20/23] 📰 Fetching for GOOGL...

[21/23] 📰 Fetching for AMD...

[22/23] 📰 Fetching for NFLX...

[23/23] 📰 Fetching for COIN...

============================================================
✅ Batch fetch complete! Total synced: 18
============================================================
[2026-03-19 04:19:25] news batch done
[2026-03-19 05:15:01] BLOCKED: OS crontab trigger rejected. Remove OS crontab entry: crontab -e
[2026-03-19 05:17:05] news batch start
============================================================
🚀 News Batch Fetcher - 持倉+Watchlist 新聞抓取
   Time: 2026-03-19 05:17:05
   Limit: 3 articles per symbol
   Dry run: False
============================================================
[WARN] Failed to get positions: 502
📋 Found 23 watchlist from DB (stocks table)

🎯 Total unique symbols to fetch: 23

📋 Symbols: GOOG, MSTR, UBER, AAPL, TSLA, ORCL, NFLX, TXN, AMZN, SPY...

[1/23] 📰 Fetching for GOOG...

[2/23] 📰 Fetching for MSTR...

[3/23] 📰 Fetching for UBER...

[4/23] 📰 Fetching for AAPL...

[5/23] 📰 Fetching for TSLA...

[6/23] 📰 Fetching for ORCL...

[7/23] 📰 Fetching for NFLX...

[8/23] 📰 Fetching for TXN...

[9/23] 📰 Fetching for AMZN...

[10/23] 📰 Fetching for SPY...

[11/23] 📰 Fetching for AMD...

[12/23] 📰 Fetching for COIN...

[13/23] 📰 Fetching for AVGO...

[14/23] 📰 Fetching for ADBE...

[15/23] 📰 Fetching for META...

[16/23] 📰 Fetching for QCOM...

[17/23] 📰 Fetching for MSFT...

[18/23] 📰 Fetching for GOOGL...

[19/23] 📰 Fetching for QQQ...

[20/23] 📰 Fetching for CRM...

[21/23] 📰 Fetching for NVDA...

[22/23] 📰 Fetching for MU...

[23/23] 📰 Fetching for TSM...

============================================================
✅ Batch fetch complete! Total synced: 15
============================================================
[2026-03-19 05:17:53] news batch done
[2026-03-19 06:15:00] BLOCKED: OS crontab trigger rejected. Remove OS crontab entry: crontab -e
[2026-03-19 06:16:23] news batch start
============================================================
🚀 News Batch Fetcher - 持倉+Watchlist 新聞抓取
   Time: 2026-03-19 06:16:23
   Limit: 3 articles per symbol
   Dry run: False
============================================================
[WARN] Failed to get positions: 502
📋 Found 23 watchlist from DB (stocks table)

🎯 Total unique symbols to fetch: 23

📋 Symbols: AVGO, ORCL, QCOM, COIN, ADBE, AMD, MSTR, NFLX, TSM, CRM...

[1/23] 📰 Fetching for AVGO...

[2/23] 📰 Fetching for ORCL...

[3/23] 📰 Fetching for QCOM...

[4/23] 📰 Fetching for COIN...

[5/23] 📰 Fetching for ADBE...

[6/23] 📰 Fetching for AMD...

[7/23] 📰 Fetching for MSTR...

[8/23] 📰 Fetching for NFLX...

[9/23] 📰 Fetching for TSM...

[10/23] 📰 Fetching for CRM...

[11/23] 📰 Fetching for NVDA...

[12/23] 📰 Fetching for AAPL...

[13/23] 📰 Fetching for UBER...

[14/23] 📰 Fetching for TSLA...

[15/23] 📰 Fetching for META...

[16/23] 📰 Fetching for MU...

[17/23] 📰 Fetching for SPY...

[18/23] 📰 Fetching for MSFT...

[19/23] 📰 Fetching for GOOGL...

[20/23] 📰 Fetching for AMZN...

[21/23] 📰 Fetching for TXN...

[22/23] 📰 Fetching for GOOG...

[23/23] 📰 Fetching for QQQ...

============================================================
✅ Batch fetch complete! Total synced: 21
============================================================
[2026-03-19 06:17:15] news batch done
[2026-03-19 07:15:00] BLOCKED: OS crontab trigger rejected. Remove OS crontab entry: crontab -e
[2026-03-19 07:16:04] news batch start
============================================================
🚀 News Batch Fetcher - 持倉+Watchlist 新聞抓取
   Time: 2026-03-19 07:16:04
   Limit: 3 articles per symbol
   Dry run: False
============================================================
[WARN] Failed to get positions: 502
📋 Found 23 watchlist from DB (stocks table)

🎯 Total unique symbols to fetch: 23

📋 Symbols: NVDA, GOOGL, TXN, QCOM, TSLA, TSM, MU, ADBE, META, CRM...

[1/23] 📰 Fetching for NVDA...

[2/23] 📰 Fetching for GOOGL...

[3/23] 📰 Fetching for TXN...

[4/23] 📰 Fetching for QCOM...

[5/23] 📰 Fetching for TSLA...

[6/23] 📰 Fetching for TSM...

[7/23] 📰 Fetching for MU...

[8/23] 📰 Fetching for ADBE...

[9/23] 📰 Fetching for META...

[10/23] 📰 Fetching for CRM...

[11/23] 📰 Fetching for AVGO...

[12/23] 📰 Fetching for AMZN...

[13/23] 📰 Fetching for ORCL...

[14/23] 📰 Fetching for UBER...

[15/23] 📰 Fetching for COIN...

[16/23] 📰 Fetching for AMD...

[17/23] 📰 Fetching for MSFT...

[18/23] 📰 Fetching for MSTR...

[19/23] 📰 Fetching for QQQ...

[20/23] 📰 Fetching for SPY...

[21/23] 📰 Fetching for AAPL...

[22/23] 📰 Fetching for GOOG...

[23/23] 📰 Fetching for NFLX...

============================================================
✅ Batch fetch complete! Total synced: 16
============================================================
[2026-03-19 07:16:51] news batch done
[2026-03-19 08:15:01] BLOCKED: OS crontab trigger rejected. Remove OS crontab entry: crontab -e
[2026-03-19 08:15:34] news batch start
============================================================
🚀 News Batch Fetcher - 持倉+Watchlist 新聞抓取
   Time: 2026-03-19 08:15:34
   Limit: 3 articles per symbol
   Dry run: False
============================================================
[WARN] Failed to get positions: 502
📋 Found 23 watchlist from DB (stocks table)

🎯 Total unique symbols to fetch: 23

📋 Symbols: ADBE, COIN, GOOGL, AVGO, META, TSM, SPY, AAPL, CRM, TXN...

[1/23] 📰 Fetching for ADBE...

[2/23] 📰 Fetching for COIN...

[3/23] 📰 Fetching for GOOGL...

[4/23] 📰 Fetching for AVGO...

[5/23] 📰 Fetching for META...

[6/23] 📰 Fetching for TSM...

[7/23] 📰 Fetching for SPY...

[8/23] 📰 Fetching for AAPL...

[9/23] 📰 Fetching for CRM...

[10/23] 📰 Fetching for TXN...

[11/23] 📰 Fetching for UBER...

[12/23] 📰 Fetching for ORCL...

[13/23] 📰 Fetching for MSTR...

[14/23] 📰 Fetching for AMD...

[15/23] 📰 Fetching for NFLX...

[16/23] 📰 Fetching for GOOG...

[17/23] 📰 Fetching for AMZN...

[18/23] 📰 Fetching for MSFT...

[19/23] 📰 Fetching for NVDA...

[20/23] 📰 Fetching for QCOM...

[21/23] 📰 Fetching for MU...

[22/23] 📰 Fetching for QQQ...

[23/23] 📰 Fetching for TSLA...

============================================================
✅ Batch fetch complete! Total synced: 18
============================================================
[2026-03-19 08:16:33] news batch done
[2026-03-19 09:15:01] BLOCKED: OS crontab trigger rejected. Remove OS crontab entry: crontab -e
[2026-03-19 10:15:00] BLOCKED: OS crontab trigger rejected. Remove OS crontab entry: crontab -e
[2026-03-19 10:16:44] news batch start
============================================================
🚀 News Batch Fetcher - 持倉+Watchlist 新聞抓取
   Time: 2026-03-19 10:16:44
   Limit: 3 articles per symbol
   Dry run: False
============================================================
[WARN] Failed to get positions: 502
📋 Found 23 watchlist from DB (stocks table)

🎯 Total unique symbols to fetch: 23

📋 Symbols: AAPL, AVGO, TSM, MU, QQQ, ORCL, GOOGL, CRM, ADBE, AMZN...

[1/23] 📰 Fetching for AAPL...

[2/23] 📰 Fetching for AVGO...

[3/23] 📰 Fetching for TSM...

[4/23] 📰 Fetching for MU...

[5/23] 📰 Fetching for QQQ...

[6/23] 📰 Fetching for ORCL...

[7/23] 📰 Fetching for GOOGL...

[8/23] 📰 Fetching for CRM...

[9/23] 📰 Fetching for ADBE...

[10/23] 📰 Fetching for AMZN...

[11/23] 📰 Fetching for COIN...

[12/23] 📰 Fetching for NVDA...

[13/23] 📰 Fetching for AMD...

[14/23] 📰 Fetching for MSTR...

[15/23] 📰 Fetching for SPY...

[16/23] 📰 Fetching for TXN...

[17/23] 📰 Fetching for QCOM...

[18/23] 📰 Fetching for GOOG...

[19/23] 📰 Fetching for UBER...

[20/23] 📰 Fetching for NFLX...

[21/23] 📰 Fetching for META...

[22/23] 📰 Fetching for MSFT...

[23/23] 📰 Fetching for TSLA...

============================================================
✅ Batch fetch complete! Total synced: 30
============================================================
[2026-03-19 10:17:37] news batch done
[2026-03-19 11:15:00] BLOCKED: OS crontab trigger rejected. Remove OS crontab entry: crontab -e
[2026-03-19 11:16:40] news batch start
============================================================
🚀 News Batch Fetcher - 持倉+Watchlist 新聞抓取
   Time: 2026-03-19 11:16:40
   Limit: 3 articles per symbol
   Dry run: False
============================================================
[WARN] Failed to get positions: 502
📋 Found 23 watchlist from DB (stocks table)

🎯 Total unique symbols to fetch: 23

📋 Symbols: TSM, SPY, AMZN, COIN, AVGO, AAPL, MU, QCOM, ORCL, NFLX...

[1/23] 📰 Fetching for TSM...

[2/23] 📰 Fetching for SPY...

[3/23] 📰 Fetching for AMZN...

[4/23] 📰 Fetching for COIN...

[5/23] 📰 Fetching for AVGO...

[6/23] 📰 Fetching for AAPL...

[7/23] 📰 Fetching for MU...

[8/23] 📰 Fetching for QCOM...

[9/23] 📰 Fetching for ORCL...

[10/23] 📰 Fetching for NFLX...

[11/23] 📰 Fetching for META...

[12/23] 📰 Fetching for TSLA...

[13/23] 📰 Fetching for NVDA...

[14/23] 📰 Fetching for GOOGL...

[15/23] 📰 Fetching for MSTR...

[16/23] 📰 Fetching for TXN...

[17/23] 📰 Fetching for UBER...

[18/23] 📰 Fetching for QQQ...

[19/23] 📰 Fetching for GOOG...

[20/23] 📰 Fetching for CRM...

[21/23] 📰 Fetching for AMD...

[22/23] 📰 Fetching for MSFT...

[23/23] 📰 Fetching for ADBE...

============================================================
✅ Batch fetch complete! Total synced: 9
============================================================
[2026-03-19 11:17:31] news batch done
[2026-03-19 12:15:00] BLOCKED: OS crontab trigger rejected. Remove OS crontab entry: crontab -e
[2026-03-19 12:16:25] news batch start
============================================================
🚀 News Batch Fetcher - 持倉+Watchlist 新聞抓取
   Time: 2026-03-19 12:16:25
   Limit: 3 articles per symbol
   Dry run: False
============================================================
[WARN] Failed to get positions: 502
📋 Found 23 watchlist from DB (stocks table)

🎯 Total unique symbols to fetch: 23

📋 Symbols: GOOG, TXN, CRM, GOOGL, MU, SPY, QCOM, NFLX, ADBE, COIN...

[1/23] 📰 Fetching for GOOG...

[2/23] 📰 Fetching for TXN...

[3/23] 📰 Fetching for CRM...

[4/23] 📰 Fetching for GOOGL...

[5/23] 📰 Fetching for MU...

[6/23] 📰 Fetching for SPY...

[7/23] 📰 Fetching for QCOM...

[8/23] 📰 Fetching for NFLX...

[9/23] 📰 Fetching for ADBE...

[10/23] 📰 Fetching for COIN...

[11/23] 📰 Fetching for AMZN...

[12/23] 📰 Fetching for AAPL...

[13/23] 📰 Fetching for ORCL...

[14/23] 📰 Fetching for QQQ...

[15/23] 📰 Fetching for TSLA...

[16/23] 📰 Fetching for AVGO...

[17/23] 📰 Fetching for AMD...

[18/23] 📰 Fetching for MSFT...

[19/23] 📰 Fetching for NVDA...

[20/23] 📰 Fetching for TSM...

[21/23] 📰 Fetching for UBER...

[22/23] 📰 Fetching for MSTR...

[23/23] 📰 Fetching for META...

============================================================
✅ Batch fetch complete! Total synced: 14
============================================================
[2026-03-19 12:17:31] news batch done
[2026-03-19 13:15:00] BLOCKED: OS crontab trigger rejected. Remove OS crontab entry: crontab -e
[2026-03-19 13:16:13] news batch start
============================================================
🚀 News Batch Fetcher - 持倉+Watchlist 新聞抓取
   Time: 2026-03-19 13:16:13
   Limit: 3 articles per symbol
   Dry run: False
============================================================
[WARN] Failed to get positions: 502
📋 Found 23 watchlist from DB (stocks table)

🎯 Total unique symbols to fetch: 23

📋 Symbols: QQQ, AMZN, MU, AMD, GOOGL, TSM, QCOM, AVGO, GOOG, NVDA...

[1/23] 📰 Fetching for QQQ...

[2/23] 📰 Fetching for AMZN...

[3/23] 📰 Fetching for MU...

[4/23] 📰 Fetching for AMD...

[5/23] 📰 Fetching for GOOGL...

[6/23] 📰 Fetching for TSM...

[7/23] 📰 Fetching for QCOM...

[8/23] 📰 Fetching for AVGO...

[9/23] 📰 Fetching for GOOG...

[10/23] 📰 Fetching for NVDA...

[11/23] 📰 Fetching for AAPL...

[12/23] 📰 Fetching for UBER...

[13/23] 📰 Fetching for SPY...

[14/23] 📰 Fetching for ORCL...

[15/23] 📰 Fetching for MSTR...

[16/23] 📰 Fetching for META...

[17/23] 📰 Fetching for TXN...

[18/23] 📰 Fetching for NFLX...

[19/23] 📰 Fetching for TSLA...

[20/23] 📰 Fetching for MSFT...

[21/23] 📰 Fetching for ADBE...

[22/23] 📰 Fetching for COIN...

[23/23] 📰 Fetching for CRM...

============================================================
✅ Batch fetch complete! Total synced: 12
============================================================
[2026-03-19 13:17:02] news batch done
[2026-03-19 14:15:00] BLOCKED: OS crontab trigger rejected. Remove OS crontab entry: crontab -e
[2026-03-19 14:16:28] news batch start
============================================================
🚀 News Batch Fetcher - 持倉+Watchlist 新聞抓取
   Time: 2026-03-19 14:16:28
   Limit: 3 articles per symbol
   Dry run: False
============================================================
[WARN] Failed to get positions: 502
📋 Found 23 watchlist from DB (stocks table)

🎯 Total unique symbols to fetch: 23

📋 Symbols: GOOGL, COIN, AVGO, MU, ORCL, AAPL, META, AMZN, MSTR, UBER...

[1/23] 📰 Fetching for GOOGL...

[2/23] 📰 Fetching for COIN...

[3/23] 📰 Fetching for AVGO...

[4/23] 📰 Fetching for MU...

[5/23] 📰 Fetching for ORCL...

[6/23] 📰 Fetching for AAPL...

[7/23] 📰 Fetching for META...

[8/23] 📰 Fetching for AMZN...

[9/23] 📰 Fetching for MSTR...

[10/23] 📰 Fetching for UBER...

[11/23] 📰 Fetching for CRM...

[12/23] 📰 Fetching for SPY...

[13/23] 📰 Fetching for NFLX...

[14/23] 📰 Fetching for TSM...

[15/23] 📰 Fetching for TXN...

[16/23] 📰 Fetching for NVDA...

[17/23] 📰 Fetching for GOOG...

[18/23] 📰 Fetching for MSFT...

[19/23] 📰 Fetching for AMD...

[20/23] 📰 Fetching for TSLA...

[21/23] 📰 Fetching for ADBE...

[22/23] 📰 Fetching for QCOM...

[23/23] 📰 Fetching for QQQ...

============================================================
✅ Batch fetch complete! Total synced: 13
============================================================
[2026-03-19 14:17:21] news batch done
[2026-03-19 15:15:01] BLOCKED: OS crontab trigger rejected. Remove OS crontab entry: crontab -e
[2026-03-19 15:16:35] news batch start
============================================================
🚀 News Batch Fetcher - 持倉+Watchlist 新聞抓取
   Time: 2026-03-19 15:16:36
   Limit: 3 articles per symbol
   Dry run: False
============================================================
[WARN] Failed to get positions: 502
📋 Found 23 watchlist from DB (stocks table)

🎯 Total unique symbols to fetch: 23

📋 Symbols: AAPL, NFLX, TSLA, AVGO, NVDA, TXN, CRM, AMD, UBER, TSM...

[1/23] 📰 Fetching for AAPL...

[2/23] 📰 Fetching for NFLX...

[3/23] 📰 Fetching for TSLA...

[4/23] 📰 Fetching for AVGO...

[5/23] 📰 Fetching for NVDA...

[6/23] 📰 Fetching for TXN...

[7/23] 📰 Fetching for CRM...

[8/23] 📰 Fetching for AMD...

[9/23] 📰 Fetching for UBER...

[10/23] 📰 Fetching for TSM...

[11/23] 📰 Fetching for GOOG...

[12/23] 📰 Fetching for GOOGL...

[13/23] 📰 Fetching for QCOM...

[14/23] 📰 Fetching for SPY...

[15/23] 📰 Fetching for MU...

[16/23] 📰 Fetching for ORCL...

[17/23] 📰 Fetching for COIN...

[18/23] 📰 Fetching for ADBE...

[19/23] 📰 Fetching for AMZN...

[20/23] 📰 Fetching for META...

[21/23] 📰 Fetching for QQQ...

[22/23] 📰 Fetching for MSFT...

[23/23] 📰 Fetching for MSTR...

============================================================
✅ Batch fetch complete! Total synced: 14
============================================================
[2026-03-19 15:17:28] news batch done
[2026-03-19 16:15:00] BLOCKED: OS crontab trigger rejected. Remove OS crontab entry: crontab -e
[2026-03-19 16:16:19] news batch start
[2026-03-19 17:15:01] BLOCKED: OS crontab trigger rejected. Remove OS crontab entry: crontab -e
[2026-03-19 17:16:53] news batch skipped: lock active
[2026-03-19 17:16:57] news batch skipped: lock active
[2026-03-19 18:15:00] BLOCKED: OS crontab trigger rejected. Remove OS crontab entry: crontab -e
[2026-03-19 18:17:18] news batch skipped: lock active
[2026-03-19 19:15:00] BLOCKED: OS crontab trigger rejected. Remove OS crontab entry: crontab -e
[2026-03-19 19:17:06] news batch skipped: lock active
[2026-03-19 20:15:00] BLOCKED: OS crontab trigger rejected. Remove OS crontab entry: crontab -e
[2026-03-19 20:17:24] news batch skipped: lock active
[2026-03-19 20:18:01] news batch start
============================================================
🚀 News Batch Fetcher - 持倉+Watchlist 新聞抓取
   Time: 2026-03-19 20:18:01
   Limit: 3 articles per symbol
   Dry run: False
============================================================
[WARN] Failed to get positions: 502
📋 Found 23 watchlist from DB (stocks table)

🎯 Total unique symbols to fetch: 23

📋 Symbols: AMD, META, TSLA, QQQ, ADBE, SPY, AVGO, MSFT, MU, GOOGL...

[1/23] 📰 Fetching for AMD...

[2/23] 📰 Fetching for META...

[3/23] 📰 Fetching for TSLA...

[4/23] 📰 Fetching for QQQ...

[5/23] 📰 Fetching for ADBE...

[6/23] 📰 Fetching for SPY...

[7/23] 📰 Fetching for AVGO...

[8/23] 📰 Fetching for MSFT...

[9/23] 📰 Fetching for MU...

[10/23] 📰 Fetching for GOOGL...

[11/23] 📰 Fetching for GOOG...

[12/23] 📰 Fetching for QCOM...

[13/23] 📰 Fetching for UBER...

[14/23] 📰 Fetching for TXN...

[15/23] 📰 Fetching for COIN...

[16/23] 📰 Fetching for CRM...

[17/23] 📰 Fetching for AAPL...

[18/23] 📰 Fetching for TSM...

[19/23] 📰 Fetching for NFLX...

[20/23] 📰 Fetching for ORCL...

[21/23] 📰 Fetching for MSTR...

[22/23] 📰 Fetching for NVDA...

[23/23] 📰 Fetching for AMZN...

============================================================
✅ Batch fetch complete! Total synced: 24
============================================================
[2026-03-19 20:18:58] news batch done
[2026-03-19 21:15:00] BLOCKED: OS crontab trigger rejected. Remove OS crontab entry: crontab -e
[2026-03-19 22:15:00] BLOCKED: OS crontab trigger rejected. Remove OS crontab entry: crontab -e
[2026-03-19 22:19:18] news batch start
============================================================
🚀 News Batch Fetcher - 持倉+Watchlist 新聞抓取
   Time: 2026-03-19 22:19:18
   Limit: 3 articles per symbol
   Dry run: False
============================================================
[WARN] Failed to get positions: 502
📋 Found 23 watchlist from DB (stocks table)

🎯 Total unique symbols to fetch: 23

📋 Symbols: MSTR, MSFT, QQQ, SPY, COIN, AVGO, TSLA, TXN, AAPL, CRM...

[1/23] 📰 Fetching for MSTR...

[2/23] 📰 Fetching for MSFT...

[3/23] 📰 Fetching for QQQ...

[4/23] 📰 Fetching for SPY...

[5/23] 📰 Fetching for COIN...

[6/23] 📰 Fetching for AVGO...

[7/23] 📰 Fetching for TSLA...

[8/23] 📰 Fetching for TXN...

[9/23] 📰 Fetching for AAPL...

[10/23] 📰 Fetching for CRM...

[11/23] 📰 Fetching for QCOM...

[12/23] 📰 Fetching for MU...

[13/23] 📰 Fetching for TSM...

[14/23] 📰 Fetching for GOOGL...

[15/23] 📰 Fetching for UBER...

[16/23] 📰 Fetching for GOOG...

[17/23] 📰 Fetching for ADBE...

[18/23] 📰 Fetching for META...

[19/23] 📰 Fetching for NVDA...

[20/23] 📰 Fetching for NFLX...

[21/23] 📰 Fetching for AMZN...

[22/23] 📰 Fetching for AMD...

[23/23] 📰 Fetching for ORCL...

============================================================
✅ Batch fetch complete! Total synced: 24
============================================================
[2026-03-19 22:20:10] news batch done
[2026-03-19 23:15:00] BLOCKED: OS crontab trigger rejected. Remove OS crontab entry: crontab -e
[2026-03-19 23:26:52] news batch start
============================================================
🚀 News Batch Fetcher - 持倉+Watchlist 新聞抓取
   Time: 2026-03-19 23:26:52
   Limit: 3 articles per symbol
   Dry run: False
============================================================
[WARN] Failed to get positions: 502
📋 Found 23 watchlist from DB (stocks table)

🎯 Total unique symbols to fetch: 23

📋 Symbols: ADBE, NVDA, CRM, MSFT, QCOM, QQQ, MU, COIN, UBER, GOOGL...

[1/23] 📰 Fetching for ADBE...

[2/23] 📰 Fetching for NVDA...

[3/23] 📰 Fetching for CRM...

[4/23] 📰 Fetching for MSFT...

[5/23] 📰 Fetching for QCOM...

[6/23] 📰 Fetching for QQQ...

[7/23] 📰 Fetching for MU...

[8/23] 📰 Fetching for COIN...

[9/23] 📰 Fetching for UBER...

[10/23] 📰 Fetching for GOOGL...

[11/23] 📰 Fetching for TSM...

[12/23] 📰 Fetching for SPY...

[13/23] 📰 Fetching for AAPL...

[14/23] 📰 Fetching for AMD...

[15/23] 📰 Fetching for TXN...

[16/23] 📰 Fetching for GOOG...

[17/23] 📰 Fetching for AMZN...

[18/23] 📰 Fetching for TSLA...

[19/23] 📰 Fetching for MSTR...

[20/23] 📰 Fetching for AVGO...

[21/23] 📰 Fetching for NFLX...

[22/23] 📰 Fetching for ORCL...

[23/23] 📰 Fetching for META...

============================================================
✅ Batch fetch complete! Total synced: 16
============================================================
[2026-03-19 23:27:55] news batch done
