symbol,sharpe,return,max_dd,total_trades,final_equity,params
AAPL,0.12871263944532121,0.043273273755403775,0.2742879417991017,186,125895.27651712258,RSI(7/25/65) SL=5% TP=8%
AAPL,0.14672766413504507,0.04998357639746508,0.27428794179910126,186,129910.80682832433,RSI(7/25/65) SL=5% TP=10%
AAPL,0.01832846216129633,0.0060263331137755255,0.2764402229137071,186,103606.23426014821,RSI(7/25/65) SL=5% TP=12%
AAPL,0.01832846216129633,0.0060263331137755255,0.2764402229137071,186,103606.23426014821,RSI(7/25/65) SL=5% TP=15%
AAPL,0.01832846216129633,0.0060263331137755255,0.2764402229137071,186,103606.23426014821,RSI(7/25/65) SL=5% TP=20%
AAPL,0.01832846216129633,0.0060263331137755255,0.2764402229137071,186,103606.23426014821,RSI(7/25/65) SL=5% TP=25%
AAPL,0.01832846216129633,0.0060263331137755255,0.2764402229137071,186,103606.23426014821,RSI(7/25/65) SL=5% TP=30%
AAPL,0.265323456316947,0.08758284946105278,0.2595060600098282,186,152410.68928066175,RSI(7/25/65) SL=8% TP=10%
AAPL,0.12817559041708246,0.041725024373666215,0.2595060600098282,186,124968.78442678122,RSI(7/25/65) SL=8% TP=12%
AAPL,0.12817559041708246,0.041725024373666215,0.2595060600098282,186,124968.78442678122,RSI(7/25/65) SL=8% TP=15%
AAPL,0.12401123041293477,0.03976074991845347,0.2595060600098282,186,123793.33764961422,RSI(7/25/65) SL=8% TP=20%
AAPL,0.12401123041293477,0.03976074991845347,0.2595060600098282,186,123793.33764961422,RSI(7/25/65) SL=8% TP=25%
AAPL,0.12401123041293477,0.03976074991845347,0.2595060600098282,186,123793.33764961422,RSI(7/25/65) SL=8% TP=30%
AAPL,0.18813247782084447,0.05974494696835465,0.2604258020698519,186,135752.13493185668,RSI(7/25/65) SL=10% TP=12%
AAPL,0.18813247782084447,0.05974494696835465,0.2604258020698519,186,135752.13493185668,RSI(7/25/65) SL=10% TP=15%
AAPL,0.18424278409497952,0.05761117850681153,0.2604258020698519,186,134475.26078899673,RSI(7/25/65) SL=10% TP=20%
AAPL,0.18424278409497952,0.05761117850681153,0.2604258020698519,186,134475.26078899673,RSI(7/25/65) SL=10% TP=25%
AAPL,0.18424278409497952,0.05761117850681153,0.2604258020698519,186,134475.26078899673,RSI(7/25/65) SL=10% TP=30%
AAPL,0.030099713318337933,0.009003939393977912,0.2634402965421069,186,105388.07166909472,RSI(7/25/65) SL=12% TP=15%
AAPL,0.030099713318337933,0.009003939393977912,0.2634402965421069,186,105388.07166909472,RSI(7/25/65) SL=12% TP=20%
AAPL,0.030099713318337933,0.009003939393977912,0.2634402965421069,186,105388.07166909472,RSI(7/25/65) SL=12% TP=25%
AAPL,0.030099713318337933,0.009003939393977912,0.2634402965421069,186,105388.07166909472,RSI(7/25/65) SL=12% TP=30%
AAPL,0.03975700322531322,0.011744937537936671,0.2519765641499069,186,107028.31976476527,RSI(7/25/65) SL=15% TP=20%
AAPL,0.03975700322531322,0.011744937537936671,0.2519765641499069,186,107028.31976476527,RSI(7/25/65) SL=15% TP=25%
AAPL,0.03975700322531322,0.011744937537936671,0.2519765641499069,186,107028.31976476527,RSI(7/25/65) SL=15% TP=30%
AAPL,0.18377546204008652,0.06359740314348344,0.3122122871295078,186,138057.49362713215,RSI(7/25/70) SL=5% TP=8%
AAPL,0.2027851374344904,0.07095596011139726,0.31221228712950805,186,142460.94755872502,RSI(7/25/70) SL=5% TP=10%
AAPL,0.06706882728304722,0.022752191055146052,0.31221228712950766,186,113615.20004411122,RSI(7/25/70) SL=5% TP=12%
AAPL,0.06706882728304722,0.022752191055146052,0.31221228712950766,186,113615.20004411122,RSI(7/25/70) SL=5% TP=15%
AAPL,0.06706882728304722,0.022752191055146052,0.31221228712950766,186,113615.20004411122,RSI(7/25/70) SL=5% TP=20%
AAPL,0.06706882728304722,0.022752191055146052,0.31221228712950766,186,113615.20004411122,RSI(7/25/70) SL=5% TP=25%
AAPL,0.06706882728304722,0.022752191055146052,0.31221228712950766,186,113615.20004411122,RSI(7/25/70) SL=5% TP=30%
AAPL,0.3539912230033668,0.11911524635112519,0.2570380042457892,186,171280.07599107016,RSI(7/25/70) SL=8% TP=10%
AAPL,0.20339132067538804,0.06757993867143365,0.2570380042457893,186,140440.69345893728,RSI(7/25/70) SL=8% TP=12%
AAPL,0.20339132067538804,0.06757993867143365,0.2570380042457893,186,140440.69345893728,RSI(7/25/70) SL=8% TP=15%
AAPL,0.19951243611622455,0.06537247488038278,0.2570380042457893,186,139119.7190950862,RSI(7/25/70) SL=8% TP=20%
AAPL,0.19951243611622455,0.06537247488038278,0.2570380042457893,186,139119.7190950862,RSI(7/25/70) SL=8% TP=25%
AAPL,0.19951243611622455,0.06537247488038278,0.2570380042457893,186,139119.7190950862,RSI(7/25/70) SL=8% TP=30%
AAPL,0.2672360479341082,0.0870968216120002,0.2580107098056529,186,152119.84404400646,RSI(7/25/70) SL=10% TP=12%
AAPL,0.2672360479341082,0.0870968216120002,0.2580107098056529,186,152119.84404400646,RSI(7/25/70) SL=10% TP=15%
AAPL,0.2635517479011887,0.0847057835207105,0.2580107098056529,186,150689.01648779024,RSI(7/25/70) SL=10% TP=20%
AAPL,0.2635517479011887,0.0847057835207105,0.2580107098056529,186,150689.01648779024,RSI(7/25/70) SL=10% TP=25%
AAPL,0.2635517479011887,0.0847057835207105,0.2580107098056529,186,150689.01648779024,RSI(7/25/70) SL=10% TP=30%
AAPL,0.07913005951664592,0.02525609258216379,0.28484096675321263,186,115113.56651345357,RSI(7/25/70) SL=12% TP=15%
AAPL,0.07913005951664592,0.02525609258216379,0.28484096675321263,186,115113.56651345357,RSI(7/25/70) SL=12% TP=20%
AAPL,0.07913005951664592,0.02525609258216379,0.28484096675321263,186,115113.56651345357,RSI(7/25/70) SL=12% TP=25%
AAPL,0.07913005951664592,0.02525609258216379,0.28484096675321263,186,115113.56651345357,RSI(7/25/70) SL=12% TP=30%
AAPL,0.03309134983830003,0.010709750889589989,0.29553564596747217,186,106408.85092916734,RSI(7/25/70) SL=15% TP=20%
AAPL,0.03309134983830003,0.010709750889589989,0.29553564596747217,186,106408.85092916734,RSI(7/25/70) SL=15% TP=25%
AAPL,0.03309134983830003,0.010709750889589989,0.29553564596747217,186,106408.85092916734,RSI(7/25/70) SL=15% TP=30%
AAPL,0.28393501896639883,0.09800617930185129,0.29077198493282197,186,158648.1422171396,RSI(7/25/75) SL=5% TP=8%
AAPL,0.3364453666296878,0.11891814877683182,0.2744531032705623,186,171162.13029978666,RSI(7/25/75) SL=5% TP=10%
AAPL,0.21418453632584658,0.07157195771076216,0.27103580757223744,186,142829.56834437672,RSI(7/25/75) SL=5% TP=12%
AAPL,0.24116772506039896,0.08315252403290242,0.2710358075722374,186,149759.5262863559,RSI(7/25/75) SL=5% TP=15%
AAPL,0.2436647455979041,0.08418084545809294,0.2710358075722374,186,150374.88688523974,RSI(7/25/75) SL=5% TP=20%
AAPL,0.2436647455979041,0.08418084545809294,0.2710358075722374,186,150374.88688523974,RSI(7/25/75) SL=5% TP=25%
AAPL,0.2436647455979041,0.08418084545809294,0.2710358075722374,186,150374.88688523974,RSI(7/25/75) SL=5% TP=30%
AAPL,0.5332963201737972,0.18007153418786184,0.21763666002383597,186,207757.09268067288,RSI(7/25/75) SL=8% TP=10%
AAPL,0.3130314356461321,0.10161769291354285,0.21763666002383633,186,160809.3178228661,RSI(7/25/75) SL=8% TP=12%
AAPL,0.3274316375834603,0.10835384146284466,0.21763666002383614,186,164840.3146531626,RSI(7/25/75) SL=8% TP=15%
AAPL,0.35589226799090756,0.12154087318090705,0.21763666002383614,186,172731.60188762215,RSI(7/25/75) SL=8% TP=20%
AAPL,0.3606487332395629,0.1239928520942266,0.21763666002383614,186,174198.89720559274,RSI(7/25/75) SL=8% TP=25%
AAPL,0.3606487332395629,0.1239928520942266,0.21763666002383614,186,174198.89720559274,RSI(7/25/75) SL=8% TP=30%
AAPL,0.42688059136997747,0.13341814870107202,0.1841267730714141,186,179839.11438143515,RSI(7/25/75) SL=10% TP=12%
AAPL,0.4418582572544514,0.1409514372309235,0.18412677307141417,186,184347.12989850502,RSI(7/25/75) SL=10% TP=15%
AAPL,0.47179320020210697,0.15569899127569925,0.18412677307141417,186,193172.25350942637,RSI(7/25/75) SL=10% TP=20%
AAPL,0.47666468526079553,0.158441131608258,0.18412677307141417,186,194813.18510525915,RSI(7/25/75) SL=10% TP=25%
AAPL,0.47666468526079553,0.158441131608258,0.18412677307141417,186,194813.18510525915,RSI(7/25/75) SL=10% TP=30%
AAPL,0.183918772281927,0.05867681456374889,0.23477073743044694,186,135112.9509373545,RSI(7/25/75) SL=12% TP=15%
AAPL,0.183918772281927,0.05867681456374889,0.23477073743044694,186,135112.9509373545,RSI(7/25/75) SL=12% TP=20%
AAPL,0.183918772281927,0.05867681456374889,0.23477073743044694,186,135112.9509373545,RSI(7/25/75) SL=12% TP=25%
AAPL,0.183918772281927,0.05867681456374889,0.23477073743044694,186,135112.9509373545,RSI(7/25/75) SL=12% TP=30%
AAPL,0.11192227542002277,0.03574249961533074,0.24215602368292852,186,121388.7656428249,RSI(7/25/75) SL=15% TP=20%
AAPL,0.11192227542002277,0.03574249961533074,0.24215602368292852,186,121388.7656428249,RSI(7/25/75) SL=15% TP=25%
AAPL,0.11192227542002277,0.03574249961533074,0.24215602368292852,186,121388.7656428249,RSI(7/25/75) SL=15% TP=30%
AAPL,0.3042398448510045,0.10372664965716664,0.29077198493282197,186,162071.3443186537,RSI(7/25/80) SL=5% TP=8%
AAPL,0.38611187263216246,0.13372412237030823,0.2744531032705623,186,180022.21291048604,RSI(7/25/80) SL=5% TP=10%
AAPL,0.2891795089007978,0.0962782335926771,0.27103580757223733,186,157614.117562602,RSI(7/25/80) SL=5% TP=12%
AAPL,0.32188966974992944,0.11037681584210976,0.2710358075722374,186,166050.88821027838,RSI(7/25/80) SL=5% TP=15%
AAPL,0.32463746349299627,0.11151700164699833,0.2710358075722374,186,166733.1898744736,RSI(7/25/80) SL=5% TP=20%
AAPL,0.32463746349299627,0.11151700164699833,0.2710358075722374,186,166733.1898744736,RSI(7/25/80) SL=5% TP=25%
AAPL,0.32463746349299627,0.11151700164699833,0.2710358075722374,186,166733.1898744736,RSI(7/25/80) SL=5% TP=30%
AAPL,0.6450752693630941,0.2105087266850439,0.20777412789479086,186,225971.09517501833,RSI(7/25/80) SL=8% TP=10%
AAPL,0.40955677213645963,0.13050179269176598,0.20777412789479088,186,178093.92991237424,RSI(7/25/80) SL=8% TP=12%
AAPL,0.4292687911673647,0.1394193486685132,0.20777412789479097,186,183430.30864766584,RSI(7/25/80) SL=8% TP=15%
AAPL,0.461074151513211,0.15409355808918992,0.20777412789479097,186,192211.54190416602,RSI(7/25/80) SL=8% TP=20%
AAPL,0.46637946260044094,0.15682206082114666,0.20777412789479097,186,193844.3125866227,RSI(7/25/80) SL=8% TP=25%
AAPL,0.46637946260044094,0.15682206082114666,0.20777412789479097,186,193844.3125866227,RSI(7/25/80) SL=8% TP=30%
AAPL,0.5019418780475132,0.16087580113349026,0.18412677307141403,186,196270.12226559655,RSI(7/25/80) SL=10% TP=12%
AAPL,0.522588631567747,0.17070347916118955,0.18412677307141395,186,202151.1295932833,RSI(7/25/80) SL=10% TP=15%
AAPL,0.5560840405347482,0.18687533228703315,0.18412677307141395,186,211828.57186065317,RSI(7/25/80) SL=10% TP=20%
AAPL,0.5616123092927516,0.1898823048720429,0.18412677307141395,186,213627.98243930188,RSI(7/25/80) SL=10% TP=25%
AAPL,0.5616123092927516,0.1898823048720429,0.18412677307141395,186,213627.98243930188,RSI(7/25/80) SL=10% TP=30%
AAPL,0.26264939171304785,0.0818495135601424,0.23218815112999225,186,148979.78827329158,RSI(7/25/80) SL=12% TP=15%
AAPL,0.26264939171304785,0.0818495135601424,0.23218815112999225,186,148979.78827329158,RSI(7/25/80) SL=12% TP=20%
AAPL,0.26264939171304785,0.0818495135601424,0.23218815112999225,186,148979.78827329158,RSI(7/25/80) SL=12% TP=25%
AAPL,0.26264939171304785,0.0818495135601424,0.23218815112999225,186,148979.78827329158,RSI(7/25/80) SL=12% TP=30%
AAPL,0.19026427993079634,0.05861920657684603,0.23260258452835592,186,135078.47758646184,RSI(7/25/80) SL=15% TP=20%
AAPL,0.19026427993079634,0.05861920657684603,0.23260258452835592,186,135078.47758646184,RSI(7/25/80) SL=15% TP=25%
AAPL,0.19026427993079634,0.05861920657684603,0.23260258452835592,186,135078.47758646184,RSI(7/25/80) SL=15% TP=30%
AAPL,0.07628237376342957,0.025037151160168636,0.3460756123739009,260,114982.54918632313,RSI(7/30/65) SL=5% TP=8%
AAPL,0.09859491912972022,0.03286230706601438,0.3404803982324378,260,119665.22184744035,RSI(7/30/65) SL=5% TP=10%
AAPL,-0.023625990319571213,-0.007628190974659424,0.3543109969902886,260,95435.19365484666,RSI(7/30/65) SL=5% TP=12%
AAPL,-0.023625990319571213,-0.007628190974659424,0.3543109969902886,260,95435.19365484666,RSI(7/30/65) SL=5% TP=15%
AAPL,-0.023625990319571213,-0.007628190974659424,0.3543109969902886,260,95435.19365484666,RSI(7/30/65) SL=5% TP=20%
AAPL,-0.023625990319571213,-0.007628190974659424,0.3543109969902886,260,95435.19365484666,RSI(7/30/65) SL=5% TP=25%
AAPL,-0.023625990319571213,-0.007628190974659424,0.3543109969902886,260,95435.19365484666,RSI(7/30/65) SL=5% TP=30%
AAPL,0.29881397194809306,0.09399692045941632,0.24449559266352802,260,156248.9508146031,RSI(7/30/65) SL=8% TP=10%
AAPL,0.15129743808278956,0.046984226728013716,0.244495592663528,260,128115.95789914472,RSI(7/30/65) SL=8% TP=12%
AAPL,0.15129743808278956,0.046984226728013716,0.244495592663528,260,128115.95789914472,RSI(7/30/65) SL=8% TP=15%
AAPL,0.14685976181531443,0.04497048461984873,0.244495592663528,260,126910.90905029043,RSI(7/30/65) SL=8% TP=20%
AAPL,0.14685976181531443,0.04497048461984873,0.244495592663528,260,126910.90905029043,RSI(7/30/65) SL=8% TP=25%
AAPL,0.14685976181531443,0.04497048461984873,0.244495592663528,260,126910.90905029043,RSI(7/30/65) SL=8% TP=30%
AAPL,0.11483653768540966,0.035464220913310515,0.3279460695464874,260,121222.2401338382,RSI(7/30/65) SL=10% TP=12%
AAPL,0.11483653768540966,0.035464220913310515,0.3279460695464874,260,121222.2401338382,RSI(7/30/65) SL=10% TP=15%
AAPL,0.11024803163485317,0.033558835094037544,0.3279460695464874,260,120082.03306420977,RSI(7/30/65) SL=10% TP=20%
AAPL,0.11024803163485317,0.033558835094037544,0.3279460695464874,260,120082.03306420977,RSI(7/30/65) SL=10% TP=25%
AAPL,0.11024803163485317,0.033558835094037544,0.3279460695464874,260,120082.03306420977,RSI(7/30/65) SL=10% TP=30%
AAPL,-0.01252729671206192,-0.003709423611800304,0.3296522176197734,260,97780.2338069068,RSI(7/30/65) SL=12% TP=15%
AAPL,-0.01252729671206192,-0.003709423611800304,0.3296522176197734,260,97780.2338069068,RSI(7/30/65) SL=12% TP=20%
AAPL,-0.01252729671206192,-0.003709423611800304,0.3296522176197734,260,97780.2338069068,RSI(7/30/65) SL=12% TP=25%
AAPL,-0.01252729671206192,-0.003709423611800304,0.3296522176197734,260,97780.2338069068,RSI(7/30/65) SL=12% TP=30%
AAPL,0.0039515017824942045,0.0011024039813188724,0.3099116350721609,260,100659.69254120193,RSI(7/30/65) SL=15% TP=20%
AAPL,0.0039515017824942045,0.0011024039813188724,0.3099116350721609,260,100659.69254120193,RSI(7/30/65) SL=15% TP=25%
AAPL,0.0039515017824942045,0.0011024039813188724,0.3099116350721609,260,100659.69254120193,RSI(7/30/65) SL=15% TP=30%
AAPL,0.1442555897357541,0.04752051640902718,0.3111353986948518,260,128436.88045429086,RSI(7/30/70) SL=5% TP=8%
AAPL,0.18465838345935306,0.06226799305163734,0.29081848493011214,260,137261.95774677346,RSI(7/30/70) SL=5% TP=10%
AAPL,0.048277734673963645,0.015823379107827024,0.2910044664277531,260,109468.91098992189,RSI(7/30/70) SL=5% TP=12%
AAPL,0.048277734673963645,0.015823379107827024,0.2910044664277531,260,109468.91098992189,RSI(7/30/70) SL=5% TP=15%
AAPL,0.048277734673963645,0.015823379107827024,0.2910044664277531,260,109468.91098992189,RSI(7/30/70) SL=5% TP=20%
AAPL,0.048277734673963645,0.015823379107827024,0.2910044664277531,260,109468.91098992189,RSI(7/30/70) SL=5% TP=25%
AAPL,0.048277734673963645,0.015823379107827024,0.2910044664277531,260,109468.91098992189,RSI(7/30/70) SL=5% TP=30%
AAPL,0.4175691023139007,0.1333355245272164,0.24182413921780152,260,179789.6710266041,RSI(7/30/70) SL=8% TP=10%
AAPL,0.2510722421145516,0.07923982214984476,0.24182413921780144,260,147418.11579443092,RSI(7/30/70) SL=8% TP=12%
AAPL,0.2510722421145516,0.07923982214984476,0.24182413921780144,260,147418.11579443092,RSI(7/30/70) SL=8% TP=15%
AAPL,0.2468997764414326,0.07692268639135251,0.24182413921780144,260,146031.51233260302,RSI(7/30/70) SL=8% TP=20%
AAPL,0.2468997764414326,0.07692268639135251,0.24182413921780144,260,146031.51233260302,RSI(7/30/70) SL=8% TP=25%
AAPL,0.2468997764414326,0.07692268639135251,0.24182413921780144,260,146031.51233260302,RSI(7/30/70) SL=8% TP=30%
AAPL,0.1801885076584037,0.056186215676735686,0.33847750130072257,260,133622.54493671327,RSI(7/30/70) SL=10% TP=12%
AAPL,0.1801885076584037,0.056186215676735686,0.33847750130072257,260,133622.54493671327,RSI(7/30/70) SL=10% TP=15%
AAPL,0.17576006849590253,0.05408592036808216,0.33847750130072257,260,132365.70155359837,RSI(7/30/70) SL=10% TP=20%
AAPL,0.17576006849590253,0.05408592036808216,0.33847750130072257,260,132365.70155359837,RSI(7/30/70) SL=10% TP=25%
AAPL,0.17576006849590253,0.05408592036808216,0.33847750130072257,260,132365.70155359837,RSI(7/30/70) SL=10% TP=30%
AAPL,0.04008668735499378,0.012422960516909786,0.31024997578816726,260,107434.0573251984,RSI(7/30/70) SL=12% TP=15%
AAPL,0.04008668735499378,0.012422960516909786,0.31024997578816726,260,107434.0573251984,RSI(7/30/70) SL=12% TP=20%
AAPL,0.04008668735499378,0.012422960516909786,0.31024997578816726,260,107434.0573251984,RSI(7/30/70) SL=12% TP=25%
AAPL,0.04008668735499378,0.012422960516909786,0.31024997578816726,260,107434.0573251984,RSI(7/30/70) SL=12% TP=30%
AAPL,0.02280045682814027,0.0068062223056646574,0.32356684780944267,260,104072.92985592948,RSI(7/30/70) SL=15% TP=20%
AAPL,0.02280045682814027,0.0068062223056646574,0.32356684780944267,260,104072.92985592948,RSI(7/30/70) SL=15% TP=25%
AAPL,0.02280045682814027,0.0068062223056646574,0.32356684780944267,260,104072.92985592948,RSI(7/30/70) SL=15% TP=30%
AAPL,0.21715444732860084,0.07059614665258708,0.26364741364409006,260,142245.63061591322,RSI(7/30/75) SL=5% TP=8%
AAPL,0.32179000348933595,0.11111768766458485,0.22448721465101884,260,166494.23531674364,RSI(7/30/75) SL=5% TP=10%
AAPL,0.1883296501972162,0.06444988708938278,0.2208345816960503,260,138567.6308455513,RSI(7/30/75) SL=5% TP=12%
AAPL,0.21533463749604745,0.07568489716264508,0.22083458169605,260,145290.80354018603,RSI(7/30/75) SL=5% TP=15%
AAPL,0.2319443677250791,0.07732773224109585,0.22083458169605033,260,146273.89691252878,RSI(7/30/75) SL=5% TP=20%
AAPL,0.2319443677250791,0.07732773224109585,0.22083458169605033,260,146273.89691252878,RSI(7/30/75) SL=5% TP=25%
AAPL,0.2319443677250791,0.07732773224109585,0.22083458169605033,260,146273.89691252878,RSI(7/30/75) SL=5% TP=30%
AAPL,0.5679737496857595,0.17691005044952315,0.17297451546425652,260,205865.22066582573,RSI(7/30/75) SL=8% TP=10%
AAPL,0.373060361386927,0.11496865168394803,0.17297451546425605,260,168798.70108706097,RSI(7/30/75) SL=8% TP=12%
AAPL,0.3887077096450396,0.12203946785831976,0.1729745154642563,260,173029.9672739469,RSI(7/30/75) SL=8% TP=15%
AAPL,0.4191866677438261,0.1358816621747881,0.1729745154642563,260,181313.31212681762,RSI(7/30/75) SL=8% TP=20%
AAPL,0.4242391993239115,0.13845546113908125,0.1729745154642563,260,182853.50611021213,RSI(7/30/75) SL=8% TP=25%
AAPL,0.4242391993239115,0.13845546113908125,0.1729745154642563,260,182853.50611021213,RSI(7/30/75) SL=8% TP=30%
AAPL,0.32482749688252316,0.09687501370559211,0.2601920928533253,260,157971.23836033052,RSI(7/30/75) SL=10% TP=12%
AAPL,0.3401118100550169,0.10349227782012871,0.2601920928533253,260,161931.0932352199,RSI(7/30/75) SL=10% TP=15%
AAPL,0.36960293905619834,0.1164465752389756,0.2601920928533253,260,169683.1093096727,RSI(7/30/75) SL=10% TP=20%
AAPL,0.37448748940271986,0.11885527985021684,0.2601920928533253,260,171124.50873576468,RSI(7/30/75) SL=10% TP=25%
AAPL,0.37448748940271986,0.11885527985021684,0.2601920928533253,260,171124.50873576468,RSI(7/30/75) SL=10% TP=30%
AAPL,0.14144032857360678,0.04361410392396875,0.2619587003065752,260,126099.233617994,RSI(7/30/75) SL=12% TP=15%
AAPL,0.14144032857360678,0.04361410392396875,0.2619587003065752,260,126099.233617994,RSI(7/30/75) SL=12% TP=20%
AAPL,0.14144032857360678,0.04361410392396875,0.2619587003065752,260,126099.233617994,RSI(7/30/75) SL=12% TP=25%
AAPL,0.14144032857360678,0.04361410392396875,0.2619587003065752,260,126099.233617994,RSI(7/30/75) SL=12% TP=30%
AAPL,0.12490295887366254,0.037021535407943854,0.2762079227631656,260,122154.15690284893,RSI(7/30/75) SL=15% TP=20%
AAPL,0.12490295887366254,0.037021535407943854,0.2762079227631656,260,122154.15690284893,RSI(7/30/75) SL=15% TP=25%
AAPL,0.12490295887366254,0.037021535407943854,0.2762079227631656,260,122154.15690284893,RSI(7/30/75) SL=15% TP=30%
AAPL,0.2635076394216679,0.08553769434820907,0.26116228376884,260,151186.84249091242,RSI(7/30/80) SL=5% TP=8%
AAPL,0.40469133371708016,0.1380894526256204,0.22186992230056107,260,182634.48196802998,RSI(7/30/80) SL=5% TP=10%
AAPL,0.26708094348717953,0.09089385629539135,0.21820496200751027,260,154392.03781486116,RSI(7/30/80) SL=5% TP=12%
AAPL,0.29987684473571474,0.10470422352297051,0.21820496200750997,260,162656.33693358712,RSI(7/30/80) SL=5% TP=15%
AAPL,0.3414504432222861,0.11487013541480753,0.21820496200751044,260,168739.74770060705,RSI(7/30/80) SL=5% TP=20%
AAPL,0.3414504432222861,0.11487013541480753,0.21820496200751044,260,168739.74770060705,RSI(7/30/80) SL=5% TP=25%
AAPL,0.3414504432222861,0.11487013541480753,0.21820496200751044,260,168739.74770060705,RSI(7/30/80) SL=5% TP=30%
AAPL,0.7234189013584663,0.22182992594348142,0.17106149830200762,260,232745.84457252774,RSI(7/30/80) SL=8% TP=10%
AAPL,0.5129095847045366,0.1568179754014003,0.17106149830200768,260,193841.8678195681,RSI(7/30/80) SL=8% TP=12%
AAPL,0.5346560204967495,0.16652406537183745,0.17106149830200781,260,199650.11530981385,RSI(7/30/80) SL=8% TP=15%
AAPL,0.5693182934784545,0.18249584029015722,0.17106149830200781,260,209207.82823712582,RSI(7/30/80) SL=8% TP=20%
AAPL,0.5750397871071796,0.18546561060278688,0.17106149830200781,260,210984.97650357246,RSI(7/30/80) SL=8% TP=25%
AAPL,0.5750397871071796,0.18546561060278688,0.17106149830200781,260,210984.97650357246,RSI(7/30/80) SL=8% TP=30%
AAPL,0.42652843514188626,0.1316274364360421,0.2576953015524418,260,178767.5294228379,RSI(7/30/80) SL=10% TP=12%
AAPL,0.4471027915059381,0.1405787210263553,0.25769530155244186,260,184124.09178878722,RSI(7/30/80) SL=10% TP=15%
AAPL,0.479881900826119,0.15530843228410776,0.25769530155244186,260,192938.53804937878,RSI(7/30/80) SL=10% TP=20%
AAPL,0.4853418409390036,0.1580472549528835,0.25769530155244186,260,194577.48431307473,RSI(7/30/80) SL=10% TP=25%
AAPL,0.4853418409390036,0.1580472549528835,0.25769530155244186,260,194577.48431307473,RSI(7/30/80) SL=10% TP=30%
AAPL,0.24309415156380318,0.07381665158144253,0.2594678711616498,260,144172.821660641,RSI(7/30/80) SL=12% TP=15%
AAPL,0.24309415156380318,0.07381665158144253,0.2594678711616498,260,144172.821660641,RSI(7/30/80) SL=12% TP=20%
AAPL,0.24309415156380318,0.07381665158144253,0.2594678711616498,260,144172.821660641,RSI(7/30/80) SL=12% TP=25%
AAPL,0.24309415156380318,0.07381665158144253,0.2594678711616498,260,144172.821660641,RSI(7/30/80) SL=12% TP=30%
AAPL,0.23619185343888344,0.06842637579506045,0.26708374445400024,260,140947.21218212348,RSI(7/30/80) SL=15% TP=20%
AAPL,0.23619185343888344,0.06842637579506045,0.26708374445400024,260,140947.21218212348,RSI(7/30/80) SL=15% TP=25%
AAPL,0.23619185343888344,0.06842637579506045,0.26708374445400024,260,140947.21218212348,RSI(7/30/80) SL=15% TP=30%
AAPL,0.2739343207311596,0.0944835777191783,0.37385525824595783,335,156540.1726986194,RSI(7/35/65) SL=5% TP=8%
AAPL,0.268483854647903,0.09354838067994431,0.3738552582459576,335,155980.53891482382,RSI(7/35/65) SL=5% TP=10%
AAPL,0.05608598983348804,0.018530900192391887,0.37385525824595767,335,111089.12598814562,RSI(7/35/65) SL=5% TP=12%
AAPL,0.05608598983348804,0.018530900192391887,0.37385525824595767,335,111089.12598814562,RSI(7/35/65) SL=5% TP=15%
AAPL,0.05608598983348804,0.018530900192391887,0.37385525824595767,335,111089.12598814562,RSI(7/35/65) SL=5% TP=20%
AAPL,0.05608598983348804,0.018530900192391887,0.37385525824595767,335,111089.12598814562,RSI(7/35/65) SL=5% TP=25%
AAPL,0.05608598983348804,0.018530900192391887,0.37385525824595767,335,111089.12598814562,RSI(7/35/65) SL=5% TP=30%
AAPL,0.41469563749088123,0.1406033732646579,0.3326633862146253,335,184138.8440012318,RSI(7/35/65) SL=8% TP=10%
AAPL,0.17829710950324362,0.058206842950353804,0.33266338621462516,335,134831.71395600538,RSI(7/35/65) SL=8% TP=12%
AAPL,0.17829710950324362,0.058206842950353804,0.33266338621462516,335,134831.71395600538,RSI(7/35/65) SL=8% TP=15%
AAPL,0.15051416663504633,0.04865407017188768,0.33266338621462516,335,129115.21342032008,RSI(7/35/65) SL=8% TP=20%
AAPL,0.15051416663504633,0.04865407017188768,0.33266338621462516,335,129115.21342032008,RSI(7/35/65) SL=8% TP=25%
AAPL,0.15051416663504633,0.04865407017188768,0.33266338621462516,335,129115.21342032008,RSI(7/35/65) SL=8% TP=30%
AAPL,0.15088359085734884,0.0456611616737477,0.395558193254393,335,127324.21896984584,RSI(7/35/65) SL=10% TP=12%
AAPL,0.15088359085734884,0.0456611616737477,0.395558193254393,335,127324.21896984584,RSI(7/35/65) SL=10% TP=15%
AAPL,0.12246441432367731,0.036640291899656736,0.395558193254393,335,121926.01594630252,RSI(7/35/65) SL=10% TP=20%
AAPL,0.12246441432367731,0.036640291899656736,0.395558193254393,335,121926.01594630252,RSI(7/35/65) SL=10% TP=25%
AAPL,0.12246441432367731,0.036640291899656736,0.395558193254393,335,121926.01594630252,RSI(7/35/65) SL=10% TP=30%
AAPL,0.06676447402006243,0.01920566126811399,0.36135647874412047,335,111492.91158425235,RSI(7/35/65) SL=12% TP=15%
AAPL,0.06676447402006243,0.01920566126811399,0.36135647874412047,335,111492.91158425235,RSI(7/35/65) SL=12% TP=20%
AAPL,0.06676447402006243,0.01920566126811399,0.36135647874412047,335,111492.91158425235,RSI(7/35/65) SL=12% TP=25%
AAPL,0.06676447402006243,0.01920566126811399,0.36135647874412047,335,111492.91158425235,RSI(7/35/65) SL=12% TP=30%
AAPL,0.06379673501052163,0.01736585751747213,0.36766290838003823,335,110391.94965728094,RSI(7/35/65) SL=15% TP=20%
AAPL,0.06379673501052163,0.01736585751747213,0.36766290838003823,335,110391.94965728094,RSI(7/35/65) SL=15% TP=25%
AAPL,0.06379673501052163,0.01736585751747213,0.36766290838003823,335,110391.94965728094,RSI(7/35/65) SL=15% TP=30%
AAPL,0.42090620746539265,0.14363425314500172,0.3661582469504105,335,185952.5610089931,RSI(7/35/70) SL=5% TP=8%
AAPL,0.40209198656108136,0.13724159911624167,0.3661582469504106,335,182127.11566162398,RSI(7/35/70) SL=5% TP=10%
AAPL,0.15307841092501603,0.049649150465574644,0.3661582469504106,335,129710.6821040026,RSI(7/35/70) SL=5% TP=12%
AAPL,0.15307841092501603,0.049649150465574644,0.3661582469504106,335,129710.6821040026,RSI(7/35/70) SL=5% TP=15%
AAPL,0.15307841092501603,0.049649150465574644,0.3661582469504106,335,129710.6821040026,RSI(7/35/70) SL=5% TP=20%
AAPL,0.15307841092501603,0.049649150465574644,0.3661582469504106,335,129710.6821040026,RSI(7/35/70) SL=5% TP=25%
AAPL,0.15307841092501603,0.049649150465574644,0.3661582469504106,335,129710.6821040026,RSI(7/35/70) SL=5% TP=30%
AAPL,0.5602655401363625,0.19271516133155617,0.33030369290371314,335,215323.19971745505,RSI(7/35/70) SL=8% TP=10%
AAPL,0.28997583844987845,0.09636458061012203,0.33030369290371336,335,157665.78871431111,RSI(7/35/70) SL=8% TP=12%
AAPL,0.28997583844987845,0.09636458061012203,0.33030369290371336,335,157665.78871431111,RSI(7/35/70) SL=8% TP=15%
AAPL,0.2586733481002356,0.08519402280636304,0.33030369290371336,335,150981.18507618867,RSI(7/35/70) SL=8% TP=20%
AAPL,0.2586733481002356,0.08519402280636304,0.33030369290371336,335,150981.18507618867,RSI(7/35/70) SL=8% TP=25%
AAPL,0.2586733481002356,0.08519402280636304,0.33030369290371336,335,150981.18507618867,RSI(7/35/70) SL=8% TP=30%
AAPL,0.28412108681099807,0.08492920310233949,0.3680066970965956,335,150822.7136025111,RSI(7/35/70) SL=10% TP=12%
AAPL,0.28412108681099807,0.08492920310233949,0.3680066970965956,335,150822.7136025111,RSI(7/35/70) SL=10% TP=15%
AAPL,0.251097344753856,0.07424347442172223,0.3680066970965956,335,144428.23786823696,RSI(7/35/70) SL=10% TP=20%
AAPL,0.251097344753856,0.07424347442172223,0.3680066970965956,335,144428.23786823696,RSI(7/35/70) SL=10% TP=25%
AAPL,0.251097344753856,0.07424347442172223,0.3680066970965956,335,144428.23786823696,RSI(7/35/70) SL=10% TP=30%
AAPL,0.19009931893675505,0.057334604435485825,0.29216537392340663,335,134309.75535266375,RSI(7/35/70) SL=12% TP=15%
AAPL,0.19009931893675505,0.057334604435485825,0.29216537392340663,335,134309.75535266375,RSI(7/35/70) SL=12% TP=20%
AAPL,0.19009931893675505,0.057334604435485825,0.29216537392340663,335,134309.75535266375,RSI(7/35/70) SL=12% TP=25%
AAPL,0.19009931893675505,0.057334604435485825,0.29216537392340663,335,134309.75535266375,RSI(7/35/70) SL=12% TP=30%
AAPL,0.14418354942023728,0.042007687806260914,0.33234734223301987,335,125137.93381422281,RSI(7/35/70) SL=15% TP=20%
AAPL,0.14418354942023728,0.042007687806260914,0.33234734223301987,335,125137.93381422281,RSI(7/35/70) SL=15% TP=25%
AAPL,0.14418354942023728,0.042007687806260914,0.33234734223301987,335,125137.93381422281,RSI(7/35/70) SL=15% TP=30%
AAPL,0.6545431808499632,0.2252896140585474,0.30737621995492276,335,234816.16587313073,RSI(7/35/75) SL=5% TP=8%
AAPL,0.6538086689786433,0.2295980401039984,0.3110851307789433,335,237394.38272890064,RSI(7/35/75) SL=5% TP=10%
AAPL,0.3747084904562462,0.12773555786878832,0.307840370406163,335,176438.579867513,RSI(7/35/75) SL=5% TP=12%
AAPL,0.4069005951269568,0.14204112988461526,0.3078403704061633,335,184999.2158198412,RSI(7/35/75) SL=5% TP=15%
AAPL,0.3743531067029799,0.12430694056906427,0.30784037040616313,335,174386.85173736067,RSI(7/35/75) SL=5% TP=20%
AAPL,0.3743531067029799,0.12430694056906427,0.30784037040616313,335,174386.85173736067,RSI(7/35/75) SL=5% TP=25%
AAPL,0.3743531067029799,0.12430694056906427,0.30784037040616313,335,174386.85173736067,RSI(7/35/75) SL=5% TP=30%
AAPL,0.923313074157043,0.3236177975068146,0.29503681794342773,335,293656.99946042715,RSI(7/35/75) SL=8% TP=10%
AAPL,0.5315223063241514,0.17874139581855686,0.2917164706848578,335,206961.12098983483,RSI(7/35/75) SL=8% TP=12%
AAPL,0.5496675909826506,0.1874107992697501,0.29171647068485773,335,212149.0021026917,RSI(7/35/75) SL=8% TP=15%
AAPL,0.4896244667169874,0.16952057774333115,0.29171647068485773,335,201443.26636386642,RSI(7/35/75) SL=8% TP=20%
AAPL,0.49530074984961003,0.17238012768067132,0.29171647068485773,335,203154.457358116,RSI(7/35/75) SL=8% TP=25%
AAPL,0.49530074984961003,0.17238012768067132,0.29171647068485773,335,203154.457358116,RSI(7/35/75) SL=8% TP=30%
AAPL,0.5965198189921093,0.1744750653295993,0.2640378741267801,335,204408.09464961736,RSI(7/35/75) SL=10% TP=12%
AAPL,0.6143916509609106,0.1830375249487385,0.26403787412678015,335,209531.97921535623,RSI(7/35/75) SL=10% TP=15%
AAPL,0.5442121282837871,0.1653679932145416,0.26403787412678015,335,198958.30705060664,RSI(7/35/75) SL=10% TP=20%
AAPL,0.5495504968631373,0.16819226838009707,0.26403787412678015,335,200648.38917348665,RSI(7/35/75) SL=10% TP=25%
AAPL,0.5495504968631373,0.16819226838009707,0.26403787412678015,335,200648.38917348665,RSI(7/35/75) SL=10% TP=30%
AAPL,0.4352779167740676,0.1348935692158384,0.24260794627078133,335,180722.02475296997,RSI(7/35/75) SL=12% TP=15%
AAPL,0.4352779167740676,0.1348935692158384,0.24260794627078133,335,180722.02475296997,RSI(7/35/75) SL=12% TP=20%
AAPL,0.4352779167740676,0.1348935692158384,0.24260794627078133,335,180722.02475296997,RSI(7/35/75) SL=12% TP=25%
AAPL,0.4352779167740676,0.1348935692158384,0.24260794627078133,335,180722.02475296997,RSI(7/35/75) SL=12% TP=30%
AAPL,0.3814986408897338,0.11427026155527119,0.28567285664567077,335,168380.77556561466,RSI(7/35/75) SL=15% TP=20%
AAPL,0.3814986408897338,0.11427026155527119,0.28567285664567077,335,168380.77556561466,RSI(7/35/75) SL=15% TP=25%
AAPL,0.3814986408897338,0.11427026155527119,0.28567285664567077,335,168380.77556561466,RSI(7/35/75) SL=15% TP=30%
AAPL,0.7705269698722463,0.2641994318080263,0.32827661386131474,335,258100.29490734273,RSI(7/35/80) SL=5% TP=8%
AAPL,0.8387010032914946,0.29362043123239767,0.3318736057772367,335,275706.1945628792,RSI(7/35/80) SL=5% TP=10%
AAPL,0.5276753963344764,0.18070629675687913,0.3287267582568261,335,208136.94266244987,RSI(7/35/80) SL=5% TP=12%
AAPL,0.569172507023741,0.1993241455298894,0.32872675825682585,335,219278.0997853465,RSI(7/35/80) SL=5% TP=15%
AAPL,0.5312787447210756,0.17830395191926018,0.32872675825682574,335,206699.34900565253,RSI(7/35/80) SL=5% TP=20%
AAPL,0.5312787447210756,0.17830395191926018,0.32872675825682574,335,206699.34900565253,RSI(7/35/80) SL=5% TP=25%
AAPL,0.5312787447210756,0.17830395191926018,0.32872675825682574,335,206699.34900565253,RSI(7/35/80) SL=5% TP=30%
AAPL,1.1183429817268673,0.3877949623093171,0.2992882818916705,335,332061.4298263691,RSI(7/35/80) SL=8% TP=10%
AAPL,0.6836493128214147,0.23012448044439168,0.2959879588514214,335,237709.41131354868,RSI(7/35/80) SL=8% TP=12%
AAPL,0.7092356135284164,0.24202711509696656,0.29598795885142115,335,244832.0990342165,RSI(7/35/80) SL=8% TP=15%
AAPL,0.6398525120204209,0.22138077481213175,0.29598795885142115,335,232477.0668320217,RSI(7/35/80) SL=8% TP=20%
AAPL,0.6463591121268275,0.22468085921749345,0.29598795885142115,335,234451.87924602386,RSI(7/35/80) SL=8% TP=25%
AAPL,0.6463591121268275,0.22468085921749345,0.29598795885142115,335,234451.87924602386,RSI(7/35/80) SL=8% TP=30%
AAPL,0.7279470229450384,0.21923983971612604,0.28533432673111364,335,231195.90408409445,RSI(7/35/80) SL=10% TP=12%
AAPL,0.7531756231830318,0.2308163286917976,0.2853343267311135,335,238123.42209017096,RSI(7/35/80) SL=10% TP=15%
AAPL,0.6761313405766141,0.2107357215260847,0.2853343267311135,335,226106.93177037133,RSI(7/35/80) SL=10% TP=20%
AAPL,0.6822751711952726,0.2139453798792623,0.2853343267311135,335,228027.63208647916,RSI(7/35/80) SL=10% TP=25%
AAPL,0.6822751711952726,0.2139453798792623,0.2853343267311135,335,228027.63208647916,RSI(7/35/80) SL=10% TP=30%
AAPL,0.5512114582014599,0.17771297200932873,0.2654627669116226,335,206345.69912304275,RSI(7/35/80) SL=12% TP=15%
AAPL,0.5512114582014599,0.17771297200932873,0.2654627669116226,335,206345.69912304275,RSI(7/35/80) SL=12% TP=20%
AAPL,0.5512114582014599,0.17771297200932873,0.2654627669116226,335,206345.69912304275,RSI(7/35/80) SL=12% TP=25%
AAPL,0.5512114582014599,0.17771297200932873,0.2654627669116226,335,206345.69912304275,RSI(7/35/80) SL=12% TP=30%
AAPL,0.5236616470196991,0.15593892476573254,0.3071605741887063,335,193315.83275663678,RSI(7/35/80) SL=15% TP=20%
AAPL,0.5236616470196991,0.15593892476573254,0.3071605741887063,335,193315.83275663678,RSI(7/35/80) SL=15% TP=25%
AAPL,0.5236616470196991,0.15593892476573254,0.3071605741887063,335,193315.83275663678,RSI(7/35/80) SL=15% TP=30%
AAPL,0.11266927525035761,0.040936094009411006,0.36465000920162954,438,124496.67847864755,RSI(7/40/65) SL=5% TP=8%
AAPL,0.1600643838980288,0.05822965660787819,0.31203722930040967,438,134845.3659383652,RSI(7/40/65) SL=5% TP=10%
AAPL,0.11643380090791733,0.04163522487546288,0.3633666991731284,438,124915.04726674524,RSI(7/40/65) SL=5% TP=12%
AAPL,0.11643380090791733,0.04163522487546288,0.3633666991731284,438,124915.04726674524,RSI(7/40/65) SL=5% TP=15%
AAPL,0.10819904970636271,0.03827947760872697,0.3633666991731284,438,122906.92548966677,RSI(7/40/65) SL=5% TP=20%
AAPL,0.10819904970636271,0.03827947760872697,0.3633666991731284,438,122906.92548966677,RSI(7/40/65) SL=5% TP=25%
AAPL,0.10819904970636271,0.03827947760872697,0.3633666991731284,438,122906.92548966677,RSI(7/40/65) SL=5% TP=30%
AAPL,0.08159781505352998,0.028726126894135687,0.41529801150160783,438,117190.07910966533,RSI(7/40/65) SL=8% TP=10%
AAPL,0.10567291812982028,0.037897082396378116,0.41529801150160783,438,122678.09533878499,RSI(7/40/65) SL=8% TP=12%
AAPL,0.10567291812982028,0.037897082396378116,0.41529801150160783,438,122678.09533878499,RSI(7/40/65) SL=8% TP=15%
AAPL,0.07395078156035795,0.02604946215031125,0.41529801150160783,438,115588.32893756722,RSI(7/40/65) SL=8% TP=20%
AAPL,0.07395078156035795,0.02604946215031125,0.41529801150160783,438,115588.32893756722,RSI(7/40/65) SL=8% TP=25%
AAPL,0.07395078156035795,0.02604946215031125,0.41529801150160783,438,115588.32893756722,RSI(7/40/65) SL=8% TP=30%
AAPL,0.09787676252085199,0.032071759932046015,0.3689511986893226,438,119192.14840377992,RSI(7/40/65) SL=10% TP=12%
AAPL,0.09787676252085199,0.032071759932046015,0.3689511986893226,438,119192.14840377992,RSI(7/40/65) SL=10% TP=15%
AAPL,0.07273166393702343,0.023627044091305185,0.3689511986893226,438,114138.72321019374,RSI(7/40/65) SL=10% TP=20%
AAPL,0.07273166393702343,0.023627044091305185,0.3689511986893226,438,114138.72321019374,RSI(7/40/65) SL=10% TP=25%
AAPL,0.07273166393702343,0.023627044091305185,0.3689511986893226,438,114138.72321019374,RSI(7/40/65) SL=10% TP=30%
AAPL,0.09218754438880658,0.02976315915756753,0.3199792652264513,438,117810.65238476661,RSI(7/40/65) SL=12% TP=15%
AAPL,0.08338691277290038,0.02659826602913332,0.3199792652264514,438,115916.74014759247,RSI(7/40/65) SL=12% TP=20%
AAPL,0.08338691277290038,0.02659826602913332,0.3199792652264514,438,115916.74014759247,RSI(7/40/65) SL=12% TP=25%
AAPL,0.08338691277290038,0.02659826602913332,0.3199792652264514,438,115916.74014759247,RSI(7/40/65) SL=12% TP=30%
AAPL,0.05515829212363252,0.016692227507395498,0.33187284913436355,438,109988.8409052192,RSI(7/40/65) SL=15% TP=20%
AAPL,0.05515829212363252,0.016692227507395498,0.33187284913436355,438,109988.8409052192,RSI(7/40/65) SL=15% TP=25%
AAPL,0.05515829212363252,0.016692227507395498,0.33187284913436355,438,109988.8409052192,RSI(7/40/65) SL=15% TP=30%
AAPL,0.2968251162768643,0.10738474760701341,0.36465000920162954,438,164260.39658387945,RSI(7/40/70) SL=5% TP=8%
AAPL,0.3482370108601508,0.12513024158849012,0.3002526069583371,438,174879.52552200123,RSI(7/40/70) SL=5% TP=10%
AAPL,0.2929897544670132,0.10360909900062783,0.3633666991731284,438,162001.0005130741,RSI(7/40/70) SL=5% TP=12%
AAPL,0.2929897544670132,0.10360909900062783,0.3633666991731284,438,162001.0005130741,RSI(7/40/70) SL=5% TP=15%
AAPL,0.2835078859276774,0.09925706594636055,0.3633666991731284,438,159396.68866948877,RSI(7/40/70) SL=5% TP=20%
AAPL,0.2835078859276774,0.09925706594636055,0.3633666991731284,438,159396.68866948877,RSI(7/40/70) SL=5% TP=25%
AAPL,0.2835078859276774,0.09925706594636055,0.3633666991731284,438,159396.68866948877,RSI(7/40/70) SL=5% TP=30%
AAPL,0.24400153731359378,0.08706309323466481,0.41529801150160783,438,152099.6605547121,RSI(7/40/70) SL=8% TP=10%
AAPL,0.27276781220603613,0.0989659712722169,0.41529801150160783,438,159222.4939200409,RSI(7/40/70) SL=8% TP=12%
AAPL,0.27276781220603613,0.0989659712722169,0.41529801150160783,438,159222.4939200409,RSI(7/40/70) SL=8% TP=15%
AAPL,0.23416246648904082,0.08358908074105188,0.41529801150160783,438,150020.76736408978,RSI(7/40/70) SL=8% TP=20%
AAPL,0.23416246648904082,0.08358908074105188,0.41529801150160783,438,150020.76736408978,RSI(7/40/70) SL=8% TP=25%
AAPL,0.23416246648904082,0.08358908074105188,0.41529801150160783,438,150020.76736408978,RSI(7/40/70) SL=8% TP=30%
AAPL,0.2633902168256526,0.08713099750480774,0.3280452362509111,438,152140.2953322421,RSI(7/40/70) SL=10% TP=12%
AAPL,0.2633902168256526,0.08713099750480774,0.3280452362509111,438,152140.2953322421,RSI(7/40/70) SL=10% TP=15%
AAPL,0.23262566426529477,0.07635191868784733,0.3280452362509111,438,145689.95769098165,RSI(7/40/70) SL=10% TP=20%
AAPL,0.23262566426529477,0.07635191868784733,0.3280452362509111,438,145689.95769098165,RSI(7/40/70) SL=10% TP=25%
AAPL,0.23262566426529477,0.07635191868784733,0.3280452362509111,438,145689.95769098165,RSI(7/40/70) SL=10% TP=30%
AAPL,0.2753841063728824,0.09095050377544293,0.28096545621783636,438,154425.93638625712,RSI(7/40/70) SL=12% TP=15%
AAPL,0.2656713916708194,0.08680196902898682,0.28096545621783636,438,151943.4005141715,RSI(7/40/70) SL=12% TP=20%
AAPL,0.2656713916708194,0.08680196902898682,0.28096545621783636,438,151943.4005141715,RSI(7/40/70) SL=12% TP=25%
AAPL,0.2656713916708194,0.08680196902898682,0.28096545621783636,438,151943.4005141715,RSI(7/40/70) SL=12% TP=30%
AAPL,0.18932373708582528,0.059603389840063505,0.3063674443540874,438,135667.4253487364,RSI(7/40/70) SL=15% TP=20%
AAPL,0.18932373708582528,0.059603389840063505,0.3063674443540874,438,135667.4253487364,RSI(7/40/70) SL=15% TP=25%
AAPL,0.18932373708582528,0.059603389840063505,0.3063674443540874,438,135667.4253487364,RSI(7/40/70) SL=15% TP=30%
AAPL,0.4533556703712192,0.16316254412263334,0.3646500092016296,438,197638.538308306,RSI(7/40/75) SL=5% TP=8%
AAPL,0.5217612065707881,0.1888620640185967,0.30025260695833716,438,213017.45735716025,RSI(7/40/75) SL=5% TP=10%
AAPL,0.49103424737530005,0.17701536204157925,0.36336669917312847,438,205928.24045980218,RSI(7/40/75) SL=5% TP=12%
AAPL,0.5274555146866879,0.19371194436616104,0.36336669917312847,438,215919.68734292494,RSI(7/40/75) SL=5% TP=15%
AAPL,0.5329399530434631,0.19251113879803902,0.36336669917312847,438,215201.11004263605,RSI(7/40/75) SL=5% TP=20%
AAPL,0.5329399530434631,0.19251113879803902,0.36336669917312847,438,215201.11004263605,RSI(7/40/75) SL=5% TP=25%
AAPL,0.5329399530434631,0.19251113879803902,0.36336669917312847,438,215201.11004263605,RSI(7/40/75) SL=5% TP=30%
AAPL,0.4520867118028614,0.16317705539159783,0.415298011501608,438,197647.2220359244,RSI(7/40/75) SL=8% TP=10%
AAPL,0.4917219547855417,0.18027283615852516,0.415298011501608,438,207877.55433613333,RSI(7/40/75) SL=8% TP=12%
AAPL,0.510176162574649,0.18898062812625302,0.415298011501608,438,213088.40762475776,RSI(7/40/75) SL=8% TP=15%
AAPL,0.452930235674434,0.16878948391986412,0.415298011501608,438,201005.77053617267,RSI(7/40/75) SL=8% TP=20%
AAPL,0.45885749125396663,0.17164282346760282,0.415298011501608,438,202713.24515442265,RSI(7/40/75) SL=8% TP=25%
AAPL,0.45885749125396663,0.17164282346760282,0.415298011501608,438,202713.24515442265,RSI(7/40/75) SL=8% TP=30%
AAPL,0.6100625082827098,0.19990254915536038,0.3258815387649155,438,219624.2238596363,RSI(7/40/75) SL=10% TP=12%
AAPL,0.5756934815686504,0.18636745640975214,0.3258815387649155,438,211524.6524864707,RSI(7/40/75) SL=10% TP=15%
AAPL,0.5130082464545522,0.16852988539233107,0.3258815387649155,438,200850.42348080766,RSI(7/40/75) SL=10% TP=20%
AAPL,0.519005489368644,0.17138101974021178,0.3258815387649155,438,202556.57847946006,RSI(7/40/75) SL=10% TP=25%
AAPL,0.519005489368644,0.17138101974021178,0.3258815387649155,438,202556.57847946006,RSI(7/40/75) SL=10% TP=30%
AAPL,0.48507957314388667,0.15738278019629234,0.2809654562178362,438,194179.85418095588,RSI(7/40/75) SL=12% TP=15%
AAPL,0.5270383441183479,0.17598418915056382,0.2809654562178362,438,205311.17350755964,RSI(7/40/75) SL=12% TP=20%
AAPL,0.5270383441183479,0.17598418915056382,0.2809654562178362,438,205311.17350755964,RSI(7/40/75) SL=12% TP=25%
AAPL,0.5270383441183479,0.17598418915056382,0.2809654562178362,438,205311.17350755964,RSI(7/40/75) SL=12% TP=30%
AAPL,0.43248027706924197,0.13923252904476474,0.30559113613833877,438,183318.51341250207,RSI(7/40/75) SL=15% TP=20%
AAPL,0.43248027706924197,0.13923252904476474,0.30559113613833877,438,183318.51341250207,RSI(7/40/75) SL=15% TP=25%
AAPL,0.43248027706924197,0.13923252904476474,0.30559113613833877,438,183318.51341250207,RSI(7/40/75) SL=15% TP=30%
AAPL,0.5298892635199769,0.18453227551821907,0.3646500092016296,438,210426.45693709303,RSI(7/40/80) SL=5% TP=8%
AAPL,0.647038024103954,0.23050447576214347,0.30025260695833716,438,237936.80533702872,RSI(7/40/80) SL=5% TP=10%
AAPL,0.6267780875242701,0.22331934865643194,0.36336669917312847,438,233637.13403726165,RSI(7/40/80) SL=5% TP=12%
AAPL,0.6731166928554577,0.2442181894562588,0.36336669917312847,438,246143.26575398346,RSI(7/40/80) SL=5% TP=15%
AAPL,0.678344612276097,0.2428492999042668,0.36336669917312847,438,245324.10486334693,RSI(7/40/80) SL=5% TP=20%
AAPL,0.678344612276097,0.2428492999042668,0.36336669917312847,438,245324.10486334693,RSI(7/40/80) SL=5% TP=25%
AAPL,0.678344612276097,0.2428492999042668,0.36336669917312847,438,245324.10486334693,RSI(7/40/80) SL=5% TP=30%
AAPL,0.5541947742938951,0.19732428777593788,0.415298011501608,438,218081.35951036285,RSI(7/40/80) SL=8% TP=10%
AAPL,0.6130050540768878,0.2222179219322128,0.415298011501608,438,232978.02629911783,RSI(7/40/80) SL=8% TP=12%
AAPL,0.63847073250097,0.23388364569886058,0.415298011501608,438,239958.94353725467,RSI(7/40/80) SL=8% TP=15%
AAPL,0.5692512606669696,0.21114638989700793,0.415298011501608,438,226352.68093836823,RSI(7/40/80) SL=8% TP=20%
AAPL,0.5759332906891965,0.21435953673620234,0.415298011501608,438,228275.46880880682,RSI(7/40/80) SL=8% TP=25%
AAPL,0.5759332906891965,0.21435953673620234,0.415298011501608,438,228275.46880880682,RSI(7/40/80) SL=8% TP=30%
AAPL,0.7050857834291014,0.2373320262659949,0.3258815387649155,438,242022.49825758743,RSI(7/40/80) SL=10% TP=12%
AAPL,0.6691095759730208,0.22427738796666766,0.3258815387649155,438,234210.43692608524,RSI(7/40/80) SL=10% TP=15%
AAPL,0.6026397666276851,0.2045267572360135,0.3258815387649155,438,222391.4086952017,RSI(7/40/80) SL=10% TP=20%
AAPL,0.6093181989108447,0.20768367258135262,0.3258815387649155,438,224280.54692566657,RSI(7/40/80) SL=10% TP=25%
AAPL,0.6093181989108447,0.20768367258135262,0.3258815387649155,438,224280.54692566657,RSI(7/40/80) SL=10% TP=30%
AAPL,0.5813957498886217,0.19441552019047242,0.2809654562178362,438,216340.71605048905,RSI(7/40/80) SL=12% TP=15%
AAPL,0.6279855727971949,0.21513982318106378,0.2809654562178362,438,228742.4021258112,RSI(7/40/80) SL=12% TP=20%
AAPL,0.6279855727971949,0.21513982318106378,0.2809654562178362,438,228742.4021258112,RSI(7/40/80) SL=12% TP=25%
AAPL,0.6279855727971949,0.21513982318106378,0.2809654562178362,438,228742.4021258112,RSI(7/40/80) SL=12% TP=30%
AAPL,0.551899310255173,0.17607774988626068,0.30559113613833877,438,205367.16143987345,RSI(7/40/80) SL=15% TP=20%
AAPL,0.551899310255173,0.17607774988626068,0.30559113613833877,438,205367.16143987345,RSI(7/40/80) SL=15% TP=25%
AAPL,0.551899310255173,0.17607774988626068,0.30559113613833877,438,205367.16143987345,RSI(7/40/80) SL=15% TP=30%
AAPL,0.14177619220232407,0.04169108231613397,0.12817034918138653,119,124948.47306854367,RSI(10/25/65) SL=5% TP=8%
AAPL,0.18445548134627057,0.05744949209114975,0.12817034918138656,119,134378.5055847039,RSI(10/25/65) SL=5% TP=10%
AAPL,0.05571473778589972,0.017017249223591067,0.2200844998240046,119,110183.33802745052,RSI(10/25/65) SL=5% TP=12%
AAPL,0.05571473778589972,0.017017249223591067,0.2200844998240046,119,110183.33802745052,RSI(10/25/65) SL=5% TP=15%
AAPL,0.05571473778589972,0.017017249223591067,0.2200844998240046,119,110183.33802745052,RSI(10/25/65) SL=5% TP=20%
AAPL,0.05571473778589972,0.017017249223591067,0.2200844998240046,119,110183.33802745052,RSI(10/25/65) SL=5% TP=25%
AAPL,0.05571473778589972,0.017017249223591067,0.2200844998240046,119,110183.33802745052,RSI(10/25/65) SL=5% TP=30%
AAPL,0.07489071358126513,0.02177813183092925,0.19102399314583945,119,113032.31063533385,RSI(10/25/65) SL=8% TP=10%
AAPL,0.07489071358126513,0.02177813183092925,0.19102399314583945,119,113032.31063533385,RSI(10/25/65) SL=8% TP=12%
AAPL,0.07489071358126513,0.02177813183092925,0.19102399314583945,119,113032.31063533385,RSI(10/25/65) SL=8% TP=15%
AAPL,0.07489071358126513,0.02177813183092925,0.19102399314583945,119,113032.31063533385,RSI(10/25/65) SL=8% TP=20%
AAPL,0.07489071358126513,0.02177813183092925,0.19102399314583945,119,113032.31063533385,RSI(10/25/65) SL=8% TP=25%
AAPL,0.07489071358126513,0.02177813183092925,0.19102399314583945,119,113032.31063533385,RSI(10/25/65) SL=8% TP=30%
AAPL,0.28537568534359475,0.07325736320271246,0.17567138786634023,119,143838.13639273428,RSI(10/25/65) SL=10% TP=12%
AAPL,0.28537568534359475,0.07325736320271246,0.17567138786634023,119,143838.13639273428,RSI(10/25/65) SL=10% TP=15%
AAPL,0.28537568534359475,0.07325736320271246,0.17567138786634023,119,143838.13639273428,RSI(10/25/65) SL=10% TP=20%
AAPL,0.28537568534359475,0.07325736320271246,0.17567138786634023,119,143838.13639273428,RSI(10/25/65) SL=10% TP=25%
AAPL,0.28537568534359475,0.07325736320271246,0.17567138786634023,119,143838.13639273428,RSI(10/25/65) SL=10% TP=30%
AAPL,0.3189755411010079,0.08012308870673594,0.1630047715377018,119,147946.67371815786,RSI(10/25/65) SL=12% TP=15%
AAPL,0.3189755411010079,0.08012308870673594,0.1630047715377018,119,147946.67371815786,RSI(10/25/65) SL=12% TP=20%
AAPL,0.3189755411010079,0.08012308870673594,0.1630047715377018,119,147946.67371815786,RSI(10/25/65) SL=12% TP=25%
AAPL,0.3189755411010079,0.08012308870673594,0.1630047715377018,119,147946.67371815786,RSI(10/25/65) SL=12% TP=30%
AAPL,0.37931167324043674,0.08996044839345868,0.1591961108806639,119,153833.47467354592,RSI(10/25/65) SL=15% TP=20%
AAPL,0.37931167324043674,0.08996044839345868,0.1591961108806639,119,153833.47467354592,RSI(10/25/65) SL=15% TP=25%
AAPL,0.37931167324043674,0.08996044839345868,0.1591961108806639,119,153833.47467354592,RSI(10/25/65) SL=15% TP=30%
AAPL,0.314444404410856,0.09578422354280434,0.12817034918138653,119,157318.49567561466,RSI(10/25/70) SL=5% TP=8%
AAPL,0.36216116759017297,0.11562511682595297,0.1281703491813865,119,169191.538164102,RSI(10/25/70) SL=5% TP=10%
AAPL,0.2305943355190851,0.0681947292813268,0.1442888242799662,119,140808.59196676224,RSI(10/25/70) SL=5% TP=12%
AAPL,0.23250147411048103,0.06877047578260403,0.1442888242799662,119,141153.1259841932,RSI(10/25/70) SL=5% TP=15%
AAPL,0.23250147411048103,0.06877047578260403,0.1442888242799662,119,141153.1259841932,RSI(10/25/70) SL=5% TP=20%
AAPL,0.23250147411048103,0.06877047578260403,0.1442888242799662,119,141153.1259841932,RSI(10/25/70) SL=5% TP=25%
AAPL,0.23250147411048103,0.06877047578260403,0.1442888242799662,119,141153.1259841932,RSI(10/25/70) SL=5% TP=30%
AAPL,0.21536499595168657,0.06587292358343733,0.19102399314583957,119,139419.1939538982,RSI(10/25/70) SL=8% TP=10%
AAPL,0.16521648387129045,0.04836282245399414,0.19102399314583957,119,128940.92708754887,RSI(10/25/70) SL=8% TP=12%
AAPL,0.16697943663344622,0.04889004374500468,0.19102399314583957,119,129256.42300296311,RSI(10/25/70) SL=8% TP=15%
AAPL,0.16697943663344622,0.04889004374500468,0.19102399314583957,119,129256.42300296311,RSI(10/25/70) SL=8% TP=20%
AAPL,0.16697943663344622,0.04889004374500468,0.19102399314583957,119,129256.42300296311,RSI(10/25/70) SL=8% TP=25%
AAPL,0.16697943663344622,0.04889004374500468,0.19102399314583957,119,129256.42300296311,RSI(10/25/70) SL=8% TP=30%
AAPL,0.4244164090229539,0.11078639963137601,0.17748656575231594,119,166295.9883508393,RSI(10/25/70) SL=10% TP=12%
AAPL,0.42665061209726673,0.1114663605068603,0.17748656575231594,119,166702.88557315292,RSI(10/25/70) SL=10% TP=15%
AAPL,0.42665061209726673,0.1114663605068603,0.17748656575231594,119,166702.88557315292,RSI(10/25/70) SL=10% TP=20%
AAPL,0.42665061209726673,0.1114663605068603,0.17748656575231594,119,166702.88557315292,RSI(10/25/70) SL=10% TP=25%
AAPL,0.42665061209726673,0.1114663605068603,0.17748656575231594,119,166702.88557315292,RSI(10/25/70) SL=10% TP=30%
AAPL,0.5182467220251574,0.12988033207394686,0.15171356076942655,119,177722.03998710788,RSI(10/25/70) SL=12% TP=15%
AAPL,0.5182467220251574,0.12988033207394686,0.15171356076942655,119,177722.03998710788,RSI(10/25/70) SL=12% TP=20%
AAPL,0.5182467220251574,0.12988033207394686,0.15171356076942655,119,177722.03998710788,RSI(10/25/70) SL=12% TP=25%
AAPL,0.5182467220251574,0.12988033207394686,0.15171356076942655,119,177722.03998710788,RSI(10/25/70) SL=12% TP=30%
AAPL,0.6545666202080085,0.15233007244066538,0.1591961108806639,119,191156.2496986204,RSI(10/25/70) SL=15% TP=20%
AAPL,0.6545666202080085,0.15233007244066538,0.1591961108806639,119,191156.2496986204,RSI(10/25/70) SL=15% TP=25%
AAPL,0.6545666202080085,0.15233007244066538,0.1591961108806639,119,191156.2496986204,RSI(10/25/70) SL=15% TP=30%
AAPL,0.2887545776789782,0.09041538205469939,0.15309213352025317,119,154105.71275336773,RSI(10/25/75) SL=5% TP=8%
AAPL,0.3414574954487439,0.11153943114676347,0.15309213352025322,119,166746.6119719521,RSI(10/25/75) SL=5% TP=10%
AAPL,0.2278774711163624,0.06977407332615877,0.1442888242799662,119,141753.69149835216,RSI(10/25/75) SL=5% TP=12%
AAPL,0.23870701410877163,0.07415841562676308,0.1442888242799662,119,144377.33760522172,RSI(10/25/75) SL=5% TP=15%
AAPL,0.23870701410877163,0.07415841562676308,0.1442888242799662,119,144377.33760522172,RSI(10/25/75) SL=5% TP=20%
AAPL,0.23870701410877163,0.07415841562676308,0.1442888242799662,119,144377.33760522172,RSI(10/25/75) SL=5% TP=25%
AAPL,0.23870701410877163,0.07415841562676308,0.1442888242799662,119,144377.33760522172,RSI(10/25/75) SL=5% TP=30%
AAPL,0.2223414740974589,0.06539148964155832,0.1910239931458395,119,139131.09776963093,RSI(10/25/75) SL=8% TP=10%
AAPL,0.17011667434574393,0.047917571430538805,0.19102399314583954,119,128674.48322113196,RSI(10/25/75) SL=8% TP=12%
AAPL,0.18098020537704665,0.051897382988401256,0.19102399314583954,119,131056.05299464647,RSI(10/25/75) SL=8% TP=15%
AAPL,0.18098020537704665,0.051897382988401256,0.19102399314583954,119,131056.05299464647,RSI(10/25/75) SL=8% TP=20%
AAPL,0.18098020537704665,0.051897382988401256,0.19102399314583954,119,131056.05299464647,RSI(10/25/75) SL=8% TP=25%
AAPL,0.18098020537704665,0.051897382988401256,0.19102399314583954,119,131056.05299464647,RSI(10/25/75) SL=8% TP=30%
AAPL,0.4615976179745765,0.11917229482950394,0.17748656575231594,119,171314.21452495712,RSI(10/25/75) SL=10% TP=12%
AAPL,0.4791549500795873,0.1273840881901031,0.17748656575231594,119,176228.25594868074,RSI(10/25/75) SL=10% TP=15%
AAPL,0.4791549500795873,0.1273840881901031,0.17748656575231594,119,176228.25594868074,RSI(10/25/75) SL=10% TP=20%
AAPL,0.4791549500795873,0.1273840881901031,0.17748656575231594,119,176228.25594868074,RSI(10/25/75) SL=10% TP=25%
AAPL,0.4791549500795873,0.1273840881901031,0.17748656575231594,119,176228.25594868074,RSI(10/25/75) SL=10% TP=30%
AAPL,0.5985522603063483,0.15291628006814081,0.15171356076942655,119,191507.04378680806,RSI(10/25/75) SL=12% TP=15%
AAPL,0.5985522603063483,0.15291628006814081,0.15171356076942655,119,191507.04378680806,RSI(10/25/75) SL=12% TP=20%
AAPL,0.5985522603063483,0.15291628006814081,0.15171356076942655,119,191507.04378680806,RSI(10/25/75) SL=12% TP=25%
AAPL,0.5985522603063483,0.15291628006814081,0.15171356076942655,119,191507.04378680806,RSI(10/25/75) SL=12% TP=30%
AAPL,0.7406096181835695,0.17710733375919432,0.1591961108806639,119,205983.2775035179,RSI(10/25/75) SL=15% TP=20%
AAPL,0.7406096181835695,0.17710733375919432,0.1591961108806639,119,205983.2775035179,RSI(10/25/75) SL=15% TP=25%
AAPL,0.7406096181835695,0.17710733375919432,0.1591961108806639,119,205983.2775035179,RSI(10/25/75) SL=15% TP=30%
AAPL,0.2991003098048035,0.09089157689060147,0.15309213352025325,119,154390.67379009008,RSI(10/25/80) SL=5% TP=8%
AAPL,0.35486427481085886,0.11251072223759595,0.1530921335202532,119,167327.8448945614,RSI(10/25/80) SL=5% TP=10%
AAPL,0.2434999090221554,0.07283431123276875,0.1442888242799662,119,143584.97672183145,RSI(10/25/80) SL=5% TP=12%
AAPL,0.2546833256478281,0.07727529390149968,0.1442888242799662,119,146242.51714423075,RSI(10/25/80) SL=5% TP=15%
AAPL,0.2536487251601624,0.07669972745080712,0.1442888242799662,119,145898.09087135602,RSI(10/25/80) SL=5% TP=20%
AAPL,0.2536487251601624,0.07669972745080712,0.1442888242799662,119,145898.09087135602,RSI(10/25/80) SL=5% TP=25%
AAPL,0.2536487251601624,0.07669972745080712,0.1442888242799662,119,145898.09087135602,RSI(10/25/80) SL=5% TP=30%
AAPL,0.24865995043598524,0.07528951257002074,0.19102399314583948,119,145054.2003792029,RSI(10/25/80) SL=8% TP=10%
AAPL,0.1958505605083324,0.05707169301548925,0.1910239931458395,119,134152.42582038007,RSI(10/25/80) SL=8% TP=12%
AAPL,0.20688422442485085,0.061220933497595574,0.1910239931458395,119,136635.38401364052,RSI(10/25/80) SL=8% TP=15%
AAPL,0.2057998558100949,0.06068317782604778,0.1910239931458395,119,136313.58419114287,RSI(10/25/80) SL=8% TP=20%
AAPL,0.2057998558100949,0.06068317782604778,0.1910239931458395,119,136313.58419114287,RSI(10/25/80) SL=8% TP=25%
AAPL,0.2057998558100949,0.06068317782604778,0.1910239931458395,119,136313.58419114287,RSI(10/25/80) SL=8% TP=30%
AAPL,0.4552590497159661,0.1245854886288442,0.17748656575231594,119,174553.5384334512,RSI(10/25/80) SL=10% TP=12%
AAPL,0.47432918457092477,0.13295255607827688,0.17748656575231594,119,179560.49784366728,RSI(10/25/80) SL=10% TP=15%
AAPL,0.47352662445673305,0.1322458601019862,0.17748656575231594,119,179137.60199753777,RSI(10/25/80) SL=10% TP=20%
AAPL,0.47352662445673305,0.1322458601019862,0.17748656575231594,119,179137.60199753777,RSI(10/25/80) SL=10% TP=25%
AAPL,0.47352662445673305,0.1322458601019862,0.17748656575231594,119,179137.60199753777,RSI(10/25/80) SL=10% TP=30%
AAPL,0.5877498868522754,0.15896752774091172,0.1517135607694265,119,195128.18723543448,RSI(10/25/80) SL=12% TP=15%
AAPL,0.5870556997044585,0.1581995620333303,0.1517135607694265,119,194668.62680407226,RSI(10/25/80) SL=12% TP=20%
AAPL,0.5870556997044585,0.1581995620333303,0.1517135607694265,119,194668.62680407226,RSI(10/25/80) SL=12% TP=25%
AAPL,0.5870556997044585,0.1581995620333303,0.1517135607694265,119,194668.62680407226,RSI(10/25/80) SL=12% TP=30%
AAPL,0.5389809523749607,0.14135133810495254,0.1707862752947989,119,184586.43565963034,RSI(10/25/80) SL=15% TP=20%
AAPL,0.5389809523749607,0.14135133810495254,0.1707862752947989,119,184586.43565963034,RSI(10/25/80) SL=15% TP=25%
AAPL,0.5389809523749607,0.14135133810495254,0.1707862752947989,119,184586.43565963034,RSI(10/25/80) SL=15% TP=30%
AAPL,-0.009426600457481647,-0.0026249251389569603,0.2614023141014118,187,98429.21146446544,RSI(10/30/65) SL=5% TP=8%
AAPL,0.026311525660512772,0.007662234202782081,0.2569065358664624,187,104585.1782451569,RSI(10/30/65) SL=5% TP=10%
AAPL,-0.08318522736246299,-0.023805695201222447,0.36477883158835467,187,85754.36969704625,RSI(10/30/65) SL=5% TP=12%
AAPL,-0.08318522736246299,-0.023805695201222447,0.36477883158835467,187,85754.36969704625,RSI(10/30/65) SL=5% TP=15%
AAPL,-0.08318522736246299,-0.023805695201222447,0.36477883158835467,187,85754.36969704625,RSI(10/30/65) SL=5% TP=20%
AAPL,-0.08318522736246299,-0.023805695201222447,0.36477883158835467,187,85754.36969704625,RSI(10/30/65) SL=5% TP=25%
AAPL,-0.08318522736246299,-0.023805695201222447,0.36477883158835467,187,85754.36969704625,RSI(10/30/65) SL=5% TP=30%
AAPL,0.1165325685320657,0.033316820062393004,0.2016944804727905,187,119937.20819606693,RSI(10/30/65) SL=8% TP=10%
AAPL,-0.009855921720336523,-0.002770278164663968,0.2824358108839074,187,98342.23036812966,RSI(10/30/65) SL=8% TP=12%
AAPL,-0.009855921720336523,-0.002770278164663968,0.2824358108839074,187,98342.23036812966,RSI(10/30/65) SL=8% TP=15%
AAPL,-0.009855921720336523,-0.002770278164663968,0.2824358108839074,187,98342.23036812966,RSI(10/30/65) SL=8% TP=20%
AAPL,-0.009855921720336523,-0.002770278164663968,0.2824358108839074,187,98342.23036812966,RSI(10/30/65) SL=8% TP=25%
AAPL,-0.009855921720336523,-0.002770278164663968,0.2824358108839074,187,98342.23036812966,RSI(10/30/65) SL=8% TP=30%
AAPL,0.23844914288244695,0.06285375526132622,0.19188280694242932,187,137612.48529130156,RSI(10/30/65) SL=10% TP=12%
AAPL,0.23844914288244695,0.06285375526132622,0.19188280694242932,187,137612.48529130156,RSI(10/30/65) SL=10% TP=15%
AAPL,0.23844914288244695,0.06285375526132622,0.19188280694242932,187,137612.48529130156,RSI(10/30/65) SL=10% TP=20%
AAPL,0.23844914288244695,0.06285375526132622,0.19188280694242932,187,137612.48529130156,RSI(10/30/65) SL=10% TP=25%
AAPL,0.23844914288244695,0.06285375526132622,0.19188280694242932,187,137612.48529130156,RSI(10/30/65) SL=10% TP=30%
AAPL,0.25170142221983527,0.06445613925428562,0.2007741665701638,187,138571.3722204217,RSI(10/30/65) SL=12% TP=15%
AAPL,0.25170142221983527,0.06445613925428562,0.2007741665701638,187,138571.3722204217,RSI(10/30/65) SL=12% TP=20%
AAPL,0.25170142221983527,0.06445613925428562,0.2007741665701638,187,138571.3722204217,RSI(10/30/65) SL=12% TP=25%
AAPL,0.25170142221983527,0.06445613925428562,0.2007741665701638,187,138571.3722204217,RSI(10/30/65) SL=12% TP=30%
AAPL,0.18215573524928255,0.050284642656241184,0.22660561900023649,187,130090.96870063955,RSI(10/30/65) SL=15% TP=20%
AAPL,0.18215573524928255,0.050284642656241184,0.22660561900023649,187,130090.96870063955,RSI(10/30/65) SL=15% TP=25%
AAPL,0.18215573524928255,0.050284642656241184,0.22660561900023649,187,130090.96870063955,RSI(10/30/65) SL=15% TP=30%
AAPL,0.18854617429464174,0.05562674524101366,0.20840379829491057,187,133287.75072359073,RSI(10/30/70) SL=5% TP=8%
AAPL,0.24020604615188507,0.07413144993383954,0.20243550632371124,187,144361.20099215477,RSI(10/30/70) SL=5% TP=10%
AAPL,0.11628224680061103,0.0336618863624957,0.25195627406129145,187,120143.70025184267,RSI(10/30/70) SL=5% TP=12%
AAPL,0.11795182641402352,0.03415313703196352,0.25195627406129145,187,120437.67089055595,RSI(10/30/70) SL=5% TP=15%
AAPL,0.11795182641402352,0.03415313703196352,0.25195627406129145,187,120437.67089055595,RSI(10/30/70) SL=5% TP=20%
AAPL,0.11795182641402352,0.03415313703196352,0.25195627406129145,187,120437.67089055595,RSI(10/30/70) SL=5% TP=25%
AAPL,0.11795182641402352,0.03415313703196352,0.25195627406129145,187,120437.67089055595,RSI(10/30/70) SL=5% TP=30%
AAPL,0.3403338941312104,0.10391328700822292,0.17420794618749497,187,162183.03047952388,RSI(10/30/70) SL=8% TP=10%
AAPL,0.1322750286140211,0.03841354580589094,0.22188323092100806,187,122987.153601303,RSI(10/30/70) SL=8% TP=12%
AAPL,0.13397687665776245,0.03891642295563693,0.22188323092100806,187,123288.08167345257,RSI(10/30/70) SL=8% TP=15%
AAPL,0.13397687665776245,0.03891642295563693,0.22188323092100806,187,123288.08167345257,RSI(10/30/70) SL=8% TP=20%
AAPL,0.13397687665776245,0.03891642295563693,0.22188323092100806,187,123288.08167345257,RSI(10/30/70) SL=8% TP=25%
AAPL,0.13397687665776245,0.03891642295563693,0.22188323092100806,187,123288.08167345257,RSI(10/30/70) SL=8% TP=30%
AAPL,0.45135811692730826,0.12436286779158161,0.15285686193861386,187,174420.31929750202,RSI(10/30/70) SL=10% TP=12%
AAPL,0.4537451078569152,0.12507604791208798,0.15285686193861386,187,174847.09533786852,RSI(10/30/70) SL=10% TP=15%
AAPL,0.4537451078569152,0.12507604791208798,0.15285686193861386,187,174847.09533786852,RSI(10/30/70) SL=10% TP=20%
AAPL,0.4537451078569152,0.12507604791208798,0.15285686193861386,187,174847.09533786852,RSI(10/30/70) SL=10% TP=25%
AAPL,0.4537451078569152,0.12507604791208798,0.15285686193861386,187,174847.09533786852,RSI(10/30/70) SL=10% TP=30%
AAPL,0.521824364526824,0.13784944629432555,0.1675113740835908,187,182490.8591316837,RSI(10/30/70) SL=12% TP=15%
AAPL,0.521824364526824,0.13784944629432555,0.1675113740835908,187,182490.8591316837,RSI(10/30/70) SL=12% TP=20%
AAPL,0.521824364526824,0.13784944629432555,0.1675113740835908,187,182490.8591316837,RSI(10/30/70) SL=12% TP=25%
AAPL,0.521824364526824,0.13784944629432555,0.1675113740835908,187,182490.8591316837,RSI(10/30/70) SL=12% TP=30%
AAPL,0.4265971922149413,0.11918636641051578,0.1675113740835908,187,171322.63513772134,RSI(10/30/70) SL=15% TP=20%
AAPL,0.4265971922149413,0.11918636641051578,0.1675113740835908,187,171322.63513772134,RSI(10/30/70) SL=15% TP=25%
AAPL,0.4265971922149413,0.11918636641051578,0.1675113740835908,187,171322.63513772134,RSI(10/30/70) SL=15% TP=30%
AAPL,0.1396294567812931,0.04212185644398693,0.2772450284953463,187,125206.25377679853,RSI(10/30/75) SL=5% TP=8%
AAPL,0.19160356531648626,0.05985876174725557,0.27507678773271793,187,135820.24314081803,RSI(10/30/75) SL=5% TP=10%
AAPL,0.08965838058194388,0.02671288186581309,0.3023441942795947,187,115985.32771970086,RSI(10/30/75) SL=5% TP=12%
AAPL,0.10042056151434602,0.030300226739839568,0.3023441942795947,187,118132.04044590399,RSI(10/30/75) SL=5% TP=15%
AAPL,0.10042056151434602,0.030300226739839568,0.3023441942795947,187,118132.04044590399,RSI(10/30/75) SL=5% TP=20%
AAPL,0.10042056151434602,0.030300226739839568,0.3023441942795947,187,118132.04044590399,RSI(10/30/75) SL=5% TP=25%
AAPL,0.10042056151434602,0.030300226739839568,0.3023441942795947,187,118132.04044590399,RSI(10/30/75) SL=5% TP=30%
AAPL,0.26815388224453984,0.0827736501982077,0.23875938270321004,187,149532.80337257826,RSI(10/30/75) SL=8% TP=10%
AAPL,0.08480050497928036,0.02512364088938647,0.2968878905894811,187,115034.30573856937,RSI(10/30/75) SL=8% TP=12%
AAPL,0.10220583207721451,0.0309265868039886,0.28882570684592296,187,118506.86226206938,RSI(10/30/75) SL=8% TP=15%
AAPL,0.10220583207721451,0.0309265868039886,0.28882570684592296,187,118506.86226206938,RSI(10/30/75) SL=8% TP=20%
AAPL,0.10220583207721451,0.0309265868039886,0.28882570684592296,187,118506.86226206938,RSI(10/30/75) SL=8% TP=25%
AAPL,0.10220583207721451,0.0309265868039886,0.28882570684592296,187,118506.86226206938,RSI(10/30/75) SL=8% TP=30%
AAPL,0.4484960871995071,0.12083305776237573,0.216809433377081,187,172308.0361530407,RSI(10/30/75) SL=10% TP=12%
AAPL,0.4687198531188394,0.12909248907216514,0.216809433377081,187,177250.58473048612,RSI(10/30/75) SL=10% TP=15%
AAPL,0.4687198531188394,0.12909248907216514,0.216809433377081,187,177250.58473048612,RSI(10/30/75) SL=10% TP=20%
AAPL,0.4687198531188394,0.12909248907216514,0.216809433377081,187,177250.58473048612,RSI(10/30/75) SL=10% TP=25%
AAPL,0.4687198531188394,0.12909248907216514,0.216809433377081,187,177250.58473048612,RSI(10/30/75) SL=10% TP=30%
AAPL,0.5599244072547651,0.1480146124382071,0.1972617836451995,187,188573.82363365727,RSI(10/30/75) SL=12% TP=15%
AAPL,0.5599244072547651,0.1480146124382071,0.1972617836451995,187,188573.82363365727,RSI(10/30/75) SL=12% TP=20%
AAPL,0.5599244072547651,0.1480146124382071,0.1972617836451995,187,188573.82363365727,RSI(10/30/75) SL=12% TP=25%
AAPL,0.5599244072547651,0.1480146124382071,0.1972617836451995,187,188573.82363365727,RSI(10/30/75) SL=12% TP=30%
AAPL,0.46310133183356084,0.12872943645067525,0.2232067583722844,187,177033.32943159455,RSI(10/30/75) SL=15% TP=20%
AAPL,0.46310133183356084,0.12872943645067525,0.2232067583722844,187,177033.32943159455,RSI(10/30/75) SL=15% TP=25%
AAPL,0.46310133183356084,0.12872943645067525,0.2232067583722844,187,177033.32943159455,RSI(10/30/75) SL=15% TP=30%
AAPL,0.16652654417998455,0.0496557515467394,0.2754579344361956,187,129714.63227479486,RSI(10/30/80) SL=5% TP=8%
AAPL,0.22056374426347344,0.06803132049561773,0.27441179226556467,187,140710.80607436172,RSI(10/30/80) SL=5% TP=10%
AAPL,0.12799847756356783,0.038176302578886406,0.2953026414854807,187,122845.18424165106,RSI(10/30/80) SL=5% TP=12%
AAPL,0.09760529272711334,0.027619166271591188,0.3358569582769797,187,116527.65981649187,RSI(10/30/80) SL=5% TP=15%
AAPL,0.09626464925534191,0.02716054853936268,0.3358569582769797,187,116253.21714180909,RSI(10/30/80) SL=5% TP=20%
AAPL,0.09626464925534191,0.02716054853936268,0.3358569582769797,187,116253.21714180909,RSI(10/30/80) SL=5% TP=25%
AAPL,0.09626464925534191,0.02716054853936268,0.3358569582769797,187,116253.21714180909,RSI(10/30/80) SL=5% TP=30%
AAPL,0.32539236435625263,0.09961353925862133,0.28969214741062316,187,159610.00682619086,RSI(10/30/80) SL=8% TP=10%
AAPL,0.12892215514787095,0.03807842340591944,0.3373096114914304,187,122786.6121016375,RSI(10/30/80) SL=8% TP=12%
AAPL,0.14713241106951883,0.04427243713502668,0.32971092046372913,187,126493.18857127786,RSI(10/30/80) SL=8% TP=15%
AAPL,0.14586774963618726,0.04377459808654433,0.32971092046372913,187,126195.27536290034,RSI(10/30/80) SL=8% TP=20%
AAPL,0.14586774963618726,0.04377459808654433,0.32971092046372913,187,126195.27536290034,RSI(10/30/80) SL=8% TP=25%
AAPL,0.14586774963618726,0.04377459808654433,0.32971092046372913,187,126195.27536290034,RSI(10/30/80) SL=8% TP=30%
AAPL,0.4852167023531107,0.1396665872745211,0.2089045644180491,187,183578.25936903883,RSI(10/30/80) SL=10% TP=12%
AAPL,0.40065589080994635,0.10993335099366892,0.2247241450089241,187,165785.51321367171,RSI(10/30/80) SL=10% TP=15%
AAPL,0.39945553310241366,0.10928086920328424,0.2247241450089241,187,165395.05982482247,RSI(10/30/80) SL=10% TP=20%
AAPL,0.39945553310241366,0.10928086920328424,0.2247241450089241,187,165395.05982482247,RSI(10/30/80) SL=10% TP=25%
AAPL,0.39945553310241366,0.10928086920328424,0.2247241450089241,187,165395.05982482247,RSI(10/30/80) SL=10% TP=30%
AAPL,0.4825068982795138,0.12763153764902777,0.2133141855879035,187,176376.33284711663,RSI(10/30/80) SL=12% TP=15%
AAPL,0.4813217316307674,0.12693737358603616,0.2133141855879035,187,175960.93625704068,RSI(10/30/80) SL=12% TP=20%
AAPL,0.4813217316307674,0.12693737358603616,0.2133141855879035,187,175960.93625704068,RSI(10/30/80) SL=12% TP=25%
AAPL,0.4813217316307674,0.12693737358603616,0.2133141855879035,187,175960.93625704068,RSI(10/30/80) SL=12% TP=30%
AAPL,0.3933063951263791,0.10731927184977506,0.2614584237707439,187,164221.21505930985,RSI(10/30/80) SL=15% TP=20%
AAPL,0.3933063951263791,0.10731927184977506,0.2614584237707439,187,164221.21505930985,RSI(10/30/80) SL=15% TP=25%
AAPL,0.3933063951263791,0.10731927184977506,0.2614584237707439,187,164221.21505930985,RSI(10/30/80) SL=15% TP=30%
AAPL,0.17554685963480504,0.0545520781560859,0.25023144182690493,276,132644.6562934038,RSI(10/35/65) SL=5% TP=8%
AAPL,0.2732868866456705,0.0853456280102058,0.25023144182690477,276,151071.90755531364,RSI(10/35/65) SL=5% TP=10%
AAPL,0.12928093118145031,0.03989061993310215,0.27641647192249263,276,123871.05351552303,RSI(10/35/65) SL=5% TP=12%
AAPL,0.12928093118145031,0.03989061993310215,0.27641647192249263,276,123871.05351552303,RSI(10/35/65) SL=5% TP=15%
AAPL,0.12928093118145031,0.03989061993310215,0.27641647192249263,276,123871.05351552303,RSI(10/35/65) SL=5% TP=20%
AAPL,0.12928093118145031,0.03989061993310215,0.27641647192249263,276,123871.05351552303,RSI(10/35/65) SL=5% TP=25%
AAPL,0.12928093118145031,0.03989061993310215,0.27641647192249263,276,123871.05351552303,RSI(10/35/65) SL=5% TP=30%
AAPL,0.6035123977326909,0.17978158753902426,0.15955281137579685,276,207583.58492414624,RSI(10/35/65) SL=8% TP=10%
AAPL,0.3983904356562503,0.11732316173311227,0.16701398480174248,276,170207.66979902115,RSI(10/35/65) SL=8% TP=12%
AAPL,0.3983904356562503,0.11732316173311227,0.16701398480174248,276,170207.66979902115,RSI(10/35/65) SL=8% TP=15%
AAPL,0.3983904356562503,0.11732316173311227,0.16701398480174248,276,170207.66979902115,RSI(10/35/65) SL=8% TP=20%
AAPL,0.3983904356562503,0.11732316173311227,0.16701398480174248,276,170207.66979902115,RSI(10/35/65) SL=8% TP=25%
AAPL,0.3983904356562503,0.11732316173311227,0.16701398480174248,276,170207.66979902115,RSI(10/35/65) SL=8% TP=30%
AAPL,0.36822831994815297,0.10410726841767096,0.2318304915325068,276,162299.11141819358,RSI(10/35/65) SL=10% TP=12%
AAPL,0.36822831994815297,0.10410726841767096,0.2318304915325068,276,162299.11141819358,RSI(10/35/65) SL=10% TP=15%
AAPL,0.36822831994815297,0.10410726841767096,0.2318304915325068,276,162299.11141819358,RSI(10/35/65) SL=10% TP=20%
AAPL,0.36822831994815297,0.10410726841767096,0.2318304915325068,276,162299.11141819358,RSI(10/35/65) SL=10% TP=25%
AAPL,0.36822831994815297,0.10410726841767096,0.2318304915325068,276,162299.11141819358,RSI(10/35/65) SL=10% TP=30%
AAPL,0.5420693549526275,0.14297471554208205,0.1675113740835908,276,185557.8853323253,RSI(10/35/65) SL=12% TP=15%
AAPL,0.5420693549526275,0.14297471554208205,0.1675113740835908,276,185557.8853323253,RSI(10/35/65) SL=12% TP=20%
AAPL,0.5420693549526275,0.14297471554208205,0.1675113740835908,276,185557.8853323253,RSI(10/35/65) SL=12% TP=25%
AAPL,0.5420693549526275,0.14297471554208205,0.1675113740835908,276,185557.8853323253,RSI(10/35/65) SL=12% TP=30%
AAPL,0.43476138990534696,0.12061601825057719,0.18878816693431552,276,172178.15695312317,RSI(10/35/65) SL=15% TP=20%
AAPL,0.43476138990534696,0.12061601825057719,0.18878816693431552,276,172178.15695312317,RSI(10/35/65) SL=15% TP=25%
AAPL,0.43476138990534696,0.12061601825057719,0.18878816693431552,276,172178.15695312317,RSI(10/35/65) SL=15% TP=30%
AAPL,0.2777249440461923,0.09249906325301181,0.2561811786340284,276,155352.61404188166,RSI(10/35/70) SL=5% TP=8%
AAPL,0.39562963433527043,0.13266329552325362,0.2516536198131872,276,179387.40065439144,RSI(10/35/70) SL=5% TP=10%
AAPL,0.23629146545158602,0.07821319533888217,0.25620114253412163,276,146803.76927421996,RSI(10/35/70) SL=5% TP=12%
AAPL,0.19192876318165647,0.06013944042397783,0.3126812424431676,276,135988.20482514228,RSI(10/35/70) SL=5% TP=15%
AAPL,0.19192876318165647,0.06013944042397783,0.3126812424431676,276,135988.20482514228,RSI(10/35/70) SL=5% TP=20%
AAPL,0.19192876318165647,0.06013944042397783,0.3126812424431676,276,135988.20482514228,RSI(10/35/70) SL=5% TP=25%
AAPL,0.19192876318165647,0.06013944042397783,0.3126812424431676,276,135988.20482514228,RSI(10/35/70) SL=5% TP=30%
AAPL,0.8572609617772855,0.2676312729841612,0.15725875639986567,276,260153.95224607742,RSI(10/35/70) SL=8% TP=10%
AAPL,0.5552460068842953,0.16902838827293867,0.16701398480174248,276,201148.73393475852,RSI(10/35/70) SL=8% TP=12%
AAPL,0.6172254616131603,0.19787845403736642,0.16701398480174248,276,218412.97963823358,RSI(10/35/70) SL=8% TP=15%
AAPL,0.6172254616131603,0.19787845403736642,0.16701398480174248,276,218412.97963823358,RSI(10/35/70) SL=8% TP=20%
AAPL,0.6172254616131603,0.19787845403736642,0.16701398480174248,276,218412.97963823358,RSI(10/35/70) SL=8% TP=25%
AAPL,0.6172254616131603,0.19787845403736642,0.16701398480174248,276,218412.97963823358,RSI(10/35/70) SL=8% TP=30%
AAPL,0.5829641588020411,0.16920115526798984,0.21729455744091897,276,201252.11989846377,RSI(10/35/70) SL=10% TP=12%
AAPL,0.6200601044948137,0.18705349632866228,0.21729455744091905,276,211935.18748556456,RSI(10/35/70) SL=10% TP=15%
AAPL,0.6200601044948137,0.18705349632866228,0.21729455744091905,276,211935.18748556456,RSI(10/35/70) SL=10% TP=20%
AAPL,0.6200601044948137,0.18705349632866228,0.21729455744091905,276,211935.18748556456,RSI(10/35/70) SL=10% TP=25%
AAPL,0.6200601044948137,0.18705349632866228,0.21729455744091905,276,211935.18748556456,RSI(10/35/70) SL=10% TP=30%
AAPL,0.7142624743254429,0.21579485070907975,0.1675113740835908,276,229134.37891638582,RSI(10/35/70) SL=12% TP=15%
AAPL,0.7142624743254429,0.21579485070907975,0.1675113740835908,276,229134.37891638582,RSI(10/35/70) SL=12% TP=20%
AAPL,0.7142624743254429,0.21579485070907975,0.1675113740835908,276,229134.37891638582,RSI(10/35/70) SL=12% TP=25%
AAPL,0.7142624743254429,0.21579485070907975,0.1675113740835908,276,229134.37891638582,RSI(10/35/70) SL=12% TP=30%
AAPL,0.6767646378661721,0.19904436157917374,0.17314318995316488,276,219110.67351642618,RSI(10/35/70) SL=15% TP=20%
AAPL,0.6767646378661721,0.19904436157917374,0.17314318995316488,276,219110.67351642618,RSI(10/35/70) SL=15% TP=25%
AAPL,0.6767646378661721,0.19904436157917374,0.17314318995316488,276,219110.67351642618,RSI(10/35/70) SL=15% TP=30%
AAPL,0.33205824399958545,0.11513283659015439,0.31570264290361355,276,168896.95141982255,RSI(10/35/75) SL=5% TP=8%
AAPL,0.42849864305450686,0.1473910028967116,0.3157026429036135,276,188200.64776517503,RSI(10/35/75) SL=5% TP=10%
AAPL,0.29526290578017,0.10143514719968558,0.29784515645974646,276,160700.0801496531,RSI(10/35/75) SL=5% TP=12%
AAPL,0.25907159993182727,0.08563628204049757,0.3044872556741122,276,151245.83861788505,RSI(10/35/75) SL=5% TP=15%
AAPL,0.25907159993182727,0.08563628204049757,0.3044872556741122,276,151245.83861788505,RSI(10/35/75) SL=5% TP=20%
AAPL,0.25907159993182727,0.08563628204049757,0.3044872556741122,276,151245.83861788505,RSI(10/35/75) SL=5% TP=25%
AAPL,0.25907159993182727,0.08563628204049757,0.3044872556741122,276,151245.83861788505,RSI(10/35/75) SL=5% TP=30%
AAPL,0.8856329861580835,0.28679814429134826,0.21420281289184434,276,271623.65142514015,RSI(10/35/75) SL=8% TP=10%
AAPL,0.6110426991112944,0.1949273614041592,0.2028371868778615,276,216647.0083323302,RSI(10/35/75) SL=8% TP=12%
AAPL,0.7019892496747019,0.23687864157342287,0.19369657759677494,276,241751.1871002864,RSI(10/35/75) SL=8% TP=15%
AAPL,0.7055617088714801,0.2378838563062392,0.19369657759677472,276,242352.7203610352,RSI(10/35/75) SL=8% TP=20%
AAPL,0.7055617088714801,0.2378838563062392,0.19369657759677472,276,242352.7203610352,RSI(10/35/75) SL=8% TP=25%
AAPL,0.7055617088714801,0.2378838563062392,0.19369657759677472,276,242352.7203610352,RSI(10/35/75) SL=8% TP=30%
AAPL,0.6867678545471556,0.199825631831763,0.2758140582077014,276,219578.1955564677,RSI(10/35/75) SL=10% TP=12%
AAPL,0.7505862433414663,0.22941737979191362,0.2758140582077013,276,237286.2733040499,RSI(10/35/75) SL=10% TP=15%
AAPL,0.7508059509381564,0.22892389753127018,0.27581405820770144,276,236990.96725283944,RSI(10/35/75) SL=10% TP=20%
AAPL,0.7508059509381564,0.22892389753127018,0.27581405820770144,276,236990.96725283944,RSI(10/35/75) SL=10% TP=25%
AAPL,0.7508059509381564,0.22892389753127018,0.27581405820770144,276,236990.96725283944,RSI(10/35/75) SL=10% TP=30%
AAPL,0.8595800926023431,0.26319893631584407,0.2001187173956729,276,257501.5857001162,RSI(10/35/75) SL=12% TP=15%
AAPL,0.8599389858913647,0.26266341244056385,0.20011871739567288,276,257181.12141284536,RSI(10/35/75) SL=12% TP=20%
AAPL,0.8599389858913647,0.26266341244056385,0.20011871739567288,276,257181.12141284536,RSI(10/35/75) SL=12% TP=25%
AAPL,0.8599389858913647,0.26266341244056385,0.20011871739567288,276,257181.12141284536,RSI(10/35/75) SL=12% TP=30%
AAPL,0.826963471405161,0.24386261266963594,0.2349636975139036,276,245930.48408960755,RSI(10/35/75) SL=15% TP=20%
AAPL,0.826963471405161,0.24386261266963594,0.2349636975139036,276,245930.48408960755,RSI(10/35/75) SL=15% TP=25%
AAPL,0.826963471405161,0.24386261266963594,0.2349636975139036,276,245930.48408960755,RSI(10/35/75) SL=15% TP=30%
AAPL,0.36235449404512093,0.12504427033815088,0.3157026429036134,276,174828.07923409983,RSI(10/35/80) SL=5% TP=8%
AAPL,0.4084864517651761,0.13798678874637993,0.32334281041835766,276,182573.04659902418,RSI(10/35/80) SL=5% TP=10%
AAPL,0.29191797584771,0.09922301717160105,0.2978451564597462,276,159376.3134503073,RSI(10/35/80) SL=5% TP=12%
AAPL,0.20594584050834924,0.06468802648917799,0.33825315518084603,276,138710.13648638112,RSI(10/35/80) SL=5% TP=15%
AAPL,0.20466930054584592,0.06414210521750162,0.33825315518084603,276,138383.45026507636,RSI(10/35/80) SL=5% TP=20%
AAPL,0.20466930054584592,0.06414210521750162,0.33825315518084603,276,138383.45026507636,RSI(10/35/80) SL=5% TP=25%
AAPL,0.20466930054584592,0.06414210521750162,0.33825315518084603,276,138383.45026507636,RSI(10/35/80) SL=5% TP=30%
AAPL,0.8871367700112014,0.28149481497851114,0.2815251277708186,276,268450.0718204741,RSI(10/35/80) SL=8% TP=10%
AAPL,0.6095570453594636,0.1906974262574992,0.2711332393393358,276,214115.76142710666,RSI(10/35/80) SL=8% TP=12%
AAPL,0.7019129311749941,0.2321585586563595,0.2627757417648101,276,238926.6295451548,RSI(10/35/80) SL=8% TP=15%
AAPL,0.7039586526946275,0.2322093457607947,0.26277574176480994,276,238957.02119336443,RSI(10/35/80) SL=8% TP=20%
AAPL,0.7039586526946275,0.2322093457607947,0.26277574176480994,276,238957.02119336443,RSI(10/35/80) SL=8% TP=25%
AAPL,0.7039586526946275,0.2322093457607947,0.26277574176480994,276,238957.02119336443,RSI(10/35/80) SL=8% TP=30%
AAPL,0.7184059888252925,0.2182162631776665,0.2758140582077014,276,230583.38288568298,RSI(10/35/80) SL=10% TP=12%
AAPL,0.6944032515832587,0.20633172306615555,0.2902956458312406,276,223471.52316815974,RSI(10/35/80) SL=10% TP=15%
AAPL,0.693091306675403,0.20498854926392077,0.2902956458312406,276,222667.7509087272,RSI(10/35/80) SL=10% TP=20%
AAPL,0.693091306675403,0.20498854926392077,0.2902956458312406,276,222667.7509087272,RSI(10/35/80) SL=10% TP=25%
AAPL,0.693091306675403,0.20498854926392077,0.2902956458312406,276,222667.7509087272,RSI(10/35/80) SL=10% TP=30%
AAPL,0.7455902310194843,0.22698703232031728,0.2161139890710595,276,235831.92251549146,RSI(10/35/80) SL=12% TP=15%
AAPL,0.7443081547649578,0.22556956643668832,0.21611398907105944,276,234983.6929311611,RSI(10/35/80) SL=12% TP=20%
AAPL,0.7443081547649578,0.22556956643668832,0.21611398907105944,276,234983.6929311611,RSI(10/35/80) SL=12% TP=25%
AAPL,0.7443081547649578,0.22556956643668832,0.21611398907105944,276,234983.6929311611,RSI(10/35/80) SL=12% TP=30%
AAPL,0.709873336750278,0.20618400937606313,0.2726364154163566,276,223383.12942027903,RSI(10/35/80) SL=15% TP=20%
AAPL,0.709873336750278,0.20618400937606313,0.2726364154163566,276,223383.12942027903,RSI(10/35/80) SL=15% TP=25%
AAPL,0.709873336750278,0.20618400937606313,0.2726364154163566,276,223383.12942027903,RSI(10/35/80) SL=15% TP=30%
AAPL,0.4470477812212934,0.15116413910323817,0.24382954642470656,389,190458.54038400124,RSI(10/40/65) SL=5% TP=8%
AAPL,0.4100604233247504,0.13812839134363333,0.24382954642470667,389,182657.78339134884,RSI(10/40/65) SL=5% TP=10%
AAPL,0.3575158101573569,0.12067870494069766,0.2608180326140394,389,172215.66946451273,RSI(10/40/65) SL=5% TP=12%
AAPL,0.3575158101573569,0.12067870494069766,0.2608180326140394,389,172215.66946451273,RSI(10/40/65) SL=5% TP=15%
AAPL,0.3211765256688606,0.1087723382843489,0.2608180326140394,389,165090.7484653961,RSI(10/40/65) SL=5% TP=20%
AAPL,0.3211765256688606,0.1087723382843489,0.2608180326140394,389,165090.7484653961,RSI(10/40/65) SL=5% TP=25%
AAPL,0.3211765256688606,0.1087723382843489,0.2608180326140394,389,165090.7484653961,RSI(10/40/65) SL=5% TP=30%
AAPL,0.5977948209406204,0.19234204540033686,0.2110201698159383,389,215099.92240623332,RSI(10/40/65) SL=8% TP=10%
AAPL,0.501050542728822,0.15724135673330206,0.21102016981593838,389,194095.224584849,RSI(10/40/65) SL=8% TP=12%
AAPL,0.501050542728822,0.15724135673330206,0.21102016981593838,389,194095.224584849,RSI(10/40/65) SL=8% TP=15%
AAPL,0.45229499802256357,0.1434897880300414,0.21102016981593838,389,185866.11124972318,RSI(10/40/65) SL=8% TP=20%
AAPL,0.45229499802256357,0.1434897880300414,0.21102016981593838,389,185866.11124972318,RSI(10/40/65) SL=8% TP=25%
AAPL,0.45229499802256357,0.1434897880300414,0.21102016981593838,389,185866.11124972318,RSI(10/40/65) SL=8% TP=30%
AAPL,0.33977340571331305,0.10785332588340836,0.22581143797532396,389,164540.79977467452,RSI(10/40/65) SL=10% TP=12%
AAPL,0.33977340571331305,0.10785332588340836,0.22581143797532396,389,164540.79977467452,RSI(10/40/65) SL=10% TP=15%
AAPL,0.29983639369051995,0.0961956763073789,0.22581143797532396,389,157564.71423473308,RSI(10/40/65) SL=10% TP=20%
AAPL,0.29983639369051995,0.0961956763073789,0.22581143797532396,389,157564.71423473308,RSI(10/40/65) SL=10% TP=25%
AAPL,0.29983639369051995,0.0961956763073789,0.22581143797532396,389,157564.71423473308,RSI(10/40/65) SL=10% TP=30%
AAPL,0.30039827200220903,0.09206114215276072,0.2672830640387594,389,155090.55649458856,RSI(10/40/65) SL=12% TP=15%
AAPL,0.26434783548522905,0.08133874368400677,0.2672830640387594,389,148674.13709344532,RSI(10/40/65) SL=12% TP=20%
AAPL,0.26434783548522905,0.08133874368400677,0.2672830640387594,389,148674.13709344532,RSI(10/40/65) SL=12% TP=25%
AAPL,0.26434783548522905,0.08133874368400677,0.2672830640387594,389,148674.13709344532,RSI(10/40/65) SL=12% TP=30%
AAPL,0.2059070942908185,0.060158995377354973,0.26197165967007363,389,135999.90675756003,RSI(10/40/65) SL=15% TP=20%
AAPL,0.2059070942908185,0.060158995377354973,0.26197165967007363,389,135999.90675756003,RSI(10/40/65) SL=15% TP=25%
AAPL,0.2059070942908185,0.060158995377354973,0.26197165967007363,389,135999.90675756003,RSI(10/40/65) SL=15% TP=30%
AAPL,0.6524110651464682,0.22721498477217977,0.23936935308094343,389,235968.33215732026,RSI(10/40/70) SL=5% TP=8%
AAPL,0.6731682073625623,0.2381532039078146,0.21094394970936373,389,242513.90138610493,RSI(10/40/70) SL=5% TP=10%
AAPL,0.6504279037059737,0.2344897399192967,0.2608180326140394,389,240321.63801519817,RSI(10/40/70) SL=5% TP=12%
AAPL,0.6081037001171776,0.21329692357973692,0.2608180326140394,389,227639.5876024775,RSI(10/40/70) SL=5% TP=15%
AAPL,0.5136370515944428,0.18002416687215264,0.2608180326140394,389,207728.74747746278,RSI(10/40/70) SL=5% TP=20%
AAPL,0.5402369099563639,0.19755874827941322,0.2608180326140394,389,218221.6636529187,RSI(10/40/70) SL=5% TP=25%
AAPL,0.5402369099563639,0.19755874827941322,0.2608180326140394,389,218221.6636529187,RSI(10/40/70) SL=5% TP=30%
AAPL,0.8973921905777638,0.2932446210926438,0.19609044573195647,389,275481.3050030583,RSI(10/40/70) SL=8% TP=10%
AAPL,0.7159797281520385,0.22556152421561632,0.2065743127688434,389,234978.88036394818,RSI(10/40/70) SL=8% TP=12%
AAPL,0.8047180420255728,0.26888478228484336,0.2065743127688434,389,260904.06812918404,RSI(10/40/70) SL=8% TP=15%
AAPL,0.7429223726431299,0.2503998338503172,0.2065743127688434,389,249842.4402564597,RSI(10/40/70) SL=8% TP=20%
AAPL,0.7429223726431299,0.2503998338503172,0.2065743127688434,389,249842.4402564597,RSI(10/40/70) SL=8% TP=25%
AAPL,0.7429223726431299,0.2503998338503172,0.2065743127688434,389,249842.4402564597,RSI(10/40/70) SL=8% TP=30%
AAPL,0.6312532240560825,0.20882416702638681,0.22581143797532396,389,224963.03328404416,RSI(10/40/70) SL=10% TP=12%
AAPL,0.6506924535903843,0.21824765336921215,0.22581143797532396,389,230602.16717490947,RSI(10/40/70) SL=10% TP=15%
AAPL,0.5968583409412296,0.20190958244650214,0.22581143797532396,389,220825.25806719254,RSI(10/40/70) SL=10% TP=20%
AAPL,0.5968583409412296,0.20190958244650214,0.22581143797532396,389,220825.25806719254,RSI(10/40/70) SL=10% TP=25%
AAPL,0.5968583409412296,0.20190958244650214,0.22581143797532396,389,220825.25806719254,RSI(10/40/70) SL=10% TP=30%
AAPL,0.5232351199004797,0.17257789941676208,0.2672830640387594,389,203272.80647637986,RSI(10/40/70) SL=12% TP=15%
AAPL,0.43354646995935925,0.1428666936182027,0.2672830640387594,389,185493.24364136893,RSI(10/40/70) SL=12% TP=20%
AAPL,0.45915409145251507,0.15852435497043932,0.2672830640387594,389,194862.98702199306,RSI(10/40/70) SL=12% TP=25%
AAPL,0.45915409145251507,0.15852435497043932,0.2672830640387594,389,194862.98702199306,RSI(10/40/70) SL=12% TP=30%
AAPL,0.3828736348383785,0.12500564831247724,0.24773809461929922,389,174804.96732349828,RSI(10/40/70) SL=15% TP=20%
AAPL,0.3828736348383785,0.12500564831247724,0.24773809461929922,389,174804.96732349828,RSI(10/40/70) SL=15% TP=25%
AAPL,0.3828736348383785,0.12500564831247724,0.24773809461929922,389,174804.96732349828,RSI(10/40/70) SL=15% TP=30%
AAPL,0.7558146832162874,0.2672804655395166,0.27411766997625414,389,259944.02461650438,RSI(10/40/75) SL=5% TP=8%
AAPL,0.7659643004456969,0.27022237946293565,0.25154660929720785,389,261704.50326591544,RSI(10/40/75) SL=5% TP=10%
AAPL,0.736253729505326,0.2669711341507066,0.24854445254575505,389,259758.91678542283,RSI(10/40/75) SL=5% TP=12%
AAPL,0.7149201761936108,0.2550431901383288,0.24854445254575505,389,252621.08362246025,RSI(10/40/75) SL=5% TP=15%
AAPL,0.633810008516639,0.2281860815784904,0.24854445254575505,389,236549.44881760457,RSI(10/40/75) SL=5% TP=20%
AAPL,0.6640833503252158,0.2481534458335747,0.24854445254575505,389,248498.17314167882,RSI(10/40/75) SL=5% TP=25%
AAPL,0.6642812743789441,0.24763664627943208,0.24854445254575505,389,248188.91372594587,RSI(10/40/75) SL=5% TP=30%
AAPL,0.9443999972422364,0.31668917324089624,0.2512565329230239,389,289510.8227171713,RSI(10/40/75) SL=8% TP=10%
AAPL,0.8202219735227615,0.27036672822595337,0.2317172548962965,389,261790.88339870545,RSI(10/40/75) SL=8% TP=12%
AAPL,0.9194937204077791,0.3186333383318766,0.2317172548962963,389,290674.23579542455,RSI(10/40/75) SL=8% TP=15%
AAPL,0.8304152137069811,0.2914283064161928,0.23171725489629633,389,274394.3992363566,RSI(10/40/75) SL=8% TP=20%
AAPL,0.8498704157954698,0.30232093530792525,0.23171725489629633,389,280912.6866842664,RSI(10/40/75) SL=8% TP=25%
AAPL,0.8498704157954698,0.30232093530792525,0.23171725489629633,389,280912.6866842664,RSI(10/40/75) SL=8% TP=30%
AAPL,0.7119293685061029,0.2449816993727391,0.21890324201649866,389,246600.15978336928,RSI(10/40/75) SL=10% TP=12%
AAPL,0.7481538440070576,0.2617520512283661,0.21295659881093948,389,256635.75129062546,RSI(10/40/75) SL=10% TP=15%
AAPL,0.6676086387891571,0.23622535819319837,0.21295659881093948,389,241360.2540298981,RSI(10/40/75) SL=10% TP=20%
AAPL,0.6855597388348863,0.24580663129381058,0.21295659881093948,389,247093.80952026445,RSI(10/40/75) SL=10% TP=25%
AAPL,0.6855597388348863,0.24580663129381058,0.21295659881093948,389,247093.80952026445,RSI(10/40/75) SL=10% TP=30%
AAPL,0.7342609582684037,0.22692366706235179,0.20873937225715702,389,235794.00394048673,RSI(10/40/75) SL=12% TP=15%
AAPL,0.7398229252900707,0.22907011081382744,0.2087393722571571,389,237078.4631377983,RSI(10/40/75) SL=12% TP=20%
AAPL,0.7398229252900707,0.22907011081382744,0.2087393722571571,389,237078.4631377983,RSI(10/40/75) SL=12% TP=25%
AAPL,0.7398229252900707,0.22907011081382744,0.2087393722571571,389,237078.4631377983,RSI(10/40/75) SL=12% TP=30%
AAPL,0.5059617684653648,0.16352368716368867,0.27628043653105666,389,197854.65089001687,RSI(10/40/75) SL=15% TP=20%
AAPL,0.5059617684653648,0.16352368716368867,0.27628043653105666,389,197854.65089001687,RSI(10/40/75) SL=15% TP=25%
AAPL,0.5059617684653648,0.16352368716368867,0.27628043653105666,389,197854.65089001687,RSI(10/40/75) SL=15% TP=30%
AAPL,0.8053676148659263,0.2825348437655033,0.2741176699762541,389,269072.438253325,RSI(10/40/80) SL=5% TP=8%
AAPL,0.826519751913956,0.28600051176075886,0.2515466092972078,389,271146.3379901684,RSI(10/40/80) SL=5% TP=10%
AAPL,0.8182617115820133,0.2926757674693196,0.24854445254575505,389,275140.895771323,RSI(10/40/80) SL=5% TP=12%
AAPL,0.6703957835754832,0.2299177811470788,0.27350624981336497,389,237585.71982928365,RSI(10/40/80) SL=5% TP=15%
AAPL,0.6182449637294039,0.2190369417384916,0.27350624981336474,389,231074.48735779576,RSI(10/40/80) SL=5% TP=20%
AAPL,0.6490996407456081,0.23854215928261513,0.273506249813365,389,242746.65722150143,RSI(10/40/80) SL=5% TP=25%
AAPL,0.649217653087041,0.2380373211076072,0.2735062498133647,389,242444.5556469332,RSI(10/40/80) SL=5% TP=30%
AAPL,0.9202184446522343,0.30386197371822404,0.31540431084984044,389,281834.8636377309,RSI(10/40/80) SL=8% TP=10%
AAPL,0.7966041577609074,0.2587677010702314,0.29753903910540086,389,254849.87825948768,RSI(10/40/80) SL=8% TP=12%
AAPL,0.8939939923873185,0.30464091761208184,0.29753903910540097,389,282300.99355516647,RSI(10/40/80) SL=8% TP=15%
AAPL,0.8370009340744735,0.29544224961413856,0.29753903910540086,389,276796.39381671464,RSI(10/40/80) SL=8% TP=20%
AAPL,0.8571518668955261,0.3064302304359271,0.29753903910540086,389,283371.7410703881,RSI(10/40/80) SL=8% TP=25%
AAPL,0.8571518668955261,0.3064302304359271,0.29753903910540086,389,283371.7410703881,RSI(10/40/80) SL=8% TP=30%
AAPL,0.8079693673133609,0.2748103169709701,0.2189032420164986,389,264449.98333024717,RSI(10/40/80) SL=10% TP=12%
AAPL,0.7162460911075397,0.24124128810328713,0.2257455908722822,389,244361.85018244325,RSI(10/40/80) SL=10% TP=15%
AAPL,0.6646202011433229,0.23178801633728416,0.22574559087228213,389,238704.89231612085,RSI(10/40/80) SL=10% TP=20%
AAPL,0.6828087300732196,0.24126387959789236,0.22574559087228213,389,244375.36921969114,RSI(10/40/80) SL=10% TP=25%
AAPL,0.6828087300732196,0.24126387959789236,0.22574559087228213,389,244375.36921969114,RSI(10/40/80) SL=10% TP=30%
AAPL,0.7023195907262487,0.208078611621653,0.22456225620510456,389,224516.88346248123,RSI(10/40/80) SL=12% TP=15%
AAPL,0.7340917208630483,0.22471148850525646,0.2245622562051046,389,234470.20820076458,RSI(10/40/80) SL=12% TP=20%
AAPL,0.7340917208630483,0.22471148850525646,0.2245622562051046,389,234470.20820076458,RSI(10/40/80) SL=12% TP=25%
AAPL,0.7340917208630483,0.22471148850525646,0.2245622562051046,389,234470.20820076458,RSI(10/40/80) SL=12% TP=30%
AAPL,0.46004396439311934,0.1490123621259817,0.3119185923498746,389,189170.8897166589,RSI(10/40/80) SL=15% TP=20%
AAPL,0.46004396439311934,0.1490123621259817,0.3119185923498746,389,189170.8897166589,RSI(10/40/80) SL=15% TP=25%
AAPL,0.46004396439311934,0.1490123621259817,0.3119185923498746,389,189170.8897166589,RSI(10/40/80) SL=15% TP=30%
AAPL,0.4392207429511689,0.1518142505712436,0.11239564420928241,69,190847.57534183943,RSI(14/25/65) SL=5% TP=8%
AAPL,0.4904711036335466,0.16885920753796743,0.11239564420928236,69,201047.49403462498,RSI(14/25/65) SL=5% TP=10%
AAPL,0.3276925518116471,0.11061885097481225,0.11239564420928236,69,166195.72510714954,RSI(14/25/65) SL=5% TP=12%
AAPL,0.3276925518116471,0.11061885097481225,0.11239564420928236,69,166195.72510714954,RSI(14/25/65) SL=5% TP=15%
AAPL,0.34670691940387915,0.12391431393850366,0.11239564420928236,69,174151.89897589822,RSI(14/25/65) SL=5% TP=20%
AAPL,0.34955328473494635,0.12638645441156693,0.11239564420928236,69,175631.25922723926,RSI(14/25/65) SL=5% TP=25%
AAPL,0.34955328473494635,0.12638645441156693,0.11239564420928236,69,175631.25922723926,RSI(14/25/65) SL=5% TP=30%
AAPL,0.4818349218065299,0.15616669116810675,0.17870276323504553,69,193452.13106408928,RSI(14/25/65) SL=8% TP=10%
AAPL,0.31477306619080175,0.10012659404988851,0.17870276323504558,69,159917.0253282666,RSI(14/25/65) SL=8% TP=12%
AAPL,0.31477306619080175,0.10012659404988851,0.17870276323504558,69,159917.0253282666,RSI(14/25/65) SL=8% TP=15%
AAPL,0.3334646158897607,0.11291976839985983,0.17870276323504558,69,167572.62331229707,RSI(14/25/65) SL=8% TP=20%
AAPL,0.3362325057745937,0.11529851400472427,0.17870276323504558,69,168996.09488854135,RSI(14/25/65) SL=8% TP=25%
AAPL,0.3362325057745937,0.11529851400472427,0.17870276323504558,69,168996.09488854135,RSI(14/25/65) SL=8% TP=30%
AAPL,0.25256228321181584,0.07713533137532431,0.21311225037503717,69,146158.7617912655,RSI(14/25/65) SL=10% TP=12%
AAPL,0.25256228321181584,0.07713533137532431,0.21311225037503717,69,146158.7617912655,RSI(14/25/65) SL=10% TP=15%
AAPL,0.2713728087429676,0.08882786078883308,0.21311225037503717,69,153155.71986887313,RSI(14/25/65) SL=10% TP=20%
AAPL,0.2742072982011309,0.09100195395689775,0.21311225037503717,69,154456.72482817533,RSI(14/25/65) SL=10% TP=25%
AAPL,0.2742072982011309,0.09100195395689775,0.21311225037503717,69,154456.72482817533,RSI(14/25/65) SL=10% TP=30%
AAPL,0.1778770145748728,0.058357259194657056,0.2324965528028214,69,134921.72494664398,RSI(14/25/65) SL=12% TP=15%
AAPL,0.19895480519408795,0.06915083884821878,0.2324965528028214,69,141380.74007266425,RSI(14/25/65) SL=12% TP=20%
AAPL,0.2023492370724489,0.07115778250889998,0.2324965528028214,69,142581.72064421474,RSI(14/25/65) SL=12% TP=25%
AAPL,0.2023492370724489,0.07115778250889998,0.2324965528028214,69,142581.72064421474,RSI(14/25/65) SL=12% TP=30%
AAPL,0.2753279629412448,0.08853760584702587,0.16951747811080775,69,152982.02762591865,RSI(14/25/65) SL=15% TP=20%
AAPL,0.2785285881029754,0.09070923339957791,0.16951747811080775,69,154281.55712958868,RSI(14/25/65) SL=15% TP=25%
AAPL,0.2785285881029754,0.09070923339957791,0.16951747811080775,69,154281.55712958868,RSI(14/25/65) SL=15% TP=30%
AAPL,0.4820054903022733,0.16614919022299776,0.11239564420928239,69,199425.78526042882,RSI(14/25/70) SL=5% TP=8%
AAPL,0.4373753510782807,0.14821839197374248,0.21688159175499128,69,188695.76789539828,RSI(14/25/70) SL=5% TP=10%
AAPL,0.2810544894384082,0.09355613986781124,0.22410044806482518,69,155985.18211137276,RSI(14/25/70) SL=5% TP=12%
AAPL,0.2185767678531689,0.06585988032284648,0.26875234841235984,69,139411.38870113195,RSI(14/25/70) SL=5% TP=15%
AAPL,0.24059568778412155,0.07701262780776326,0.26875234841235984,69,146085.33441829644,RSI(14/25/70) SL=5% TP=20%
AAPL,0.24601262865425463,0.08033952518125485,0.26875234841235984,69,148076.19205290964,RSI(14/25/70) SL=5% TP=25%
AAPL,0.24601262865425463,0.08033952518125485,0.26875234841235984,69,148076.19205290964,RSI(14/25/70) SL=5% TP=30%
AAPL,0.5914623813875748,0.18528714920719896,0.17870276323504564,69,210878.1829382762,RSI(14/25/70) SL=8% TP=10%
AAPL,0.40281801628638714,0.1241989937706519,0.17870276323504555,69,174322.2550024377,RSI(14/25/70) SL=8% TP=12%
AAPL,0.27685584066003704,0.08268450976385691,0.24972032079609988,69,149479.46060472072,RSI(14/25/70) SL=8% TP=15%
AAPL,0.29910055399435165,0.09464269118531841,0.24972032079609988,69,156635.3882172461,RSI(14/25/70) SL=8% TP=20%
AAPL,0.30445963162110357,0.09820985187075489,0.24972032079609988,69,158770.02246868983,RSI(14/25/70) SL=8% TP=25%
AAPL,0.30445963162110357,0.09820985187075489,0.24972032079609988,69,158770.02246868983,RSI(14/25/70) SL=8% TP=30%
AAPL,0.3374484271939602,0.10014708306873435,0.21311225037503723,69,159929.286217322,RSI(14/25/70) SL=10% TP=12%
AAPL,0.3374484271939602,0.10014708306873435,0.21311225037503723,69,159929.286217322,RSI(14/25/70) SL=10% TP=15%
AAPL,0.35696145333309937,0.11294123827544093,0.21311225037503723,69,167585.47115847815,RSI(14/25/70) SL=10% TP=20%
AAPL,0.36132853713475616,0.11675777239950325,0.21311225037503723,69,169869.33364224242,RSI(14/25/70) SL=10% TP=25%
AAPL,0.36132853713475616,0.11675777239950325,0.21311225037503723,69,169869.33364224242,RSI(14/25/70) SL=10% TP=30%
AAPL,0.2511723930552779,0.0795998121177093,0.23249655280282133,69,147633.53836250224,RSI(14/25/70) SL=12% TP=15%
AAPL,0.2732048841216044,0.09141032192614076,0.23249655280282133,69,154701.09740659533,RSI(14/25/70) SL=12% TP=20%
AAPL,0.27861714674922244,0.09493343173512787,0.23249655280282133,69,156809.37105419557,RSI(14/25/70) SL=12% TP=25%
AAPL,0.27861714674922244,0.09493343173512787,0.23249655280282133,69,156809.37105419557,RSI(14/25/70) SL=12% TP=30%
AAPL,0.21909876078476276,0.07103989457869239,0.2929732243808222,69,142511.17500978895,RSI(14/25/70) SL=15% TP=20%
AAPL,0.2253819419339215,0.07428539526992319,0.2929732243808222,69,144453.32383612863,RSI(14/25/70) SL=15% TP=25%
AAPL,0.2253819419339215,0.07428539526992319,0.2929732243808222,69,144453.32383612863,RSI(14/25/70) SL=15% TP=30%
AAPL,0.23033707210752394,0.07762644500449532,0.1622097337970974,69,146452.650423325,RSI(14/25/75) SL=5% TP=8%
AAPL,0.20166629173273298,0.06721552642361295,0.21688159175499128,69,140222.62454238426,RSI(14/25/75) SL=5% TP=10%
AAPL,0.10826153839092478,0.03639687227807923,0.21688159175499136,69,121780.35055370773,RSI(14/25/75) SL=5% TP=12%
AAPL,0.07013900753759265,0.022414219160106892,0.26194892687338767,69,113412.95337041318,RSI(14/25/75) SL=5% TP=15%
AAPL,0.0941486731551075,0.031487122329950976,0.26194892687338767,69,118842.2938387167,RSI(14/25/75) SL=5% TP=20%
AAPL,0.10680170755314354,0.03439156071161181,0.26194892687338767,69,120580.34664805976,RSI(14/25/75) SL=5% TP=25%
AAPL,0.10680170755314354,0.03439156071161181,0.26194892687338767,69,120580.34664805976,RSI(14/25/75) SL=5% TP=30%
AAPL,0.348767277236687,0.10837514960282853,0.17870276323504566,69,164853.0657147085,RSI(14/25/75) SL=8% TP=10%
AAPL,0.2157685833197437,0.06687785029619844,0.17870276323504553,69,140020.5548597886,RSI(14/25/75) SL=8% TP=12%
AAPL,0.1340679638098063,0.04196052083903133,0.24972032079609993,69,125109.708502087,RSI(14/25/75) SL=8% TP=15%
AAPL,0.15875047496348493,0.051969150692267964,0.24972032079609993,69,131098.99969997624,RSI(14/25/75) SL=8% TP=20%
AAPL,0.1745151318352069,0.055173136026333516,0.24972032079609993,69,133016.3052094091,RSI(14/25/75) SL=8% TP=25%
AAPL,0.1745151318352069,0.055173136026333516,0.24972032079609993,69,133016.3052094091,RSI(14/25/75) SL=8% TP=30%
AAPL,0.16723471871422796,0.050114425110202004,0.21311225037503723,69,129989.10835959707,RSI(14/25/75) SL=10% TP=12%
AAPL,0.19048552456883971,0.05923926425182558,0.21311225037503717,69,135449.52797291786,RSI(14/25/75) SL=10% TP=15%
AAPL,0.21455809455096259,0.07007506752806728,0.21311225037503717,69,141933.8102509228,RSI(14/25/75) SL=10% TP=20%
AAPL,0.23372492749314497,0.07354384949812585,0.21311225037503717,69,144009.57342983087,RSI(14/25/75) SL=10% TP=25%
AAPL,0.23372492749314497,0.07354384949812585,0.21311225037503717,69,144009.57342983087,RSI(14/25/75) SL=10% TP=30%
AAPL,0.12793856822422528,0.04183708471814026,0.23249655280282136,69,125035.84275990298,RSI(14/25/75) SL=12% TP=15%
AAPL,0.1518610170198688,0.05183980539868993,0.23249655280282136,69,131021.5978338192,RSI(14/25/75) SL=12% TP=20%
AAPL,0.1675959461758886,0.05504189907496581,0.23249655280282136,69,132937.7713512097,RSI(14/25/75) SL=12% TP=25%
AAPL,0.1675959461758886,0.05504189907496581,0.23249655280282136,69,132937.7713512097,RSI(14/25/75) SL=12% TP=30%
AAPL,0.0801541995500162,0.027178689209019852,0.2929732243808222,69,116264.07274888965,RSI(14/25/75) SL=15% TP=20%
AAPL,0.09151028773824825,0.03002011732684428,0.2929732243808222,69,117964.41941622269,RSI(14/25/75) SL=15% TP=25%
AAPL,0.09151028773824825,0.03002011732684428,0.2929732243808222,69,117964.41941622269,RSI(14/25/75) SL=15% TP=30%
AAPL,0.2295349023311747,0.07399168314715758,0.1622097337970975,69,144277.56277218796,RSI(14/25/80) SL=5% TP=8%
AAPL,0.20869972697012718,0.06764974404826504,0.17170571604703846,69,140482.46588285067,RSI(14/25/80) SL=5% TP=10%
AAPL,0.13060517280468936,0.043445692058624745,0.17170571604703855,69,125998.45381920878,RSI(14/25/80) SL=5% TP=12%
AAPL,0.10981163119171762,0.0359511787614387,0.21937285766769804,69,121513.64189374982,RSI(14/25/80) SL=5% TP=15%
AAPL,0.1607440019977045,0.05734052049946866,0.21937285766769823,69,134313.29560047569,RSI(14/25/80) SL=5% TP=20%
AAPL,0.2363867716814082,0.0886235382565279,0.21937285766769798,69,153033.45067096988,RSI(14/25/80) SL=5% TP=25%
AAPL,0.3129601994250137,0.11927763745251153,0.163475994937615,69,171377.25288824897,RSI(14/25/80) SL=5% TP=30%
AAPL,0.5257558547794032,0.1526952389017561,0.17870276323504555,69,191374.76994597152,RSI(14/25/80) SL=8% TP=10%
AAPL,0.3670227854177887,0.10711005012767609,0.17870276323504566,69,164096.01412402204,RSI(14/25/80) SL=8% TP=12%
AAPL,0.2848050719737761,0.08662066909918037,0.24972032079609993,69,151834.90833395396,RSI(14/25/80) SL=8% TP=15%
AAPL,0.34255913453593745,0.1133472875389199,0.24972032079609982,69,167828.45619392509,RSI(14/25/80) SL=8% TP=20%
AAPL,0.4341918133166824,0.1524363483186616,0.24972032079609982,69,191219.8465335483,RSI(14/25/80) SL=8% TP=25%
AAPL,0.3934834194299154,0.14211219537502814,0.2497203207960999,69,185041.74231172318,RSI(14/25/80) SL=8% TP=30%
AAPL,0.12284067403043394,0.03602495629765853,0.21365862851228506,69,121557.79130828136,RSI(14/25/80) SL=10% TP=12%
AAPL,0.16704809924045058,0.05208436354185628,0.21365862851228506,69,131167.9445321902,RSI(14/25/80) SL=10% TP=15%
AAPL,0.22069820912395438,0.07517309618906923,0.21365862851228531,69,144984.53533853826,RSI(14/25/80) SL=10% TP=20%
AAPL,0.30197693415331583,0.10894156098041653,0.2136586285122853,69,165192.0134755826,RSI(14/25/80) SL=10% TP=25%
AAPL,0.2696115993700462,0.10002267707215312,0.21365862851228523,69,159854.8400892091,RSI(14/25/80) SL=10% TP=30%
AAPL,0.19030835834481968,0.059327024575397576,0.2324965528028213,69,135502.04486496013,RSI(14/25/80) SL=12% TP=15%
AAPL,0.2449470650700554,0.08317866377120696,0.2324965528028214,69,149775.1686376905,RSI(14/25/80) SL=12% TP=20%
AAPL,0.3285666719146019,0.11806291881916973,0.23249655280282133,69,170650.34983305872,RSI(14/25/80) SL=12% TP=25%
AAPL,0.29468687350528117,0.1088493338095618,0.23249655280282136,69,165136.82356540445,RSI(14/25/80) SL=12% TP=30%
AAPL,0.16269288253940078,0.05498771741451309,0.29297322438082213,69,132905.3483575737,RSI(14/25/80) SL=15% TP=20%
AAPL,0.2413814674482631,0.085942809046286,0.29297322438082224,69,151429.26827055527,RSI(14/25/80) SL=15% TP=25%
AAPL,0.21286919135052418,0.07776698967340819,0.2929732243808222,69,146536.75413789664,RSI(14/25/80) SL=15% TP=30%
AAPL,0.46920622634259634,0.14689846105462798,0.17344628722293057,131,187905.9044723726,RSI(14/30/65) SL=5% TP=8%
AAPL,0.5446690852220409,0.17694180350910296,0.1734462872229305,131,205884.22209989175,RSI(14/30/65) SL=5% TP=10%
AAPL,0.37493446780788287,0.12022008365393635,0.1734462872229304,131,171941.2246627524,RSI(14/30/65) SL=5% TP=12%
AAPL,0.3884145509575971,0.12679377603784195,0.1734462872229304,131,175875.00566074034,RSI(14/30/65) SL=5% TP=15%
AAPL,0.39099169055697924,0.12800141899025505,0.1734462872229304,131,176597.67453861295,RSI(14/30/65) SL=5% TP=20%
AAPL,0.39099169055697924,0.12800141899025505,0.1734462872229304,131,176597.67453861295,RSI(14/30/65) SL=5% TP=25%
AAPL,0.39099169055697924,0.12800141899025505,0.1734462872229304,131,176597.67453861295,RSI(14/30/65) SL=5% TP=30%
AAPL,0.5925191361743728,0.17441275333820172,0.1528178164307783,131,204370.80636270167,RSI(14/30/65) SL=8% TP=10%
AAPL,0.6116861647425562,0.1807387490500117,0.15281781643077827,131,208156.36252675302,RSI(14/30/65) SL=8% TP=12%
AAPL,0.6263045415498663,0.18869702605825975,0.15281781643077827,131,212918.6965459745,RSI(14/30/65) SL=8% TP=15%
AAPL,0.6291180101082904,0.1901590289298715,0.15281781643077827,131,213793.5776294628,RSI(14/30/65) SL=8% TP=20%
AAPL,0.6291180101082904,0.1901590289298715,0.15281781643077827,131,213793.5776294628,RSI(14/30/65) SL=8% TP=25%
AAPL,0.6291180101082904,0.1901590289298715,0.15281781643077827,131,213793.5776294628,RSI(14/30/65) SL=8% TP=30%
AAPL,0.2963539251355255,0.09371878155370734,0.20039433245802699,131,156082.50896150424,RSI(14/30/65) SL=10% TP=12%
AAPL,0.3095477465896548,0.09968616024624373,0.20039433245802699,131,159653.46414735538,RSI(14/30/65) SL=10% TP=15%
AAPL,0.3120372199980114,0.10078241823970649,0.20039433245802699,131,160309.4788513799,RSI(14/30/65) SL=10% TP=20%
AAPL,0.3120372199980114,0.10078241823970649,0.20039433245802699,131,160309.4788513799,RSI(14/30/65) SL=10% TP=25%
AAPL,0.3120372199980114,0.10078241823970649,0.20039433245802699,131,160309.4788513799,RSI(14/30/65) SL=10% TP=30%
AAPL,0.4125000370221639,0.12682782475155324,0.20039433245802699,131,175895.3808433898,RSI(14/30/65) SL=12% TP=15%
AAPL,0.4150829530027427,0.12803560760983665,0.20039433245802699,131,176618.13344271178,RSI(14/30/65) SL=12% TP=20%
AAPL,0.4150829530027427,0.12803560760983665,0.20039433245802699,131,176618.13344271178,RSI(14/30/65) SL=12% TP=25%
AAPL,0.4150829530027427,0.12803560760983665,0.20039433245802699,131,176618.13344271178,RSI(14/30/65) SL=12% TP=30%
AAPL,0.5479259949902897,0.14874469585086494,0.1591961108806639,131,189010.7148186922,RSI(14/30/65) SL=15% TP=20%
AAPL,0.5479259949902897,0.14874469585086494,0.1591961108806639,131,189010.7148186922,RSI(14/30/65) SL=15% TP=25%
AAPL,0.5479259949902897,0.14874469585086494,0.1591961108806639,131,189010.7148186922,RSI(14/30/65) SL=15% TP=30%
AAPL,0.453568687446619,0.1349181829845621,0.18646925980215287,131,180736.75394473,RSI(14/30/70) SL=5% TP=8%
AAPL,0.5147379010702139,0.15927643276937714,0.18646925980215298,131,195313.03992707172,RSI(14/30/70) SL=5% TP=10%
AAPL,0.25198819426089825,0.07255499796859657,0.2544607745021337,131,143417.83211771573,RSI(14/30/70) SL=5% TP=12%
AAPL,0.1856963492864691,0.05030558864652887,0.2550617872195205,131,130103.50304720855,RSI(14/30/70) SL=5% TP=15%
AAPL,0.19140325042954218,0.05231016165948527,0.2550617872195205,131,131303.06499305705,RSI(14/30/70) SL=5% TP=20%
AAPL,0.19140325042954218,0.05231016165948527,0.2550617872195205,131,131303.06499305705,RSI(14/30/70) SL=5% TP=25%
AAPL,0.19140325042954218,0.05231016165948527,0.2550617872195205,131,131303.06499305705,RSI(14/30/70) SL=5% TP=30%
AAPL,0.36317689476093495,0.10135151394749682,0.22779758359668464,131,160650.0329495338,RSI(14/30/70) SL=8% TP=10%
AAPL,0.2754117776844363,0.0721815537240909,0.2287852484672224,131,143194.3583396544,RSI(14/30/70) SL=8% TP=12%
AAPL,0.16254901778220907,0.04277455560910518,0.29547217441457907,131,125596.83724544865,RSI(14/30/70) SL=8% TP=15%
AAPL,0.16840256207819612,0.044709692054766804,0.29547217441457907,131,126754.84746769379,RSI(14/30/70) SL=8% TP=20%
AAPL,0.16840256207819612,0.044709692054766804,0.29547217441457907,131,126754.84746769379,RSI(14/30/70) SL=8% TP=25%
AAPL,0.16840256207819612,0.044709692054766804,0.29547217441457907,131,126754.84746769379,RSI(14/30/70) SL=8% TP=30%
AAPL,0.042553211484347556,0.011586484184510049,0.3174427761888006,131,106933.49926596871,RSI(14/30/70) SL=10% TP=12%
AAPL,0.05640975556644238,0.015674787795746062,0.3174427761888006,131,109379.99206189884,RSI(14/30/70) SL=10% TP=15%
AAPL,0.06196669846574874,0.017360062789188054,0.3174427761888006,131,110388.4820182919,RSI(14/30/70) SL=10% TP=20%
AAPL,0.06196669846574874,0.017360062789188054,0.3174427761888006,131,110388.4820182919,RSI(14/30/70) SL=10% TP=25%
AAPL,0.06196669846574874,0.017360062789188054,0.3174427761888006,131,110388.4820182919,RSI(14/30/70) SL=10% TP=30%
AAPL,0.139132390154085,0.03347927310562687,0.24083532436156077,131,120034.42216003386,RSI(14/30/70) SL=12% TP=15%
AAPL,0.14519138104902626,0.03532870650021052,0.24083532436156077,131,121141.1465882212,RSI(14/30/70) SL=12% TP=20%
AAPL,0.14519138104902626,0.03532870650021052,0.24083532436156077,131,121141.1465882212,RSI(14/30/70) SL=12% TP=25%
AAPL,0.14519138104902626,0.03532870650021052,0.24083532436156077,131,121141.1465882212,RSI(14/30/70) SL=12% TP=30%
AAPL,0.1997226038968391,0.049647617836257395,0.25740569220152965,131,129709.7649591572,RSI(14/30/70) SL=15% TP=20%
AAPL,0.1997226038968391,0.049647617836257395,0.25740569220152965,131,129709.7649591572,RSI(14/30/70) SL=15% TP=25%
AAPL,0.1997226038968391,0.049647617836257395,0.25740569220152965,131,129709.7649591572,RSI(14/30/70) SL=15% TP=30%
AAPL,0.24346117264458317,0.07812385466469773,0.1866593262224557,131,146750.30668030324,RSI(14/30/75) SL=5% TP=8%
AAPL,0.3119954182792679,0.10435869358567985,0.18665932622245576,131,162449.56743143065,RSI(14/30/75) SL=5% TP=10%
AAPL,0.15811876055820218,0.051113053543825566,0.1866593262224556,131,130586.7002952734,RSI(14/30/75) SL=5% TP=12%
AAPL,0.10070114050143011,0.030854227259915996,0.18665932622245573,131,118463.56139204497,RSI(14/30/75) SL=5% TP=15%
AAPL,0.11101973835796847,0.03287593322790688,0.18665932622245573,131,119673.37591574746,RSI(14/30/75) SL=5% TP=20%
AAPL,0.11101973835796847,0.03287593322790688,0.18665932622245573,131,119673.37591574746,RSI(14/30/75) SL=5% TP=25%
AAPL,0.11101973835796847,0.03287593322790688,0.18665932622245573,131,119673.37591574746,RSI(14/30/75) SL=5% TP=30%
AAPL,0.23699998388203408,0.07186283893036521,0.2277975835966846,131,143003.63535991695,RSI(14/30/75) SL=8% TP=10%
AAPL,0.21512711624599715,0.06375245752829167,0.22779758359668462,131,138150.28013994597,RSI(14/30/75) SL=8% TP=12%
AAPL,0.11936822009274056,0.03538133261271539,0.29456991290795703,131,121172.63872221223,RSI(14/30/75) SL=8% TP=15%
AAPL,0.13026494589989177,0.03744927185059783,0.29456991290795703,131,122410.11982170695,RSI(14/30/75) SL=8% TP=20%
AAPL,0.13026494589989177,0.03744927185059783,0.29456991290795703,131,122410.11982170695,RSI(14/30/75) SL=8% TP=25%
AAPL,0.13026494589989177,0.03744927185059783,0.29456991290795703,131,122410.11982170695,RSI(14/30/75) SL=8% TP=30%
AAPL,0.005577635275224852,0.00159801818430055,0.2776966218619466,131,100956.27437377986,RSI(14/30/75) SL=10% TP=12%
AAPL,0.02452152553723189,0.0071945007632303205,0.2776966218619466,131,104305.28061545687,RSI(14/30/75) SL=10% TP=15%
AAPL,0.03157280139011732,0.00897458069528099,0.2776966218619466,131,105370.50305098562,RSI(14/30/75) SL=10% TP=20%
AAPL,0.03157280139011732,0.00897458069528099,0.2776966218619466,131,105370.50305098562,RSI(14/30/75) SL=10% TP=25%
AAPL,0.03157280139011732,0.00897458069528099,0.2776966218619466,131,105370.50305098562,RSI(14/30/75) SL=10% TP=30%
AAPL,0.0454013639722799,0.012341827862956303,0.19662822303027697,131,107385.5065148167,RSI(14/30/75) SL=12% TP=15%
AAPL,0.053693323431784595,0.014174475107776583,0.19662822303027697,131,108482.18589782821,RSI(14/30/75) SL=12% TP=20%
AAPL,0.053693323431784595,0.014174475107776583,0.19662822303027697,131,108482.18589782821,RSI(14/30/75) SL=12% TP=25%
AAPL,0.053693323431784595,0.014174475107776583,0.19662822303027697,131,108482.18589782821,RSI(14/30/75) SL=12% TP=30%
AAPL,0.11555439312450097,0.0309253051960238,0.25740569220152965,131,118506.09533158885,RSI(14/30/75) SL=15% TP=20%
AAPL,0.11555439312450097,0.0309253051960238,0.25740569220152965,131,118506.09533158885,RSI(14/30/75) SL=15% TP=25%
AAPL,0.11555439312450097,0.0309253051960238,0.25740569220152965,131,118506.09533158885,RSI(14/30/75) SL=15% TP=30%
AAPL,0.233381452898296,0.07449796173139027,0.1866593262224556,131,144580.5263059272,RSI(14/30/80) SL=5% TP=8%
AAPL,0.3217754364779001,0.10738826670911797,0.1866593262224558,131,164262.50245926584,RSI(14/30/80) SL=5% TP=10%
AAPL,0.18496510869161795,0.06051682696423734,0.18665932622245576,131,136214.0377230436,RSI(14/30/80) SL=5% TP=12%
AAPL,0.1676613105054627,0.05413546252543827,0.1866593262224558,131,132395.34820966702,RSI(14/30/80) SL=5% TP=15%
AAPL,0.2839781703455914,0.09887106619635197,0.18665932622245585,131,159165.70151749952,RSI(14/30/80) SL=5% TP=20%
AAPL,0.34572929831557225,0.13000087857032563,0.18665932622245562,131,177794.1765412901,RSI(14/30/80) SL=5% TP=25%
AAPL,0.43888493163308345,0.14541078108476896,0.18665932622245568,131,187015.65788723476,RSI(14/30/80) SL=5% TP=30%
AAPL,0.3110706506294708,0.09553445399556967,0.18415984568672067,131,157169.03040687265,RSI(14/30/80) SL=8% TP=10%
AAPL,0.23752815115556164,0.06967377048826982,0.18415984568672047,131,141693.66900647257,RSI(14/30/80) SL=8% TP=12%
AAPL,0.16390426822901805,0.04910534819512139,0.25470552942453667,131,129385.26391993773,RSI(14/30/80) SL=8% TP=15%
AAPL,0.27488109304820796,0.08895833222446818,0.25470552942453667,131,153233.7956327373,RSI(14/30/80) SL=8% TP=20%
AAPL,0.33862500868638173,0.11892797557049054,0.2547055294245367,131,171168.0107778967,RSI(14/30/80) SL=8% TP=25%
AAPL,0.416478897907045,0.13146478407313145,0.17848733419112503,131,178670.19618344534,RSI(14/30/80) SL=8% TP=30%
AAPL,0.06259121734863317,0.018190299280988597,0.23687871604202043,131,110885.30607767095,RSI(14/30/80) SL=10% TP=12%
AAPL,0.10337536446467459,0.03128273426366496,0.23687871604202043,131,118719.98542444712,RSI(14/30/80) SL=10% TP=15%
AAPL,0.2071171597099531,0.06785062105185807,0.23687871604202035,131,140602.67323261983,RSI(14/30/80) SL=10% TP=20%
AAPL,0.2675203968635037,0.09534985483954264,0.23687871604202046,131,157058.5639277898,RSI(14/30/80) SL=10% TP=25%
AAPL,0.26266512971330985,0.08252681676950704,0.23687871604202046,131,149385.09511445105,RSI(14/30/80) SL=10% TP=30%
AAPL,0.130737732730175,0.037141407905579966,0.17188051379772754,131,122225.89012762484,RSI(14/30/80) SL=12% TP=15%
AAPL,0.23978698893883568,0.07478917628083408,0.1718805137977275,131,144754.7927902769,RSI(14/30/80) SL=12% TP=20%
AAPL,0.30166342038597255,0.10310048642386313,0.17188051379772748,131,161696.64028856572,RSI(14/30/80) SL=12% TP=25%
AAPL,0.29916813995876734,0.08989877285687527,0.17188051379772754,131,153796.56724927298,RSI(14/30/80) SL=12% TP=30%
AAPL,0.25591341254945127,0.07722378512059173,0.21544113072285134,131,146211.69363565568,RSI(14/30/80) SL=15% TP=20%
AAPL,0.3199729211620797,0.10582003761949092,0.21544113072285134,131,163324.05425801282,RSI(14/30/80) SL=15% TP=25%
AAPL,0.2508814716378768,0.07851296731868575,0.21544113072285134,131,146983.15663356273,RSI(14/30/80) SL=15% TP=30%
AAPL,0.49006963700557843,0.16941555915663867,0.20607578329279339,224,201380.42190802027,RSI(14/35/65) SL=5% TP=8%
AAPL,0.6984955602083668,0.2614243246920175,0.18799367173084044,224,256439.63556966762,RSI(14/35/65) SL=5% TP=10%
AAPL,0.5655742364508795,0.20582456385340295,0.18799367173084056,224,223168.03265513162,RSI(14/35/65) SL=5% TP=12%
AAPL,0.6138632143844962,0.22876716690703172,0.18799367173084047,224,236897.177657065,RSI(14/35/65) SL=5% TP=15%
AAPL,0.6223294803933604,0.23313605200367254,0.18799367173084042,224,239511.5739768009,RSI(14/35/65) SL=5% TP=20%
AAPL,0.6223294803933604,0.23313605200367254,0.18799367173084042,224,239511.5739768009,RSI(14/35/65) SL=5% TP=25%
AAPL,0.6223294803933604,0.23313605200367254,0.18799367173084042,224,239511.5739768009,RSI(14/35/65) SL=5% TP=30%
AAPL,0.5586891884213409,0.19603126515393504,0.24937613301426348,224,217307.59835402147,RSI(14/35/65) SL=8% TP=10%
AAPL,0.567526604705103,0.19899921175737634,0.2493761330142635,224,219083.65528973157,RSI(14/35/65) SL=8% TP=12%
AAPL,0.5926764582965336,0.2098020135202245,0.24937613301426345,224,225548.18904305497,RSI(14/35/65) SL=8% TP=15%
AAPL,0.5979363561469574,0.21254269071202467,0.2493761330142635,224,227188.24507687823,RSI(14/35/65) SL=8% TP=20%
AAPL,0.5979363561469574,0.21254269071202467,0.2493761330142635,224,227188.24507687823,RSI(14/35/65) SL=8% TP=25%
AAPL,0.5979363561469574,0.21254269071202467,0.2493761330142635,224,227188.24507687823,RSI(14/35/65) SL=8% TP=30%
AAPL,0.9235533290127215,0.30158167112125583,0.19324504880878424,224,280470.30160748167,RSI(14/35/65) SL=10% TP=12%
AAPL,0.9544475072612917,0.31541138865369794,0.1932450488087842,224,288746.1801943557,RSI(14/35/65) SL=10% TP=15%
AAPL,0.960456109346752,0.31891999616518185,0.193245048808784,224,290845.7754829739,RSI(14/35/65) SL=10% TP=20%
AAPL,0.960456109346752,0.31891999616518185,0.193245048808784,224,290845.7754829739,RSI(14/35/65) SL=10% TP=25%
AAPL,0.960456109346752,0.31891999616518185,0.193245048808784,224,290845.7754829739,RSI(14/35/65) SL=10% TP=30%
AAPL,0.8369927227326384,0.27280417007094543,0.2174884003831412,224,263249.47955039114,RSI(14/35/65) SL=12% TP=15%
AAPL,0.8426035424193273,0.27600296252154344,0.21748840038314124,224,265163.6775724157,RSI(14/35/65) SL=12% TP=20%
AAPL,0.8426035424193273,0.27600296252154344,0.21748840038314124,224,265163.6775724157,RSI(14/35/65) SL=12% TP=25%
AAPL,0.8426035424193273,0.27600296252154344,0.21748840038314124,224,265163.6775724157,RSI(14/35/65) SL=12% TP=30%
AAPL,1.0918246727440994,0.3310342275978244,0.1591961108806639,224,298095.0854037775,RSI(14/35/65) SL=15% TP=20%
AAPL,1.0918246727440994,0.3310342275978244,0.1591961108806639,224,298095.0854037775,RSI(14/35/65) SL=15% TP=25%
AAPL,1.0918246727440994,0.3310342275978244,0.1591961108806639,224,298095.0854037775,RSI(14/35/65) SL=15% TP=30%
AAPL,0.55451214435221,0.18783824960021817,0.20911603399934325,224,212404.79380838454,RSI(14/35/70) SL=5% TP=8%
AAPL,0.6037625250025821,0.21495798282289363,0.241377707412921,224,228633.58654639826,RSI(14/35/70) SL=5% TP=10%
AAPL,0.3114835873260045,0.10253921961967237,0.37807091980922314,224,161360.77110574045,RSI(14/35/70) SL=5% TP=12%
AAPL,0.34266328227749143,0.11475800854406623,0.37514165971593433,224,168672.64955732218,RSI(14/35/70) SL=5% TP=15%
AAPL,0.2668666282546999,0.08622740001329604,0.3751416597159344,224,151599.57111906764,RSI(14/35/70) SL=5% TP=20%
AAPL,0.2668666282546999,0.08622740001329604,0.3751416597159344,224,151599.57111906764,RSI(14/35/70) SL=5% TP=25%
AAPL,0.2668666282546999,0.08622740001329604,0.3751416597159344,224,151599.57111906764,RSI(14/35/70) SL=5% TP=30%
AAPL,0.6755240292559267,0.23349788195573365,0.18109417475272,224,239728.09761478027,RSI(14/35/70) SL=8% TP=10%
AAPL,0.6873298040418584,0.23746003139668068,0.18109417475272008,224,242099.09815325175,RSI(14/35/70) SL=8% TP=12%
AAPL,0.6250710528857468,0.20899179862844114,0.24167602954404155,224,225063.34616336875,RSI(14/35/70) SL=8% TP=15%
AAPL,0.5347451562817233,0.1738990468006377,0.24167602954404155,224,204063.39784736573,RSI(14/35/70) SL=8% TP=20%
AAPL,0.5347451562817233,0.1738990468006377,0.24167602954404155,224,204063.39784736573,RSI(14/35/70) SL=8% TP=25%
AAPL,0.5347451562817233,0.1738990468006377,0.24167602954404155,224,204063.39784736573,RSI(14/35/70) SL=8% TP=30%
AAPL,0.6981337587662687,0.22300935444640987,0.2800652331140592,224,233451.62956555004,RSI(14/35/70) SL=10% TP=12%
AAPL,0.6180319515756275,0.18921542721682214,0.2800652331140591,224,213228.91438213008,RSI(14/35/70) SL=10% TP=15%
AAPL,0.5187598009130923,0.1531482242669436,0.2800652331140592,224,191645.84214069482,RSI(14/35/70) SL=10% TP=20%
AAPL,0.5187598009130923,0.1531482242669436,0.2800652331140592,224,191645.84214069482,RSI(14/35/70) SL=10% TP=25%
AAPL,0.5187598009130923,0.1531482242669436,0.2800652331140592,224,191645.84214069482,RSI(14/35/70) SL=10% TP=30%
AAPL,0.6662175250538253,0.20918860256566627,0.34025996540649867,224,225181.11613850188,RSI(14/35/70) SL=12% TP=15%
AAPL,0.5641742353170488,0.171099710917076,0.34025996540649883,224,202388.23970752006,RSI(14/35/70) SL=12% TP=20%
AAPL,0.5641742353170488,0.171099710917076,0.34025996540649883,224,202388.23970752006,RSI(14/35/70) SL=12% TP=25%
AAPL,0.5641742353170488,0.171099710917076,0.34025996540649883,224,202388.23970752006,RSI(14/35/70) SL=12% TP=30%
AAPL,0.7763095317395479,0.22343779222214322,0.23530951111266152,224,233708.0121710286,RSI(14/35/70) SL=15% TP=20%
AAPL,0.7763095317395479,0.22343779222214322,0.23530951111266152,224,233708.0121710286,RSI(14/35/70) SL=15% TP=25%
AAPL,0.7763095317395479,0.22343779222214322,0.23530951111266152,224,233708.0121710286,RSI(14/35/70) SL=15% TP=30%
AAPL,0.5121220199772025,0.1783999887096396,0.19764290394764722,224,206756.81864053037,RSI(14/35/75) SL=5% TP=8%
AAPL,0.6136337487173426,0.22504931304889025,0.241377707412921,224,234672.36669751053,RSI(14/35/75) SL=5% TP=10%
AAPL,0.35396159791790444,0.12210958886013651,0.3690487705095692,224,173071.92857185946,RSI(14/35/75) SL=5% TP=12%
AAPL,0.5338209846659784,0.18321428343726864,0.3226371470235125,224,209637.7537394449,RSI(14/35/75) SL=5% TP=15%
AAPL,0.4172280768833467,0.14056341781264764,0.3226371470235124,224,184114.93415137802,RSI(14/35/75) SL=5% TP=20%
AAPL,0.4172280768833467,0.14056341781264764,0.3226371470235124,224,184114.93415137802,RSI(14/35/75) SL=5% TP=25%
AAPL,0.4435917816146394,0.15512345409692258,0.3226371470235125,224,192827.8447532378,RSI(14/35/75) SL=5% TP=30%
AAPL,0.5398929524678258,0.19377512608966252,0.18245171226272194,224,215957.49608857583,RSI(14/35/75) SL=8% TP=10%
AAPL,0.5952902079658887,0.2157862149340907,0.18245171226272203,224,229129.21115897174,RSI(14/35/75) SL=8% TP=12%
AAPL,0.4145967088421949,0.1432655592516653,0.24167602954404152,224,185731.92990139336,RSI(14/35/75) SL=8% TP=15%
AAPL,0.3493473452698791,0.12136386927098763,0.2416760295440415,224,172625.68050025767,RSI(14/35/75) SL=8% TP=20%
AAPL,0.3493473452698791,0.12136386927098763,0.2416760295440415,224,172625.68050025767,RSI(14/35/75) SL=8% TP=25%
AAPL,0.37530606441083,0.13501532119294257,0.24167602954404147,224,180794.88268212596,RSI(14/35/75) SL=8% TP=30%
AAPL,0.6151862754865659,0.2006716097530469,0.2800652331140591,224,220084.43948714077,RSI(14/35/75) SL=10% TP=12%
AAPL,0.522744184456691,0.15304167918461492,0.2800652331140592,224,191582.0842104759,RSI(14/35/75) SL=10% TP=15%
AAPL,0.4240567182954113,0.12424942529901728,0.28006523311405923,224,174352.43386941194,RSI(14/35/75) SL=10% TP=20%
AAPL,0.4240567182954113,0.12424942529901728,0.28006523311405923,224,174352.43386941194,RSI(14/35/75) SL=10% TP=25%
AAPL,0.4480702984982506,0.13803743100909785,0.2800652331140591,224,182603.35157211093,RSI(14/35/75) SL=10% TP=30%
AAPL,0.6934206511083161,0.21902219876153348,0.3085778902414006,224,231065.66497317163,RSI(14/35/75) SL=12% TP=15%
AAPL,0.5526136166877624,0.17201181799069581,0.3085778902414005,224,202934.05616268623,RSI(14/35/75) SL=12% TP=20%
AAPL,0.5526136166877624,0.17201181799069581,0.3085778902414005,224,202934.05616268623,RSI(14/35/75) SL=12% TP=25%
AAPL,0.5793642313132978,0.18806009367600462,0.3085778902414004,224,212537.54812040276,RSI(14/35/75) SL=12% TP=30%
AAPL,0.585899781870489,0.18241959050822312,0.23530951111266143,224,209162.19939936526,RSI(14/35/75) SL=15% TP=20%
AAPL,0.585899781870489,0.18241959050822312,0.23530951111266143,224,209162.19939936526,RSI(14/35/75) SL=15% TP=25%
AAPL,0.6128671862255577,0.19896039544938882,0.23530951111266157,224,219060.42711812633,RSI(14/35/75) SL=15% TP=30%
AAPL,0.5371488908554182,0.18105012606603102,0.18799367173084047,224,208342.69448713283,RSI(14/35/80) SL=5% TP=8%
AAPL,0.6437599791954035,0.2292575338429966,0.24137770741292103,224,237190.61945842812,RSI(14/35/80) SL=5% TP=10%
AAPL,0.40246117501588596,0.13714585549093936,0.3258125419026116,224,182069.821460451,RSI(14/35/80) SL=5% TP=12%
AAPL,0.626566288140454,0.2139998772917161,0.3082188843080763,224,228060.24403012218,RSI(14/35/80) SL=5% TP=15%
AAPL,0.5829597141956637,0.21032820071407116,0.28435886399791876,224,225863.066141595,RSI(14/35/80) SL=5% TP=20%
AAPL,0.7018431397499546,0.27571920116429083,0.28435886399791915,224,264993.8711729169,RSI(14/35/80) SL=5% TP=25%
AAPL,0.730911158043636,0.29474454133870226,0.19473239565204625,224,276378.87632490596,RSI(14/35/80) SL=5% TP=30%
AAPL,0.5731479417825965,0.20042194672565689,0.18245171226272203,224,219935.03796122642,RSI(14/35/80) SL=8% TP=10%
AAPL,0.619327714444898,0.21904752199271166,0.18245171226272194,224,231080.8187162735,RSI(14/35/80) SL=8% TP=12%
AAPL,0.5302114130492074,0.1834727777124494,0.22553443839920453,224,209792.43999618007,RSI(14/35/80) SL=8% TP=15%
AAPL,0.6315858994924732,0.23532735405458927,0.19882257302712117,224,240822.87695012722,RSI(14/35/80) SL=8% TP=20%
AAPL,0.7565771219065426,0.30538505501474195,0.1988225730271211,224,282746.2948262821,RSI(14/35/80) SL=8% TP=25%
AAPL,0.7992460957922811,0.3103423285479849,0.19882257302712095,224,285712.7902580798,RSI(14/35/80) SL=8% TP=30%
AAPL,0.6775987244974361,0.2181103705568782,0.23938117929308372,224,230520.01539673505,RSI(14/35/80) SL=10% TP=12%
AAPL,0.5721119106059795,0.1665035340294186,0.23938117929308372,224,199637.82909379492,RSI(14/35/80) SL=10% TP=15%
AAPL,0.6154514911245396,0.199127547217908,0.23938117929308364,224,219160.45285897033,RSI(14/35/80) SL=10% TP=20%
AAPL,0.7375949100229944,0.26199642257061273,0.23938117929308375,224,256781.98620495398,RSI(14/35/80) SL=10% TP=25%
AAPL,0.8694307323339576,0.31768798820361577,0.14364021043182096,224,290108.5262742272,RSI(14/35/80) SL=10% TP=30%
AAPL,0.8241771494849799,0.2589730980526044,0.2695051080668344,224,254972.79042195532,RSI(14/35/80) SL=12% TP=15%
AAPL,0.7280664588639638,0.2407991095926976,0.26950510806683464,224,244097.24494674124,RSI(14/35/80) SL=12% TP=20%
AAPL,0.8559965421453386,0.31146919889451935,0.2695051080668346,224,286387.1237829108,RSI(14/35/80) SL=12% TP=25%
AAPL,0.6769719981846082,0.262994583371328,0.2695051080668347,224,257379.29830315977,RSI(14/35/80) SL=12% TP=30%
AAPL,0.7610068774874328,0.253317996986956,0.19209627786258682,224,251588.70613346418,RSI(14/35/80) SL=15% TP=20%
AAPL,0.8918748969946326,0.3261569851273632,0.19209627786258682,224,295176.48157621577,RSI(14/35/80) SL=15% TP=25%
AAPL,0.8585986512256655,0.3209130589118804,0.19209627786258665,224,292038.4495393316,RSI(14/35/80) SL=15% TP=30%
AAPL,0.5634421388380512,0.19001560620654748,0.1999447121122282,335,213707.75165058477,RSI(14/40/65) SL=5% TP=8%
AAPL,0.6165966682662867,0.21524850170924148,0.20949182134584612,335,228807.43673711753,RSI(14/40/65) SL=5% TP=10%
AAPL,0.6835313987821774,0.22399503021043007,0.17764961016543224,335,234041.47045925734,RSI(14/40/65) SL=5% TP=12%
AAPL,0.6380563418668551,0.21232092100989616,0.1776496101654323,335,227055.53527100134,RSI(14/40/65) SL=5% TP=15%
AAPL,0.6466692450535237,0.2165083054015807,0.17764961016543224,335,229561.3192641205,RSI(14/40/65) SL=5% TP=20%
AAPL,0.6466692450535237,0.2165083054015807,0.17764961016543224,335,229561.3192641205,RSI(14/40/65) SL=5% TP=25%
AAPL,0.6466692450535237,0.2165083054015807,0.17764961016543224,335,229561.3192641205,RSI(14/40/65) SL=5% TP=30%
AAPL,0.3745012642383675,0.13137859071889638,0.33098934949878456,335,178618.61698575228,RSI(14/40/65) SL=8% TP=10%
AAPL,0.3816853667844516,0.13381813043867452,0.3309893494987846,335,180078.46853234968,RSI(14/40/65) SL=8% TP=12%
AAPL,0.33157697670333447,0.11603157281391367,0.33098934949878456,335,169434.76658864357,RSI(14/40/65) SL=8% TP=15%
AAPL,0.3361405693663544,0.11809040557270303,0.33098934949878445,335,170666.79825541118,RSI(14/40/65) SL=8% TP=20%
AAPL,0.3361405693663544,0.11809040557270303,0.33098934949878445,335,170666.79825541118,RSI(14/40/65) SL=8% TP=25%
AAPL,0.3361405693663544,0.11809040557270303,0.33098934949878445,335,170666.79825541118,RSI(14/40/65) SL=8% TP=30%
AAPL,0.7655130485058613,0.2404189216107523,0.18795216235068687,335,243869.73563056128,RSI(14/40/65) SL=10% TP=12%
AAPL,0.6897469697422353,0.2163316271047521,0.18795216235068665,335,229455.59272776436,RSI(14/40/65) SL=10% TP=15%
AAPL,0.6952320384930645,0.2191197838715526,0.1879521623506869,335,231124.06114218305,RSI(14/40/65) SL=10% TP=20%
AAPL,0.6952320384930645,0.2191197838715526,0.1879521623506869,335,231124.06114218305,RSI(14/40/65) SL=10% TP=25%
AAPL,0.6952320384930645,0.2191197838715526,0.1879521623506869,335,231124.06114218305,RSI(14/40/65) SL=10% TP=30%
AAPL,0.5074351363171097,0.16349931268910556,0.2849748460419244,335,197840.06489490918,RSI(14/40/65) SL=12% TP=15%
AAPL,0.5125132678385026,0.165903303409591,0.28497484604192436,335,199278.64346891397,RSI(14/40/65) SL=12% TP=20%
AAPL,0.5125132678385026,0.165903303409591,0.28497484604192436,335,199278.64346891397,RSI(14/40/65) SL=12% TP=25%
AAPL,0.5125132678385026,0.165903303409591,0.28497484604192436,335,199278.64346891397,RSI(14/40/65) SL=12% TP=30%
AAPL,0.7475889464871286,0.20523942528297323,0.1788516385359031,335,222817.8783042554,RSI(14/40/65) SL=15% TP=20%
AAPL,0.7475889464871286,0.20523942528297323,0.1788516385359031,335,222817.8783042554,RSI(14/40/65) SL=15% TP=25%
AAPL,0.7475889464871286,0.20523942528297323,0.1788516385359031,335,222817.8783042554,RSI(14/40/65) SL=15% TP=30%
AAPL,0.6122718988062072,0.20149434971832378,0.1999447121122283,335,220576.7775298541,RSI(14/40/70) SL=5% TP=8%
AAPL,0.4388140005487142,0.1437711675712454,0.3552231365549259,335,186034.4923402532,RSI(14/40/70) SL=5% TP=10%
AAPL,0.384099428659596,0.11306909534977803,0.35522313655492593,335,167661.98245534336,RSI(14/40/70) SL=5% TP=12%
AAPL,0.31194828685301007,0.09063888166254225,0.3521862643530566,335,154239.45775679115,RSI(14/40/70) SL=5% TP=15%
AAPL,0.32855561273018763,0.09760331265997478,0.35218626435305656,335,158407.0617028738,RSI(14/40/70) SL=5% TP=20%
AAPL,0.32855561273018763,0.09760331265997478,0.35218626435305656,335,158407.0617028738,RSI(14/40/70) SL=5% TP=25%
AAPL,0.32855561273018763,0.09760331265997478,0.35218626435305656,335,158407.0617028738,RSI(14/40/70) SL=5% TP=30%
AAPL,0.4592454559643431,0.1608575990061231,0.33098934949878456,335,196259.22988144192,RSI(14/40/70) SL=8% TP=10%
AAPL,0.3715999225720523,0.12559177341942002,0.32925860035304666,335,175155.71203035134,RSI(14/40/70) SL=8% TP=12%
AAPL,0.20690144056160828,0.06509058369919615,0.38596014428450753,335,138951.03183269358,RSI(14/40/70) SL=8% TP=15%
AAPL,0.22272663082365085,0.07136469077461609,0.3859601442845075,335,142705.5371778258,RSI(14/40/70) SL=8% TP=20%
AAPL,0.22272663082365085,0.07136469077461609,0.3859601442845075,335,142705.5371778258,RSI(14/40/70) SL=8% TP=25%
AAPL,0.22272663082365085,0.07136469077461609,0.3859601442845075,335,142705.5371778258,RSI(14/40/70) SL=8% TP=30%
AAPL,0.6585379862417318,0.20628933174577668,0.18412745081936902,335,223446.15566374254,RSI(14/40/70) SL=10% TP=12%
AAPL,0.5796441014140943,0.16608590792006475,0.17911969669788919,335,199387.9163267689,RSI(14/40/70) SL=10% TP=15%
AAPL,0.6052904965198372,0.1781018439911882,0.17911969669788927,335,206578.40505504436,RSI(14/40/70) SL=10% TP=20%
AAPL,0.6052904965198372,0.1781018439911882,0.17911969669788927,335,206578.40505504436,RSI(14/40/70) SL=10% TP=25%
AAPL,0.6052904965198372,0.1781018439911882,0.17911969669788927,335,206578.40505504436,RSI(14/40/70) SL=10% TP=30%
AAPL,0.22531223611146997,0.06821569302519166,0.4280688575289588,335,140821.13693729724,RSI(14/40/70) SL=12% TP=15%
AAPL,0.24156242376922177,0.07457424164461336,0.42806885752895896,335,144626.1731746337,RSI(14/40/70) SL=12% TP=20%
AAPL,0.24156242376922177,0.07457424164461336,0.42806885752895896,335,144626.1731746337,RSI(14/40/70) SL=12% TP=25%
AAPL,0.24156242376922177,0.07457424164461336,0.42806885752895896,335,144626.1731746337,RSI(14/40/70) SL=12% TP=30%
AAPL,0.5694401398133974,0.15303323999163565,0.24595925342851196,335,191577.03409023277,RSI(14/40/70) SL=15% TP=20%
AAPL,0.5694401398133974,0.15303323999163565,0.24595925342851196,335,191577.03409023277,RSI(14/40/70) SL=15% TP=25%
AAPL,0.5694401398133974,0.15303323999163565,0.24595925342851196,335,191577.03409023277,RSI(14/40/70) SL=15% TP=30%
AAPL,0.4916787525074741,0.16418625362290182,0.19994471211222825,335,198251.13907275235,RSI(14/40/75) SL=5% TP=8%
AAPL,0.358356638724367,0.11929906260155242,0.3520787724664332,335,171390.0739695004,RSI(14/40/75) SL=5% TP=10%
AAPL,0.38402936098709195,0.12026935539105155,0.35207877246643315,335,171970.70949591498,RSI(14/40/75) SL=5% TP=12%
AAPL,0.2456819548809181,0.06917294732047319,0.3490270904405232,335,141393.9700632038,RSI(14/40/75) SL=5% TP=15%
AAPL,0.29060460737918437,0.08781505421394156,0.3490270904405234,335,152549.64355342218,RSI(14/40/75) SL=5% TP=20%
AAPL,0.29060460737918437,0.08781505421394156,0.3490270904405234,335,152549.64355342218,RSI(14/40/75) SL=5% TP=25%
AAPL,0.31560963496819044,0.09987886835008793,0.3490270904405233,335,159768.78312378278,RSI(14/40/75) SL=5% TP=30%
AAPL,0.42130048738656783,0.15173988055883678,0.33098934949878456,335,190803.07138203408,RSI(14/40/75) SL=8% TP=10%
AAPL,0.3745820143397021,0.1338460584150744,0.32925860035304666,335,180095.18098806834,RSI(14/40/75) SL=8% TP=12%
AAPL,0.145203732713374,0.046566418160602696,0.38596014428450737,335,127865.93594690034,RSI(14/40/75) SL=8% TP=15%
AAPL,0.1661721390010431,0.05579709314870053,0.3859601442845075,335,133389.68907469857,RSI(14/40/75) SL=8% TP=20%
AAPL,0.1661721390010431,0.05579709314870053,0.3859601442845075,335,133389.68907469857,RSI(14/40/75) SL=8% TP=25%
AAPL,0.190760166577013,0.06634571443152901,0.38596014428450753,335,139702.11800108958,RSI(14/40/75) SL=8% TP=30%
AAPL,0.5592518603670619,0.18329537906806798,0.21379622942977453,335,209686.282394701,RSI(14/40/75) SL=10% TP=12%
AAPL,0.446320827776945,0.12409926533179591,0.21379622942977455,335,174262.57623823342,RSI(14/40/75) SL=10% TP=15%
AAPL,0.47814998394702446,0.14314456793089567,0.2137962294297745,335,185659.52715864708,RSI(14/40/75) SL=10% TP=20%
AAPL,0.47814998394702446,0.14314456793089567,0.2137962294297745,335,185659.52715864708,RSI(14/40/75) SL=10% TP=25%
AAPL,0.5042694832727213,0.1578267525369998,0.21379622942977455,335,194445.53286737925,RSI(14/40/75) SL=10% TP=30%
AAPL,0.16759046915616188,0.04742020806632973,0.4246427679622684,335,128376.85466826399,RSI(14/40/75) SL=12% TP=15%
AAPL,0.21257545170755163,0.06434607163960161,0.4246427679622684,335,138505.5063621108,RSI(14/40/75) SL=12% TP=20%
AAPL,0.21257545170755163,0.06434607163960161,0.4246427679622684,335,138505.5063621108,RSI(14/40/75) SL=12% TP=25%
AAPL,0.23798206080412582,0.075299258069042,0.4246427679622684,335,145060.0322095696,RSI(14/40/75) SL=12% TP=30%
AAPL,0.4051615117824905,0.11996463435168724,0.24595925342851196,335,171788.36055648586,RSI(14/40/75) SL=15% TP=20%
AAPL,0.4051615117824905,0.11996463435168724,0.24595925342851196,335,171788.36055648586,RSI(14/40/75) SL=15% TP=25%
AAPL,0.43104459717031773,0.1335498699788093,0.2459592534285119,335,179917.9380666843,RSI(14/40/75) SL=15% TP=30%
AAPL,0.5237456966991184,0.16996117805694758,0.19994471211222842,335,201706.9271864591,RSI(14/40/80) SL=5% TP=8%
AAPL,0.39988259517995084,0.1313973490424703,0.3520787724664331,335,178629.84220477985,RSI(14/40/80) SL=5% TP=10%
AAPL,0.4356706580076145,0.13766090363206937,0.3520787724664331,335,182378.03280839705,RSI(14/40/80) SL=5% TP=12%
AAPL,0.3258076544776077,0.09589864729582973,0.3351705608280464,335,157386.96830242508,RSI(14/40/80) SL=5% TP=15%
AAPL,0.5518856237411445,0.19306964259843437,0.31224012291696324,335,215535.3258089044,RSI(14/40/80) SL=5% TP=20%
AAPL,0.5565795760614561,0.21152238810384225,0.31224012291696346,335,226577.68303991828,RSI(14/40/80) SL=5% TP=25%
AAPL,0.8123098199808292,0.2980110092323426,0.21455638817663908,335,278333.5721914177,RSI(14/40/80) SL=5% TP=30%
AAPL,0.4912456528061378,0.1747437051076518,0.33098934949878456,335,204568.85210410273,RSI(14/40/80) SL=8% TP=10%
AAPL,0.43515055232513544,0.1551577668465287,0.3292586003530466,335,192848.37793831958,RSI(14/40/80) SL=8% TP=12%
AAPL,0.2705638454941965,0.09022230007645128,0.36090787942368513,335,153990.17004574943,RSI(14/40/80) SL=8% TP=15%
AAPL,0.3655385381513375,0.13503435596538343,0.35126029134337167,335,180806.27333166596,RSI(14/40/80) SL=8% TP=20%
AAPL,0.43934728720389016,0.17537518604534016,0.3512602913433718,335,204946.73831602102,RSI(14/40/80) SL=8% TP=25%
AAPL,0.6708068109264903,0.24860388324192545,0.21675577323529674,335,248767.72060667604,RSI(14/40/80) SL=8% TP=30%
AAPL,0.6451354183270971,0.21509714685938042,0.21379622942977444,335,228716.8640729943,RSI(14/40/80) SL=10% TP=12%
AAPL,0.6085851308368795,0.1794562364169365,0.21379622942977444,335,207388.89068124615,RSI(14/40/80) SL=10% TP=15%
AAPL,0.7037382780299655,0.2343081132468431,0.2137962294297746,335,240212.95030803152,RSI(14/40/80) SL=10% TP=20%
AAPL,0.7251026835657092,0.2701417002250353,0.21379622942977455,335,261656.22378545767,RSI(14/40/80) SL=10% TP=25%
AAPL,0.7486421869186646,0.2572607857236097,0.21379622942977458,335,253948.12098063627,RSI(14/40/80) SL=10% TP=30%
AAPL,0.3099216056099014,0.08646600043011111,0.39212889910751,335,151742.35263833634,RSI(14/40/80) SL=12% TP=15%
AAPL,0.5094876686396319,0.168574062049107,0.3921288991075101,335,200876.85935319576,RSI(14/40/80) SL=12% TP=20%
AAPL,0.4977202455674574,0.18458502213402248,0.39212889910751003,335,210458.02118178803,RSI(14/40/80) SL=12% TP=25%
AAPL,0.7310224927911853,0.24956507453516702,0.30238423906903394,335,249342.9096821555,RSI(14/40/80) SL=12% TP=30%
AAPL,0.6435863479817103,0.21442758567550238,0.2033478451068699,335,228316.19015819745,RSI(14/40/80) SL=15% TP=20%
AAPL,0.688962136704761,0.2494272931513303,0.20334784510686985,335,249260.45955246274,RSI(14/40/80) SL=15% TP=25%
AAPL,0.694112445779764,0.24724528882827612,0.20334784510687,335,247954.7204575557,RSI(14/40/80) SL=15% TP=30%
TSLA,-0.12200256442966007,-0.09016073039238952,0.7731959952201093,212,46046.6740350304,RSI(7/25/65) SL=5% TP=8%
TSLA,-0.11484035481444753,-0.08585366600141905,0.781771378252513,212,48624.07605946827,RSI(7/25/65) SL=5% TP=10%
TSLA,-0.1352699128697625,-0.09990922253327754,0.8107196280751572,212,40213.05254754662,RSI(7/25/65) SL=5% TP=12%
TSLA,-0.08368940158307653,-0.06695563320519025,0.7822461877119836,212,59932.89885975122,RSI(7/25/65) SL=5% TP=15%
TSLA,-0.07393824914584311,-0.06016317599529996,0.7674779663063446,212,63997.59150757447,RSI(7/25/65) SL=5% TP=20%
TSLA,-0.08685415783988519,-0.0689770573560135,0.7866411862363168,212,58723.25297902049,RSI(7/25/65) SL=5% TP=25%
TSLA,-0.08685415783988519,-0.0689770573560135,0.7866411862363168,212,58723.25297902049,RSI(7/25/65) SL=5% TP=30%
TSLA,-0.1006607738256469,-0.07155218217458673,0.7466112632448171,212,57182.265587588576,RSI(7/25/65) SL=8% TP=10%
TSLA,-0.1263136369525451,-0.08873014766167793,0.7800116744668814,212,46902.75290721812,RSI(7/25/65) SL=8% TP=12%
TSLA,-0.059900002480280136,-0.04578223117200007,0.737142851111276,212,72603.33150500948,RSI(7/25/65) SL=8% TP=15%
TSLA,-0.04632454298145958,-0.036009340965442733,0.7282644965571996,212,78451.55310480649,RSI(7/25/65) SL=8% TP=20%
TSLA,-0.06165149563136659,-0.04681385196876132,0.7393778851053264,212,71985.99652028093,RSI(7/25/65) SL=8% TP=25%
TSLA,-0.06165149563136659,-0.04681385196876132,0.7393778851053264,212,71985.99652028093,RSI(7/25/65) SL=8% TP=30%
TSLA,-0.1185978095104896,-0.08740720062798933,0.7693089567366275,212,47694.4212115048,RSI(7/25/65) SL=10% TP=12%
TSLA,-0.10652519339619095,-0.08057626739587163,0.7740051311503112,212,51782.13839961332,RSI(7/25/65) SL=10% TP=15%
TSLA,-0.09563308965136869,-0.0736060479479491,0.7630983136580485,212,55953.206227973315,RSI(7/25/65) SL=10% TP=20%
TSLA,-0.1043245604570177,-0.07908012242108345,0.7700976843254178,212,52677.45055119292,RSI(7/25/65) SL=10% TP=25%
TSLA,-0.1043245604570177,-0.07908012242108345,0.7700976843254178,212,52677.45055119292,RSI(7/25/65) SL=10% TP=30%
TSLA,-0.12286909392437861,-0.09328150991030901,0.8079995525434424,212,44179.15994256111,RSI(7/25/65) SL=12% TP=15%
TSLA,-0.10954965384317879,-0.08522929309239252,0.8079995525434425,212,48997.708736774635,RSI(7/25/65) SL=12% TP=20%
TSLA,-0.11606363209727402,-0.08910394171116355,0.8079995525434424,212,46679.06980141483,RSI(7/25/65) SL=12% TP=25%
TSLA,-0.11606363209727402,-0.08910394171116355,0.8079995525434424,212,46679.06980141483,RSI(7/25/65) SL=12% TP=30%
TSLA,-0.10797161985443345,-0.08180863404179584,0.7498623883544094,212,51044.67454959202,RSI(7/25/65) SL=15% TP=20%
TSLA,-0.11628885173456559,-0.08680249174501496,0.7645065840415316,212,48056.28668591961,RSI(7/25/65) SL=15% TP=25%
TSLA,-0.11628885173456559,-0.08680249174501496,0.7645065840415316,212,48056.28668591961,RSI(7/25/65) SL=15% TP=30%
TSLA,-0.11313823182560588,-0.0834280412079142,0.7618951798182392,212,50075.60073748627,RSI(7/25/70) SL=5% TP=8%
TSLA,-0.09378429207050543,-0.07034523530856857,0.7605308898593925,212,57904.51791852326,RSI(7/25/70) SL=5% TP=10%
TSLA,-0.13612965250322853,-0.09972225503909138,0.8251003536477476,212,40324.93627025801,RSI(7/25/70) SL=5% TP=12%
TSLA,-0.0787528349632158,-0.06202244570654316,0.7894650902594548,212,62884.980902592426,RSI(7/25/70) SL=5% TP=15%
TSLA,-0.04234959646799679,-0.03543977815601712,0.7751864600577838,212,78792.38672251039,RSI(7/25/70) SL=5% TP=20%
TSLA,-0.04915536110155302,-0.040640284631192874,0.7840658811116746,212,75680.33760958776,RSI(7/25/70) SL=5% TP=25%
TSLA,-0.056561734334285005,-0.04608629720552966,0.7940366916083262,212,72421.37452938939,RSI(7/25/70) SL=5% TP=30%
TSLA,-0.069102288562216,-0.04914703994682535,0.7182767895912151,212,70589.78720642356,RSI(7/25/70) SL=8% TP=10%
TSLA,-0.12304065518291023,-0.08563389616316623,0.7892816238021241,212,48755.58912140687,RSI(7/25/70) SL=8% TP=12%
TSLA,-0.05127799479163586,-0.038394171316058746,0.7480421935634121,212,77024.44033943786,RSI(7/25/70) SL=8% TP=15%
TSLA,-0.006736343743251815,-0.005324800028150075,0.7480421935634123,212,96813.5720466467,RSI(7/25/70) SL=8% TP=20%
TSLA,-0.01499155139713143,-0.01171475252554826,0.742944528216962,212,92989.74332994969,RSI(7/25/70) SL=8% TP=25%
TSLA,-0.023893175473420902,-0.018406362624749335,0.7478235025824931,212,88985.3988737611,RSI(7/25/70) SL=8% TP=30%
TSLA,-0.09291065934938894,-0.06922647802720114,0.7710505620944486,212,58573.9964821352,RSI(7/25/70) SL=10% TP=12%
TSLA,-0.07748445521343454,-0.058650555977417855,0.7724086992670165,212,64902.76253414836,RSI(7/25/70) SL=10% TP=15%
TSLA,-0.0617412962481843,-0.047554523262119244,0.7724086992670164,212,71542.76941298578,RSI(7/25/70) SL=10% TP=20%
TSLA,-0.07180969347278907,-0.05455377270969018,0.7724086992670164,212,67354.32966420127,RSI(7/25/70) SL=10% TP=25%
TSLA,-0.07938006101494269,-0.05940063964862411,0.7798136300683246,212,64453.902940426524,RSI(7/25/70) SL=10% TP=30%
TSLA,-0.10012257722418015,-0.07760748793998329,0.8242659090168849,212,53558.693724803656,RSI(7/25/70) SL=12% TP=15%
TSLA,-0.08162774905768208,-0.06496275841066267,0.824265909016885,212,61125.46044314313,RSI(7/25/70) SL=12% TP=20%
TSLA,-0.0887401675564139,-0.06979644731130326,0.824265909016885,212,58232.919624823284,RSI(7/25/70) SL=12% TP=25%
TSLA,-0.09687880117102694,-0.07479313431768897,0.824265909016885,212,55242.838670208344,RSI(7/25/70) SL=12% TP=30%
TSLA,-0.07160615558274255,-0.05548720932835513,0.7427108361088578,212,66795.74933842875,RSI(7/25/70) SL=15% TP=20%
TSLA,-0.08109052317413916,-0.06202204318358788,0.7577737162547526,212,62885.221777440274,RSI(7/25/70) SL=15% TP=25%
TSLA,-0.08826255622667575,-0.06654730984276455,0.7689585738630174,212,60177.24474488534,RSI(7/25/70) SL=15% TP=30%
TSLA,-0.09265814981403017,-0.0688008972694275,0.7282101630685516,212,58828.669411787036,RSI(7/25/75) SL=5% TP=8%
TSLA,-0.0896812039587998,-0.06510961450940947,0.7496691880986734,212,61037.57988881369,RSI(7/25/75) SL=5% TP=10%
TSLA,-0.14387080413469586,-0.10068493692342544,0.837117404050422,212,39748.85520614065,RSI(7/25/75) SL=5% TP=12%
TSLA,-0.091746954262528,-0.06842357470390954,0.8039305776097214,212,59054.46402639064,RSI(7/25/75) SL=5% TP=15%
TSLA,-0.058822710577415505,-0.04567954442933819,0.7943909973072089,212,72664.78055577699,RSI(7/25/75) SL=5% TP=20%
TSLA,-0.09322056442309262,-0.06970701266187335,0.835075308980108,212,58286.438454720235,RSI(7/25/75) SL=5% TP=25%
TSLA,-0.10353436395483581,-0.07566244148720452,0.842690746729566,212,54722.634221149034,RSI(7/25/75) SL=5% TP=30%
TSLA,-0.0337273429758541,-0.02335729103721724,0.6902143369012674,212,86022.7004428081,RSI(7/25/75) SL=8% TP=10%
TSLA,-0.10416046228977723,-0.070849883035337,0.7702022705621482,212,57602.53031059992,RSI(7/25/75) SL=8% TP=12%
TSLA,-0.014689387654473978,-0.010778421394876798,0.7110985809709862,212,93550.05576846261,RSI(7/25/75) SL=8% TP=15%
TSLA,0.0352173091963843,0.026829146909643904,0.7148578490061096,212,116054.90219831072,RSI(7/25/75) SL=8% TP=20%
TSLA,-0.015690876270161743,-0.011545777702692035,0.7570565450457372,212,93090.86000965889,RSI(7/25/75) SL=8% TP=25%
TSLA,-0.029228783011380936,-0.02105735545172665,0.7570565450457372,212,87399.01110269691,RSI(7/25/75) SL=8% TP=30%
TSLA,-0.095406056995627,-0.06814717892558608,0.7417913682031055,212,59219.86276992706,RSI(7/25/75) SL=10% TP=12%
TSLA,-0.07103596272254656,-0.05201014875622581,0.7498952825122126,212,68876.46653794106,RSI(7/25/75) SL=10% TP=15%
TSLA,-0.03175392383410812,-0.024321480923567267,0.7531497167515646,212,85445.71697113515,RSI(7/25/75) SL=10% TP=20%
TSLA,-0.046843315200495166,-0.03522082640181018,0.7531497167515646,212,78923.41023256756,RSI(7/25/75) SL=10% TP=25%
TSLA,-0.05512155139267562,-0.040900212859537266,0.7549056201249862,212,75524.79325707056,RSI(7/25/75) SL=10% TP=30%
TSLA,-0.08043974694671815,-0.06117811227981545,0.7939684136102111,212,63390.2407468406,RSI(7/25/75) SL=12% TP=15%
TSLA,-0.061898994115464616,-0.04778538229289582,0.7966493556406936,212,71404.62043742584,RSI(7/25/75) SL=12% TP=20%
TSLA,-0.07322304404790062,-0.05557977874247722,0.7966493556406935,212,66740.35462553347,RSI(7/25/75) SL=12% TP=25%
TSLA,-0.08214171764826589,-0.061306447865500664,0.7966493556406935,212,63313.443102708334,RSI(7/25/75) SL=12% TP=30%
TSLA,-0.07656334188659765,-0.05747528369647707,0.7514107739363052,212,65606.06039115578,RSI(7/25/75) SL=15% TP=20%
TSLA,-0.08931870814018057,-0.06584390816376587,0.7659643200753196,212,60598.16924168297,RSI(7/25/75) SL=15% TP=25%
TSLA,-0.09647994060156866,-0.0702045968458707,0.7767709745586291,212,57988.67776048689,RSI(7/25/75) SL=15% TP=30%
TSLA,-0.10300143369880041,-0.07395735130952014,0.7306348846774472,212,55742.98183541414,RSI(7/25/80) SL=5% TP=8%
TSLA,-0.10390784873309698,-0.07339566874619573,0.7479783403202943,212,56079.099813784465,RSI(7/25/80) SL=5% TP=10%
TSLA,-0.15996801914966613,-0.10799801145672323,0.8411683311176987,212,35372.618540976735,RSI(7/25/80) SL=5% TP=12%
TSLA,-0.09625157427292924,-0.07051028775400803,0.7974851024932615,212,57805.74843926821,RSI(7/25/80) SL=5% TP=15%
TSLA,-0.05886745680096617,-0.04494519065967967,0.7822699828315877,212,73104.22717666788,RSI(7/25/80) SL=5% TP=20%
TSLA,-0.08111077167874853,-0.06109480853395373,0.8253527066569677,212,63440.09076618959,RSI(7/25/80) SL=5% TP=25%
TSLA,-0.11774989770237287,-0.08420494759128387,0.8334170879351162,212,49610.69009219997,RSI(7/25/80) SL=5% TP=30%
TSLA,-0.04583685671041462,-0.03100181706779484,0.6853144969283363,212,81448.11899276404,RSI(7/25/80) SL=8% TP=10%
TSLA,-0.10206442594506962,-0.06768968093209558,0.7482560180024188,212,59493.635378730105,RSI(7/25/80) SL=8% TP=12%
TSLA,0.019300949502364894,0.014042688277934302,0.6777346808470789,212,108403.32298536703,RSI(7/25/80) SL=8% TP=15%
TSLA,0.07504289109573081,0.05649721886227009,0.6777346808470791,212,133808.65319218385,RSI(7/25/80) SL=8% TP=20%
TSLA,0.03621375748558807,0.02693725084424121,0.7247329295832823,212,116119.59296552213,RSI(7/25/80) SL=8% TP=25%
TSLA,-0.021650425882566954,-0.01536312906227658,0.7247329295832825,212,90806.50848178052,RSI(7/25/80) SL=8% TP=30%
TSLA,-0.09328729825259383,-0.0648982463896353,0.717131804070861,212,61164.06525572618,RSI(7/25/80) SL=10% TP=12%
TSLA,-0.04647598266945314,-0.03373554361814678,0.7293432395923191,212,79812.2223110455,RSI(7/25/80) SL=10% TP=15%
TSLA,-0.0032758770225701055,-0.0024782874769721606,0.7328651029023379,212,98516.9613034627,RSI(7/25/80) SL=10% TP=20%
TSLA,-0.04024821059517715,-0.02963157411829171,0.7328651029023379,212,82268.08977365718,RSI(7/25/80) SL=10% TP=25%
TSLA,-0.049477032642457806,-0.0359796163287957,0.732865102902338,212,78469.34070483177,RSI(7/25/80) SL=10% TP=30%
TSLA,-0.11077230846924613,-0.08310911553434108,0.8162269920197444,212,50266.44991040224,RSI(7/25/80) SL=12% TP=15%
TSLA,-0.09519377994746822,-0.0724891055277599,0.8186182990508437,212,56621.59875561035,RSI(7/25/80) SL=12% TP=20%
TSLA,-0.1174798327231704,-0.0871532459845937,0.8186182990508437,212,47846.39089493362,RSI(7/25/80) SL=12% TP=25%
TSLA,-0.1253386977387049,-0.09150546363190488,0.8186182990508435,212,45241.96858852675,RSI(7/25/80) SL=12% TP=30%
TSLA,-0.08296245709014183,-0.06101413787345805,0.7467845837276756,212,63488.36511381954,RSI(7/25/80) SL=15% TP=20%
TSLA,-0.10964515583036101,-0.0785128279824039,0.7616089681235014,212,53016.926747037665,RSI(7/25/80) SL=15% TP=25%
TSLA,-0.11680845002886588,-0.08260376639834795,0.7726167320432508,212,50568.85725051242,RSI(7/25/80) SL=15% TP=30%
TSLA,-0.07472157061133172,-0.05452894417582968,0.7152513243252279,279,67369.18737414636,RSI(7/30/65) SL=5% TP=8%
TSLA,-0.028810726835581207,-0.021529974840569177,0.7388913918883644,279,87116.18965889749,RSI(7/30/65) SL=5% TP=10%
TSLA,-0.05498801201895679,-0.04103225098633295,0.744243428982879,279,75445.77996532139,RSI(7/30/65) SL=5% TP=12%
TSLA,-0.0058451556167819175,-0.004605051612431391,0.7206696580465559,279,97244.27863827518,RSI(7/30/65) SL=5% TP=15%
TSLA,-0.05114293339392564,-0.0391330697140439,0.7310195825051993,279,76582.27415524675,RSI(7/30/65) SL=5% TP=20%
TSLA,-0.055798882380369154,-0.042377822641346506,0.7378394327493311,279,74640.57280033709,RSI(7/30/65) SL=5% TP=25%
TSLA,-0.04293361869718774,-0.0334184690814406,0.737839432749331,279,80001.9637401538,RSI(7/30/65) SL=5% TP=30%
TSLA,0.02965864335024357,0.021589962782649106,0.7249789450103693,279,112919.70788739478,RSI(7/30/65) SL=8% TP=10%
TSLA,0.006048574717603262,0.004425226054593918,0.7247366988261825,279,102648.11146441574,RSI(7/30/65) SL=8% TP=12%
TSLA,0.06718043706992534,0.05166443951803506,0.7045508011944288,279,130916.656663967,RSI(7/30/65) SL=8% TP=15%
TSLA,0.009667432527507847,0.007234423606489608,0.7045508011944288,279,104329.17095181998,RSI(7/30/65) SL=8% TP=20%
TSLA,0.003787087804059524,0.002814048440263429,0.712041752801126,279,101683.96232060208,RSI(7/30/65) SL=8% TP=25%
TSLA,0.01974173978599741,0.015019509031239876,0.7120417528011259,279,108987.86492821814,RSI(7/30/65) SL=8% TP=30%
TSLA,-0.03144923101783146,-0.022831883039660494,0.7105540539909617,279,86337.11126039363,RSI(7/30/65) SL=10% TP=12%
TSLA,-0.01161378207124149,-0.008753134247295496,0.720255509919857,279,94762.0133155073,RSI(7/30/65) SL=10% TP=15%
TSLA,-0.0558260667942551,-0.04091311958991598,0.733481751047251,279,75517.06970571695,RSI(7/30/65) SL=10% TP=20%
TSLA,-0.0558260667942551,-0.04091311958991598,0.733481751047251,279,75517.06970571695,RSI(7/30/65) SL=10% TP=25%
TSLA,-0.04241206321331288,-0.03184855722232222,0.7334817510472511,279,80941.41893203893,RSI(7/30/65) SL=10% TP=30%
TSLA,-0.046665302271056204,-0.03618736720367628,0.8151108016096229,279,78345.0199431969,RSI(7/30/65) SL=12% TP=15%
TSLA,-0.0831670523334999,-0.06277581340576023,0.8151108016096231,279,62434.15610480697,RSI(7/30/65) SL=12% TP=20%
TSLA,-0.0831670523334999,-0.06277581340576023,0.8151108016096231,279,62434.15610480697,RSI(7/30/65) SL=12% TP=25%
TSLA,-0.07158890478457493,-0.055281636207339814,0.8151108016096229,279,66918.76690449665,RSI(7/30/65) SL=12% TP=30%
TSLA,-0.06256507184988064,-0.04561010715382619,0.7458846036790946,279,72706.33270318655,RSI(7/30/65) SL=15% TP=20%
TSLA,-0.06256507184988064,-0.04561010715382619,0.7458846036790946,279,72706.33270318655,RSI(7/30/65) SL=15% TP=25%
TSLA,-0.04939887731833701,-0.03688292679744703,0.7458846036790948,279,77928.7882497817,RSI(7/30/65) SL=15% TP=30%
TSLA,-0.05342756981432347,-0.03884578858107625,0.7164615825194345,279,76754.18683322897,RSI(7/30/70) SL=5% TP=8%
TSLA,0.008366791661808199,0.006255342620227014,0.7282361353090835,279,103743.276456866,RSI(7/30/70) SL=5% TP=10%
TSLA,-0.07140091603543901,-0.05223998040376681,0.785280576330316,279,68738.93236155542,RSI(7/30/70) SL=5% TP=12%
TSLA,-0.037763380668365265,-0.02897305764930687,0.7788562770634746,279,82662.1543908116,RSI(7/30/70) SL=5% TP=15%
TSLA,-0.00959106654790449,-0.0076158426167096385,0.755348899825437,279,95442.58306904836,RSI(7/30/70) SL=5% TP=20%
TSLA,-0.004853714874955756,-0.0038578736367927517,0.7503990653552569,279,97691.39942687163,RSI(7/30/70) SL=5% TP=25%
TSLA,-0.00026349766061669423,-0.00021126367952335404,0.7503990653552566,279,99873.57713145984,RSI(7/30/70) SL=5% TP=30%
TSLA,0.09067279790511845,0.06583413690791291,0.7030124385488962,279,139395.98351473518,RSI(7/30/70) SL=8% TP=10%
TSLA,-0.0071212407269824925,-0.005100395877731032,0.7422993181186753,279,96947.85833983397,RSI(7/30/70) SL=8% TP=12%
TSLA,0.040737844891460775,0.03053598875950139,0.7345890408024437,279,118273.12343227306,RSI(7/30/70) SL=8% TP=15%
TSLA,0.0730177380219031,0.05617752084686588,0.7136070421782273,279,133617.34184010862,RSI(7/30/70) SL=8% TP=20%
TSLA,0.0797629987753014,0.06143858786399403,0.7078126773311797,279,136765.63115035833,RSI(7/30/70) SL=8% TP=25%
TSLA,0.08565029597564233,0.06654375490317053,0.7078126773311797,279,139820.62793411952,RSI(7/30/70) SL=8% TP=30%
TSLA,-0.032094537299905496,-0.022670003454678893,0.7252814376754463,279,86433.98205966041,RSI(7/30/70) SL=10% TP=12%
TSLA,-0.026354464732058984,-0.019199509223140693,0.7680261792647641,279,88510.76987758088,RSI(7/30/70) SL=10% TP=15%
TSLA,-1.3825613644305073e-05,-1.0434985214279816e-05,0.7496875454636709,279,99993.75557234003,RSI(7/30/70) SL=10% TP=20%
TSLA,0.0007088759255695563,0.0005349288893156416,0.7496875454636709,279,100320.10824011428,RSI(7/30/70) SL=10% TP=25%
TSLA,0.005619932568525588,0.004279662896289975,0.7496875454636709,279,102561.00462206558,RSI(7/30/70) SL=10% TP=30%
TSLA,-0.05924348136164589,-0.044560302190144695,0.8304448174863809,279,73334.54932431024,RSI(7/30/70) SL=12% TP=15%
TSLA,-0.037031676821728574,-0.028661422165313942,0.8170406739009556,279,82848.64102170896,RSI(7/30/70) SL=12% TP=20%
TSLA,-0.0364559021509953,-0.02820956739089809,0.8170406739009556,279,83119.03665655782,RSI(7/30/70) SL=12% TP=25%
TSLA,-0.03217084987683588,-0.025106912413196403,0.8170406739009556,279,84975.70479400786,RSI(7/30/70) SL=12% TP=30%
TSLA,0.009608663714993377,0.007054637777364905,0.7057754969244583,279,104221.58482867709,RSI(7/30/70) SL=15% TP=20%
TSLA,0.010384381295213874,0.007623060145206622,0.7057754969244583,279,104561.7359916554,RSI(7/30/70) SL=15% TP=25%
TSLA,0.01555289179336687,0.011526124998955094,0.7057754969244583,279,106897.37956286679,RSI(7/30/70) SL=15% TP=30%
TSLA,-0.036923929003373095,-0.026910744392183182,0.6856448965211396,279,83896.26883197927,RSI(7/30/75) SL=5% TP=8%
TSLA,0.028946462778999864,0.020773259268446104,0.6941907375429395,279,112430.98213365742,RSI(7/30/75) SL=5% TP=10%
TSLA,-0.10205342553156495,-0.07018896502646689,0.8131495956827264,279,57998.03203971743,RSI(7/30/75) SL=5% TP=12%
TSLA,-0.11264438190983725,-0.0803194795804602,0.808359562862939,279,51935.80348915318,RSI(7/30/75) SL=5% TP=15%
TSLA,-0.10534484089452735,-0.07590936047955221,0.8070476210456029,279,54574.87476064891,RSI(7/30/75) SL=5% TP=20%
TSLA,-0.12931904263732094,-0.09062545388252842,0.8356029881186178,279,45768.57759728061,RSI(7/30/75) SL=5% TP=25%
TSLA,-0.12558371766933626,-0.08891701125835232,0.835602988118618,279,46790.93135809711,RSI(7/30/75) SL=5% TP=30%
TSLA,0.13966294827288264,0.09841342530789753,0.6770049033587229,279,158891.8433985355,RSI(7/30/75) SL=8% TP=10%
TSLA,-0.01664597397965995,-0.011319124659739024,0.7613777305284862,279,93226.49206869585,RSI(7/30/75) SL=8% TP=12%
TSLA,0.012897500352180012,0.00920576560609516,0.7359126698493231,279,105508.84703729821,RSI(7/30/75) SL=8% TP=15%
TSLA,0.01975995410853984,0.014173489786930941,0.7393490498506857,279,108481.59626932217,RSI(7/30/75) SL=8% TP=20%
TSLA,-0.02155964882020008,-0.015078529758781382,0.7779232493489097,279,90976.81631895146,RSI(7/30/75) SL=8% TP=25%
TSLA,-0.01654783940124951,-0.011682560756231902,0.7779232493489096,279,93009.00729349298,RSI(7/30/75) SL=8% TP=30%
TSLA,-0.04474100415485938,-0.03042943721064881,0.7509913823056661,279,81790.63836759586,RSI(7/30/75) SL=10% TP=12%
TSLA,-0.06738264286339035,-0.04677911858927779,0.7802138549918487,279,72006.78141562265,RSI(7/30/75) SL=10% TP=15%
TSLA,-0.060699834943432056,-0.042766817864565626,0.7721865104319225,279,74407.79311914089,RSI(7/30/75) SL=10% TP=20%
TSLA,-0.06383676731576787,-0.04471802787906401,0.7721865104319225,279,73240.16426919503,RSI(7/30/75) SL=10% TP=25%
TSLA,-0.059367995179308256,-0.04198412997338385,0.7721865104319224,279,74876.16349211792,RSI(7/30/75) SL=10% TP=30%
TSLA,-0.08086027550666827,-0.057177629722238985,0.8259214392033355,279,65784.18030907286,RSI(7/30/75) SL=12% TP=15%
TSLA,-0.0977104250726722,-0.06779939088119888,0.8281865993102075,279,59427.98355204448,RSI(7/30/75) SL=12% TP=20%
TSLA,-0.10054611399915762,-0.06935778243922465,0.8281865993102075,279,58495.42225462271,RSI(7/30/75) SL=12% TP=25%
TSLA,-0.09642245397597678,-0.06717427405977867,0.8281865993102074,279,59802.06139597372,RSI(7/30/75) SL=12% TP=30%
TSLA,-0.009507757770652782,-0.006581573955516839,0.7277343561214572,279,96061.50256947643,RSI(7/30/75) SL=15% TP=20%
TSLA,-0.013220642490266327,-0.009100613399694495,0.7277343561214572,279,94554.07737827806,RSI(7/30/75) SL=15% TP=25%
TSLA,-0.008017087470428688,-0.005571112930964632,0.7277343561214574,279,96666.17527781958,RSI(7/30/75) SL=15% TP=30%
TSLA,-0.051811160331835325,-0.03708087994560847,0.7051868000600182,279,77810.33057223112,RSI(7/30/80) SL=5% TP=8%
TSLA,-0.0006836248106817042,-0.00048183946004574284,0.7053854119908787,279,99711.66114851231,RSI(7/30/80) SL=5% TP=10%
TSLA,-0.10757331613173639,-0.07376480494293282,0.808728528689231,279,55858.20402621322,RSI(7/30/80) SL=5% TP=12%
TSLA,-0.11232224882035555,-0.0801184753668911,0.8027693585092694,279,52056.08696298739,RSI(7/30/80) SL=5% TP=15%
TSLA,-0.10027480540006704,-0.07246634219942519,0.8014191469876444,279,56635.22062034398,RSI(7/30/80) SL=5% TP=20%
TSLA,-0.13264276265398217,-0.09376469534698628,0.8308074819859936,279,43890.01564156535,RSI(7/30/80) SL=5% TP=25%
TSLA,-0.1290876602364417,-0.09212637540273125,0.8308074819859936,279,44870.40710027035,RSI(7/30/80) SL=5% TP=30%
TSLA,0.11221947691236475,0.07788515291095689,0.6759560983168693,279,146607.46451973135,RSI(7/30/80) SL=8% TP=10%
TSLA,-0.016205351211632957,-0.011007358033162343,0.7576034727959214,279,93413.05717698063,RSI(7/30/80) SL=8% TP=12%
TSLA,0.016629239855114494,0.011835710512594149,0.7317356345286004,279,107082.63946547301,RSI(7/30/80) SL=8% TP=15%
TSLA,0.03920384344671288,0.028191908186729953,0.7352263673102835,279,116870.39585142411,RSI(7/30/80) SL=8% TP=20%
TSLA,-0.022355806706165913,-0.01575860416361406,0.774410689958606,279,90569.85115923412,RSI(7/30/80) SL=8% TP=25%
TSLA,-0.017406464890767196,-0.012377826295723315,0.7744106899586061,279,92592.95156589255,RSI(7/30/80) SL=8% TP=30%
TSLA,-0.010323569150025913,-0.007036330042353471,0.7324558676573945,279,95789.37075243292,RSI(7/30/80) SL=10% TP=12%
TSLA,-0.02979494403912282,-0.02076393779813233,0.7547706847062244,279,87574.59595254621,RSI(7/30/80) SL=10% TP=15%
TSLA,-0.010411064729810472,-0.007387470708952466,0.7390038623768208,279,95579.24371861099,RSI(7/30/80) SL=10% TP=20%
TSLA,-0.030807483172659692,-0.021831324116761038,0.7390038623768208,279,86935.85842536681,RSI(7/30/80) SL=10% TP=25%
TSLA,-0.026000875107729783,-0.018586195386519042,0.7390038623768208,279,88877.78466552749,RSI(7/30/80) SL=10% TP=30%
TSLA,-0.08117352438897955,-0.05817626062518809,0.8224974626169472,279,65186.58689572078,RSI(7/30/80) SL=12% TP=15%
TSLA,-0.09326632152217978,-0.06573201408134141,0.8256835081461109,279,60665.128081483,RSI(7/30/80) SL=12% TP=20%
TSLA,-0.10641077228627732,-0.07489967625237251,0.8256835081461109,279,55179.08262358026,RSI(7/30/80) SL=12% TP=25%
TSLA,-0.10256394262094448,-0.07283995970302831,0.825683508146111,279,56411.64316183861,RSI(7/30/80) SL=12% TP=30%
TSLA,-0.044011505958607144,-0.03079668371953861,0.7691465202114531,279,81570.87339322848,RSI(7/30/80) SL=15% TP=20%
TSLA,-0.06169586690667818,-0.043123604207708256,0.7691465202114531,279,74194.28764078411,RSI(7/30/80) SL=15% TP=25%
TSLA,-0.05723222048080716,-0.04035409092741274,0.7691465202114531,279,75851.59955613555,RSI(7/30/80) SL=15% TP=30%
TSLA,-0.09857454939948036,-0.07060150729345793,0.8029002017916459,370,57751.16150851803,RSI(7/35/65) SL=5% TP=8%
TSLA,-0.10974272175405345,-0.07848725450969041,0.7925315757033673,370,53032.23023785193,RSI(7/35/65) SL=5% TP=10%
TSLA,-0.09358482379896736,-0.06724408925527306,0.799038552000885,370,59760.2830964477,RSI(7/35/65) SL=5% TP=12%
TSLA,-0.04357580384326643,-0.03311283196068577,0.7773881837998962,370,80184.86087431978,RSI(7/35/65) SL=5% TP=15%
TSLA,-0.04530787056780604,-0.034583974224880874,0.7773881837998959,370,79304.51066225383,RSI(7/35/65) SL=5% TP=20%
TSLA,-0.04105609608302932,-0.031419995179285024,0.7830323837130303,370,81197.87590065008,RSI(7/35/65) SL=5% TP=25%
TSLA,-0.002320728751090424,-0.0018886480791905687,0.7830323837130303,370,98869.80900657961,RSI(7/35/65) SL=5% TP=30%
TSLA,-0.08040840728564957,-0.0587285276386817,0.8013385924959456,370,64856.10330193174,RSI(7/35/65) SL=8% TP=10%
TSLA,-0.051190351556504324,-0.03772936223889337,0.7961472624334454,370,77422.27053323365,RSI(7/35/65) SL=8% TP=12%
TSLA,-0.0303012596161076,-0.02296332787619841,0.7773875357314366,370,86258.45300106857,RSI(7/35/65) SL=8% TP=15%
TSLA,-0.030013561224397578,-0.02284639593138868,0.7773875357314366,370,86328.4265616928,RSI(7/35/65) SL=8% TP=20%
TSLA,-0.025425289166004415,-0.01940218663737083,0.7830317520759892,370,88389.48513922413,RSI(7/35/65) SL=8% TP=25%
TSLA,0.015745245802791377,0.012744720368409106,0.7830317520759893,370,107626.60250617497,RSI(7/35/65) SL=8% TP=30%
TSLA,0.001611100827905025,0.0011136446562695806,0.7588716209032019,370,100666.41910383117,RSI(7/35/65) SL=10% TP=12%
TSLA,-0.008249518989030544,-0.005816910355752226,0.7733926044891469,370,96519.08697758954,RSI(7/35/65) SL=10% TP=15%
TSLA,-0.008019568494364056,-0.00568606909719856,0.7733926044891468,370,96597.38404818435,RSI(7/35/65) SL=10% TP=20%
TSLA,0.0034458812270781016,0.002467345034742854,0.773392604489147,370,101476.49060015565,RSI(7/35/65) SL=10% TP=25%
TSLA,0.051504290001996786,0.039373944292084906,0.7733926044891468,370,123561.86825097779,RSI(7/35/65) SL=10% TP=30%
TSLA,-0.09112857604012915,-0.06602851627523512,0.8484177248076552,370,60487.69740354978,RSI(7/35/65) SL=12% TP=15%
TSLA,-0.09056292682235459,-0.06594651916250735,0.8484177248076554,370,60536.765517039246,RSI(7/35/65) SL=12% TP=20%
TSLA,-0.08278624790316017,-0.060836843322606256,0.8484177248076553,370,63594.46042440864,RSI(7/35/65) SL=12% TP=25%
TSLA,-0.048249535025058854,-0.037707788977215384,0.8484177248076553,370,77435.18024696794,RSI(7/35/65) SL=12% TP=30%
TSLA,-0.08680444745802196,-0.06185901865506656,0.8380615145432835,370,62982.77772546017,RSI(7/35/65) SL=15% TP=20%
TSLA,-0.07859472406920805,-0.05654288432041894,0.8380615145432836,370,66164.02001778105,RSI(7/35/65) SL=15% TP=25%
TSLA,-0.042371674787275444,-0.032479291289076465,0.8380615145432835,370,80563.9796571717,RSI(7/35/65) SL=15% TP=30%
TSLA,-0.08021203047750408,-0.0571573722664795,0.7927830144834491,370,65796.30262783686,RSI(7/35/70) SL=5% TP=8%
TSLA,-0.08829617045550955,-0.0628021651061712,0.771753622937827,370,62418.38691265627,RSI(7/35/70) SL=5% TP=10%
TSLA,-0.07938571094234888,-0.056092990951261926,0.7911835124533041,370,66433.24192281628,RSI(7/35/70) SL=5% TP=12%
TSLA,-0.03137685937134453,-0.02341607507490377,0.791673605820411,370,85987.5233281925,RSI(7/35/70) SL=5% TP=15%
TSLA,0.039939402019012804,0.031398702887779247,0.7695286990078153,370,118789.38252173457,RSI(7/35/70) SL=5% TP=20%
TSLA,0.05755670462448023,0.04564436401647716,0.7648657533303819,370,127314.16703843157,RSI(7/35/70) SL=5% TP=25%
TSLA,0.09756939661603346,0.08079246522021778,0.7648657533303818,370,148347.23712384462,RSI(7/35/70) SL=5% TP=30%
TSLA,-0.05422807534344252,-0.039281815186709985,0.7721108530262093,370,76493.26297557197,RSI(7/35/70) SL=8% TP=10%
TSLA,-0.031780096388403005,-0.02298432790162152,0.7791350336228028,370,86245.88631918839,RSI(7/35/70) SL=8% TP=12%
TSLA,-0.016442621356977508,-0.01221153794792953,0.7796534048315105,370,92692.46062481042,RSI(7/35/70) SL=8% TP=15%
TSLA,0.06208659201610216,0.04825433838097359,0.7582507169323079,370,128876.00884067785,RSI(7/35/70) SL=8% TP=20%
TSLA,0.08127647749324704,0.06370962496121582,0.7533595926593495,370,138124.64858790216,RSI(7/35/70) SL=8% TP=25%
TSLA,0.12348399573666279,0.10096728853988564,0.7533595926593496,370,160420.10758656648,RSI(7/35/70) SL=8% TP=30%
TSLA,0.04966330278039893,0.03340374871292855,0.7261897080172508,370,119989.22740440328,RSI(7/35/70) SL=10% TP=12%
TSLA,0.026716155256818183,0.018346995846574007,0.7649165247237646,370,110979.07529231491,RSI(7/35/70) SL=10% TP=15%
TSLA,0.12444106498758027,0.0907417407534214,0.7124057933233732,370,154301.0099429204,RSI(7/35/70) SL=10% TP=20%
TSLA,0.14110960660178617,0.1037656962925686,0.7124057933233732,370,162094.71032110852,RSI(7/35/70) SL=10% TP=25%
TSLA,0.19132918466218451,0.1474890305907367,0.7124057933233732,370,188259.30878207576,RSI(7/35/70) SL=10% TP=30%
TSLA,-0.08106225981829443,-0.05863094318356073,0.8535940836783481,370,64914.499079043824,RSI(7/35/70) SL=12% TP=15%
TSLA,-0.026376831075576646,-0.019999665334827138,0.8363512938171227,370,88031.9462996352,RSI(7/35/70) SL=12% TP=20%
TSLA,-0.01645123863375955,-0.0125692269011761,0.8363512938171227,370,92478.41501310572,RSI(7/35/70) SL=12% TP=25%
TSLA,0.015512048521129125,0.012375847783695777,0.8363512938171227,370,107405.8644673862,RSI(7/35/70) SL=12% TP=30%
TSLA,-0.0075075470728875535,-0.0054978303498602376,0.7925760898192743,370,96710.0285049249,RSI(7/35/70) SL=15% TP=20%
TSLA,0.0036096050587565184,0.002665091667978421,0.7925760898192742,370,101594.82469655217,RSI(7/35/70) SL=15% TP=25%
TSLA,0.03889510066414639,0.030069221478084038,0.7925760898192743,370,117993.80396386933,RSI(7/35/70) SL=15% TP=30%
TSLA,-0.03818274200756046,-0.02737738022051781,0.7761664252617437,370,83617.0280267695,RSI(7/35/75) SL=5% TP=8%
TSLA,-0.05179773930705214,-0.03584126313316747,0.7242556886532024,370,78552.13301396169,RSI(7/35/75) SL=5% TP=10%
TSLA,-0.07099435964506952,-0.04738434158547487,0.7876012292325787,370,71644.60828932693,RSI(7/35/75) SL=5% TP=12%
TSLA,-0.06303510258876627,-0.04337600738327071,0.7853060713267248,370,74043.24637540785,RSI(7/35/75) SL=5% TP=15%
TSLA,0.04642885274392526,0.03440328104180277,0.7667475408765125,370,120587.36024247562,RSI(7/35/75) SL=5% TP=20%
TSLA,0.013485663323510255,0.009845341588653614,0.8012669887685168,370,105891.57742686097,RSI(7/35/75) SL=5% TP=25%
TSLA,0.05121878997121588,0.039079227860709345,0.801266988768517,370,123385.50619601177,RSI(7/35/75) SL=5% TP=30%
TSLA,-0.046084484494377964,-0.03195569886183973,0.7799133267935453,370,80877.30401442289,RSI(7/35/75) SL=8% TP=10%
TSLA,-0.04663688970357872,-0.03164582793013935,0.8135492925298003,370,81062.73471482137,RSI(7/35/75) SL=8% TP=12%
TSLA,-0.04765483865153796,-0.032916795274997565,0.811534526560317,370,80302.17171639035,RSI(7/35/75) SL=8% TP=15%
TSLA,0.07142740289282047,0.05284344580875408,0.774118861572938,370,131622.18899984172,RSI(7/35/75) SL=8% TP=20%
TSLA,0.03569787870163657,0.026038233872366437,0.8075474145537731,370,115581.60979346372,RSI(7/35/75) SL=8% TP=25%
TSLA,0.07518909357791195,0.057215151081502276,0.8075474145537732,370,134238.272948772,RSI(7/35/75) SL=8% TP=30%
TSLA,0.05078877943588079,0.032710355271310144,0.7514308510460125,370,119574.29196394273,RSI(7/35/75) SL=10% TP=12%
TSLA,-0.005666453109613252,-0.0036827942217016766,0.7874753124247068,370,97796.1691720928,RSI(7/35/75) SL=10% TP=15%
TSLA,0.11484215407451306,0.08035352531272916,0.7538725173691219,370,148084.56990936332,RSI(7/35/75) SL=10% TP=20%
TSLA,0.1252947155108643,0.08794096914705232,0.753872517369122,370,152624.99264831544,RSI(7/35/75) SL=10% TP=25%
TSLA,0.17578834467393942,0.12910994722534994,0.7538725173691222,370,177261.03191104275,RSI(7/35/75) SL=10% TP=30%
TSLA,-0.09662396314891483,-0.06606599122344815,0.84956188971035,370,60465.271918666745,RSI(7/35/75) SL=12% TP=15%
TSLA,-0.03619449526030143,-0.025886721013533412,0.8405827679772148,370,84509.05742523477,RSI(7/35/75) SL=12% TP=20%
TSLA,-0.030054392143927355,-0.021556710620836576,0.8405827679772148,370,87100.19062848351,RSI(7/35/75) SL=12% TP=25%
TSLA,0.0025865659230802384,0.0019376448997053008,0.8405827679772147,370,101159.51131299825,RSI(7/35/75) SL=12% TP=30%
TSLA,0.07019578375939058,0.05001921156530304,0.824113785700302,370,129932.13136526864,RSI(7/35/75) SL=15% TP=20%
TSLA,0.07931640997710095,0.05667657464919025,0.824113785700302,370,133915.98197261067,RSI(7/35/75) SL=15% TP=25%
TSLA,0.12447712906153421,0.09279899490619123,0.824113785700302,370,155532.09695180014,RSI(7/35/75) SL=15% TP=30%
TSLA,-0.04965743731604367,-0.0352327918918786,0.7761664252617437,370,78916.24993136789,RSI(7/35/80) SL=5% TP=8%
TSLA,-0.05466653229313295,-0.037415307000967665,0.7223871418421682,370,77610.20517561141,RSI(7/35/80) SL=5% TP=10%
TSLA,-0.05736088791946253,-0.038334666501712855,0.7794464067260446,370,77060.04877595913,RSI(7/35/80) SL=5% TP=12%
TSLA,-0.04747709152918323,-0.03270942045521718,0.7770631286993488,370,80426.26744187798,RSI(7/35/80) SL=5% TP=15%
TSLA,0.07938611094511455,0.05895528395150946,0.7625691585716948,370,135279.59055510964,RSI(7/35/80) SL=5% TP=20%
TSLA,0.036589770047962766,0.026576041165144528,0.7977069727213842,370,115903.4405067611,RSI(7/35/80) SL=5% TP=25%
TSLA,0.07632481870404759,0.057839768806508755,0.7977069727213844,370,134612.05212706953,RSI(7/35/80) SL=5% TP=30%
TSLA,-0.053523113432534165,-0.03667033467214539,0.7866401610263309,370,78056.00607714475,RSI(7/35/80) SL=8% TP=10%
TSLA,-0.03702754364814278,-0.025133100774030925,0.8192480610352479,370,84960.03334633388,RSI(7/35/80) SL=8% TP=12%
TSLA,-0.030413387662238254,-0.021055601386769793,0.8102674910894433,370,87400.06075744094,RSI(7/35/80) SL=8% TP=15%
TSLA,0.10889839158670676,0.08074867365323668,0.7705461286706946,370,148321.03169407972,RSI(7/35/80) SL=8% TP=20%
TSLA,0.05333316785373255,0.03930968128497117,0.8045034167727563,370,123523.41245148276,RSI(7/35/80) SL=8% TP=25%
TSLA,0.09468765233442993,0.07262881579323267,0.8045034167727562,370,143462.00564134718,RSI(7/35/80) SL=8% TP=30%
TSLA,0.0705990318633814,0.04556227071881647,0.7510560546760495,370,127265.04136665683,RSI(7/35/80) SL=10% TP=12%
TSLA,0.01254990811881721,0.008165896860043483,0.7855181778098035,370,104886.57637497841,RSI(7/35/80) SL=10% TP=15%
TSLA,0.15257488772425093,0.10700138847168839,0.7516059354419504,370,164030.98960924844,RSI(7/35/80) SL=10% TP=20%
TSLA,0.14211453629836313,0.10082527002212616,0.7312682583364097,370,160335.12190212947,RSI(7/35/80) SL=10% TP=25%
TSLA,0.19459820332070066,0.14407397394822496,0.7312682583364097,370,186215.69552139813,RSI(7/35/80) SL=10% TP=30%
TSLA,-0.08466312738542044,-0.05784680368303018,0.841168810226097,370,65383.73811348829,RSI(7/35/80) SL=12% TP=15%
TSLA,-0.013109672448864358,-0.009389677615797055,0.8308425931831653,370,94381.09768070557,RSI(7/35/80) SL=12% TP=20%
TSLA,-0.017877372183608305,-0.012943328301342998,0.8308425931831652,370,92254.54798475189,RSI(7/35/80) SL=12% TP=25%
TSLA,0.01583114063834468,0.011941360619554047,0.8308425931831652,370,107145.86183106648,RSI(7/35/80) SL=12% TP=30%
TSLA,0.10559607604159282,0.07538330951172222,0.8185462661500372,370,145110.32966018934,RSI(7/35/80) SL=15% TP=20%
TSLA,0.09691207150322181,0.06991959447609863,0.818546266150037,370,141840.77320236378,RSI(7/35/80) SL=15% TP=25%
TSLA,0.14406193273502205,0.10817964337931066,0.8185462661500371,370,164736.0723079367,RSI(7/35/80) SL=15% TP=30%
TSLA,-0.06964877487516329,-0.049614018135580105,0.826807770299395,475,70310.34152839096,RSI(7/40/65) SL=5% TP=8%
TSLA,-0.07941582065362507,-0.057386466127676096,0.8142892841269999,475,65659.20995216843,RSI(7/40/65) SL=5% TP=10%
TSLA,-0.07178424508647023,-0.05160051443998089,0.821613019071044,475,69121.59691448763,RSI(7/40/65) SL=5% TP=12%
TSLA,-0.04568064488173573,-0.03391488522046774,0.8116628498616334,475,79704.90201886295,RSI(7/40/65) SL=5% TP=15%
TSLA,-0.05657312384816535,-0.041438482616206224,0.8146930740738809,475,75202.68579950834,RSI(7/40/65) SL=5% TP=20%
TSLA,-0.04749870945357617,-0.035090912780859435,0.8146930740738809,475,79001.15219304126,RSI(7/40/65) SL=5% TP=25%
TSLA,-0.008121035309578499,-0.006358505426082261,0.8146930740738807,475,96194.98961010634,RSI(7/40/65) SL=5% TP=30%
TSLA,-0.09019822664171902,-0.06536994675174204,0.823280187946408,475,60881.79376919563,RSI(7/40/65) SL=8% TP=10%
TSLA,-0.07549900343983999,-0.054687121246484484,0.821820978777151,475,67274.53220646881,RSI(7/40/65) SL=8% TP=12%
TSLA,-0.05593577766197822,-0.04158364429725992,0.8164891813170464,475,75115.81920624287,RSI(7/40/65) SL=8% TP=15%
TSLA,-0.059885282218432104,-0.04414450131933697,0.8125362606326455,475,73583.36984541264,RSI(7/40/65) SL=8% TP=20%
TSLA,-0.05104158287044077,-0.03793361172346346,0.8125362606326455,475,77300.04504802266,RSI(7/40/65) SL=8% TP=25%
TSLA,-0.012498130415077083,-0.009819890325637693,0.8125362606326454,475,94123.65293211839,RSI(7/40/65) SL=8% TP=30%
TSLA,-0.046249887320999446,-0.03171513019175275,0.8288104103007131,475,81021.2633614432,RSI(7/40/65) SL=10% TP=12%
TSLA,-0.016935051848484484,-0.012001457341170824,0.8258290271741099,475,92818.17552758507,RSI(7/40/65) SL=10% TP=15%
TSLA,-0.03604155775107216,-0.0255338130942336,0.8286313266595803,475,84720.24200551418,RSI(7/40/65) SL=10% TP=20%
TSLA,-0.025721889456288418,-0.01838290289893555,0.8286313266595802,475,88999.43747158936,RSI(7/40/65) SL=10% TP=25%
TSLA,0.01845303497330185,0.013985841363568195,0.8286313266595803,475,108369.30506994478,RSI(7/40/65) SL=10% TP=30%
TSLA,-0.007851206062714257,-0.0057522102775048566,0.8159650754988014,475,96557.80432600106,RSI(7/40/65) SL=12% TP=15%
TSLA,-0.011228210099577201,-0.008219546041551434,0.8189260796539187,475,95081.3192735478,RSI(7/40/65) SL=12% TP=20%
TSLA,-0.016742972129605224,-0.012390763211574923,0.8189260796539186,475,92585.20995116865,RSI(7/40/65) SL=12% TP=25%
TSLA,0.027236151854236793,0.021282112354141576,0.8189260796539187,475,112735.48628176408,RSI(7/40/65) SL=12% TP=30%
TSLA,-0.08469349532677752,-0.05916680916990152,0.8364497613681514,475,64593.83006817005,RSI(7/40/65) SL=15% TP=20%
TSLA,-0.0762071627802176,-0.0537146920954749,0.8364497613681513,475,67856.44615873962,RSI(7/40/65) SL=15% TP=25%
TSLA,-0.03881476764783979,-0.029035570354107205,0.8364497613681514,475,82624.74599444696,RSI(7/40/65) SL=15% TP=30%
TSLA,-0.07442562544881437,-0.05315518263873901,0.7917156024150368,475,68191.26372253237,RSI(7/40/70) SL=5% TP=8%
TSLA,-0.08426928176273107,-0.06086656598108405,0.7871529649156547,475,63576.67400814494,RSI(7/40/70) SL=5% TP=10%
TSLA,-0.10199177940505186,-0.07233391572960762,0.8229610610200402,475,56714.46630148877,RSI(7/40/70) SL=5% TP=12%
TSLA,-0.0668220044784756,-0.04918940689080639,0.8198778074977101,475,70564.43428915237,RSI(7/40/70) SL=5% TP=15%
TSLA,-0.005782208772362401,-0.004433164721154306,0.7947667286958181,475,97347.13793670607,RSI(7/40/70) SL=5% TP=20%
TSLA,0.005623263601531792,0.004341279620835408,0.7947667286958181,475,102597.87685246818,RSI(7/40/70) SL=5% TP=25%
TSLA,0.03982017065912724,0.03201597214483058,0.7947667286958181,475,119158.76428349386,RSI(7/40/70) SL=5% TP=30%
TSLA,-0.09298800274911138,-0.06716794880142458,0.7851087076500834,475,59805.84651089355,RSI(7/40/70) SL=8% TP=10%
TSLA,-0.09964540323614003,-0.07116579700182107,0.8076491008629665,475,57413.48338144992,RSI(7/40/70) SL=8% TP=12%
TSLA,-0.06243715780573306,-0.046113901337876656,0.7926272657619492,475,72404.85586606429,RSI(7/40/70) SL=8% TP=15%
TSLA,-0.009235221900810131,-0.007025287313461185,0.7488180270347703,475,95795.9788616272,RSI(7/40/70) SL=8% TP=20%
TSLA,0.0021012346960129578,0.0016093423482171423,0.7488180270347704,475,100963.05089726644,RSI(7/40/70) SL=8% TP=25%
TSLA,0.036189592802847545,0.02884305785564576,0.7488180270347705,475,117260.05208187056,RSI(7/40/70) SL=8% TP=30%
TSLA,-0.06690130077948794,-0.044987231864761786,0.8170218535496073,475,73079.06918569017,RSI(7/40/70) SL=10% TP=12%
TSLA,-0.022424339906364738,-0.015661263139423294,0.8138351646900649,475,90628.10126418638,RSI(7/40/70) SL=10% TP=15%
TSLA,0.03787780257511671,0.027689374715022506,0.7572338688636311,475,116569.67344057697,RSI(7/40/70) SL=10% TP=20%
TSLA,0.05186788720176078,0.03819645415513186,0.7572338688636311,475,122857.24320076939,RSI(7/40/70) SL=10% TP=25%
TSLA,0.09287053821560937,0.0713358965513536,0.757233868863631,475,142688.30634898462,RSI(7/40/70) SL=10% TP=30%
TSLA,-0.032331554011361285,-0.023680693945936738,0.8183457349051305,475,85829.17203552675,RSI(7/40/70) SL=12% TP=15%
TSLA,0.042634538082823706,0.03256711894997441,0.7631158265303802,475,119488.57753038152,RSI(7/40/70) SL=12% TP=20%
TSLA,0.03461596141463636,0.02669263992490574,0.7631158265303801,475,115973.21468522136,RSI(7/40/70) SL=12% TP=25%
TSLA,0.07328918372362234,0.058709801734155104,0.7631158265303802,475,135132.69087901028,RSI(7/40/70) SL=12% TP=30%
TSLA,-0.04208460045284558,-0.030273592017141502,0.7767289229055446,475,81883.89811037722,RSI(7/40/70) SL=15% TP=20%
TSLA,-0.03222751084756189,-0.023362086714900733,0.7767289229055448,475,86019.8306483848,RSI(7/40/70) SL=15% TP=25%
TSLA,-0.00021026042997250748,-0.00015914687645379085,0.7767289229055446,475,99904.76448821733,RSI(7/40/70) SL=15% TP=30%
TSLA,-0.021546052244839558,-0.015483297803972543,0.738654322541404,475,90734.59798079738,RSI(7/40/75) SL=5% TP=8%
TSLA,-0.0516027516480685,-0.03653914726363989,0.7370228952024397,475,78134.51028826629,RSI(7/40/75) SL=5% TP=10%
TSLA,-0.08695428499789391,-0.05930509721987058,0.8012598665412007,475,64511.07674302982,RSI(7/40/75) SL=5% TP=12%
TSLA,-0.09800554324943367,-0.06671878455323609,0.807480040786083,475,60074.63210068253,RSI(7/40/75) SL=5% TP=15%
TSLA,-0.016621440313094635,-0.011867031030894376,0.7951684396429923,475,92898.61793865527,RSI(7/40/75) SL=5% TP=20%
TSLA,-0.00919873920096216,-0.006584960691023183,0.7951684396429923,475,96059.47590394327,RSI(7/40/75) SL=5% TP=25%
TSLA,0.025900083202202696,0.0193260673069584,0.7951684396429923,475,111564.9640868624,RSI(7/40/75) SL=5% TP=30%
TSLA,-0.07252744441641644,-0.05122799281674873,0.7611992450581063,475,69344.51858426306,RSI(7/40/75) SL=8% TP=10%
TSLA,-0.10546399090076561,-0.07238234976159143,0.8270195187431217,475,56685.48276171434,RSI(7/40/75) SL=8% TP=12%
TSLA,-0.08465414765163802,-0.05767667506302168,0.8301152252873839,475,65485.5452400648,RSI(7/40/75) SL=8% TP=15%
TSLA,0.0042140065986469135,0.0030423335464090295,0.7874230727638872,475,101820.57102697811,RSI(7/40/75) SL=8% TP=20%
TSLA,0.012203345407208126,0.008831692205818743,0.7874230727638873,475,105284.99676443439,RSI(7/40/75) SL=8% TP=25%
TSLA,0.04946277750056577,0.03723120691542028,0.7874230727638872,475,122279.62699541818,RSI(7/40/75) SL=8% TP=30%
TSLA,-0.06267039045071068,-0.041107812435239206,0.8281070637818735,475,75400.56303478543,RSI(7/40/75) SL=10% TP=12%
TSLA,-0.04778357215037456,-0.03183640996567071,0.821920095890627,475,80948.68800467007,RSI(7/40/75) SL=10% TP=15%
TSLA,0.019896875375154374,0.013973755734752107,0.7980330621142757,475,108362.07287619292,RSI(7/40/75) SL=10% TP=20%
TSLA,0.028592061830805048,0.020135053973701765,0.7980330621142759,475,112049.0719810882,RSI(7/40/75) SL=10% TP=25%
TSLA,0.06865357626244689,0.05035910645711388,0.7980330621142757,475,130135.52878465386,RSI(7/40/75) SL=10% TP=30%
TSLA,-0.046402923065162076,-0.03211049344959792,0.803651762579451,475,80784.67296746283,RSI(7/40/75) SL=12% TP=15%
TSLA,0.017763540892801494,0.01276737466225511,0.7952134283575105,475,107640.159123286,RSI(7/40/75) SL=12% TP=20%
TSLA,0.005780247542898067,0.004176750191434718,0.7952134283575103,475,102499.4203526522,RSI(7/40/75) SL=12% TP=25%
TSLA,0.04322982707308842,0.03247415089462753,0.7952134283575106,475,119432.94426551521,RSI(7/40/75) SL=12% TP=30%
TSLA,0.04503662491015014,0.03237704996884531,0.7931301038862009,475,119374.83783849949,RSI(7/40/75) SL=15% TP=20%
TSLA,0.05341233652908745,0.03849348652861302,0.7931301038862008,475,123034.99114490017,RSI(7/40/75) SL=15% TP=25%
TSLA,0.09571493816648646,0.07168087455345268,0.7931301038862008,475,142894.74556611374,RSI(7/40/75) SL=15% TP=30%
TSLA,-0.02219207837259931,-0.015772775912080483,0.7385881189751597,475,90561.3706049931,RSI(7/40/80) SL=5% TP=8%
TSLA,-0.01300937183983948,-0.009229258474049712,0.7241888522784501,475,94477.09453219565,RSI(7/40/80) SL=5% TP=10%
TSLA,-0.07091342586050582,-0.04775002271339661,0.7976554754374181,475,71425.7800588087,RSI(7/40/80) SL=5% TP=12%
TSLA,-0.09713248461210502,-0.0648631515945634,0.8026376106036356,475,61185.06642674539,RSI(7/40/80) SL=5% TP=15%
TSLA,-0.011164578064893602,-0.007832245471187589,0.7951875118773948,475,95313.084852956,RSI(7/40/80) SL=5% TP=20%
TSLA,0.003954697297920459,0.0027840776909219766,0.7951875118773948,475,101666.02744361521,RSI(7/40/80) SL=5% TP=25%
TSLA,0.0412058815064109,0.030207413689228715,0.7951875118773944,475,118076.49993784004,RSI(7/40/80) SL=5% TP=30%
TSLA,-0.058590694361935806,-0.041150832817439274,0.7420320355679129,475,75374.81909178634,RSI(7/40/80) SL=8% TP=10%
TSLA,-0.1086427135651958,-0.07285178769620343,0.8289372526581529,475,56404.56514052589,RSI(7/40/80) SL=8% TP=12%
TSLA,-0.09575652923152246,-0.06341238882869489,0.833485459753603,475,62053.22128822544,RSI(7/40/80) SL=8% TP=15%
TSLA,-0.002015010810776423,-0.0014197039444998475,0.7916402493066707,475,99150.43113162469,RSI(7/40/80) SL=8% TP=20%
TSLA,0.01361432099162372,0.009624037008588838,0.7807191287004203,475,105759.14595593333,RSI(7/40/80) SL=8% TP=25%
TSLA,0.051900629104883876,0.03815144844946588,0.7807191287004203,475,122830.31121499783,RSI(7/40/80) SL=8% TP=30%
TSLA,-0.043463561218384045,-0.028090816674734405,0.8305656241262207,475,83190.09859305577,RSI(7/40/80) SL=10% TP=12%
TSLA,-0.044914532541675475,-0.029356215117719665,0.8255909859287346,475,82432.86809622172,RSI(7/40/80) SL=10% TP=15%
TSLA,0.032406000934441924,0.022390409156335472,0.802196352879844,475,113398.7051618071,RSI(7/40/80) SL=10% TP=20%
TSLA,0.050501320604317466,0.03502117545688922,0.7860008503319641,475,120957.11610674164,RSI(7/40/80) SL=10% TP=25%
TSLA,0.0937397772269666,0.067648078659348,0.7860008503319642,475,140481.4692929749,RSI(7/40/80) SL=10% TP=30%
TSLA,-0.04585776008372903,-0.03115082090210341,0.8032102036485116,475,81358.95320620161,RSI(7/40/80) SL=12% TP=15%
TSLA,0.02822466825840593,0.019988728114997825,0.793721065397622,475,111961.50872913362,RSI(7/40/80) SL=12% TP=20%
TSLA,0.01823606160612714,0.012856154399725978,0.7768316345930558,475,107693.28604555031,RSI(7/40/80) SL=12% TP=25%
TSLA,0.05719397082143566,0.04190527968031,0.7768316345930558,475,125076.65149123313,RSI(7/40/80) SL=12% TP=30%
TSLA,0.0970218364598613,0.06723214433239484,0.7787488056471048,475,140232.5689100204,RSI(7/40/80) SL=15% TP=20%
TSLA,0.17730936648237594,0.12369111297263076,0.7787488056471049,475,174018.3326836219,RSI(7/40/80) SL=15% TP=25%
TSLA,0.23531250155374056,0.17063071833583543,0.7787488056471048,475,202107.5885914444,RSI(7/40/80) SL=15% TP=30%
TSLA,-0.09160662144795043,-0.07415344805753636,0.7805703650277291,147,55625.635051283796,RSI(10/25/65) SL=5% TP=8%
TSLA,-0.039546290595828586,-0.030555234664870912,0.6676809756827419,147,81715.35957356138,RSI(10/25/65) SL=5% TP=10%
TSLA,-0.09341876578363106,-0.06901497772573811,0.7620727138334663,147,58700.560948248785,RSI(10/25/65) SL=5% TP=12%
TSLA,-0.09114546036215716,-0.06734006385107107,0.7653378758853473,147,59702.85067959715,RSI(10/25/65) SL=5% TP=15%
TSLA,-0.054881236976030076,-0.0441560800984768,0.7688049397597423,147,73576.44095694325,RSI(10/25/65) SL=5% TP=20%
TSLA,-0.047692803793394516,-0.03839690822662169,0.7688049397597423,147,77022.80253740257,RSI(10/25/65) SL=5% TP=25%
TSLA,-0.0530686126757544,-0.042037000935996306,0.7688049397597425,147,74844.52483671332,RSI(10/25/65) SL=5% TP=30%
TSLA,0.027460522843463557,0.02153092865973875,0.5553233228802892,147,112884.38111860557,RSI(10/25/65) SL=8% TP=10%
TSLA,-0.023884928673070186,-0.018376484269008356,0.615708478148448,147,89003.2784612442,RSI(10/25/65) SL=8% TP=12%
TSLA,-0.009878275636165838,-0.0076166475493470815,0.5960601999559442,147,95442.10138713675,RSI(10/25/65) SL=8% TP=15%
TSLA,0.011398291764030635,0.009131043829360813,0.6212158731667202,147,105464.13257725241,RSI(10/25/65) SL=8% TP=20%
TSLA,0.021689286980921426,0.01738621434221486,0.6212158731667202,147,110404.13143970635,RSI(10/25/65) SL=8% TP=25%
TSLA,0.015400379099817717,0.012168522169259352,0.6319282465116826,147,107281.79818700123,RSI(10/25/65) SL=8% TP=30%
TSLA,0.033427026752783535,0.025229253310330893,0.5218258758145284,147,115097.50555237262,RSI(10/25/65) SL=10% TP=12%
TSLA,0.03215145283835346,0.024269507605674704,0.5448900409683446,147,114523.1815354593,RSI(10/25/65) SL=10% TP=15%
TSLA,0.07300608752029643,0.05803172537460183,0.5456530118282664,147,134726.92137496013,RSI(10/25/65) SL=10% TP=20%
TSLA,0.08061135940606111,0.06371995480923193,0.5550170725016667,147,138130.83010012767,RSI(10/25/65) SL=10% TP=25%
TSLA,0.07342801645769587,0.05719190063536356,0.5676016105374817,147,134224.35958655883,RSI(10/25/65) SL=10% TP=30%
TSLA,-0.054476497547626346,-0.0409788676473595,0.7000549235696039,147,75477.72523324678,RSI(10/25/65) SL=12% TP=15%
TSLA,-0.014384971830052534,-0.011669138956492056,0.6863135361641344,147,93017.03906889285,RSI(10/25/65) SL=12% TP=20%
TSLA,-0.005408021906747779,-0.004388260620418341,0.6863135361641344,147,97374.00912079727,RSI(10/25/65) SL=12% TP=25%
TSLA,-0.011243396290057451,-0.008990150048046664,0.6951848860328943,147,94620.18005061334,RSI(10/25/65) SL=12% TP=30%
TSLA,0.00040057490385025257,0.0003151448818945733,0.6560992247777695,147,100188.58669916548,RSI(10/25/65) SL=15% TP=20%
TSLA,0.010356824372705542,0.008157373765137385,0.6560992247777695,147,104881.47604675681,RSI(10/25/65) SL=15% TP=25%
TSLA,0.004120610169183651,0.0032006819319514686,0.6560992247777694,147,101915.32871165985,RSI(10/25/65) SL=15% TP=30%
TSLA,-0.09052890411737699,-0.07305095739140359,0.7779678333727784,147,56285.37946577912,RSI(10/25/70) SL=5% TP=8%
TSLA,-0.05740466272475593,-0.043588171371408226,0.6872396457435108,147,73916.28475076047,RSI(10/25/70) SL=5% TP=10%
TSLA,-0.10776253554539728,-0.0783772408237554,0.7745339384444665,147,53098.06382451463,RSI(10/25/70) SL=5% TP=12%
TSLA,-0.12465185928576472,-0.08836768540344869,0.7806504385453757,147,47119.65492523784,RSI(10/25/70) SL=5% TP=15%
TSLA,-0.0909947194570657,-0.07017569375248876,0.7841265482256878,147,58005.97373859006,RSI(10/25/70) SL=5% TP=20%
TSLA,-0.084934907409297,-0.06563529511387634,0.7841265482256878,147,60723.00593979146,RSI(10/25/70) SL=5% TP=25%
TSLA,-0.09893095747693363,-0.07423959265397105,0.7953659141205712,147,55574.08503087764,RSI(10/25/70) SL=5% TP=30%
TSLA,0.005410623957201386,0.004169608456592869,0.58434010395452,147,102495.14664783415,RSI(10/25/70) SL=8% TP=10%
TSLA,-0.042356195081259165,-0.03206495384454581,0.6305066158681766,147,80811.92444540671,RSI(10/25/70) SL=8% TP=12%
TSLA,-0.03949441113921328,-0.02956162465375113,0.6217902105326875,147,82309.94842148543,RSI(10/25/70) SL=8% TP=15%
TSLA,0.015237207665947348,0.011588307130944194,0.5896313368147736,147,106934.59014026343,RSI(10/25/70) SL=8% TP=20%
TSLA,0.026191109151000768,0.019958577229012082,0.5896313368147736,147,111943.46605609135,RSI(10/25/70) SL=8% TP=25%
TSLA,0.0055083802625842775,0.004096469042682418,0.6276346765776823,147,102451.37909379567,RSI(10/25/70) SL=8% TP=30%
TSLA,-0.012371502774602429,-0.009286521201515158,0.5918716444485338,147,94442.82778893458,RSI(10/25/70) SL=10% TP=12%
TSLA,-0.03573597344553489,-0.02613601492370738,0.6123708998760345,147,84359.87678374971,RSI(10/25/70) SL=10% TP=15%
TSLA,0.025086271559545934,0.019230002851954142,0.6034725072283919,147,111507.47789712177,RSI(10/25/70) SL=10% TP=20%
TSLA,0.05000176667204853,0.039041043595160495,0.6116449120151515,147,123362.6562466278,RSI(10/25/70) SL=10% TP=25%
TSLA,0.028289599947427618,0.021560864818522433,0.6116449120151516,147,112902.29529616343,RSI(10/25/70) SL=10% TP=30%
TSLA,-0.1264081387933139,-0.08952098487467483,0.7866589157274909,147,46429.50587658348,RSI(10/25/70) SL=12% TP=15%
TSLA,-0.0903452610573638,-0.06947920643522451,0.7721899687347826,147,58422.760593524385,RSI(10/25/70) SL=12% TP=20%
TSLA,-0.08423950767125339,-0.06490618394174391,0.7721899687347826,147,61159.315323750074,RSI(10/25/70) SL=12% TP=25%
TSLA,-0.0980362785174428,-0.07357230542650359,0.7965615231227109,147,55973.39818128278,RSI(10/25/70) SL=12% TP=30%
TSLA,-0.07253847591165792,-0.0557777154450576,0.7470992232113631,147,66621.90678922743,RSI(10/25/70) SL=15% TP=20%
TSLA,-0.06564600789258655,-0.05056290746250783,0.7470992232113631,147,69742.51410576912,RSI(10/25/70) SL=15% TP=25%
TSLA,-0.08035833113942926,-0.06044524667271239,0.7483206504838007,147,63828.796832361,RSI(10/25/70) SL=15% TP=30%
TSLA,-0.08659272880996693,-0.06966132162541454,0.7784984466228169,147,58313.78055114083,RSI(10/25/75) SL=5% TP=8%
TSLA,-0.05163236168167065,-0.039136761700579906,0.6879870815343521,147,76580.06482362123,RSI(10/25/75) SL=5% TP=10%
TSLA,-0.11264402281513215,-0.07851208159967749,0.7837606005601497,147,53017.37339193903,RSI(10/25/75) SL=5% TP=12%
TSLA,-0.11959075188458805,-0.08225391233390068,0.7729475361484396,147,50778.21436526896,RSI(10/25/75) SL=5% TP=15%
TSLA,-0.07918742238533882,-0.05944607482192998,0.7755193401989992,147,64426.713955765714,RSI(10/25/75) SL=5% TP=20%
TSLA,-0.0972482938414834,-0.07089415034739416,0.7755193401989994,147,57576.04018894032,RSI(10/25/75) SL=5% TP=25%
TSLA,-0.09510138188058323,-0.06899291712232486,0.7755193401989992,147,58713.76229346592,RSI(10/25/75) SL=5% TP=30%
TSLA,0.027651035268173342,0.020812085918237706,0.5853334494309964,147,112454.21649392955,RSI(10/25/75) SL=8% TP=10%
TSLA,-0.049955749952590715,-0.036419655992398874,0.6565326164891176,147,78206.01538232638,RSI(10/25/75) SL=8% TP=12%
TSLA,-0.011337793574107042,-0.008419097169416325,0.6155596180217755,147,94961.90534465086,RSI(10/25/75) SL=8% TP=15%
TSLA,0.05985831588370939,0.045378280815778965,0.6026046386531491,147,127154.93947229948,RSI(10/25/75) SL=8% TP=20%
TSLA,0.0278364973930596,0.020495778174214507,0.60739315132691,147,112264.93392329979,RSI(10/25/75) SL=8% TP=25%
TSLA,0.033012822933084156,0.024202907419031423,0.60739315132691,147,114483.32713805532,RSI(10/25/75) SL=8% TP=30%
TSLA,-0.034731308658982676,-0.025129153631564875,0.6473298842302178,147,84962.395366508,RSI(10/25/75) SL=10% TP=12%
TSLA,-0.021868912318578917,-0.01591798211515663,0.6446758562491516,147,90474.47736918405,RSI(10/25/75) SL=10% TP=15%
TSLA,0.04963645860350198,0.03792295428221132,0.6446758562491515,147,122693.57740379947,RSI(10/25/75) SL=10% TP=20%
TSLA,0.03504974344848875,0.026531668135482363,0.6519990628014735,147,115876.8871223442,RSI(10/25/75) SL=10% TP=25%
TSLA,0.040304404469144524,0.030358068615467484,0.6519990628014732,147,118166.65375877975,RSI(10/25/75) SL=10% TP=30%
TSLA,-0.10827842991977828,-0.07622344197095476,0.7599569913597146,147,54386.92440785723,RSI(10/25/75) SL=12% TP=15%
TSLA,-0.06520445651890447,-0.0497786637540963,0.7424029212541635,147,70211.81549953285,RSI(10/25/75) SL=12% TP=20%
TSLA,-0.08372610568608226,-0.06225470229876694,0.7424029212541634,147,62745.99560851566,RSI(10/25/75) SL=12% TP=25%
TSLA,-0.08133261655794553,-0.06018275064666507,0.7424029212541635,147,63985.87778763058,RSI(10/25/75) SL=12% TP=30%
TSLA,-0.03919236665509199,-0.029852079776828022,0.7460776360493364,147,82136.1363875172,RSI(10/25/75) SL=15% TP=20%
TSLA,-0.05976941335940166,-0.044446968061518696,0.7460776360493366,147,73402.36990604358,RSI(10/25/75) SL=15% TP=25%
TSLA,-0.05676170514441026,-0.0420231295341342,0.7460776360493365,147,74852.82565973239,RSI(10/25/75) SL=15% TP=30%
TSLA,-0.0941715213536325,-0.07434851957829203,0.7891526178979411,147,55508.90177616493,RSI(10/25/80) SL=5% TP=8%
TSLA,-0.057667917687610724,-0.04316918692159665,0.6978186762905578,147,74167.01036596518,RSI(10/25/80) SL=5% TP=10%
TSLA,-0.10623051853060117,-0.07437604636513986,0.7736657092075073,147,55492.42939736868,RSI(10/25/80) SL=5% TP=12%
TSLA,-0.09589889810967646,-0.06694675915580228,0.74360272329984,147,59938.20920359133,RSI(10/25/80) SL=5% TP=15%
TSLA,-0.03688782131182559,-0.02753989345554851,0.7507525560360835,147,83519.778043267,RSI(10/25/80) SL=5% TP=20%
TSLA,-0.048329620507875086,-0.03494969319294993,0.7423259314481088,147,79085.65978771092,RSI(10/25/80) SL=5% TP=25%
TSLA,-0.010185285511405876,-0.00767086683399203,0.7420751029923296,147,95409.65587870635,RSI(10/25/80) SL=5% TP=30%
TSLA,0.034777423592248564,0.026036303217587962,0.5738056796755181,147,115580.45446512803,RSI(10/25/80) SL=8% TP=10%
TSLA,-0.030354983840224087,-0.022235242702269935,0.6192541944999652,147,86694.14841467339,RSI(10/25/80) SL=8% TP=12%
TSLA,0.03720588484666623,0.027552854440349397,0.5645455196331398,147,116487.97797462178,RSI(10/25/80) SL=8% TP=15%
TSLA,0.17561749749432998,0.13267467049807846,0.5729293128712598,147,179394.20758377077,RSI(10/25/80) SL=8% TP=20%
TSLA,0.11188636167566963,0.07997591747860669,0.6157007457114101,147,147858.6045864043,RSI(10/25/80) SL=8% TP=25%
TSLA,0.16157806543092035,0.11913009815426173,0.6157007457114103,147,171288.96349866138,RSI(10/25/80) SL=8% TP=30%
TSLA,-0.012787673711594966,-0.00921264263156403,0.6077940791602552,147,94487.0376633339,RSI(10/25/80) SL=10% TP=12%
TSLA,0.035234589822773665,0.02553978046493357,0.5790726381238253,147,115283.32894488881,RSI(10/25/80) SL=10% TP=15%
TSLA,0.1625866110109474,0.12291424134447622,0.6171418365493466,147,173553.44283629768,RSI(10/25/80) SL=10% TP=20%
TSLA,0.13373223198723114,0.09785038149097773,0.6461065833447397,147,158554.91082872794,RSI(10/25/80) SL=10% TP=25%
TSLA,0.18556869766390607,0.13983703247396181,0.6461065833447396,147,183680.25594076762,RSI(10/25/80) SL=10% TP=30%
TSLA,-0.07909272113180583,-0.05562145630203906,0.7165505351008838,147,66715.41424465281,RSI(10/25/80) SL=12% TP=15%
TSLA,-0.01903842638703208,-0.01381707442200745,0.720045311872925,147,91731.68721095745,RSI(10/25/80) SL=12% TP=20%
TSLA,-0.05794232521875048,-0.039409975246603036,0.74538294168242,147,76416.57036830262,RSI(10/25/80) SL=12% TP=25%
TSLA,-0.027129834913148722,-0.01917423576303463,0.74538294168242,147,88525.89383704118,RSI(10/25/80) SL=12% TP=30%
TSLA,0.05558195706615926,0.04101941483995814,0.7067080556501788,147,124546.53872168923,RSI(10/25/80) SL=15% TP=20%
TSLA,0.043143361760541045,0.031414361246560336,0.6945698230200468,147,118798.75268246546,RSI(10/25/80) SL=15% TP=25%
TSLA,0.04078722839271718,0.02932608673127128,0.7391225124989639,147,117549.10269474487,RSI(10/25/80) SL=15% TP=30%
TSLA,-0.06250467473271432,-0.048259100191398834,0.6934939777084012,221,71121.14163149626,RSI(10/30/65) SL=5% TP=8%
TSLA,0.04409122976325056,0.03459784534393354,0.5920590872461058,221,120703.7899915285,RSI(10/30/65) SL=5% TP=10%
TSLA,-0.029288385407834974,-0.022211997674232993,0.6454064847704403,221,86708.05853462566,RSI(10/30/65) SL=5% TP=12%
TSLA,0.004528877271575101,0.0034284334568465274,0.6116002910628149,221,102051.61811623992,RSI(10/30/65) SL=5% TP=15%
TSLA,0.0021474917849410927,0.0016652135160081512,0.6879148529819337,221,100996.48491354773,RSI(10/30/65) SL=5% TP=20%
TSLA,0.0021680409457976836,0.001656005527822955,0.7018952716961467,221,100990.97473649088,RSI(10/30/65) SL=5% TP=25%
TSLA,-0.004130763733480607,-0.0031168214628908494,0.7018952716961468,221,98134.85445792087,RSI(10/30/65) SL=5% TP=30%
TSLA,0.10756168278007709,0.0813917705026717,0.5521872287225523,221,148705.86901509084,RSI(10/30/65) SL=8% TP=10%
TSLA,0.013853562647031262,0.010181731853058004,0.6136974554002925,221,106092.87763270296,RSI(10/30/65) SL=8% TP=12%
TSLA,0.09023262096129538,0.06832342733267516,0.5723553525333366,221,140885.60651495005,RSI(10/30/65) SL=8% TP=15%
TSLA,0.09669447444974369,0.07241196143900719,0.5794197169387144,221,143332.23724207256,RSI(10/30/65) SL=8% TP=20%
TSLA,0.0980753723300741,0.07239889364216051,0.5982603715367325,221,143324.41730649924,RSI(10/30/65) SL=8% TP=25%
TSLA,0.09001384401446133,0.06562539086992113,0.5982603715367325,221,139271.06723485756,RSI(10/30/65) SL=8% TP=30%
TSLA,0.01898600667592684,0.014073277132052739,0.5811141343739832,221,108421.62774410141,RSI(10/30/65) SL=10% TP=12%
TSLA,0.05693120499558762,0.042813283495223314,0.5938776391296355,221,125620.01250428443,RSI(10/30/65) SL=10% TP=15%
TSLA,0.06816360751921059,0.05095304531041755,0.592181357098794,221,130490.94933655145,RSI(10/30/65) SL=10% TP=20%
TSLA,0.07577468395353068,0.05646243015639929,0.600586471725475,221,133787.83518882943,RSI(10/30/65) SL=10% TP=25%
TSLA,0.06811030914427264,0.05013962564357513,0.6005864717254747,221,130004.18867877433,RSI(10/30/65) SL=10% TP=30%
TSLA,0.0287104340909352,0.022181537359164904,0.6273997654910567,221,113273.71362603996,RSI(10/30/65) SL=12% TP=15%
TSLA,0.033328028810395455,0.02546876770843275,0.6335548380488293,221,115240.83400964944,RSI(10/30/65) SL=12% TP=20%
TSLA,0.045059425083109825,0.03448920633097886,0.6335548380488293,221,120638.77902663339,RSI(10/30/65) SL=12% TP=25%
TSLA,0.038042945246351496,0.028787825369289668,0.6335548380488293,221,117227.00026067016,RSI(10/30/65) SL=12% TP=30%
TSLA,0.08723752872918598,0.0643748692777949,0.5800100895003206,221,138522.73923448997,RSI(10/30/65) SL=15% TP=20%
TSLA,0.10168834699172508,0.07521769142352014,0.5800100895003206,221,145011.22169312238,RSI(10/30/65) SL=15% TP=25%
TSLA,0.09347894458333225,0.06836447038412351,0.5800100895003204,221,140910.16719811835,RSI(10/30/65) SL=15% TP=30%
TSLA,-0.053027740953500296,-0.041059587050051284,0.6898586819310202,221,75429.42171766772,RSI(10/30/70) SL=5% TP=8%
TSLA,0.03741579200069602,0.029033474937839737,0.616021960920225,221,117374.00008185013,RSI(10/30/70) SL=5% TP=10%
TSLA,-0.03490900476651095,-0.026209185789981396,0.6662356768064792,221,84316.09040821748,RSI(10/30/70) SL=5% TP=12%
TSLA,-0.0048185573801044455,-0.0035422792891849045,0.6238661549575236,221,97880.25509202745,RSI(10/30/70) SL=5% TP=15%
TSLA,0.013029033655117435,0.0100336478903171,0.7052850826006744,221,106004.26230896753,RSI(10/30/70) SL=5% TP=20%
TSLA,0.004381577831459562,0.0033778793775402723,0.7052850826006741,221,102021.36591322649,RSI(10/30/70) SL=5% TP=25%
TSLA,-0.014671774939529866,-0.011078292120864454,0.7052850826006742,221,93370.60931814936,RSI(10/30/70) SL=5% TP=30%
TSLA,0.056603481525841604,0.042469053528549114,0.6092172096594969,221,125414.0209210524,RSI(10/30/70) SL=8% TP=10%
TSLA,-0.024362658496436287,-0.01775012256153358,0.6619924145655115,221,89378.10126079657,RSI(10/30/70) SL=8% TP=12%
TSLA,0.011421509817298845,0.008471483337789007,0.6258188387964881,221,105069.44320372454,RSI(10/30/70) SL=8% TP=15%
TSLA,0.015882458763320863,0.01180796929711721,0.6280593642346352,221,107066.0387698622,RSI(10/30/70) SL=8% TP=20%
TSLA,0.006822391775885599,0.005085534235447915,0.6285839422581692,221,103043.24826470455,RSI(10/30/70) SL=8% TP=25%
TSLA,-0.013035760337890478,-0.00951543542745827,0.6285839422581692,221,94305.8426092829,RSI(10/30/70) SL=8% TP=30%
TSLA,-0.02148498001336327,-0.01584282238590138,0.6323048530972221,221,90519.45390557965,RSI(10/30/70) SL=10% TP=12%
TSLA,-0.014239951232353953,-0.010399341941864279,0.6584821997189457,221,93776.90172685265,RSI(10/30/70) SL=10% TP=15%
TSLA,-0.009336983508821397,-0.00685202895340978,0.6299582595480017,221,95899.65886438811,RSI(10/30/70) SL=10% TP=20%
TSLA,-0.003829559137724219,-0.0028031034917701835,0.6375847947721626,221,98322.58727555975,RSI(10/30/70) SL=10% TP=25%
TSLA,-0.023352231555651408,-0.016735167340349723,0.6375847947721627,221,89985.46335347326,RSI(10/30/70) SL=10% TP=30%
TSLA,-0.07403840911351622,-0.05443571417423208,0.7307828966374166,221,67424.9773909754,RSI(10/30/70) SL=12% TP=15%
TSLA,-0.050605054774700294,-0.03857152632823636,0.71329012171102,221,76918.30884802365,RSI(10/30/70) SL=12% TP=20%
TSLA,-0.04264104245508814,-0.03255077083929613,0.71329012171102,221,80521.20538664343,RSI(10/30/70) SL=12% TP=25%
TSLA,-0.05869305228285956,-0.04396042355182361,0.7132901217110202,221,73693.52431898809,RSI(10/30/70) SL=12% TP=30%
TSLA,-0.04010215782393541,-0.029254237977241537,0.7072162982940569,221,82493.89251203166,RSI(10/30/70) SL=15% TP=20%
TSLA,-0.031172982954667756,-0.022797055499046443,0.7072162982940569,221,86357.95250295158,RSI(10/30/70) SL=15% TP=25%
TSLA,-0.048856112385386945,-0.035033760628985375,0.7072162982940569,221,79035.3527664643,RSI(10/30/70) SL=15% TP=30%
TSLA,-0.041286473254131865,-0.03119235585977066,0.6905998587400006,221,81334.0981601055,RSI(10/30/75) SL=5% TP=8%
TSLA,0.0583704998024563,0.044387647993422825,0.6169395929838779,221,126562.13221193716,RSI(10/30/75) SL=5% TP=10%
TSLA,-0.03771578237832829,-0.027396713752462377,0.6872903678850857,221,83605.4585957487,RSI(10/30/75) SL=5% TP=12%
TSLA,-0.018050718790116858,-0.012819619650094883,0.6576292533119863,221,92328.57681256227,RSI(10/30/75) SL=5% TP=15%
TSLA,0.07818109169359512,0.06184886949084256,0.7075779041851882,221,137011.1488857899,RSI(10/30/75) SL=5% TP=20%
TSLA,0.02714545780628917,0.02100397589408447,0.7075779041851882,221,112569.04589217436,RSI(10/30/75) SL=5% TP=25%
TSLA,0.03386818214780932,0.02609157224351502,0.7075779041851882,221,115613.52815207168,RSI(10/30/75) SL=5% TP=30%
TSLA,0.08538936932579069,0.06283294474502134,0.6101511037415641,221,137600.0320140842,RSI(10/30/75) SL=8% TP=10%
TSLA,-0.04721811224115283,-0.03368890184603416,0.7198359501265323,221,79840.13333975416,RSI(10/30/75) SL=8% TP=12%
TSLA,-0.041612395927257476,-0.02942148022885517,0.6667098053727946,221,82393.81262495492,RSI(10/30/75) SL=8% TP=15%
TSLA,0.0395600406609835,0.030442112020410552,0.6729946754707733,221,118216.94639951552,RSI(10/30/75) SL=8% TP=20%
TSLA,-0.006369368926477503,-0.004799973286434332,0.6834435170300897,221,97127.63503335597,RSI(10/30/75) SL=8% TP=25%
TSLA,-0.0005464072501576532,-0.000410256757275548,0.6811820504943286,221,99754.4971468367,RSI(10/30/75) SL=8% TP=30%
TSLA,-0.04361261815236851,-0.031554062080103674,0.6968286475528874,221,81117.64856476335,RSI(10/30/75) SL=10% TP=12%
TSLA,-0.061967446407228344,-0.043261382244489895,0.6960105496232591,221,74111.8395140116,RSI(10/30/75) SL=10% TP=15%
TSLA,0.01941583146865803,0.014795555479963734,0.6829498252318205,221,108853.84827927987,RSI(10/30/75) SL=10% TP=20%
TSLA,-0.01062237692443725,-0.007897231482545479,0.689484207874012,221,95274.19639854024,RSI(10/30/75) SL=10% TP=25%
TSLA,-0.009097141434164704,-0.0067075253363268654,0.6932258439136446,221,95986.1316638171,RSI(10/30/75) SL=10% TP=30%
TSLA,-0.052213978217194985,-0.03829686796226139,0.728680521356299,221,77082.66790194834,RSI(10/30/75) SL=12% TP=15%
TSLA,-0.005297305536651724,-0.00403658094022872,0.7052754072353514,221,97584.45870719646,RSI(10/30/75) SL=12% TP=20%
TSLA,-0.028597307024838783,-0.021376503851065543,0.7052754072353513,221,87208.02864785443,RSI(10/30/75) SL=12% TP=25%
TSLA,-0.03741361550271155,-0.02731647911684076,0.708826763353197,221,83653.4720205572,RSI(10/30/75) SL=12% TP=30%
TSLA,0.005279639551949573,0.003851007515355204,0.7053912726772509,221,102304.4917988713,RSI(10/30/75) SL=15% TP=20%
TSLA,-0.020009602766928786,-0.01432762486859369,0.7053912726772508,221,91426.16734053996,RSI(10/30/75) SL=15% TP=25%
TSLA,-0.02671265423650653,-0.018767433960903187,0.7053912726772507,221,88769.32920117381,RSI(10/30/75) SL=15% TP=30%
TSLA,-0.05054869868750543,-0.03772990178445733,0.7054819308847426,221,77421.9476623168,RSI(10/30/80) SL=5% TP=8%
TSLA,0.05006922100200539,0.03772335050121628,0.629009909519007,221,122574.13196660085,RSI(10/30/80) SL=5% TP=10%
TSLA,-0.015158698231455337,-0.011016773985264735,0.6726918730256741,221,93407.42255167491,RSI(10/30/80) SL=5% TP=12%
TSLA,0.05826010135522215,0.04248297363641581,0.592311382259705,221,125422.3508903631,RSI(10/30/80) SL=5% TP=15%
TSLA,0.19612616974775757,0.15521493295084804,0.6864194705488486,221,192882.58686106303,RSI(10/30/80) SL=5% TP=20%
TSLA,0.09604006410728319,0.07255377490890165,0.6758178557127673,221,143417.10022326338,RSI(10/30/80) SL=5% TP=25%
TSLA,0.16933366310035483,0.13224952992481834,0.6624011957679581,221,179139.79806612147,RSI(10/30/80) SL=5% TP=30%
TSLA,0.11581563905130549,0.0852312394820369,0.5976668988275521,221,151003.45600750463,RSI(10/30/80) SL=8% TP=10%
TSLA,-0.016742913182736907,-0.012040497992630862,0.6855135233033038,221,92794.81310599709,RSI(10/30/80) SL=8% TP=12%
TSLA,0.028563824629629673,0.020483952894405185,0.6112477309431068,221,112257.85752569961,RSI(10/30/80) SL=8% TP=15%
TSLA,0.155588259025271,0.11925218942961631,0.6389299542111064,221,171362.02446819897,RSI(10/30/80) SL=8% TP=20%
TSLA,0.0247562074812021,0.017823573458434033,0.6757928430759271,221,110665.85268861846,RSI(10/30/80) SL=8% TP=25%
TSLA,0.0734834119663627,0.054706888385410234,0.6757928430759272,221,132737.29670047565,RSI(10/30/80) SL=8% TP=30%
TSLA,-0.012519010120574253,-0.00905207188074636,0.6465024010813677,221,94583.12523961686,RSI(10/30/80) SL=10% TP=12%
TSLA,0.011542924861359511,0.008165320461363701,0.631686488673494,221,104886.23145068907,RSI(10/30/80) SL=10% TP=15%
TSLA,0.12757009408818668,0.09640742197210772,0.6292448922142756,221,157691.42552934066,RSI(10/30/80) SL=10% TP=20%
TSLA,0.03420239900807393,0.02427803158673619,0.6557997647589218,221,114528.28239396753,RSI(10/30/80) SL=10% TP=25%
TSLA,0.07939160181318752,0.05807383485971117,0.6599472897405352,221,134752.1202255732,RSI(10/30/80) SL=10% TP=30%
TSLA,0.03185035238092313,0.023511647144383002,0.6835308549054375,221,114069.66821179746,RSI(10/30/80) SL=12% TP=15%
TSLA,0.11344597114193258,0.08449713450128926,0.6620390581619086,221,150564.15826505722,RSI(10/30/80) SL=12% TP=20%
TSLA,0.011994980104025168,0.008318898645331075,0.6912864361469637,221,104978.1345861743,RSI(10/30/80) SL=12% TP=25%
TSLA,0.005651941598473001,0.003972863645979636,0.695006355795905,221,102377.41205481639,RSI(10/30/80) SL=12% TP=30%
TSLA,0.13891478610980978,0.09772730349088067,0.6608139270335233,221,158481.25939057462,RSI(10/30/80) SL=15% TP=20%
TSLA,0.06379056656449025,0.04340330285285995,0.6467763118249126,221,125973.08758020349,RSI(10/30/80) SL=15% TP=25%
TSLA,0.08659058565274418,0.059891407742075214,0.6969851392143994,221,135839.7789186704,RSI(10/30/80) SL=15% TP=30%
TSLA,-0.12325742848536538,-0.09227420784150413,0.8071767655813753,324,44781.94229167134,RSI(10/35/65) SL=5% TP=8%
TSLA,-0.09356613500829215,-0.06730063667105203,0.747199413443356,324,59726.44440478315,RSI(10/35/65) SL=5% TP=10%
TSLA,-0.1202950523837164,-0.08698623686715841,0.7985017513833681,324,47946.33127155759,RSI(10/35/65) SL=5% TP=12%
TSLA,-0.10637211194990533,-0.07634417170679575,0.7518563268809527,324,54314.67820085397,RSI(10/35/65) SL=5% TP=15%
TSLA,-0.09516805799064988,-0.07033354567705838,0.7808827574302375,324,57911.513142458716,RSI(10/35/65) SL=5% TP=20%
TSLA,-0.09601927217558463,-0.0708176247418328,0.7819788033333911,324,57621.83408306196,RSI(10/35/65) SL=5% TP=25%
TSLA,-0.10083956618446077,-0.0735408289260052,0.7881446489704131,324,55992.234118882596,RSI(10/35/65) SL=5% TP=30%
TSLA,-0.0010857531046645887,-0.0007822188298368853,0.5804133618920876,324,99531.91031928809,RSI(10/35/65) SL=8% TP=10%
TSLA,-0.03108353023836377,-0.021991118324391924,0.6367986410400827,324,86840.23554238769,RSI(10/35/65) SL=8% TP=12%
TSLA,-0.028913352852960837,-0.020295677054033155,0.6575908867381312,324,87854.80912798333,RSI(10/35/65) SL=8% TP=15%
TSLA,-0.009717820922485855,-0.0068020783549869,0.663247224929509,324,95929.54993677768,RSI(10/35/65) SL=8% TP=20%
TSLA,-0.01088527944091333,-0.00760394804026676,0.6632472249295092,324,95449.70093463402,RSI(10/35/65) SL=8% TP=25%
TSLA,-0.017538329454424947,-0.012114894786399615,0.663247224929509,324,92750.29311988468,RSI(10/35/65) SL=8% TP=30%
TSLA,-0.011465282913986756,-0.007996456104280524,0.6105964573178784,324,95214.8191248988,RSI(10/35/65) SL=10% TP=12%
TSLA,-0.030851433624511822,-0.021662600260123746,0.6856005599115772,324,87036.82492370372,RSI(10/35/65) SL=10% TP=15%
TSLA,-0.018654640002812306,-0.012980520760705716,0.6907941996000161,324,92232.29154478404,RSI(10/35/65) SL=10% TP=20%
TSLA,-0.018654640002812306,-0.012980520760705716,0.6907941996000161,324,92232.29154478404,RSI(10/35/65) SL=10% TP=25%
TSLA,-0.025201900359065416,-0.017339412945368105,0.6907941996000161,324,89623.8751104702,RSI(10/35/65) SL=10% TP=30%
TSLA,-0.04692404136316243,-0.033433322528508475,0.6928901701557589,324,79993.07524881318,RSI(10/35/65) SL=12% TP=15%
TSLA,-0.03499827692561809,-0.02474173593984853,0.6979633910258095,324,85194.2310328208,RSI(10/35/65) SL=12% TP=20%
TSLA,-0.03499827692561809,-0.02474173593984853,0.6979633910258095,324,85194.2310328208,RSI(10/35/65) SL=12% TP=25%
TSLA,-0.041139485131899134,-0.02876800983598143,0.6979633910258094,324,82784.8576060873,RSI(10/35/65) SL=12% TP=30%
TSLA,-0.007759718382444839,-0.005590132316516229,0.6432697128529508,324,96654.79383598949,RSI(10/35/65) SL=15% TP=20%
TSLA,-0.005080174093756516,-0.0036646530438849655,0.6432697128529508,324,97807.02508326249,RSI(10/35/65) SL=15% TP=25%
TSLA,-0.023929319770927267,-0.01679882400188288,0.6432697128529506,324,89947.37039887326,RSI(10/35/65) SL=15% TP=30%
TSLA,-0.11304044760759112,-0.0848357064735316,0.7977477431136947,324,49233.23596742632,RSI(10/35/70) SL=5% TP=8%
TSLA,-0.10852395936150402,-0.0771089283502903,0.7718653790368181,324,53857.03811419136,RSI(10/35/70) SL=5% TP=10%
TSLA,-0.14116540677486586,-0.09966968874566141,0.8303990688069249,324,40356.392607755,RSI(10/35/70) SL=5% TP=12%
TSLA,-0.1395617176133566,-0.09644275180361762,0.7985040709786919,324,42287.43265085105,RSI(10/35/70) SL=5% TP=15%
TSLA,-0.10856380665618215,-0.07947814769226798,0.7645494215424732,324,52439.26717462694,RSI(10/35/70) SL=5% TP=20%
TSLA,-0.1063632021713178,-0.07793724329998358,0.7662178962446762,324,53361.363930009815,RSI(10/35/70) SL=5% TP=25%
TSLA,-0.12252041297015469,-0.08747698259122838,0.7912283544099883,324,47652.66279858239,RSI(10/35/70) SL=5% TP=30%
TSLA,-0.07483935283222712,-0.05225825296118939,0.7088730408544529,324,68727.99783116126,RSI(10/35/70) SL=8% TP=10%
TSLA,-0.08952687490787128,-0.061927902057069016,0.7354831293867886,324,62941.557022992034,RSI(10/35/70) SL=8% TP=12%
TSLA,-0.12105130717167026,-0.07963642458604972,0.7718088589723922,324,52344.552271522625,RSI(10/35/70) SL=8% TP=15%
TSLA,-0.07955531500896404,-0.05525110022712778,0.7429063305842706,324,66937.040022814,RSI(10/35/70) SL=8% TP=20%
TSLA,-0.07662652396950502,-0.05328418526940741,0.7429063305842705,324,68114.06691021175,RSI(10/35/70) SL=8% TP=25%
TSLA,-0.09661043694826171,-0.06546135602617649,0.7503035985295404,324,60827.093298621374,RSI(10/35/70) SL=8% TP=30%
TSLA,-0.06901885012375358,-0.047775157779624856,0.6998907227646457,324,71410.73891600227,RSI(10/35/70) SL=10% TP=12%
TSLA,-0.10547572462136244,-0.0712823716846563,0.7630573451355043,324,57343.7236109279,RSI(10/35/70) SL=10% TP=15%
TSLA,-0.0679218112719008,-0.04807138114072756,0.740499352103236,324,71233.47509515192,RSI(10/35/70) SL=10% TP=20%
TSLA,-0.06347995527662048,-0.04511372332357213,0.740499352103236,324,73003.37509049731,RSI(10/35/70) SL=10% TP=25%
TSLA,-0.08392574468370499,-0.05816498578113899,0.7406416678906622,324,65193.333905572385,RSI(10/35/70) SL=10% TP=30%
TSLA,-0.08227434056958136,-0.05685067802742675,0.7298635873391107,324,65979.83235501606,RSI(10/35/70) SL=12% TP=15%
TSLA,-0.06615431656105156,-0.04613475914903306,0.7136460973723939,324,72392.3742870072,RSI(10/35/70) SL=12% TP=20%
TSLA,-0.06158162615411147,-0.04312898312271386,0.7136460973723939,324,74191.06882974107,RSI(10/35/70) SL=12% TP=25%
TSLA,-0.08259646012830184,-0.05639257689634477,0.7177470840288256,324,66253.96588901273,RSI(10/35/70) SL=12% TP=30%
TSLA,-0.08485320138336594,-0.06075544419829177,0.7560595886132607,324,63643.1706940381,RSI(10/35/70) SL=15% TP=20%
TSLA,-0.07893921840011027,-0.05681359075987211,0.7560595886132606,324,66002.02584687018,RSI(10/35/70) SL=15% TP=25%
TSLA,-0.11234844204259135,-0.07801153833017274,0.7580774272409896,324,53316.90484051568,RSI(10/35/70) SL=15% TP=30%
TSLA,-0.08999111889952448,-0.0664978785475971,0.7799554688018621,324,60206.82505961252,RSI(10/35/75) SL=5% TP=8%
TSLA,-0.08120467513336975,-0.05704887992706736,0.7517962148223263,324,65861.2258214216,RSI(10/35/75) SL=5% TP=10%
TSLA,-0.1326376375180373,-0.09185511187210355,0.8316263706147776,324,45032.734641614225,RSI(10/35/75) SL=5% TP=12%
TSLA,-0.1451135283083236,-0.09780002093109946,0.8097042919206149,324,41475.22556980239,RSI(10/35/75) SL=5% TP=15%
TSLA,-0.08551159323165887,-0.06318842454933189,0.7521989369969097,324,62187.2443569871,RSI(10/35/75) SL=5% TP=20%
TSLA,-0.07971706921902179,-0.06003726314323508,0.7401132994079438,324,64072.939357143456,RSI(10/35/75) SL=5% TP=25%
TSLA,-0.07927325979492736,-0.05923717274477501,0.74324486781707,324,64551.72361146003,RSI(10/35/75) SL=5% TP=30%
TSLA,-0.035004396667149176,-0.024199351568037656,0.6777149258931103,324,85518.80072833302,RSI(10/35/75) SL=8% TP=10%
TSLA,-0.07353189169604582,-0.05002907808579599,0.7380441734439921,324,70061.96438357922,RSI(10/35/75) SL=8% TP=12%
TSLA,-0.12566256464992734,-0.08092242646916689,0.7714711079526432,324,51574.99241448267,RSI(10/35/75) SL=8% TP=15%
TSLA,-0.034971355871961665,-0.02485976750381935,0.7431600583767858,324,85123.59944612715,RSI(10/35/75) SL=8% TP=20%
TSLA,-0.044998780675081694,-0.03208231420101429,0.7411651090590207,324,80801.53578764701,RSI(10/35/75) SL=8% TP=25%
TSLA,-0.041363870989213215,-0.02941414591483179,0.7411651090590206,324,82398.20157160066,RSI(10/35/75) SL=8% TP=30%
TSLA,-0.035009518520266805,-0.023743682186231657,0.679232833254465,324,85791.47907268359,RSI(10/35/75) SL=10% TP=12%
TSLA,-0.11189319694170739,-0.07312289168866272,0.7637915995838357,324,56242.33306884786,RSI(10/35/75) SL=10% TP=15%
TSLA,0.0047347511224798775,0.0034557150465247175,0.7355553381253688,324,102067.94376593622,RSI(10/35/75) SL=10% TP=20%
TSLA,-0.028714340874150573,-0.020624863420936536,0.7355553381253688,324,87657.81982588401,RSI(10/35/75) SL=10% TP=25%
TSLA,-0.027376207829345314,-0.0195302643484371,0.7387418288045839,324,88312.84181053843,RSI(10/35/75) SL=10% TP=30%
TSLA,-0.07048426383767833,-0.047659229079764415,0.7313640928040002,324,71480.11212210923,RSI(10/35/75) SL=12% TP=15%
TSLA,0.008713652554531173,0.006230632657663375,0.7081904743954103,324,103728.48970149063,RSI(10/35/75) SL=12% TP=20%
TSLA,-0.0259264287861621,-0.018241713344486696,0.7081904743954103,324,89083.92709385479,RSI(10/35/75) SL=12% TP=25%
TSLA,-0.03531382823677958,-0.02430946113927219,0.7117067046980136,324,85452.9097626895,RSI(10/35/75) SL=12% TP=30%
TSLA,-0.01940133648834842,-0.014052126997747612,0.7497078898730781,324,91591.02876483992,RSI(10/35/75) SL=15% TP=20%
TSLA,-0.047764099822114284,-0.03409391639798,0.7497078898730781,324,79597.76748882784,RSI(10/35/75) SL=15% TP=25%
TSLA,-0.07243310824597553,-0.05028264168846939,0.7616904392318986,324,69910.22870388419,RSI(10/35/75) SL=15% TP=30%
TSLA,-0.0974919984492357,-0.07116881726175082,0.7901712086210486,324,57411.67601955546,RSI(10/35/80) SL=5% TP=8%
TSLA,-0.09070281986500493,-0.06357316482881105,0.7328170790021188,324,61957.01088815593,RSI(10/35/80) SL=5% TP=10%
TSLA,-0.13559129364395872,-0.09338355230840208,0.8105768337965484,324,44118.09647576574,RSI(10/35/80) SL=5% TP=12%
TSLA,-0.11126679045364554,-0.07562067553972086,0.760300963370977,324,54747.6274944845,RSI(10/35/80) SL=5% TP=15%
TSLA,-0.024675384528169135,-0.01802073436675442,0.7472784646611066,324,89216.16372021203,RSI(10/35/80) SL=5% TP=20%
TSLA,-0.022771083923604423,-0.016997356052268573,0.7345242251429009,324,89828.56629888056,RSI(10/35/80) SL=5% TP=25%
TSLA,0.02118043892231064,0.016224632014701,0.7277518071383304,324,109709.02582467027,RSI(10/35/80) SL=5% TP=30%
TSLA,-0.02436566933479924,-0.016775437599379196,0.6152300417805966,324,89961.36511910165,RSI(10/35/80) SL=8% TP=10%
TSLA,-0.06887896470816227,-0.04632899020599588,0.7109452753127036,324,72276.14395609453,RSI(10/35/80) SL=8% TP=12%
TSLA,-0.0785257375113251,-0.05048812058278731,0.7382068902951852,324,69787.26752426855,RSI(10/35/80) SL=8% TP=15%
TSLA,0.05920013115206679,0.042209262625416306,0.7386869278663968,324,125258.55874568563,RSI(10/35/80) SL=8% TP=20%
TSLA,0.011609796349880372,0.008109721142207859,0.7552712905189028,324,104852.96011208312,RSI(10/35/80) SL=8% TP=25%
TSLA,0.056832775135713415,0.040890079725925836,0.7560627397750945,324,124469.14294710165,RSI(10/35/80) SL=8% TP=30%
TSLA,-0.04764187951584703,-0.0315936321389294,0.6837030992149332,324,81093.9693390851,RSI(10/35/80) SL=10% TP=12%
TSLA,-0.07844039452282356,-0.05058048638709236,0.7540181111609401,324,69731.9946540733,RSI(10/35/80) SL=10% TP=15%
TSLA,0.1369487008330128,0.10021326579985519,0.7134356804650256,324,159968.89080404033,RSI(10/35/80) SL=10% TP=20%
TSLA,0.04915052912009886,0.034707236617817765,0.7345385060612676,324,120769.25111891633,RSI(10/35/80) SL=10% TP=25%
TSLA,0.09699767816605778,0.07034466841129745,0.737737249307321,324,142095.14284295103,RSI(10/35/80) SL=10% TP=30%
TSLA,0.0151109784840806,0.010004201569695302,0.7011359722123476,324,105986.64125678592,RSI(10/35/80) SL=12% TP=15%
TSLA,0.1407492164070246,0.10094832527579743,0.6955765973180745,324,160408.75972853275,RSI(10/35/80) SL=12% TP=20%
TSLA,0.04404962776235755,0.030373095052248517,0.7179480438973944,324,118175.6457693614,RSI(10/35/80) SL=12% TP=25%
TSLA,0.036496747173936236,0.025480690604320497,0.7213466979780031,324,115247.96882195052,RSI(10/35/80) SL=12% TP=30%
TSLA,0.10873860875485747,0.07881523937266958,0.7220999965927704,324,147164.04006904195,RSI(10/35/80) SL=15% TP=20%
TSLA,0.060806594924875126,0.04364964224072722,0.7040099849812097,324,126120.50019802248,RSI(10/35/80) SL=15% TP=25%
TSLA,0.04720965399461456,0.03404624289923796,0.742873736325293,324,120373.70408414716,RSI(10/35/80) SL=15% TP=30%
TSLA,-0.1356719541713933,-0.09824407499490645,0.7993862989288267,422,41209.49797923851,RSI(10/40/65) SL=5% TP=8%
TSLA,-0.11775956388545178,-0.08374251628213636,0.7774010341882475,422,49887.414859737444,RSI(10/40/65) SL=5% TP=10%
TSLA,-0.13036718056730684,-0.09080236100901737,0.7893624026447406,422,45662.71412634992,RSI(10/40/65) SL=5% TP=12%
TSLA,-0.10737028973923769,-0.07647489596145157,0.766221420053072,422,54236.45114687739,RSI(10/40/65) SL=5% TP=15%
TSLA,-0.08519151649847237,-0.06155821306957779,0.7845728993424576,422,63162.78360757012,RSI(10/40/65) SL=5% TP=20%
TSLA,-0.08519151649847237,-0.06155821306957779,0.7845728993424576,422,63162.78360757012,RSI(10/40/65) SL=5% TP=25%
TSLA,-0.07824744226122503,-0.05717606127568916,0.7845728993424576,422,65785.11888740506,RSI(10/40/65) SL=5% TP=30%
TSLA,-0.00990417210422222,-0.006934618421642166,0.7288297427516957,422,95850.2362778427,RSI(10/40/65) SL=8% TP=10%
TSLA,-0.04408203121747518,-0.03009550194995895,0.749774870582662,422,81990.46946804044,RSI(10/40/65) SL=8% TP=12%
TSLA,-0.04273120919725096,-0.02899688563116374,0.7786518284477226,422,82647.8954238909,RSI(10/40/65) SL=8% TP=15%
TSLA,-0.034941586300082525,-0.024150257753212005,0.7434739498439439,422,85548.17909053821,RSI(10/40/65) SL=8% TP=20%
TSLA,-0.034941586300082525,-0.024150257753212005,0.7434739498439439,422,85548.17909053821,RSI(10/40/65) SL=8% TP=25%
TSLA,-0.02604161833295611,-0.018215036329237703,0.743473949843944,422,89099.89095853553,RSI(10/40/65) SL=8% TP=30%
TSLA,-0.08565721393346604,-0.057408401679263414,0.7917320065296325,422,65646.08343955189,RSI(10/40/65) SL=10% TP=12%
TSLA,-0.08727519230028027,-0.058254726083286634,0.803315007506336,422,65139.632169207835,RSI(10/40/65) SL=10% TP=15%
TSLA,-0.08622915321840034,-0.05836349137948326,0.789312881122031,422,65074.545634817165,RSI(10/40/65) SL=10% TP=20%
TSLA,-0.08622915321840034,-0.05836349137948326,0.789312881122031,422,65074.545634817165,RSI(10/40/65) SL=10% TP=25%
TSLA,-0.0785718424019493,-0.053848704022076095,0.789312881122031,422,67776.25172012272,RSI(10/40/65) SL=10% TP=30%
TSLA,-0.07155112415512031,-0.049458312248307094,0.789304645416093,422,70403.51790855273,RSI(10/40/65) SL=12% TP=15%
TSLA,-0.06122849342486979,-0.043445270805486914,0.7637205471679863,422,74001.79826401814,RSI(10/40/65) SL=12% TP=20%
TSLA,-0.06122849342486979,-0.043445270805486914,0.7637205471679863,422,74001.79826401814,RSI(10/40/65) SL=12% TP=25%
TSLA,-0.05339936572885899,-0.03831112226908855,0.7637205471679864,422,77074.1379437359,RSI(10/40/65) SL=12% TP=30%
TSLA,0.0018620104218618318,0.0012609784835973894,0.7258612804113733,422,100754.58553700986,RSI(10/40/65) SL=15% TP=20%
TSLA,0.0018620104218618318,0.0012609784835973894,0.7258612804113733,422,100754.58553700986,RSI(10/40/65) SL=15% TP=25%
TSLA,0.012036638930318528,0.008251200613399337,0.7258612804113731,422,104937.6232242088,RSI(10/40/65) SL=15% TP=30%
TSLA,-0.1326659712036643,-0.09606282677718447,0.7930319778373375,422,42514.78461111342,RSI(10/40/70) SL=5% TP=8%
TSLA,-0.12304808971262489,-0.08739287952115458,0.7871479906391672,422,47702.99114369003,RSI(10/40/70) SL=5% TP=10%
TSLA,-0.13773878100197046,-0.09478399289249342,0.8036867143589239,422,43280.05504687297,RSI(10/40/70) SL=5% TP=12%
TSLA,-0.1394894952945253,-0.09578265240922679,0.7953036238406712,422,42682.44451066905,RSI(10/40/70) SL=5% TP=15%
TSLA,-0.11852116724792487,-0.08311655961068751,0.8032388081386718,422,50261.99528058859,RSI(10/40/70) SL=5% TP=20%
TSLA,-0.11509776918312933,-0.08102965056899201,0.8032388081386718,422,51510.82815157144,RSI(10/40/70) SL=5% TP=25%
TSLA,-0.12061248279196489,-0.08471701472098395,0.8032388081386719,422,49304.262619347704,RSI(10/40/70) SL=5% TP=30%
TSLA,-0.04221700538851048,-0.02945115350966338,0.7405455438063507,422,82376.05575691572,RSI(10/40/70) SL=8% TP=10%
TSLA,-0.07804593330193382,-0.05240851792404329,0.7831012147391803,422,68638.07736926299,RSI(10/40/70) SL=8% TP=12%
TSLA,-0.090987605618655,-0.05968609916536356,0.8093610500515083,422,64283.08034072688,RSI(10/40/70) SL=8% TP=15%
TSLA,-0.06763366788316992,-0.04598392651436588,0.7726183908938425,422,72482.63445092709,RSI(10/40/70) SL=8% TP=20%
TSLA,-0.06295699333572934,-0.04297440283037538,0.7726183908938425,422,74283.57163960076,RSI(10/40/70) SL=8% TP=25%
TSLA,-0.07089081073920997,-0.04829193681254701,0.7726183908938424,422,71101.49178042822,RSI(10/40/70) SL=8% TP=30%
TSLA,-0.11256917810341087,-0.07548076034461715,0.8198778395142796,422,54831.35452393545,RSI(10/40/70) SL=10% TP=12%
TSLA,-0.12744015909100254,-0.08421652842636587,0.8283007345342798,422,49603.75997342868,RSI(10/40/70) SL=10% TP=15%
TSLA,-0.12293958923165652,-0.08257889239972373,0.8270996347375661,422,50583.74216714945,RSI(10/40/70) SL=10% TP=20%
TSLA,-0.11932491506530496,-0.08047862422887003,0.8270996347375661,422,51840.56931066031,RSI(10/40/70) SL=10% TP=25%
TSLA,-0.12507478407043418,-0.08418959265540167,0.827099634737566,422,49619.87868081519,RSI(10/40/70) SL=10% TP=30%
TSLA,-0.10536927098723703,-0.07020322841896938,0.8021622848749393,422,57989.496644521496,RSI(10/40/70) SL=12% TP=15%
TSLA,-0.08706024745676165,-0.05941781641751298,0.784432978555669,422,64443.62414380572,RSI(10/40/70) SL=12% TP=20%
TSLA,-0.08281412011206198,-0.056742077399303446,0.784432978555669,422,66044.82034994064,RSI(10/40/70) SL=12% TP=25%
TSLA,-0.08989792964113735,-0.06146984652517588,0.7844329785556693,422,63215.663269855075,RSI(10/40/70) SL=12% TP=30%
TSLA,-0.06778459489187477,-0.04626452826286289,0.7922742303682535,422,72314.71880142967,RSI(10/40/70) SL=15% TP=20%
TSLA,-0.06314339824489956,-0.043261976540196714,0.7922742303682535,422,74111.48387991403,RSI(10/40/70) SL=15% TP=25%
TSLA,-0.07102789168473148,-0.048567191748649485,0.7922742303682533,422,70936.77573136373,RSI(10/40/70) SL=15% TP=30%
TSLA,-0.12499099762047329,-0.08962308983929516,0.7991761531089859,422,46368.40496918369,RSI(10/40/75) SL=5% TP=8%
TSLA,-0.09909738264897873,-0.06962501953884243,0.7684232485933882,422,58335.50418072445,RSI(10/40/75) SL=5% TP=10%
TSLA,-0.12152773862285551,-0.08209489127805049,0.7972387005050273,422,50873.37458440471,RSI(10/40/75) SL=5% TP=12%
TSLA,-0.12897069446933038,-0.0868809356148194,0.7951591787060291,422,48009.344878116004,RSI(10/40/75) SL=5% TP=15%
TSLA,-0.0566044511173994,-0.041261863878819846,0.7850047584011034,422,75308.37669473796,RSI(10/40/75) SL=5% TP=20%
TSLA,-0.06922611645745166,-0.05030876001046594,0.7833348288417064,422,69894.59916834022,RSI(10/40/75) SL=5% TP=25%
TSLA,-0.05350542806971276,-0.0394452908538496,0.7833348288417064,422,76395.43706047413,RSI(10/40/75) SL=5% TP=30%
TSLA,0.006044858284697177,0.004179705799205881,0.7327674539903904,422,102501.18902587399,RSI(10/40/75) SL=8% TP=10%
TSLA,-0.05321309074786077,-0.035233717638931995,0.7935781308515454,422,78915.69595257561,RSI(10/40/75) SL=8% TP=12%
TSLA,-0.08490456219319192,-0.054512801626233134,0.8134475797526831,422,67378.8472808097,RSI(10/40/75) SL=8% TP=15%
TSLA,0.018958887443769917,0.013415544110765655,0.7730787164776153,422,108028.03195199787,RSI(10/40/75) SL=8% TP=20%
TSLA,-0.015584320008168097,-0.010866958577047359,0.7713161539381275,422,93497.07399437008,RSI(10/40/75) SL=8% TP=25%
TSLA,0.005174690782574845,0.003664959363069906,0.7713161539381276,422,102193.15822202754,RSI(10/40/75) SL=8% TP=30%
TSLA,-0.08017903079426439,-0.05252167030687365,0.8135446096602669,422,68570.36554652164,RSI(10/40/75) SL=10% TP=12%
TSLA,-0.11602795405394534,-0.07454933014630404,0.8215556492704733,422,55388.73418229108,RSI(10/40/75) SL=10% TP=15%
TSLA,-0.04308446459290025,-0.03020423780435606,0.8161387175022513,422,81925.40055199646,RSI(10/40/75) SL=10% TP=20%
TSLA,-0.07399107215642525,-0.050949409590048914,0.8183541990279302,422,69511.22632468502,RSI(10/40/75) SL=10% TP=25%
TSLA,-0.05736788947814951,-0.04014552671208778,0.81835419902793,422,75976.40703102048,RSI(10/40/75) SL=10% TP=30%
TSLA,-0.05202226234228741,-0.03444499087816716,0.7568225138960575,422,79387.68006179521,RSI(10/40/75) SL=12% TP=15%
TSLA,0.019699995370479773,0.013615910773825613,0.7618739574250147,422,108147.93390751153,RSI(10/40/75) SL=12% TP=20%
TSLA,-0.031473462645764415,-0.021110348825137907,0.7760060549561411,422,87367.29919511589,RSI(10/40/75) SL=12% TP=25%
TSLA,-0.011034063638629701,-0.007531159998014388,0.7760060549561411,422,95493.25822341043,RSI(10/40/75) SL=12% TP=30%
TSLA,0.04725145648468051,0.03367224183615431,0.7733927323437761,422,120149.89709877806,RSI(10/40/75) SL=15% TP=20%
TSLA,0.004635498519537105,0.0032478528364874282,0.7761232920802071,422,101943.55637992978,RSI(10/40/75) SL=15% TP=25%
TSLA,0.01449606978233686,0.01017832673880175,0.7868412236265865,422,106090.83996909249,RSI(10/40/75) SL=15% TP=30%
TSLA,-0.1464309466255887,-0.10389521070102387,0.8097009752803258,422,37827.786612244454,RSI(10/40/80) SL=5% TP=8%
TSLA,-0.10625038258775452,-0.07461695300552423,0.7518438206077805,422,55348.267804630734,RSI(10/40/80) SL=5% TP=10%
TSLA,-0.12482316625892802,-0.0847860768169857,0.8032597635294747,422,49262.93498412125,RSI(10/40/80) SL=5% TP=12%
TSLA,-0.13883947526274293,-0.09350462792067658,0.7982851740287352,422,44045.64329191258,RSI(10/40/80) SL=5% TP=15%
TSLA,-0.012267274017199225,-0.008912741054344633,0.7818302148360196,422,94666.50257541599,RSI(10/40/80) SL=5% TP=20%
TSLA,-0.0329002077213049,-0.023940960220947397,0.7706957823373292,422,85673.4253915918,RSI(10/40/80) SL=5% TP=25%
TSLA,0.061720564466910405,0.04816474448400344,0.7619780144303209,422,128822.39471503063,RSI(10/40/80) SL=5% TP=30%
TSLA,0.015182664531121942,0.010556590822101745,0.7019253776086545,422,106317.19799989263,RSI(10/40/80) SL=8% TP=10%
TSLA,-0.0716948117407565,-0.04733212302699403,0.8045911231704358,422,71675.85653781469,RSI(10/40/80) SL=8% TP=12%
TSLA,-0.0733587582386341,-0.046622249639416705,0.8040362431134007,422,72100.65378720619,RSI(10/40/80) SL=8% TP=15%
TSLA,0.09152029380592042,0.06514128078429975,0.768838675416219,422,138981.36961219207,RSI(10/40/80) SL=8% TP=20%
TSLA,0.01532959114855757,0.010542842664247851,0.7830362988408655,422,106308.97092765308,RSI(10/40/80) SL=8% TP=25%
TSLA,0.12090576874649644,0.0894002074887323,0.7837379564447773,422,153498.21940198742,RSI(10/40/80) SL=8% TP=30%
TSLA,-0.09253904437031822,-0.059743086938231243,0.8202771909408012,422,64248.97813378861,RSI(10/40/80) SL=10% TP=12%
TSLA,-0.13058626850912158,-0.08240424122189696,0.839201207917805,422,50688.25564975372,RSI(10/40/80) SL=10% TP=15%
TSLA,0.02900803630280264,0.02048856790402482,0.7966183085591023,422,112260.61920605929,RSI(10/40/80) SL=10% TP=20%
TSLA,-0.03945261052031534,-0.02688206669048544,0.808809164370859,422,83913.42993283649,RSI(10/40/80) SL=10% TP=25%
TSLA,0.04906197502095296,0.03601975461260907,0.8088091643708593,422,121554.67855389463,RSI(10/40/80) SL=10% TP=30%
TSLA,-0.05672849139943524,-0.03665445641028181,0.7652591428371437,422,78065.50783067264,RSI(10/40/80) SL=12% TP=15%
TSLA,0.09395682467174021,0.06555668054103382,0.7525234546935812,422,139229.9501015393,RSI(10/40/80) SL=12% TP=20%
TSLA,-0.03464325224434345,-0.02293373894069225,0.807139468987385,422,86276.15939580798,RSI(10/40/80) SL=12% TP=25%
TSLA,0.07733705322439044,0.0560863888089559,0.7938905584442258,422,133562.80727139107,RSI(10/40/80) SL=12% TP=30%
TSLA,0.14967572274491384,0.10808683162139554,0.7492705178636291,422,164680.53257343828,RSI(10/40/80) SL=15% TP=20%
TSLA,0.09628812000070039,0.06888823949952375,0.7295907227463895,422,141223.59728781023,RSI(10/40/80) SL=15% TP=25%
TSLA,0.18226738208250398,0.13642398761027447,0.7599064705618198,422,181637.84655408488,RSI(10/40/80) SL=15% TP=30%
TSLA,-0.1268113030550853,-0.10667928893351243,0.6664461815194781,105,36161.7588445489,RSI(14/25/65) SL=5% TP=8%
TSLA,-0.11944841910327235,-0.09542501939751097,0.6447047317255419,105,42896.45664625136,RSI(14/25/65) SL=5% TP=10%
TSLA,-0.13013868541056064,-0.1018391186567311,0.6764957530979228,105,39058.17820065456,RSI(14/25/65) SL=5% TP=12%
TSLA,-0.11390177784968217,-0.09196706405459112,0.6275656249283592,105,44965.741033998645,RSI(14/25/65) SL=5% TP=15%
TSLA,-0.08626112572731152,-0.07414518498853619,0.5392327639314701,105,55630.579776701365,RSI(14/25/65) SL=5% TP=20%
TSLA,-0.08979773012090426,-0.07086910147905108,0.5354925269442573,105,57591.02974983768,RSI(14/25/65) SL=5% TP=25%
TSLA,-0.08926701583637338,-0.06966787350272884,0.5296947153229862,105,58309.859824557505,RSI(14/25/65) SL=5% TP=30%
TSLA,-0.13402887842731928,-0.10332865514652326,0.6838785335115332,105,38166.82065041385,RSI(14/25/65) SL=8% TP=10%
TSLA,-0.14618065640775532,-0.11142728795479478,0.7240188241883148,105,33320.49593816248,RSI(14/25/65) SL=8% TP=12%
TSLA,-0.13115382031235912,-0.1030054472436883,0.682276576801559,105,38360.23236369763,RSI(14/25/65) SL=8% TP=15%
TSLA,-0.10527059640324396,-0.08780161858634052,0.6069198942411881,105,47458.39649674544,RSI(14/25/65) SL=8% TP=20%
TSLA,-0.10984413081643297,-0.08500679475431008,0.6037291015037504,105,49130.854567658884,RSI(14/25/65) SL=8% TP=25%
TSLA,-0.10960036503016246,-0.08398202827134138,0.5987829937364008,105,49744.08784397509,RSI(14/25/65) SL=8% TP=30%
TSLA,-0.11131464223101138,-0.0831662856052409,0.5839451999131561,105,50232.23861400663,RSI(14/25/65) SL=10% TP=12%
TSLA,-0.09475108833300613,-0.0731129438335088,0.5341165349342725,105,56248.28599169394,RSI(14/25/65) SL=10% TP=15%
TSLA,-0.06836141255025427,-0.05379253768260656,0.4966703871351997,105,67809.86237088464,RSI(14/25/65) SL=10% TP=20%
TSLA,-0.050965629532900666,-0.03886138914069209,0.5188752015934942,105,76744.85126025252,RSI(14/25/65) SL=10% TP=25%
TSLA,-0.04940415558526063,-0.03738699037536491,0.5188752015934941,105,77627.1502039483,RSI(14/25/65) SL=10% TP=30%
TSLA,-0.12201223727068398,-0.09538606208416137,0.6445116426055805,105,42919.76919725582,RSI(14/25/65) SL=12% TP=15%
TSLA,-0.089202447528403,-0.07258188390644163,0.563769548828152,105,56566.07899566906,RSI(14/25/65) SL=12% TP=20%
TSLA,-0.0903625136768247,-0.06925070887037711,0.5990234145265794,105,58559.49643788544,RSI(14/25/65) SL=12% TP=25%
TSLA,-0.08949403331884061,-0.06802928071210167,0.5986328981998572,105,59290.41455799631,RSI(14/25/65) SL=12% TP=30%
TSLA,-0.09295226043604538,-0.07823808077809515,0.622214319548048,105,53181.33896294941,RSI(14/25/65) SL=15% TP=20%
TSLA,-0.09366248881324486,-0.07400946196165267,0.6527449842590163,105,55711.798159455466,RSI(14/25/65) SL=15% TP=25%
TSLA,-0.08331310712348193,-0.0656066689116426,0.6524067880697729,105,60740.13622271546,RSI(14/25/65) SL=15% TP=30%
TSLA,-0.1268113030550853,-0.10667928893351243,0.6664461815194781,105,36161.7588445489,RSI(14/25/70) SL=5% TP=8%
TSLA,-0.11944841910327235,-0.09542501939751097,0.6447047317255419,105,42896.45664625136,RSI(14/25/70) SL=5% TP=10%
TSLA,-0.13013868541056064,-0.1018391186567311,0.6764957530979228,105,39058.17820065456,RSI(14/25/70) SL=5% TP=12%
TSLA,-0.11390177784968217,-0.09196706405459112,0.6275656249283592,105,44965.741033998645,RSI(14/25/70) SL=5% TP=15%
TSLA,-0.07488035250984759,-0.06597959103113853,0.5165849900432217,105,60516.974890890124,RSI(14/25/70) SL=5% TP=20%
TSLA,-0.0514096654879112,-0.04360703942887369,0.47493772599225365,105,73904.99386557876,RSI(14/25/70) SL=5% TP=25%
TSLA,-0.05017630368879864,-0.04206553640996815,0.4689013355097112,105,74827.44884673334,RSI(14/25/70) SL=5% TP=30%
TSLA,-0.12705595081291018,-0.09811195482786185,0.6580223338143624,105,41288.56036491441,RSI(14/25/70) SL=8% TP=10%
TSLA,-0.13996284166987083,-0.10687299082403068,0.7014457782205322,105,36045.84517355625,RSI(14/25/70) SL=8% TP=12%
TSLA,-0.12433954302719329,-0.09776231111169148,0.6562893498981075,105,41497.791604590966,RSI(14/25/70) SL=8% TP=15%
TSLA,-0.08640896246728068,-0.07377910267214252,0.5374183032762516,105,55849.64808349566,RSI(14/25/70) SL=8% TP=20%
TSLA,-0.0640867051399227,-0.05313201752009822,0.4929171544528657,105,68205.12602368726,RSI(14/25/70) SL=8% TP=25%
TSLA,-0.06301872778185291,-0.05170940177830438,0.4870874648822225,105,69056.43734853849,RSI(14/25/70) SL=8% TP=30%
TSLA,-0.10196291372701526,-0.07630046522200906,0.5499152552987986,105,54340.8327163533,RSI(14/25/70) SL=10% TP=12%
TSLA,-0.08470342924001767,-0.06542484075191642,0.49840549334029755,105,60848.94450242462,RSI(14/25/70) SL=10% TP=15%
TSLA,-0.04191875330763459,-0.03375678122167109,0.48163304189294653,105,79799.5134594127,RSI(14/25/70) SL=10% TP=20%
TSLA,0.013471747152238209,0.01092860656199901,0.444390882192399,105,106539.81694265656,RSI(14/25/70) SL=10% TP=25%
TSLA,0.009636115675136291,0.007650288540731926,0.4443908821923989,105,104578.02980929513,RSI(14/25/70) SL=10% TP=30%
TSLA,-0.11440914526999074,-0.08951972137690176,0.6154355470752418,105,46430.2619696953,RSI(14/25/70) SL=12% TP=15%
TSLA,-0.06731259344940517,-0.055868324210531,0.5274022771708484,105,66567.68535338066,RSI(14/25/70) SL=12% TP=20%
TSLA,-0.03845806339891153,-0.03125888234241104,0.5319694215480962,105,81294.28786811276,RSI(14/25/70) SL=12% TP=25%
TSLA,-0.04227440451915773,-0.03363050489096281,0.5319694215480963,105,79875.0788192175,RSI(14/25/70) SL=12% TP=30%
TSLA,-0.07287894273173375,-0.06252460904296277,0.5863488452457026,105,62584.47998540164,RSI(14/25/70) SL=15% TP=20%
TSLA,-0.04526801415287895,-0.03786514549745325,0.5903463349802461,105,77341.01610707956,RSI(14/25/70) SL=15% TP=25%
TSLA,-0.03154419453690264,-0.026200101932260283,0.5903463349802461,105,84321.52630402838,RSI(14/25/70) SL=15% TP=30%
TSLA,-0.1268113030550853,-0.10667928893351243,0.6664461815194781,105,36161.7588445489,RSI(14/25/75) SL=5% TP=8%
TSLA,-0.11944841910327235,-0.09542501939751097,0.6447047317255419,105,42896.45664625136,RSI(14/25/75) SL=5% TP=10%
TSLA,-0.13013868541056064,-0.1018391186567311,0.6764957530979228,105,39058.17820065456,RSI(14/25/75) SL=5% TP=12%
TSLA,-0.13809518164650067,-0.10811110010125331,0.7075823777496009,105,35304.944860043644,RSI(14/25/75) SL=5% TP=15%
TSLA,-0.10222662565796126,-0.08770698174254211,0.6204457020259674,105,47515.0283858121,RSI(14/25/75) SL=5% TP=20%
TSLA,-0.06975599244908422,-0.057513482901007204,0.5533143835614085,105,65583.20150209569,RSI(14/25/75) SL=5% TP=25%
TSLA,-0.130658880400016,-0.09508379377885379,0.6667958168441562,105,43100.65038947955,RSI(14/25/75) SL=5% TP=30%
TSLA,-0.12153212013442025,-0.09476821079101057,0.6414493071362197,105,43289.499256807954,RSI(14/25/75) SL=8% TP=10%
TSLA,-0.13487052712524703,-0.10395382680409153,0.6869771518403016,105,37792.70999183729,RSI(14/25/75) SL=8% TP=12%
TSLA,-0.14254160298717083,-0.11002259874192455,0.7170565831965311,105,34161.07980046738,RSI(14/25/75) SL=8% TP=15%
TSLA,-0.10757160007149201,-0.09027956506000605,0.6334425781779216,105,45975.56186091701,RSI(14/25/75) SL=8% TP=20%
TSLA,-0.07507950757124135,-0.06106432262102612,0.5686100017817791,105,63458.33392360818,RSI(14/25/75) SL=8% TP=25%
TSLA,-0.09503572573764126,-0.07301074174775458,0.5646807539676347,105,56309.44501761352,RSI(14/25/75) SL=8% TP=30%
TSLA,-0.09523672170102186,-0.07189968607769087,0.5281031101825474,105,56974.31483922309,RSI(14/25/75) SL=10% TP=12%
TSLA,-0.10878126866374523,-0.08057234726618703,0.5710885312145917,105,51784.484254996016,RSI(14/25/75) SL=10% TP=15%
TSLA,-0.06317514964584753,-0.048924978361856615,0.4936316330763768,105,70722.6716786985,RSI(14/25/75) SL=10% TP=20%
TSLA,-0.029536706595501765,-0.022681719828324377,0.45664140487454336,105,86426.9708328916,RSI(14/25/75) SL=10% TP=25%
TSLA,-0.09795675075137565,-0.06756962481389102,0.5455843539914338,105,59565.47848438585,RSI(14/25/75) SL=10% TP=30%
TSLA,-0.12543242758818435,-0.09362810330135045,0.6357984464142726,105,43971.754056176,RSI(14/25/75) SL=12% TP=15%
TSLA,-0.07223281185490771,-0.05739852452244188,0.5870747338215367,105,65651.99405561811,RSI(14/25/75) SL=12% TP=20%
TSLA,-0.057971739341076044,-0.04447144048086822,0.5569105276349602,105,73387.72529954393,RSI(14/25/75) SL=12% TP=25%
TSLA,-0.11933704611432065,-0.08250478611794025,0.6137662948459968,105,50628.08830720084,RSI(14/25/75) SL=12% TP=30%
TSLA,-0.07930864590018086,-0.06499672107530015,0.6421997160859053,105,61105.13675335213,RSI(14/25/75) SL=15% TP=20%
TSLA,-0.06551086175633991,-0.05160420782498494,0.6160623919219348,105,69119.38674600108,RSI(14/25/75) SL=15% TP=25%
TSLA,-0.0812095881665832,-0.06112939641707765,0.6688640814627397,105,63419.39293771702,RSI(14/25/75) SL=15% TP=30%
TSLA,-0.1268113030550853,-0.10667928893351243,0.6664461815194781,105,36161.7588445489,RSI(14/25/80) SL=5% TP=8%
TSLA,-0.11944841910327235,-0.09542501939751097,0.6447047317255419,105,42896.45664625136,RSI(14/25/80) SL=5% TP=10%
TSLA,-0.13013868541056064,-0.1018391186567311,0.6764957530979228,105,39058.17820065456,RSI(14/25/80) SL=5% TP=12%
TSLA,-0.13809518164650067,-0.10811110010125331,0.7075823777496009,105,35304.944860043644,RSI(14/25/80) SL=5% TP=15%
TSLA,-0.10222662565796126,-0.08770698174254211,0.6204457020259674,105,47515.0283858121,RSI(14/25/80) SL=5% TP=20%
TSLA,-0.06975599244908422,-0.057513482901007204,0.5533143835614085,105,65583.20150209569,RSI(14/25/80) SL=5% TP=25%
TSLA,-0.13050710995469128,-0.09494170918658446,0.6661385005358845,105,43185.67561374232,RSI(14/25/80) SL=5% TP=30%
TSLA,-0.12153212013442025,-0.09476821079101057,0.6414493071362197,105,43289.499256807954,RSI(14/25/80) SL=8% TP=10%
TSLA,-0.13487052712524703,-0.10395382680409153,0.6869771518403016,105,37792.70999183729,RSI(14/25/80) SL=8% TP=12%
TSLA,-0.14254160298717083,-0.11002259874192455,0.7170565831965311,105,34161.07980046738,RSI(14/25/80) SL=8% TP=15%
TSLA,-0.10757160007149201,-0.09027956506000605,0.6334425781779216,105,45975.56186091701,RSI(14/25/80) SL=8% TP=20%
TSLA,-0.07507950757124135,-0.06106432262102612,0.5686100017817791,105,63458.33392360818,RSI(14/25/80) SL=8% TP=25%
TSLA,-0.09483261312644538,-0.0728251133531958,0.5638219939214331,105,56420.527406103465,RSI(14/25/80) SL=8% TP=30%
TSLA,-0.09523672170102186,-0.07189968607769087,0.5281031101825474,105,56974.31483922309,RSI(14/25/80) SL=10% TP=12%
TSLA,-0.10878126866374523,-0.08057234726618703,0.5710885312145917,105,51784.484254996016,RSI(14/25/80) SL=10% TP=15%
TSLA,-0.06317514964584753,-0.048924978361856615,0.4936316330763768,105,70722.6716786985,RSI(14/25/80) SL=10% TP=20%
TSLA,-0.029536706595501765,-0.022681719828324377,0.45664140487454336,105,86426.9708328916,RSI(14/25/80) SL=10% TP=25%
TSLA,-0.09769037308493679,-0.06737326265584229,0.5446879222239025,105,59682.984093249936,RSI(14/25/80) SL=10% TP=30%
TSLA,-0.12543242758818435,-0.09362810330135045,0.6357984464142726,105,43971.754056176,RSI(14/25/80) SL=12% TP=15%
TSLA,-0.07223281185490771,-0.05739852452244188,0.5870747338215367,105,65651.99405561811,RSI(14/25/80) SL=12% TP=20%
TSLA,-0.057971739341076044,-0.04447144048086822,0.5569105276349602,105,73387.72529954393,RSI(14/25/80) SL=12% TP=25%
TSLA,-0.11911746733124111,-0.08233788675054092,0.6130043664968466,105,50727.96300800964,RSI(14/25/80) SL=12% TP=30%
TSLA,-0.07930864590018086,-0.06499672107530015,0.6421997160859053,105,61105.13675335213,RSI(14/25/80) SL=15% TP=20%
TSLA,-0.06551086175633991,-0.05160420782498494,0.6160623919219348,105,69119.38674600108,RSI(14/25/80) SL=15% TP=25%
TSLA,-0.08095722914994402,-0.060920329535114226,0.6682108452474932,105,63544.501214701486,RSI(14/25/80) SL=15% TP=30%
TSLA,-0.08493891314543067,-0.06535644112225343,0.596717585849831,169,60889.87570938168,RSI(14/30/65) SL=5% TP=8%
TSLA,-0.03893920451006584,-0.029734801467814785,0.6222220111875661,169,82206.31721687909,RSI(14/30/65) SL=5% TP=10%
TSLA,-0.05940903228542958,-0.04431898389037175,0.6703712490281514,169,73478.95725925373,RSI(14/30/65) SL=5% TP=12%
TSLA,-0.06706335232572347,-0.048013318280689624,0.6852770525126761,169,71268.22064790477,RSI(14/30/65) SL=5% TP=15%
TSLA,0.047410801505554996,0.03723831773603638,0.6456554242512753,169,122283.88220077097,RSI(14/30/65) SL=5% TP=20%
TSLA,0.02006325933399996,0.01486819284085938,0.6456554242512753,169,108897.31539841903,RSI(14/30/65) SL=5% TP=25%
TSLA,0.02328103822749088,0.017139562225487036,0.6456554242512754,169,110256.53168096606,RSI(14/30/65) SL=5% TP=30%
TSLA,0.022010517243767933,0.016156648438465697,0.5166339365446774,169,109668.34358936758,RSI(14/30/65) SL=8% TP=10%
TSLA,-0.03195719513204692,-0.023077486510858742,0.5584898948142458,169,86190.13902445437,RSI(14/30/65) SL=8% TP=12%
TSLA,-0.04251349718344881,-0.028947640116562128,0.6228107157622209,169,82677.36456516838,RSI(14/30/65) SL=8% TP=15%
TSLA,0.08081960250776703,0.061734880313581424,0.6199415368376168,169,136942.93631463524,RSI(14/30/65) SL=8% TP=20%
TSLA,0.05083847363023367,0.03668308662059923,0.6199415368376168,169,121951.62485073954,RSI(14/30/65) SL=8% TP=25%
TSLA,0.05469658557996935,0.039226741494717325,0.6199415368376169,169,123473.78022779115,RSI(14/30/65) SL=8% TP=30%
TSLA,0.1108738559771393,0.08027160397271421,0.36323581420514045,169,148035.5471392274,RSI(14/30/65) SL=10% TP=12%
TSLA,0.05605940244396489,0.04008886114817201,0.5372403627819321,169,123989.68357596961,RSI(14/30/65) SL=10% TP=15%
TSLA,0.20616144152190524,0.15288385337174393,0.5372403627819321,169,191487.6392399166,RSI(14/30/65) SL=10% TP=20%
TSLA,0.1675750877085888,0.11785386962747152,0.5372403627819321,169,170525.2521421536,RSI(14/30/65) SL=10% TP=25%
TSLA,0.1735638316302016,0.12141066839339637,0.537240362781932,169,172653.68568938164,RSI(14/30/65) SL=10% TP=30%
TSLA,-0.006971977790780857,-0.005602474811768351,0.6538221964326327,169,96647.40793010053,RSI(14/30/65) SL=12% TP=15%
TSLA,0.10571838125467542,0.08605876238107674,0.6571676294144634,169,151498.65621851734,RSI(14/30/65) SL=12% TP=20%
TSLA,0.07537563454279655,0.058344203437851225,0.6571676294144634,169,134913.912215984,RSI(14/30/65) SL=12% TP=25%
TSLA,0.06650054776175549,0.050230111952650175,0.6571676294144635,169,130058.33683515733,RSI(14/30/65) SL=12% TP=30%
TSLA,0.09345519573388973,0.07312354363897344,0.6106980707205479,169,143758.0570664968,RSI(14/30/65) SL=15% TP=20%
TSLA,0.06650598548876575,0.04937534439741751,0.6106980707205479,169,129546.83307591492,RSI(14/30/65) SL=15% TP=25%
TSLA,0.07868930450223509,0.05739630612326986,0.610698070720548,169,134346.6784261472,RSI(14/30/65) SL=15% TP=30%
TSLA,-0.07886935937313083,-0.060871322388770736,0.596717585849831,169,63573.827713386396,RSI(14/30/70) SL=5% TP=8%
TSLA,-0.02764362660028253,-0.021179865840490433,0.6222220111875661,169,87325.69933037319,RSI(14/30/70) SL=5% TP=10%
TSLA,-0.04571348161634001,-0.03427576590110747,0.6703712490281514,169,79488.94643695632,RSI(14/30/70) SL=5% TP=12%
TSLA,-0.02311227141702201,-0.017138937465168914,0.6852770525126761,169,89743.84218354178,RSI(14/30/70) SL=5% TP=15%
TSLA,0.13279477202552148,0.10789061022743245,0.6456554242512753,169,164563.11119959052,RSI(14/30/70) SL=5% TP=20%
TSLA,0.1726291341897,0.13384293737315228,0.6456554242512753,169,180093.31331694988,RSI(14/30/70) SL=5% TP=25%
TSLA,0.18769897655063372,0.1455075556336909,0.6456554242512752,169,187073.56900619282,RSI(14/30/70) SL=5% TP=30%
TSLA,0.04231250295156736,0.03114628795258443,0.5166339365446774,169,118638.33421924496,RSI(14/30/70) SL=8% TP=10%
TSLA,-0.015596728324881667,-0.011296884457764543,0.5584898948142458,169,93239.80088797264,RSI(14/30/70) SL=8% TP=12%
TSLA,-0.010369976099683586,-0.007178383128968827,0.6228107157622209,169,95704.36438155358,RSI(14/30/70) SL=8% TP=15%
TSLA,0.17774906847244526,0.14085677452402895,0.6199415368376168,169,184290.4825326332,RSI(14/30/70) SL=8% TP=20%
TSLA,0.22401327865724263,0.16992019498117317,0.6199415368376168,169,201682.40239349566,RSI(14/30/70) SL=8% TP=25%
TSLA,0.24115682486619558,0.18298313546718734,0.6199415368376169,169,209499.43185893592,RSI(14/30/70) SL=8% TP=30%
TSLA,0.13845266432633008,0.10050533245138041,0.36323581420514045,169,160143.6671970959,RSI(14/30/70) SL=10% TP=12%
TSLA,0.10027407295731422,0.07273580508224142,0.5372403627819321,169,143526.02939048415,RSI(14/30/70) SL=10% TP=15%
TSLA,0.350486825313463,0.26990261687835165,0.537240362781932,169,261513.1532748231,RSI(14/30/70) SL=10% TP=20%
TSLA,0.4199650042526483,0.31114439249394216,0.537240362781932,169,286192.75550827966,RSI(14/30/70) SL=10% TP=25%
TSLA,0.4291619792269028,0.31499087233932715,0.537240362781932,169,288494.53789194656,RSI(14/30/70) SL=10% TP=30%
TSLA,0.02443864445843828,0.019845146450478742,0.6538221964326327,169,111875.58763782616,RSI(14/30/70) SL=12% TP=15%
TSLA,0.2067494867465649,0.17359055462194056,0.6571676294144634,169,203878.79221027237,RSI(14/30/70) SL=12% TP=20%
TSLA,0.2559902881615499,0.20574313775521566,0.6571676294144634,169,223119.30624399413,RSI(14/30/70) SL=12% TP=25%
TSLA,0.185614874286533,0.1421905023298654,0.6571676294144635,169,185088.60218787185,RSI(14/30/70) SL=12% TP=30%
TSLA,0.19561971713468682,0.15618302877358028,0.6106980707205479,169,193461.9076946663,RSI(14/30/70) SL=15% TP=20%
TSLA,0.2492967262645673,0.19091052654386684,0.6106980707205479,169,214243.28334450442,RSI(14/30/70) SL=15% TP=25%
TSLA,0.21895969447179045,0.1621243510441922,0.6106980707205479,169,197017.27038676266,RSI(14/30/70) SL=15% TP=30%
TSLA,-0.07886935937313083,-0.060871322388770736,0.596717585849831,169,63573.827713386396,RSI(14/30/75) SL=5% TP=8%
TSLA,-0.02764362660028253,-0.021179865840490433,0.6222220111875661,169,87325.69933037319,RSI(14/30/75) SL=5% TP=10%
TSLA,-0.04571348161634001,-0.03427576590110747,0.6703712490281514,169,79488.94643695632,RSI(14/30/75) SL=5% TP=12%
TSLA,-0.06386107128162781,-0.047137559539364854,0.7598687342164794,169,71792.28579945944,RSI(14/30/75) SL=5% TP=15%
TSLA,0.02247981513591026,0.017790546694874294,0.7070567741122408,169,110646.08905391683,RSI(14/30/75) SL=5% TP=20%
TSLA,0.01841159397638541,0.013357539539170616,0.7070567741122408,169,107993.32127978941,RSI(14/30/75) SL=5% TP=25%
TSLA,0.013934898338140269,0.010133692275445121,0.7653972483203586,169,106064.13013943302,RSI(14/30/75) SL=5% TP=30%
TSLA,0.04231250295156736,0.03114628795258443,0.5166339365446774,169,118638.33421924496,RSI(14/30/75) SL=8% TP=10%
TSLA,-0.00512898253029176,-0.003745881820208556,0.5584898948142458,169,97758.41675203393,RSI(14/30/75) SL=8% TP=12%
TSLA,-0.056475677488052864,-0.039239608542624455,0.7168886960331978,169,76518.51996735013,RSI(14/30/75) SL=8% TP=15%
TSLA,0.03441861795974466,0.026463725361287983,0.7147351433724954,169,115836.2293035009,RSI(14/30/75) SL=8% TP=20%
TSLA,0.04928530189247877,0.035485261476239344,0.7147351433724954,169,121234.83107387656,RSI(14/30/75) SL=8% TP=25%
TSLA,0.007075486149295088,0.005111741197471051,0.7709994275069428,169,103058.93084356602,RSI(14/30/75) SL=8% TP=30%
TSLA,0.15511454842766906,0.11347452845863149,0.36323581420514045,169,167904.5987760382,RSI(14/30/75) SL=10% TP=12%
TSLA,0.04819885586739015,0.034500663101975734,0.6119137100623588,169,120645.63490388072,RSI(14/30/75) SL=10% TP=15%
TSLA,0.19414193772352198,0.1447880749831634,0.5918223317188024,169,186643.02264865494,RSI(14/30/75) SL=10% TP=20%
TSLA,0.22658946530783697,0.15932417288235196,0.5918223317188024,169,195341.6082168995,RSI(14/30/75) SL=10% TP=25%
TSLA,0.03745117966472948,0.02430999491505396,0.6755534621770618,169,114547.40965551641,RSI(14/30/75) SL=10% TP=30%
TSLA,0.00035948341563525333,0.0002870016018011124,0.7090139457705005,169,100171.74540298256,RSI(14/30/75) SL=12% TP=15%
TSLA,0.12968496543951127,0.10362692809590057,0.6877574035917434,169,162011.66967008653,RSI(14/30/75) SL=12% TP=20%
TSLA,0.1516628500630663,0.1137195158427667,0.6877574035917434,169,168051.20233765562,RSI(14/30/75) SL=12% TP=25%
TSLA,-0.045597045660449316,-0.030372846131089856,0.7381083759749658,169,81824.50318822083,RSI(14/30/75) SL=12% TP=30%
TSLA,0.04317750688238135,0.03187407549742311,0.6735110473410181,169,119073.85152782305,RSI(14/30/75) SL=15% TP=20%
TSLA,-0.019012544089208362,-0.012930577712660662,0.7345516018429185,169,92262.17809893163,RSI(14/30/75) SL=15% TP=25%
TSLA,-0.01554542078589351,-0.010685468092342753,0.7352834151114651,169,93605.68020505838,RSI(14/30/75) SL=15% TP=30%
TSLA,-0.07886935937313083,-0.060871322388770736,0.596717585849831,169,63573.827713386396,RSI(14/30/80) SL=5% TP=8%
TSLA,-0.02764362660028253,-0.021179865840490433,0.6222220111875661,169,87325.69933037319,RSI(14/30/80) SL=5% TP=10%
TSLA,-0.04571348161634001,-0.03427576590110747,0.6703712490281514,169,79488.94643695632,RSI(14/30/80) SL=5% TP=12%
TSLA,-0.06386107128162781,-0.047137559539364854,0.7598687342164794,169,71792.28579945944,RSI(14/30/80) SL=5% TP=15%
TSLA,0.0248749241072939,0.01959263654383168,0.7070567741122408,169,111724.48250321357,RSI(14/30/80) SL=5% TP=20%
TSLA,0.04849035413779404,0.0359991120627459,0.7037004665375791,169,121542.3257899289,RSI(14/30/80) SL=5% TP=25%
TSLA,0.07623919191737115,0.05833430347103532,0.7434287388193701,169,134907.98795012748,RSI(14/30/80) SL=5% TP=30%
TSLA,0.04231250295156736,0.03114628795258443,0.5166339365446774,169,118638.33421924496,RSI(14/30/80) SL=8% TP=10%
TSLA,-0.00512898253029176,-0.003745881820208556,0.5584898948142458,169,97758.41675203393,RSI(14/30/80) SL=8% TP=12%
TSLA,-0.056475677488052864,-0.039239608542624455,0.7168886960331978,169,76518.51996735013,RSI(14/30/80) SL=8% TP=15%
TSLA,0.03703072730726973,0.02835034688360516,0.7147351433724954,169,116965.2075795542,RSI(14/30/80) SL=8% TP=20%
TSLA,0.10594196849232586,0.07942969311430337,0.6880225678879711,169,147531.7369906228,RSI(14/30/80) SL=8% TP=25%
TSLA,0.06856085921575628,0.051946646167639825,0.7495555134158783,169,131085.532706667,RSI(14/30/80) SL=8% TP=30%
TSLA,0.15511454842766906,0.11347452845863149,0.36323581420514045,169,167904.5987760382,RSI(14/30/80) SL=10% TP=12%
TSLA,0.04819885586739015,0.034500663101975734,0.6119137100623588,169,120645.63490388072,RSI(14/30/80) SL=10% TP=15%
TSLA,0.228997168283358,0.17313186411446968,0.5918223317188024,169,203604.3059859604,RSI(14/30/80) SL=10% TP=20%
TSLA,0.3252272135988347,0.23857808880230896,0.5827687046430802,169,242768.15790233412,RSI(14/30/80) SL=10% TP=25%
TSLA,0.13837736484736637,0.09644552741938137,0.6683570421185436,169,157714.2283128679,RSI(14/30/80) SL=10% TP=30%
TSLA,0.00035948341563525333,0.0002870016018011124,0.7090139457705005,169,100171.74540298256,RSI(14/30/80) SL=12% TP=15%
TSLA,0.1335354647770532,0.1062656077620462,0.6877574035917434,169,163590.68908935145,RSI(14/30/80) SL=12% TP=20%
TSLA,0.1948007398713973,0.1489526528581958,0.684179979371466,169,189135.15893260288,RSI(14/30/80) SL=12% TP=25%
TSLA,-0.01352660456750939,-0.009281915862209692,0.713584500660495,169,94445.58368245547,RSI(14/30/80) SL=12% TP=30%
TSLA,0.0708985245956654,0.052628044791171204,0.6429381934119605,169,131493.2902956691,RSI(14/30/80) SL=15% TP=20%
TSLA,0.029126899997313407,0.020512030672521647,0.7096946655317059,169,112274.6596246677,RSI(14/30/80) SL=15% TP=25%
TSLA,0.044417627121361165,0.031853427869293335,0.7104950067549674,169,119061.49572495808,RSI(14/30/80) SL=15% TP=30%
TSLA,-0.13552700930235084,-0.10142018853931542,0.7490907011688241,263,39308.871302663625,RSI(14/35/65) SL=5% TP=8%
TSLA,-0.15008826164067826,-0.1074980508607909,0.7683121624417841,263,35671.80131028862,RSI(14/35/65) SL=5% TP=10%
TSLA,-0.1658321952221005,-0.1154823560784083,0.8027835657983273,263,30893.891680063607,RSI(14/35/65) SL=5% TP=12%
TSLA,-0.1443651160665724,-0.10201152259019523,0.759687921631893,263,38955.009497613326,RSI(14/35/65) SL=5% TP=15%
TSLA,-0.11265241441115557,-0.08441865762954746,0.7935124272551798,263,49482.803291524775,RSI(14/35/65) SL=5% TP=20%
TSLA,-0.11600836825911552,-0.08522022904591281,0.7935124272551799,263,49003.1327772871,RSI(14/35/65) SL=5% TP=25%
TSLA,-0.11523497455371215,-0.08419812657135729,0.7933113263147676,263,49614.77187714017,RSI(14/35/65) SL=5% TP=30%
TSLA,-0.11591571574292532,-0.0783447836893665,0.6550026869525605,263,53117.486585887025,RSI(14/35/65) SL=8% TP=10%
TSLA,-0.14442084967181645,-0.09548636299768837,0.7263974791307075,263,42859.74785693887,RSI(14/35/65) SL=8% TP=12%
TSLA,-0.15353632659815292,-0.09999635693861253,0.7909741224171855,263,40160.91021292552,RSI(14/35/65) SL=8% TP=15%
TSLA,-0.07765084055203614,-0.05557910957288215,0.7714847524334201,263,66740.75506511655,RSI(14/35/65) SL=8% TP=20%
TSLA,-0.08063659874194358,-0.05666024237070806,0.7714847524334201,263,66093.79147022708,RSI(14/35/65) SL=8% TP=25%
TSLA,-0.07906299159152755,-0.05528166463524967,0.7712621984531812,263,66918.7498928744,RSI(14/35/65) SL=8% TP=30%
TSLA,-0.03932852707695018,-0.0269842054467983,0.568203435637176,263,83852.30880405879,RSI(14/35/65) SL=10% TP=12%
TSLA,-0.03888535045414157,-0.027566560628715663,0.6972286468693485,263,83503.82006821301,RSI(14/35/65) SL=10% TP=15%
TSLA,0.06094076138794843,0.04550858148833916,0.7229158218362917,263,127232.9130493712,RSI(14/35/65) SL=10% TP=20%
TSLA,0.05922116127803781,0.04344753685187377,0.7229158218362917,263,125999.55776691494,RSI(14/35/65) SL=10% TP=25%
TSLA,0.06310755826075659,0.0460756231085582,0.7226459659410365,263,127572.23795543879,RSI(14/35/65) SL=10% TP=30%
TSLA,-0.09963023080409172,-0.07618362454918275,0.7228817714707111,263,54410.751658663656,RSI(14/35/65) SL=12% TP=15%
TSLA,-0.040881176201189695,-0.03137741055693922,0.7265609819873512,263,81223.35907941891,RSI(14/35/65) SL=12% TP=20%
TSLA,-0.05266089769213912,-0.03912819449000885,0.7545517099762327,263,76585.19155121692,RSI(14/35/65) SL=12% TP=25%
TSLA,-0.05076418564638128,-0.03753078817407858,0.7543126646850792,263,77541.09977519425,RSI(14/35/65) SL=12% TP=30%
TSLA,-0.0883972734040727,-0.06794436623306631,0.7752871036595018,263,59341.22846053016,RSI(14/35/65) SL=15% TP=20%
TSLA,-0.08974589361355285,-0.06773494519171554,0.7862435653453871,263,59466.54867098927,RSI(14/35/65) SL=15% TP=25%
TSLA,-0.08618751421086984,-0.06405304190212269,0.7964769963061776,263,61669.846353809124,RSI(14/35/65) SL=15% TP=30%
TSLA,-0.1313491645821494,-0.09852471613084625,0.7380309230435491,263,41041.55875979519,RSI(14/35/70) SL=5% TP=8%
TSLA,-0.13729374188542956,-0.09935045636379551,0.7366450544800961,263,40547.42531880808,RSI(14/35/70) SL=5% TP=10%
TSLA,-0.1451694296432995,-0.10324249608426267,0.7560264478828476,263,38218.37932735393,RSI(14/35/70) SL=5% TP=12%
TSLA,-0.12026474422071234,-0.08657792596665649,0.7093062477811705,263,48190.669699318256,RSI(14/35/70) SL=5% TP=15%
TSLA,-0.07229167878140733,-0.05582884326867349,0.7720478380363961,263,66591.31125033349,RSI(14/35/70) SL=5% TP=20%
TSLA,-0.041455430605424795,-0.03168231415674181,0.7720478380363961,263,81040.9008935053,RSI(14/35/70) SL=5% TP=25%
TSLA,-0.03458115590294792,-0.026433306545064397,0.772047838036396,263,84181.97370239797,RSI(14/35/70) SL=5% TP=30%
TSLA,-0.09423704725656476,-0.06435875229970156,0.6006434320662984,263,61486.90536986114,RSI(14/35/70) SL=8% TP=10%
TSLA,-0.1163181987999698,-0.07850574693979469,0.666949074471578,263,53021.16413285302,RSI(14/35/70) SL=8% TP=12%
TSLA,-0.11399344823125894,-0.0767924781933692,0.7479513073359432,263,54046.40590650763,RSI(14/35/70) SL=8% TP=15%
TSLA,-0.02316793382182042,-0.017018121296313447,0.7479513073359433,263,89816.14011315846,RSI(14/35/70) SL=8% TP=20%
TSLA,0.021281071892142303,0.015549911998763866,0.7479513073359431,263,109305.26479926027,RSI(14/35/70) SL=8% TP=25%
TSLA,0.030939214429013866,0.022629598436130445,0.7479513073359433,263,113541.8390641606,RSI(14/35/70) SL=8% TP=30%
TSLA,0.008933024535976254,0.006237265340252469,0.507329789730647,263,103732.45878297648,RSI(14/35/70) SL=10% TP=12%
TSLA,0.007671321255548945,0.00551684230400138,0.6495226951571262,263,103301.3484898548,RSI(14/35/70) SL=10% TP=15%
TSLA,0.16092900545432925,0.12326105794833163,0.6871923520865043,263,173760.9822960651,RSI(14/35/70) SL=10% TP=20%
TSLA,0.24535234079509619,0.18626814609166287,0.6871923520865043,263,211465.2239310427,RSI(14/35/70) SL=10% TP=25%
TSLA,0.2511363180306879,0.18911027506311773,0.6871923520865042,263,213165.9899980879,RSI(14/35/70) SL=10% TP=30%
TSLA,-0.07059364499514979,-0.054626612911570276,0.658658633228427,263,67310.74116244128,RSI(14/35/70) SL=12% TP=15%
TSLA,0.01976944725375962,0.015551231382894527,0.7077952898329206,263,109306.05433547815,RSI(14/35/70) SL=12% TP=20%
TSLA,0.030213903531665833,0.02311397755287005,0.7077952898329205,263,113831.6976784635,RSI(14/35/70) SL=12% TP=25%
TSLA,0.04911924302134536,0.03781669764723064,0.7077952898329207,263,122629.99208413644,RSI(14/35/70) SL=12% TP=30%
TSLA,-0.04298543720705596,-0.03365862264579164,0.7170323810184654,263,79858.25279767707,RSI(14/35/70) SL=15% TP=20%
TSLA,-0.003568515970523989,-0.002765323025521847,0.7170323810184653,263,98345.1955863147,RSI(14/35/70) SL=15% TP=25%
TSLA,-0.013000302027861442,-0.009957385329293583,0.7170323810184654,263,94041.37417596241,RSI(14/35/70) SL=15% TP=30%
TSLA,-0.1313491645821494,-0.09852471613084625,0.7380309230435491,263,41041.55875979519,RSI(14/35/75) SL=5% TP=8%
TSLA,-0.13727947943010577,-0.09923789819868405,0.7362075766984184,263,40614.78155412082,RSI(14/35/75) SL=5% TP=10%
TSLA,-0.15847730772039564,-0.11124249814005704,0.7865870130874961,263,33431.07650983888,RSI(14/35/75) SL=5% TP=12%
TSLA,-0.15572643194502744,-0.10981778489136727,0.7931956354138543,263,34283.64300945165,RSI(14/35/75) SL=5% TP=15%
TSLA,-0.10662835552976749,-0.08133031427055222,0.7995693960156289,263,51330.90717460606,RSI(14/35/75) SL=5% TP=20%
TSLA,-0.062267171101357474,-0.046906149878870686,0.7927931842765756,263,71930.76427883453,RSI(14/35/75) SL=5% TP=25%
TSLA,-0.08681337093908714,-0.06311702735203181,0.8525200950075142,263,62229.96934648255,RSI(14/35/75) SL=5% TP=30%
TSLA,-0.09407195795349546,-0.06418806690618024,0.5999800322387646,263,61589.04567677785,RSI(14/35/75) SL=8% TP=10%
TSLA,-0.127859376163798,-0.08584827489355383,0.7032357762401681,263,48627.30216687334,RSI(14/35/75) SL=8% TP=12%
TSLA,-0.14579591370253442,-0.09637747241010772,0.7952743107188137,263,42326.496668872045,RSI(14/35/75) SL=8% TP=15%
TSLA,-0.06225472078543805,-0.04456266049490292,0.7666607231988152,263,73333.13808479618,RSI(14/35/75) SL=8% TP=20%
TSLA,-0.07402961629808946,-0.050730050737370885,0.8285255670973889,263,69642.49344763679,RSI(14/35/75) SL=8% TP=25%
TSLA,-0.06179631633158652,-0.04235183020594641,0.8461882427980367,263,74656.12700374318,RSI(14/35/75) SL=8% TP=30%
TSLA,-0.005129590378742278,-0.003551399700021494,0.5596705598395638,263,97874.79732236809,RSI(14/35/75) SL=10% TP=12%
TSLA,-0.055442381745292195,-0.038746121880428475,0.7411719381231544,263,76813.8286525055,RSI(14/35/75) SL=10% TP=15%
TSLA,0.1018998748750983,0.076008540806269,0.7089218013552102,263,145484.47600629114,RSI(14/35/75) SL=10% TP=20%
TSLA,0.10100482660060939,0.07169530577340968,0.7324507652407797,263,142903.38139138962,RSI(14/35/75) SL=10% TP=25%
TSLA,0.07358182775147477,0.050045897840321284,0.7661959259701535,263,129948.10077111289,RSI(14/35/75) SL=10% TP=30%
TSLA,-0.13148856675584192,-0.10191690337201682,0.8026702739946071,263,39011.63083928517,RSI(14/35/75) SL=12% TP=15%
TSLA,-0.06038079928778209,-0.04751984588516414,0.7761099731897156,263,71563.52079570336,RSI(14/35/75) SL=12% TP=20%
TSLA,-0.05593330452081594,-0.04039114477258889,0.7521429064792345,263,75829.42606465712,RSI(14/35/75) SL=12% TP=25%
TSLA,-0.058095003487143276,-0.04073359409000477,0.7814567549166788,263,75624.5000445527,RSI(14/35/75) SL=12% TP=30%
TSLA,-0.10395458410854659,-0.07524119395357383,0.8143753485953106,263,54974.714094448675,RSI(14/35/75) SL=15% TP=20%
TSLA,-0.10157896712214157,-0.0718087459566171,0.8213690388392091,263,57028.73456246882,RSI(14/35/75) SL=15% TP=25%
TSLA,-0.08585765044927042,-0.06214168635696681,0.8213690388392091,263,62813.62578321192,RSI(14/35/75) SL=15% TP=30%
TSLA,-0.1313491645821494,-0.09852471613084625,0.7380309230435491,263,41041.55875979519,RSI(14/35/80) SL=5% TP=8%
TSLA,-0.13727947943010577,-0.09923789819868405,0.7362075766984184,263,40614.78155412082,RSI(14/35/80) SL=5% TP=10%
TSLA,-0.1590426444364822,-0.1099697297137192,0.7817249490264823,263,34192.717298298194,RSI(14/35/80) SL=5% TP=12%
TSLA,-0.15321673462597807,-0.10615991107684294,0.7821153108883809,263,36472.561149254296,RSI(14/35/80) SL=5% TP=15%
TSLA,-0.08690864841848256,-0.06654805314076792,0.7935769512921417,263,60176.799945921426,RSI(14/35/80) SL=5% TP=20%
TSLA,-0.03252349340151808,-0.02457703145990118,0.7841531587734455,263,85292.79228510676,RSI(14/35/80) SL=5% TP=25%
TSLA,-0.03699362028068988,-0.027749782663496786,0.8300681563051663,263,83394.17767597098,RSI(14/35/80) SL=5% TP=30%
TSLA,-0.09407195795349546,-0.06418806690618024,0.5999800322387646,263,61589.04567677785,RSI(14/35/80) SL=8% TP=10%
TSLA,-0.1268518860300572,-0.08399696463623164,0.6964747693876236,263,49735.14973355662,RSI(14/35/80) SL=8% TP=12%
TSLA,-0.1409435400803653,-0.09186147089349715,0.7952743107188137,263,45028.92932246282,RSI(14/35/80) SL=8% TP=15%
TSLA,-0.03251819645088949,-0.023444202702045617,0.7666607231988151,263,85970.6913989346,RSI(14/35/80) SL=8% TP=20%
TSLA,-0.025482475164802502,-0.017898534178605336,0.8024207668756539,263,89289.28986454887,RSI(14/35/80) SL=8% TP=25%
TSLA,0.00010942857933862588,7.758987842939016e-05,0.8227723601760967,263,100046.43076852044,RSI(14/35/80) SL=8% TP=30%
TSLA,0.00025598471335724367,0.00017483243998957243,0.5596705598395638,263,100104.62195218423,RSI(14/35/80) SL=10% TP=12%
TSLA,-0.04439038421693543,-0.030550514069908045,0.7411719381231544,263,81718.18443753122,RSI(14/35/80) SL=10% TP=15%
TSLA,0.18530014160799177,0.14080488014513182,0.7089218013552102,263,184259.4282773249,RSI(14/35/80) SL=10% TP=20%
TSLA,0.19190844197106657,0.13880730692878654,0.7293854015666549,263,183064.0550986548,RSI(14/35/80) SL=10% TP=25%
TSLA,0.20753515205561146,0.14789936858390287,0.7443022056922756,263,188504.8602478276,RSI(14/35/80) SL=10% TP=30%
TSLA,-0.1283538773338626,-0.09775457958193508,0.8026702739946072,263,41502.41825017535,RSI(14/35/80) SL=12% TP=15%
TSLA,-0.03413016328632956,-0.026911002013178656,0.7761099731897156,263,83896.1146683042,RSI(14/35/80) SL=12% TP=20%
TSLA,-0.02738776147013773,-0.01980063279163212,0.7493031595013129,263,88151.04990088046,RSI(14/35/80) SL=12% TP=25%
TSLA,-0.001042288026681496,-0.0007508344833550369,0.7609920786858311,263,99550.69111075421,RSI(14/35/80) SL=12% TP=30%
TSLA,-0.08158365584667428,-0.059409590266635684,0.8143753485953107,263,64448.546776949755,RSI(14/35/80) SL=15% TP=20%
TSLA,-0.062219077836977936,-0.04492372575668807,0.8046418012457205,263,73117.07204718825,RSI(14/35/80) SL=15% TP=25%
TSLA,-0.05390035577685891,-0.03945947821485483,0.8046418012457206,263,76386.94716349164,RSI(14/35/80) SL=15% TP=30%
TSLA,-0.195905681936617,-0.13514145398058658,0.8819130823322561,349,19129.63785606169,RSI(14/40/65) SL=5% TP=8%
TSLA,-0.18521363438160077,-0.12466839975525243,0.8479419696559303,349,25396.846495666407,RSI(14/40/65) SL=5% TP=10%
TSLA,-0.19074794351131683,-0.12555810237885634,0.8536810802272822,349,24864.437147890734,RSI(14/40/65) SL=5% TP=12%
TSLA,-0.1737689650689317,-0.1150034961218123,0.8252671428747899,349,31180.447558852014,RSI(14/40/65) SL=5% TP=15%
TSLA,-0.14215713247981582,-0.1019060381023913,0.8184807833231786,349,39018.13275460077,RSI(14/40/65) SL=5% TP=20%
TSLA,-0.1584178926474105,-0.10874418277467618,0.8175439509475576,349,34926.10014912235,RSI(14/40/65) SL=5% TP=25%
TSLA,-0.1496562336348284,-0.10229855863404959,0.7973940020406235,349,38783.24348406875,RSI(14/40/65) SL=5% TP=30%
TSLA,-0.12497446064079354,-0.0815679542437424,0.7028883554192672,349,51188.700396998596,RSI(14/40/65) SL=8% TP=10%
TSLA,-0.15327256063887376,-0.09808710486538243,0.7653153002935432,349,41303.43089801718,RSI(14/40/65) SL=8% TP=12%
TSLA,-0.12365775564751495,-0.0803645148224152,0.8098716527642267,349,51908.85382849122,RSI(14/40/65) SL=8% TP=15%
TSLA,-0.04590349209310927,-0.03279818005172895,0.7703402051649262,349,80373.15257221935,RSI(14/40/65) SL=8% TP=20%
TSLA,-0.0684341894566413,-0.04688402184516173,0.7701078896477161,349,71944.00597519687,RSI(14/40/65) SL=8% TP=25%
TSLA,-0.049259141523110665,-0.03360673008607107,0.7698839947228512,349,79889.305964367,RSI(14/40/65) SL=8% TP=30%
TSLA,-0.06554723764015255,-0.043709907254356535,0.6399616466364574,349,73843.43645255173,RSI(14/40/65) SL=10% TP=12%
TSLA,-0.09843220946295145,-0.0655501240516971,0.7459565965042281,349,60773.97338493681,RSI(14/40/65) SL=10% TP=15%
TSLA,-0.03941861329752723,-0.028608246207149576,0.762249554404971,349,82880.46219032478,RSI(14/40/65) SL=10% TP=20%
TSLA,-0.06285953866480092,-0.04377006685922463,0.762249554404971,349,73807.43618106717,RSI(14/40/65) SL=10% TP=25%
TSLA,-0.031823578367909326,-0.02198498856513652,0.7620180061449132,349,86843.90366816433,RSI(14/40/65) SL=10% TP=30%
TSLA,-0.12376613046891088,-0.08420939405473304,0.7372739189764854,349,49608.02927200896,RSI(14/40/65) SL=12% TP=15%
TSLA,-0.09925482879031766,-0.070074109475579,0.7351349815407997,349,58066.76305985194,RSI(14/40/65) SL=12% TP=20%
TSLA,-0.12641787842678306,-0.08440890069317793,0.744044243682194,349,49488.6419661459,RSI(14/40/65) SL=12% TP=25%
TSLA,-0.10538878126386919,-0.06980178255326967,0.7437949650325628,349,58229.72694828148,RSI(14/40/65) SL=12% TP=30%
TSLA,-0.06292228952959894,-0.04537864507185153,0.7553657694335352,349,72844.84255224123,RSI(14/40/65) SL=15% TP=20%
TSLA,-0.0839425246580098,-0.05814510868339649,0.7597976658596486,349,65205.22861326908,RSI(14/40/65) SL=15% TP=25%
TSLA,-0.09589639335163076,-0.06549720757604353,0.7712971746675015,349,60805.639275923146,RSI(14/40/65) SL=15% TP=30%
TSLA,-0.20107723138103872,-0.13984113006915136,0.8906866982087185,349,16317.292006237987,RSI(14/40/70) SL=5% TP=8%
TSLA,-0.19042901704330328,-0.12964273117481967,0.8567864227461895,349,22420.143408084103,RSI(14/40/70) SL=5% TP=10%
TSLA,-0.18918096188436134,-0.12718808263771628,0.8503290772857871,349,23889.03626282692,RSI(14/40/70) SL=5% TP=12%
TSLA,-0.16078759983792626,-0.10922856632094347,0.8036739985959334,349,34636.23888413383,RSI(14/40/70) SL=5% TP=15%
TSLA,-0.12018615494671335,-0.08760800840420496,0.797339409235561,349,47574.25528827734,RSI(14/40/70) SL=5% TP=20%
TSLA,-0.12339653836565913,-0.08881720065134643,0.7941806092565442,349,46850.659292765704,RSI(14/40/70) SL=5% TP=25%
TSLA,-0.1118333580286148,-0.08017089490142398,0.7714504765529421,349,52024.718447878025,RSI(14/40/70) SL=5% TP=30%
TSLA,-0.12820544719057395,-0.08482006607587217,0.690722270261901,349,49242.59537999396,RSI(14/40/70) SL=8% TP=10%
TSLA,-0.14685510752807104,-0.09614988395527949,0.7425918008299988,349,42462.68849025338,RSI(14/40/70) SL=8% TP=12%
TSLA,-0.11962464626555608,-0.07736463756124015,0.7745153111391575,349,53704.01847525787,RSI(14/40/70) SL=8% TP=15%
TSLA,0.0012464573043414879,0.0009044490477188257,0.7108030452253281,349,100541.23379522222,RSI(14/40/70) SL=8% TP=20%
TSLA,-0.001282112701407133,-0.000922417537718716,0.7105105040769207,349,99448.01363219054,RSI(14/40/70) SL=8% TP=25%
TSLA,0.01685480041905758,0.011973874819717704,0.7102285664808914,349,107165.31874132314,RSI(14/40/70) SL=8% TP=30%
TSLA,-0.05352683239246336,-0.03587452354971894,0.570129214704992,349,78532.22955834279,RSI(14/40/70) SL=10% TP=12%
TSLA,-0.05525451124288673,-0.03741238977294917,0.6858697289509489,349,77611.95088190185,RSI(14/40/70) SL=10% TP=15%
TSLA,0.02479390900888798,0.01813982678932537,0.7006149687115235,349,110855.10269773914,RSI(14/40/70) SL=10% TP=20%
TSLA,0.010039835922006603,0.007210648603372585,0.7006149687115236,349,104314.94368804994,RSI(14/40/70) SL=10% TP=25%
TSLA,0.05329271515725364,0.03800035399176425,0.7003233937245293,349,122739.8943728494,RSI(14/40/70) SL=10% TP=30%
TSLA,-0.1094814252051337,-0.07563617663002335,0.7124186925039053,349,54738.351445208245,RSI(14/40/70) SL=12% TP=15%
TSLA,-0.06666246206445157,-0.04810222290690517,0.6828225480492475,349,71215.01899062976,RSI(14/40/70) SL=12% TP=20%
TSLA,-0.09423546807233722,-0.0663796430241503,0.6764603700629539,349,60277.57869824657,RSI(14/40/70) SL=12% TP=25%
TSLA,-0.05691979451020346,-0.04044605266559061,0.6761452705972759,349,75796.56848424181,RSI(14/40/70) SL=12% TP=30%
TSLA,-0.0207598699872942,-0.015448394468804973,0.6919466266863442,349,90755.48457977861,RSI(14/40/70) SL=15% TP=20%
TSLA,-0.029401849581934206,-0.02153331812017851,0.6919466266863443,349,87114.18899792492,RSI(14/40/70) SL=15% TP=25%
TSLA,-0.06240979921976291,-0.045100972138927074,0.6919466266863443,349,73011.00556130872,RSI(14/40/70) SL=15% TP=30%
TSLA,-0.20107723138103872,-0.13984113006915136,0.8906866982087185,349,16317.292006237987,RSI(14/40/75) SL=5% TP=8%
TSLA,-0.1904876509831944,-0.12958049367925226,0.8565485204050756,349,22457.38711574905,RSI(14/40/75) SL=5% TP=10%
TSLA,-0.19865618297622764,-0.13218861752635236,0.8690771258064368,349,20896.65268661136,RSI(14/40/75) SL=5% TP=12%
TSLA,-0.16713040993426134,-0.1128957889233593,0.8199435272758534,349,32441.726310942136,RSI(14/40/75) SL=5% TP=15%
TSLA,-0.12974545380626792,-0.09237526530714711,0.8246939452974836,349,44721.468220961164,RSI(14/40/75) SL=5% TP=20%
TSLA,-0.1545052337239245,-0.10367100964575995,0.852784019581971,349,37961.951370711904,RSI(14/40/75) SL=5% TP=25%
TSLA,-0.15224912765295398,-0.10183528946746291,0.8618232222999576,349,39060.46963613728,RSI(14/40/75) SL=5% TP=30%
TSLA,-0.12136590842642742,-0.08068884622025986,0.6751952963745947,349,51714.76980152704,RSI(14/40/75) SL=8% TP=10%
TSLA,-0.17152449505098674,-0.11045914281538909,0.7944996255718525,349,33899.84628348938,RSI(14/40/75) SL=8% TP=12%
TSLA,-0.12780545506909682,-0.08139822552155684,0.8031901458960153,349,51290.26821963979,RSI(14/40/75) SL=8% TP=15%
TSLA,0.00025581360783516043,0.00018201423521257122,0.7368375776892669,349,100108.91962964307,RSI(14/40/75) SL=8% TP=20%
TSLA,-0.016979899040944196,-0.011803309914730144,0.758768968461269,349,92936.74946372498,RSI(14/40/75) SL=8% TP=25%
TSLA,-0.03805405066521249,-0.025597518534600988,0.8094319965788479,349,84682.11986104037,RSI(14/40/75) SL=8% TP=30%
TSLA,-0.0943258883708858,-0.06159235269908078,0.6567355639939788,349,63142.354019756414,RSI(14/40/75) SL=10% TP=12%
TSLA,-0.08235991787548361,-0.05394753639568308,0.7495153053371221,349,67717.10917274203,RSI(14/40/75) SL=10% TP=15%
TSLA,0.016316631302723383,0.011601220340189327,0.7351912328380672,349,106942.31756865299,RSI(14/40/75) SL=10% TP=20%
TSLA,-0.05414191552421529,-0.036454399027280884,0.7762773006993552,349,78185.2247090716,RSI(14/40/75) SL=10% TP=25%
TSLA,-0.02596461444818895,-0.017683189920340524,0.8098716365761275,349,89418.1546032248,RSI(14/40/75) SL=10% TP=30%
TSLA,-0.14449716282022038,-0.09669758058881527,0.8012522234923972,349,42134.93986986769,RSI(14/40/75) SL=12% TP=15%
TSLA,-0.08785178141342519,-0.06188133577313124,0.7523823038314805,349,62969.42287861829,RSI(14/40/75) SL=12% TP=20%
TSLA,-0.13454155902872544,-0.09186147300136975,0.7866048481838158,349,45028.928061085084,RSI(14/40/75) SL=12% TP=25%
TSLA,-0.10849326549529312,-0.0745499034301438,0.8235419846692456,349,55388.39112196156,RSI(14/40/75) SL=12% TP=30%
TSLA,0.017534663856625814,0.013166488343628557,0.7309482311367967,349,107878.9938183301,RSI(14/40/75) SL=15% TP=20%
TSLA,-0.02584827035704888,-0.01828585326595833,0.7624329385622052,349,89057.51320433922,RSI(14/40/75) SL=15% TP=25%
TSLA,-0.11734953450918914,-0.07740303093614137,0.8110773143945791,349,53681.04339218207,RSI(14/40/75) SL=15% TP=30%
TSLA,-0.20107723138103872,-0.13984113006915136,0.8906866982087185,349,16317.292006237987,RSI(14/40/80) SL=5% TP=8%
TSLA,-0.1904876509831944,-0.12958049367925226,0.8565485204050756,349,22457.38711574905,RSI(14/40/80) SL=5% TP=10%
TSLA,-0.19979828007347275,-0.13139305236566004,0.8660943860463576,349,21372.72898118438,RSI(14/40/80) SL=5% TP=12%
TSLA,-0.16417317844989368,-0.10943443736459864,0.8102963220309926,349,34513.04303737511,RSI(14/40/80) SL=5% TP=15%
TSLA,-0.11093981798040088,-0.07949638866659077,0.8153012616311043,349,52428.35154396076,RSI(14/40/80) SL=5% TP=20%
TSLA,-0.12959147093975074,-0.08848451123395622,0.8360238961816248,349,47049.74486475954,RSI(14/40/80) SL=5% TP=25%
TSLA,-0.10300343942246247,-0.07260790243881832,0.820216023129973,349,56550.50917550078,RSI(14/40/80) SL=5% TP=30%
TSLA,-0.12136590842642742,-0.08068884622025986,0.6751952963745947,349,51714.76980152704,RSI(14/40/80) SL=8% TP=10%
TSLA,-0.1714165758549708,-0.10916852765991743,0.7898178299628457,349,34672.16678128751,RSI(14/40/80) SL=8% TP=12%
TSLA,-0.12057394454996996,-0.07592583949161179,0.8031901458960155,349,54565.01351057517,RSI(14/40/80) SL=8% TP=15%
TSLA,0.04053094742046152,0.029011354545762716,0.7368375776892668,349,117360.76295833736,RSI(14/40/80) SL=8% TP=20%
TSLA,0.057391383681449804,0.041015561657258316,0.736179778136986,349,124544.23292823236,RSI(14/40/80) SL=8% TP=25%
TSLA,0.08867397284241615,0.064189238209056,0.7684149538296817,349,138411.65524573668,RSI(14/40/80) SL=8% TP=30%
TSLA,-0.09163603642598407,-0.059188433862146554,0.6567355639939789,349,64580.889577731345,RSI(14/40/80) SL=10% TP=12%
TSLA,-0.07216207238951969,-0.04672249790225437,0.7495153053371221,349,72040.66395373033,RSI(14/40/80) SL=10% TP=15%
TSLA,0.08170596689653525,0.05923153038483798,0.7351912328380672,349,135444.89992870463,RSI(14/40/80) SL=10% TP=20%
TSLA,0.011305557189315613,0.007833834953979431,0.7737140661749488,349,104687.86631373054,RSI(14/40/80) SL=10% TP=25%
TSLA,0.10650084312676954,0.07760557564859144,0.7628597342585905,349,146440.1619357444,RSI(14/40/80) SL=10% TP=30%
TSLA,-0.13936036559371495,-0.09220201711605198,0.7906035610870971,349,44825.14213848953,RSI(14/40/80) SL=12% TP=15%
TSLA,-0.061719251449984344,-0.04374741795599121,0.7391152509949128,349,73820.98957236717,RSI(14/40/80) SL=12% TP=20%
TSLA,-0.12118544566443523,-0.08247790402368987,0.7725954922776965,349,50644.17489376018,RSI(14/40/80) SL=12% TP=25%
TSLA,-0.04087450367059834,-0.02955210209841139,0.7799102674941412,349,82315.64683952207,RSI(14/40/80) SL=12% TP=30%
TSLA,0.058712703386962176,0.04423345257273237,0.7309482311367969,349,126469.8597141589,RSI(14/40/80) SL=15% TP=20%
TSLA,0.06834655268346665,0.050389324867883466,0.7401868472058477,349,130153.61186538424,RSI(14/40/80) SL=15% TP=25%
TSLA,-0.0486691625699028,-0.034054048400882664,0.7679092661220687,349,79621.62500455117,RSI(14/40/80) SL=15% TP=30%
SPY,0.11307298783145114,0.02378790253715709,0.21585299633311122,131,114234.98294683846,RSI(7/25/65) SL=5% TP=8%
SPY,0.09786867839594765,0.019956886203557473,0.21585299633311122,131,111942.45412498598,RSI(7/25/65) SL=5% TP=10%
SPY,0.09786867839594765,0.019956886203557473,0.21585299633311122,131,111942.45412498598,RSI(7/25/65) SL=5% TP=12%
SPY,0.09786867839594765,0.019956886203557473,0.21585299633311122,131,111942.45412498598,RSI(7/25/65) SL=5% TP=15%
SPY,0.09786867839594765,0.019956886203557473,0.21585299633311122,131,111942.45412498598,RSI(7/25/65) SL=5% TP=20%
SPY,0.09786867839594765,0.019956886203557473,0.21585299633311122,131,111942.45412498598,RSI(7/25/65) SL=5% TP=25%
SPY,0.09786867839594765,0.019956886203557473,0.21585299633311122,131,111942.45412498598,RSI(7/25/65) SL=5% TP=30%
SPY,0.13810971584533208,0.02565988073793489,0.18974901494691163,131,115355.19847333564,RSI(7/25/65) SL=8% TP=10%
SPY,0.13810971584533208,0.02565988073793489,0.18974901494691163,131,115355.19847333564,RSI(7/25/65) SL=8% TP=12%
SPY,0.13810971584533208,0.02565988073793489,0.18974901494691163,131,115355.19847333564,RSI(7/25/65) SL=8% TP=15%
SPY,0.13810971584533208,0.02565988073793489,0.18974901494691163,131,115355.19847333564,RSI(7/25/65) SL=8% TP=20%
SPY,0.13810971584533208,0.02565988073793489,0.18974901494691163,131,115355.19847333564,RSI(7/25/65) SL=8% TP=25%
SPY,0.13810971584533208,0.02565988073793489,0.18974901494691163,131,115355.19847333564,RSI(7/25/65) SL=8% TP=30%
SPY,0.16100632619573021,0.03126990016911444,0.16616881066421352,131,118712.30533929548,RSI(7/25/65) SL=10% TP=12%
SPY,0.16100632619573021,0.03126990016911444,0.16616881066421352,131,118712.30533929548,RSI(7/25/65) SL=10% TP=15%
SPY,0.16100632619573021,0.03126990016911444,0.16616881066421352,131,118712.30533929548,RSI(7/25/65) SL=10% TP=20%
SPY,0.16100632619573021,0.03126990016911444,0.16616881066421352,131,118712.30533929548,RSI(7/25/65) SL=10% TP=25%
SPY,0.16100632619573021,0.03126990016911444,0.16616881066421352,131,118712.30533929548,RSI(7/25/65) SL=10% TP=30%
SPY,0.20108891384959401,0.035801078824243125,0.14953205169075473,131,121423.82018530105,RSI(7/25/65) SL=12% TP=15%
SPY,0.20108891384959401,0.035801078824243125,0.14953205169075473,131,121423.82018530105,RSI(7/25/65) SL=12% TP=20%
SPY,0.20108891384959401,0.035801078824243125,0.14953205169075473,131,121423.82018530105,RSI(7/25/65) SL=12% TP=25%
SPY,0.20108891384959401,0.035801078824243125,0.14953205169075473,131,121423.82018530105,RSI(7/25/65) SL=12% TP=30%
SPY,0.07310004457792625,0.01648940964136751,0.23047418985714904,131,109867.47211872309,RSI(7/25/65) SL=15% TP=20%
SPY,0.07310004457792625,0.01648940964136751,0.23047418985714904,131,109867.47211872309,RSI(7/25/65) SL=15% TP=25%
SPY,0.07310004457792625,0.01648940964136751,0.23047418985714904,131,109867.47211872309,RSI(7/25/65) SL=15% TP=30%
SPY,0.2292974012007058,0.04858150678456568,0.1851168505025124,131,129071.79056790676,RSI(7/25/70) SL=5% TP=8%
SPY,0.17156718785080352,0.03492345633820663,0.1851168505025124,131,120898.63974524429,RSI(7/25/70) SL=5% TP=10%
SPY,0.17156718785080352,0.03492345633820663,0.1851168505025124,131,120898.63974524429,RSI(7/25/70) SL=5% TP=12%
SPY,0.17156718785080352,0.03492345633820663,0.1851168505025124,131,120898.63974524429,RSI(7/25/70) SL=5% TP=15%
SPY,0.17156718785080352,0.03492345633820663,0.1851168505025124,131,120898.63974524429,RSI(7/25/70) SL=5% TP=20%
SPY,0.17156718785080352,0.03492345633820663,0.1851168505025124,131,120898.63974524429,RSI(7/25/70) SL=5% TP=25%
SPY,0.17156718785080352,0.03492345633820663,0.1851168505025124,131,120898.63974524429,RSI(7/25/70) SL=5% TP=30%
SPY,0.2479574584736361,0.04332048960357357,0.18483537105425174,131,125923.5310802337,RSI(7/25/70) SL=8% TP=10%
SPY,0.2479574584736361,0.04332048960357357,0.18483537105425174,131,125923.5310802337,RSI(7/25/70) SL=8% TP=12%
SPY,0.2479574584736361,0.04332048960357357,0.18483537105425174,131,125923.5310802337,RSI(7/25/70) SL=8% TP=15%
SPY,0.2479574584736361,0.04332048960357357,0.18483537105425174,131,125923.5310802337,RSI(7/25/70) SL=8% TP=20%
SPY,0.2479574584736361,0.04332048960357357,0.18483537105425174,131,125923.5310802337,RSI(7/25/70) SL=8% TP=25%
SPY,0.2479574584736361,0.04332048960357357,0.18483537105425174,131,125923.5310802337,RSI(7/25/70) SL=8% TP=30%
SPY,0.2699211958166998,0.049444474179493186,0.14953205169075473,131,129588.20121534751,RSI(7/25/70) SL=10% TP=12%
SPY,0.2699211958166998,0.049444474179493186,0.14953205169075473,131,129588.20121534751,RSI(7/25/70) SL=10% TP=15%
SPY,0.2699211958166998,0.049444474179493186,0.14953205169075473,131,129588.20121534751,RSI(7/25/70) SL=10% TP=20%
SPY,0.2699211958166998,0.049444474179493186,0.14953205169075473,131,129588.20121534751,RSI(7/25/70) SL=10% TP=25%
SPY,0.2699211958166998,0.049444474179493186,0.14953205169075473,131,129588.20121534751,RSI(7/25/70) SL=10% TP=30%
SPY,0.32559570800159393,0.05439077936348607,0.14953205169075473,131,132548.13304767341,RSI(7/25/70) SL=12% TP=15%
SPY,0.32559570800159393,0.05439077936348607,0.14953205169075473,131,132548.13304767341,RSI(7/25/70) SL=12% TP=20%
SPY,0.32559570800159393,0.05439077936348607,0.14953205169075473,131,132548.13304767341,RSI(7/25/70) SL=12% TP=25%
SPY,0.32559570800159393,0.05439077936348607,0.14953205169075473,131,132548.13304767341,RSI(7/25/70) SL=12% TP=30%
SPY,0.15529525773644212,0.03330986054279552,0.23047418985714904,131,119933.04353116495,RSI(7/25/70) SL=15% TP=20%
SPY,0.15529525773644212,0.03330986054279552,0.23047418985714904,131,119933.04353116495,RSI(7/25/70) SL=15% TP=25%
SPY,0.15529525773644212,0.03330986054279552,0.23047418985714904,131,119933.04353116495,RSI(7/25/70) SL=15% TP=30%
SPY,0.3335441792336126,0.06871735258508682,0.17070918171418742,131,141121.33638821862,RSI(7/25/75) SL=5% TP=8%
SPY,0.2711017271755139,0.053784249674161955,0.17070918171418742,131,132185.17797961755,RSI(7/25/75) SL=5% TP=10%
SPY,0.2711017271755139,0.053784249674161955,0.17070918171418742,131,132185.17797961755,RSI(7/25/75) SL=5% TP=12%
SPY,0.2711017271755139,0.053784249674161955,0.17070918171418742,131,132185.17797961755,RSI(7/25/75) SL=5% TP=15%
SPY,0.2711017271755139,0.053784249674161955,0.17070918171418742,131,132185.17797961755,RSI(7/25/75) SL=5% TP=20%
SPY,0.2711017271755139,0.053784249674161955,0.17070918171418742,131,132185.17797961755,RSI(7/25/75) SL=5% TP=25%
SPY,0.2711017271755139,0.053784249674161955,0.17070918171418742,131,132185.17797961755,RSI(7/25/75) SL=5% TP=30%
SPY,0.3710023258933391,0.06296519115557324,0.18483537105425174,131,137679.16994547794,RSI(7/25/75) SL=8% TP=10%
SPY,0.3710023258933391,0.06296519115557324,0.18483537105425174,131,137679.16994547794,RSI(7/25/75) SL=8% TP=12%
SPY,0.3710023258933391,0.06296519115557324,0.18483537105425174,131,137679.16994547794,RSI(7/25/75) SL=8% TP=15%
SPY,0.3710023258933391,0.06296519115557324,0.18483537105425174,131,137679.16994547794,RSI(7/25/75) SL=8% TP=20%
SPY,0.3710023258933391,0.06296519115557324,0.18483537105425174,131,137679.16994547794,RSI(7/25/75) SL=8% TP=25%
SPY,0.3710023258933391,0.06296519115557324,0.18483537105425174,131,137679.16994547794,RSI(7/25/75) SL=8% TP=30%
SPY,0.39204271478683916,0.06966088262752138,0.14953205169075473,131,141685.95674694533,RSI(7/25/75) SL=10% TP=12%
SPY,0.39204271478683916,0.06966088262752138,0.14953205169075473,131,141685.95674694533,RSI(7/25/75) SL=10% TP=15%
SPY,0.39204271478683916,0.06966088262752138,0.14953205169075473,131,141685.95674694533,RSI(7/25/75) SL=10% TP=20%
SPY,0.39204271478683916,0.06966088262752138,0.14953205169075473,131,141685.95674694533,RSI(7/25/75) SL=10% TP=25%
SPY,0.39204271478683916,0.06966088262752138,0.14953205169075473,131,141685.95674694533,RSI(7/25/75) SL=10% TP=30%
SPY,0.46175884864257727,0.07506895200253942,0.14953205169075473,131,144922.21413485295,RSI(7/25/75) SL=12% TP=15%
SPY,0.46175884864257727,0.07506895200253942,0.14953205169075473,131,144922.21413485295,RSI(7/25/75) SL=12% TP=20%
SPY,0.46175884864257727,0.07506895200253942,0.14953205169075473,131,144922.21413485295,RSI(7/25/75) SL=12% TP=25%
SPY,0.46175884864257727,0.07506895200253942,0.14953205169075473,131,144922.21413485295,RSI(7/25/75) SL=12% TP=30%
SPY,0.25097746528723297,0.05202001603304722,0.23047418985714904,131,131129.43816580763,RSI(7/25/75) SL=15% TP=20%
SPY,0.25097746528723297,0.05202001603304722,0.23047418985714904,131,131129.43816580763,RSI(7/25/75) SL=15% TP=25%
SPY,0.25097746528723297,0.05202001603304722,0.23047418985714904,131,131129.43816580763,RSI(7/25/75) SL=15% TP=30%
SPY,0.35728487968450456,0.07603055322915832,0.22366996043337023,131,145497.64851967094,RSI(7/25/80) SL=5% TP=8%
SPY,0.3040110415704312,0.0639542389987354,0.21235316701561113,131,138271.02873416388,RSI(7/25/80) SL=5% TP=10%
SPY,0.31888820649938016,0.06862406569273925,0.20818842792654488,131,141065.51232724238,RSI(7/25/80) SL=5% TP=12%
SPY,0.31554248717563393,0.06727229128774025,0.20818842792654488,131,140256.5933579017,RSI(7/25/80) SL=5% TP=15%
SPY,0.31554248717563393,0.06727229128774025,0.20818842792654488,131,140256.5933579017,RSI(7/25/80) SL=5% TP=20%
SPY,0.31554248717563393,0.06727229128774025,0.20818842792654488,131,140256.5933579017,RSI(7/25/80) SL=5% TP=25%
SPY,0.31554248717563393,0.06727229128774025,0.20818842792654488,131,140256.5933579017,RSI(7/25/80) SL=5% TP=30%
SPY,0.42562619702111715,0.0863929798149857,0.18483537105425174,131,151698.65617499937,RSI(7/25/80) SL=8% TP=10%
SPY,0.43080299258993765,0.087733388400284,0.18483537105425174,131,152500.7736935033,RSI(7/25/80) SL=8% TP=12%
SPY,0.43080299258993765,0.087733388400284,0.18483537105425174,131,152500.7736935033,RSI(7/25/80) SL=8% TP=15%
SPY,0.43080299258993765,0.087733388400284,0.18483537105425174,131,152500.7736935033,RSI(7/25/80) SL=8% TP=20%
SPY,0.43080299258993765,0.087733388400284,0.18483537105425174,131,152500.7736935033,RSI(7/25/80) SL=8% TP=25%
SPY,0.43080299258993765,0.087733388400284,0.18483537105425174,131,152500.7736935033,RSI(7/25/80) SL=8% TP=30%
SPY,0.4158958359902402,0.09285017168897468,0.14953205169075473,131,155562.72178848166,RSI(7/25/80) SL=10% TP=12%
SPY,0.4158958359902402,0.09285017168897468,0.14953205169075473,131,155562.72178848166,RSI(7/25/80) SL=10% TP=15%
SPY,0.4158958359902402,0.09285017168897468,0.14953205169075473,131,155562.72178848166,RSI(7/25/80) SL=10% TP=20%
SPY,0.4158958359902402,0.09285017168897468,0.14953205169075473,131,155562.72178848166,RSI(7/25/80) SL=10% TP=25%
SPY,0.4158958359902402,0.09285017168897468,0.14953205169075473,131,155562.72178848166,RSI(7/25/80) SL=10% TP=30%
SPY,0.45580297906230766,0.09383396260743718,0.14953205169075473,131,156151.43476667273,RSI(7/25/80) SL=12% TP=15%
SPY,0.45580297906230766,0.09383396260743718,0.14953205169075473,131,156151.43476667273,RSI(7/25/80) SL=12% TP=20%
SPY,0.45580297906230766,0.09383396260743718,0.14953205169075473,131,156151.43476667273,RSI(7/25/80) SL=12% TP=25%
SPY,0.45580297906230766,0.09383396260743718,0.14953205169075473,131,156151.43476667273,RSI(7/25/80) SL=12% TP=30%
SPY,0.3197986322886823,0.0692976940466236,0.23047418985714904,131,141468.6200882176,RSI(7/25/80) SL=15% TP=20%
SPY,0.3197986322886823,0.0692976940466236,0.23047418985714904,131,141468.6200882176,RSI(7/25/80) SL=15% TP=25%
SPY,0.3197986322886823,0.0692976940466236,0.23047418985714904,131,141468.6200882176,RSI(7/25/80) SL=15% TP=30%
SPY,0.2633641687909533,0.06303465905753175,0.2160634622732464,193,137720.740420142,RSI(7/30/65) SL=5% TP=8%
SPY,0.17127011600550132,0.038996582203973784,0.21730093183450594,193,123336.04998555256,RSI(7/30/65) SL=5% TP=10%
SPY,0.17127011600550132,0.038996582203973784,0.21730093183450594,193,123336.04998555256,RSI(7/30/65) SL=5% TP=12%
SPY,0.17127011600550132,0.038996582203973784,0.21730093183450594,193,123336.04998555256,RSI(7/30/65) SL=5% TP=15%
SPY,0.17127011600550132,0.038996582203973784,0.21730093183450594,193,123336.04998555256,RSI(7/30/65) SL=5% TP=20%
SPY,0.17127011600550132,0.038996582203973784,0.21730093183450594,193,123336.04998555256,RSI(7/30/65) SL=5% TP=25%
SPY,0.17127011600550132,0.038996582203973784,0.21730093183450594,193,123336.04998555256,RSI(7/30/65) SL=5% TP=30%
SPY,0.17097614981958145,0.03197134484111802,0.2632197982671224,193,119132.05873825634,RSI(7/30/65) SL=8% TP=10%
SPY,0.17097614981958145,0.03197134484111802,0.2632197982671224,193,119132.05873825634,RSI(7/30/65) SL=8% TP=12%
SPY,0.17097614981958145,0.03197134484111802,0.2632197982671224,193,119132.05873825634,RSI(7/30/65) SL=8% TP=15%
SPY,0.17097614981958145,0.03197134484111802,0.2632197982671224,193,119132.05873825634,RSI(7/30/65) SL=8% TP=20%
SPY,0.17097614981958145,0.03197134484111802,0.2632197982671224,193,119132.05873825634,RSI(7/30/65) SL=8% TP=25%
SPY,0.17097614981958145,0.03197134484111802,0.2632197982671224,193,119132.05873825634,RSI(7/30/65) SL=8% TP=30%
SPY,0.4188542008351534,0.08151850984833355,0.16158225297517145,193,148781.7114489234,RSI(7/30/65) SL=10% TP=12%
SPY,0.4188542008351534,0.08151850984833355,0.16158225297517145,193,148781.7114489234,RSI(7/30/65) SL=10% TP=15%
SPY,0.4188542008351534,0.08151850984833355,0.16158225297517145,193,148781.7114489234,RSI(7/30/65) SL=10% TP=20%
SPY,0.4188542008351534,0.08151850984833355,0.16158225297517145,193,148781.7114489234,RSI(7/30/65) SL=10% TP=25%
SPY,0.4188542008351534,0.08151850984833355,0.16158225297517145,193,148781.7114489234,RSI(7/30/65) SL=10% TP=30%
SPY,0.39533678072614065,0.07838982380663032,0.1729982918984519,193,146909.46599222164,RSI(7/30/65) SL=12% TP=15%
SPY,0.39533678072614065,0.07838982380663032,0.1729982918984519,193,146909.46599222164,RSI(7/30/65) SL=12% TP=20%
SPY,0.39533678072614065,0.07838982380663032,0.1729982918984519,193,146909.46599222164,RSI(7/30/65) SL=12% TP=25%
SPY,0.39533678072614065,0.07838982380663032,0.1729982918984519,193,146909.46599222164,RSI(7/30/65) SL=12% TP=30%
SPY,0.27714838399231767,0.06244639801625254,0.23047418985714907,193,137368.71754305906,RSI(7/30/65) SL=15% TP=20%
SPY,0.27714838399231767,0.06244639801625254,0.23047418985714907,193,137368.71754305906,RSI(7/30/65) SL=15% TP=25%
SPY,0.27714838399231767,0.06244639801625254,0.23047418985714907,193,137368.71754305906,RSI(7/30/65) SL=15% TP=30%
SPY,0.4111646823915759,0.09812391864691576,0.196632765488314,193,158718.59893632896,RSI(7/30/70) SL=5% TP=8%
SPY,0.2651718608520557,0.05993632076815108,0.2078179187985929,193,135866.65544379834,RSI(7/30/70) SL=5% TP=10%
SPY,0.2651718608520557,0.05993632076815108,0.2078179187985929,193,135866.65544379834,RSI(7/30/70) SL=5% TP=12%
SPY,0.2651718608520557,0.05993632076815108,0.2078179187985929,193,135866.65544379834,RSI(7/30/70) SL=5% TP=15%
SPY,0.2651718608520557,0.05993632076815108,0.2078179187985929,193,135866.65544379834,RSI(7/30/70) SL=5% TP=20%
SPY,0.2651718608520557,0.05993632076815108,0.2078179187985929,193,135866.65544379834,RSI(7/30/70) SL=5% TP=25%
SPY,0.2651718608520557,0.05993632076815108,0.2078179187985929,193,135866.65544379834,RSI(7/30/70) SL=5% TP=30%
SPY,0.3081034206603005,0.05455456349997932,0.2632197982671224,193,132646.14355474952,RSI(7/30/70) SL=8% TP=10%
SPY,0.3081034206603005,0.05455456349997932,0.2632197982671224,193,132646.14355474952,RSI(7/30/70) SL=8% TP=12%
SPY,0.3081034206603005,0.05455456349997932,0.2632197982671224,193,132646.14355474952,RSI(7/30/70) SL=8% TP=15%
SPY,0.3081034206603005,0.05455456349997932,0.2632197982671224,193,132646.14355474952,RSI(7/30/70) SL=8% TP=20%
SPY,0.3081034206603005,0.05455456349997932,0.2632197982671224,193,132646.14355474952,RSI(7/30/70) SL=8% TP=25%
SPY,0.3081034206603005,0.05455456349997932,0.2632197982671224,193,132646.14355474952,RSI(7/30/70) SL=8% TP=30%
SPY,0.5791353809305574,0.10559370744927589,0.14953205169075484,193,163188.61541012223,RSI(7/30/70) SL=10% TP=12%
SPY,0.5791353809305574,0.10559370744927589,0.14953205169075484,193,163188.61541012223,RSI(7/30/70) SL=10% TP=15%
SPY,0.5791353809305574,0.10559370744927589,0.14953205169075484,193,163188.61541012223,RSI(7/30/70) SL=10% TP=20%
SPY,0.5791353809305574,0.10559370744927589,0.14953205169075484,193,163188.61541012223,RSI(7/30/70) SL=10% TP=25%
SPY,0.5791353809305574,0.10559370744927589,0.14953205169075484,193,163188.61541012223,RSI(7/30/70) SL=10% TP=30%
SPY,0.5492290113634912,0.10216206293983776,0.15250017928676052,193,161135.07575923624,RSI(7/30/70) SL=12% TP=15%
SPY,0.5492290113634912,0.10216206293983776,0.15250017928676052,193,161135.07575923624,RSI(7/30/70) SL=12% TP=20%
SPY,0.5492290113634912,0.10216206293983776,0.15250017928676052,193,161135.07575923624,RSI(7/30/70) SL=12% TP=25%
SPY,0.5492290113634912,0.10216206293983776,0.15250017928676052,193,161135.07575923624,RSI(7/30/70) SL=12% TP=30%
SPY,0.4002840146165677,0.08467479549084775,0.23047418985714907,193,150670.47285722158,RSI(7/30/70) SL=15% TP=20%
SPY,0.4002840146165677,0.08467479549084775,0.23047418985714907,193,150670.47285722158,RSI(7/30/70) SL=15% TP=25%
SPY,0.4002840146165677,0.08467479549084775,0.23047418985714907,193,150670.47285722158,RSI(7/30/70) SL=15% TP=30%
SPY,0.5518145107452889,0.12707054915250995,0.19175540892214726,193,176040.6302071369,RSI(7/30/75) SL=5% TP=8%
SPY,0.3875773503326366,0.08471528113901615,0.2078179187985931,193,150694.69998318903,RSI(7/30/75) SL=5% TP=10%
SPY,0.3875773503326366,0.08471528113901615,0.2078179187985931,193,150694.69998318903,RSI(7/30/75) SL=5% TP=12%
SPY,0.3875773503326366,0.08471528113901615,0.2078179187985931,193,150694.69998318903,RSI(7/30/75) SL=5% TP=15%
SPY,0.3875773503326366,0.08471528113901615,0.2078179187985931,193,150694.69998318903,RSI(7/30/75) SL=5% TP=20%
SPY,0.3875773503326366,0.08471528113901615,0.2078179187985931,193,150694.69998318903,RSI(7/30/75) SL=5% TP=25%
SPY,0.3875773503326366,0.08471528113901615,0.2078179187985931,193,150694.69998318903,RSI(7/30/75) SL=5% TP=30%
SPY,0.45767672607411886,0.07874617639981134,0.2632197982671223,193,147122.71190909346,RSI(7/30/75) SL=8% TP=10%
SPY,0.45767672607411886,0.07874617639981134,0.2632197982671223,193,147122.71190909346,RSI(7/30/75) SL=8% TP=12%
SPY,0.45767672607411886,0.07874617639981134,0.2632197982671223,193,147122.71190909346,RSI(7/30/75) SL=8% TP=15%
SPY,0.45767672607411886,0.07874617639981134,0.2632197982671223,193,147122.71190909346,RSI(7/30/75) SL=8% TP=20%
SPY,0.45767672607411886,0.07874617639981134,0.2632197982671223,193,147122.71190909346,RSI(7/30/75) SL=8% TP=25%
SPY,0.45767672607411886,0.07874617639981134,0.2632197982671223,193,147122.71190909346,RSI(7/30/75) SL=8% TP=30%
SPY,0.8290693956287091,0.1593341056408251,0.14953205169075476,193,195347.5521057001,RSI(7/30/75) SL=10% TP=12%
SPY,0.8261668682588118,0.1563617159191195,0.14953205169075476,193,193568.83635160007,RSI(7/30/75) SL=10% TP=15%
SPY,0.8261668682588118,0.1563617159191195,0.14953205169075476,193,193568.83635160007,RSI(7/30/75) SL=10% TP=20%
SPY,0.8261668682588118,0.1563617159191195,0.14953205169075476,193,193568.83635160007,RSI(7/30/75) SL=10% TP=25%
SPY,0.8261668682588118,0.1563617159191195,0.14953205169075476,193,193568.83635160007,RSI(7/30/75) SL=10% TP=30%
SPY,0.7913511011262973,0.1522912148440603,0.14953205169075476,193,191132.99681938213,RSI(7/30/75) SL=12% TP=15%
SPY,0.7913511011262973,0.1522912148440603,0.14953205169075476,193,191132.99681938213,RSI(7/30/75) SL=12% TP=20%
SPY,0.7913511011262973,0.1522912148440603,0.14953205169075476,193,191132.99681938213,RSI(7/30/75) SL=12% TP=25%
SPY,0.7913511011262973,0.1522912148440603,0.14953205169075476,193,191132.99681938213,RSI(7/30/75) SL=12% TP=30%
SPY,0.5962658002512662,0.13154840749464355,0.23047418985714907,193,178720.2375007629,RSI(7/30/75) SL=15% TP=20%
SPY,0.5962658002512662,0.13154840749464355,0.23047418985714907,193,178720.2375007629,RSI(7/30/75) SL=15% TP=25%
SPY,0.5962658002512662,0.13154840749464355,0.23047418985714907,193,178720.2375007629,RSI(7/30/75) SL=15% TP=30%
SPY,0.7088800192885857,0.1634572725358476,0.18336896134806432,193,197814.90753335643,RSI(7/30/80) SL=5% TP=8%
SPY,0.5204678456338138,0.11448455457426061,0.2078179187985931,193,168509.01122935914,RSI(7/30/80) SL=5% TP=10%
SPY,0.5429810205224065,0.12283036403273936,0.2078179187985931,193,173503.2495878456,RSI(7/30/80) SL=5% TP=12%
SPY,0.544478604910601,0.12269203444522296,0.2078179187985931,193,173420.4714061096,RSI(7/30/80) SL=5% TP=15%
SPY,0.544478604910601,0.12269203444522296,0.2078179187985931,193,173420.4714061096,RSI(7/30/80) SL=5% TP=20%
SPY,0.544478604910601,0.12269203444522296,0.2078179187985931,193,173420.4714061096,RSI(7/30/80) SL=5% TP=25%
SPY,0.544478604910601,0.12269203444522296,0.2078179187985931,193,173420.4714061096,RSI(7/30/80) SL=5% TP=30%
SPY,0.5525112040404015,0.10549559029900049,0.2632197982671223,193,163129.90086146537,RSI(7/30/80) SL=8% TP=10%
SPY,0.5525112040404015,0.10549559029900049,0.2632197982671223,193,163129.90086146537,RSI(7/30/80) SL=8% TP=12%
SPY,0.5525112040404015,0.10549559029900049,0.2632197982671223,193,163129.90086146537,RSI(7/30/80) SL=8% TP=15%
SPY,0.5525112040404015,0.10549559029900049,0.2632197982671223,193,163129.90086146537,RSI(7/30/80) SL=8% TP=20%
SPY,0.5525112040404015,0.10549559029900049,0.2632197982671223,193,163129.90086146537,RSI(7/30/80) SL=8% TP=25%
SPY,0.5525112040404015,0.10549559029900049,0.2632197982671223,193,163129.90086146537,RSI(7/30/80) SL=8% TP=30%
SPY,0.8800715279142506,0.1916776209079267,0.14953205169075476,193,214702.32235283867,RSI(7/30/80) SL=10% TP=12%
SPY,0.8741858934046801,0.18841073084808832,0.14953205169075476,193,212747.37385671315,RSI(7/30/80) SL=10% TP=15%
SPY,0.8741858934046801,0.18841073084808832,0.14953205169075476,193,212747.37385671315,RSI(7/30/80) SL=10% TP=20%
SPY,0.8741858934046801,0.18841073084808832,0.14953205169075476,193,212747.37385671315,RSI(7/30/80) SL=10% TP=25%
SPY,0.8741858934046801,0.18841073084808832,0.14953205169075476,193,212747.37385671315,RSI(7/30/80) SL=10% TP=30%
SPY,0.8344268958217741,0.17739656402851142,0.17218646861480016,193,206156.35656944255,RSI(7/30/80) SL=12% TP=15%
SPY,0.8344268958217741,0.17739656402851142,0.17218646861480016,193,206156.35656944255,RSI(7/30/80) SL=12% TP=20%
SPY,0.8344268958217741,0.17739656402851142,0.17218646861480016,193,206156.35656944255,RSI(7/30/80) SL=12% TP=25%
SPY,0.8344268958217741,0.17739656402851142,0.17218646861480016,193,206156.35656944255,RSI(7/30/80) SL=12% TP=30%
SPY,0.7112451076826076,0.15543073427215395,0.23047418985714907,193,193011.72511206672,RSI(7/30/80) SL=15% TP=20%
SPY,0.7112451076826076,0.15543073427215395,0.23047418985714907,193,193011.72511206672,RSI(7/30/80) SL=15% TP=25%
SPY,0.7112451076826076,0.15543073427215395,0.23047418985714907,193,193011.72511206672,RSI(7/30/80) SL=15% TP=30%
SPY,-0.04037857201835782,-0.010469768784693113,0.3911445634463017,267,93734.75740979475,RSI(7/35/65) SL=5% TP=8%
SPY,-0.053337645920001356,-0.013613283821851525,0.3911445634463017,267,91853.6380939079,RSI(7/35/65) SL=5% TP=10%
SPY,-0.053337645920001356,-0.013613283821851525,0.3911445634463017,267,91853.6380939079,RSI(7/35/65) SL=5% TP=12%
SPY,-0.053337645920001356,-0.013613283821851525,0.3911445634463017,267,91853.6380939079,RSI(7/35/65) SL=5% TP=15%
SPY,-0.053337645920001356,-0.013613283821851525,0.3911445634463017,267,91853.6380939079,RSI(7/35/65) SL=5% TP=20%
SPY,-0.053337645920001356,-0.013613283821851525,0.3911445634463017,267,91853.6380939079,RSI(7/35/65) SL=5% TP=25%
SPY,-0.053337645920001356,-0.013613283821851525,0.3911445634463017,267,91853.6380939079,RSI(7/35/65) SL=5% TP=30%
SPY,-0.03895963650495163,-0.00941288200103319,0.4023423514410769,267,94367.21188192141,RSI(7/35/65) SL=8% TP=10%
SPY,-0.03895963650495163,-0.00941288200103319,0.4023423514410769,267,94367.21188192141,RSI(7/35/65) SL=8% TP=12%
SPY,-0.03895963650495163,-0.00941288200103319,0.4023423514410769,267,94367.21188192141,RSI(7/35/65) SL=8% TP=15%
SPY,-0.03895963650495163,-0.00941288200103319,0.4023423514410769,267,94367.21188192141,RSI(7/35/65) SL=8% TP=20%
SPY,-0.03895963650495163,-0.00941288200103319,0.4023423514410769,267,94367.21188192141,RSI(7/35/65) SL=8% TP=25%
SPY,-0.03895963650495163,-0.00941288200103319,0.4023423514410769,267,94367.21188192141,RSI(7/35/65) SL=8% TP=30%
SPY,0.031421813144334745,0.007291826997766346,0.3404571566698804,267,104363.52187009192,RSI(7/35/65) SL=10% TP=12%
SPY,0.031421813144334745,0.007291826997766346,0.3404571566698804,267,104363.52187009192,RSI(7/35/65) SL=10% TP=15%
SPY,0.031421813144334745,0.007291826997766346,0.3404571566698804,267,104363.52187009192,RSI(7/35/65) SL=10% TP=20%
SPY,0.031421813144334745,0.007291826997766346,0.3404571566698804,267,104363.52187009192,RSI(7/35/65) SL=10% TP=25%
SPY,0.031421813144334745,0.007291826997766346,0.3404571566698804,267,104363.52187009192,RSI(7/35/65) SL=10% TP=30%
SPY,0.08632564405394774,0.019210125348979507,0.2564924873643762,267,111495.582946929,RSI(7/35/65) SL=12% TP=15%
SPY,0.08632564405394774,0.019210125348979507,0.2564924873643762,267,111495.582946929,RSI(7/35/65) SL=12% TP=20%
SPY,0.08632564405394774,0.019210125348979507,0.2564924873643762,267,111495.582946929,RSI(7/35/65) SL=12% TP=25%
SPY,0.08632564405394774,0.019210125348979507,0.2564924873643762,267,111495.582946929,RSI(7/35/65) SL=12% TP=30%
SPY,-0.0011767722854824161,-0.00027987943750900436,0.35924115221048786,267,99832.51659057001,RSI(7/35/65) SL=15% TP=20%
SPY,-0.0011767722854824161,-0.00027987943750900436,0.35924115221048786,267,99832.51659057001,RSI(7/35/65) SL=15% TP=25%
SPY,-0.0011767722854824161,-0.00027987943750900436,0.35924115221048786,267,99832.51659057001,RSI(7/35/65) SL=15% TP=30%
SPY,0.0795557168426604,0.020561370380088328,0.3911445634463017,267,112304.18513221158,RSI(7/35/70) SL=5% TP=8%
SPY,0.03428335740377808,0.008677625534493999,0.3911445634463017,267,105192.80131191149,RSI(7/35/70) SL=5% TP=10%
SPY,0.03428335740377808,0.008677625534493999,0.3911445634463017,267,105192.80131191149,RSI(7/35/70) SL=5% TP=12%
SPY,0.03428335740377808,0.008677625534493999,0.3911445634463017,267,105192.80131191149,RSI(7/35/70) SL=5% TP=15%
SPY,0.03428335740377808,0.008677625534493999,0.3911445634463017,267,105192.80131191149,RSI(7/35/70) SL=5% TP=20%
SPY,0.03428335740377808,0.008677625534493999,0.3911445634463017,267,105192.80131191149,RSI(7/35/70) SL=5% TP=25%
SPY,0.03428335740377808,0.008677625534493999,0.3911445634463017,267,105192.80131191149,RSI(7/35/70) SL=5% TP=30%
SPY,0.057349043344326014,0.013488017842698242,0.4023423514410769,267,108071.40115348768,RSI(7/35/70) SL=8% TP=10%
SPY,0.057349043344326014,0.013488017842698242,0.4023423514410769,267,108071.40115348768,RSI(7/35/70) SL=8% TP=12%
SPY,0.057349043344326014,0.013488017842698242,0.4023423514410769,267,108071.40115348768,RSI(7/35/70) SL=8% TP=15%
SPY,0.057349043344326014,0.013488017842698242,0.4023423514410769,267,108071.40115348768,RSI(7/35/70) SL=8% TP=20%
SPY,0.057349043344326014,0.013488017842698242,0.4023423514410769,267,108071.40115348768,RSI(7/35/70) SL=8% TP=25%
SPY,0.057349043344326014,0.013488017842698242,0.4023423514410769,267,108071.40115348768,RSI(7/35/70) SL=8% TP=30%
SPY,0.14429948068301213,0.03261861703450711,0.3404571566698804,267,119519.39463810982,RSI(7/35/70) SL=10% TP=12%
SPY,0.14429948068301213,0.03261861703450711,0.3404571566698804,267,119519.39463810982,RSI(7/35/70) SL=10% TP=15%
SPY,0.14429948068301213,0.03261861703450711,0.3404571566698804,267,119519.39463810982,RSI(7/35/70) SL=10% TP=20%
SPY,0.14429948068301213,0.03261861703450711,0.3404571566698804,267,119519.39463810982,RSI(7/35/70) SL=10% TP=25%
SPY,0.14429948068301213,0.03261861703450711,0.3404571566698804,267,119519.39463810982,RSI(7/35/70) SL=10% TP=30%
SPY,0.24301250293385113,0.052791874518427026,0.2564924873643762,267,131591.32808483648,RSI(7/35/70) SL=12% TP=15%
SPY,0.24301250293385113,0.052791874518427026,0.2564924873643762,267,131591.32808483648,RSI(7/35/70) SL=12% TP=20%
SPY,0.24301250293385113,0.052791874518427026,0.2564924873643762,267,131591.32808483648,RSI(7/35/70) SL=12% TP=25%
SPY,0.24301250293385113,0.052791874518427026,0.2564924873643762,267,131591.32808483648,RSI(7/35/70) SL=12% TP=30%
SPY,0.10585835933916002,0.02394733272648953,0.35924115221048786,267,114330.38799664532,RSI(7/35/70) SL=15% TP=20%
SPY,0.10585835933916002,0.02394733272648953,0.35924115221048786,267,114330.38799664532,RSI(7/35/70) SL=15% TP=25%
SPY,0.10585835933916002,0.02394733272648953,0.35924115221048786,267,114330.38799664532,RSI(7/35/70) SL=15% TP=30%
SPY,0.15155726051785165,0.0380858285940249,0.39114456344630183,267,122791.04346023395,RSI(7/35/75) SL=5% TP=8%
SPY,0.10185114827606598,0.025092390922153547,0.39114456344630183,267,115015.6053613522,RSI(7/35/75) SL=5% TP=10%
SPY,0.10185114827606598,0.025092390922153547,0.39114456344630183,267,115015.6053613522,RSI(7/35/75) SL=5% TP=12%
SPY,0.10185114827606598,0.025092390922153547,0.39114456344630183,267,115015.6053613522,RSI(7/35/75) SL=5% TP=15%
SPY,0.10185114827606598,0.025092390922153547,0.39114456344630183,267,115015.6053613522,RSI(7/35/75) SL=5% TP=20%
SPY,0.10185114827606598,0.025092390922153547,0.39114456344630183,267,115015.6053613522,RSI(7/35/75) SL=5% TP=25%
SPY,0.10185114827606598,0.025092390922153547,0.39114456344630183,267,115015.6053613522,RSI(7/35/75) SL=5% TP=30%
SPY,0.13425796924316105,0.030351973103192487,0.4023423514410769,267,118163.00612683107,RSI(7/35/75) SL=8% TP=10%
SPY,0.13425796924316105,0.030351973103192487,0.4023423514410769,267,118163.00612683107,RSI(7/35/75) SL=8% TP=12%
SPY,0.13425796924316105,0.030351973103192487,0.4023423514410769,267,118163.00612683107,RSI(7/35/75) SL=8% TP=15%
SPY,0.13425796924316105,0.030351973103192487,0.4023423514410769,267,118163.00612683107,RSI(7/35/75) SL=8% TP=20%
SPY,0.13425796924316105,0.030351973103192487,0.4023423514410769,267,118163.00612683107,RSI(7/35/75) SL=8% TP=25%
SPY,0.13425796924316105,0.030351973103192487,0.4023423514410769,267,118163.00612683107,RSI(7/35/75) SL=8% TP=30%
SPY,0.23518714274280786,0.051268969509125885,0.3404571566698805,267,130680.00238879438,RSI(7/35/75) SL=10% TP=12%
SPY,0.23518714274280786,0.051268969509125885,0.3404571566698805,267,130680.00238879438,RSI(7/35/75) SL=10% TP=15%
SPY,0.23518714274280786,0.051268969509125885,0.3404571566698805,267,130680.00238879438,RSI(7/35/75) SL=10% TP=20%
SPY,0.23518714274280786,0.051268969509125885,0.3404571566698805,267,130680.00238879438,RSI(7/35/75) SL=10% TP=25%
SPY,0.23518714274280786,0.051268969509125885,0.3404571566698805,267,130680.00238879438,RSI(7/35/75) SL=10% TP=30%
SPY,0.41637335882384435,0.09002418134714602,0.2564924873643762,267,153871.61328233976,RSI(7/35/75) SL=12% TP=15%
SPY,0.41637335882384435,0.09002418134714602,0.2564924873643762,267,153871.61328233976,RSI(7/35/75) SL=12% TP=20%
SPY,0.41637335882384435,0.09002418134714602,0.2564924873643762,267,153871.61328233976,RSI(7/35/75) SL=12% TP=25%
SPY,0.41637335882384435,0.09002418134714602,0.2564924873643762,267,153871.61328233976,RSI(7/35/75) SL=12% TP=30%
SPY,0.19148706685232286,0.04178796889398091,0.35924115221048786,267,125006.45122703302,RSI(7/35/75) SL=15% TP=20%
SPY,0.19148706685232286,0.04178796889398091,0.35924115221048786,267,125006.45122703302,RSI(7/35/75) SL=15% TP=25%
SPY,0.19148706685232286,0.04178796889398091,0.35924115221048786,267,125006.45122703302,RSI(7/35/75) SL=15% TP=30%
SPY,0.19020459667568754,0.0469673046455892,0.39114456344630183,267,128105.8315101383,RSI(7/35/80) SL=5% TP=8%
SPY,0.13109146053158802,0.03171376586017985,0.39114456344630183,267,118977.92020521873,RSI(7/35/80) SL=5% TP=10%
SPY,0.14598901773240142,0.035732006505800586,0.39114456344630183,267,121382.48643283622,RSI(7/35/80) SL=5% TP=12%
SPY,0.14198631370356304,0.03456884666844491,0.39114456344630183,267,120686.43681587893,RSI(7/35/80) SL=5% TP=15%
SPY,0.14198631370356304,0.03456884666844491,0.39114456344630183,267,120686.43681587893,RSI(7/35/80) SL=5% TP=20%
SPY,0.14198631370356304,0.03456884666844491,0.39114456344630183,267,120686.43681587893,RSI(7/35/80) SL=5% TP=25%
SPY,0.14198631370356304,0.03456884666844491,0.39114456344630183,267,120686.43681587893,RSI(7/35/80) SL=5% TP=30%
SPY,0.15398678426590034,0.03665232234415764,0.4023423514410769,267,121933.21511705942,RSI(7/35/80) SL=8% TP=10%
SPY,0.17550973776693166,0.04269135475318154,0.4023423514410769,267,125547.04879674515,RSI(7/35/80) SL=8% TP=12%
SPY,0.17571585962842434,0.042591259386004124,0.4023423514410769,267,125487.1504579739,RSI(7/35/80) SL=8% TP=15%
SPY,0.17571585962842434,0.042591259386004124,0.4023423514410769,267,125487.1504579739,RSI(7/35/80) SL=8% TP=20%
SPY,0.17571585962842434,0.042591259386004124,0.4023423514410769,267,125487.1504579739,RSI(7/35/80) SL=8% TP=25%
SPY,0.17571585962842434,0.042591259386004124,0.4023423514410769,267,125487.1504579739,RSI(7/35/80) SL=8% TP=30%
SPY,0.27052754404917023,0.06409694929184176,0.3404571566698805,267,138356.42838575292,RSI(7/35/80) SL=10% TP=12%
SPY,0.2663935711458157,0.06277113495513068,0.3404571566698805,267,137563.0442509274,RSI(7/35/80) SL=10% TP=15%
SPY,0.2663935711458157,0.06277113495513068,0.3404571566698805,267,137563.0442509274,RSI(7/35/80) SL=10% TP=20%
SPY,0.2663935711458157,0.06277113495513068,0.3404571566698805,267,137563.0442509274,RSI(7/35/80) SL=10% TP=25%
SPY,0.2663935711458157,0.06277113495513068,0.3404571566698805,267,137563.0442509274,RSI(7/35/80) SL=10% TP=30%
SPY,0.43422148671503613,0.09932271540309599,0.2564924873643762,267,159435.97413804315,RSI(7/35/80) SL=12% TP=15%
SPY,0.43422148671503613,0.09932271540309599,0.2564924873643762,267,159435.97413804315,RSI(7/35/80) SL=12% TP=20%
SPY,0.43422148671503613,0.09932271540309599,0.2564924873643762,267,159435.97413804315,RSI(7/35/80) SL=12% TP=25%
SPY,0.43422148671503613,0.09932271540309599,0.2564924873643762,267,159435.97413804315,RSI(7/35/80) SL=12% TP=30%
SPY,0.23277075325448363,0.048966713948832466,0.35924115221048786,267,129302.30342652355,RSI(7/35/80) SL=15% TP=20%
SPY,0.23277075325448363,0.048966713948832466,0.35924115221048786,267,129302.30342652355,RSI(7/35/80) SL=15% TP=25%
SPY,0.23277075325448363,0.048966713948832466,0.35924115221048786,267,129302.30342652355,RSI(7/35/80) SL=15% TP=30%
SPY,0.11900908089261371,0.030161224801298517,0.3911445634463017,361,118048.85992077705,RSI(7/40/65) SL=5% TP=8%
SPY,0.08610924449372138,0.02151704435958766,0.3911445634463017,361,112876.07257708658,RSI(7/40/65) SL=5% TP=10%
SPY,0.08610924449372138,0.02151704435958766,0.3911445634463017,361,112876.07257708658,RSI(7/40/65) SL=5% TP=12%
SPY,0.08610924449372138,0.02151704435958766,0.3911445634463017,361,112876.07257708658,RSI(7/40/65) SL=5% TP=15%
SPY,0.08610924449372138,0.02151704435958766,0.3911445634463017,361,112876.07257708658,RSI(7/40/65) SL=5% TP=20%
SPY,0.08610924449372138,0.02151704435958766,0.3911445634463017,361,112876.07257708658,RSI(7/40/65) SL=5% TP=25%
SPY,0.08610924449372138,0.02151704435958766,0.3911445634463017,361,112876.07257708658,RSI(7/40/65) SL=5% TP=30%
SPY,0.08576375585128872,0.020985745625928077,0.4023423514410769,361,112558.1366682141,RSI(7/40/65) SL=8% TP=10%
SPY,0.1231857108791596,0.03196337624632098,0.4023423514410769,361,119127.29022994128,RSI(7/40/65) SL=8% TP=12%
SPY,0.1231857108791596,0.03196337624632098,0.4023423514410769,361,119127.29022994128,RSI(7/40/65) SL=8% TP=15%
SPY,0.12447679706479693,0.03231670003075754,0.4023423514410769,361,119338.72366919935,RSI(7/40/65) SL=8% TP=20%
SPY,0.12447679706479693,0.03231670003075754,0.4023423514410769,361,119338.72366919935,RSI(7/40/65) SL=8% TP=25%
SPY,0.12447679706479693,0.03231670003075754,0.4023423514410769,361,119338.72366919935,RSI(7/40/65) SL=8% TP=30%
SPY,0.12388520020128278,0.027892422121552223,0.3404571566698804,361,116691.1795870241,RSI(7/40/65) SL=10% TP=12%
SPY,0.12388520020128278,0.027892422121552223,0.3404571566698804,361,116691.1795870241,RSI(7/40/65) SL=10% TP=15%
SPY,0.12388520020128278,0.027892422121552223,0.3404571566698804,361,116691.1795870241,RSI(7/40/65) SL=10% TP=20%
SPY,0.12388520020128278,0.027892422121552223,0.3404571566698804,361,116691.1795870241,RSI(7/40/65) SL=10% TP=25%
SPY,0.12388520020128278,0.027892422121552223,0.3404571566698804,361,116691.1795870241,RSI(7/40/65) SL=10% TP=30%
SPY,0.289058372156676,0.05835056561457775,0.2564924873643762,361,134917.7194233267,RSI(7/40/65) SL=12% TP=15%
SPY,0.289058372156676,0.05835056561457775,0.2564924873643762,361,134917.7194233267,RSI(7/40/65) SL=12% TP=20%
SPY,0.289058372156676,0.05835056561457775,0.2564924873643762,361,134917.7194233267,RSI(7/40/65) SL=12% TP=25%
SPY,0.289058372156676,0.05835056561457775,0.2564924873643762,361,134917.7194233267,RSI(7/40/65) SL=12% TP=30%
SPY,0.143280883647227,0.03352285823846394,0.35924115221048786,361,120060.50405698556,RSI(7/40/65) SL=15% TP=20%
SPY,0.143280883647227,0.03352285823846394,0.35924115221048786,361,120060.50405698556,RSI(7/40/65) SL=15% TP=25%
SPY,0.143280883647227,0.03352285823846394,0.35924115221048786,361,120060.50405698556,RSI(7/40/65) SL=15% TP=30%
SPY,0.19953337641684518,0.04914228236714647,0.3911445634463017,361,129407.3657974829,RSI(7/40/70) SL=5% TP=8%
SPY,0.16207144937474743,0.03966637026438978,0.3911445634463017,361,123736.8596661507,RSI(7/40/70) SL=5% TP=10%
SPY,0.16207144937474743,0.03966637026438978,0.3911445634463017,361,123736.8596661507,RSI(7/40/70) SL=5% TP=12%
SPY,0.16207144937474743,0.03966637026438978,0.3911445634463017,361,123736.8596661507,RSI(7/40/70) SL=5% TP=15%
SPY,0.16207144937474743,0.03966637026438978,0.3911445634463017,361,123736.8596661507,RSI(7/40/70) SL=5% TP=20%
SPY,0.16207144937474743,0.03966637026438978,0.3911445634463017,361,123736.8596661507,RSI(7/40/70) SL=5% TP=25%
SPY,0.16207144937474743,0.03966637026438978,0.3911445634463017,361,123736.8596661507,RSI(7/40/70) SL=5% TP=30%
SPY,0.17834085006485012,0.042205579484511466,0.4023423514410769,361,125256.35470739813,RSI(7/40/70) SL=8% TP=10%
SPY,0.2169302507711811,0.05442164875800929,0.4023423514410769,361,132566.60568534842,RSI(7/40/70) SL=8% TP=12%
SPY,0.2169302507711811,0.05442164875800929,0.4023423514410769,361,132566.60568534842,RSI(7/40/70) SL=8% TP=15%
SPY,0.20908295024359005,0.05150515458525353,0.4023423514410769,361,130821.33853752473,RSI(7/40/70) SL=8% TP=20%
SPY,0.20908295024359005,0.05150515458525353,0.4023423514410769,361,130821.33853752473,RSI(7/40/70) SL=8% TP=25%
SPY,0.20908295024359005,0.05150515458525353,0.4023423514410769,361,130821.33853752473,RSI(7/40/70) SL=8% TP=30%
SPY,0.21823534251458948,0.04665517848069386,0.3404571566698804,361,127919.05124955808,RSI(7/40/70) SL=10% TP=12%
SPY,0.21823534251458948,0.04665517848069386,0.3404571566698804,361,127919.05124955808,RSI(7/40/70) SL=10% TP=15%
SPY,0.21823534251458948,0.04665517848069386,0.3404571566698804,361,127919.05124955808,RSI(7/40/70) SL=10% TP=20%
SPY,0.21823534251458948,0.04665517848069386,0.3404571566698804,361,127919.05124955808,RSI(7/40/70) SL=10% TP=25%
SPY,0.21823534251458948,0.04665517848069386,0.3404571566698804,361,127919.05124955808,RSI(7/40/70) SL=10% TP=30%
SPY,0.42298190533906566,0.08004396443897718,0.2564924873643762,361,147899.32475157842,RSI(7/40/70) SL=12% TP=15%
SPY,0.42298190533906566,0.08004396443897718,0.2564924873643762,361,147899.32475157842,RSI(7/40/70) SL=12% TP=20%
SPY,0.42298190533906566,0.08004396443897718,0.2564924873643762,361,147899.32475157842,RSI(7/40/70) SL=12% TP=25%
SPY,0.42298190533906566,0.08004396443897718,0.2564924873643762,361,147899.32475157842,RSI(7/40/70) SL=12% TP=30%
SPY,0.24012690735521708,0.05282736774765949,0.35924115221048786,361,131612.56768391686,RSI(7/40/70) SL=15% TP=20%
SPY,0.24012690735521708,0.05282736774765949,0.35924115221048786,361,131612.56768391686,RSI(7/40/70) SL=15% TP=25%
SPY,0.24012690735521708,0.05282736774765949,0.35924115221048786,361,131612.56768391686,RSI(7/40/70) SL=15% TP=30%
SPY,0.32151309975617803,0.07776338107527432,0.39114456344630183,361,146534.59470694987,RSI(7/40/75) SL=5% TP=8%
SPY,0.3052824779083943,0.07514288963443276,0.39114456344630183,361,144966.4593526685,RSI(7/40/75) SL=5% TP=10%
SPY,0.3052824779083943,0.07514288963443276,0.39114456344630183,361,144966.4593526685,RSI(7/40/75) SL=5% TP=12%
SPY,0.30993901060028517,0.07657102582869785,0.39114456344630183,361,145821.0741863795,RSI(7/40/75) SL=5% TP=15%
SPY,0.30993901060028517,0.07657102582869785,0.39114456344630183,361,145821.0741863795,RSI(7/40/75) SL=5% TP=20%
SPY,0.30993901060028517,0.07657102582869785,0.39114456344630183,361,145821.0741863795,RSI(7/40/75) SL=5% TP=25%
SPY,0.30993901060028517,0.07657102582869785,0.39114456344630183,361,145821.0741863795,RSI(7/40/75) SL=5% TP=30%
SPY,0.27985695952393574,0.06354455214039202,0.4023423514410769,361,138025.8669157584,RSI(7/40/75) SL=8% TP=10%
SPY,0.3199065252277643,0.0770060132831527,0.4023423514410769,361,146081.37620277551,RSI(7/40/75) SL=8% TP=12%
SPY,0.3199065252277643,0.0770060132831527,0.4023423514410769,361,146081.37620277551,RSI(7/40/75) SL=8% TP=15%
SPY,0.3480654446942323,0.0890128605603637,0.4023423514410769,361,153266.4260813605,RSI(7/40/75) SL=8% TP=20%
SPY,0.35126723656885517,0.09052276382647012,0.4023423514410769,361,154169.97136917338,RSI(7/40/75) SL=8% TP=25%
SPY,0.35126723656885517,0.09052276382647012,0.4023423514410769,361,154169.97136917338,RSI(7/40/75) SL=8% TP=30%
SPY,0.3868426550890013,0.08333077144221403,0.3404571566698805,361,149866.19179954712,RSI(7/40/75) SL=10% TP=12%
SPY,0.3916775113130064,0.0848071773209347,0.3404571566698805,361,150749.69182538474,RSI(7/40/75) SL=10% TP=15%
SPY,0.3916775113130064,0.0848071773209347,0.3404571566698805,361,150749.69182538474,RSI(7/40/75) SL=10% TP=20%
SPY,0.3916775113130064,0.0848071773209347,0.3404571566698805,361,150749.69182538474,RSI(7/40/75) SL=10% TP=25%
SPY,0.3916775113130064,0.0848071773209347,0.3404571566698805,361,150749.69182538474,RSI(7/40/75) SL=10% TP=30%
SPY,0.6554044083649481,0.12415510200038929,0.2564924873643762,361,174295.98960975677,RSI(7/40/75) SL=12% TP=15%
SPY,0.6554044083649481,0.12415510200038929,0.2564924873643762,361,174295.98960975677,RSI(7/40/75) SL=12% TP=20%
SPY,0.6554044083649481,0.12415510200038929,0.2564924873643762,361,174295.98960975677,RSI(7/40/75) SL=12% TP=25%
SPY,0.6554044083649481,0.12415510200038929,0.2564924873643762,361,174295.98960975677,RSI(7/40/75) SL=12% TP=30%
SPY,0.41459218919608104,0.09208096195890698,0.35924115221048786,361,155102.41691826656,RSI(7/40/75) SL=15% TP=20%
SPY,0.41459218919608104,0.09208096195890698,0.35924115221048786,361,155102.41691826656,RSI(7/40/75) SL=15% TP=25%
SPY,0.41459218919608104,0.09208096195890698,0.35924115221048786,361,155102.41691826656,RSI(7/40/75) SL=15% TP=30%
SPY,0.2989977653712463,0.0712859175570975,0.39114456344630183,361,142658.39828416787,RSI(7/40/80) SL=5% TP=8%
SPY,0.2635484725764739,0.06363922658624784,0.39114456344630183,361,138082.5213063737,RSI(7/40/80) SL=5% TP=10%
SPY,0.2798391769714479,0.06830268681992847,0.39114456344630183,361,140873.19512875084,RSI(7/40/80) SL=5% TP=12%
SPY,0.2803636248683989,0.06833260854441425,0.39114456344630183,361,140891.10066864153,RSI(7/40/80) SL=5% TP=15%
SPY,0.2803636248683989,0.06833260854441425,0.39114456344630183,361,140891.10066864153,RSI(7/40/80) SL=5% TP=20%
SPY,0.2803636248683989,0.06833260854441425,0.39114456344630183,361,140891.10066864153,RSI(7/40/80) SL=5% TP=25%
SPY,0.2803636248683989,0.06833260854441425,0.39114456344630183,361,140891.10066864153,RSI(7/40/80) SL=5% TP=30%
SPY,0.22506640533776526,0.053583216161063055,0.4023423514410769,361,132064.87697257265,RSI(7/40/80) SL=8% TP=10%
SPY,0.2883154492850709,0.07338587553363926,0.4023423514410769,361,143915.0398034635,RSI(7/40/80) SL=8% TP=12%
SPY,0.28880482045508027,0.0732711358492776,0.4023423514410769,361,143846.3781193296,RSI(7/40/80) SL=8% TP=15%
SPY,0.3193256231427136,0.0850942822239483,0.4023423514410769,361,150921.49904512463,RSI(7/40/80) SL=8% TP=20%
SPY,0.3228740573140323,0.08658108445559232,0.4023423514410769,361,151811.22038056873,RSI(7/40/80) SL=8% TP=25%
SPY,0.3228740573140323,0.08658108445559232,0.4023423514410769,361,151811.22038056873,RSI(7/40/80) SL=8% TP=30%
SPY,0.3354401448269196,0.07733664647424587,0.3404571566698805,361,146279.23130284238,RSI(7/40/80) SL=10% TP=12%
SPY,0.3403629375806449,0.07877771543340843,0.3404571566698805,361,147141.58526729362,RSI(7/40/80) SL=10% TP=15%
SPY,0.3403629375806449,0.07877771543340843,0.3404571566698805,361,147141.58526729362,RSI(7/40/80) SL=10% TP=20%
SPY,0.3403629375806449,0.07877771543340843,0.3404571566698805,361,147141.58526729362,RSI(7/40/80) SL=10% TP=25%
SPY,0.3403629375806449,0.07877771543340843,0.3404571566698805,361,147141.58526729362,RSI(7/40/80) SL=10% TP=30%
SPY,0.5582649297222864,0.11272542650904518,0.2564924873643762,361,167456.32665700006,RSI(7/40/80) SL=12% TP=15%
SPY,0.5582649297222864,0.11272542650904518,0.2564924873643762,361,167456.32665700006,RSI(7/40/80) SL=12% TP=20%
SPY,0.5582649297222864,0.11272542650904518,0.2564924873643762,361,167456.32665700006,RSI(7/40/80) SL=12% TP=25%
SPY,0.5582649297222864,0.11272542650904518,0.2564924873643762,361,167456.32665700006,RSI(7/40/80) SL=12% TP=30%
SPY,0.3788646104039241,0.08147798339363913,0.35924115221048786,361,148757.45990381262,RSI(7/40/80) SL=15% TP=20%
SPY,0.3788646104039241,0.08147798339363913,0.35924115221048786,361,148757.45990381262,RSI(7/40/80) SL=15% TP=25%
SPY,0.3788646104039241,0.08147798339363913,0.35924115221048786,361,148757.45990381262,RSI(7/40/80) SL=15% TP=30%
SPY,0.2295793769367897,0.05276463319590278,0.13453085524065536,79,131575.02653151643,RSI(10/25/65) SL=5% TP=8%
SPY,0.23629808132938074,0.05357419945443028,0.13453085524065536,79,132059.48126082573,RSI(10/25/65) SL=5% TP=10%
SPY,0.23629808132938074,0.05357419945443028,0.13453085524065536,79,132059.48126082573,RSI(10/25/65) SL=5% TP=12%
SPY,0.23629808132938074,0.05357419945443028,0.13453085524065536,79,132059.48126082573,RSI(10/25/65) SL=5% TP=15%
SPY,0.23629808132938074,0.05357419945443028,0.13453085524065536,79,132059.48126082573,RSI(10/25/65) SL=5% TP=20%
SPY,0.23629808132938074,0.05357419945443028,0.13453085524065536,79,132059.48126082573,RSI(10/25/65) SL=5% TP=25%
SPY,0.23629808132938074,0.05357419945443028,0.13453085524065536,79,132059.48126082573,RSI(10/25/65) SL=5% TP=30%
SPY,0.23200870283942376,0.0544038985495315,0.12294398361069864,79,132555.98373519583,RSI(10/25/65) SL=8% TP=10%
SPY,0.23200870283942376,0.0544038985495315,0.12294398361069864,79,132555.98373519583,RSI(10/25/65) SL=8% TP=12%
SPY,0.23200870283942376,0.0544038985495315,0.12294398361069864,79,132555.98373519583,RSI(10/25/65) SL=8% TP=15%
SPY,0.23200870283942376,0.0544038985495315,0.12294398361069864,79,132555.98373519583,RSI(10/25/65) SL=8% TP=20%
SPY,0.23200870283942376,0.0544038985495315,0.12294398361069864,79,132555.98373519583,RSI(10/25/65) SL=8% TP=25%
SPY,0.23200870283942376,0.0544038985495315,0.12294398361069864,79,132555.98373519583,RSI(10/25/65) SL=8% TP=30%
SPY,0.1471327917957608,0.03684212953384252,0.15012684503178447,79,122046.79814961688,RSI(10/25/65) SL=10% TP=12%
SPY,0.1471327917957608,0.03684212953384252,0.15012684503178447,79,122046.79814961688,RSI(10/25/65) SL=10% TP=15%
SPY,0.1471327917957608,0.03684212953384252,0.15012684503178447,79,122046.79814961688,RSI(10/25/65) SL=10% TP=20%
SPY,0.1471327917957608,0.03684212953384252,0.15012684503178447,79,122046.79814961688,RSI(10/25/65) SL=10% TP=25%
SPY,0.1471327917957608,0.03684212953384252,0.15012684503178447,79,122046.79814961688,RSI(10/25/65) SL=10% TP=30%
SPY,0.24068042111489998,0.04873733482851554,0.12294398361069864,79,129165.04004817517,RSI(10/25/65) SL=12% TP=15%
SPY,0.24068042111489998,0.04873733482851554,0.12294398361069864,79,129165.04004817517,RSI(10/25/65) SL=12% TP=20%
SPY,0.24068042111489998,0.04873733482851554,0.12294398361069864,79,129165.04004817517,RSI(10/25/65) SL=12% TP=25%
SPY,0.24068042111489998,0.04873733482851554,0.12294398361069864,79,129165.04004817517,RSI(10/25/65) SL=12% TP=30%
SPY,0.11264877187415051,0.02819447495475576,0.2064166052413927,79,116871.93183800463,RSI(10/25/65) SL=15% TP=20%
SPY,0.11264877187415051,0.02819447495475576,0.2064166052413927,79,116871.93183800463,RSI(10/25/65) SL=15% TP=25%
SPY,0.11264877187415051,0.02819447495475576,0.2064166052413927,79,116871.93183800463,RSI(10/25/65) SL=15% TP=30%
SPY,0.3854209382417737,0.09172783132098256,0.13453085524065536,79,154891.099060334,RSI(10/25/70) SL=5% TP=8%
SPY,0.4040382955256001,0.09637501946335948,0.13453085524065536,79,157672.03545664527,RSI(10/25/70) SL=5% TP=10%
SPY,0.4040382955256001,0.09637501946335948,0.13453085524065536,79,157672.03545664527,RSI(10/25/70) SL=5% TP=12%
SPY,0.4040382955256001,0.09637501946335948,0.13453085524065536,79,157672.03545664527,RSI(10/25/70) SL=5% TP=15%
SPY,0.4040382955256001,0.09637501946335948,0.13453085524065536,79,157672.03545664527,RSI(10/25/70) SL=5% TP=20%
SPY,0.4040382955256001,0.09637501946335948,0.13453085524065536,79,157672.03545664527,RSI(10/25/70) SL=5% TP=25%
SPY,0.4040382955256001,0.09637501946335948,0.13453085524065536,79,157672.03545664527,RSI(10/25/70) SL=5% TP=30%
SPY,0.40158624329933695,0.09736563629671471,0.12294398361069864,79,158264.83314898642,RSI(10/25/70) SL=8% TP=10%
SPY,0.40158624329933695,0.09736563629671471,0.12294398361069864,79,158264.83314898642,RSI(10/25/70) SL=8% TP=12%
SPY,0.40158624329933695,0.09736563629671471,0.12294398361069864,79,158264.83314898642,RSI(10/25/70) SL=8% TP=15%
SPY,0.40158624329933695,0.09736563629671471,0.12294398361069864,79,158264.83314898642,RSI(10/25/70) SL=8% TP=20%
SPY,0.40158624329933695,0.09736563629671471,0.12294398361069864,79,158264.83314898642,RSI(10/25/70) SL=8% TP=25%
SPY,0.40158624329933695,0.09736563629671471,0.12294398361069864,79,158264.83314898642,RSI(10/25/70) SL=8% TP=30%
SPY,0.285153397346487,0.07257014455945664,0.12294398361069864,79,143426.89603002404,RSI(10/25/70) SL=10% TP=12%
SPY,0.285153397346487,0.07257014455945664,0.12294398361069864,79,143426.89603002404,RSI(10/25/70) SL=10% TP=15%
SPY,0.285153397346487,0.07257014455945664,0.12294398361069864,79,143426.89603002404,RSI(10/25/70) SL=10% TP=20%
SPY,0.285153397346487,0.07257014455945664,0.12294398361069864,79,143426.89603002404,RSI(10/25/70) SL=10% TP=25%
SPY,0.285153397346487,0.07257014455945664,0.12294398361069864,79,143426.89603002404,RSI(10/25/70) SL=10% TP=30%
SPY,0.43113705116048545,0.09060005894166867,0.12294398361069864,79,154216.22574763346,RSI(10/25/70) SL=12% TP=15%
SPY,0.43113705116048545,0.09060005894166867,0.12294398361069864,79,154216.22574763346,RSI(10/25/70) SL=12% TP=20%
SPY,0.43113705116048545,0.09060005894166867,0.12294398361069864,79,154216.22574763346,RSI(10/25/70) SL=12% TP=25%
SPY,0.43113705116048545,0.09060005894166867,0.12294398361069864,79,154216.22574763346,RSI(10/25/70) SL=12% TP=30%
SPY,0.2624256485036946,0.06607297084869768,0.2064166052413927,79,139538.90477771274,RSI(10/25/70) SL=15% TP=20%
SPY,0.2624256485036946,0.06607297084869768,0.2064166052413927,79,139538.90477771274,RSI(10/25/70) SL=15% TP=25%
SPY,0.2624256485036946,0.06607297084869768,0.2064166052413927,79,139538.90477771274,RSI(10/25/70) SL=15% TP=30%
SPY,0.22117533471973083,0.05242293234981307,0.17361063863815857,79,131370.548406158,RSI(10/25/75) SL=5% TP=8%
SPY,0.23727867254824347,0.05636443485392308,0.17361063863815857,79,133729.19355544285,RSI(10/25/75) SL=5% TP=10%
SPY,0.23727867254824347,0.05636443485392308,0.17361063863815857,79,133729.19355544285,RSI(10/25/75) SL=5% TP=12%
SPY,0.23727867254824347,0.05636443485392308,0.17361063863815857,79,133729.19355544285,RSI(10/25/75) SL=5% TP=15%
SPY,0.23727867254824347,0.05636443485392308,0.17361063863815857,79,133729.19355544285,RSI(10/25/75) SL=5% TP=20%
SPY,0.23727867254824347,0.05636443485392308,0.17361063863815857,79,133729.19355544285,RSI(10/25/75) SL=5% TP=25%
SPY,0.23727867254824347,0.05636443485392308,0.17361063863815857,79,133729.19355544285,RSI(10/25/75) SL=5% TP=30%
SPY,0.19118184196094262,0.050705732973305065,0.14099963489378003,79,130342.95449354923,RSI(10/25/75) SL=8% TP=10%
SPY,0.19118184196094262,0.050705732973305065,0.14099963489378003,79,130342.95449354923,RSI(10/25/75) SL=8% TP=12%
SPY,0.19118184196094262,0.050705732973305065,0.14099963489378003,79,130342.95449354923,RSI(10/25/75) SL=8% TP=15%
SPY,0.19118184196094262,0.050705732973305065,0.14099963489378003,79,130342.95449354923,RSI(10/25/75) SL=8% TP=20%
SPY,0.19118184196094262,0.050705732973305065,0.14099963489378003,79,130342.95449354923,RSI(10/25/75) SL=8% TP=25%
SPY,0.19118184196094262,0.050705732973305065,0.14099963489378003,79,130342.95449354923,RSI(10/25/75) SL=8% TP=30%
SPY,0.05721024640873412,0.015872363373696165,0.20619312801672918,79,109498.2237966404,RSI(10/25/75) SL=10% TP=12%
SPY,0.05721024640873412,0.015872363373696165,0.20619312801672918,79,109498.2237966404,RSI(10/25/75) SL=10% TP=15%
SPY,0.05721024640873412,0.015872363373696165,0.20619312801672918,79,109498.2237966404,RSI(10/25/75) SL=10% TP=20%
SPY,0.05721024640873412,0.015872363373696165,0.20619312801672918,79,109498.2237966404,RSI(10/25/75) SL=10% TP=25%
SPY,0.05721024640873412,0.015872363373696165,0.20619312801672918,79,109498.2237966404,RSI(10/25/75) SL=10% TP=30%
SPY,0.21644446801216066,0.04832799399198505,0.13185113913611207,79,128920.08529361644,RSI(10/25/75) SL=12% TP=15%
SPY,0.21644446801216066,0.04832799399198505,0.13185113913611207,79,128920.08529361644,RSI(10/25/75) SL=12% TP=20%
SPY,0.21644446801216066,0.04832799399198505,0.13185113913611207,79,128920.08529361644,RSI(10/25/75) SL=12% TP=25%
SPY,0.21644446801216066,0.04832799399198505,0.13185113913611207,79,128920.08529361644,RSI(10/25/75) SL=12% TP=30%
SPY,0.12337758739543382,0.027476880021404877,0.2064166052413927,79,116442.51391757086,RSI(10/25/75) SL=15% TP=20%
SPY,0.12337758739543382,0.027476880021404877,0.2064166052413927,79,116442.51391757086,RSI(10/25/75) SL=15% TP=25%
SPY,0.12337758739543382,0.027476880021404877,0.2064166052413927,79,116442.51391757086,RSI(10/25/75) SL=15% TP=30%
SPY,0.11599647837042104,0.026615786492559832,0.2270369796498638,79,115927.22461538897,RSI(10/25/80) SL=5% TP=8%
SPY,0.16243892593065104,0.038614695059437064,0.2270369796498638,79,123107.52386890122,RSI(10/25/80) SL=5% TP=10%
SPY,0.18159337306513743,0.04471188790164371,0.2270369796498638,79,126756.1614903487,RSI(10/25/80) SL=5% TP=12%
SPY,0.1799697776929393,0.0440850207966861,0.2270369796498638,79,126381.03625452486,RSI(10/25/80) SL=5% TP=15%
SPY,0.1799697776929393,0.0440850207966861,0.2270369796498638,79,126381.03625452486,RSI(10/25/80) SL=5% TP=20%
SPY,0.1799697776929393,0.0440850207966861,0.2270369796498638,79,126381.03625452486,RSI(10/25/80) SL=5% TP=25%
SPY,0.1799697776929393,0.0440850207966861,0.2270369796498638,79,126381.03625452486,RSI(10/25/80) SL=5% TP=30%
SPY,0.11249540555616623,0.027554196879123676,0.17042735890364333,79,116488.78130703115,RSI(10/25/80) SL=8% TP=10%
SPY,0.1224362531904992,0.030443798571452112,0.17042735890364333,79,118217.95565307532,RSI(10/25/80) SL=8% TP=12%
SPY,0.1224362531904992,0.030443798571452112,0.17042735890364333,79,118217.95565307532,RSI(10/25/80) SL=8% TP=15%
SPY,0.1224362531904992,0.030443798571452112,0.17042735890364333,79,118217.95565307532,RSI(10/25/80) SL=8% TP=20%
SPY,0.1224362531904992,0.030443798571452112,0.17042735890364333,79,118217.95565307532,RSI(10/25/80) SL=8% TP=25%
SPY,0.1224362531904992,0.030443798571452112,0.17042735890364333,79,118217.95565307532,RSI(10/25/80) SL=8% TP=30%
SPY,-0.0260032478822404,-0.006675140453137726,0.2558280881578093,79,96005.51118915409,RSI(10/25/80) SL=10% TP=12%
SPY,-0.0260032478822404,-0.006675140453137726,0.2558280881578093,79,96005.51118915409,RSI(10/25/80) SL=10% TP=15%
SPY,-0.0260032478822404,-0.006675140453137726,0.2558280881578093,79,96005.51118915409,RSI(10/25/80) SL=10% TP=20%
SPY,-0.0260032478822404,-0.006675140453137726,0.2558280881578093,79,96005.51118915409,RSI(10/25/80) SL=10% TP=25%
SPY,-0.0260032478822404,-0.006675140453137726,0.2558280881578093,79,96005.51118915409,RSI(10/25/80) SL=10% TP=30%
SPY,0.12117139863155607,0.02887916970128288,0.17908878608420187,79,117281.66186886292,RSI(10/25/80) SL=12% TP=15%
SPY,0.12117139863155607,0.02887916970128288,0.17908878608420187,79,117281.66186886292,RSI(10/25/80) SL=12% TP=20%
SPY,0.12117139863155607,0.02887916970128288,0.17908878608420187,79,117281.66186886292,RSI(10/25/80) SL=12% TP=25%
SPY,0.12117139863155607,0.02887916970128288,0.17908878608420187,79,117281.66186886292,RSI(10/25/80) SL=12% TP=30%
SPY,0.03697323711464753,0.00899539400143343,0.27375953653926727,79,105382.95799768319,RSI(10/25/80) SL=15% TP=20%
SPY,0.03697323711464753,0.00899539400143343,0.27375953653926727,79,105382.95799768319,RSI(10/25/80) SL=15% TP=25%
SPY,0.03697323711464753,0.00899539400143343,0.27375953653926727,79,105382.95799768319,RSI(10/25/80) SL=15% TP=30%
SPY,0.09607777849663161,0.020661752611161335,0.2139784769285242,133,112364.25513398067,RSI(10/30/65) SL=5% TP=8%
SPY,0.10026283535025347,0.021353117165811456,0.2139784769285242,133,112777.97646271576,RSI(10/30/65) SL=5% TP=10%
SPY,0.10026283535025347,0.021353117165811456,0.2139784769285242,133,112777.97646271576,RSI(10/30/65) SL=5% TP=12%
SPY,0.10026283535025347,0.021353117165811456,0.2139784769285242,133,112777.97646271576,RSI(10/30/65) SL=5% TP=15%
SPY,0.10026283535025347,0.021353117165811456,0.2139784769285242,133,112777.97646271576,RSI(10/30/65) SL=5% TP=20%
SPY,0.10026283535025347,0.021353117165811456,0.2139784769285242,133,112777.97646271576,RSI(10/30/65) SL=5% TP=25%
SPY,0.10026283535025347,0.021353117165811456,0.2139784769285242,133,112777.97646271576,RSI(10/30/65) SL=5% TP=30%
SPY,0.3751742061669462,0.08237797896778269,0.12294398361069868,133,149296.02868389536,RSI(10/30/65) SL=8% TP=10%
SPY,0.3751742061669462,0.08237797896778269,0.12294398361069868,133,149296.02868389536,RSI(10/30/65) SL=8% TP=12%
SPY,0.3751742061669462,0.08237797896778269,0.12294398361069868,133,149296.02868389536,RSI(10/30/65) SL=8% TP=15%
SPY,0.3751742061669462,0.08237797896778269,0.12294398361069868,133,149296.02868389536,RSI(10/30/65) SL=8% TP=20%
SPY,0.3751742061669462,0.08237797896778269,0.12294398361069868,133,149296.02868389536,RSI(10/30/65) SL=8% TP=25%
SPY,0.3751742061669462,0.08237797896778269,0.12294398361069868,133,149296.02868389536,RSI(10/30/65) SL=8% TP=30%
SPY,0.3512336849892531,0.08037589678043866,0.12515749256669262,133,148097.95727972282,RSI(10/30/65) SL=10% TP=12%
SPY,0.3512336849892531,0.08037589678043866,0.12515749256669262,133,148097.95727972282,RSI(10/30/65) SL=10% TP=15%
SPY,0.3512336849892531,0.08037589678043866,0.12515749256669262,133,148097.95727972282,RSI(10/30/65) SL=10% TP=20%
SPY,0.3512336849892531,0.08037589678043866,0.12515749256669262,133,148097.95727972282,RSI(10/30/65) SL=10% TP=25%
SPY,0.3512336849892531,0.08037589678043866,0.12515749256669262,133,148097.95727972282,RSI(10/30/65) SL=10% TP=30%
SPY,0.3923981156521549,0.07629332447036313,0.12294398361069868,133,145654.89416718556,RSI(10/30/65) SL=12% TP=15%
SPY,0.3923981156521549,0.07629332447036313,0.12294398361069868,133,145654.89416718556,RSI(10/30/65) SL=12% TP=20%
SPY,0.3923981156521549,0.07629332447036313,0.12294398361069868,133,145654.89416718556,RSI(10/30/65) SL=12% TP=25%
SPY,0.3923981156521549,0.07629332447036313,0.12294398361069868,133,145654.89416718556,RSI(10/30/65) SL=12% TP=30%
SPY,0.22693343653254625,0.05312786050513081,0.20641660524139271,133,131792.38636576876,RSI(10/30/65) SL=15% TP=20%
SPY,0.22693343653254625,0.05312786050513081,0.20641660524139271,133,131792.38636576876,RSI(10/30/65) SL=15% TP=25%
SPY,0.22693343653254625,0.05312786050513081,0.20641660524139271,133,131792.38636576876,RSI(10/30/65) SL=15% TP=30%
SPY,0.26101573821811463,0.057614180827691173,0.2139784769285242,133,134477.05741593582,RSI(10/30/70) SL=5% TP=8%
SPY,0.2779223435684604,0.06164888773103389,0.2139784769285242,133,136891.4772612695,RSI(10/30/70) SL=5% TP=10%
SPY,0.2779223435684604,0.06164888773103389,0.2139784769285242,133,136891.4772612695,RSI(10/30/70) SL=5% TP=12%
SPY,0.2779223435684604,0.06164888773103389,0.2139784769285242,133,136891.4772612695,RSI(10/30/70) SL=5% TP=15%
SPY,0.2779223435684604,0.06164888773103389,0.2139784769285242,133,136891.4772612695,RSI(10/30/70) SL=5% TP=20%
SPY,0.2779223435684604,0.06164888773103389,0.2139784769285242,133,136891.4772612695,RSI(10/30/70) SL=5% TP=25%
SPY,0.2779223435684604,0.06164888773103389,0.2139784769285242,133,136891.4772612695,RSI(10/30/70) SL=5% TP=30%
SPY,0.60079635971877,0.13572171421500986,0.12294398361069868,133,181217.59723660114,RSI(10/30/70) SL=8% TP=10%
SPY,0.60079635971877,0.13572171421500986,0.12294398361069868,133,181217.59723660114,RSI(10/30/70) SL=8% TP=12%
SPY,0.60079635971877,0.13572171421500986,0.12294398361069868,133,181217.59723660114,RSI(10/30/70) SL=8% TP=15%
SPY,0.60079635971877,0.13572171421500986,0.12294398361069868,133,181217.59723660114,RSI(10/30/70) SL=8% TP=20%
SPY,0.60079635971877,0.13572171421500986,0.12294398361069868,133,181217.59723660114,RSI(10/30/70) SL=8% TP=25%
SPY,0.60079635971877,0.13572171421500986,0.12294398361069868,133,181217.59723660114,RSI(10/30/70) SL=8% TP=30%
SPY,0.5674967076717627,0.1332915589948139,0.12294398361069868,133,179763.36149372195,RSI(10/30/70) SL=10% TP=12%
SPY,0.5674967076717627,0.1332915589948139,0.12294398361069868,133,179763.36149372195,RSI(10/30/70) SL=10% TP=15%
SPY,0.5674967076717627,0.1332915589948139,0.12294398361069868,133,179763.36149372195,RSI(10/30/70) SL=10% TP=20%
SPY,0.5674967076717627,0.1332915589948139,0.12294398361069868,133,179763.36149372195,RSI(10/30/70) SL=10% TP=25%
SPY,0.5674967076717627,0.1332915589948139,0.12294398361069868,133,179763.36149372195,RSI(10/30/70) SL=10% TP=30%
SPY,0.6427321729563535,0.1283360759113153,0.12294398361069868,133,176797.9374897871,RSI(10/30/70) SL=12% TP=15%
SPY,0.6427321729563535,0.1283360759113153,0.12294398361069868,133,176797.9374897871,RSI(10/30/70) SL=12% TP=20%
SPY,0.6427321729563535,0.1283360759113153,0.12294398361069868,133,176797.9374897871,RSI(10/30/70) SL=12% TP=25%
SPY,0.6427321729563535,0.1283360759113153,0.12294398361069868,133,176797.9374897871,RSI(10/30/70) SL=12% TP=30%
SPY,0.4267346005693149,0.10021751337715126,0.20641660524139271,133,159971.4326082318,RSI(10/30/70) SL=15% TP=20%
SPY,0.4267346005693149,0.10021751337715126,0.20641660524139271,133,159971.4326082318,RSI(10/30/70) SL=15% TP=25%
SPY,0.4267346005693149,0.10021751337715126,0.20641660524139271,133,159971.4326082318,RSI(10/30/70) SL=15% TP=30%
SPY,0.15121862401394082,0.03317708223016762,0.21397847692852429,133,119853.58730281459,RSI(10/30/75) SL=5% TP=8%
SPY,0.16682557578005686,0.036773042056871506,0.21397847692852429,133,122005.45532609613,RSI(10/30/75) SL=5% TP=10%
SPY,0.16682557578005686,0.036773042056871506,0.21397847692852429,133,122005.45532609613,RSI(10/30/75) SL=5% TP=12%
SPY,0.16682557578005686,0.036773042056871506,0.21397847692852429,133,122005.45532609613,RSI(10/30/75) SL=5% TP=15%
SPY,0.16682557578005686,0.036773042056871506,0.21397847692852429,133,122005.45532609613,RSI(10/30/75) SL=5% TP=20%
SPY,0.16682557578005686,0.036773042056871506,0.21397847692852429,133,122005.45532609613,RSI(10/30/75) SL=5% TP=25%
SPY,0.16682557578005686,0.036773042056871506,0.21397847692852429,133,122005.45532609613,RSI(10/30/75) SL=5% TP=30%
SPY,0.35537691032653046,0.08814333012664279,0.13375027430326977,133,152746.0880281656,RSI(10/30/75) SL=8% TP=10%
SPY,0.3770027063837331,0.09698405028192789,0.1337502743032698,133,158036.4872322013,RSI(10/30/75) SL=8% TP=12%
SPY,0.38516379230206294,0.1009820169414347,0.13375027430326983,133,160428.92124908077,RSI(10/30/75) SL=8% TP=15%
SPY,0.38823558853364365,0.101854790580871,0.13375027430326983,133,160951.2000777593,RSI(10/30/75) SL=8% TP=20%
SPY,0.38823558853364365,0.101854790580871,0.13375027430326983,133,160951.2000777593,RSI(10/30/75) SL=8% TP=25%
SPY,0.38823558853364365,0.101854790580871,0.13375027430326983,133,160951.2000777593,RSI(10/30/75) SL=8% TP=30%
SPY,0.29379940006989946,0.07832423865843123,0.19871297117898257,133,146870.21900671202,RSI(10/30/75) SL=10% TP=12%
SPY,0.30228163547539877,0.08203972391849391,0.19871297117898262,133,149093.61256709875,RSI(10/30/75) SL=10% TP=15%
SPY,0.30515913338598494,0.08285083063069838,0.19871297117898262,133,149578.98912344966,RSI(10/30/75) SL=10% TP=20%
SPY,0.30515913338598494,0.08285083063069838,0.19871297117898262,133,149578.98912344966,RSI(10/30/75) SL=10% TP=25%
SPY,0.30515913338598494,0.08285083063069838,0.19871297117898262,133,149578.98912344966,RSI(10/30/75) SL=10% TP=30%
SPY,0.42911115053677,0.09837996219965771,0.13375027430326972,133,158871.81864963644,RSI(10/30/75) SL=12% TP=15%
SPY,0.43200097589758757,0.09924426480973006,0.13375027430326988,133,159389.02830677497,RSI(10/30/75) SL=12% TP=20%
SPY,0.43200097589758757,0.09924426480973006,0.13375027430326988,133,159389.02830677497,RSI(10/30/75) SL=12% TP=25%
SPY,0.43200097589758757,0.09924426480973006,0.13375027430326988,133,159389.02830677497,RSI(10/30/75) SL=12% TP=30%
SPY,0.3208707029421698,0.07346520340657153,0.20641660524139274,133,143962.51060996423,RSI(10/30/75) SL=15% TP=20%
SPY,0.3208707029421698,0.07346520340657153,0.20641660524139274,133,143962.51060996423,RSI(10/30/75) SL=15% TP=25%
SPY,0.3208707029421698,0.07346520340657153,0.20641660524139274,133,143962.51060996423,RSI(10/30/75) SL=15% TP=30%
SPY,0.04870280934706092,0.01028968802143053,0.2548378173038978,133,106157.47997472907,RSI(10/30/80) SL=5% TP=8%
SPY,0.07779084265718082,0.016771379204130344,0.2548378173038978,133,110036.20628564624,RSI(10/30/80) SL=5% TP=10%
SPY,0.09972023884122888,0.022221183962309623,0.2548378173038978,133,113297.43865681069,RSI(10/30/80) SL=5% TP=12%
SPY,0.09765281009131202,0.02166087638802794,0.2548378173038978,133,112962.14348934371,RSI(10/30/80) SL=5% TP=15%
SPY,0.09765281009131202,0.02166087638802794,0.2548378173038978,133,112962.14348934371,RSI(10/30/80) SL=5% TP=20%
SPY,0.09765281009131202,0.02166087638802794,0.2548378173038978,133,112962.14348934371,RSI(10/30/80) SL=5% TP=25%
SPY,0.09765281009131202,0.02166087638802794,0.2548378173038978,133,112962.14348934371,RSI(10/30/80) SL=5% TP=30%
SPY,0.28890942788610424,0.06626966887107072,0.16887710042005868,133,139656.61137205342,RSI(10/30/80) SL=8% TP=10%
SPY,0.3235851437583236,0.07793707523745616,0.16887710042005863,133,146638.53549923963,RSI(10/30/80) SL=8% TP=12%
SPY,0.33285882793744365,0.08164669942736566,0.16887710042005863,133,148858.4217208204,RSI(10/30/80) SL=8% TP=15%
SPY,0.34988010879519005,0.0891871333524085,0.1688771004200587,133,153370.71313310796,RSI(10/30/80) SL=8% TP=20%
SPY,0.37476903997455985,0.10031696771217849,0.1688771004200588,133,160030.94734522427,RSI(10/30/80) SL=8% TP=25%
SPY,0.379615945320647,0.10379480050209614,0.16887710042005877,133,162112.12664966704,RSI(10/30/80) SL=8% TP=30%
SPY,0.24208895460798846,0.06062305176678187,0.24272468228651684,133,136277.60399377265,RSI(10/30/80) SL=10% TP=12%
SPY,0.2515324772535771,0.06407056775974425,0.24272468228651684,133,138340.6413419422,RSI(10/30/80) SL=10% TP=15%
SPY,0.2692027860644356,0.07107822277266243,0.24272468228651675,133,142534.11108776784,RSI(10/30/80) SL=10% TP=20%
SPY,0.2948270458847506,0.08142166458509704,0.24272468228651672,133,148723.75801362155,RSI(10/30/80) SL=10% TP=25%
SPY,0.30043031400978987,0.08465376669309588,0.24272468228651684,133,150657.88895761452,RSI(10/30/80) SL=10% TP=30%
SPY,0.33742765454886847,0.07997856523071774,0.17106951707047274,133,147860.18903488983,RSI(10/30/80) SL=12% TP=15%
SPY,0.35416873378824787,0.0874684336081549,0.17106951707047274,133,152342.22138138794,RSI(10/30/80) SL=12% TP=20%
SPY,0.3784183317927762,0.0985236321877083,0.17106951707047274,133,158957.7925948667,RSI(10/30/80) SL=12% TP=25%
SPY,0.3830236692373594,0.10197814290873022,0.17106951707047283,133,161025.01567712903,RSI(10/30/80) SL=12% TP=30%
SPY,0.24577124675557374,0.06164053765839139,0.20641660524139274,133,136886.48047176754,RSI(10/30/80) SL=15% TP=20%
SPY,0.27133735441431206,0.07157414116469056,0.20641660524139274,133,142830.87495093388,RSI(10/30/80) SL=15% TP=25%
SPY,0.2770428004370571,0.07467817765611628,0.20641660524139274,133,144688.36980373942,RSI(10/30/80) SL=15% TP=30%
SPY,0.11958936234139762,0.025308736177649505,0.2777902433854687,214,115145.06910948231,RSI(10/35/65) SL=5% TP=8%
SPY,0.12387639705600735,0.026017210766210705,0.2777902433854687,214,115569.02929978006,RSI(10/35/65) SL=5% TP=10%
SPY,0.12387639705600735,0.026017210766210705,0.2777902433854687,214,115569.02929978006,RSI(10/35/65) SL=5% TP=12%
SPY,0.12387639705600735,0.026017210766210705,0.2777902433854687,214,115569.02929978006,RSI(10/35/65) SL=5% TP=15%
SPY,0.12387639705600735,0.026017210766210705,0.2777902433854687,214,115569.02929978006,RSI(10/35/65) SL=5% TP=20%
SPY,0.12387639705600735,0.026017210766210705,0.2777902433854687,214,115569.02929978006,RSI(10/35/65) SL=5% TP=25%
SPY,0.12387639705600735,0.026017210766210705,0.2777902433854687,214,115569.02929978006,RSI(10/35/65) SL=5% TP=30%
SPY,0.2543999733614786,0.05432526421890471,0.26277535198285285,214,132508.9279532176,RSI(10/35/65) SL=8% TP=10%
SPY,0.2543999733614786,0.05432526421890471,0.26277535198285285,214,132508.9279532176,RSI(10/35/65) SL=8% TP=12%
SPY,0.2543999733614786,0.05432526421890471,0.26277535198285285,214,132508.9279532176,RSI(10/35/65) SL=8% TP=15%
SPY,0.2543999733614786,0.05432526421890471,0.26277535198285285,214,132508.9279532176,RSI(10/35/65) SL=8% TP=20%
SPY,0.2543999733614786,0.05432526421890471,0.26277535198285285,214,132508.9279532176,RSI(10/35/65) SL=8% TP=25%
SPY,0.2543999733614786,0.05432526421890471,0.26277535198285285,214,132508.9279532176,RSI(10/35/65) SL=8% TP=30%
SPY,0.2340425146560714,0.05451017100794464,0.25649248736437624,214,132619.57852380179,RSI(10/35/65) SL=10% TP=12%
SPY,0.2340425146560714,0.05451017100794464,0.25649248736437624,214,132619.57852380179,RSI(10/35/65) SL=10% TP=15%
SPY,0.2340425146560714,0.05451017100794464,0.25649248736437624,214,132619.57852380179,RSI(10/35/65) SL=10% TP=20%
SPY,0.2340425146560714,0.05451017100794464,0.25649248736437624,214,132619.57852380179,RSI(10/35/65) SL=10% TP=25%
SPY,0.2340425146560714,0.05451017100794464,0.25649248736437624,214,132619.57852380179,RSI(10/35/65) SL=10% TP=30%
SPY,0.24858228895706636,0.05085428655821837,0.25649248736437624,214,130431.85084515608,RSI(10/35/65) SL=12% TP=15%
SPY,0.24858228895706636,0.05085428655821837,0.25649248736437624,214,130431.85084515608,RSI(10/35/65) SL=12% TP=20%
SPY,0.24858228895706636,0.05085428655821837,0.25649248736437624,214,130431.85084515608,RSI(10/35/65) SL=12% TP=25%
SPY,0.24858228895706636,0.05085428655821837,0.25649248736437624,214,130431.85084515608,RSI(10/35/65) SL=12% TP=30%
SPY,0.263314160901001,0.058626192029299695,0.2304741898571491,214,135082.65776991425,RSI(10/35/65) SL=15% TP=20%
SPY,0.263314160901001,0.058626192029299695,0.2304741898571491,214,135082.65776991425,RSI(10/35/65) SL=15% TP=25%
SPY,0.263314160901001,0.058626192029299695,0.2304741898571491,214,135082.65776991425,RSI(10/35/65) SL=15% TP=30%
SPY,0.3603874238791456,0.0795009617911416,0.2777902433854687,214,147574.38507184188,RSI(10/35/70) SL=5% TP=8%
SPY,0.3787844540801528,0.08392862701260989,0.2777902433854687,214,150223.95616468877,RSI(10/35/70) SL=5% TP=10%
SPY,0.3787844540801528,0.08392862701260989,0.2777902433854687,214,150223.95616468877,RSI(10/35/70) SL=5% TP=12%
SPY,0.3787844540801528,0.08392862701260989,0.2777902433854687,214,150223.95616468877,RSI(10/35/70) SL=5% TP=15%
SPY,0.3787844540801528,0.08392862701260989,0.2777902433854687,214,150223.95616468877,RSI(10/35/70) SL=5% TP=20%
SPY,0.3787844540801528,0.08392862701260989,0.2777902433854687,214,150223.95616468877,RSI(10/35/70) SL=5% TP=25%
SPY,0.3787844540801528,0.08392862701260989,0.2777902433854687,214,150223.95616468877,RSI(10/35/70) SL=5% TP=30%
SPY,0.5459537437320527,0.12072523079781837,0.26277535198285285,214,172243.5111282183,RSI(10/35/70) SL=8% TP=10%
SPY,0.5459537437320527,0.12072523079781837,0.26277535198285285,214,172243.5111282183,RSI(10/35/70) SL=8% TP=12%
SPY,0.5459537437320527,0.12072523079781837,0.26277535198285285,214,172243.5111282183,RSI(10/35/70) SL=8% TP=15%
SPY,0.5459537437320527,0.12072523079781837,0.26277535198285285,214,172243.5111282183,RSI(10/35/70) SL=8% TP=20%
SPY,0.5459537437320527,0.12072523079781837,0.26277535198285285,214,172243.5111282183,RSI(10/35/70) SL=8% TP=25%
SPY,0.5459537437320527,0.12072523079781837,0.26277535198285285,214,172243.5111282183,RSI(10/35/70) SL=8% TP=30%
SPY,0.5069487873911129,0.12096558437298963,0.25649248736437624,214,172387.34175970967,RSI(10/35/70) SL=10% TP=12%
SPY,0.5069487873911129,0.12096558437298963,0.25649248736437624,214,172387.34175970967,RSI(10/35/70) SL=10% TP=15%
SPY,0.5069487873911129,0.12096558437298963,0.25649248736437624,214,172387.34175970967,RSI(10/35/70) SL=10% TP=20%
SPY,0.5069487873911129,0.12096558437298963,0.25649248736437624,214,172387.34175970967,RSI(10/35/70) SL=10% TP=25%
SPY,0.5069487873911129,0.12096558437298963,0.25649248736437624,214,172387.34175970967,RSI(10/35/70) SL=10% TP=30%
SPY,0.5538563453348413,0.11621343383018087,0.25649248736437624,214,169543.5945301241,RSI(10/35/70) SL=12% TP=15%
SPY,0.5538563453348413,0.11621343383018087,0.25649248736437624,214,169543.5945301241,RSI(10/35/70) SL=12% TP=20%
SPY,0.5538563453348413,0.11621343383018087,0.25649248736437624,214,169543.5945301241,RSI(10/35/70) SL=12% TP=25%
SPY,0.5538563453348413,0.11621343383018087,0.25649248736437624,214,169543.5945301241,RSI(10/35/70) SL=12% TP=30%
SPY,0.5599452161853092,0.12631584962338918,0.2304741898571491,214,175589.00842542495,RSI(10/35/70) SL=15% TP=20%
SPY,0.5599452161853092,0.12631584962338918,0.2304741898571491,214,175589.00842542495,RSI(10/35/70) SL=15% TP=25%
SPY,0.5599452161853092,0.12631584962338918,0.2304741898571491,214,175589.00842542495,RSI(10/35/70) SL=15% TP=30%
SPY,0.2560502066359537,0.05740525959397889,0.27779024338546876,214,134352.03629671436,RSI(10/35/75) SL=5% TP=8%
SPY,0.27310678871975175,0.06143621549635184,0.27779024338546876,214,136764.21149543594,RSI(10/35/75) SL=5% TP=10%
SPY,0.27310678871975175,0.06143621549635184,0.27779024338546876,214,136764.21149543594,RSI(10/35/75) SL=5% TP=12%
SPY,0.27310678871975175,0.06143621549635184,0.27779024338546876,214,136764.21149543594,RSI(10/35/75) SL=5% TP=15%
SPY,0.27310678871975175,0.06143621549635184,0.27779024338546876,214,136764.21149543594,RSI(10/35/75) SL=5% TP=20%
SPY,0.27310678871975175,0.06143621549635184,0.27779024338546876,214,136764.21149543594,RSI(10/35/75) SL=5% TP=25%
SPY,0.27310678871975175,0.06143621549635184,0.27779024338546876,214,136764.21149543594,RSI(10/35/75) SL=5% TP=30%
SPY,0.4666884317321422,0.11163574285114992,0.2627753519828528,214,166804.24611886273,RSI(10/35/75) SL=8% TP=10%
SPY,0.4904555857944621,0.12129012863403324,0.2627753519828528,214,172581.55316671514,RSI(10/35/75) SL=8% TP=12%
SPY,0.4993503546226088,0.12565605265379884,0.2627753519828528,214,175194.17754044788,RSI(10/35/75) SL=8% TP=15%
SPY,0.502692822563942,0.12660915299723777,0.2627753519828528,214,175764.52488882325,RSI(10/35/75) SL=8% TP=20%
SPY,0.502692822563942,0.12660915299723777,0.2627753519828528,214,175764.52488882325,RSI(10/35/75) SL=8% TP=25%
SPY,0.502692822563942,0.12660915299723777,0.2627753519828528,214,175764.52488882325,RSI(10/35/75) SL=8% TP=30%
SPY,0.3865480891794896,0.10670206176972796,0.2564924873643762,214,163851.86870982134,RSI(10/35/75) SL=10% TP=12%
SPY,0.3960710951023355,0.11084714446343086,0.2564924873643762,214,166332.33882970386,RSI(10/35/75) SL=10% TP=15%
SPY,0.3992752290565257,0.11175203417774199,0.2564924873643762,214,166873.8363254107,RSI(10/35/75) SL=10% TP=20%
SPY,0.3992752290565257,0.11175203417774199,0.2564924873643762,214,166873.8363254107,RSI(10/35/75) SL=10% TP=25%
SPY,0.3992752290565257,0.11175203417774199,0.2564924873643762,214,166873.8363254107,RSI(10/35/75) SL=10% TP=30%
SPY,0.4477282505891585,0.10877080745416784,0.2564924873643762,214,165089.83239717662,RSI(10/35/75) SL=12% TP=15%
SPY,0.4509040498534452,0.10966893762130557,0.2564924873643762,214,165627.28489401937,RSI(10/35/75) SL=12% TP=20%
SPY,0.4509040498534452,0.10966893762130557,0.2564924873643762,214,165627.28489401937,RSI(10/35/75) SL=12% TP=25%
SPY,0.4509040498534452,0.10966893762130557,0.2564924873643762,214,165627.28489401937,RSI(10/35/75) SL=12% TP=30%
SPY,0.3451148853438465,0.08726639531973811,0.2304741898571491,214,152221.31910403376,RSI(10/35/75) SL=15% TP=20%
SPY,0.3451148853438465,0.08726639531973811,0.2304741898571491,214,152221.31910403376,RSI(10/35/75) SL=15% TP=25%
SPY,0.3451148853438465,0.08726639531973811,0.2304741898571491,214,152221.31910403376,RSI(10/35/75) SL=15% TP=30%
SPY,0.16876328603885576,0.03685769451495521,0.27779024338546876,214,122056.11243196526,RSI(10/35/80) SL=5% TP=8%
SPY,0.19992106464954829,0.04431011358079213,0.27779024338546876,214,126515.73463485498,RSI(10/35/80) SL=5% TP=10%
SPY,0.22243620881085283,0.05057610616515788,0.27779024338546876,214,130265.38416549924,RSI(10/35/80) SL=5% TP=12%
SPY,0.22038983635530993,0.049931884351496744,0.27779024338546876,214,129879.87365160996,RSI(10/35/80) SL=5% TP=15%
SPY,0.22038983635530993,0.049931884351496744,0.27779024338546876,214,129879.87365160996,RSI(10/35/80) SL=5% TP=20%
SPY,0.22038983635530993,0.049931884351496744,0.27779024338546876,214,129879.87365160996,RSI(10/35/80) SL=5% TP=25%
SPY,0.22038983635530993,0.049931884351496744,0.27779024338546876,214,129879.87365160996,RSI(10/35/80) SL=5% TP=30%
SPY,0.375660846334139,0.08663354466167013,0.2627753519828528,214,151842.61323404705,RSI(10/35/80) SL=8% TP=10%
SPY,0.4132965122710411,0.09931901264582361,0.2627753519828528,214,159433.75836107222,RSI(10/35/80) SL=8% TP=12%
SPY,0.42344012415059046,0.10335232711320302,0.2627753519828528,214,161847.34495504372,RSI(10/35/80) SL=8% TP=15%
SPY,0.44213159957242293,0.11155071586722298,0.2627753519828528,214,166753.36489197312,RSI(10/35/80) SL=8% TP=20%
SPY,0.3943155772119654,0.10313910826540319,0.2627753519828528,214,161719.75208897938,RSI(10/35/80) SL=8% TP=25%
SPY,0.3999445122224126,0.10665364258468785,0.2627753519828528,214,163822.89405464655,RSI(10/35/80) SL=8% TP=30%
SPY,0.39250067447204223,0.10109308160887479,0.2564924873643762,214,160495.38375642188,RSI(10/35/80) SL=10% TP=12%
SPY,0.40282701304683555,0.1051532528041519,0.2564924873643762,214,162925.04175740518,RSI(10/35/80) SL=10% TP=15%
SPY,0.4222222402593638,0.11340623236623953,0.2564924873643762,214,167863.72952709888,RSI(10/35/80) SL=10% TP=20%
SPY,0.3789411255318796,0.10493861419088996,0.2564924873643762,214,162796.59928565955,RSI(10/35/80) SL=10% TP=25%
SPY,0.3850850493269888,0.10847655082424262,0.2564924873643762,214,164913.74549323725,RSI(10/35/80) SL=10% TP=30%
SPY,0.42571134420977974,0.10393806633490686,0.2564924873643762,214,162197.85874326967,RSI(10/35/80) SL=12% TP=15%
SPY,0.4445509336409553,0.11215421038976485,0.2564924873643762,214,167114.50367768467,RSI(10/35/80) SL=12% TP=20%
SPY,0.3967439484278723,0.10372438571773991,0.2564924873643762,214,162069.9895485523,RSI(10/35/80) SL=12% TP=25%
SPY,0.4024244037711798,0.10724653148556841,0.2564924873643762,214,164177.68630168142,RSI(10/35/80) SL=12% TP=30%
SPY,0.4893929124075643,0.116678515842734,0.2304741898571491,214,169821.90551223923,RSI(10/35/80) SL=15% TP=20%
SPY,0.4352344679193516,0.10811212060214816,0.2304741898571491,214,164695.66582065055,RSI(10/35/80) SL=15% TP=25%
SPY,0.44015156167233105,0.11169132822698816,0.2304741898571491,214,166837.50911361037,RSI(10/35/80) SL=15% TP=30%
SPY,0.21445313198645619,0.05076539627404837,0.3130036654288173,289,130378.65777034323,RSI(10/40/65) SL=5% TP=8%
SPY,0.17547231002280386,0.04121836088318343,0.3130036654288173,289,124665.59056025422,RSI(10/40/65) SL=5% TP=10%
SPY,0.17547231002280386,0.04121836088318343,0.3130036654288173,289,124665.59056025422,RSI(10/40/65) SL=5% TP=12%
SPY,0.17547231002280386,0.04121836088318343,0.3130036654288173,289,124665.59056025422,RSI(10/40/65) SL=5% TP=15%
SPY,0.17547231002280386,0.04121836088318343,0.3130036654288173,289,124665.59056025422,RSI(10/40/65) SL=5% TP=20%
SPY,0.17547231002280386,0.04121836088318343,0.3130036654288173,289,124665.59056025422,RSI(10/40/65) SL=5% TP=25%
SPY,0.17547231002280386,0.04121836088318343,0.3130036654288173,289,124665.59056025422,RSI(10/40/65) SL=5% TP=30%
SPY,0.23668879697312098,0.04934372482417945,0.2987208684115969,289,129527.91152177087,RSI(10/40/65) SL=8% TP=10%
SPY,0.23668879697312098,0.04934372482417945,0.2987208684115969,289,129527.91152177087,RSI(10/40/65) SL=8% TP=12%
SPY,0.23668879697312098,0.04934372482417945,0.2987208684115969,289,129527.91152177087,RSI(10/40/65) SL=8% TP=15%
SPY,0.23668879697312098,0.04934372482417945,0.2987208684115969,289,129527.91152177087,RSI(10/40/65) SL=8% TP=20%
SPY,0.23668879697312098,0.04934372482417945,0.2987208684115969,289,129527.91152177087,RSI(10/40/65) SL=8% TP=25%
SPY,0.23668879697312098,0.04934372482417945,0.2987208684115969,289,129527.91152177087,RSI(10/40/65) SL=8% TP=30%
SPY,0.269700923250903,0.05981435828398329,0.2683497258640601,289,135793.6715445424,RSI(10/40/65) SL=10% TP=12%
SPY,0.269700923250903,0.05981435828398329,0.2683497258640601,289,135793.6715445424,RSI(10/40/65) SL=10% TP=15%
SPY,0.269700923250903,0.05981435828398329,0.2683497258640601,289,135793.6715445424,RSI(10/40/65) SL=10% TP=20%
SPY,0.269700923250903,0.05981435828398329,0.2683497258640601,289,135793.6715445424,RSI(10/40/65) SL=10% TP=25%
SPY,0.269700923250903,0.05981435828398329,0.2683497258640601,289,135793.6715445424,RSI(10/40/65) SL=10% TP=30%
SPY,0.2404162277330881,0.051560917300309025,0.2683497258640601,289,130854.7076543119,RSI(10/40/65) SL=12% TP=15%
SPY,0.2404162277330881,0.051560917300309025,0.2683497258640601,289,130854.7076543119,RSI(10/40/65) SL=12% TP=20%
SPY,0.2404162277330881,0.051560917300309025,0.2683497258640601,289,130854.7076543119,RSI(10/40/65) SL=12% TP=25%
SPY,0.2404162277330881,0.051560917300309025,0.2683497258640601,289,130854.7076543119,RSI(10/40/65) SL=12% TP=30%
SPY,0.32394123476788467,0.06895497592498011,0.2304741898571491,289,141263.53321225,RSI(10/40/65) SL=15% TP=20%
SPY,0.32394123476788467,0.06895497592498011,0.2304741898571491,289,141263.53321225,RSI(10/40/65) SL=15% TP=25%
SPY,0.32394123476788467,0.06895497592498011,0.2304741898571491,289,141263.53321225,RSI(10/40/65) SL=15% TP=30%
SPY,0.42147570557669545,0.10401340872595555,0.3130036654288173,289,162242.94458680198,RSI(10/40/70) SL=5% TP=8%
SPY,0.3797208829736178,0.09359589067223159,0.3130036654288173,289,156008.96949751003,RSI(10/40/70) SL=5% TP=10%
SPY,0.3797208829736178,0.09359589067223159,0.3130036654288173,289,156008.96949751003,RSI(10/40/70) SL=5% TP=12%
SPY,0.3797208829736178,0.09359589067223159,0.3130036654288173,289,156008.96949751003,RSI(10/40/70) SL=5% TP=15%
SPY,0.3797208829736178,0.09359589067223159,0.3130036654288173,289,156008.96949751003,RSI(10/40/70) SL=5% TP=20%
SPY,0.3797208829736178,0.09359589067223159,0.3130036654288173,289,156008.96949751003,RSI(10/40/70) SL=5% TP=25%
SPY,0.3797208829736178,0.09359589067223159,0.3130036654288173,289,156008.96949751003,RSI(10/40/70) SL=5% TP=30%
SPY,0.4965582375593338,0.1037641307578095,0.2987208684115969,289,162093.77348522886,RSI(10/40/70) SL=8% TP=10%
SPY,0.4965582375593338,0.1037641307578095,0.2987208684115969,289,162093.77348522886,RSI(10/40/70) SL=8% TP=12%
SPY,0.4965582375593338,0.1037641307578095,0.2987208684115969,289,162093.77348522886,RSI(10/40/70) SL=8% TP=15%
SPY,0.4965582375593338,0.1037641307578095,0.2987208684115969,289,162093.77348522886,RSI(10/40/70) SL=8% TP=20%
SPY,0.4965582375593338,0.1037641307578095,0.2987208684115969,289,162093.77348522886,RSI(10/40/70) SL=8% TP=25%
SPY,0.4965582375593338,0.1037641307578095,0.2987208684115969,289,162093.77348522886,RSI(10/40/70) SL=8% TP=30%
SPY,0.5263047002908737,0.1168672871998481,0.2683497258640601,289,169934.86868943291,RSI(10/40/70) SL=10% TP=12%
SPY,0.5263047002908737,0.1168672871998481,0.2683497258640601,289,169934.86868943291,RSI(10/40/70) SL=10% TP=15%
SPY,0.5263047002908737,0.1168672871998481,0.2683497258640601,289,169934.86868943291,RSI(10/40/70) SL=10% TP=20%
SPY,0.5263047002908737,0.1168672871998481,0.2683497258640601,289,169934.86868943291,RSI(10/40/70) SL=10% TP=25%
SPY,0.5263047002908737,0.1168672871998481,0.2683497258640601,289,169934.86868943291,RSI(10/40/70) SL=10% TP=30%
SPY,0.4952080148426908,0.1065387689865629,0.2683497258640601,289,163754.15223481623,RSI(10/40/70) SL=12% TP=15%
SPY,0.4952080148426908,0.1065387689865629,0.2683497258640601,289,163754.15223481623,RSI(10/40/70) SL=12% TP=20%
SPY,0.4952080148426908,0.1065387689865629,0.2683497258640601,289,163754.15223481623,RSI(10/40/70) SL=12% TP=25%
SPY,0.4952080148426908,0.1065387689865629,0.2683497258640601,289,163754.15223481623,RSI(10/40/70) SL=12% TP=30%
SPY,0.6101375188156307,0.12830603571364482,0.2304741898571491,289,176779.96105403826,RSI(10/40/70) SL=15% TP=20%
SPY,0.6101375188156307,0.12830603571364482,0.2304741898571491,289,176779.96105403826,RSI(10/40/70) SL=15% TP=25%
SPY,0.6101375188156307,0.12830603571364482,0.2304741898571491,289,176779.96105403826,RSI(10/40/70) SL=15% TP=30%
SPY,0.4535622598540096,0.11102125235982749,0.3130036654288173,289,166436.52720580154,RSI(10/40/75) SL=5% TP=8%
SPY,0.44881792150904737,0.11306793954511264,0.3130036654288173,289,167661.2908071547,RSI(10/40/75) SL=5% TP=10%
SPY,0.44881792150904737,0.11306793954511264,0.3130036654288173,289,167661.2908071547,RSI(10/40/75) SL=5% TP=12%
SPY,0.4738921720788681,0.12302551076845418,0.3130036654288173,289,173620.02787255115,RSI(10/40/75) SL=5% TP=15%
SPY,0.4635886459411384,0.11823531968630342,0.3130036654288173,289,170753.51670116888,RSI(10/40/75) SL=5% TP=20%
SPY,0.4635886459411384,0.11823531968630342,0.3130036654288173,289,170753.51670116888,RSI(10/40/75) SL=5% TP=25%
SPY,0.4635886459411384,0.11823531968630342,0.3130036654288173,289,170753.51670116888,RSI(10/40/75) SL=5% TP=30%
SPY,0.5533655011549499,0.12743468790004092,0.298720868411597,289,176258.53545764353,RSI(10/40/75) SL=8% TP=10%
SPY,0.5794872290525633,0.13763627412118265,0.298720868411597,289,182363.29419632675,RSI(10/40/75) SL=8% TP=12%
SPY,0.5892836450863852,0.14224965412527996,0.298720868411597,289,185123.9993733818,RSI(10/40/75) SL=8% TP=15%
SPY,0.59282394987538,0.14325677519436203,0.298720868411597,289,185726.6734099595,RSI(10/40/75) SL=8% TP=20%
SPY,0.59282394987538,0.14325677519436203,0.298720868411597,289,185726.6734099595,RSI(10/40/75) SL=8% TP=25%
SPY,0.59282394987538,0.14325677519436203,0.298720868411597,289,185726.6734099595,RSI(10/40/75) SL=8% TP=30%
SPY,0.5203457682137379,0.13596429579863084,0.2683497258640601,289,181362.761136641,RSI(10/40/75) SL=10% TP=12%
SPY,0.5307846947039769,0.14055236457312273,0.2683497258640601,289,184108.31975248773,RSI(10/40/75) SL=10% TP=15%
SPY,0.5343459302624347,0.14155396008987733,0.2683497258640601,289,184707.6872283869,RSI(10/40/75) SL=10% TP=20%
SPY,0.5343459302624347,0.14155396008987733,0.2683497258640601,289,184707.6872283869,RSI(10/40/75) SL=10% TP=25%
SPY,0.5343459302624347,0.14155396008987733,0.2683497258640601,289,184707.6872283869,RSI(10/40/75) SL=10% TP=30%
SPY,0.532298736408414,0.1320832992271882,0.2683497258640601,289,179040.32350579358,RSI(10/40/75) SL=12% TP=15%
SPY,0.5357658857122427,0.1330573235710244,0.2683497258640601,289,179623.19204170824,RSI(10/40/75) SL=12% TP=20%
SPY,0.5357658857122427,0.1330573235710244,0.2683497258640601,289,179623.19204170824,RSI(10/40/75) SL=12% TP=25%
SPY,0.5357658857122427,0.1330573235710244,0.2683497258640601,289,179623.19204170824,RSI(10/40/75) SL=12% TP=30%
SPY,0.5765965328314204,0.13902985278890365,0.2304741898571491,289,183197.22936732805,RSI(10/40/75) SL=15% TP=20%
SPY,0.5765965328314204,0.13902985278890365,0.2304741898571491,289,183197.22936732805,RSI(10/40/75) SL=15% TP=25%
SPY,0.5765965328314204,0.13902985278890365,0.2304741898571491,289,183197.22936732805,RSI(10/40/75) SL=15% TP=30%
SPY,0.46869238788557793,0.11039788677829471,0.3130036654288173,289,166063.4973260589,RSI(10/40/80) SL=5% TP=8%
SPY,0.47119748152021423,0.1139452660039063,0.3130036654288173,289,168186.29410075027,RSI(10/40/80) SL=5% TP=10%
SPY,0.4965727244745066,0.12227509212924056,0.3130036654288173,289,173170.96782972015,RSI(10/40/80) SL=5% TP=12%
SPY,0.5219675793975361,0.131673041971273,0.3130036654288173,289,178794.82035423798,RSI(10/40/80) SL=5% TP=15%
SPY,0.5466167499050603,0.14160012249661894,0.3130036654288173,289,184735.31139877037,RSI(10/40/80) SL=5% TP=20%
SPY,0.48899635624468696,0.12936170597398464,0.3130036654288173,289,177411.68754316223,RSI(10/40/80) SL=5% TP=25%
SPY,0.48899635624468696,0.12936170597398464,0.3130036654288173,289,177411.68754316223,RSI(10/40/80) SL=5% TP=30%
SPY,0.4932639251768596,0.12038159141712207,0.298720868411597,289,172037.87295913495,RSI(10/40/80) SL=8% TP=10%
SPY,0.5477380588093025,0.13915458918943988,0.298720868411597,289,183271.87321336323,RSI(10/40/80) SL=8% TP=12%
SPY,0.5570377304934292,0.14287087011431893,0.298720868411597,289,185495.74290967974,RSI(10/40/80) SL=8% TP=15%
SPY,0.5785512779675701,0.152267170146375,0.298720868411597,289,191118.60816695774,RSI(10/40/80) SL=8% TP=20%
SPY,0.5268625447640092,0.14262649669820934,0.298720868411597,289,185349.50675432527,RSI(10/40/80) SL=8% TP=25%
SPY,0.5333556465619533,0.1466545587879416,0.298720868411597,289,187759.95025881584,RSI(10/40/80) SL=8% TP=30%
SPY,0.6193767705342181,0.15411460102682387,0.2683497258640601,289,192224.1342652581,RSI(10/40/80) SL=10% TP=12%
SPY,0.6309945085536243,0.1589774380425309,0.2683497258640601,289,195134.1176857685,RSI(10/40/80) SL=10% TP=15%
SPY,0.6525182452636054,0.16886197063344252,0.2683497258640601,289,201049.14750604416,RSI(10/40/80) SL=10% TP=20%
SPY,0.5955622426727701,0.15872036696267525,0.2683497258640601,289,194980.2830871882,RSI(10/40/80) SL=10% TP=25%
SPY,0.6016937466725987,0.16295772750547835,0.2683497258640601,289,197515.9734437545,RSI(10/40/80) SL=10% TP=30%
SPY,0.5897650084502601,0.15096181946757825,0.2683497258640601,289,190337.46974488412,RSI(10/40/80) SL=12% TP=15%
SPY,0.611456733515128,0.16060337751635878,0.2683497258640601,289,196107.10051375756,RSI(10/40/80) SL=12% TP=20%
SPY,0.5578375333936718,0.15071106752596683,0.2683497258640601,289,190187.41659887222,RSI(10/40/80) SL=12% TP=25%
SPY,0.5642673680786373,0.15484426828900671,0.2683497258640601,289,192660.77642056433,RSI(10/40/80) SL=12% TP=30%
SPY,0.7747508475829561,0.18002501041237892,0.2304741898571491,289,207729.2522626458,RSI(10/40/80) SL=15% TP=20%
SPY,0.702429696024457,0.16954643950866874,0.2304741898571491,289,201458.7423726478,RSI(10/40/80) SL=15% TP=25%
SPY,0.7065307498239058,0.17392459155777057,0.2304741898571491,289,204078.6841544119,RSI(10/40/80) SL=15% TP=30%
SPY,0.25754546068826467,0.07265980591018537,0.11970573728925417,44,143480.55052085695,RSI(14/25/65) SL=5% TP=8%
SPY,0.14964963113841892,0.04070003560051613,0.18348571895224638,44,124355.41812919776,RSI(14/25/65) SL=5% TP=10%
SPY,0.14964963113841892,0.04070003560051613,0.18348571895224638,44,124355.41812919776,RSI(14/25/65) SL=5% TP=12%
SPY,0.14964963113841892,0.04070003560051613,0.18348571895224638,44,124355.41812919776,RSI(14/25/65) SL=5% TP=15%
SPY,0.14964963113841892,0.04070003560051613,0.18348571895224638,44,124355.41812919776,RSI(14/25/65) SL=5% TP=20%
SPY,0.14964963113841892,0.04070003560051613,0.18348571895224638,44,124355.41812919776,RSI(14/25/65) SL=5% TP=25%
SPY,0.14964963113841892,0.04070003560051613,0.18348571895224638,44,124355.41812919776,RSI(14/25/65) SL=5% TP=30%
SPY,0.09801944324686553,0.02765577260141588,0.2043528859892627,44,116549.56550910124,RSI(14/25/65) SL=8% TP=10%
SPY,0.09801944324686553,0.02765577260141588,0.2043528859892627,44,116549.56550910124,RSI(14/25/65) SL=8% TP=12%
SPY,0.09801944324686553,0.02765577260141588,0.2043528859892627,44,116549.56550910124,RSI(14/25/65) SL=8% TP=15%
SPY,0.09801944324686553,0.02765577260141588,0.2043528859892627,44,116549.56550910124,RSI(14/25/65) SL=8% TP=20%
SPY,0.09801944324686553,0.02765577260141588,0.2043528859892627,44,116549.56550910124,RSI(14/25/65) SL=8% TP=25%
SPY,0.09801944324686553,0.02765577260141588,0.2043528859892627,44,116549.56550910124,RSI(14/25/65) SL=8% TP=30%
SPY,0.26490947477526117,0.06449844387017895,0.11970573728925417,44,138596.68783977375,RSI(14/25/65) SL=10% TP=12%
SPY,0.26490947477526117,0.06449844387017895,0.11970573728925417,44,138596.68783977375,RSI(14/25/65) SL=10% TP=15%
SPY,0.26490947477526117,0.06449844387017895,0.11970573728925417,44,138596.68783977375,RSI(14/25/65) SL=10% TP=20%
SPY,0.26490947477526117,0.06449844387017895,0.11970573728925417,44,138596.68783977375,RSI(14/25/65) SL=10% TP=25%
SPY,0.26490947477526117,0.06449844387017895,0.11970573728925417,44,138596.68783977375,RSI(14/25/65) SL=10% TP=30%
SPY,0.1665813119245676,0.040347998844953964,0.20348655463936158,44,124144.75486436134,RSI(14/25/65) SL=12% TP=15%
SPY,0.1665813119245676,0.040347998844953964,0.20348655463936158,44,124144.75486436134,RSI(14/25/65) SL=12% TP=20%
SPY,0.1665813119245676,0.040347998844953964,0.20348655463936158,44,124144.75486436134,RSI(14/25/65) SL=12% TP=25%
SPY,0.1665813119245676,0.040347998844953964,0.20348655463936158,44,124144.75486436134,RSI(14/25/65) SL=12% TP=30%
SPY,0.1665813119245676,0.040347998844953964,0.20348655463936158,44,124144.75486436134,RSI(14/25/65) SL=15% TP=20%
SPY,0.1665813119245676,0.040347998844953964,0.20348655463936158,44,124144.75486436134,RSI(14/25/65) SL=15% TP=25%
SPY,0.1665813119245676,0.040347998844953964,0.20348655463936158,44,124144.75486436134,RSI(14/25/65) SL=15% TP=30%
SPY,0.3197199263377306,0.0910711333336075,0.11970573728925417,44,154498.1226456667,RSI(14/25/70) SL=5% TP=8%
SPY,0.23183345420532755,0.06507761604627087,0.18348571895224638,44,138943.27182451446,RSI(14/25/70) SL=5% TP=10%
SPY,0.24140408405617306,0.06874557542840497,0.18348571895224638,44,141138.2252960455,RSI(14/25/70) SL=5% TP=12%
SPY,0.2371697949072669,0.06641100209180016,0.18348571895224638,44,139741.1869660455,RSI(14/25/70) SL=5% TP=15%
SPY,0.2371697949072669,0.06641100209180016,0.18348571895224638,44,139741.1869660455,RSI(14/25/70) SL=5% TP=20%
SPY,0.2371697949072669,0.06641100209180016,0.18348571895224638,44,139741.1869660455,RSI(14/25/70) SL=5% TP=25%
SPY,0.2371697949072669,0.06641100209180016,0.18348571895224638,44,139741.1869660455,RSI(14/25/70) SL=5% TP=30%
SPY,0.08624413076174936,0.025854647949875412,0.2043528859892627,44,115471.74964619528,RSI(14/25/70) SL=8% TP=10%
SPY,0.10355133600730573,0.03149157679897011,0.2043528859892627,44,118844.95944954242,RSI(14/25/70) SL=8% TP=12%
SPY,0.09852984344223159,0.02952575731286838,0.2043528859892627,44,117668.58810627203,RSI(14/25/70) SL=8% TP=15%
SPY,0.09852984344223159,0.02952575731286838,0.2043528859892627,44,117668.58810627203,RSI(14/25/70) SL=8% TP=20%
SPY,0.09852984344223159,0.02952575731286838,0.2043528859892627,44,117668.58810627203,RSI(14/25/70) SL=8% TP=25%
SPY,0.09852984344223159,0.02952575731286838,0.2043528859892627,44,117668.58810627203,RSI(14/25/70) SL=8% TP=30%
SPY,0.24664362507884616,0.06317848541876175,0.11970573728925417,44,137806.80794106855,RSI(14/25/70) SL=10% TP=12%
SPY,0.24664362507884616,0.06317848541876175,0.11970573728925417,44,137806.80794106855,RSI(14/25/70) SL=10% TP=15%
SPY,0.24664362507884616,0.06317848541876175,0.11970573728925417,44,137806.80794106855,RSI(14/25/70) SL=10% TP=20%
SPY,0.24664362507884616,0.06317848541876175,0.11970573728925417,44,137806.80794106855,RSI(14/25/70) SL=10% TP=25%
SPY,0.24664362507884616,0.06317848541876175,0.11970573728925417,44,137806.80794106855,RSI(14/25/70) SL=10% TP=30%
SPY,0.1606301126773851,0.038117796832800775,0.20348655463936158,44,122810.17366026332,RSI(14/25/70) SL=12% TP=15%
SPY,0.1606301126773851,0.038117796832800775,0.20348655463936158,44,122810.17366026332,RSI(14/25/70) SL=12% TP=20%
SPY,0.1606301126773851,0.038117796832800775,0.20348655463936158,44,122810.17366026332,RSI(14/25/70) SL=12% TP=25%
SPY,0.1606301126773851,0.038117796832800775,0.20348655463936158,44,122810.17366026332,RSI(14/25/70) SL=12% TP=30%
SPY,0.1606301126773851,0.038117796832800775,0.20348655463936158,44,122810.17366026332,RSI(14/25/70) SL=15% TP=20%
SPY,0.1606301126773851,0.038117796832800775,0.20348655463936158,44,122810.17366026332,RSI(14/25/70) SL=15% TP=25%
SPY,0.1606301126773851,0.038117796832800775,0.20348655463936158,44,122810.17366026332,RSI(14/25/70) SL=15% TP=30%
SPY,0.23412565779394154,0.06813598473377261,0.11970573728925417,44,140773.4384835433,RSI(14/25/75) SL=5% TP=8%
SPY,0.16705745882848105,0.048313730193169466,0.18348571895224638,44,128911.5496552776,RSI(14/25/75) SL=5% TP=10%
SPY,0.1928822693284887,0.05780985698718866,0.18348571895224638,44,134594.15251455575,RSI(14/25/75) SL=5% TP=12%
SPY,0.19592197629953886,0.05818749657406014,0.18348571895224638,44,134820.13683876296,RSI(14/25/75) SL=5% TP=15%
SPY,0.19592197629953886,0.05818749657406014,0.18348571895224638,44,134820.13683876296,RSI(14/25/75) SL=5% TP=20%
SPY,0.19592197629953886,0.05818749657406014,0.18348571895224638,44,134820.13683876296,RSI(14/25/75) SL=5% TP=25%
SPY,0.19592197629953886,0.05818749657406014,0.18348571895224638,44,134820.13683876296,RSI(14/25/75) SL=5% TP=30%
SPY,0.08781798126664729,0.026247613474465595,0.2043528859892627,44,115706.90520614847,RSI(14/25/75) SL=8% TP=10%
SPY,0.11338329640808023,0.03479697347502975,0.2043528859892627,44,120822.95079378765,RSI(14/25/75) SL=8% TP=12%
SPY,0.12309440338695812,0.03778055724300755,0.2043528859892627,44,122608.36520732357,RSI(14/25/75) SL=8% TP=15%
SPY,0.12309440338695812,0.03778055724300755,0.2043528859892627,44,122608.36520732357,RSI(14/25/75) SL=8% TP=20%
SPY,0.12309440338695812,0.03778055724300755,0.2043528859892627,44,122608.36520732357,RSI(14/25/75) SL=8% TP=25%
SPY,0.12309440338695812,0.03778055724300755,0.2043528859892627,44,122608.36520732357,RSI(14/25/75) SL=8% TP=30%
SPY,0.27465715485547754,0.071759800778253,0.11970573728925417,44,142941.97602127204,RSI(14/25/75) SL=10% TP=12%
SPY,0.28961977945063405,0.0780162601959818,0.11970573728925417,44,146685.92078394466,RSI(14/25/75) SL=10% TP=15%
SPY,0.3171057537855215,0.08936962996019954,0.11970573728925417,44,153479.92142062733,RSI(14/25/75) SL=10% TP=20%
SPY,0.3298985433442384,0.09900977436883482,0.11970573728925417,44,159248.70624928686,RSI(14/25/75) SL=10% TP=25%
SPY,0.3298985433442384,0.09900977436883482,0.11970573728925417,44,159248.70624928686,RSI(14/25/75) SL=10% TP=30%
SPY,0.21858129879920601,0.04825442346450494,0.20348655463936158,44,128876.05975574342,RSI(14/25/75) SL=12% TP=15%
SPY,0.21858129879920601,0.04825442346450494,0.20348655463936158,44,128876.05975574342,RSI(14/25/75) SL=12% TP=20%
SPY,0.21858129879920601,0.04825442346450494,0.20348655463936158,44,128876.05975574342,RSI(14/25/75) SL=12% TP=25%
SPY,0.21858129879920601,0.04825442346450494,0.20348655463936158,44,128876.05975574342,RSI(14/25/75) SL=12% TP=30%
SPY,0.21858129879920601,0.04825442346450494,0.20348655463936158,44,128876.05975574342,RSI(14/25/75) SL=15% TP=20%
SPY,0.21858129879920601,0.04825442346450494,0.20348655463936158,44,128876.05975574342,RSI(14/25/75) SL=15% TP=25%
SPY,0.21858129879920601,0.04825442346450494,0.20348655463936158,44,128876.05975574342,RSI(14/25/75) SL=15% TP=30%
SPY,0.21676699295864446,0.0616512141885386,0.12070107968094852,44,136892.86944298263,RSI(14/25/80) SL=5% TP=8%
SPY,0.09597073596119347,0.024292523960981555,0.18348571895224638,44,114536.9548147461,RSI(14/25/80) SL=5% TP=10%
SPY,0.13816018215260767,0.037119083646614544,0.18348571895224638,44,122212.53100757727,RSI(14/25/80) SL=5% TP=12%
SPY,0.10649553555779134,0.030340516123716035,0.18348571895224638,44,118156.15012482689,RSI(14/25/80) SL=5% TP=15%
SPY,0.11244727442199826,0.0303305553969928,0.18348571895224638,44,118150.1894994703,RSI(14/25/80) SL=5% TP=20%
SPY,0.11244727442199826,0.0303305553969928,0.18348571895224638,44,118150.1894994703,RSI(14/25/80) SL=5% TP=25%
SPY,0.11244727442199826,0.0303305553969928,0.18348571895224638,44,118150.1894994703,RSI(14/25/80) SL=5% TP=30%
SPY,0.07016105950286805,0.018953127921732035,0.23964344845900923,44,111341.79242300474,RSI(14/25/80) SL=8% TP=10%
SPY,0.11102507086605444,0.031447381896493654,0.22708271258401072,44,118818.5126586954,RSI(14/25/80) SL=8% TP=12%
SPY,0.0825567087054103,0.024577564525297687,0.23120065115562946,44,114707.52670799561,RSI(14/25/80) SL=8% TP=15%
SPY,0.0954070123759534,0.02735742859350278,0.23120065115562946,44,116371.03266627072,RSI(14/25/80) SL=8% TP=20%
SPY,0.0954070123759534,0.02735742859350278,0.23120065115562946,44,116371.03266627072,RSI(14/25/80) SL=8% TP=25%
SPY,0.0954070123759534,0.02735742859350278,0.23120065115562946,44,116371.03266627072,RSI(14/25/80) SL=8% TP=30%
SPY,0.19579024936070322,0.04699805096414557,0.1250370220708941,44,128124.23049759187,RSI(14/25/80) SL=10% TP=12%
SPY,0.22804223820772687,0.05810486570203761,0.12503702207089404,44,134770.68947566376,RSI(14/25/80) SL=10% TP=15%
SPY,0.2597403834163862,0.06950717635971822,0.12503702207089404,44,141593.9769644663,RSI(14/25/80) SL=10% TP=20%
SPY,0.28099969264385005,0.08167413930108457,0.12503702207089404,44,148874.84208969664,RSI(14/25/80) SL=10% TP=25%
SPY,0.28099969264385005,0.08167413930108457,0.12503702207089404,44,148874.84208969664,RSI(14/25/80) SL=10% TP=30%
SPY,0.13918383298468487,0.034221359902591945,0.20348655463936158,44,120478.49632266216,RSI(14/25/80) SL=12% TP=15%
SPY,0.14171500535990553,0.03505110790115299,0.20348655463936158,44,120975.02806148362,RSI(14/25/80) SL=12% TP=20%
SPY,0.14171500535990553,0.03505110790115299,0.20348655463936158,44,120975.02806148362,RSI(14/25/80) SL=12% TP=25%
SPY,0.14171500535990553,0.03505110790115299,0.20348655463936158,44,120975.02806148362,RSI(14/25/80) SL=12% TP=30%
SPY,0.09071478056000014,0.023287789107262265,0.23410024943567945,44,113935.70871974266,RSI(14/25/80) SL=15% TP=20%
SPY,0.09071478056000014,0.023287789107262265,0.23410024943567945,44,113935.70871974266,RSI(14/25/80) SL=15% TP=25%
SPY,0.09071478056000014,0.023287789107262265,0.23410024943567945,44,113935.70871974266,RSI(14/25/80) SL=15% TP=30%
SPY,0.1231772647445528,0.03320433750914259,0.20387292954827776,82,119869.897207852,RSI(14/30/65) SL=5% TP=8%
SPY,0.13581438265254597,0.03606438814128013,0.20387292954827776,82,121581.38782422636,RSI(14/30/65) SL=5% TP=10%
SPY,0.13581438265254597,0.03606438814128013,0.20387292954827776,82,121581.38782422636,RSI(14/30/65) SL=5% TP=12%
SPY,0.13581438265254597,0.03606438814128013,0.20387292954827776,82,121581.38782422636,RSI(14/30/65) SL=5% TP=15%
SPY,0.13581438265254597,0.03606438814128013,0.20387292954827776,82,121581.38782422636,RSI(14/30/65) SL=5% TP=20%
SPY,0.13581438265254597,0.03606438814128013,0.20387292954827776,82,121581.38782422636,RSI(14/30/65) SL=5% TP=25%
SPY,0.13581438265254597,0.03606438814128013,0.20387292954827776,82,121581.38782422636,RSI(14/30/65) SL=5% TP=30%
SPY,0.01687125522854842,0.005068233546901881,0.20387292954827776,82,103032.89531298733,RSI(14/30/65) SL=8% TP=10%
SPY,0.01687125522854842,0.005068233546901881,0.20387292954827776,82,103032.89531298733,RSI(14/30/65) SL=8% TP=12%
SPY,0.01687125522854842,0.005068233546901881,0.20387292954827776,82,103032.89531298733,RSI(14/30/65) SL=8% TP=15%
SPY,0.01687125522854842,0.005068233546901881,0.20387292954827776,82,103032.89531298733,RSI(14/30/65) SL=8% TP=20%
SPY,0.01687125522854842,0.005068233546901881,0.20387292954827776,82,103032.89531298733,RSI(14/30/65) SL=8% TP=25%
SPY,0.01687125522854842,0.005068233546901881,0.20387292954827776,82,103032.89531298733,RSI(14/30/65) SL=8% TP=30%
SPY,0.04630792863028175,0.012644802217766156,0.2304173261830119,82,107566.81021602832,RSI(14/30/65) SL=10% TP=12%
SPY,0.04630792863028175,0.012644802217766156,0.2304173261830119,82,107566.81021602832,RSI(14/30/65) SL=10% TP=15%
SPY,0.04630792863028175,0.012644802217766156,0.2304173261830119,82,107566.81021602832,RSI(14/30/65) SL=10% TP=20%
SPY,0.04630792863028175,0.012644802217766156,0.2304173261830119,82,107566.81021602832,RSI(14/30/65) SL=10% TP=25%
SPY,0.04630792863028175,0.012644802217766156,0.2304173261830119,82,107566.81021602832,RSI(14/30/65) SL=10% TP=30%
SPY,0.13323582987271246,0.035850261049408874,0.20348655463936158,82,121453.25145337642,RSI(14/30/65) SL=12% TP=15%
SPY,0.13323582987271246,0.035850261049408874,0.20348655463936158,82,121453.25145337642,RSI(14/30/65) SL=12% TP=20%
SPY,0.13323582987271246,0.035850261049408874,0.20348655463936158,82,121453.25145337642,RSI(14/30/65) SL=12% TP=25%
SPY,0.13323582987271246,0.035850261049408874,0.20348655463936158,82,121453.25145337642,RSI(14/30/65) SL=12% TP=30%
SPY,0.1520076444288754,0.03548875235536092,0.20348655463936158,82,121236.92006027153,RSI(14/30/65) SL=15% TP=20%
SPY,0.1520076444288754,0.03548875235536092,0.20348655463936158,82,121236.92006027153,RSI(14/30/65) SL=15% TP=25%
SPY,0.1520076444288754,0.03548875235536092,0.20348655463936158,82,121236.92006027153,RSI(14/30/65) SL=15% TP=30%
SPY,0.10725311407630447,0.029242126275645285,0.23265502491843582,82,117498.85969193376,RSI(14/30/70) SL=5% TP=8%
SPY,0.14439150150906613,0.03953983925026283,0.22050675133682482,82,123661.14190055411,RSI(14/30/70) SL=5% TP=10%
SPY,0.1542514991200499,0.04280436613007044,0.22465972522840122,82,125614.67623974057,RSI(14/30/70) SL=5% TP=12%
SPY,0.14904254444966555,0.04072656847305429,0.22465972522840122,82,124371.29573704995,RSI(14/30/70) SL=5% TP=15%
SPY,0.14904254444966555,0.04072656847305429,0.22465972522840122,82,124371.29573704995,RSI(14/30/70) SL=5% TP=20%
SPY,0.14904254444966555,0.04072656847305429,0.22465972522840122,82,124371.29573704995,RSI(14/30/70) SL=5% TP=25%
SPY,0.14904254444966555,0.04072656847305429,0.22465972522840122,82,124371.29573704995,RSI(14/30/70) SL=5% TP=30%
SPY,-0.0018611654640739944,-0.0005446995958282262,0.24902828594103338,82,99674.04484503613,RSI(14/30/70) SL=8% TP=10%
SPY,0.003482428400808325,0.0010272077684197148,0.2530293031751762,82,100614.69417253052,RSI(14/30/70) SL=8% TP=12%
SPY,-0.002193625983385654,-0.0006370641309408913,0.2530293031751762,82,99618.77273434172,RSI(14/30/70) SL=8% TP=15%
SPY,-0.002193625983385654,-0.0006370641309408913,0.2530293031751762,82,99618.77273434172,RSI(14/30/70) SL=8% TP=20%
SPY,-0.002193625983385654,-0.0006370641309408913,0.2530293031751762,82,99618.77273434172,RSI(14/30/70) SL=8% TP=25%
SPY,-0.002193625983385654,-0.0006370641309408913,0.2530293031751762,82,99618.77273434172,RSI(14/30/70) SL=8% TP=30%
SPY,0.06410120028439993,0.018607868984437614,0.2420810378134127,82,111135.18509068727,RSI(14/30/70) SL=10% TP=12%
SPY,0.05857491699873078,0.016769577201136948,0.2420810378134127,82,110035.12794417243,RSI(14/30/70) SL=10% TP=15%
SPY,0.05857491699873078,0.016769577201136948,0.2420810378134127,82,110035.12794417243,RSI(14/30/70) SL=10% TP=20%
SPY,0.05857491699873078,0.016769577201136948,0.2420810378134127,82,110035.12794417243,RSI(14/30/70) SL=10% TP=25%
SPY,0.05857491699873078,0.016769577201136948,0.2420810378134127,82,110035.12794417243,RSI(14/30/70) SL=10% TP=30%
SPY,0.14096581581913212,0.03988048405280622,0.20348655463936158,82,123864.98807604435,RSI(14/30/70) SL=12% TP=15%
SPY,0.14096581581913212,0.03988048405280622,0.20348655463936158,82,123864.98807604435,RSI(14/30/70) SL=12% TP=20%
SPY,0.14096581581913212,0.03988048405280622,0.20348655463936158,82,123864.98807604435,RSI(14/30/70) SL=12% TP=25%
SPY,0.14096581581913212,0.03988048405280622,0.20348655463936158,82,123864.98807604435,RSI(14/30/70) SL=12% TP=30%
SPY,0.15243113301755495,0.035522378878682453,0.20348655463936158,82,121257.04259883061,RSI(14/30/70) SL=15% TP=20%
SPY,0.15243113301755495,0.035522378878682453,0.20348655463936158,82,121257.04259883061,RSI(14/30/70) SL=15% TP=25%
SPY,0.15243113301755495,0.035522378878682453,0.20348655463936158,82,121257.04259883061,RSI(14/30/70) SL=15% TP=30%
SPY,0.09507306136553648,0.02656465562249858,0.22907700938761322,82,115896.62725346343,RSI(14/30/75) SL=5% TP=8%
SPY,0.14954860334211204,0.04255585673460985,0.21687209021248288,82,125465.96506182208,RSI(14/30/75) SL=5% TP=10%
SPY,0.1763585515798809,0.05179816834863569,0.22104442880385614,82,130996.68169434232,RSI(14/30/75) SL=5% TP=12%
SPY,0.17894746149041518,0.05216571427713531,0.22104442880385614,82,131216.62584520638,RSI(14/30/75) SL=5% TP=15%
SPY,0.17894746149041518,0.05216571427713531,0.22104442880385614,82,131216.62584520638,RSI(14/30/75) SL=5% TP=20%
SPY,0.17894746149041518,0.05216571427713531,0.22104442880385614,82,131216.62584520638,RSI(14/30/75) SL=5% TP=25%
SPY,0.17894746149041518,0.05216571427713531,0.22104442880385614,82,131216.62584520638,RSI(14/30/75) SL=5% TP=30%
SPY,0.016270374268005237,0.004592036650358985,0.20387292954827776,82,102747.93304315132,RSI(14/30/75) SL=8% TP=10%
SPY,0.02183842262936261,0.006212420701822641,0.20387292954827776,82,103717.5914358526,RSI(14/30/75) SL=8% TP=12%
SPY,0.019458748944801908,0.005472359227614405,0.20387292954827776,82,103274.72925208036,RSI(14/30/75) SL=8% TP=15%
SPY,0.019458748944801908,0.005472359227614405,0.20387292954827776,82,103274.72925208036,RSI(14/30/75) SL=8% TP=20%
SPY,0.019458748944801908,0.005472359227614405,0.20387292954827776,82,103274.72925208036,RSI(14/30/75) SL=8% TP=25%
SPY,0.019458748944801908,0.005472359227614405,0.20387292954827776,82,103274.72925208036,RSI(14/30/75) SL=8% TP=30%
SPY,0.08820219387798409,0.02568677249853915,0.2420810378134127,82,115371.2908443639,RSI(14/30/75) SL=10% TP=12%
SPY,0.08995579640212689,0.026010477249431483,0.2420810378134127,82,115564.99987783439,RSI(14/30/75) SL=10% TP=15%
SPY,0.08995579640212689,0.026010477249431483,0.2420810378134127,82,115564.99987783439,RSI(14/30/75) SL=10% TP=20%
SPY,0.08995579640212689,0.026010477249431483,0.2420810378134127,82,115564.99987783439,RSI(14/30/75) SL=10% TP=25%
SPY,0.08995579640212689,0.026010477249431483,0.2420810378134127,82,115564.99987783439,RSI(14/30/75) SL=10% TP=30%
SPY,0.18161331553996535,0.05182921291190608,0.20348655463936158,82,131015.25915521999,RSI(14/30/75) SL=12% TP=15%
SPY,0.18161331553996535,0.05182921291190608,0.20348655463936158,82,131015.25915521999,RSI(14/30/75) SL=12% TP=20%
SPY,0.18161331553996535,0.05182921291190608,0.20348655463936158,82,131015.25915521999,RSI(14/30/75) SL=12% TP=25%
SPY,0.18161331553996535,0.05182921291190608,0.20348655463936158,82,131015.25915521999,RSI(14/30/75) SL=12% TP=30%
SPY,0.22157242007659572,0.04721953032377242,0.20348655463936158,82,128256.7665588289,RSI(14/30/75) SL=15% TP=20%
SPY,0.22157242007659572,0.04721953032377242,0.20348655463936158,82,128256.7665588289,RSI(14/30/75) SL=15% TP=25%
SPY,0.22157242007659572,0.04721953032377242,0.20348655463936158,82,128256.7665588289,RSI(14/30/75) SL=15% TP=30%
SPY,0.137996666443868,0.03913753028921349,0.22785827215411614,82,123420.39510957696,RSI(14/30/80) SL=5% TP=8%
SPY,0.10495558222126951,0.028070349577156057,0.2803513334229322,82,116797.65363585371,RSI(14/30/80) SL=5% TP=10%
SPY,0.146224703828047,0.04115007635988081,0.268463072836041,82,124624.72823440487,RSI(14/30/80) SL=5% TP=12%
SPY,0.14193651747948036,0.04027446211502294,0.27236054566784035,82,124100.74955137087,RSI(14/30/80) SL=5% TP=15%
SPY,0.12147380030750393,0.034227558012165434,0.27236054566784035,82,120482.2053501371,RSI(14/30/80) SL=5% TP=20%
SPY,0.12147380030750393,0.034227558012165434,0.27236054566784035,82,120482.2053501371,RSI(14/30/80) SL=5% TP=25%
SPY,0.12147380030750393,0.034227558012165434,0.27236054566784035,82,120482.2053501371,RSI(14/30/80) SL=5% TP=30%
SPY,-0.006406548245250043,-0.0017138138324140004,0.23854080389230847,82,98974.43203996813,RSI(14/30/80) SL=8% TP=10%
SPY,0.012782062974203954,0.003514134918976273,0.2259618528429448,82,102102.90295945088,RSI(14/30/80) SL=8% TP=12%
SPY,0.006958496467212759,0.0018804339382457102,0.2300857631163692,82,101125.27554717244,RSI(14/30/80) SL=8% TP=15%
SPY,0.006958496467212759,0.0018804339382457102,0.2300857631163692,82,101125.27554717244,RSI(14/30/80) SL=8% TP=20%
SPY,0.006958496467212759,0.0018804339382457102,0.2300857631163692,82,101125.27554717244,RSI(14/30/80) SL=8% TP=25%
SPY,0.006958496467212759,0.0018804339382457102,0.2300857631163692,82,101125.27554717244,RSI(14/30/80) SL=8% TP=30%
SPY,0.018113164249039568,0.004883652059942466,0.2882190857356852,82,102922.4394072989,RSI(14/30/80) SL=10% TP=12%
SPY,0.02431917770123584,0.00654461967118058,0.2920113027414534,82,103916.38351751599,RSI(14/30/80) SL=10% TP=15%
SPY,0.03705521020505751,0.01021199886899113,0.2920113027414534,82,106110.9897993804,RSI(14/30/80) SL=10% TP=20%
SPY,0.03705521020505751,0.01021199886899113,0.2920113027414534,82,106110.9897993804,RSI(14/30/80) SL=10% TP=25%
SPY,0.03705521020505751,0.01021199886899113,0.2920113027414534,82,106110.9897993804,RSI(14/30/80) SL=10% TP=30%
SPY,0.06681720112114391,0.016696589838547344,0.20348655463936158,82,109991.45137957516,RSI(14/30/80) SL=12% TP=15%
SPY,0.06681720112114391,0.016696589838547344,0.20348655463936158,82,109991.45137957516,RSI(14/30/80) SL=12% TP=20%
SPY,0.06681720112114391,0.016696589838547344,0.20348655463936158,82,109991.45137957516,RSI(14/30/80) SL=12% TP=25%
SPY,0.06681720112114391,0.016696589838547344,0.20348655463936158,82,109991.45137957516,RSI(14/30/80) SL=12% TP=30%
SPY,0.07177211605098884,0.01626019465834336,0.2120688743267386,82,109730.306962215,RSI(14/30/80) SL=15% TP=20%
SPY,0.07177211605098884,0.01626019465834336,0.2120688743267386,82,109730.306962215,RSI(14/30/80) SL=15% TP=25%
SPY,0.07177211605098884,0.01626019465834336,0.2120688743267386,82,109730.306962215,RSI(14/30/80) SL=15% TP=30%
SPY,0.03719995385078028,0.01119864575027514,0.3559612664467676,160,106701.41182199004,RSI(14/35/65) SL=5% TP=8%
SPY,0.0496401883553635,0.014846682624638289,0.3559612664467676,160,108884.44341188672,RSI(14/35/65) SL=5% TP=10%
SPY,0.0496401883553635,0.014846682624638289,0.3559612664467676,160,108884.44341188672,RSI(14/35/65) SL=5% TP=12%
SPY,0.05777752380761693,0.017405509383888653,0.3559612664467676,160,110415.67783766035,RSI(14/35/65) SL=5% TP=15%
SPY,0.08344506282390225,0.026686220435155103,0.3559612664467676,160,115969.37318103727,RSI(14/35/65) SL=5% TP=20%
SPY,0.08344506282390225,0.026686220435155103,0.3559612664467676,160,115969.37318103727,RSI(14/35/65) SL=5% TP=25%
SPY,0.08344506282390225,0.026686220435155103,0.3559612664467676,160,115969.37318103727,RSI(14/35/65) SL=5% TP=30%
SPY,0.14559373176514723,0.04459947713332918,0.3280691029674749,160,126688.89345915095,RSI(14/35/65) SL=8% TP=10%
SPY,0.14559373176514723,0.04459947713332918,0.3280691029674749,160,126688.89345915095,RSI(14/35/65) SL=8% TP=12%
SPY,0.15432742484450598,0.04757671539184529,0.3280691029674749,160,128470.5106392471,RSI(14/35/65) SL=8% TP=15%
SPY,0.179053386449097,0.05837497983400636,0.3280691029674749,160,134932.3292022546,RSI(14/35/65) SL=8% TP=20%
SPY,0.179053386449097,0.05837497983400636,0.3280691029674749,160,134932.3292022546,RSI(14/35/65) SL=8% TP=25%
SPY,0.179053386449097,0.05837497983400636,0.3280691029674749,160,134932.3292022546,RSI(14/35/65) SL=8% TP=30%
SPY,0.027503288763707723,0.008499488074161602,0.3280691029674749,160,105086.20159358559,RSI(14/35/65) SL=10% TP=12%
SPY,0.03526952448590835,0.010969054673758097,0.3280691029674749,160,106564.02160636,RSI(14/35/65) SL=10% TP=15%
SPY,0.06052991266276364,0.01992602448418327,0.3280691029674749,160,111923.9860802176,RSI(14/35/65) SL=10% TP=20%
SPY,0.06052991266276364,0.01992602448418327,0.3280691029674749,160,111923.9860802176,RSI(14/35/65) SL=10% TP=25%
SPY,0.06052991266276364,0.01992602448418327,0.3280691029674749,160,111923.9860802176,RSI(14/35/65) SL=10% TP=30%
SPY,0.1346087787951098,0.03849502363440216,0.35525551648043185,160,123035.9109685232,RSI(14/35/65) SL=12% TP=15%
SPY,0.15982666993147118,0.04860769802871365,0.35525551648043185,160,129087.46374099214,RSI(14/35/65) SL=12% TP=20%
SPY,0.16655202846946898,0.05187331969137763,0.35525551648043185,160,131041.65321214186,RSI(14/35/65) SL=12% TP=25%
SPY,0.16655202846946898,0.05187331969137763,0.35525551648043185,160,131041.65321214186,RSI(14/35/65) SL=12% TP=30%
SPY,0.14519355761240954,0.03831209903037553,0.3392091922738496,160,122926.44656262154,RSI(14/35/65) SL=15% TP=20%
SPY,0.14519355761240954,0.03831209903037553,0.3392091922738496,160,122926.44656262154,RSI(14/35/65) SL=15% TP=25%
SPY,0.14519355761240954,0.03831209903037553,0.3392091922738496,160,122926.44656262154,RSI(14/35/65) SL=15% TP=30%
SPY,0.0495230544313822,0.013772196305180664,0.3559612664467676,160,108241.45715405256,RSI(14/35/70) SL=5% TP=8%
SPY,0.08591143571915016,0.024022859896023208,0.3559612664467676,160,114375.58441396945,RSI(14/35/70) SL=5% TP=10%
SPY,0.09186067157717312,0.02582661757145415,0.3559612664467676,160,115454.97591180669,RSI(14/35/70) SL=5% TP=12%
SPY,0.09487814661069813,0.02660325215276852,0.3559612664467676,160,115919.72390729164,RSI(14/35/70) SL=5% TP=15%
SPY,0.12269554319553741,0.03634659190120433,0.3559612664467676,160,121750.26213770482,RSI(14/35/70) SL=5% TP=20%
SPY,0.12269554319553741,0.03634659190120433,0.3559612664467676,160,121750.26213770482,RSI(14/35/70) SL=5% TP=25%
SPY,0.12269554319553741,0.03634659190120433,0.3559612664467676,160,121750.26213770482,RSI(14/35/70) SL=5% TP=30%
SPY,0.11412269754611878,0.03290220374122184,0.3280691029674749,160,119689.09652450893,RSI(14/35/70) SL=8% TP=10%
SPY,0.12409666048426152,0.03606187271094857,0.3280691029674749,160,121579.882558774,RSI(14/35/70) SL=8% TP=12%
SPY,0.12730029004203086,0.036879707892512464,0.3280691029674749,160,122069.28551663048,RSI(14/35/70) SL=8% TP=15%
SPY,0.15460470724124664,0.04713993351717461,0.3280691029674749,160,128209.13481900767,RSI(14/35/70) SL=8% TP=20%
SPY,0.15460470724124664,0.04713993351717461,0.3280691029674749,160,128209.13481900767,RSI(14/35/70) SL=8% TP=25%
SPY,0.15460470724124664,0.04713993351717461,0.3280691029674749,160,128209.13481900767,RSI(14/35/70) SL=8% TP=30%
SPY,0.04433517370023053,0.012071100735131776,0.3280691029674749,160,107223.49996372171,RSI(14/35/70) SL=10% TP=12%
SPY,0.04709631769895241,0.012792364390887899,0.3280691029674749,160,107655.11329422974,RSI(14/35/70) SL=10% TP=15%
SPY,0.07566242580781168,0.021841043158626602,0.3280691029674749,160,113069.95757270195,RSI(14/35/70) SL=10% TP=20%
SPY,0.07566242580781168,0.021841043158626602,0.3280691029674749,160,113069.95757270195,RSI(14/35/70) SL=10% TP=25%
SPY,0.07566242580781168,0.021841043158626602,0.3280691029674749,160,113069.95757270195,RSI(14/35/70) SL=10% TP=30%
SPY,0.12249254531579427,0.03433318994011417,0.35525551648043185,160,120545.41683717942,RSI(14/35/70) SL=12% TP=15%
SPY,0.1496889053161101,0.04424116347893574,0.35525551648043185,160,126474.47401834726,RSI(14/35/70) SL=12% TP=20%
SPY,0.15722733526102037,0.04744068239548263,0.35525551648043185,160,128389.10676682057,RSI(14/35/70) SL=12% TP=25%
SPY,0.15722733526102037,0.04744068239548263,0.35525551648043185,160,128389.10676682057,RSI(14/35/70) SL=12% TP=30%
SPY,0.11110350739285328,0.029247746978699658,0.3392091922738496,160,117502.22319201552,RSI(14/35/70) SL=15% TP=20%
SPY,0.11110350739285328,0.029247746978699658,0.3392091922738496,160,117502.22319201552,RSI(14/35/70) SL=15% TP=25%
SPY,0.11110350739285328,0.029247746978699658,0.3392091922738496,160,117502.22319201552,RSI(14/35/70) SL=15% TP=30%
SPY,0.0852157461443914,0.0234277576920377,0.3559612664467676,160,114019.46769825113,RSI(14/35/75) SL=5% TP=8%
SPY,0.14512679768719108,0.04058182347604772,0.3559612664467676,160,124284.6784928095,RSI(14/35/75) SL=5% TP=10%
SPY,0.16076975930587922,0.04559799141173103,0.3559612664467676,160,127286.41708289302,RSI(14/35/75) SL=5% TP=12%
SPY,0.17234032146475123,0.04895142988109478,0.3559612664467676,160,129293.15724630591,RSI(14/35/75) SL=5% TP=15%
SPY,0.2004280357669328,0.059818839807003484,0.3559612664467676,160,135796.35334482588,RSI(14/35/75) SL=5% TP=20%
SPY,0.2160664201611864,0.06669761373071774,0.3559612664467676,160,139912.69901028665,RSI(14/35/75) SL=5% TP=25%
SPY,0.23919463113224193,0.07685082442526119,0.3559612664467676,160,145988.50921956106,RSI(14/35/75) SL=5% TP=30%
SPY,0.15909723344579627,0.04582171791178855,0.3280691029674749,160,127420.29786149887,RSI(14/35/75) SL=8% TP=10%
SPY,0.18777631171718778,0.0552079932909935,0.3280691029674749,160,133037.16423921357,RSI(14/35/75) SL=8% TP=12%
SPY,0.19959385448486133,0.05871293870967315,0.3280691029674749,160,135134.56808499488,RSI(14/35/75) SL=8% TP=15%
SPY,0.22752919168292052,0.0700713336767217,0.3280691029674749,160,141931.57586686363,RSI(14/35/75) SL=8% TP=20%
SPY,0.24314382795308404,0.07726088773304826,0.3280691029674749,160,146233.89631009396,RSI(14/35/75) SL=8% TP=25%
SPY,0.26660893824642673,0.08787281624577928,0.3280691029674749,160,152584.20908675998,RSI(14/35/75) SL=8% TP=30%
SPY,0.10319979145812064,0.027581977258903115,0.3280691029674749,160,116505.4054390579,RSI(14/35/75) SL=10% TP=12%
SPY,0.11021302947402006,0.02947690195342218,0.3280691029674749,160,117639.35243879391,RSI(14/35/75) SL=10% TP=15%
SPY,0.13886050930916044,0.039364780736793475,0.3280691029674749,160,123556.38466312879,RSI(14/35/75) SL=10% TP=20%
SPY,0.15473709453517973,0.045623538177583876,0.3280691029674749,160,127301.70459198274,RSI(14/35/75) SL=10% TP=25%
SPY,0.1774675610926302,0.054861591889934204,0.3280691029674749,160,132829.87324207174,RSI(14/35/75) SL=10% TP=30%
SPY,0.19759913818075947,0.0558938626238124,0.35525551648043185,160,133447.59715742426,RSI(14/35/75) SL=12% TP=15%
SPY,0.22527482761701645,0.06686230336711327,0.35525551648043185,160,140011.2513800027,RSI(14/35/75) SL=12% TP=20%
SPY,0.24213642101066168,0.07517771118112776,0.35525551648043185,160,144987.29700838914,RSI(14/35/75) SL=12% TP=25%
SPY,0.2574958880409267,0.08322772386999029,0.35525551648043185,160,149804.52682378783,RSI(14/35/75) SL=12% TP=30%
SPY,0.2226476172627956,0.06200019023976781,0.3392091922738496,160,137101.7011434801,RSI(14/35/75) SL=15% TP=20%
SPY,0.24537394684485053,0.07068038029354722,0.3392091922738496,160,142296.0370962973,RSI(14/35/75) SL=15% TP=25%
SPY,0.2514334224939283,0.07362364380713513,0.3392091922738496,160,144057.32335760308,RSI(14/35/75) SL=15% TP=30%
SPY,0.08030313602606451,0.021255425646557448,0.3559612664467676,160,112719.51661706693,RSI(14/35/80) SL=5% TP=8%
SPY,0.13008814708949626,0.03461098980453775,0.3559612664467676,160,120711.65580366782,RSI(14/35/80) SL=5% TP=10%
SPY,0.13659244548336724,0.03704629359120121,0.3559612664467676,160,122168.97251409976,RSI(14/35/80) SL=5% TP=12%
SPY,0.1403636368667972,0.03813472051248614,0.3559612664467676,160,122820.30100509092,RSI(14/35/80) SL=5% TP=15%
SPY,0.18339543242640502,0.053010618679858956,0.3559612664467676,160,131722.227368741,RSI(14/35/80) SL=5% TP=20%
SPY,0.2000966574366585,0.05968301746288695,0.3559612664467676,160,135715.07552937837,RSI(14/35/80) SL=5% TP=25%
SPY,0.22430790948571414,0.06953161423803994,0.3559612664467676,160,141608.60090117628,RSI(14/35/80) SL=5% TP=30%
SPY,0.16031428911026288,0.04495942348749881,0.3280691029674749,160,126904.28992823341,RSI(14/35/80) SL=8% TP=10%
SPY,0.1987744719705058,0.05475077677740392,0.3280691029674749,160,132763.5600715576,RSI(14/35/80) SL=8% TP=12%
SPY,0.2009991903649378,0.055960218010972944,0.3280691029674749,160,133487.3050637092,RSI(14/35/80) SL=8% TP=15%
SPY,0.21600435559540165,0.06287592653482103,0.3280691029674749,160,137625.75286290084,RSI(14/35/80) SL=8% TP=20%
SPY,0.23268609781914118,0.06984736882105776,0.3280691029674749,160,141797.55245323616,RSI(14/35/80) SL=8% TP=25%
SPY,0.257103633743308,0.08013735990987551,0.3280691029674749,160,147955.2137873382,RSI(14/35/80) SL=8% TP=30%
SPY,0.10566995034117915,0.027929345264988054,0.3280691029674749,160,116713.27486492142,RSI(14/35/80) SL=10% TP=12%
SPY,0.11392977373196043,0.03010202610682283,0.3280691029674749,160,118013.43467027335,RSI(14/35/80) SL=10% TP=15%
SPY,0.14371736520370199,0.04002134742777362,0.3280691029674749,160,123949.28250836612,RSI(14/35/80) SL=10% TP=20%
SPY,0.16039695044283023,0.04630000713682037,0.3280691029674749,160,127706.51220727187,RSI(14/35/80) SL=10% TP=25%
SPY,0.18414681941196911,0.055567437003285834,0.3280691029674749,160,133252.2599210139,RSI(14/35/80) SL=10% TP=30%
SPY,0.15006052572575887,0.03821087651867608,0.35525551648043185,160,122865.87372625536,RSI(14/35/80) SL=12% TP=15%
SPY,0.18004376701689517,0.048309575064372084,0.35525551648043185,160,128909.06317344171,RSI(14/35/80) SL=12% TP=20%
SPY,0.1988299585066695,0.05596561285165255,0.35525551648043185,160,133490.5334048778,RSI(14/35/80) SL=12% TP=25%
SPY,0.21553142271583436,0.06337730001270166,0.35525551648043185,160,137925.78111871195,RSI(14/35/80) SL=12% TP=30%
SPY,0.19879590509228082,0.05453840284263695,0.3392091922738496,160,132636.47281218116,RSI(14/35/80) SL=15% TP=20%
SPY,0.22241389999903682,0.06293589012740669,0.3392091922738496,160,137661.63583814655,RSI(14/35/80) SL=15% TP=25%
SPY,0.2356792987835221,0.06888844671259245,0.3392091922738496,160,141223.72128674184,RSI(14/35/80) SL=15% TP=30%
SPY,0.10193635562023597,0.02747392623775047,0.4299264858540104,266,116440.74633592369,RSI(14/40/65) SL=5% TP=8%
SPY,0.09917873529937633,0.027310065911668818,0.4299264858540104,266,116342.6902360304,RSI(14/40/65) SL=5% TP=10%
SPY,0.09917873529937633,0.027310065911668818,0.4299264858540104,266,116342.6902360304,RSI(14/40/65) SL=5% TP=12%
SPY,0.10847781967618166,0.030253273551798028,0.4299264858540104,266,118103.94306194899,RSI(14/40/65) SL=5% TP=15%
SPY,0.10847781967618166,0.030253273551798028,0.4299264858540104,266,118103.94306194899,RSI(14/40/65) SL=5% TP=20%
SPY,0.10847781967618166,0.030253273551798028,0.4299264858540104,266,118103.94306194899,RSI(14/40/65) SL=5% TP=25%
SPY,0.10847781967618166,0.030253273551798028,0.4299264858540104,266,118103.94306194899,RSI(14/40/65) SL=5% TP=30%
SPY,0.17907001652337676,0.048216975626421396,0.38831820410173773,266,128853.65049390613,RSI(14/40/65) SL=8% TP=10%
SPY,0.21416967944071638,0.060783883902282614,0.38831820410173773,266,136373.84798596913,RSI(14/40/65) SL=8% TP=12%
SPY,0.21416967944071638,0.060783883902282614,0.38831820410173773,266,136373.84798596913,RSI(14/40/65) SL=8% TP=15%
SPY,0.24051811993163458,0.07199284159378365,0.38831820410173773,266,143081.43060453402,RSI(14/40/65) SL=8% TP=20%
SPY,0.24740831852242348,0.07561247905327101,0.38831820410173773,266,145247.46762394154,RSI(14/40/65) SL=8% TP=25%
SPY,0.24740831852242348,0.07561247905327101,0.38831820410173773,266,145247.46762394154,RSI(14/40/65) SL=8% TP=30%
SPY,0.05329314343489993,0.015597011934306374,0.4039505898478048,266,109333.44999878334,RSI(14/40/65) SL=10% TP=12%
SPY,0.062039473341656506,0.018362901606491948,0.4039505898478048,266,110988.59350102772,RSI(14/40/65) SL=10% TP=15%
SPY,0.062039473341656506,0.018362901606491948,0.4039505898478048,266,110988.59350102772,RSI(14/40/65) SL=10% TP=20%
SPY,0.062039473341656506,0.018362901606491948,0.4039505898478048,266,110988.59350102772,RSI(14/40/65) SL=10% TP=25%
SPY,0.062039473341656506,0.018362901606491948,0.4039505898478048,266,110988.59350102772,RSI(14/40/65) SL=10% TP=30%
SPY,0.2332741077448582,0.06279355177145766,0.35525551648043185,266,137576.45875847546,RSI(14/40/65) SL=12% TP=15%
SPY,0.25945362214270384,0.07410135549148548,0.35525551648043185,266,144343.19209569847,RSI(14/40/65) SL=12% TP=20%
SPY,0.2661189177905108,0.07775291267066735,0.35525551648043185,266,146528.33028070093,RSI(14/40/65) SL=12% TP=25%
SPY,0.2661189177905108,0.07775291267066735,0.35525551648043185,266,146528.33028070093,RSI(14/40/65) SL=12% TP=30%
SPY,0.18603324451584832,0.05028486630751712,0.3392091922738496,266,130091.1025364031,RSI(14/40/65) SL=15% TP=20%
SPY,0.18603324451584832,0.05028486630751712,0.3392091922738496,266,130091.1025364031,RSI(14/40/65) SL=15% TP=25%
SPY,0.18603324451584832,0.05028486630751712,0.3392091922738496,266,130091.1025364031,RSI(14/40/65) SL=15% TP=30%
SPY,0.09971618444257167,0.025792725847109958,0.4299264858540104,266,115434.69467358803,RSI(14/40/70) SL=5% TP=8%
SPY,0.10224254054568495,0.027057720807469363,0.4299264858540104,266,116191.68372129517,RSI(14/40/70) SL=5% TP=10%
SPY,0.10858582105522263,0.02889011923767087,0.4299264858540104,266,117288.21421047923,RSI(14/40/70) SL=5% TP=12%
SPY,0.1120735664522549,0.029887807481628042,0.4299264858540104,266,117885.24352472027,RSI(14/40/70) SL=5% TP=15%
SPY,0.1120735664522549,0.029887807481628042,0.4299264858540104,266,117885.24352472027,RSI(14/40/70) SL=5% TP=20%
SPY,0.1120735664522549,0.029887807481628042,0.4299264858540104,266,117885.24352472027,RSI(14/40/70) SL=5% TP=25%
SPY,0.1120735664522549,0.029887807481628042,0.4299264858540104,266,117885.24352472027,RSI(14/40/70) SL=5% TP=30%
SPY,0.14034009210538567,0.03812896144183767,0.38831820410173773,266,122816.8547040838,RSI(14/40/70) SL=8% TP=10%
SPY,0.18722445331899762,0.053538572963262,0.38831820410173773,266,132038.16191611075,RSI(14/40/70) SL=8% TP=12%
SPY,0.18111232048710738,0.05135452415878622,0.38831820410173773,266,130731.19937755937,RSI(14/40/70) SL=8% TP=15%
SPY,0.2093308421387646,0.062099696377824726,0.38831820410173773,266,137161.24688006338,RSI(14/40/70) SL=8% TP=20%
SPY,0.21711140444418597,0.06556956654266333,0.38831820410173773,266,139237.66124854615,RSI(14/40/70) SL=8% TP=25%
SPY,0.21711140444418597,0.06556956654266333,0.38831820410173773,266,139237.66124854615,RSI(14/40/70) SL=8% TP=30%
SPY,0.058513711340536,0.01531007917348118,0.4039505898478048,266,109161.74579111492,RSI(14/40/70) SL=10% TP=12%
SPY,0.06190105454058481,0.016238641273251857,0.4039505898478048,266,109717.40914288246,RSI(14/40/70) SL=10% TP=15%
SPY,0.06190105454058481,0.016238641273251857,0.4039505898478048,266,109717.40914288246,RSI(14/40/70) SL=10% TP=20%
SPY,0.06190105454058481,0.016238641273251857,0.4039505898478048,266,109717.40914288246,RSI(14/40/70) SL=10% TP=25%
SPY,0.06190105454058481,0.016238641273251857,0.4039505898478048,266,109717.40914288246,RSI(14/40/70) SL=10% TP=30%
SPY,0.23770758981157816,0.06254633531024954,0.35525551648043185,266,137428.52128883186,RSI(14/40/70) SL=12% TP=15%
SPY,0.2662099813360377,0.07384197962535687,0.35525551648043185,266,144187.9782837453,RSI(14/40/70) SL=12% TP=20%
SPY,0.27372595612619516,0.07748961024519695,0.35525551648043185,266,146370.76676577659,RSI(14/40/70) SL=12% TP=25%
SPY,0.27372595612619516,0.07748961024519695,0.35525551648043185,266,146370.76676577659,RSI(14/40/70) SL=12% TP=30%
SPY,0.24479611110767097,0.06115596805584607,0.3392091922738496,266,136596.50786833963,RSI(14/40/70) SL=15% TP=20%
SPY,0.24479611110767097,0.06115596805584607,0.3392091922738496,266,136596.50786833963,RSI(14/40/70) SL=15% TP=25%
SPY,0.24479611110767097,0.06115596805584607,0.3392091922738496,266,136596.50786833963,RSI(14/40/70) SL=15% TP=30%
SPY,0.13717554463948478,0.034789234555941996,0.4299264858540104,266,120818.31972633355,RSI(14/40/75) SL=5% TP=8%
SPY,0.16211597544257728,0.04252903308506565,0.4299264858540104,266,125449.91344931706,RSI(14/40/75) SL=5% TP=10%
SPY,0.17893885181154956,0.04759223026278629,0.4299264858540104,266,128479.79493503243,RSI(14/40/75) SL=5% TP=12%
SPY,0.20449792978645548,0.05559606924062937,0.4299264858540104,266,133269.39381542424,RSI(14/40/75) SL=5% TP=15%
SPY,0.22599422205986266,0.06299547824671027,0.4299264858540104,266,137697.29412541233,RSI(14/40/75) SL=5% TP=20%
SPY,0.2497760785736931,0.07171337651442682,0.4299264858540104,266,142914.195152284,RSI(14/40/75) SL=5% TP=25%
SPY,0.2563422242255343,0.07466942606260096,0.4299264858540104,266,144683.1327390485,RSI(14/40/75) SL=5% TP=30%
SPY,0.18425432641413844,0.05160319995734824,0.38831820410173773,266,130880.0101332068,RSI(14/40/75) SL=8% TP=10%
SPY,0.25192059863250676,0.07457154613823694,0.38831820410173773,266,144624.5601493894,RSI(14/40/75) SL=8% TP=12%
SPY,0.25440371809073303,0.07497732869361486,0.38831820410173773,266,144867.3855833219,RSI(14/40/75) SL=8% TP=15%
SPY,0.2838579683120311,0.0868843946000403,0.38831820410173773,266,151992.7250225638,RSI(14/40/75) SL=8% TP=20%
SPY,0.3021306692076396,0.09591139407950143,0.38831820410173773,266,157394.59613963816,RSI(14/40/75) SL=8% TP=25%
SPY,0.3189699450203954,0.10465028722549315,0.38831820410173773,266,162624.0607682713,RSI(14/40/75) SL=8% TP=30%
SPY,0.1308297115492875,0.03367101032281662,0.4039505898478048,266,120149.16014555852,RSI(14/40/75) SL=10% TP=12%
SPY,0.15168381592160504,0.03991901328945893,0.4039505898478048,266,123888.04446051749,RSI(14/40/75) SL=10% TP=15%
SPY,0.17289850689682065,0.04679754920593875,0.4039505898478048,266,128004.24769942684,RSI(14/40/75) SL=10% TP=20%
SPY,0.19622066787455106,0.05490176081276111,0.4039505898478048,266,132853.91083557293,RSI(14/40/75) SL=10% TP=25%
SPY,0.20281266299081513,0.05764972257177457,0.4039505898478048,266,134498.32604691907,RSI(14/40/75) SL=10% TP=30%
SPY,0.34266694099558,0.09042271180450631,0.35525551648043185,266,154110.0989687284,RSI(14/40/75) SL=12% TP=15%
SPY,0.3724220372832817,0.10308946283254213,0.35525551648043185,266,161690.04363153712,RSI(14/40/75) SL=12% TP=20%
SPY,0.38945276819571756,0.11269239573264811,0.35525551648043185,266,167436.5606209656,RSI(14/40/75) SL=12% TP=25%
SPY,0.4048360414971352,0.121988840768797,0.35525551648043185,266,172999.6713806928,RSI(14/40/75) SL=12% TP=30%
SPY,0.38850189546877334,0.10268365576741455,0.3392091922738496,266,161447.20353065917,RSI(14/40/75) SL=15% TP=20%
SPY,0.4130125298329622,0.11290520953814955,0.3392091922738496,266,167563.9111045752,RSI(14/40/75) SL=15% TP=25%
SPY,0.41901541737813086,0.11637111593872217,0.3392091922738496,266,169637.9535061877,RSI(14/40/75) SL=15% TP=30%
SPY,0.11838429027299352,0.028613206881604673,0.4299264858540104,266,117122.50634026185,RSI(14/40/80) SL=5% TP=8%
SPY,0.1344822713362225,0.03334786720935655,0.4299264858540104,266,119955.78720305939,RSI(14/40/80) SL=5% TP=10%
SPY,0.1637365451779668,0.04175807525890265,0.4299264858540104,266,124988.56249620048,RSI(14/40/80) SL=5% TP=12%
SPY,0.17771135890427245,0.04653889068127205,0.4299264858540104,266,127849.4631537136,RSI(14/40/80) SL=5% TP=15%
SPY,0.19989301398622628,0.05363737325103894,0.4299264858540104,266,132097.2852629233,RSI(14/40/80) SL=5% TP=20%
SPY,0.22440295222589635,0.06200072346556703,0.4299264858540104,266,137102.02023256948,RSI(14/40/80) SL=5% TP=25%
SPY,0.23852288533442664,0.06792908199776694,0.4299264858540104,266,140649.62525898116,RSI(14/40/80) SL=5% TP=30%
SPY,0.1785320447564558,0.04851165903063865,0.38831820410173773,266,129029.99278500123,RSI(14/40/80) SL=8% TP=10%
SPY,0.25868445298591763,0.07147099224539698,0.38831820410173773,266,142769.14932780105,RSI(14/40/80) SL=8% TP=12%
SPY,0.26941575652131305,0.07567740589039532,0.38831820410173773,266,145286.3206677445,RSI(14/40/80) SL=8% TP=15%
SPY,0.26567215693329216,0.07647045343883027,0.38831820410173773,266,145760.89039117304,RSI(14/40/80) SL=8% TP=20%
SPY,0.28510847776415277,0.08512733804624532,0.38831820410173773,266,150941.28006894363,RSI(14/40/80) SL=8% TP=25%
SPY,0.30278115480948925,0.09350792893178922,0.38831820410173773,266,155956.33207505482,RSI(14/40/80) SL=8% TP=30%
SPY,0.1258928040281985,0.03191070771955718,0.4039505898478048,266,119095.77271471915,RSI(14/40/80) SL=10% TP=12%
SPY,0.14848152455324584,0.03838983825121889,0.4039505898478048,266,122972.96669953891,RSI(14/40/80) SL=10% TP=15%
SPY,0.17035444752453374,0.045217567043632126,0.4039505898478048,266,127058.766310237,RSI(14/40/80) SL=10% TP=20%
SPY,0.19444642246269092,0.05326191828342741,0.4039505898478048,266,131872.60824262243,RSI(14/40/80) SL=10% TP=25%
SPY,0.20844097776002218,0.05896415447887093,0.4039505898478048,266,135284.89879132435,RSI(14/40/80) SL=10% TP=30%
SPY,0.3141571285441589,0.07671893801485109,0.35525551648043185,266,145909.5867168236,RSI(14/40/80) SL=12% TP=15%
SPY,0.34549520096752934,0.08871166542151267,0.35525551648043185,266,153086.18708557187,RSI(14/40/80) SL=12% TP=20%
SPY,0.363841964341959,0.09780360670310366,0.35525551648043185,266,158526.92020169855,RSI(14/40/80) SL=12% TP=25%
SPY,0.3800722918955882,0.1066053689642219,0.35525551648043185,266,163794.00650716136,RSI(14/40/80) SL=12% TP=30%
SPY,0.35291640045903505,0.09102653282782838,0.3392091922738496,266,154471.43313665286,RSI(14/40/80) SL=15% TP=20%
SPY,0.3784777617351673,0.10080643625953419,0.3392091922738496,266,160323.85153943553,RSI(14/40/80) SL=15% TP=25%
SPY,0.3916605256126513,0.10773891815569187,0.3392091922738496,266,164472.33673761244,RSI(14/40/80) SL=15% TP=30%
