symbol,sharpe,return,max_dd,params
AAPL,-0.07163513289692586,-0.021288371528770327,0.2336066881538502,RSI(7/25/65) SMA(50/200) SL=5% TP=8%
AAPL,-0.066895089667854,-0.020040679474878087,0.227049149121041,RSI(7/25/65) SMA(50/200) SL=5% TP=10%
AAPL,-0.066895089667854,-0.020040679474878087,0.227049149121041,RSI(7/25/65) SMA(50/200) SL=5% TP=12%
AAPL,-0.066895089667854,-0.020040679474878087,0.227049149121041,RSI(7/25/65) SMA(50/200) SL=5% TP=15%
AAPL,-0.066895089667854,-0.020040679474878087,0.227049149121041,RSI(7/25/65) SMA(50/200) SL=8% TP=10%
AAPL,-0.066895089667854,-0.020040679474878087,0.227049149121041,RSI(7/25/65) SMA(50/200) SL=8% TP=12%
AAPL,-0.066895089667854,-0.020040679474878087,0.227049149121041,RSI(7/25/65) SMA(50/200) SL=8% TP=15%
AAPL,-0.066895089667854,-0.020040679474878087,0.227049149121041,RSI(7/25/65) SMA(50/200) SL=10% TP=12%
AAPL,-0.066895089667854,-0.020040679474878087,0.227049149121041,RSI(7/25/65) SMA(50/200) SL=10% TP=15%
AAPL,-0.042385532516114044,-0.012728530114963861,0.18861842842214202,RSI(7/25/70) SMA(50/200) SL=5% TP=8%
AAPL,-0.026365009101822504,-0.008175342629633733,0.16468808073289629,RSI(7/25/70) SMA(50/200) SL=5% TP=10%
AAPL,-0.026365009101822504,-0.008175342629633733,0.16468808073289629,RSI(7/25/70) SMA(50/200) SL=5% TP=12%
AAPL,-0.026365009101822504,-0.008175342629633733,0.16468808073289629,RSI(7/25/70) SMA(50/200) SL=5% TP=15%
AAPL,-0.026365009101822504,-0.008175342629633733,0.16468808073289629,RSI(7/25/70) SMA(50/200) SL=8% TP=10%
AAPL,-0.026365009101822504,-0.008175342629633733,0.16468808073289629,RSI(7/25/70) SMA(50/200) SL=8% TP=12%
AAPL,-0.026365009101822504,-0.008175342629633733,0.16468808073289629,RSI(7/25/70) SMA(50/200) SL=8% TP=15%
AAPL,-0.026365009101822504,-0.008175342629633733,0.16468808073289629,RSI(7/25/70) SMA(50/200) SL=10% TP=12%
AAPL,-0.026365009101822504,-0.008175342629633733,0.16468808073289629,RSI(7/25/70) SMA(50/200) SL=10% TP=15%
AAPL,0.002745593382628359,0.0008261042442005218,0.14465288432810872,RSI(7/25/75) SMA(50/200) SL=5% TP=8%
AAPL,0.018058614812616697,0.005579931786078275,0.132287252278475,RSI(7/25/75) SMA(50/200) SL=5% TP=10%
AAPL,0.018058614812616697,0.005579931786078275,0.132287252278475,RSI(7/25/75) SMA(50/200) SL=5% TP=12%
AAPL,0.018058614812616697,0.005579931786078275,0.132287252278475,RSI(7/25/75) SMA(50/200) SL=5% TP=15%
AAPL,0.018058614812616697,0.005579931786078275,0.132287252278475,RSI(7/25/75) SMA(50/200) SL=8% TP=10%
AAPL,0.018058614812616697,0.005579931786078275,0.132287252278475,RSI(7/25/75) SMA(50/200) SL=8% TP=12%
AAPL,0.018058614812616697,0.005579931786078275,0.132287252278475,RSI(7/25/75) SMA(50/200) SL=8% TP=15%
AAPL,0.018058614812616697,0.005579931786078275,0.132287252278475,RSI(7/25/75) SMA(50/200) SL=10% TP=12%
AAPL,0.018058614812616697,0.005579931786078275,0.132287252278475,RSI(7/25/75) SMA(50/200) SL=10% TP=15%
AAPL,-0.04941760521544485,-0.014621077267234505,0.2670154761228703,RSI(7/30/65) SMA(50/200) SL=5% TP=8%
AAPL,-0.04540179066233747,-0.013486529438180059,0.26074379479231263,RSI(7/30/65) SMA(50/200) SL=5% TP=10%
AAPL,-0.04540179066233747,-0.013486529438180059,0.26074379479231263,RSI(7/30/65) SMA(50/200) SL=5% TP=12%
AAPL,-0.04540179066233747,-0.013486529438180059,0.26074379479231263,RSI(7/30/65) SMA(50/200) SL=5% TP=15%
AAPL,-0.04540179066233747,-0.013486529438180059,0.26074379479231263,RSI(7/30/65) SMA(50/200) SL=8% TP=10%
AAPL,-0.04540179066233747,-0.013486529438180059,0.26074379479231263,RSI(7/30/65) SMA(50/200) SL=8% TP=12%
AAPL,-0.04540179066233747,-0.013486529438180059,0.26074379479231263,RSI(7/30/65) SMA(50/200) SL=8% TP=15%
AAPL,-0.04540179066233747,-0.013486529438180059,0.26074379479231263,RSI(7/30/65) SMA(50/200) SL=10% TP=12%
AAPL,-0.04540179066233747,-0.013486529438180059,0.26074379479231263,RSI(7/30/65) SMA(50/200) SL=10% TP=15%
AAPL,-0.015144579931599731,-0.004527000131247985,0.2184948184852594,RSI(7/30/70) SMA(50/200) SL=5% TP=8%
AAPL,-0.012504382254722007,-0.0037504363534183113,0.20640817854780144,RSI(7/30/70) SMA(50/200) SL=5% TP=10%
AAPL,-0.012504382254722007,-0.0037504363534183113,0.20640817854780144,RSI(7/30/70) SMA(50/200) SL=5% TP=12%
AAPL,-0.012504382254722007,-0.0037504363534183113,0.20640817854780144,RSI(7/30/70) SMA(50/200) SL=5% TP=15%
AAPL,-0.012504382254722007,-0.0037504363534183113,0.20640817854780144,RSI(7/30/70) SMA(50/200) SL=8% TP=10%
AAPL,-0.012504382254722007,-0.0037504363534183113,0.20640817854780144,RSI(7/30/70) SMA(50/200) SL=8% TP=12%
AAPL,-0.012504382254722007,-0.0037504363534183113,0.20640817854780144,RSI(7/30/70) SMA(50/200) SL=8% TP=15%
AAPL,-0.012504382254722007,-0.0037504363534183113,0.20640817854780144,RSI(7/30/70) SMA(50/200) SL=10% TP=12%
AAPL,-0.012504382254722007,-0.0037504363534183113,0.20640817854780144,RSI(7/30/70) SMA(50/200) SL=10% TP=15%
AAPL,0.03919098442530107,0.011874724903001505,0.17304878481719022,RSI(7/30/75) SMA(50/200) SL=5% TP=8%
AAPL,0.040825802031922535,0.012347256074416085,0.17304878481719044,RSI(7/30/75) SMA(50/200) SL=5% TP=10%
AAPL,0.040825802031922535,0.012347256074416085,0.17304878481719044,RSI(7/30/75) SMA(50/200) SL=5% TP=12%
AAPL,0.040825802031922535,0.012347256074416085,0.17304878481719044,RSI(7/30/75) SMA(50/200) SL=5% TP=15%
AAPL,0.040825802031922535,0.012347256074416085,0.17304878481719044,RSI(7/30/75) SMA(50/200) SL=8% TP=10%
AAPL,0.040825802031922535,0.012347256074416085,0.17304878481719044,RSI(7/30/75) SMA(50/200) SL=8% TP=12%
AAPL,0.040825802031922535,0.012347256074416085,0.17304878481719044,RSI(7/30/75) SMA(50/200) SL=8% TP=15%
AAPL,0.040825802031922535,0.012347256074416085,0.17304878481719044,RSI(7/30/75) SMA(50/200) SL=10% TP=12%
AAPL,0.040825802031922535,0.012347256074416085,0.17304878481719044,RSI(7/30/75) SMA(50/200) SL=10% TP=15%
AAPL,-0.007177859786189348,-0.0021680687655502504,0.22153942189725082,RSI(7/35/65) SMA(50/200) SL=5% TP=8%
AAPL,-0.0031051028397525676,-0.0009408673258769263,0.2215394218972509,RSI(7/35/65) SMA(50/200) SL=5% TP=10%
AAPL,-0.0031051028397525676,-0.0009408673258769263,0.2215394218972509,RSI(7/35/65) SMA(50/200) SL=5% TP=12%
AAPL,-0.0031051028397525676,-0.0009408673258769263,0.2215394218972509,RSI(7/35/65) SMA(50/200) SL=5% TP=15%
AAPL,-0.0031051028397525676,-0.0009408673258769263,0.2215394218972509,RSI(7/35/65) SMA(50/200) SL=8% TP=10%
AAPL,-0.0031051028397525676,-0.0009408673258769263,0.2215394218972509,RSI(7/35/65) SMA(50/200) SL=8% TP=12%
AAPL,-0.0031051028397525676,-0.0009408673258769263,0.2215394218972509,RSI(7/35/65) SMA(50/200) SL=8% TP=15%
AAPL,-0.0031051028397525676,-0.0009408673258769263,0.2215394218972509,RSI(7/35/65) SMA(50/200) SL=10% TP=12%
AAPL,-0.0031051028397525676,-0.0009408673258769263,0.2215394218972509,RSI(7/35/65) SMA(50/200) SL=10% TP=15%
AAPL,0.038111241111034234,0.011606916790810565,0.22153942189725076,RSI(7/35/70) SMA(50/200) SL=5% TP=8%
AAPL,0.04080994987316567,0.012460543432281451,0.22153942189725076,RSI(7/35/70) SMA(50/200) SL=5% TP=10%
AAPL,0.04080994987316567,0.012460543432281451,0.22153942189725076,RSI(7/35/70) SMA(50/200) SL=5% TP=12%
AAPL,0.04080994987316567,0.012460543432281451,0.22153942189725076,RSI(7/35/70) SMA(50/200) SL=5% TP=15%
AAPL,0.04080994987316567,0.012460543432281451,0.22153942189725076,RSI(7/35/70) SMA(50/200) SL=8% TP=10%
AAPL,0.04080994987316567,0.012460543432281451,0.22153942189725076,RSI(7/35/70) SMA(50/200) SL=8% TP=12%
AAPL,0.04080994987316567,0.012460543432281451,0.22153942189725076,RSI(7/35/70) SMA(50/200) SL=8% TP=15%
AAPL,0.04080994987316567,0.012460543432281451,0.22153942189725076,RSI(7/35/70) SMA(50/200) SL=10% TP=12%
AAPL,0.04080994987316567,0.012460543432281451,0.22153942189725076,RSI(7/35/70) SMA(50/200) SL=10% TP=15%
AAPL,0.08988334483953658,0.027263913020080084,0.22153942189725082,RSI(7/35/75) SMA(50/200) SL=5% TP=8%
AAPL,0.08926660520973857,0.026957008459072184,0.22153942189725082,RSI(7/35/75) SMA(50/200) SL=5% TP=10%
AAPL,0.08926660520973857,0.026957008459072184,0.22153942189725082,RSI(7/35/75) SMA(50/200) SL=5% TP=12%
AAPL,0.08926660520973857,0.026957008459072184,0.22153942189725082,RSI(7/35/75) SMA(50/200) SL=5% TP=15%
AAPL,0.08926660520973857,0.026957008459072184,0.22153942189725082,RSI(7/35/75) SMA(50/200) SL=8% TP=10%
AAPL,0.08926660520973857,0.026957008459072184,0.22153942189725082,RSI(7/35/75) SMA(50/200) SL=8% TP=12%
AAPL,0.08926660520973857,0.026957008459072184,0.22153942189725082,RSI(7/35/75) SMA(50/200) SL=8% TP=15%
AAPL,0.08926660520973857,0.026957008459072184,0.22153942189725082,RSI(7/35/75) SMA(50/200) SL=10% TP=12%
AAPL,0.08926660520973857,0.026957008459072184,0.22153942189725082,RSI(7/35/75) SMA(50/200) SL=10% TP=15%
AAPL,0.06865080423278946,0.02027564874673642,0.22013972005610047,RSI(7/40/65) SMA(50/200) SL=5% TP=8%
AAPL,0.07315461963112753,0.021669837261295868,0.2201397200561004,RSI(7/40/65) SMA(50/200) SL=5% TP=10%
AAPL,0.07315461963112753,0.021669837261295868,0.2201397200561004,RSI(7/40/65) SMA(50/200) SL=5% TP=12%
AAPL,0.07315461963112753,0.021669837261295868,0.2201397200561004,RSI(7/40/65) SMA(50/200) SL=5% TP=15%
AAPL,0.07315461963112753,0.021669837261295868,0.2201397200561004,RSI(7/40/65) SMA(50/200) SL=8% TP=10%
AAPL,0.07315461963112753,0.021669837261295868,0.2201397200561004,RSI(7/40/65) SMA(50/200) SL=8% TP=12%
AAPL,0.07315461963112753,0.021669837261295868,0.2201397200561004,RSI(7/40/65) SMA(50/200) SL=8% TP=15%
AAPL,0.07315461963112753,0.021669837261295868,0.2201397200561004,RSI(7/40/65) SMA(50/200) SL=10% TP=12%
AAPL,0.07315461963112753,0.021669837261295868,0.2201397200561004,RSI(7/40/65) SMA(50/200) SL=10% TP=15%
AAPL,0.16345986988686756,0.048143016624108706,0.22013972005610055,RSI(7/40/70) SMA(50/200) SL=5% TP=8%
AAPL,0.16650262163386328,0.04917115615622064,0.22013972005610039,RSI(7/40/70) SMA(50/200) SL=5% TP=10%
AAPL,0.16650262163386328,0.04917115615622064,0.22013972005610039,RSI(7/40/70) SMA(50/200) SL=5% TP=12%
AAPL,0.16650262163386328,0.04917115615622064,0.22013972005610039,RSI(7/40/70) SMA(50/200) SL=5% TP=15%
AAPL,0.16650262163386328,0.04917115615622064,0.22013972005610039,RSI(7/40/70) SMA(50/200) SL=8% TP=10%
AAPL,0.16650262163386328,0.04917115615622064,0.22013972005610039,RSI(7/40/70) SMA(50/200) SL=8% TP=12%
AAPL,0.16650262163386328,0.04917115615622064,0.22013972005610039,RSI(7/40/70) SMA(50/200) SL=8% TP=15%
AAPL,0.16650262163386328,0.04917115615622064,0.22013972005610039,RSI(7/40/70) SMA(50/200) SL=10% TP=12%
AAPL,0.16650262163386328,0.04917115615622064,0.22013972005610039,RSI(7/40/70) SMA(50/200) SL=10% TP=15%
AAPL,0.2186593228638322,0.06358749609088238,0.22013972005610058,RSI(7/40/75) SMA(50/200) SL=5% TP=8%
AAPL,0.21813457090039637,0.0632232384383789,0.22013972005610047,RSI(7/40/75) SMA(50/200) SL=5% TP=10%
AAPL,0.21813457090039637,0.0632232384383789,0.22013972005610047,RSI(7/40/75) SMA(50/200) SL=5% TP=12%
AAPL,0.21813457090039637,0.0632232384383789,0.22013972005610047,RSI(7/40/75) SMA(50/200) SL=5% TP=15%
AAPL,0.21813457090039637,0.0632232384383789,0.22013972005610047,RSI(7/40/75) SMA(50/200) SL=8% TP=10%
AAPL,0.21813457090039637,0.0632232384383789,0.22013972005610047,RSI(7/40/75) SMA(50/200) SL=8% TP=12%
AAPL,0.21813457090039637,0.0632232384383789,0.22013972005610047,RSI(7/40/75) SMA(50/200) SL=8% TP=15%
AAPL,0.21813457090039637,0.0632232384383789,0.22013972005610047,RSI(7/40/75) SMA(50/200) SL=10% TP=12%
AAPL,0.21813457090039637,0.0632232384383789,0.22013972005610047,RSI(7/40/75) SMA(50/200) SL=10% TP=15%
AAPL,0.008618432690356975,0.002628026043392304,0.16618254118834316,RSI(10/25/65) SMA(50/200) SL=5% TP=8%
AAPL,0.014850515393139833,0.004551497184026311,0.16618254118834316,RSI(10/25/65) SMA(50/200) SL=5% TP=10%
AAPL,0.014850515393139833,0.004551497184026311,0.16618254118834316,RSI(10/25/65) SMA(50/200) SL=5% TP=12%
AAPL,0.014850515393139833,0.004551497184026311,0.16618254118834316,RSI(10/25/65) SMA(50/200) SL=5% TP=15%
AAPL,0.014850515393139833,0.004551497184026311,0.16618254118834316,RSI(10/25/65) SMA(50/200) SL=8% TP=10%
AAPL,0.014850515393139833,0.004551497184026311,0.16618254118834316,RSI(10/25/65) SMA(50/200) SL=8% TP=12%
AAPL,0.014850515393139833,0.004551497184026311,0.16618254118834316,RSI(10/25/65) SMA(50/200) SL=8% TP=15%
AAPL,0.014850515393139833,0.004551497184026311,0.16618254118834316,RSI(10/25/65) SMA(50/200) SL=10% TP=12%
AAPL,0.014850515393139833,0.004551497184026311,0.16618254118834316,RSI(10/25/65) SMA(50/200) SL=10% TP=15%
AAPL,0.032322497484044234,0.009883547218684953,0.16618254118834316,RSI(10/25/70) SMA(50/200) SL=5% TP=8%
AAPL,0.04190638270135355,0.012939042180837966,0.16618254118834316,RSI(10/25/70) SMA(50/200) SL=5% TP=10%
AAPL,0.04190638270135355,0.012939042180837966,0.16618254118834316,RSI(10/25/70) SMA(50/200) SL=5% TP=12%
AAPL,0.04190638270135355,0.012939042180837966,0.16618254118834316,RSI(10/25/70) SMA(50/200) SL=5% TP=15%
AAPL,0.04190638270135355,0.012939042180837966,0.16618254118834316,RSI(10/25/70) SMA(50/200) SL=8% TP=10%
AAPL,0.04190638270135355,0.012939042180837966,0.16618254118834316,RSI(10/25/70) SMA(50/200) SL=8% TP=12%
AAPL,0.04190638270135355,0.012939042180837966,0.16618254118834316,RSI(10/25/70) SMA(50/200) SL=8% TP=15%
AAPL,0.04190638270135355,0.012939042180837966,0.16618254118834316,RSI(10/25/70) SMA(50/200) SL=10% TP=12%
AAPL,0.04190638270135355,0.012939042180837966,0.16618254118834316,RSI(10/25/70) SMA(50/200) SL=10% TP=15%
AAPL,0.01490359812361269,0.004371791741802469,0.16618254118834316,RSI(10/25/75) SMA(50/200) SL=5% TP=8%
AAPL,0.022443434148056742,0.006546168927210925,0.16618254118834316,RSI(10/25/75) SMA(50/200) SL=5% TP=10%
AAPL,0.022443434148056742,0.006546168927210925,0.16618254118834316,RSI(10/25/75) SMA(50/200) SL=5% TP=12%
AAPL,0.022443434148056742,0.006546168927210925,0.16618254118834316,RSI(10/25/75) SMA(50/200) SL=5% TP=15%
AAPL,0.022443434148056742,0.006546168927210925,0.16618254118834316,RSI(10/25/75) SMA(50/200) SL=8% TP=10%
AAPL,0.022443434148056742,0.006546168927210925,0.16618254118834316,RSI(10/25/75) SMA(50/200) SL=8% TP=12%
AAPL,0.022443434148056742,0.006546168927210925,0.16618254118834316,RSI(10/25/75) SMA(50/200) SL=8% TP=15%
AAPL,0.022443434148056742,0.006546168927210925,0.16618254118834316,RSI(10/25/75) SMA(50/200) SL=10% TP=12%
AAPL,0.022443434148056742,0.006546168927210925,0.16618254118834316,RSI(10/25/75) SMA(50/200) SL=10% TP=15%
AAPL,0.01714899527751086,0.005246972824322103,0.1774880228544077,RSI(10/30/65) SMA(50/200) SL=5% TP=8%
AAPL,0.04806882950446125,0.015251741024914646,0.1774880228544076,RSI(10/30/65) SMA(50/200) SL=5% TP=10%
AAPL,0.04806882950446125,0.015251741024914646,0.1774880228544076,RSI(10/30/65) SMA(50/200) SL=5% TP=12%
AAPL,0.04806882950446125,0.015251741024914646,0.1774880228544076,RSI(10/30/65) SMA(50/200) SL=5% TP=15%
AAPL,0.04806882950446125,0.015251741024914646,0.1774880228544076,RSI(10/30/65) SMA(50/200) SL=8% TP=10%
AAPL,0.04806882950446125,0.015251741024914646,0.1774880228544076,RSI(10/30/65) SMA(50/200) SL=8% TP=12%
AAPL,0.04806882950446125,0.015251741024914646,0.1774880228544076,RSI(10/30/65) SMA(50/200) SL=8% TP=15%
AAPL,0.04806882950446125,0.015251741024914646,0.1774880228544076,RSI(10/30/65) SMA(50/200) SL=10% TP=12%
AAPL,0.04806882950446125,0.015251741024914646,0.1774880228544076,RSI(10/30/65) SMA(50/200) SL=10% TP=15%
AAPL,0.025184809381769122,0.0075525750790659965,0.17748802285440762,RSI(10/30/70) SMA(50/200) SL=5% TP=8%
AAPL,0.05934706534422252,0.018415462290755687,0.17748802285440762,RSI(10/30/70) SMA(50/200) SL=5% TP=10%
AAPL,0.05934706534422252,0.018415462290755687,0.17748802285440762,RSI(10/30/70) SMA(50/200) SL=5% TP=12%
AAPL,0.07499715868768468,0.024184273783587673,0.1774880228544077,RSI(10/30/70) SMA(50/200) SL=5% TP=15%
AAPL,0.05934706534422252,0.018415462290755687,0.17748802285440762,RSI(10/30/70) SMA(50/200) SL=8% TP=10%
AAPL,0.05934706534422252,0.018415462290755687,0.17748802285440762,RSI(10/30/70) SMA(50/200) SL=8% TP=12%
AAPL,0.07499715868768468,0.024184273783587673,0.1774880228544077,RSI(10/30/70) SMA(50/200) SL=8% TP=15%
AAPL,0.05934706534422252,0.018415462290755687,0.17748802285440762,RSI(10/30/70) SMA(50/200) SL=10% TP=12%
AAPL,0.07499715868768468,0.024184273783587673,0.1774880228544077,RSI(10/30/70) SMA(50/200) SL=10% TP=15%
AAPL,0.04054430714153933,0.012278117318141402,0.17748802285440757,RSI(10/30/75) SMA(50/200) SL=5% TP=8%
AAPL,0.042348478138169755,0.012638012602967904,0.17748802285440765,RSI(10/30/75) SMA(50/200) SL=5% TP=10%
AAPL,0.040091731802564395,0.011828140337827595,0.1774880228544076,RSI(10/30/75) SMA(50/200) SL=5% TP=12%
AAPL,0.056568049833872966,0.017392121326647917,0.17748802285440754,RSI(10/30/75) SMA(50/200) SL=5% TP=15%
AAPL,0.042348478138169755,0.012638012602967904,0.17748802285440765,RSI(10/30/75) SMA(50/200) SL=8% TP=10%
AAPL,0.040091731802564395,0.011828140337827595,0.1774880228544076,RSI(10/30/75) SMA(50/200) SL=8% TP=12%
AAPL,0.056568049833872966,0.017392121326647917,0.17748802285440754,RSI(10/30/75) SMA(50/200) SL=8% TP=15%
AAPL,0.040091731802564395,0.011828140337827595,0.1774880228544076,RSI(10/30/75) SMA(50/200) SL=10% TP=12%
AAPL,0.056568049833872966,0.017392121326647917,0.17748802285440754,RSI(10/30/75) SMA(50/200) SL=10% TP=15%
AAPL,0.16746506360234467,0.050050178371180705,0.1877462197649881,RSI(10/35/65) SMA(50/200) SL=5% TP=8%
AAPL,0.1862803181040965,0.05607326561099379,0.18774621976498793,RSI(10/35/65) SMA(50/200) SL=5% TP=10%
AAPL,0.1862803181040965,0.05607326561099379,0.18774621976498793,RSI(10/35/65) SMA(50/200) SL=5% TP=12%
AAPL,0.1862803181040965,0.05607326561099379,0.18774621976498793,RSI(10/35/65) SMA(50/200) SL=5% TP=15%
AAPL,0.1862803181040965,0.05607326561099379,0.18774621976498793,RSI(10/35/65) SMA(50/200) SL=8% TP=10%
AAPL,0.1862803181040965,0.05607326561099379,0.18774621976498793,RSI(10/35/65) SMA(50/200) SL=8% TP=12%
AAPL,0.1862803181040965,0.05607326561099379,0.18774621976498793,RSI(10/35/65) SMA(50/200) SL=8% TP=15%
AAPL,0.1862803181040965,0.05607326561099379,0.18774621976498793,RSI(10/35/65) SMA(50/200) SL=10% TP=12%
AAPL,0.1862803181040965,0.05607326561099379,0.18774621976498793,RSI(10/35/65) SMA(50/200) SL=10% TP=15%
AAPL,0.12394534441626409,0.03654633508546939,0.18774621976498804,RSI(10/35/70) SMA(50/200) SL=5% TP=8%
AAPL,0.1500578821383121,0.044748902351831585,0.18774621976498823,RSI(10/35/70) SMA(50/200) SL=5% TP=10%
AAPL,0.16276439467451212,0.049548936221739746,0.18774621976498798,RSI(10/35/70) SMA(50/200) SL=5% TP=12%
AAPL,0.16276439467451212,0.049548936221739746,0.18774621976498798,RSI(10/35/70) SMA(50/200) SL=5% TP=15%
AAPL,0.1500578821383121,0.044748902351831585,0.18774621976498823,RSI(10/35/70) SMA(50/200) SL=8% TP=10%
AAPL,0.16276439467451212,0.049548936221739746,0.18774621976498798,RSI(10/35/70) SMA(50/200) SL=8% TP=12%
AAPL,0.16276439467451212,0.049548936221739746,0.18774621976498798,RSI(10/35/70) SMA(50/200) SL=8% TP=15%
AAPL,0.16276439467451212,0.049548936221739746,0.18774621976498798,RSI(10/35/70) SMA(50/200) SL=10% TP=12%
AAPL,0.16276439467451212,0.049548936221739746,0.18774621976498798,RSI(10/35/70) SMA(50/200) SL=10% TP=15%
AAPL,0.19763216201263983,0.061240431115027,0.1877462197649879,RSI(10/35/75) SMA(50/200) SL=5% TP=8%
AAPL,0.18942856044862047,0.05697736188169205,0.18774621976498806,RSI(10/35/75) SMA(50/200) SL=5% TP=10%
AAPL,0.20200666270359205,0.06141053766410008,0.1877462197649881,RSI(10/35/75) SMA(50/200) SL=5% TP=12%
AAPL,0.20429545023068332,0.062264605204652664,0.18774621976498787,RSI(10/35/75) SMA(50/200) SL=5% TP=15%
AAPL,0.18942856044862047,0.05697736188169205,0.18774621976498806,RSI(10/35/75) SMA(50/200) SL=8% TP=10%
AAPL,0.20200666270359205,0.06141053766410008,0.1877462197649881,RSI(10/35/75) SMA(50/200) SL=8% TP=12%
AAPL,0.20429545023068332,0.062264605204652664,0.18774621976498787,RSI(10/35/75) SMA(50/200) SL=8% TP=15%
AAPL,0.20200666270359205,0.06141053766410008,0.1877462197649881,RSI(10/35/75) SMA(50/200) SL=10% TP=12%
AAPL,0.20429545023068332,0.062264605204652664,0.18774621976498787,RSI(10/35/75) SMA(50/200) SL=10% TP=15%
AAPL,-0.005629129712520123,-0.001721635946019785,0.25062287729439503,RSI(10/40/65) SMA(50/200) SL=5% TP=8%
AAPL,0.02507237730749932,0.00787862399140508,0.2388279610835242,RSI(10/40/65) SMA(50/200) SL=5% TP=10%
AAPL,0.02507237730749932,0.00787862399140508,0.2388279610835242,RSI(10/40/65) SMA(50/200) SL=5% TP=12%
AAPL,0.02507237730749932,0.00787862399140508,0.2388279610835242,RSI(10/40/65) SMA(50/200) SL=5% TP=15%
AAPL,0.02507237730749932,0.00787862399140508,0.2388279610835242,RSI(10/40/65) SMA(50/200) SL=8% TP=10%
AAPL,0.02507237730749932,0.00787862399140508,0.2388279610835242,RSI(10/40/65) SMA(50/200) SL=8% TP=12%
AAPL,0.02507237730749932,0.00787862399140508,0.2388279610835242,RSI(10/40/65) SMA(50/200) SL=8% TP=15%
AAPL,0.02507237730749932,0.00787862399140508,0.2388279610835242,RSI(10/40/65) SMA(50/200) SL=10% TP=12%
AAPL,0.02507237730749932,0.00787862399140508,0.2388279610835242,RSI(10/40/65) SMA(50/200) SL=10% TP=15%
AAPL,-0.02885166536748794,-0.0087066600245014,0.23320661856416006,RSI(10/40/70) SMA(50/200) SL=5% TP=8%
AAPL,0.004734962808137848,0.0014710762420685089,0.2322504738474387,RSI(10/40/70) SMA(50/200) SL=5% TP=10%
AAPL,0.003700246171318661,0.0011450002676308146,0.23225047384743874,RSI(10/40/70) SMA(50/200) SL=5% TP=12%
AAPL,0.02001793937954161,0.006376792700822107,0.2322504738474388,RSI(10/40/70) SMA(50/200) SL=5% TP=15%
AAPL,0.004734962808137848,0.0014710762420685089,0.2322504738474387,RSI(10/40/70) SMA(50/200) SL=8% TP=10%
AAPL,0.003700246171318661,0.0011450002676308146,0.23225047384743874,RSI(10/40/70) SMA(50/200) SL=8% TP=12%
AAPL,0.02001793937954161,0.006376792700822107,0.2322504738474388,RSI(10/40/70) SMA(50/200) SL=8% TP=15%
AAPL,0.003700246171318661,0.0011450002676308146,0.23225047384743874,RSI(10/40/70) SMA(50/200) SL=10% TP=12%
AAPL,0.02001793937954161,0.006376792700822107,0.2322504738474388,RSI(10/40/70) SMA(50/200) SL=10% TP=15%
AAPL,0.03328723714426803,0.010500306684379927,0.2322504738474387,RSI(10/40/75) SMA(50/200) SL=5% TP=8%
AAPL,0.0357968657509794,0.011201532367443996,0.2651258669473297,RSI(10/40/75) SMA(50/200) SL=5% TP=10%
AAPL,0.033490669029983614,0.010356577158565994,0.2651258669473299,RSI(10/40/75) SMA(50/200) SL=5% TP=12%
AAPL,0.04993126912386651,0.015874800397902296,0.26512586694732987,RSI(10/40/75) SMA(50/200) SL=5% TP=15%
AAPL,0.0357968657509794,0.011201532367443996,0.2651258669473297,RSI(10/40/75) SMA(50/200) SL=8% TP=10%
AAPL,0.033490669029983614,0.010356577158565994,0.2651258669473299,RSI(10/40/75) SMA(50/200) SL=8% TP=12%
AAPL,0.04993126912386651,0.015874800397902296,0.26512586694732987,RSI(10/40/75) SMA(50/200) SL=8% TP=15%
AAPL,0.033490669029983614,0.010356577158565994,0.2651258669473299,RSI(10/40/75) SMA(50/200) SL=10% TP=12%
AAPL,0.04993126912386651,0.015874800397902296,0.26512586694732987,RSI(10/40/75) SMA(50/200) SL=10% TP=15%
AAPL,0.1597834908693711,0.0458043640718794,0.08382480362872548,RSI(14/25/65) SMA(50/200) SL=5% TP=8%
AAPL,0.1834466223904999,0.052060736083843734,0.08382480362872549,RSI(14/25/65) SMA(50/200) SL=5% TP=10%
AAPL,0.17977306584125163,0.0490252149815905,0.08382480362872537,RSI(14/25/65) SMA(50/200) SL=5% TP=12%
AAPL,0.17977306584125163,0.0490252149815905,0.08382480362872537,RSI(14/25/65) SMA(50/200) SL=5% TP=15%
AAPL,0.1834466223904999,0.052060736083843734,0.08382480362872549,RSI(14/25/65) SMA(50/200) SL=8% TP=10%
AAPL,0.17977306584125163,0.0490252149815905,0.08382480362872537,RSI(14/25/65) SMA(50/200) SL=8% TP=12%
AAPL,0.17977306584125163,0.0490252149815905,0.08382480362872537,RSI(14/25/65) SMA(50/200) SL=8% TP=15%
AAPL,0.17977306584125163,0.0490252149815905,0.08382480362872537,RSI(14/25/65) SMA(50/200) SL=10% TP=12%
AAPL,0.17977306584125163,0.0490252149815905,0.08382480362872537,RSI(14/25/65) SMA(50/200) SL=10% TP=15%
AAPL,0.15812516000444388,0.044702105879626225,0.08382480362872553,RSI(14/25/70) SMA(50/200) SL=5% TP=8%
AAPL,0.16850537879017374,0.04631374236019743,0.0838248036287254,RSI(14/25/70) SMA(50/200) SL=5% TP=10%
AAPL,0.16430526238080925,0.04335781774179074,0.0838248036287255,RSI(14/25/70) SMA(50/200) SL=5% TP=12%
AAPL,0.16430526238080925,0.04335781774179074,0.0838248036287255,RSI(14/25/70) SMA(50/200) SL=5% TP=15%
AAPL,0.16850537879017374,0.04631374236019743,0.0838248036287254,RSI(14/25/70) SMA(50/200) SL=8% TP=10%
AAPL,0.16430526238080925,0.04335781774179074,0.0838248036287255,RSI(14/25/70) SMA(50/200) SL=8% TP=12%
AAPL,0.16430526238080925,0.04335781774179074,0.0838248036287255,RSI(14/25/70) SMA(50/200) SL=8% TP=15%
AAPL,0.16430526238080925,0.04335781774179074,0.0838248036287255,RSI(14/25/70) SMA(50/200) SL=10% TP=12%
AAPL,0.16430526238080925,0.04335781774179074,0.0838248036287255,RSI(14/25/70) SMA(50/200) SL=10% TP=15%
AAPL,0.08892324391500996,0.025118467675552588,0.12802265012177771,RSI(14/25/75) SMA(50/200) SL=5% TP=8%
AAPL,0.09679527100489442,0.026581095243776696,0.12802265012177755,RSI(14/25/75) SMA(50/200) SL=5% TP=10%
AAPL,0.06958904882908946,0.017209742679194215,0.12802265012177746,RSI(14/25/75) SMA(50/200) SL=5% TP=12%
AAPL,0.06958904882908946,0.017209742679194215,0.12802265012177746,RSI(14/25/75) SMA(50/200) SL=5% TP=15%
AAPL,0.09679527100489442,0.026581095243776696,0.12802265012177755,RSI(14/25/75) SMA(50/200) SL=8% TP=10%
AAPL,0.06958904882908946,0.017209742679194215,0.12802265012177746,RSI(14/25/75) SMA(50/200) SL=8% TP=12%
AAPL,0.06958904882908946,0.017209742679194215,0.12802265012177746,RSI(14/25/75) SMA(50/200) SL=8% TP=15%
AAPL,0.06958904882908946,0.017209742679194215,0.12802265012177746,RSI(14/25/75) SMA(50/200) SL=10% TP=12%
AAPL,0.06958904882908946,0.017209742679194215,0.12802265012177746,RSI(14/25/75) SMA(50/200) SL=10% TP=15%
AAPL,0.16749768830419673,0.045067090287853724,0.09066200483574413,RSI(14/30/65) SMA(50/200) SL=5% TP=8%
AAPL,0.19031566879280107,0.051773322369267946,0.09066200483574419,RSI(14/30/65) SMA(50/200) SL=5% TP=10%
AAPL,0.18780351314893878,0.04955390506337775,0.09066200483574419,RSI(14/30/65) SMA(50/200) SL=5% TP=12%
AAPL,0.18780351314893878,0.04955390506337775,0.09066200483574419,RSI(14/30/65) SMA(50/200) SL=5% TP=15%
AAPL,0.19031566879280107,0.051773322369267946,0.09066200483574419,RSI(14/30/65) SMA(50/200) SL=8% TP=10%
AAPL,0.18780351314893878,0.04955390506337775,0.09066200483574419,RSI(14/30/65) SMA(50/200) SL=8% TP=12%
AAPL,0.18780351314893878,0.04955390506337775,0.09066200483574419,RSI(14/30/65) SMA(50/200) SL=8% TP=15%
AAPL,0.18780351314893878,0.04955390506337775,0.09066200483574419,RSI(14/30/65) SMA(50/200) SL=10% TP=12%
AAPL,0.18780351314893878,0.04955390506337775,0.09066200483574419,RSI(14/30/65) SMA(50/200) SL=10% TP=15%
AAPL,0.15989521782161412,0.04164037593043688,0.09066200483574413,RSI(14/30/70) SMA(50/200) SL=5% TP=8%
AAPL,0.19493160284108296,0.05323574252993158,0.09066200483574419,RSI(14/30/70) SMA(50/200) SL=5% TP=10%
AAPL,0.16606418733615635,0.04154543059021458,0.10462694365346588,RSI(14/30/70) SMA(50/200) SL=5% TP=12%
AAPL,0.16606418733615635,0.04154543059021458,0.10462694365346588,RSI(14/30/70) SMA(50/200) SL=5% TP=15%
AAPL,0.19493160284108296,0.05323574252993158,0.09066200483574419,RSI(14/30/70) SMA(50/200) SL=8% TP=10%
AAPL,0.16606418733615635,0.04154543059021458,0.10462694365346588,RSI(14/30/70) SMA(50/200) SL=8% TP=12%
AAPL,0.16606418733615635,0.04154543059021458,0.10462694365346588,RSI(14/30/70) SMA(50/200) SL=8% TP=15%
AAPL,0.16606418733615635,0.04154543059021458,0.10462694365346588,RSI(14/30/70) SMA(50/200) SL=10% TP=12%
AAPL,0.16606418733615635,0.04154543059021458,0.10462694365346588,RSI(14/30/70) SMA(50/200) SL=10% TP=15%
AAPL,0.10112193261560344,0.025991951465828125,0.11234295981712601,RSI(14/30/75) SMA(50/200) SL=5% TP=8%
AAPL,0.13601723971397958,0.03671809662700134,0.11234295981712596,RSI(14/30/75) SMA(50/200) SL=5% TP=10%
AAPL,0.08088180136620936,0.01914516189823831,0.11234295981712612,RSI(14/30/75) SMA(50/200) SL=5% TP=12%
AAPL,0.08088180136620936,0.01914516189823831,0.11234295981712612,RSI(14/30/75) SMA(50/200) SL=5% TP=15%
AAPL,0.13601723971397958,0.03671809662700134,0.11234295981712596,RSI(14/30/75) SMA(50/200) SL=8% TP=10%
AAPL,0.08088180136620936,0.01914516189823831,0.11234295981712612,RSI(14/30/75) SMA(50/200) SL=8% TP=12%
AAPL,0.08088180136620936,0.01914516189823831,0.11234295981712612,RSI(14/30/75) SMA(50/200) SL=8% TP=15%
AAPL,0.08088180136620936,0.01914516189823831,0.11234295981712612,RSI(14/30/75) SMA(50/200) SL=10% TP=12%
AAPL,0.08088180136620936,0.01914516189823831,0.11234295981712612,RSI(14/30/75) SMA(50/200) SL=10% TP=15%
AAPL,0.14129683692234152,0.043117616493228164,0.17694294621057893,RSI(14/35/65) SMA(50/200) SL=5% TP=8%
AAPL,0.20067804302367998,0.0639891483732045,0.176942946210579,RSI(14/35/65) SMA(50/200) SL=5% TP=10%
AAPL,0.19388367806613488,0.06078841747226992,0.17694294621057907,RSI(14/35/65) SMA(50/200) SL=5% TP=12%
AAPL,0.20919165088320937,0.0678748013910919,0.176942946210579,RSI(14/35/65) SMA(50/200) SL=5% TP=15%
AAPL,0.20067804302367998,0.0639891483732045,0.176942946210579,RSI(14/35/65) SMA(50/200) SL=8% TP=10%
AAPL,0.19388367806613488,0.06078841747226992,0.17694294621057907,RSI(14/35/65) SMA(50/200) SL=8% TP=12%
AAPL,0.20919165088320937,0.0678748013910919,0.176942946210579,RSI(14/35/65) SMA(50/200) SL=8% TP=15%
AAPL,0.19388367806613488,0.06078841747226992,0.17694294621057907,RSI(14/35/65) SMA(50/200) SL=10% TP=12%
AAPL,0.20919165088320937,0.0678748013910919,0.176942946210579,RSI(14/35/65) SMA(50/200) SL=10% TP=15%
AAPL,0.12323151617327856,0.03638626862249562,0.17694294621057888,RSI(14/35/70) SMA(50/200) SL=5% TP=8%
AAPL,0.17263664825627606,0.053237273766902,0.17694294621057904,RSI(14/35/70) SMA(50/200) SL=5% TP=10%
AAPL,0.1666971758562852,0.05055560575458575,0.17694294621057896,RSI(14/35/70) SMA(50/200) SL=5% TP=12%
AAPL,0.1785539971617497,0.05557977226881583,0.17694294621057882,RSI(14/35/70) SMA(50/200) SL=5% TP=15%
AAPL,0.17263664825627606,0.053237273766902,0.17694294621057904,RSI(14/35/70) SMA(50/200) SL=8% TP=10%
AAPL,0.1666971758562852,0.05055560575458575,0.17694294621057896,RSI(14/35/70) SMA(50/200) SL=8% TP=12%
AAPL,0.1785539971617497,0.05557977226881583,0.17694294621057882,RSI(14/35/70) SMA(50/200) SL=8% TP=15%
AAPL,0.1666971758562852,0.05055560575458575,0.17694294621057896,RSI(14/35/70) SMA(50/200) SL=10% TP=12%
AAPL,0.1785539971617497,0.05557977226881583,0.17694294621057882,RSI(14/35/70) SMA(50/200) SL=10% TP=15%
AAPL,0.07228712189135154,0.021131706885047476,0.1875492200369474,RSI(14/35/75) SMA(50/200) SL=5% TP=8%
AAPL,0.12010955089233624,0.03671951307812254,0.18754922003694724,RSI(14/35/75) SMA(50/200) SL=5% TP=10%
AAPL,0.09276321114733674,0.02718804112410702,0.18754922003694738,RSI(14/35/75) SMA(50/200) SL=5% TP=12%
AAPL,0.08473683716523032,0.02474414142899235,0.18754922003694735,RSI(14/35/75) SMA(50/200) SL=5% TP=15%
AAPL,0.12010955089233624,0.03671951307812254,0.18754922003694724,RSI(14/35/75) SMA(50/200) SL=8% TP=10%
AAPL,0.09276321114733674,0.02718804112410702,0.18754922003694738,RSI(14/35/75) SMA(50/200) SL=8% TP=12%
AAPL,0.08473683716523032,0.02474414142899235,0.18754922003694735,RSI(14/35/75) SMA(50/200) SL=8% TP=15%
AAPL,0.09276321114733674,0.02718804112410702,0.18754922003694738,RSI(14/35/75) SMA(50/200) SL=10% TP=12%
AAPL,0.08473683716523032,0.02474414142899235,0.18754922003694735,RSI(14/35/75) SMA(50/200) SL=10% TP=15%
AAPL,0.018245251759038992,0.005454613803242072,0.22420254247429786,RSI(14/40/65) SMA(50/200) SL=5% TP=8%
AAPL,0.037600658104673834,0.011365845687392417,0.2369453502438309,RSI(14/40/65) SMA(50/200) SL=5% TP=10%
AAPL,0.029921968401514364,0.008893953212877288,0.23694535024383076,RSI(14/40/65) SMA(50/200) SL=5% TP=12%
AAPL,0.046651201591966,0.014366696665114045,0.2369453502438309,RSI(14/40/65) SMA(50/200) SL=5% TP=15%
AAPL,0.037600658104673834,0.011365845687392417,0.2369453502438309,RSI(14/40/65) SMA(50/200) SL=8% TP=10%
AAPL,0.029921968401514364,0.008893953212877288,0.23694535024383076,RSI(14/40/65) SMA(50/200) SL=8% TP=12%
AAPL,0.046651201591966,0.014366696665114045,0.2369453502438309,RSI(14/40/65) SMA(50/200) SL=8% TP=15%
AAPL,0.029921968401514364,0.008893953212877288,0.23694535024383076,RSI(14/40/65) SMA(50/200) SL=10% TP=12%
AAPL,0.046651201591966,0.014366696665114045,0.2369453502438309,RSI(14/40/65) SMA(50/200) SL=10% TP=15%
AAPL,-0.012468880596361085,-0.0036043323354588755,0.2606789087310109,RSI(14/40/70) SMA(50/200) SL=5% TP=8%
AAPL,0.010400363960529034,0.0030622804240674944,0.2638756405404436,RSI(14/40/70) SMA(50/200) SL=5% TP=10%
AAPL,0.00342210614775718,0.0009912550289437538,0.2638756405404438,RSI(14/40/70) SMA(50/200) SL=5% TP=12%
AAPL,0.016373137621747854,0.004871368597257378,0.2409861074887957,RSI(14/40/70) SMA(50/200) SL=5% TP=15%
AAPL,0.010400363960529034,0.0030622804240674944,0.2638756405404436,RSI(14/40/70) SMA(50/200) SL=8% TP=10%
AAPL,0.00342210614775718,0.0009912550289437538,0.2638756405404438,RSI(14/40/70) SMA(50/200) SL=8% TP=12%
AAPL,0.016373137621747854,0.004871368597257378,0.2409861074887957,RSI(14/40/70) SMA(50/200) SL=8% TP=15%
AAPL,0.00342210614775718,0.0009912550289437538,0.2638756405404438,RSI(14/40/70) SMA(50/200) SL=10% TP=12%
AAPL,0.016373137621747854,0.004871368597257378,0.2409861074887957,RSI(14/40/70) SMA(50/200) SL=10% TP=15%
AAPL,-0.05454703167201413,-0.015861085647813463,0.3057612564336742,RSI(14/40/75) SMA(50/200) SL=5% TP=8%
AAPL,-0.029732394233688945,-0.008815315039622577,0.3084514133577046,RSI(14/40/75) SMA(50/200) SL=5% TP=10%
AAPL,-0.060132609462031375,-0.017055281510870664,0.3084514133577049,RSI(14/40/75) SMA(50/200) SL=5% TP=12%
AAPL,-0.06701094388038051,-0.018942680811780414,0.2869479485866288,RSI(14/40/75) SMA(50/200) SL=5% TP=15%
AAPL,-0.029732394233688945,-0.008815315039622577,0.3084514133577046,RSI(14/40/75) SMA(50/200) SL=8% TP=10%
AAPL,-0.060132609462031375,-0.017055281510870664,0.3084514133577049,RSI(14/40/75) SMA(50/200) SL=8% TP=12%
AAPL,-0.06701094388038051,-0.018942680811780414,0.2869479485866288,RSI(14/40/75) SMA(50/200) SL=8% TP=15%
AAPL,-0.060132609462031375,-0.017055281510870664,0.3084514133577049,RSI(14/40/75) SMA(50/200) SL=10% TP=12%
AAPL,-0.06701094388038051,-0.018942680811780414,0.2869479485866288,RSI(14/40/75) SMA(50/200) SL=10% TP=15%
TSLA,-0.08076717550475102,-0.054323897256254194,0.4837610331128541,RSI(7/25/65) SMA(50/200) SL=5% TP=8%
TSLA,-0.08605500190017493,-0.06049331200272695,0.569471196466101,RSI(7/25/65) SMA(50/200) SL=5% TP=10%
TSLA,-0.09024514383120649,-0.06208826897694106,0.5829741703740163,RSI(7/25/65) SMA(50/200) SL=5% TP=12%
TSLA,-0.05622019597379855,-0.04157604843446678,0.5523923940502932,RSI(7/25/65) SMA(50/200) SL=5% TP=15%
TSLA,-0.08393217863071512,-0.062073456381537204,0.5629091399646211,RSI(7/25/65) SMA(50/200) SL=8% TP=10%
TSLA,-0.08869983680757093,-0.06442702480399728,0.5766179242085566,RSI(7/25/65) SMA(50/200) SL=8% TP=12%
TSLA,-0.06990464813471864,-0.05263981733634219,0.5431524935085534,RSI(7/25/65) SMA(50/200) SL=8% TP=15%
TSLA,-0.08869983680757093,-0.06442702480399728,0.5766179242085566,RSI(7/25/65) SMA(50/200) SL=10% TP=12%
TSLA,-0.06990464813471864,-0.05263981733634219,0.5431524935085534,RSI(7/25/65) SMA(50/200) SL=10% TP=15%
TSLA,-0.07709455883060769,-0.051488314876278765,0.4751986111420207,RSI(7/25/70) SMA(50/200) SL=5% TP=8%
TSLA,-0.08282025900856534,-0.05781283806869964,0.5623303769563232,RSI(7/25/70) SMA(50/200) SL=5% TP=10%
TSLA,-0.10484071143357367,-0.06962994707479131,0.6161517980298823,RSI(7/25/70) SMA(50/200) SL=5% TP=12%
TSLA,-0.06613532870140539,-0.04764885379504482,0.577600800547424,RSI(7/25/70) SMA(50/200) SL=5% TP=15%
TSLA,-0.08092175682848723,-0.059432709674328434,0.5556594811374609,RSI(7/25/70) SMA(50/200) SL=8% TP=10%
TSLA,-0.10224025754236185,-0.07180075334697554,0.6103012403699899,RSI(7/25/70) SMA(50/200) SL=8% TP=12%
TSLA,-0.08353355080649662,-0.060860002882003,0.5794982433137339,RSI(7/25/70) SMA(50/200) SL=8% TP=15%
TSLA,-0.10224025754236185,-0.07180075334697554,0.6103012403699899,RSI(7/25/70) SMA(50/200) SL=10% TP=12%
TSLA,-0.08353355080649662,-0.060860002882003,0.5794982433137339,RSI(7/25/70) SMA(50/200) SL=10% TP=15%
TSLA,-0.05154109219805135,-0.03529305405264456,0.4016882916182169,RSI(7/25/75) SMA(50/200) SL=5% TP=8%
TSLA,-0.06923440145530685,-0.04794825728304478,0.5265834056581896,RSI(7/25/75) SMA(50/200) SL=5% TP=10%
TSLA,-0.11153503233914497,-0.07099574834103631,0.5967667045044994,RSI(7/25/75) SMA(50/200) SL=5% TP=12%
TSLA,-0.07146052593119133,-0.04932263795718976,0.5562688053878573,RSI(7/25/75) SMA(50/200) SL=5% TP=15%
TSLA,-0.06840054047833938,-0.04971433155580898,0.5256615193864079,RSI(7/25/75) SMA(50/200) SL=8% TP=10%
TSLA,-0.1086479176813031,-0.07313613887394697,0.5906206821092495,RSI(7/25/75) SMA(50/200) SL=8% TP=12%
TSLA,-0.08930269044302096,-0.06234868214958316,0.5535778867560407,RSI(7/25/75) SMA(50/200) SL=8% TP=15%
TSLA,-0.1086479176813031,-0.07313613887394697,0.5906206821092495,RSI(7/25/75) SMA(50/200) SL=10% TP=12%
TSLA,-0.08930269044302096,-0.06234868214958316,0.5535778867560407,RSI(7/25/75) SMA(50/200) SL=10% TP=15%
TSLA,-0.013373162712574119,-0.009141750872667553,0.48280321201158327,RSI(7/30/65) SMA(50/200) SL=5% TP=8%
TSLA,0.017135675554698516,0.012423351721132505,0.5305161879907678,RSI(7/30/65) SMA(50/200) SL=5% TP=10%
TSLA,0.011750993810861799,0.008400503159116073,0.5452409348874064,RSI(7/30/65) SMA(50/200) SL=5% TP=12%
TSLA,0.036356891469557395,0.026635343624348478,0.4979929482626176,RSI(7/30/65) SMA(50/200) SL=5% TP=15%
TSLA,0.09578986027620053,0.0701532540865149,0.4937958958613987,RSI(7/30/65) SMA(50/200) SL=8% TP=10%
TSLA,0.08975073608736223,0.06483682822996192,0.49379589586139866,RSI(7/30/65) SMA(50/200) SL=8% TP=12%
TSLA,0.13277272092008477,0.09882565271846136,0.4566744046079639,RSI(7/30/65) SMA(50/200) SL=8% TP=15%
TSLA,0.08975073608736223,0.06483682822996192,0.49379589586139866,RSI(7/30/65) SMA(50/200) SL=10% TP=12%
TSLA,0.13277272092008477,0.09882565271846136,0.4566744046079639,RSI(7/30/65) SMA(50/200) SL=10% TP=15%
TSLA,-0.007605909976460078,-0.005170220789683945,0.47422490346695784,RSI(7/30/70) SMA(50/200) SL=5% TP=8%
TSLA,0.0234888668319559,0.01693706119835287,0.5227292544875916,RSI(7/30/70) SMA(50/200) SL=5% TP=10%
TSLA,-0.006035908200028215,-0.004203079121620406,0.5814205330407554,RSI(7/30/70) SMA(50/200) SL=5% TP=12%
TSLA,0.017818859254586508,0.012722290169294118,0.5379314888995353,RSI(7/30/70) SMA(50/200) SL=5% TP=15%
TSLA,0.10449852761379937,0.07611838088751798,0.49594739898436513,RSI(7/30/70) SMA(50/200) SL=8% TP=10%
TSLA,0.06842435243747444,0.04818046901346832,0.49594739898436496,RSI(7/30/70) SMA(50/200) SL=8% TP=12%
TSLA,0.10981884112887272,0.07972850516595256,0.4589836840186134,RSI(7/30/70) SMA(50/200) SL=8% TP=15%
TSLA,0.06842435243747444,0.04818046901346832,0.49594739898436496,RSI(7/30/70) SMA(50/200) SL=10% TP=12%
TSLA,0.10981884112887272,0.07972850516595256,0.4589836840186134,RSI(7/30/70) SMA(50/200) SL=10% TP=15%
TSLA,0.006774472293107771,0.004666437432433567,0.43235147600397794,RSI(7/30/75) SMA(50/200) SL=5% TP=8%
TSLA,0.0257027645588599,0.01806850988190811,0.47197256233982027,RSI(7/30/75) SMA(50/200) SL=5% TP=10%
TSLA,-0.037774264449403516,-0.02499646259329142,0.6015368300404269,RSI(7/30/75) SMA(50/200) SL=5% TP=12%
TSLA,-0.0349110560819895,-0.02324399721657763,0.5601378036789411,RSI(7/30/75) SMA(50/200) SL=5% TP=15%
TSLA,0.10588889291078232,0.07512223285743008,0.45619494603522864,RSI(7/30/75) SMA(50/200) SL=8% TP=10%
TSLA,0.028078241812624256,0.01878880092278175,0.5088457773561432,RSI(7/30/75) SMA(50/200) SL=8% TP=12%
TSLA,0.041819918983940836,0.028350584141012092,0.47282793982598875,RSI(7/30/75) SMA(50/200) SL=8% TP=15%
TSLA,0.028078241812624256,0.01878880092278175,0.5088457773561432,RSI(7/30/75) SMA(50/200) SL=10% TP=12%
TSLA,0.041819918983940836,0.028350584141012092,0.47282793982598875,RSI(7/30/75) SMA(50/200) SL=10% TP=15%
TSLA,-0.09897178961701292,-0.06688084961419477,0.6161772238953088,RSI(7/35/65) SMA(50/200) SL=5% TP=8%
TSLA,-0.10058614904160035,-0.0699671820134774,0.6289598326464639,RSI(7/35/65) SMA(50/200) SL=5% TP=10%
TSLA,-0.1050184074871851,-0.07214387252988896,0.6372738798937947,RSI(7/35/65) SMA(50/200) SL=5% TP=12%
TSLA,-0.09104817393384528,-0.06382118692173719,0.6054847023101453,RSI(7/35/65) SMA(50/200) SL=5% TP=15%
TSLA,-0.05817734090702526,-0.04164495388386597,0.6094063972006745,RSI(7/35/65) SMA(50/200) SL=8% TP=10%
TSLA,-0.06284634673324342,-0.04445627203237133,0.6181585861923435,RSI(7/35/65) SMA(50/200) SL=8% TP=12%
TSLA,-0.07143078242923806,-0.05084013265817766,0.5795493750381892,RSI(7/35/65) SMA(50/200) SL=8% TP=15%
TSLA,-0.06284634673324342,-0.04445627203237133,0.6181585861923435,RSI(7/35/65) SMA(50/200) SL=10% TP=12%
TSLA,-0.07143078242923806,-0.05084013265817766,0.5795493750381892,RSI(7/35/65) SMA(50/200) SL=10% TP=15%
TSLA,-0.09568655236291031,-0.06436096806584168,0.609811078017476,RSI(7/35/70) SMA(50/200) SL=5% TP=8%
TSLA,-0.09784161913767016,-0.06748475047736568,0.6226536434815656,RSI(7/35/70) SMA(50/200) SL=5% TP=10%
TSLA,-0.0878616859804426,-0.05947237736298984,0.5923051359368144,RSI(7/35/70) SMA(50/200) SL=5% TP=12%
TSLA,-0.07061827255194449,-0.04876656164510632,0.5517546617578278,RSI(7/35/70) SMA(50/200) SL=5% TP=15%
TSLA,-0.0541486696661821,-0.03843875402344757,0.6027678783486045,RSI(7/35/70) SMA(50/200) SL=8% TP=10%
TSLA,-0.040296835471315,-0.028090323789931423,0.5708200356499671,RSI(7/35/70) SMA(50/200) SL=8% TP=12%
TSLA,-0.048313162609247416,-0.033893460599379456,0.526059692383767,RSI(7/35/70) SMA(50/200) SL=8% TP=15%
TSLA,-0.040296835471315,-0.028090323789931423,0.5708200356499671,RSI(7/35/70) SMA(50/200) SL=10% TP=12%
TSLA,-0.048313162609247416,-0.033893460599379456,0.526059692383767,RSI(7/35/70) SMA(50/200) SL=10% TP=15%
TSLA,-0.06257569392423687,-0.04304954123729571,0.5288800619384185,RSI(7/35/75) SMA(50/200) SL=5% TP=8%
TSLA,-0.09379183660601303,-0.06320920581958431,0.6008201100588637,RSI(7/35/75) SMA(50/200) SL=5% TP=10%
TSLA,-0.09944773695940727,-0.0644630599847295,0.6122217492170956,RSI(7/35/75) SMA(50/200) SL=5% TP=12%
TSLA,-0.10547137164241115,-0.06710827923938688,0.5880443605065342,RSI(7/35/75) SMA(50/200) SL=5% TP=15%
TSLA,-0.06609258148560856,-0.045641324577622516,0.6292368794290083,RSI(7/35/75) SMA(50/200) SL=8% TP=10%
TSLA,-0.07075880365825554,-0.04710718699110807,0.6398268600879883,RSI(7/35/75) SMA(50/200) SL=8% TP=12%
TSLA,-0.09342334390393066,-0.06165478161620338,0.6024060432144257,RSI(7/35/75) SMA(50/200) SL=8% TP=15%
TSLA,-0.07075880365825554,-0.04710718699110807,0.6398268600879883,RSI(7/35/75) SMA(50/200) SL=10% TP=12%
TSLA,-0.09342334390393066,-0.06165478161620338,0.6024060432144257,RSI(7/35/75) SMA(50/200) SL=10% TP=15%
TSLA,-0.0738456131261827,-0.05136810077600809,0.5704827363675499,RSI(7/40/65) SMA(50/200) SL=5% TP=8%
TSLA,-0.0743674308571239,-0.05268093113724801,0.5646279733770102,RSI(7/40/65) SMA(50/200) SL=5% TP=10%
TSLA,-0.0819343690108145,-0.05708757786689355,0.5813942692023927,RSI(7/40/65) SMA(50/200) SL=5% TP=12%
TSLA,-0.07816104308791588,-0.0544091677330568,0.5712035234038927,RSI(7/40/65) SMA(50/200) SL=5% TP=15%
TSLA,-0.08435870639263339,-0.059973656859124716,0.5923751481173363,RSI(7/40/65) SMA(50/200) SL=8% TP=10%
TSLA,-0.09165068089061071,-0.06419866372511919,0.6084503452741624,RSI(7/40/65) SMA(50/200) SL=8% TP=12%
TSLA,-0.08547064640625802,-0.05996704081456047,0.5923499755616123,RSI(7/40/65) SMA(50/200) SL=8% TP=15%
TSLA,-0.03837224688710419,-0.02694461901290311,0.5742265978774758,RSI(7/40/65) SMA(50/200) SL=10% TP=12%
TSLA,-0.02455721345387707,-0.017384959990944544,0.545187439142909,RSI(7/40/65) SMA(50/200) SL=10% TP=15%
TSLA,-0.06995497966091765,-0.04845820518847067,0.5633586944201647,RSI(7/40/70) SMA(50/200) SL=5% TP=8%
TSLA,-0.07077579861554412,-0.04975675325360394,0.5572284015824729,RSI(7/40/70) SMA(50/200) SL=5% TP=10%
TSLA,-0.08784964791307105,-0.06016299495895748,0.5964913734190193,RSI(7/40/70) SMA(50/200) SL=5% TP=12%
TSLA,-0.07968088926475961,-0.054793516771560136,0.5762322177297685,RSI(7/40/70) SMA(50/200) SL=5% TP=15%
TSLA,-0.08110340427838943,-0.05723584298085456,0.5854471665928008,RSI(7/40/70) SMA(50/200) SL=8% TP=10%
TSLA,-0.09336794357485197,-0.06454962680791966,0.6130422289170707,RSI(7/40/70) SMA(50/200) SL=8% TP=12%
TSLA,-0.07933521101464157,-0.05533823366063286,0.5782874461667123,RSI(7/40/70) SMA(50/200) SL=8% TP=15%
TSLA,-0.039558163942324906,-0.027422632751581986,0.5792198392127558,RSI(7/40/70) SMA(50/200) SL=10% TP=12%
TSLA,-0.02492119418049736,-0.017408584257484608,0.5505212361047555,RSI(7/40/70) SMA(50/200) SL=10% TP=15%
TSLA,-0.06585131727812824,-0.04513717405076195,0.5511370958289293,RSI(7/40/75) SMA(50/200) SL=5% TP=8%
TSLA,-0.06821348580674724,-0.04681907058151853,0.5396411851473919,RSI(7/40/75) SMA(50/200) SL=5% TP=10%
TSLA,-0.09290371058385072,-0.061819487862728326,0.6037768042056798,RSI(7/40/75) SMA(50/200) SL=5% TP=12%
TSLA,-0.11329385668851694,-0.07282662685503946,0.6121342037269993,RSI(7/40/75) SMA(50/200) SL=5% TP=15%
TSLA,-0.08060224386564582,-0.056163457876234266,0.5754029476089909,RSI(7/40/75) SMA(50/200) SL=8% TP=10%
TSLA,-0.11175947364446066,-0.07474347869970835,0.652412198610007,RSI(7/40/75) SMA(50/200) SL=8% TP=12%
TSLA,-0.1354666058615776,-0.08765654367350606,0.6731427714310809,RSI(7/40/75) SMA(50/200) SL=8% TP=15%
TSLA,-0.0637651764305574,-0.042626724296118045,0.6259969026122564,RSI(7/40/75) SMA(50/200) SL=10% TP=12%
TSLA,-0.07574000555017062,-0.04997513587677394,0.6165300847215428,RSI(7/40/75) SMA(50/200) SL=10% TP=15%
TSLA,0.012234312051830787,0.00952086525160799,0.4870014067509391,RSI(10/25/65) SMA(50/200) SL=5% TP=8%
TSLA,0.05607730739902376,0.043170613066886666,0.4229171660913765,RSI(10/25/65) SMA(50/200) SL=5% TP=10%
TSLA,0.024914349302408066,0.017928542895735786,0.4903973275271287,RSI(10/25/65) SMA(50/200) SL=5% TP=12%
TSLA,0.026862024858476937,0.019188686123605133,0.4848576907653272,RSI(10/25/65) SMA(50/200) SL=5% TP=15%
TSLA,0.21172117777921062,0.1644036391211578,0.27532001648212817,RSI(10/25/65) SMA(50/200) SL=8% TP=10%
TSLA,0.1799174554922258,0.13197405845776147,0.27032964662533476,RSI(10/25/65) SMA(50/200) SL=8% TP=12%
TSLA,0.20514618922388397,0.15037407353118407,0.2703296466253347,RSI(10/25/65) SMA(50/200) SL=8% TP=15%
TSLA,0.1052612061629179,0.07737678925045882,0.3266736575617849,RSI(10/25/65) SMA(50/200) SL=10% TP=12%
TSLA,0.1189004426447686,0.08727122858149784,0.29659853784356993,RSI(10/25/65) SMA(50/200) SL=10% TP=15%
TSLA,0.015002501574237641,0.011615769951154483,0.48091701856862007,RSI(10/25/70) SMA(50/200) SL=5% TP=8%
TSLA,0.05955624919904777,0.04566461852545974,0.41607271072432594,RSI(10/25/70) SMA(50/200) SL=5% TP=10%
TSLA,0.02805774055178966,0.020123166337539734,0.48435321645377377,RSI(10/25/70) SMA(50/200) SL=5% TP=12%
TSLA,0.007091273793633909,0.004867980793760911,0.4787478771717481,RSI(10/25/70) SMA(50/200) SL=5% TP=15%
TSLA,0.2176142496128905,0.16833552140968394,0.27532001648212806,RSI(10/25/70) SMA(50/200) SL=8% TP=10%
TSLA,0.18535204031561536,0.13552131170452697,0.2703296466253348,RSI(10/25/70) SMA(50/200) SL=8% TP=12%
TSLA,0.17759211825886204,0.12535522663533646,0.2703296466253347,RSI(10/25/70) SMA(50/200) SL=8% TP=15%
TSLA,0.10956449423499907,0.08027649495240972,0.3186877119964601,RSI(10/25/70) SMA(50/200) SL=10% TP=12%
TSLA,0.09523759390173643,0.06722512440741743,0.2897467680947154,RSI(10/25/70) SMA(50/200) SL=10% TP=15%
TSLA,0.02342618111883706,0.01805660805895397,0.48215752489705405,RSI(10/25/75) SMA(50/200) SL=5% TP=8%
TSLA,0.06980025199729593,0.0533325021299575,0.4174681822069284,RSI(10/25/75) SMA(50/200) SL=5% TP=10%
TSLA,-0.003926248489338429,-0.0026794944143138564,0.5328870929096093,RSI(10/25/75) SMA(50/200) SL=5% TP=12%
TSLA,-0.024587414267004185,-0.016076776555159496,0.5278093412183291,RSI(10/25/75) SMA(50/200) SL=5% TP=15%
TSLA,0.19532800429415423,0.14846774937192592,0.27532001648212817,RSI(10/25/75) SMA(50/200) SL=8% TP=10%
TSLA,0.14005698613872525,0.0986645048163168,0.2703296466253348,RSI(10/25/75) SMA(50/200) SL=8% TP=12%
TSLA,0.16429883044262036,0.11659702077296151,0.27032964662533476,RSI(10/25/75) SMA(50/200) SL=8% TP=15%
TSLA,0.0711008146177383,0.05014786142817647,0.3828144116461673,RSI(10/25/75) SMA(50/200) SL=10% TP=12%
TSLA,0.08483735600518127,0.06020769839149836,0.28931139361483044,RSI(10/25/75) SMA(50/200) SL=10% TP=15%
TSLA,-0.03156209495306955,-0.02387893166820969,0.4328884909871128,RSI(10/30/65) SMA(50/200) SL=5% TP=8%
TSLA,0.021738340640682502,0.016846951611650847,0.4017633268496512,RSI(10/30/65) SMA(50/200) SL=5% TP=10%
TSLA,-0.007136371542305866,-0.005235209334712468,0.43642603317697826,RSI(10/30/65) SMA(50/200) SL=5% TP=12%
TSLA,0.017107117913221406,0.012683127012054117,0.40176332684965127,RSI(10/30/65) SMA(50/200) SL=5% TP=15%
TSLA,0.13944545453086069,0.10983140846842156,0.3650876420379698,RSI(10/30/65) SMA(50/200) SL=8% TP=10%
TSLA,0.11018795160880533,0.08274025435048742,0.36508764203796973,RSI(10/30/65) SMA(50/200) SL=8% TP=12%
TSLA,0.15748593915005013,0.11967461797616111,0.36508764203796984,RSI(10/30/65) SMA(50/200) SL=8% TP=15%
TSLA,0.10525965108457458,0.07906120462424383,0.36508764203796973,RSI(10/30/65) SMA(50/200) SL=10% TP=12%
TSLA,0.1518960199613404,0.11545170633245269,0.36508764203796984,RSI(10/30/65) SMA(50/200) SL=10% TP=15%
TSLA,-0.02942627645543055,-0.02218016320050693,0.42616229990412857,RSI(10/30/70) SMA(50/200) SL=5% TP=8%
TSLA,0.02463353642622328,0.019028746906723806,0.4017633268496512,RSI(10/30/70) SMA(50/200) SL=5% TP=10%
TSLA,-0.004531932205299142,-0.0033153181478967806,0.4297417988950026,RSI(10/30/70) SMA(50/200) SL=5% TP=12%
TSLA,0.006152631084954152,0.004439516879378685,0.40274280306839355,RSI(10/30/70) SMA(50/200) SL=5% TP=15%
TSLA,0.1440786184996611,0.1131160401803656,0.36508764203796984,RSI(10/30/70) SMA(50/200) SL=8% TP=10%
TSLA,0.11445454763038398,0.08570357309953126,0.36508764203796984,RSI(10/30/70) SMA(50/200) SL=8% TP=12%
TSLA,0.14338540330566793,0.10595217993452707,0.36508764203796973,RSI(10/30/70) SMA(50/200) SL=8% TP=15%
TSLA,0.10945178887305305,0.08198088823086981,0.36508764203796984,RSI(10/30/70) SMA(50/200) SL=10% TP=12%
TSLA,0.1379006139456317,0.10193133245906197,0.3650876420379697,RSI(10/30/70) SMA(50/200) SL=10% TP=15%
TSLA,-0.04163945325986266,-0.030764027666576713,0.4801732409801473,RSI(10/30/75) SMA(50/200) SL=5% TP=8%
TSLA,0.010537865289249111,0.00800415146497907,0.4244049056344774,RSI(10/30/75) SMA(50/200) SL=5% TP=10%
TSLA,-0.032930103712152055,-0.023263445275093983,0.517767996981645,RSI(10/30/75) SMA(50/200) SL=5% TP=12%
TSLA,-0.049037596767698706,-0.03353426934857545,0.5522002640682272,RSI(10/30/75) SMA(50/200) SL=5% TP=15%
TSLA,0.12493410438120914,0.09651882050486103,0.36508764203796973,RSI(10/30/75) SMA(50/200) SL=8% TP=10%
TSLA,0.07578863928321009,0.054913984850847905,0.3650876420379699,RSI(10/30/75) SMA(50/200) SL=8% TP=12%
TSLA,0.09312290847909359,0.06774273231958727,0.36508764203796984,RSI(10/30/75) SMA(50/200) SL=8% TP=15%
TSLA,0.07124785374966766,0.051644679514391355,0.3650876420379699,RSI(10/30/75) SMA(50/200) SL=10% TP=12%
TSLA,0.08833900510924818,0.06428452249115851,0.3650876420379698,RSI(10/30/75) SMA(50/200) SL=10% TP=15%
TSLA,-0.0657824815117556,-0.04631940010933263,0.5861219741702547,RSI(10/35/65) SMA(50/200) SL=5% TP=8%
TSLA,-0.07028283759010537,-0.04712098615573905,0.6047423064983584,RSI(10/35/65) SMA(50/200) SL=5% TP=10%
TSLA,-0.07108820967836198,-0.04653482623240192,0.6014088118133047,RSI(10/35/65) SMA(50/200) SL=5% TP=12%
TSLA,-0.05534149637722119,-0.036616862331839604,0.5709129723952421,RSI(10/35/65) SMA(50/200) SL=5% TP=15%
TSLA,0.04050440014153591,0.02710965532010821,0.40355896714266937,RSI(10/35/65) SMA(50/200) SL=8% TP=10%
TSLA,0.03585296213078375,0.023808308839508345,0.40355896714266953,RSI(10/35/65) SMA(50/200) SL=8% TP=12%
TSLA,0.048508981209411085,0.031831968935177014,0.4084542306780055,RSI(10/35/65) SMA(50/200) SL=8% TP=15%
TSLA,0.03519298973386247,0.02337314553044131,0.4035589671426694,RSI(10/35/65) SMA(50/200) SL=10% TP=12%
TSLA,0.04781185299609596,0.03137851704342047,0.4084542306780055,RSI(10/35/65) SMA(50/200) SL=10% TP=15%
TSLA,-0.05753214965785198,-0.040412821845188844,0.5658834110313566,RSI(10/35/70) SMA(50/200) SL=5% TP=8%
TSLA,-0.09338830044059904,-0.06079375884083652,0.6497824695349909,RSI(10/35/70) SMA(50/200) SL=5% TP=10%
TSLA,-0.0805740829298851,-0.05172899778310946,0.6185796136618057,RSI(10/35/70) SMA(50/200) SL=5% TP=12%
TSLA,-0.06753142175706539,-0.043459938859689164,0.5870416005990303,RSI(10/35/70) SMA(50/200) SL=5% TP=15%
TSLA,0.007581580222388253,0.0049781979608005565,0.4331197833475065,RSI(10/35/70) SMA(50/200) SL=8% TP=10%
TSLA,0.023803203832252803,0.015583844423529515,0.42532882853410436,RSI(10/35/70) SMA(50/200) SL=8% TP=12%
TSLA,0.02122993776662174,0.013509302141284395,0.47114389910472454,RSI(10/35/70) SMA(50/200) SL=8% TP=15%
TSLA,0.023164141593444834,0.015167427396801936,0.42532882853410425,RSI(10/35/70) SMA(50/200) SL=10% TP=12%
TSLA,0.020580359926478227,0.013097613684513515,0.47114389910472443,RSI(10/35/70) SMA(50/200) SL=10% TP=15%
TSLA,-0.06671773175917566,-0.046167709089998156,0.600972610677956,RSI(10/35/75) SMA(50/200) SL=5% TP=8%
TSLA,-0.10203933386813444,-0.06562288633162514,0.6780901941382386,RSI(10/35/75) SMA(50/200) SL=5% TP=10%
TSLA,-0.1031111210202175,-0.0642939630354204,0.6727232446677895,RSI(10/35/75) SMA(50/200) SL=5% TP=12%
TSLA,-0.11260815616290974,-0.06896918698059562,0.6843936291220004,RSI(10/35/75) SMA(50/200) SL=5% TP=15%
TSLA,-0.004373038719628843,-0.002838477676726642,0.4789401311602544,RSI(10/35/75) SMA(50/200) SL=8% TP=10%
TSLA,-0.006768350833774871,-0.004311553446331598,0.48178915499237135,RSI(10/35/75) SMA(50/200) SL=8% TP=12%
TSLA,-0.013877039690655141,-0.008760994861547933,0.4979692160129985,RSI(10/35/75) SMA(50/200) SL=8% TP=15%
TSLA,-0.007349910019360308,-0.004682622262299397,0.48297032939115103,RSI(10/35/75) SMA(50/200) SL=10% TP=12%
TSLA,-0.014447010278598278,-0.009121921924715426,0.49796921601299826,RSI(10/35/75) SMA(50/200) SL=10% TP=15%
TSLA,-0.0603885703793635,-0.042502005729620915,0.6157290545622823,RSI(10/40/65) SMA(50/200) SL=5% TP=8%
TSLA,-0.08493127078453303,-0.05692578180986654,0.650936176804425,RSI(10/40/65) SMA(50/200) SL=5% TP=10%
TSLA,-0.08471559245889469,-0.05518890908697228,0.6441816147895566,RSI(10/40/65) SMA(50/200) SL=5% TP=12%
TSLA,-0.06990159539952988,-0.04598279793451562,0.6169582825660413,RSI(10/40/65) SMA(50/200) SL=5% TP=15%
TSLA,-0.01683139252725008,-0.0112048261401483,0.5224573523915043,RSI(10/40/65) SMA(50/200) SL=8% TP=10%
TSLA,-0.011813975000127108,-0.007670475062130317,0.5191688464465902,RSI(10/40/65) SMA(50/200) SL=8% TP=12%
TSLA,-0.0015083892903630883,-0.0009697719583646732,0.5407085477804883,RSI(10/40/65) SMA(50/200) SL=8% TP=15%
TSLA,-0.02134808839402762,-0.014095039268491821,0.5374897197756725,RSI(10/40/65) SMA(50/200) SL=10% TP=12%
TSLA,-0.00028065587594492373,-0.00018676868639787444,0.5374897197756724,RSI(10/40/65) SMA(50/200) SL=10% TP=15%
TSLA,-0.06464612006268265,-0.04526178924379531,0.624239866703198,RSI(10/40/70) SMA(50/200) SL=5% TP=8%
TSLA,-0.10561723852168338,-0.0694812844150563,0.6907124841740215,RSI(10/40/70) SMA(50/200) SL=5% TP=10%
TSLA,-0.10373412663159252,-0.06625851482535834,0.6847276138802565,RSI(10/40/70) SMA(50/200) SL=5% TP=12%
TSLA,-0.10833123187221967,-0.06799553168865476,0.6586590947661246,RSI(10/40/70) SMA(50/200) SL=5% TP=15%
TSLA,-0.053226054153972045,-0.03496762577358529,0.5831575030402025,RSI(10/40/70) SMA(50/200) SL=8% TP=10%
TSLA,-0.04635857242877428,-0.029677397096283666,0.582737473622998,RSI(10/40/70) SMA(50/200) SL=8% TP=12%
TSLA,-0.05657763618509937,-0.03542177740373917,0.5893824295730478,RSI(10/40/70) SMA(50/200) SL=8% TP=15%
TSLA,-0.05411946595969096,-0.03521519254710195,0.599551063941347,RSI(10/40/70) SMA(50/200) SL=10% TP=12%
TSLA,-0.045014754647303236,-0.02931068914368387,0.5693456364430194,RSI(10/40/70) SMA(50/200) SL=10% TP=15%
TSLA,-0.0910948919430945,-0.06337488159272738,0.6919637301693763,RSI(10/40/75) SMA(50/200) SL=5% TP=8%
TSLA,-0.11355781007579614,-0.07391579994367871,0.7157118775784564,RSI(10/40/75) SMA(50/200) SL=5% TP=10%
TSLA,-0.12413179328931401,-0.0774625802262768,0.7301477531808525,RSI(10/40/75) SMA(50/200) SL=5% TP=12%
TSLA,-0.14632845052147284,-0.08797848327683448,0.7375874083919125,RSI(10/40/75) SMA(50/200) SL=5% TP=15%
TSLA,-0.06299860010946992,-0.04096984921186386,0.6152091878787727,RSI(10/40/75) SMA(50/200) SL=8% TP=10%
TSLA,-0.07145712370670755,-0.044643802662876195,0.6313569118304666,RSI(10/40/75) SMA(50/200) SL=8% TP=12%
TSLA,-0.08188136208543856,-0.05097714003981694,0.6148831844957556,RSI(10/40/75) SMA(50/200) SL=8% TP=15%
TSLA,-0.07806460788965114,-0.04957852691552151,0.6462113822570144,RSI(10/40/75) SMA(50/200) SL=10% TP=12%
TSLA,-0.0705254813806784,-0.045587916590825686,0.5970113878835215,RSI(10/40/75) SMA(50/200) SL=10% TP=15%
TSLA,-0.0842506170532285,-0.06302367393756873,0.4254793414374593,RSI(14/25/65) SMA(50/200) SL=5% TP=8%
TSLA,-0.04904655847907305,-0.03812136283206684,0.36755042215435596,RSI(14/25/65) SMA(50/200) SL=5% TP=10%
TSLA,-0.05050903585045029,-0.038761942368518244,0.36755042215435596,RSI(14/25/65) SMA(50/200) SL=5% TP=12%
TSLA,-0.025979235285627043,-0.02141222504809223,0.3311087335227731,RSI(14/25/65) SMA(50/200) SL=5% TP=15%
TSLA,-0.011677168782155564,-0.009215801723463483,0.324306087747124,RSI(14/25/65) SMA(50/200) SL=8% TP=10%
TSLA,-0.01283719881708767,-0.009999932585873134,0.32430608774712394,RSI(14/25/65) SMA(50/200) SL=8% TP=12%
TSLA,0.021539478325461277,0.018126934543910546,0.324306087747124,RSI(14/25/65) SMA(50/200) SL=8% TP=15%
TSLA,-0.02545188111934208,-0.020161411027092284,0.324306087747124,RSI(14/25/65) SMA(50/200) SL=10% TP=12%
TSLA,0.007208397829865118,0.006146267640638657,0.324306087747124,RSI(14/25/65) SMA(50/200) SL=10% TP=15%
TSLA,-0.0842506170532285,-0.06302367393756873,0.4254793414374593,RSI(14/25/70) SMA(50/200) SL=5% TP=8%
TSLA,-0.04904655847907305,-0.03812136283206684,0.36755042215435596,RSI(14/25/70) SMA(50/200) SL=5% TP=10%
TSLA,-0.05050903585045029,-0.038761942368518244,0.36755042215435596,RSI(14/25/70) SMA(50/200) SL=5% TP=12%
TSLA,-0.025979235285627043,-0.02141222504809223,0.3311087335227731,RSI(14/25/70) SMA(50/200) SL=5% TP=15%
TSLA,-0.011677168782155564,-0.009215801723463483,0.324306087747124,RSI(14/25/70) SMA(50/200) SL=8% TP=10%
TSLA,-0.01283719881708767,-0.009999932585873134,0.32430608774712394,RSI(14/25/70) SMA(50/200) SL=8% TP=12%
TSLA,0.021539478325461277,0.018126934543910546,0.324306087747124,RSI(14/25/70) SMA(50/200) SL=8% TP=15%
TSLA,-0.02545188111934208,-0.020161411027092284,0.324306087747124,RSI(14/25/70) SMA(50/200) SL=10% TP=12%
TSLA,0.007208397829865118,0.006146267640638657,0.324306087747124,RSI(14/25/70) SMA(50/200) SL=10% TP=15%
TSLA,-0.0842506170532285,-0.06302367393756873,0.4254793414374593,RSI(14/25/75) SMA(50/200) SL=5% TP=8%
TSLA,-0.04904655847907305,-0.03812136283206684,0.36755042215435596,RSI(14/25/75) SMA(50/200) SL=5% TP=10%
TSLA,-0.05050903585045029,-0.038761942368518244,0.36755042215435596,RSI(14/25/75) SMA(50/200) SL=5% TP=12%
TSLA,-0.025979235285627043,-0.02141222504809223,0.3311087335227731,RSI(14/25/75) SMA(50/200) SL=5% TP=15%
TSLA,-0.011677168782155564,-0.009215801723463483,0.324306087747124,RSI(14/25/75) SMA(50/200) SL=8% TP=10%
TSLA,-0.01283719881708767,-0.009999932585873134,0.32430608774712394,RSI(14/25/75) SMA(50/200) SL=8% TP=12%
TSLA,0.021539478325461277,0.018126934543910546,0.324306087747124,RSI(14/25/75) SMA(50/200) SL=8% TP=15%
TSLA,-0.02545188111934208,-0.020161411027092284,0.324306087747124,RSI(14/25/75) SMA(50/200) SL=10% TP=12%
TSLA,0.007208397829865118,0.006146267640638657,0.324306087747124,RSI(14/25/75) SMA(50/200) SL=10% TP=15%
TSLA,-0.04921232731832187,-0.03488034147037293,0.3874629344039982,RSI(14/30/65) SMA(50/200) SL=5% TP=8%
TSLA,-0.030083789721486183,-0.022389701531170335,0.44380041613390436,RSI(14/30/65) SMA(50/200) SL=5% TP=10%
TSLA,-0.04784206932020876,-0.033782859469386035,0.4875878071236779,RSI(14/30/65) SMA(50/200) SL=5% TP=12%
TSLA,-0.0753991125716695,-0.049714448021095065,0.5265855291753375,RSI(14/30/65) SMA(50/200) SL=5% TP=15%
TSLA,0.017980399180598454,0.01314271442679952,0.3274574014226998,RSI(14/30/65) SMA(50/200) SL=8% TP=10%
TSLA,0.009602514703038374,0.006728824873324518,0.3497570219808305,RSI(14/30/65) SMA(50/200) SL=8% TP=12%
TSLA,-0.03348395438534883,-0.021303345955935013,0.4579146738419048,RSI(14/30/65) SMA(50/200) SL=8% TP=15%
TSLA,0.028829402041061793,0.020285048972620564,0.324306087747124,RSI(14/30/65) SMA(50/200) SL=10% TP=12%
TSLA,0.011567093594371856,0.0077336454101096614,0.34995895930191634,RSI(14/30/65) SMA(50/200) SL=10% TP=15%
TSLA,-0.04921232731832187,-0.03488034147037293,0.3874629344039982,RSI(14/30/70) SMA(50/200) SL=5% TP=8%
TSLA,-0.030083789721486183,-0.022389701531170335,0.44380041613390436,RSI(14/30/70) SMA(50/200) SL=5% TP=10%
TSLA,-0.04784206932020876,-0.033782859469386035,0.4875878071236779,RSI(14/30/70) SMA(50/200) SL=5% TP=12%
TSLA,-0.05741610092853998,-0.03940294377060118,0.4850024616159246,RSI(14/30/70) SMA(50/200) SL=5% TP=15%
TSLA,0.017980399180598454,0.01314271442679952,0.3274574014226998,RSI(14/30/70) SMA(50/200) SL=8% TP=10%
TSLA,0.009602514703038374,0.006728824873324518,0.3497570219808305,RSI(14/30/70) SMA(50/200) SL=8% TP=12%
TSLA,-0.012828033510336092,-0.008496310095359566,0.410299799076179,RSI(14/30/70) SMA(50/200) SL=8% TP=15%
TSLA,0.028829402041061793,0.020285048972620564,0.324306087747124,RSI(14/30/70) SMA(50/200) SL=10% TP=12%
TSLA,0.033285759735256035,0.02309118880289672,0.32430608774712405,RSI(14/30/70) SMA(50/200) SL=10% TP=15%
TSLA,-0.04921232731832187,-0.03488034147037293,0.3874629344039982,RSI(14/30/75) SMA(50/200) SL=5% TP=8%
TSLA,-0.030083789721486183,-0.022389701531170335,0.44380041613390436,RSI(14/30/75) SMA(50/200) SL=5% TP=10%
TSLA,-0.04784206932020876,-0.033782859469386035,0.4875878071236779,RSI(14/30/75) SMA(50/200) SL=5% TP=12%
TSLA,-0.05741610092853998,-0.03940294377060118,0.4850024616159246,RSI(14/30/75) SMA(50/200) SL=5% TP=15%
TSLA,0.017980399180598454,0.01314271442679952,0.3274574014226998,RSI(14/30/75) SMA(50/200) SL=8% TP=10%
TSLA,0.009602514703038374,0.006728824873324518,0.3497570219808305,RSI(14/30/75) SMA(50/200) SL=8% TP=12%
TSLA,-0.012828033510336092,-0.008496310095359566,0.410299799076179,RSI(14/30/75) SMA(50/200) SL=8% TP=15%
TSLA,0.028829402041061793,0.020285048972620564,0.324306087747124,RSI(14/30/75) SMA(50/200) SL=10% TP=12%
TSLA,0.033285759735256035,0.02309118880289672,0.32430608774712405,RSI(14/30/75) SMA(50/200) SL=10% TP=15%
TSLA,-0.09877303290327229,-0.07320136870191934,0.6179302742267746,RSI(14/35/65) SMA(50/200) SL=5% TP=8%
TSLA,-0.1302138278727198,-0.08913910302292496,0.6925539825866012,RSI(14/35/65) SMA(50/200) SL=5% TP=10%
TSLA,-0.11347548589222844,-0.0767984994632021,0.6499963000989482,RSI(14/35/65) SMA(50/200) SL=5% TP=12%
TSLA,-0.12907376733896403,-0.08446784402750489,0.6580773113986403,RSI(14/35/65) SMA(50/200) SL=5% TP=15%
TSLA,-0.06541532026435437,-0.045271196822826446,0.5195762533951792,RSI(14/35/65) SMA(50/200) SL=8% TP=10%
TSLA,-0.06595730202818313,-0.044539138890039506,0.5249728938366147,RSI(14/35/65) SMA(50/200) SL=8% TP=12%
TSLA,-0.09030292226657984,-0.05784412184448119,0.5712217556470335,RSI(14/35/65) SMA(50/200) SL=8% TP=15%
TSLA,-0.07132432605338586,-0.049209348720020224,0.5430726183981043,RSI(14/35/65) SMA(50/200) SL=10% TP=12%
TSLA,-0.07767596029567155,-0.05251236554642467,0.5502987810850244,RSI(14/35/65) SMA(50/200) SL=10% TP=15%
TSLA,-0.09877303290327229,-0.07320136870191934,0.6179302742267746,RSI(14/35/70) SMA(50/200) SL=5% TP=8%
TSLA,-0.1302138278727198,-0.08913910302292496,0.6925539825866012,RSI(14/35/70) SMA(50/200) SL=5% TP=10%
TSLA,-0.11347548589222844,-0.0767984994632021,0.6499963000989482,RSI(14/35/70) SMA(50/200) SL=5% TP=12%
TSLA,-0.12907376733896403,-0.08446784402750489,0.6580773113986403,RSI(14/35/70) SMA(50/200) SL=5% TP=15%
TSLA,-0.06541532026435437,-0.045271196822826446,0.5195762533951792,RSI(14/35/70) SMA(50/200) SL=8% TP=10%
TSLA,-0.06595730202818313,-0.044539138890039506,0.5249728938366147,RSI(14/35/70) SMA(50/200) SL=8% TP=12%
TSLA,-0.07297479473429964,-0.04824669964400363,0.5335593777482821,RSI(14/35/70) SMA(50/200) SL=8% TP=15%
TSLA,-0.07132432605338586,-0.049209348720020224,0.5430726183981043,RSI(14/35/70) SMA(50/200) SL=10% TP=12%
TSLA,-0.06099061761560043,-0.04244662056323572,0.5107986024463835,RSI(14/35/70) SMA(50/200) SL=10% TP=15%
TSLA,-0.09877303290327229,-0.07320136870191934,0.6179302742267746,RSI(14/35/75) SMA(50/200) SL=5% TP=8%
TSLA,-0.1302138278727198,-0.08913910302292496,0.6925539825866012,RSI(14/35/75) SMA(50/200) SL=5% TP=10%
TSLA,-0.11347548589222844,-0.0767984994632021,0.6499963000989482,RSI(14/35/75) SMA(50/200) SL=5% TP=12%
TSLA,-0.12907376733896403,-0.08446784402750489,0.6580773113986403,RSI(14/35/75) SMA(50/200) SL=5% TP=15%
TSLA,-0.06541532026435437,-0.045271196822826446,0.5195762533951792,RSI(14/35/75) SMA(50/200) SL=8% TP=10%
TSLA,-0.06595730202818313,-0.044539138890039506,0.5249728938366147,RSI(14/35/75) SMA(50/200) SL=8% TP=12%
TSLA,-0.07297479473429964,-0.04824669964400363,0.5335593777482821,RSI(14/35/75) SMA(50/200) SL=8% TP=15%
TSLA,-0.07132432605338586,-0.049209348720020224,0.5430726183981043,RSI(14/35/75) SMA(50/200) SL=10% TP=12%
TSLA,-0.06099061761560043,-0.04244662056323572,0.5107986024463835,RSI(14/35/75) SMA(50/200) SL=10% TP=15%
TSLA,-0.14014841747139462,-0.09540977036345302,0.7327903866064451,RSI(14/40/65) SMA(50/200) SL=5% TP=8%
TSLA,-0.16804644204229688,-0.10537363747597858,0.7440359006701477,RSI(14/40/65) SMA(50/200) SL=5% TP=10%
TSLA,-0.16292252998200077,-0.1001796693629963,0.7292770431071353,RSI(14/40/65) SMA(50/200) SL=5% TP=12%
TSLA,-0.1549719506813987,-0.09640324301188877,0.7140016912289712,RSI(14/40/65) SMA(50/200) SL=5% TP=15%
TSLA,-0.13913679396671763,-0.08952427458520917,0.6783217954626087,RSI(14/40/65) SMA(50/200) SL=8% TP=10%
TSLA,-0.14120260479047317,-0.08824501292785258,0.6810022828861795,RSI(14/40/65) SMA(50/200) SL=8% TP=12%
TSLA,-0.1131688875153778,-0.07148775996664242,0.6565106142304098,RSI(14/40/65) SMA(50/200) SL=8% TP=15%
TSLA,-0.11895164804405818,-0.07584392386952749,0.6308408388578034,RSI(14/40/65) SMA(50/200) SL=10% TP=12%
TSLA,-0.10615215168325025,-0.07035884666929511,0.6524553359749579,RSI(14/40/65) SMA(50/200) SL=10% TP=15%
TSLA,-0.15207996779273136,-0.1035389382817622,0.7630863786445878,RSI(14/40/70) SMA(50/200) SL=5% TP=8%
TSLA,-0.1790457416574451,-0.11237311086392823,0.7730568861686231,RSI(14/40/70) SMA(50/200) SL=5% TP=10%
TSLA,-0.1861480013004696,-0.11255838526268458,0.7599713749554762,RSI(14/40/70) SMA(50/200) SL=5% TP=12%
TSLA,-0.16551237662885307,-0.10441854837439475,0.7241550472913646,RSI(14/40/70) SMA(50/200) SL=5% TP=15%
TSLA,-0.1526862442856086,-0.0983207348624036,0.7147933886801598,RSI(14/40/70) SMA(50/200) SL=8% TP=10%
TSLA,-0.16717910243075357,-0.10283107595746037,0.7171699647862767,RSI(14/40/70) SMA(50/200) SL=8% TP=12%
TSLA,-0.1286052102097652,-0.0823275298440643,0.6687049871704386,RSI(14/40/70) SMA(50/200) SL=8% TP=15%
TSLA,-0.14760386538742398,-0.0927236020098446,0.6726957813680463,RSI(14/40/70) SMA(50/200) SL=10% TP=12%
TSLA,-0.12129831225892405,-0.08132659221321252,0.6647936771931091,RSI(14/40/70) SMA(50/200) SL=10% TP=15%
TSLA,-0.15207996779273136,-0.1035389382817622,0.7630863786445878,RSI(14/40/75) SMA(50/200) SL=5% TP=8%
TSLA,-0.1790457416574451,-0.11237311086392823,0.7730568861686231,RSI(14/40/75) SMA(50/200) SL=5% TP=10%
TSLA,-0.1861480013004696,-0.11255838526268458,0.7599713749554762,RSI(14/40/75) SMA(50/200) SL=5% TP=12%
TSLA,-0.16551237662885307,-0.10441854837439475,0.7241550472913646,RSI(14/40/75) SMA(50/200) SL=5% TP=15%
TSLA,-0.1526862442856086,-0.0983207348624036,0.7147933886801598,RSI(14/40/75) SMA(50/200) SL=8% TP=10%
TSLA,-0.16717910243075357,-0.10283107595746037,0.7171699647862767,RSI(14/40/75) SMA(50/200) SL=8% TP=12%
TSLA,-0.1286052102097652,-0.0823275298440643,0.6687049871704386,RSI(14/40/75) SMA(50/200) SL=8% TP=15%
TSLA,-0.14760386538742398,-0.0927236020098446,0.6726957813680463,RSI(14/40/75) SMA(50/200) SL=10% TP=12%
TSLA,-0.12129831225892405,-0.08132659221321252,0.6647936771931091,RSI(14/40/75) SMA(50/200) SL=10% TP=15%
SPY,0.3071945529785569,0.07086322444730712,0.07808319479502797,RSI(7/25/65) SMA(50/200) SL=5% TP=8%
SPY,0.3012075655001858,0.06608747534014706,0.07808319479502797,RSI(7/25/65) SMA(50/200) SL=5% TP=10%
SPY,0.3012075655001858,0.06608747534014706,0.07808319479502797,RSI(7/25/65) SMA(50/200) SL=5% TP=12%
SPY,0.3012075655001858,0.06608747534014706,0.07808319479502797,RSI(7/25/65) SMA(50/200) SL=5% TP=15%
SPY,0.3012075655001858,0.06608747534014706,0.07808319479502797,RSI(7/25/65) SMA(50/200) SL=8% TP=10%
SPY,0.3012075655001858,0.06608747534014706,0.07808319479502797,RSI(7/25/65) SMA(50/200) SL=8% TP=12%
SPY,0.3012075655001858,0.06608747534014706,0.07808319479502797,RSI(7/25/65) SMA(50/200) SL=8% TP=15%
SPY,0.3012075655001858,0.06608747534014706,0.07808319479502797,RSI(7/25/65) SMA(50/200) SL=10% TP=12%
SPY,0.3012075655001858,0.06608747534014706,0.07808319479502797,RSI(7/25/65) SMA(50/200) SL=10% TP=15%
SPY,0.35671766201691146,0.08410571429522053,0.07808319479502793,RSI(7/25/70) SMA(50/200) SL=5% TP=8%
SPY,0.319371557638665,0.06819818156801104,0.07808319479502793,RSI(7/25/70) SMA(50/200) SL=5% TP=10%
SPY,0.319371557638665,0.06819818156801104,0.07808319479502793,RSI(7/25/70) SMA(50/200) SL=5% TP=12%
SPY,0.319371557638665,0.06819818156801104,0.07808319479502793,RSI(7/25/70) SMA(50/200) SL=5% TP=15%
SPY,0.319371557638665,0.06819818156801104,0.07808319479502793,RSI(7/25/70) SMA(50/200) SL=8% TP=10%
SPY,0.319371557638665,0.06819818156801104,0.07808319479502793,RSI(7/25/70) SMA(50/200) SL=8% TP=12%
SPY,0.319371557638665,0.06819818156801104,0.07808319479502793,RSI(7/25/70) SMA(50/200) SL=8% TP=15%
SPY,0.319371557638665,0.06819818156801104,0.07808319479502793,RSI(7/25/70) SMA(50/200) SL=10% TP=12%
SPY,0.319371557638665,0.06819818156801104,0.07808319479502793,RSI(7/25/70) SMA(50/200) SL=10% TP=15%
SPY,0.3918153301685328,0.09151629180990786,0.07808319479502793,RSI(7/25/75) SMA(50/200) SL=5% TP=8%
SPY,0.3523784827600098,0.07513950265227255,0.07808319479502793,RSI(7/25/75) SMA(50/200) SL=5% TP=10%
SPY,0.3523784827600098,0.07513950265227255,0.07808319479502793,RSI(7/25/75) SMA(50/200) SL=5% TP=12%
SPY,0.3523784827600098,0.07513950265227255,0.07808319479502793,RSI(7/25/75) SMA(50/200) SL=5% TP=15%
SPY,0.3523784827600098,0.07513950265227255,0.07808319479502793,RSI(7/25/75) SMA(50/200) SL=8% TP=10%
SPY,0.3523784827600098,0.07513950265227255,0.07808319479502793,RSI(7/25/75) SMA(50/200) SL=8% TP=12%
SPY,0.3523784827600098,0.07513950265227255,0.07808319479502793,RSI(7/25/75) SMA(50/200) SL=8% TP=15%
SPY,0.3523784827600098,0.07513950265227255,0.07808319479502793,RSI(7/25/75) SMA(50/200) SL=10% TP=12%
SPY,0.3523784827600098,0.07513950265227255,0.07808319479502793,RSI(7/25/75) SMA(50/200) SL=10% TP=15%
SPY,0.45661683243841833,0.09606517785856018,0.08338292472184926,RSI(7/30/65) SMA(50/200) SL=5% TP=8%
SPY,0.4504885020052436,0.09078366245221688,0.08338292472184926,RSI(7/30/65) SMA(50/200) SL=5% TP=10%
SPY,0.4504885020052436,0.09078366245221688,0.08338292472184926,RSI(7/30/65) SMA(50/200) SL=5% TP=12%
SPY,0.4504885020052436,0.09078366245221688,0.08338292472184926,RSI(7/30/65) SMA(50/200) SL=5% TP=15%
SPY,0.4504885020052436,0.09078366245221688,0.08338292472184926,RSI(7/30/65) SMA(50/200) SL=8% TP=10%
SPY,0.4504885020052436,0.09078366245221688,0.08338292472184926,RSI(7/30/65) SMA(50/200) SL=8% TP=12%
SPY,0.4504885020052436,0.09078366245221688,0.08338292472184926,RSI(7/30/65) SMA(50/200) SL=8% TP=15%
SPY,0.4504885020052436,0.09078366245221688,0.08338292472184926,RSI(7/30/65) SMA(50/200) SL=10% TP=12%
SPY,0.4504885020052436,0.09078366245221688,0.08338292472184926,RSI(7/30/65) SMA(50/200) SL=10% TP=15%
SPY,0.5420351799786444,0.11584664832515806,0.08338292472184909,RSI(7/30/70) SMA(50/200) SL=5% TP=8%
SPY,0.49874962018632274,0.09792919972138553,0.08338292472184909,RSI(7/30/70) SMA(50/200) SL=5% TP=10%
SPY,0.49874962018632274,0.09792919972138553,0.08338292472184909,RSI(7/30/70) SMA(50/200) SL=5% TP=12%
SPY,0.49874962018632274,0.09792919972138553,0.08338292472184909,RSI(7/30/70) SMA(50/200) SL=5% TP=15%
SPY,0.49874962018632274,0.09792919972138553,0.08338292472184909,RSI(7/30/70) SMA(50/200) SL=8% TP=10%
SPY,0.49874962018632274,0.09792919972138553,0.08338292472184909,RSI(7/30/70) SMA(50/200) SL=8% TP=12%
SPY,0.49874962018632274,0.09792919972138553,0.08338292472184909,RSI(7/30/70) SMA(50/200) SL=8% TP=15%
SPY,0.49874962018632274,0.09792919972138553,0.08338292472184909,RSI(7/30/70) SMA(50/200) SL=10% TP=12%
SPY,0.49874962018632274,0.09792919972138553,0.08338292472184909,RSI(7/30/70) SMA(50/200) SL=10% TP=15%
SPY,0.595630384128933,0.1278642892205218,0.0833829247218491,RSI(7/30/75) SMA(50/200) SL=5% TP=8%
SPY,0.5493339545147037,0.10918585333100522,0.0833829247218491,RSI(7/30/75) SMA(50/200) SL=5% TP=10%
SPY,0.5493339545147037,0.10918585333100522,0.0833829247218491,RSI(7/30/75) SMA(50/200) SL=5% TP=12%
SPY,0.5493339545147037,0.10918585333100522,0.0833829247218491,RSI(7/30/75) SMA(50/200) SL=5% TP=15%
SPY,0.5493339545147037,0.10918585333100522,0.0833829247218491,RSI(7/30/75) SMA(50/200) SL=8% TP=10%
SPY,0.5493339545147037,0.10918585333100522,0.0833829247218491,RSI(7/30/75) SMA(50/200) SL=8% TP=12%
SPY,0.5493339545147037,0.10918585333100522,0.0833829247218491,RSI(7/30/75) SMA(50/200) SL=8% TP=15%
SPY,0.5493339545147037,0.10918585333100522,0.0833829247218491,RSI(7/30/75) SMA(50/200) SL=10% TP=12%
SPY,0.5493339545147037,0.10918585333100522,0.0833829247218491,RSI(7/30/75) SMA(50/200) SL=10% TP=15%
SPY,0.5320989468280201,0.10480813093746733,0.07436516003289222,RSI(7/35/65) SMA(50/200) SL=5% TP=8%
SPY,0.525122028045752,0.09935115726602478,0.07436516003289222,RSI(7/35/65) SMA(50/200) SL=5% TP=10%
SPY,0.525122028045752,0.09935115726602478,0.07436516003289222,RSI(7/35/65) SMA(50/200) SL=5% TP=12%
SPY,0.525122028045752,0.09935115726602478,0.07436516003289222,RSI(7/35/65) SMA(50/200) SL=5% TP=15%
SPY,0.525122028045752,0.09935115726602478,0.07436516003289222,RSI(7/35/65) SMA(50/200) SL=8% TP=10%
SPY,0.525122028045752,0.09935115726602478,0.07436516003289222,RSI(7/35/65) SMA(50/200) SL=8% TP=12%
SPY,0.525122028045752,0.09935115726602478,0.07436516003289222,RSI(7/35/65) SMA(50/200) SL=8% TP=15%
SPY,0.525122028045752,0.09935115726602478,0.07436516003289222,RSI(7/35/65) SMA(50/200) SL=10% TP=12%
SPY,0.525122028045752,0.09935115726602478,0.07436516003289222,RSI(7/35/65) SMA(50/200) SL=10% TP=15%
SPY,0.6447639457576291,0.12944430324371764,0.07436516003289212,RSI(7/35/70) SMA(50/200) SL=5% TP=8%
SPY,0.5958989815590096,0.11066581688727342,0.07436516003289212,RSI(7/35/70) SMA(50/200) SL=5% TP=10%
SPY,0.5958989815590096,0.11066581688727342,0.07436516003289212,RSI(7/35/70) SMA(50/200) SL=5% TP=12%
SPY,0.5958989815590096,0.11066581688727342,0.07436516003289212,RSI(7/35/70) SMA(50/200) SL=5% TP=15%
SPY,0.5958989815590096,0.11066581688727342,0.07436516003289212,RSI(7/35/70) SMA(50/200) SL=8% TP=10%
SPY,0.5958989815590096,0.11066581688727342,0.07436516003289212,RSI(7/35/70) SMA(50/200) SL=8% TP=12%
SPY,0.5958989815590096,0.11066581688727342,0.07436516003289212,RSI(7/35/70) SMA(50/200) SL=8% TP=15%
SPY,0.5958989815590096,0.11066581688727342,0.07436516003289212,RSI(7/35/70) SMA(50/200) SL=10% TP=12%
SPY,0.5958989815590096,0.11066581688727342,0.07436516003289212,RSI(7/35/70) SMA(50/200) SL=10% TP=15%
SPY,0.7006708154676071,0.14109156759220684,0.074365160032892,RSI(7/35/75) SMA(50/200) SL=5% TP=8%
SPY,0.6482064353718054,0.12157554712569271,0.074365160032892,RSI(7/35/75) SMA(50/200) SL=5% TP=10%
SPY,0.6482064353718054,0.12157554712569271,0.074365160032892,RSI(7/35/75) SMA(50/200) SL=5% TP=12%
SPY,0.6482064353718054,0.12157554712569271,0.074365160032892,RSI(7/35/75) SMA(50/200) SL=5% TP=15%
SPY,0.6482064353718054,0.12157554712569271,0.074365160032892,RSI(7/35/75) SMA(50/200) SL=8% TP=10%
SPY,0.6482064353718054,0.12157554712569271,0.074365160032892,RSI(7/35/75) SMA(50/200) SL=8% TP=12%
SPY,0.6482064353718054,0.12157554712569271,0.074365160032892,RSI(7/35/75) SMA(50/200) SL=8% TP=15%
SPY,0.6482064353718054,0.12157554712569271,0.074365160032892,RSI(7/35/75) SMA(50/200) SL=10% TP=12%
SPY,0.6482064353718054,0.12157554712569271,0.074365160032892,RSI(7/35/75) SMA(50/200) SL=10% TP=15%
SPY,0.7606236870147016,0.14769896487047635,0.07863774489356513,RSI(7/40/65) SMA(50/200) SL=5% TP=8%
SPY,0.7152132554911476,0.13390439386469014,0.07863774489356513,RSI(7/40/65) SMA(50/200) SL=5% TP=10%
SPY,0.7152132554911476,0.13390439386469014,0.07863774489356513,RSI(7/40/65) SMA(50/200) SL=5% TP=12%
SPY,0.7152132554911476,0.13390439386469014,0.07863774489356513,RSI(7/40/65) SMA(50/200) SL=5% TP=15%
SPY,0.7152132554911476,0.13390439386469014,0.07863774489356513,RSI(7/40/65) SMA(50/200) SL=8% TP=10%
SPY,0.7152132554911476,0.13390439386469014,0.07863774489356513,RSI(7/40/65) SMA(50/200) SL=8% TP=12%
SPY,0.7152132554911476,0.13390439386469014,0.07863774489356513,RSI(7/40/65) SMA(50/200) SL=8% TP=15%
SPY,0.7152132554911476,0.13390439386469014,0.07863774489356513,RSI(7/40/65) SMA(50/200) SL=10% TP=12%
SPY,0.7152132554911476,0.13390439386469014,0.07863774489356513,RSI(7/40/65) SMA(50/200) SL=10% TP=15%
SPY,0.9065425288307928,0.17898538154441027,0.07380284454155184,RSI(7/40/70) SMA(50/200) SL=5% TP=8%
SPY,0.7732450855680586,0.14160977422290266,0.07380284454155184,RSI(7/40/70) SMA(50/200) SL=5% TP=10%
SPY,0.7732450855680586,0.14160977422290266,0.07380284454155184,RSI(7/40/70) SMA(50/200) SL=5% TP=12%
SPY,0.7732450855680586,0.14160977422290266,0.07380284454155184,RSI(7/40/70) SMA(50/200) SL=5% TP=15%
SPY,0.7732450855680586,0.14160977422290266,0.07380284454155184,RSI(7/40/70) SMA(50/200) SL=8% TP=10%
SPY,0.7732450855680586,0.14160977422290266,0.07380284454155184,RSI(7/40/70) SMA(50/200) SL=8% TP=12%
SPY,0.7732450855680586,0.14160977422290266,0.07380284454155184,RSI(7/40/70) SMA(50/200) SL=8% TP=15%
SPY,0.7732450855680586,0.14160977422290266,0.07380284454155184,RSI(7/40/70) SMA(50/200) SL=10% TP=12%
SPY,0.7732450855680586,0.14160977422290266,0.07380284454155184,RSI(7/40/70) SMA(50/200) SL=10% TP=15%
SPY,0.9859301384833606,0.1955098590442609,0.07380284454155189,RSI(7/40/75) SMA(50/200) SL=5% TP=8%
SPY,0.8443505166119636,0.15634973034541985,0.07380284454155189,RSI(7/40/75) SMA(50/200) SL=5% TP=10%
SPY,0.8443505166119636,0.15634973034541985,0.07380284454155189,RSI(7/40/75) SMA(50/200) SL=5% TP=12%
SPY,0.8443505166119636,0.15634973034541985,0.07380284454155189,RSI(7/40/75) SMA(50/200) SL=5% TP=15%
SPY,0.8443505166119636,0.15634973034541985,0.07380284454155189,RSI(7/40/75) SMA(50/200) SL=8% TP=10%
SPY,0.8443505166119636,0.15634973034541985,0.07380284454155189,RSI(7/40/75) SMA(50/200) SL=8% TP=12%
SPY,0.8443505166119636,0.15634973034541985,0.07380284454155189,RSI(7/40/75) SMA(50/200) SL=8% TP=15%
SPY,0.8443505166119636,0.15634973034541985,0.07380284454155189,RSI(7/40/75) SMA(50/200) SL=10% TP=12%
SPY,0.8443505166119636,0.15634973034541985,0.07380284454155189,RSI(7/40/75) SMA(50/200) SL=10% TP=15%
SPY,0.2008887494540979,0.04870192026419848,0.060880569283129043,RSI(10/25/65) SMA(50/200) SL=5% TP=8%
SPY,0.16804041054970906,0.035036244933069595,0.060880569283129043,RSI(10/25/65) SMA(50/200) SL=5% TP=10%
SPY,0.16804041054970906,0.035036244933069595,0.060880569283129043,RSI(10/25/65) SMA(50/200) SL=5% TP=12%
SPY,0.16804041054970906,0.035036244933069595,0.060880569283129043,RSI(10/25/65) SMA(50/200) SL=5% TP=15%
SPY,0.16804041054970906,0.035036244933069595,0.060880569283129043,RSI(10/25/65) SMA(50/200) SL=8% TP=10%
SPY,0.16804041054970906,0.035036244933069595,0.060880569283129043,RSI(10/25/65) SMA(50/200) SL=8% TP=12%
SPY,0.16804041054970906,0.035036244933069595,0.060880569283129043,RSI(10/25/65) SMA(50/200) SL=8% TP=15%
SPY,0.16804041054970906,0.035036244933069595,0.060880569283129043,RSI(10/25/65) SMA(50/200) SL=10% TP=12%
SPY,0.16804041054970906,0.035036244933069595,0.060880569283129043,RSI(10/25/65) SMA(50/200) SL=10% TP=15%
SPY,0.23394121080047875,0.05894153153743282,0.049268457726346276,RSI(10/25/70) SMA(50/200) SL=5% TP=8%
SPY,0.20151921728297686,0.04462745823387823,0.049268457726346276,RSI(10/25/70) SMA(50/200) SL=5% TP=10%
SPY,0.20151921728297686,0.04462745823387823,0.049268457726346276,RSI(10/25/70) SMA(50/200) SL=5% TP=12%
SPY,0.20151921728297686,0.04462745823387823,0.049268457726346276,RSI(10/25/70) SMA(50/200) SL=5% TP=15%
SPY,0.20151921728297686,0.04462745823387823,0.049268457726346276,RSI(10/25/70) SMA(50/200) SL=8% TP=10%
SPY,0.20151921728297686,0.04462745823387823,0.049268457726346276,RSI(10/25/70) SMA(50/200) SL=8% TP=12%
SPY,0.20151921728297686,0.04462745823387823,0.049268457726346276,RSI(10/25/70) SMA(50/200) SL=8% TP=15%
SPY,0.20151921728297686,0.04462745823387823,0.049268457726346276,RSI(10/25/70) SMA(50/200) SL=10% TP=12%
SPY,0.20151921728297686,0.04462745823387823,0.049268457726346276,RSI(10/25/70) SMA(50/200) SL=10% TP=15%
SPY,0.15195096107417616,0.032677426176550395,0.09426822506800622,RSI(10/25/75) SMA(50/200) SL=5% TP=8%
SPY,0.10838614911236548,0.020026462165834327,0.09426822506800622,RSI(10/25/75) SMA(50/200) SL=5% TP=10%
SPY,0.10838614911236548,0.020026462165834327,0.09426822506800622,RSI(10/25/75) SMA(50/200) SL=5% TP=12%
SPY,0.10838614911236548,0.020026462165834327,0.09426822506800622,RSI(10/25/75) SMA(50/200) SL=5% TP=15%
SPY,0.10838614911236548,0.020026462165834327,0.09426822506800622,RSI(10/25/75) SMA(50/200) SL=8% TP=10%
SPY,0.10838614911236548,0.020026462165834327,0.09426822506800622,RSI(10/25/75) SMA(50/200) SL=8% TP=12%
SPY,0.10838614911236548,0.020026462165834327,0.09426822506800622,RSI(10/25/75) SMA(50/200) SL=8% TP=15%
SPY,0.10838614911236548,0.020026462165834327,0.09426822506800622,RSI(10/25/75) SMA(50/200) SL=10% TP=12%
SPY,0.10838614911236548,0.020026462165834327,0.09426822506800622,RSI(10/25/75) SMA(50/200) SL=10% TP=15%
SPY,0.3293838865767582,0.07373752754627771,0.0608805692831289,RSI(10/30/65) SMA(50/200) SL=5% TP=8%
SPY,0.29375831397594504,0.05848653451440981,0.0608805692831289,RSI(10/30/65) SMA(50/200) SL=5% TP=10%
SPY,0.29375831397594504,0.05848653451440981,0.0608805692831289,RSI(10/30/65) SMA(50/200) SL=5% TP=12%
SPY,0.29375831397594504,0.05848653451440981,0.0608805692831289,RSI(10/30/65) SMA(50/200) SL=5% TP=15%
SPY,0.29375831397594504,0.05848653451440981,0.0608805692831289,RSI(10/30/65) SMA(50/200) SL=8% TP=10%
SPY,0.29375831397594504,0.05848653451440981,0.0608805692831289,RSI(10/30/65) SMA(50/200) SL=8% TP=12%
SPY,0.29375831397594504,0.05848653451440981,0.0608805692831289,RSI(10/30/65) SMA(50/200) SL=8% TP=15%
SPY,0.29375831397594504,0.05848653451440981,0.0608805692831289,RSI(10/30/65) SMA(50/200) SL=10% TP=12%
SPY,0.29375831397594504,0.05848653451440981,0.0608805692831289,RSI(10/30/65) SMA(50/200) SL=10% TP=15%
SPY,0.3859710229320846,0.09030315541105172,0.04926845772634631,RSI(10/30/70) SMA(50/200) SL=5% TP=8%
SPY,0.3494499068944654,0.07400318510525604,0.04926845772634631,RSI(10/30/70) SMA(50/200) SL=5% TP=10%
SPY,0.3494499068944654,0.07400318510525604,0.04926845772634631,RSI(10/30/70) SMA(50/200) SL=5% TP=12%
SPY,0.3494499068944654,0.07400318510525604,0.04926845772634631,RSI(10/30/70) SMA(50/200) SL=5% TP=15%
SPY,0.3494499068944654,0.07400318510525604,0.04926845772634631,RSI(10/30/70) SMA(50/200) SL=8% TP=10%
SPY,0.3494499068944654,0.07400318510525604,0.04926845772634631,RSI(10/30/70) SMA(50/200) SL=8% TP=12%
SPY,0.3494499068944654,0.07400318510525604,0.04926845772634631,RSI(10/30/70) SMA(50/200) SL=8% TP=15%
SPY,0.3494499068944654,0.07400318510525604,0.04926845772634631,RSI(10/30/70) SMA(50/200) SL=10% TP=12%
SPY,0.3494499068944654,0.07400318510525604,0.04926845772634631,RSI(10/30/70) SMA(50/200) SL=10% TP=15%
SPY,0.3000436542918083,0.061977192344020084,0.08615888692017773,RSI(10/30/75) SMA(50/200) SL=5% TP=8%
SPY,0.25696792834136634,0.04747089335343107,0.08615888692017773,RSI(10/30/75) SMA(50/200) SL=5% TP=10%
SPY,0.25696792834136634,0.04747089335343107,0.08615888692017773,RSI(10/30/75) SMA(50/200) SL=5% TP=12%
SPY,0.25696792834136634,0.04747089335343107,0.08615888692017773,RSI(10/30/75) SMA(50/200) SL=5% TP=15%
SPY,0.25696792834136634,0.04747089335343107,0.08615888692017773,RSI(10/30/75) SMA(50/200) SL=8% TP=10%
SPY,0.25696792834136634,0.04747089335343107,0.08615888692017773,RSI(10/30/75) SMA(50/200) SL=8% TP=12%
SPY,0.25696792834136634,0.04747089335343107,0.08615888692017773,RSI(10/30/75) SMA(50/200) SL=8% TP=15%
SPY,0.25696792834136634,0.04747089335343107,0.08615888692017773,RSI(10/30/75) SMA(50/200) SL=10% TP=12%
SPY,0.25696792834136634,0.04747089335343107,0.08615888692017773,RSI(10/30/75) SMA(50/200) SL=10% TP=15%
SPY,0.4181717114329384,0.09132010661097724,0.08117951829089218,RSI(10/35/65) SMA(50/200) SL=5% TP=8%
SPY,0.373714837382554,0.07495574039419513,0.08235220795509533,RSI(10/35/65) SMA(50/200) SL=5% TP=10%
SPY,0.373714837382554,0.07495574039419513,0.08235220795509533,RSI(10/35/65) SMA(50/200) SL=5% TP=12%
SPY,0.373714837382554,0.07495574039419513,0.08235220795509533,RSI(10/35/65) SMA(50/200) SL=5% TP=15%
SPY,0.373714837382554,0.07495574039419513,0.08235220795509533,RSI(10/35/65) SMA(50/200) SL=8% TP=10%
SPY,0.373714837382554,0.07495574039419513,0.08235220795509533,RSI(10/35/65) SMA(50/200) SL=8% TP=12%
SPY,0.373714837382554,0.07495574039419513,0.08235220795509533,RSI(10/35/65) SMA(50/200) SL=8% TP=15%
SPY,0.373714837382554,0.07495574039419513,0.08235220795509533,RSI(10/35/65) SMA(50/200) SL=10% TP=12%
SPY,0.373714837382554,0.07495574039419513,0.08235220795509533,RSI(10/35/65) SMA(50/200) SL=10% TP=15%
SPY,0.5690168452693853,0.13213416314586984,0.08117951829089212,RSI(10/35/70) SMA(50/200) SL=5% TP=8%
SPY,0.5220003819978941,0.11318534808649683,0.0823522079550955,RSI(10/35/70) SMA(50/200) SL=5% TP=10%
SPY,0.5220003819978941,0.11318534808649683,0.0823522079550955,RSI(10/35/70) SMA(50/200) SL=5% TP=12%
SPY,0.5220003819978941,0.11318534808649683,0.0823522079550955,RSI(10/35/70) SMA(50/200) SL=5% TP=15%
SPY,0.5220003819978941,0.11318534808649683,0.0823522079550955,RSI(10/35/70) SMA(50/200) SL=8% TP=10%
SPY,0.5220003819978941,0.11318534808649683,0.0823522079550955,RSI(10/35/70) SMA(50/200) SL=8% TP=12%
SPY,0.5220003819978941,0.11318534808649683,0.0823522079550955,RSI(10/35/70) SMA(50/200) SL=8% TP=15%
SPY,0.5220003819978941,0.11318534808649683,0.0823522079550955,RSI(10/35/70) SMA(50/200) SL=10% TP=12%
SPY,0.5220003819978941,0.11318534808649683,0.0823522079550955,RSI(10/35/70) SMA(50/200) SL=10% TP=15%
SPY,0.47574512536361235,0.10267132883114595,0.1127936105611461,RSI(10/35/75) SMA(50/200) SL=5% TP=8%
SPY,0.42571791912107626,0.08558817463738763,0.11392595119092269,RSI(10/35/75) SMA(50/200) SL=5% TP=10%
SPY,0.42571791912107626,0.08558817463738763,0.11392595119092269,RSI(10/35/75) SMA(50/200) SL=5% TP=12%
SPY,0.42571791912107626,0.08558817463738763,0.11392595119092269,RSI(10/35/75) SMA(50/200) SL=5% TP=15%
SPY,0.42571791912107626,0.08558817463738763,0.11392595119092269,RSI(10/35/75) SMA(50/200) SL=8% TP=10%
SPY,0.42571791912107626,0.08558817463738763,0.11392595119092269,RSI(10/35/75) SMA(50/200) SL=8% TP=12%
SPY,0.42571791912107626,0.08558817463738763,0.11392595119092269,RSI(10/35/75) SMA(50/200) SL=8% TP=15%
SPY,0.42571791912107626,0.08558817463738763,0.11392595119092269,RSI(10/35/75) SMA(50/200) SL=10% TP=12%
SPY,0.42571791912107626,0.08558817463738763,0.11392595119092269,RSI(10/35/75) SMA(50/200) SL=10% TP=15%
SPY,0.6492441837386425,0.1402718152669473,0.08117951829089211,RSI(10/40/65) SMA(50/200) SL=5% TP=8%
SPY,0.5337118210775187,0.10718155425264152,0.08117951829089211,RSI(10/40/65) SMA(50/200) SL=5% TP=10%
SPY,0.5337118210775187,0.10718155425264152,0.08117951829089211,RSI(10/40/65) SMA(50/200) SL=5% TP=12%
SPY,0.5337118210775187,0.10718155425264152,0.08117951829089211,RSI(10/40/65) SMA(50/200) SL=5% TP=15%
SPY,0.5337118210775187,0.10718155425264152,0.08117951829089211,RSI(10/40/65) SMA(50/200) SL=8% TP=10%
SPY,0.5337118210775187,0.10718155425264152,0.08117951829089211,RSI(10/40/65) SMA(50/200) SL=8% TP=12%
SPY,0.5337118210775187,0.10718155425264152,0.08117951829089211,RSI(10/40/65) SMA(50/200) SL=8% TP=15%
SPY,0.5337118210775187,0.10718155425264152,0.08117951829089211,RSI(10/40/65) SMA(50/200) SL=10% TP=12%
SPY,0.5337118210775187,0.10718155425264152,0.08117951829089211,RSI(10/40/65) SMA(50/200) SL=10% TP=15%
SPY,0.8479440886532644,0.1938780858657366,0.08117951829089208,RSI(10/40/70) SMA(50/200) SL=5% TP=8%
SPY,0.7023556173499889,0.15050063294704044,0.08117951829089208,RSI(10/40/70) SMA(50/200) SL=5% TP=10%
SPY,0.7023556173499889,0.15050063294704044,0.08117951829089208,RSI(10/40/70) SMA(50/200) SL=5% TP=12%
SPY,0.7023556173499889,0.15050063294704044,0.08117951829089208,RSI(10/40/70) SMA(50/200) SL=5% TP=15%
SPY,0.7023556173499889,0.15050063294704044,0.08117951829089208,RSI(10/40/70) SMA(50/200) SL=8% TP=10%
SPY,0.7023556173499889,0.15050063294704044,0.08117951829089208,RSI(10/40/70) SMA(50/200) SL=8% TP=12%
SPY,0.7023556173499889,0.15050063294704044,0.08117951829089208,RSI(10/40/70) SMA(50/200) SL=8% TP=15%
SPY,0.7023556173499889,0.15050063294704044,0.08117951829089208,RSI(10/40/70) SMA(50/200) SL=10% TP=12%
SPY,0.7023556173499889,0.15050063294704044,0.08117951829089208,RSI(10/40/70) SMA(50/200) SL=10% TP=15%
SPY,0.746444036378974,0.16115205423397347,0.11279361056114612,RSI(10/40/75) SMA(50/200) SL=5% TP=8%
SPY,0.603686387350832,0.12170707680258808,0.11279361056114612,RSI(10/40/75) SMA(50/200) SL=5% TP=10%
SPY,0.603686387350832,0.12170707680258808,0.11279361056114612,RSI(10/40/75) SMA(50/200) SL=5% TP=12%
SPY,0.603686387350832,0.12170707680258808,0.11279361056114612,RSI(10/40/75) SMA(50/200) SL=5% TP=15%
SPY,0.603686387350832,0.12170707680258808,0.11279361056114612,RSI(10/40/75) SMA(50/200) SL=8% TP=10%
SPY,0.603686387350832,0.12170707680258808,0.11279361056114612,RSI(10/40/75) SMA(50/200) SL=8% TP=12%
SPY,0.603686387350832,0.12170707680258808,0.11279361056114612,RSI(10/40/75) SMA(50/200) SL=8% TP=15%
SPY,0.603686387350832,0.12170707680258808,0.11279361056114612,RSI(10/40/75) SMA(50/200) SL=10% TP=12%
SPY,0.603686387350832,0.12170707680258808,0.11279361056114612,RSI(10/40/75) SMA(50/200) SL=10% TP=15%
SPY,0.18961170937915803,0.04509957020500186,0.022047416254505122,RSI(14/25/65) SMA(50/200) SL=5% TP=8%
SPY,0.16902449351776475,0.03242691733736358,0.02204741625450505,RSI(14/25/65) SMA(50/200) SL=5% TP=10%
SPY,0.16902449351776475,0.03242691733736358,0.02204741625450505,RSI(14/25/65) SMA(50/200) SL=5% TP=12%
SPY,0.16902449351776475,0.03242691733736358,0.02204741625450505,RSI(14/25/65) SMA(50/200) SL=5% TP=15%
SPY,0.16902449351776475,0.03242691733736358,0.02204741625450505,RSI(14/25/65) SMA(50/200) SL=8% TP=10%
SPY,0.16902449351776475,0.03242691733736358,0.02204741625450505,RSI(14/25/65) SMA(50/200) SL=8% TP=12%
SPY,0.16902449351776475,0.03242691733736358,0.02204741625450505,RSI(14/25/65) SMA(50/200) SL=8% TP=15%
SPY,0.16902449351776475,0.03242691733736358,0.02204741625450505,RSI(14/25/65) SMA(50/200) SL=10% TP=12%
SPY,0.16902449351776475,0.03242691733736358,0.02204741625450505,RSI(14/25/65) SMA(50/200) SL=10% TP=15%
SPY,0.18961170937915803,0.04509957020500186,0.022047416254505122,RSI(14/25/70) SMA(50/200) SL=5% TP=8%
SPY,0.17250883582142015,0.03705361063739083,0.02204741625450499,RSI(14/25/70) SMA(50/200) SL=5% TP=10%
SPY,0.17332589337236695,0.03596587707639639,0.02204741625450506,RSI(14/25/70) SMA(50/200) SL=5% TP=12%
SPY,0.17332589337236695,0.03596587707639639,0.02204741625450506,RSI(14/25/70) SMA(50/200) SL=5% TP=15%
SPY,0.17250883582142015,0.03705361063739083,0.02204741625450499,RSI(14/25/70) SMA(50/200) SL=8% TP=10%
SPY,0.17332589337236695,0.03596587707639639,0.02204741625450506,RSI(14/25/70) SMA(50/200) SL=8% TP=12%
SPY,0.17332589337236695,0.03596587707639639,0.02204741625450506,RSI(14/25/70) SMA(50/200) SL=8% TP=15%
SPY,0.17332589337236695,0.03596587707639639,0.02204741625450506,RSI(14/25/70) SMA(50/200) SL=10% TP=12%
SPY,0.17332589337236695,0.03596587707639639,0.02204741625450506,RSI(14/25/70) SMA(50/200) SL=10% TP=15%
SPY,0.1821311715325706,0.042542837604615996,0.022047416254505122,RSI(14/25/75) SMA(50/200) SL=5% TP=8%
SPY,0.164089244268139,0.034593817529229395,0.02204741625450499,RSI(14/25/75) SMA(50/200) SL=5% TP=10%
SPY,0.16472760946017187,0.03351918922164723,0.02204741625450506,RSI(14/25/75) SMA(50/200) SL=5% TP=12%
SPY,0.16472760946017187,0.03351918922164723,0.02204741625450506,RSI(14/25/75) SMA(50/200) SL=5% TP=15%
SPY,0.164089244268139,0.034593817529229395,0.02204741625450499,RSI(14/25/75) SMA(50/200) SL=8% TP=10%
SPY,0.16472760946017187,0.03351918922164723,0.02204741625450506,RSI(14/25/75) SMA(50/200) SL=8% TP=12%
SPY,0.16472760946017187,0.03351918922164723,0.02204741625450506,RSI(14/25/75) SMA(50/200) SL=8% TP=15%
SPY,0.16472760946017187,0.03351918922164723,0.02204741625450506,RSI(14/25/75) SMA(50/200) SL=10% TP=12%
SPY,0.16472760946017187,0.03351918922164723,0.02204741625450506,RSI(14/25/75) SMA(50/200) SL=10% TP=15%
SPY,0.26926623399693306,0.06191153692379682,0.06392569477963352,RSI(14/30/65) SMA(50/200) SL=5% TP=8%
SPY,0.2409389800163339,0.04823490732840851,0.06392569477963353,RSI(14/30/65) SMA(50/200) SL=5% TP=10%
SPY,0.2409389800163339,0.04823490732840851,0.06392569477963353,RSI(14/30/65) SMA(50/200) SL=5% TP=12%
SPY,0.2409389800163339,0.04823490732840851,0.06392569477963353,RSI(14/30/65) SMA(50/200) SL=5% TP=15%
SPY,0.2409389800163339,0.04823490732840851,0.06392569477963353,RSI(14/30/65) SMA(50/200) SL=8% TP=10%
SPY,0.2409389800163339,0.04823490732840851,0.06392569477963353,RSI(14/30/65) SMA(50/200) SL=8% TP=12%
SPY,0.2409389800163339,0.04823490732840851,0.06392569477963353,RSI(14/30/65) SMA(50/200) SL=8% TP=15%
SPY,0.2409389800163339,0.04823490732840851,0.06392569477963353,RSI(14/30/65) SMA(50/200) SL=10% TP=12%
SPY,0.2409389800163339,0.04823490732840851,0.06392569477963353,RSI(14/30/65) SMA(50/200) SL=10% TP=15%
SPY,0.2850336451431953,0.06921481792888282,0.06392569477963352,RSI(14/30/70) SMA(50/200) SL=5% TP=8%
SPY,0.26432039849431105,0.0602545195411433,0.06392569477963356,RSI(14/30/70) SMA(50/200) SL=5% TP=10%
SPY,0.2642252408501845,0.05904317648243571,0.06392569477963363,RSI(14/30/70) SMA(50/200) SL=5% TP=12%
SPY,0.2642252408501845,0.05904317648243571,0.06392569477963363,RSI(14/30/70) SMA(50/200) SL=5% TP=15%
SPY,0.26432039849431105,0.0602545195411433,0.06392569477963356,RSI(14/30/70) SMA(50/200) SL=8% TP=10%
SPY,0.2642252408501845,0.05904317648243571,0.06392569477963363,RSI(14/30/70) SMA(50/200) SL=8% TP=12%
SPY,0.2642252408501845,0.05904317648243571,0.06392569477963363,RSI(14/30/70) SMA(50/200) SL=8% TP=15%
SPY,0.2642252408501845,0.05904317648243571,0.06392569477963363,RSI(14/30/70) SMA(50/200) SL=10% TP=12%
SPY,0.2642252408501845,0.05904317648243571,0.06392569477963363,RSI(14/30/70) SMA(50/200) SL=10% TP=15%
SPY,0.2882514946112154,0.06769258071874551,0.06392569477963352,RSI(14/30/75) SMA(50/200) SL=5% TP=8%
SPY,0.2660908253687204,0.058789998535733023,0.06392569477963356,RSI(14/30/75) SMA(50/200) SL=5% TP=10%
SPY,0.26590166036344803,0.0575864581328015,0.06392569477963363,RSI(14/30/75) SMA(50/200) SL=5% TP=12%
SPY,0.26590166036344803,0.0575864581328015,0.06392569477963363,RSI(14/30/75) SMA(50/200) SL=5% TP=15%
SPY,0.2660908253687204,0.058789998535733023,0.06392569477963356,RSI(14/30/75) SMA(50/200) SL=8% TP=10%
SPY,0.26590166036344803,0.0575864581328015,0.06392569477963363,RSI(14/30/75) SMA(50/200) SL=8% TP=12%
SPY,0.26590166036344803,0.0575864581328015,0.06392569477963363,RSI(14/30/75) SMA(50/200) SL=8% TP=15%
SPY,0.26590166036344803,0.0575864581328015,0.06392569477963363,RSI(14/30/75) SMA(50/200) SL=10% TP=12%
SPY,0.26590166036344803,0.0575864581328015,0.06392569477963363,RSI(14/30/75) SMA(50/200) SL=10% TP=15%
SPY,0.3773984091934868,0.08622577072531068,0.06883703222472265,RSI(14/35/65) SMA(50/200) SL=5% TP=8%
SPY,0.34615987895522515,0.07273793149579993,0.0688370322247225,RSI(14/35/65) SMA(50/200) SL=5% TP=10%
SPY,0.34615987895522515,0.07273793149579993,0.0688370322247225,RSI(14/35/65) SMA(50/200) SL=5% TP=12%
SPY,0.34615987895522515,0.07273793149579993,0.0688370322247225,RSI(14/35/65) SMA(50/200) SL=5% TP=15%
SPY,0.34615987895522515,0.07273793149579993,0.0688370322247225,RSI(14/35/65) SMA(50/200) SL=8% TP=10%
SPY,0.34615987895522515,0.07273793149579993,0.0688370322247225,RSI(14/35/65) SMA(50/200) SL=8% TP=12%
SPY,0.34615987895522515,0.07273793149579993,0.0688370322247225,RSI(14/35/65) SMA(50/200) SL=8% TP=15%
SPY,0.34615987895522515,0.07273793149579993,0.0688370322247225,RSI(14/35/65) SMA(50/200) SL=10% TP=12%
SPY,0.34615987895522515,0.07273793149579993,0.0688370322247225,RSI(14/35/65) SMA(50/200) SL=10% TP=15%
SPY,0.41280265568511243,0.09717840588662044,0.06883703222472262,RSI(14/35/70) SMA(50/200) SL=5% TP=8%
SPY,0.3961561760513041,0.09026921164828913,0.06883703222472257,RSI(14/35/70) SMA(50/200) SL=5% TP=10%
SPY,0.39513096081563825,0.08889795670721638,0.06883703222472258,RSI(14/35/70) SMA(50/200) SL=5% TP=12%
SPY,0.39513096081563825,0.08889795670721638,0.06883703222472258,RSI(14/35/70) SMA(50/200) SL=5% TP=15%
SPY,0.3961561760513041,0.09026921164828913,0.06883703222472257,RSI(14/35/70) SMA(50/200) SL=8% TP=10%
SPY,0.39513096081563825,0.08889795670721638,0.06883703222472258,RSI(14/35/70) SMA(50/200) SL=8% TP=12%
SPY,0.39513096081563825,0.08889795670721638,0.06883703222472258,RSI(14/35/70) SMA(50/200) SL=8% TP=15%
SPY,0.39513096081563825,0.08889795670721638,0.06883703222472258,RSI(14/35/70) SMA(50/200) SL=10% TP=12%
SPY,0.39513096081563825,0.08889795670721638,0.06883703222472258,RSI(14/35/70) SMA(50/200) SL=10% TP=15%
SPY,0.41295311542749374,0.09547604608484296,0.06883703222472262,RSI(14/35/75) SMA(50/200) SL=5% TP=8%
SPY,0.39924061055315974,0.09043037798176576,0.06883703222472257,RSI(14/35/75) SMA(50/200) SL=5% TP=10%
SPY,0.3980745354257482,0.08905826438081836,0.06883703222472258,RSI(14/35/75) SMA(50/200) SL=5% TP=12%
SPY,0.3980745354257482,0.08905826438081836,0.06883703222472258,RSI(14/35/75) SMA(50/200) SL=5% TP=15%
SPY,0.39924061055315974,0.09043037798176576,0.06883703222472257,RSI(14/35/75) SMA(50/200) SL=8% TP=10%
SPY,0.3980745354257482,0.08905826438081836,0.06883703222472258,RSI(14/35/75) SMA(50/200) SL=8% TP=12%
SPY,0.3980745354257482,0.08905826438081836,0.06883703222472258,RSI(14/35/75) SMA(50/200) SL=8% TP=15%
SPY,0.3980745354257482,0.08905826438081836,0.06883703222472258,RSI(14/35/75) SMA(50/200) SL=10% TP=12%
SPY,0.3980745354257482,0.08905826438081836,0.06883703222472258,RSI(14/35/75) SMA(50/200) SL=10% TP=15%
SPY,0.5169811366227522,0.11615448423584429,0.1166219611137344,RSI(14/40/65) SMA(50/200) SL=5% TP=8%
SPY,0.4148463877373006,0.08668488763199297,0.1166219611137345,RSI(14/40/65) SMA(50/200) SL=5% TP=10%
SPY,0.4148463877373006,0.08668488763199297,0.1166219611137345,RSI(14/40/65) SMA(50/200) SL=5% TP=12%
SPY,0.4148463877373006,0.08668488763199297,0.1166219611137345,RSI(14/40/65) SMA(50/200) SL=5% TP=15%
SPY,0.4148463877373006,0.08668488763199297,0.1166219611137345,RSI(14/40/65) SMA(50/200) SL=8% TP=10%
SPY,0.4148463877373006,0.08668488763199297,0.1166219611137345,RSI(14/40/65) SMA(50/200) SL=8% TP=12%
SPY,0.4148463877373006,0.08668488763199297,0.1166219611137345,RSI(14/40/65) SMA(50/200) SL=8% TP=15%
SPY,0.4148463877373006,0.08668488763199297,0.1166219611137345,RSI(14/40/65) SMA(50/200) SL=10% TP=12%
SPY,0.4148463877373006,0.08668488763199297,0.1166219611137345,RSI(14/40/65) SMA(50/200) SL=10% TP=15%
SPY,0.5778280901892077,0.1350328586308923,0.11662196111373448,RSI(14/40/70) SMA(50/200) SL=5% TP=8%
SPY,0.47252715873386486,0.1052356023265535,0.11662196111373452,RSI(14/40/70) SMA(50/200) SL=5% TP=10%
SPY,0.47086890737053455,0.10378460964580884,0.11662196111373437,RSI(14/40/70) SMA(50/200) SL=5% TP=12%
SPY,0.47086890737053455,0.10378460964580884,0.11662196111373437,RSI(14/40/70) SMA(50/200) SL=5% TP=15%
SPY,0.47252715873386486,0.1052356023265535,0.11662196111373452,RSI(14/40/70) SMA(50/200) SL=8% TP=10%
SPY,0.47086890737053455,0.10378460964580884,0.11662196111373437,RSI(14/40/70) SMA(50/200) SL=8% TP=12%
SPY,0.47086890737053455,0.10378460964580884,0.11662196111373437,RSI(14/40/70) SMA(50/200) SL=8% TP=15%
SPY,0.47086890737053455,0.10378460964580884,0.11662196111373437,RSI(14/40/70) SMA(50/200) SL=10% TP=12%
SPY,0.47086890737053455,0.10378460964580884,0.11662196111373437,RSI(14/40/70) SMA(50/200) SL=10% TP=15%
SPY,0.5799353686110772,0.13243622656797915,0.1166219611137344,RSI(14/40/75) SMA(50/200) SL=5% TP=8%
SPY,0.4772326978400317,0.10481567695790144,0.11662196111373457,RSI(14/40/75) SMA(50/200) SL=5% TP=10%
SPY,0.4754343988642939,0.1033669215500202,0.11662196111373434,RSI(14/40/75) SMA(50/200) SL=5% TP=12%
SPY,0.4754343988642939,0.1033669215500202,0.11662196111373434,RSI(14/40/75) SMA(50/200) SL=5% TP=15%
SPY,0.4772326978400317,0.10481567695790144,0.11662196111373457,RSI(14/40/75) SMA(50/200) SL=8% TP=10%
SPY,0.4754343988642939,0.1033669215500202,0.11662196111373434,RSI(14/40/75) SMA(50/200) SL=8% TP=12%
SPY,0.4754343988642939,0.1033669215500202,0.11662196111373434,RSI(14/40/75) SMA(50/200) SL=8% TP=15%
SPY,0.4754343988642939,0.1033669215500202,0.11662196111373434,RSI(14/40/75) SMA(50/200) SL=10% TP=12%
SPY,0.4754343988642939,0.1033669215500202,0.11662196111373434,RSI(14/40/75) SMA(50/200) SL=10% TP=15%
