2026-03-11 08:41:01.539 | INFO     | modules.prediction.engine:__init__:35 - 預測引擎初始化完成
2026-03-11 08:41:01.539 | INFO     | modules.prediction.engine:__init__:35 - 預測引擎初始化完成
✅ 富途 SDK 已載入 (futu)
 * Serving Flask app 'api_server'
 * Debug mode: off
[31m[1mWARNING: This is a development server. Do not use it in a production deployment. Use a production WSGI server instead.[0m
 * Running on http://127.0.0.1:8080
[33mPress CTRL+C to quit[0m
127.0.0.1 - - [11/Mar/2026 08:41:10] "GET /health HTTP/1.1" 200 -
127.0.0.1 - - [11/Mar/2026 09:10:03] "GET /health HTTP/1.1" 200 -
2026-03-12 05:33:34.385 | INFO     | modules.prediction.engine:__init__:35 - 預測引擎初始化完成
2026-03-12 05:33:34.385 | INFO     | modules.prediction.engine:__init__:35 - 預測引擎初始化完成
✅ 富途 SDK 已載入 (futu)
 * Serving Flask app 'api_server'
 * Debug mode: off
[31m[1mWARNING: This is a development server. Do not use it in a production deployment. Use a production WSGI server instead.[0m
 * Running on all addresses (0.0.0.0)
 * Running on http://127.0.0.1:8080
 * Running on http://192.168.2.140:8080
[33mPress CTRL+C to quit[0m
127.0.0.1 - - [12/Mar/2026 05:33:38] "GET /health HTTP/1.1" 200 -
127.0.0.1 - - [12/Mar/2026 06:02:43] "GET /health HTTP/1.1" 200 -
2026-03-12 06:33:08.010 | INFO     | modules.prediction.engine:__init__:35 - 預測引擎初始化完成
2026-03-12 06:33:08.010 | INFO     | modules.prediction.engine:__init__:35 - 預測引擎初始化完成
✅ 富途 SDK 已載入 (futu)
 * Serving Flask app 'api_server'
 * Debug mode: off
[31m[1mWARNING: This is a development server. Do not use it in a production deployment. Use a production WSGI server instead.[0m
 * Running on all addresses (0.0.0.0)
 * Running on http://127.0.0.1:8080
 * Running on http://192.168.2.140:8080
[33mPress CTRL+C to quit[0m
127.0.0.1 - - [12/Mar/2026 06:33:11] "GET /health HTTP/1.1" 200 -
127.0.0.1 - - [12/Mar/2026 07:02:59] "GET /health HTTP/1.1" 200 -
127.0.0.1 - - [12/Mar/2026 07:16:06] "POST /api/v1/news/analyze HTTP/1.1" 200 -
127.0.0.1 - - [12/Mar/2026 07:16:06] "[35m[1mPOST /api/v1/news HTTP/1.1[0m" 201 -
127.0.0.1 - - [12/Mar/2026 07:16:06] "POST /api/v1/news/analyze HTTP/1.1" 200 -
127.0.0.1 - - [12/Mar/2026 07:16:06] "[35m[1mPOST /api/v1/news HTTP/1.1[0m" 201 -
127.0.0.1 - - [12/Mar/2026 07:16:06] "POST /api/v1/news/analyze HTTP/1.1" 200 -
127.0.0.1 - - [12/Mar/2026 07:16:06] "[35m[1mPOST /api/v1/news HTTP/1.1[0m" 201 -
127.0.0.1 - - [12/Mar/2026 07:16:09] "POST /api/v1/news/analyze HTTP/1.1" 200 -
[2026-03-12 07:16:09,923] ERROR in app: Exception on /api/v1/news [POST]
Traceback (most recent call last):
  File "/Library/Frameworks/Python.framework/Versions/3.14/lib/python3.14/site-packages/mysql/connector/connection_cext.py", line 772, in cmd_query
    self._cmysql.query(
    ~~~~~~~~~~~~~~~~~~^
        query,
        ^^^^^^
    ...<3 lines>...
        query_attrs=self.query_attrs,
        ^^^^^^^^^^^^^^^^^^^^^^^^^^^^^
    )
    ^
_mysql_connector.MySQLInterfaceError: Data too long for column 'url' at row 1

The above exception was the direct cause of the following exception:

Traceback (most recent call last):
  File "/Library/Frameworks/Python.framework/Versions/3.14/lib/python3.14/site-packages/flask/app.py", line 1511, in wsgi_app
    response = self.full_dispatch_request()
  File "/Library/Frameworks/Python.framework/Versions/3.14/lib/python3.14/site-packages/flask/app.py", line 919, in full_dispatch_request
    rv = self.handle_user_exception(e)
  File "/Library/Frameworks/Python.framework/Versions/3.14/lib/python3.14/site-packages/flask_cors/extension.py", line 176, in wrapped_function
    return cors_after_request(app.make_response(f(*args, **kwargs)))
                                                ~^^^^^^^^^^^^^^^^^
  File "/Library/Frameworks/Python.framework/Versions/3.14/lib/python3.14/site-packages/flask/app.py", line 917, in full_dispatch_request
    rv = self.dispatch_request()
  File "/Library/Frameworks/Python.framework/Versions/3.14/lib/python3.14/site-packages/flask/app.py", line 902, in dispatch_request
    return self.ensure_sync(self.view_functions[rule.endpoint])(**view_args)  # type: ignore[no-any-return]
           ~~~~~~~~~~~~~~~~~~~~~~~~~~~~~~~~~~~~~~~~~~~~~~~~~~~~^^^^^^^^^^^^^
  File "/Users/alita/.openclaw/workspace/codes/TradeMaster_v2/api/news_bp.py", line 90, in create_news
    cursor.execute(
    ~~~~~~~~~~~~~~^
        '''
        ^^^
    ...<12 lines>...
        )
        ^
    )
    ^
  File "/Library/Frameworks/Python.framework/Versions/3.14/lib/python3.14/site-packages/mysql/connector/cursor_cext.py", line 353, in execute
    self._connection.cmd_query(
    ~~~~~~~~~~~~~~~~~~~~~~~~~~^
        self._stmt_partition["mappable_stmt"],
        ^^^^^^^^^^^^^^^^^^^^^^^^^^^^^^^^^^^^^^
    ...<2 lines>...
        raw_as_string=self._raw_as_string,
        ^^^^^^^^^^^^^^^^^^^^^^^^^^^^^^^^^^
    )
    ^
  File "/Library/Frameworks/Python.framework/Versions/3.14/lib/python3.14/site-packages/mysql/connector/opentelemetry/context_propagation.py", line 97, in wrapper
    return method(cnx, *args, **kwargs)
  File "/Library/Frameworks/Python.framework/Versions/3.14/lib/python3.14/site-packages/mysql/connector/connection_cext.py", line 781, in cmd_query
    raise get_mysql_exception(
        err.errno, msg=err.msg, sqlstate=err.sqlstate
    ) from err
mysql.connector.errors.DataError: 1406 (22001): Data too long for column 'url' at row 1
127.0.0.1 - - [12/Mar/2026 07:16:09] "[35m[1mPOST /api/v1/news HTTP/1.1[0m" 500 -
127.0.0.1 - - [12/Mar/2026 07:16:13] "GET /health HTTP/1.1" 200 -
127.0.0.1 - - [12/Mar/2026 07:16:16] "POST /api/v1/news/analyze HTTP/1.1" 200 -
127.0.0.1 - - [12/Mar/2026 07:16:16] "[35m[1mPOST /api/v1/news HTTP/1.1[0m" 201 -
127.0.0.1 - - [12/Mar/2026 07:16:16] "POST /api/v1/news/analyze HTTP/1.1" 200 -
127.0.0.1 - - [12/Mar/2026 07:16:16] "[35m[1mPOST /api/v1/news HTTP/1.1[0m" 201 -
127.0.0.1 - - [12/Mar/2026 07:16:18] "POST /api/v1/news/analyze HTTP/1.1" 200 -
127.0.0.1 - - [12/Mar/2026 07:16:18] "[35m[1mPOST /api/v1/news HTTP/1.1[0m" 201 -
127.0.0.1 - - [12/Mar/2026 07:16:18] "POST /api/v1/news/analyze HTTP/1.1" 200 -
127.0.0.1 - - [12/Mar/2026 07:16:18] "[35m[1mPOST /api/v1/news HTTP/1.1[0m" 201 -
127.0.0.1 - - [12/Mar/2026 07:16:18] "POST /api/v1/news/analyze HTTP/1.1" 200 -
[2026-03-12 07:16:18,858] ERROR in app: Exception on /api/v1/news [POST]
Traceback (most recent call last):
  File "/Library/Frameworks/Python.framework/Versions/3.14/lib/python3.14/site-packages/mysql/connector/connection_cext.py", line 772, in cmd_query
    self._cmysql.query(
    ~~~~~~~~~~~~~~~~~~^
        query,
        ^^^^^^
    ...<3 lines>...
        query_attrs=self.query_attrs,
        ^^^^^^^^^^^^^^^^^^^^^^^^^^^^^
    )
    ^
_mysql_connector.MySQLInterfaceError: Data too long for column 'url' at row 1

The above exception was the direct cause of the following exception:

Traceback (most recent call last):
  File "/Library/Frameworks/Python.framework/Versions/3.14/lib/python3.14/site-packages/flask/app.py", line 1511, in wsgi_app
    response = self.full_dispatch_request()
  File "/Library/Frameworks/Python.framework/Versions/3.14/lib/python3.14/site-packages/flask/app.py", line 919, in full_dispatch_request
    rv = self.handle_user_exception(e)
  File "/Library/Frameworks/Python.framework/Versions/3.14/lib/python3.14/site-packages/flask_cors/extension.py", line 176, in wrapped_function
    return cors_after_request(app.make_response(f(*args, **kwargs)))
                                                ~^^^^^^^^^^^^^^^^^
  File "/Library/Frameworks/Python.framework/Versions/3.14/lib/python3.14/site-packages/flask/app.py", line 917, in full_dispatch_request
    rv = self.dispatch_request()
  File "/Library/Frameworks/Python.framework/Versions/3.14/lib/python3.14/site-packages/flask/app.py", line 902, in dispatch_request
    return self.ensure_sync(self.view_functions[rule.endpoint])(**view_args)  # type: ignore[no-any-return]
           ~~~~~~~~~~~~~~~~~~~~~~~~~~~~~~~~~~~~~~~~~~~~~~~~~~~~^^^^^^^^^^^^^
  File "/Users/alita/.openclaw/workspace/codes/TradeMaster_v2/api/news_bp.py", line 90, in create_news
    cursor.execute(
    ~~~~~~~~~~~~~~^
        '''
        ^^^
    ...<12 lines>...
        )
        ^
    )
    ^
  File "/Library/Frameworks/Python.framework/Versions/3.14/lib/python3.14/site-packages/mysql/connector/cursor_cext.py", line 353, in execute
    self._connection.cmd_query(
    ~~~~~~~~~~~~~~~~~~~~~~~~~~^
        self._stmt_partition["mappable_stmt"],
        ^^^^^^^^^^^^^^^^^^^^^^^^^^^^^^^^^^^^^^
    ...<2 lines>...
        raw_as_string=self._raw_as_string,
        ^^^^^^^^^^^^^^^^^^^^^^^^^^^^^^^^^^
    )
    ^
  File "/Library/Frameworks/Python.framework/Versions/3.14/lib/python3.14/site-packages/mysql/connector/opentelemetry/context_propagation.py", line 97, in wrapper
    return method(cnx, *args, **kwargs)
  File "/Library/Frameworks/Python.framework/Versions/3.14/lib/python3.14/site-packages/mysql/connector/connection_cext.py", line 781, in cmd_query
    raise get_mysql_exception(
        err.errno, msg=err.msg, sqlstate=err.sqlstate
    ) from err
mysql.connector.errors.DataError: 1406 (22001): Data too long for column 'url' at row 1
127.0.0.1 - - [12/Mar/2026 07:16:18] "[35m[1mPOST /api/v1/news HTTP/1.1[0m" 500 -
127.0.0.1 - - [12/Mar/2026 07:16:18] "POST /api/v1/news/analyze HTTP/1.1" 200 -
127.0.0.1 - - [12/Mar/2026 07:16:18] "[35m[1mPOST /api/v1/news HTTP/1.1[0m" 201 -
127.0.0.1 - - [12/Mar/2026 07:16:18] "POST /api/v1/news/analyze HTTP/1.1" 200 -
[2026-03-12 07:16:18,883] ERROR in app: Exception on /api/v1/news [POST]
Traceback (most recent call last):
  File "/Library/Frameworks/Python.framework/Versions/3.14/lib/python3.14/site-packages/mysql/connector/connection_cext.py", line 772, in cmd_query
    self._cmysql.query(
    ~~~~~~~~~~~~~~~~~~^
        query,
        ^^^^^^
    ...<3 lines>...
        query_attrs=self.query_attrs,
        ^^^^^^^^^^^^^^^^^^^^^^^^^^^^^
    )
    ^
_mysql_connector.MySQLInterfaceError: Data too long for column 'url' at row 1

The above exception was the direct cause of the following exception:

Traceback (most recent call last):
  File "/Library/Frameworks/Python.framework/Versions/3.14/lib/python3.14/site-packages/flask/app.py", line 1511, in wsgi_app
    response = self.full_dispatch_request()
  File "/Library/Frameworks/Python.framework/Versions/3.14/lib/python3.14/site-packages/flask/app.py", line 919, in full_dispatch_request
    rv = self.handle_user_exception(e)
  File "/Library/Frameworks/Python.framework/Versions/3.14/lib/python3.14/site-packages/flask_cors/extension.py", line 176, in wrapped_function
    return cors_after_request(app.make_response(f(*args, **kwargs)))
                                                ~^^^^^^^^^^^^^^^^^
  File "/Library/Frameworks/Python.framework/Versions/3.14/lib/python3.14/site-packages/flask/app.py", line 917, in full_dispatch_request
    rv = self.dispatch_request()
  File "/Library/Frameworks/Python.framework/Versions/3.14/lib/python3.14/site-packages/flask/app.py", line 902, in dispatch_request
    return self.ensure_sync(self.view_functions[rule.endpoint])(**view_args)  # type: ignore[no-any-return]
           ~~~~~~~~~~~~~~~~~~~~~~~~~~~~~~~~~~~~~~~~~~~~~~~~~~~~^^^^^^^^^^^^^
  File "/Users/alita/.openclaw/workspace/codes/TradeMaster_v2/api/news_bp.py", line 90, in create_news
    cursor.execute(
    ~~~~~~~~~~~~~~^
        '''
        ^^^
    ...<12 lines>...
        )
        ^
    )
    ^
  File "/Library/Frameworks/Python.framework/Versions/3.14/lib/python3.14/site-packages/mysql/connector/cursor_cext.py", line 353, in execute
    self._connection.cmd_query(
    ~~~~~~~~~~~~~~~~~~~~~~~~~~^
        self._stmt_partition["mappable_stmt"],
        ^^^^^^^^^^^^^^^^^^^^^^^^^^^^^^^^^^^^^^
    ...<2 lines>...
        raw_as_string=self._raw_as_string,
        ^^^^^^^^^^^^^^^^^^^^^^^^^^^^^^^^^^
    )
    ^
  File "/Library/Frameworks/Python.framework/Versions/3.14/lib/python3.14/site-packages/mysql/connector/opentelemetry/context_propagation.py", line 97, in wrapper
    return method(cnx, *args, **kwargs)
  File "/Library/Frameworks/Python.framework/Versions/3.14/lib/python3.14/site-packages/mysql/connector/connection_cext.py", line 781, in cmd_query
    raise get_mysql_exception(
        err.errno, msg=err.msg, sqlstate=err.sqlstate
    ) from err
mysql.connector.errors.DataError: 1406 (22001): Data too long for column 'url' at row 1
127.0.0.1 - - [12/Mar/2026 07:16:18] "[35m[1mPOST /api/v1/news HTTP/1.1[0m" 500 -
127.0.0.1 - - [12/Mar/2026 07:16:21] "POST /api/v1/news/analyze HTTP/1.1" 200 -
127.0.0.1 - - [12/Mar/2026 07:16:21] "[35m[1mPOST /api/v1/news HTTP/1.1[0m" 201 -
127.0.0.1 - - [12/Mar/2026 07:16:23] "POST /api/v1/news/analyze HTTP/1.1" 200 -
127.0.0.1 - - [12/Mar/2026 07:16:23] "[35m[1mPOST /api/v1/news HTTP/1.1[0m" 201 -
127.0.0.1 - - [12/Mar/2026 07:16:23] "POST /api/v1/news/analyze HTTP/1.1" 200 -
[2026-03-12 07:16:24,015] ERROR in app: Exception on /api/v1/news [POST]
Traceback (most recent call last):
  File "/Library/Frameworks/Python.framework/Versions/3.14/lib/python3.14/site-packages/mysql/connector/connection_cext.py", line 772, in cmd_query
    self._cmysql.query(
    ~~~~~~~~~~~~~~~~~~^
        query,
        ^^^^^^
    ...<3 lines>...
        query_attrs=self.query_attrs,
        ^^^^^^^^^^^^^^^^^^^^^^^^^^^^^
    )
    ^
_mysql_connector.MySQLInterfaceError: Data too long for column 'url' at row 1

The above exception was the direct cause of the following exception:

Traceback (most recent call last):
  File "/Library/Frameworks/Python.framework/Versions/3.14/lib/python3.14/site-packages/flask/app.py", line 1511, in wsgi_app
    response = self.full_dispatch_request()
  File "/Library/Frameworks/Python.framework/Versions/3.14/lib/python3.14/site-packages/flask/app.py", line 919, in full_dispatch_request
    rv = self.handle_user_exception(e)
  File "/Library/Frameworks/Python.framework/Versions/3.14/lib/python3.14/site-packages/flask_cors/extension.py", line 176, in wrapped_function
    return cors_after_request(app.make_response(f(*args, **kwargs)))
                                                ~^^^^^^^^^^^^^^^^^
  File "/Library/Frameworks/Python.framework/Versions/3.14/lib/python3.14/site-packages/flask/app.py", line 917, in full_dispatch_request
    rv = self.dispatch_request()
  File "/Library/Frameworks/Python.framework/Versions/3.14/lib/python3.14/site-packages/flask/app.py", line 902, in dispatch_request
    return self.ensure_sync(self.view_functions[rule.endpoint])(**view_args)  # type: ignore[no-any-return]
           ~~~~~~~~~~~~~~~~~~~~~~~~~~~~~~~~~~~~~~~~~~~~~~~~~~~~^^^^^^^^^^^^^
  File "/Users/alita/.openclaw/workspace/codes/TradeMaster_v2/api/news_bp.py", line 90, in create_news
    cursor.execute(
    ~~~~~~~~~~~~~~^
        '''
        ^^^
    ...<12 lines>...
        )
        ^
    )
    ^
  File "/Library/Frameworks/Python.framework/Versions/3.14/lib/python3.14/site-packages/mysql/connector/cursor_cext.py", line 353, in execute
    self._connection.cmd_query(
    ~~~~~~~~~~~~~~~~~~~~~~~~~~^
        self._stmt_partition["mappable_stmt"],
        ^^^^^^^^^^^^^^^^^^^^^^^^^^^^^^^^^^^^^^
    ...<2 lines>...
        raw_as_string=self._raw_as_string,
        ^^^^^^^^^^^^^^^^^^^^^^^^^^^^^^^^^^
    )
    ^
  File "/Library/Frameworks/Python.framework/Versions/3.14/lib/python3.14/site-packages/mysql/connector/opentelemetry/context_propagation.py", line 97, in wrapper
    return method(cnx, *args, **kwargs)
  File "/Library/Frameworks/Python.framework/Versions/3.14/lib/python3.14/site-packages/mysql/connector/connection_cext.py", line 781, in cmd_query
    raise get_mysql_exception(
        err.errno, msg=err.msg, sqlstate=err.sqlstate
    ) from err
mysql.connector.errors.DataError: 1406 (22001): Data too long for column 'url' at row 1
127.0.0.1 - - [12/Mar/2026 07:16:24] "[35m[1mPOST /api/v1/news HTTP/1.1[0m" 500 -
127.0.0.1 - - [12/Mar/2026 07:16:26] "POST /api/v1/news/analyze HTTP/1.1" 200 -
127.0.0.1 - - [12/Mar/2026 07:16:26] "[35m[1mPOST /api/v1/news HTTP/1.1[0m" 201 -
127.0.0.1 - - [12/Mar/2026 07:16:26] "POST /api/v1/news/analyze HTTP/1.1" 200 -
127.0.0.1 - - [12/Mar/2026 07:16:26] "[35m[1mPOST /api/v1/news HTTP/1.1[0m" 201 -
127.0.0.1 - - [12/Mar/2026 07:16:28] "POST /api/v1/news/analyze HTTP/1.1" 200 -
127.0.0.1 - - [12/Mar/2026 07:16:28] "[35m[1mPOST /api/v1/news HTTP/1.1[0m" 201 -
127.0.0.1 - - [12/Mar/2026 07:16:31] "POST /api/v1/news/analyze HTTP/1.1" 200 -
127.0.0.1 - - [12/Mar/2026 07:16:31] "[35m[1mPOST /api/v1/news HTTP/1.1[0m" 201 -
127.0.0.1 - - [12/Mar/2026 07:16:31] "POST /api/v1/news/analyze HTTP/1.1" 200 -
127.0.0.1 - - [12/Mar/2026 07:16:31] "[35m[1mPOST /api/v1/news HTTP/1.1[0m" 201 -
127.0.0.1 - - [12/Mar/2026 07:16:31] "POST /api/v1/news/analyze HTTP/1.1" 200 -
127.0.0.1 - - [12/Mar/2026 07:16:31] "[35m[1mPOST /api/v1/news HTTP/1.1[0m" 201 -
127.0.0.1 - - [12/Mar/2026 07:16:33] "POST /api/v1/news/analyze HTTP/1.1" 200 -
[2026-03-12 07:16:33,422] ERROR in app: Exception on /api/v1/news [POST]
Traceback (most recent call last):
  File "/Library/Frameworks/Python.framework/Versions/3.14/lib/python3.14/site-packages/mysql/connector/connection_cext.py", line 772, in cmd_query
    self._cmysql.query(
    ~~~~~~~~~~~~~~~~~~^
        query,
        ^^^^^^
    ...<3 lines>...
        query_attrs=self.query_attrs,
        ^^^^^^^^^^^^^^^^^^^^^^^^^^^^^
    )
    ^
_mysql_connector.MySQLInterfaceError: Data too long for column 'url' at row 1

The above exception was the direct cause of the following exception:

Traceback (most recent call last):
  File "/Library/Frameworks/Python.framework/Versions/3.14/lib/python3.14/site-packages/flask/app.py", line 1511, in wsgi_app
    response = self.full_dispatch_request()
  File "/Library/Frameworks/Python.framework/Versions/3.14/lib/python3.14/site-packages/flask/app.py", line 919, in full_dispatch_request
    rv = self.handle_user_exception(e)
  File "/Library/Frameworks/Python.framework/Versions/3.14/lib/python3.14/site-packages/flask_cors/extension.py", line 176, in wrapped_function
    return cors_after_request(app.make_response(f(*args, **kwargs)))
                                                ~^^^^^^^^^^^^^^^^^
  File "/Library/Frameworks/Python.framework/Versions/3.14/lib/python3.14/site-packages/flask/app.py", line 917, in full_dispatch_request
    rv = self.dispatch_request()
  File "/Library/Frameworks/Python.framework/Versions/3.14/lib/python3.14/site-packages/flask/app.py", line 902, in dispatch_request
    return self.ensure_sync(self.view_functions[rule.endpoint])(**view_args)  # type: ignore[no-any-return]
           ~~~~~~~~~~~~~~~~~~~~~~~~~~~~~~~~~~~~~~~~~~~~~~~~~~~~^^^^^^^^^^^^^
  File "/Users/alita/.openclaw/workspace/codes/TradeMaster_v2/api/news_bp.py", line 90, in create_news
    cursor.execute(
    ~~~~~~~~~~~~~~^
        '''
        ^^^
    ...<12 lines>...
        )
        ^
    )
    ^
  File "/Library/Frameworks/Python.framework/Versions/3.14/lib/python3.14/site-packages/mysql/connector/cursor_cext.py", line 353, in execute
    self._connection.cmd_query(
    ~~~~~~~~~~~~~~~~~~~~~~~~~~^
        self._stmt_partition["mappable_stmt"],
        ^^^^^^^^^^^^^^^^^^^^^^^^^^^^^^^^^^^^^^
    ...<2 lines>...
        raw_as_string=self._raw_as_string,
        ^^^^^^^^^^^^^^^^^^^^^^^^^^^^^^^^^^
    )
    ^
  File "/Library/Frameworks/Python.framework/Versions/3.14/lib/python3.14/site-packages/mysql/connector/opentelemetry/context_propagation.py", line 97, in wrapper
    return method(cnx, *args, **kwargs)
  File "/Library/Frameworks/Python.framework/Versions/3.14/lib/python3.14/site-packages/mysql/connector/connection_cext.py", line 781, in cmd_query
    raise get_mysql_exception(
        err.errno, msg=err.msg, sqlstate=err.sqlstate
    ) from err
mysql.connector.errors.DataError: 1406 (22001): Data too long for column 'url' at row 1
127.0.0.1 - - [12/Mar/2026 07:16:33] "[35m[1mPOST /api/v1/news HTTP/1.1[0m" 500 -
127.0.0.1 - - [12/Mar/2026 07:16:37] "POST /api/v1/news/analyze HTTP/1.1" 200 -
127.0.0.1 - - [12/Mar/2026 07:16:37] "[35m[1mPOST /api/v1/news HTTP/1.1[0m" 201 -
127.0.0.1 - - [12/Mar/2026 07:16:44] "POST /api/v1/news/analyze HTTP/1.1" 200 -
127.0.0.1 - - [12/Mar/2026 07:16:44] "[35m[1mPOST /api/v1/news HTTP/1.1[0m" 201 -
127.0.0.1 - - [12/Mar/2026 07:16:44] "POST /api/v1/news/analyze HTTP/1.1" 200 -
127.0.0.1 - - [12/Mar/2026 07:16:44] "[35m[1mPOST /api/v1/news HTTP/1.1[0m" 201 -
127.0.0.1 - - [12/Mar/2026 07:16:46] "POST /api/v1/news/analyze HTTP/1.1" 200 -
127.0.0.1 - - [12/Mar/2026 07:16:46] "[35m[1mPOST /api/v1/news HTTP/1.1[0m" 201 -
127.0.0.1 - - [12/Mar/2026 07:16:46] "POST /api/v1/news/analyze HTTP/1.1" 200 -
127.0.0.1 - - [12/Mar/2026 07:16:46] "[35m[1mPOST /api/v1/news HTTP/1.1[0m" 201 -
127.0.0.1 - - [12/Mar/2026 07:16:48] "POST /api/v1/news/analyze HTTP/1.1" 200 -
127.0.0.1 - - [12/Mar/2026 07:16:48] "[35m[1mPOST /api/v1/news HTTP/1.1[0m" 201 -
127.0.0.1 - - [12/Mar/2026 07:16:53] "POST /api/v1/news/analyze HTTP/1.1" 200 -
127.0.0.1 - - [12/Mar/2026 07:16:53] "[35m[1mPOST /api/v1/news HTTP/1.1[0m" 201 -
127.0.0.1 - - [12/Mar/2026 07:32:45] "GET /health HTTP/1.1" 200 -
127.0.0.1 - - [12/Mar/2026 08:03:07] "GET /health HTTP/1.1" 200 -
127.0.0.1 - - [12/Mar/2026 08:16:26] "POST /api/v1/news/analyze HTTP/1.1" 200 -
127.0.0.1 - - [12/Mar/2026 08:16:26] "[35m[1mPOST /api/v1/news HTTP/1.1[0m" 201 -
127.0.0.1 - - [12/Mar/2026 08:16:26] "POST /api/v1/news/analyze HTTP/1.1" 200 -
127.0.0.1 - - [12/Mar/2026 08:16:26] "[35m[1mPOST /api/v1/news HTTP/1.1[0m" 201 -
127.0.0.1 - - [12/Mar/2026 08:16:26] "POST /api/v1/news/analyze HTTP/1.1" 200 -
127.0.0.1 - - [12/Mar/2026 08:16:26] "[35m[1mPOST /api/v1/news HTTP/1.1[0m" 201 -
127.0.0.1 - - [12/Mar/2026 08:16:35] "POST /api/v1/news/analyze HTTP/1.1" 200 -
[2026-03-12 08:16:35,788] ERROR in app: Exception on /api/v1/news [POST]
Traceback (most recent call last):
  File "/Library/Frameworks/Python.framework/Versions/3.14/lib/python3.14/site-packages/mysql/connector/connection_cext.py", line 772, in cmd_query
    self._cmysql.query(
    ~~~~~~~~~~~~~~~~~~^
        query,
        ^^^^^^
    ...<3 lines>...
        query_attrs=self.query_attrs,
        ^^^^^^^^^^^^^^^^^^^^^^^^^^^^^
    )
    ^
_mysql_connector.MySQLInterfaceError: Data too long for column 'url' at row 1

The above exception was the direct cause of the following exception:

Traceback (most recent call last):
  File "/Library/Frameworks/Python.framework/Versions/3.14/lib/python3.14/site-packages/flask/app.py", line 1511, in wsgi_app
    response = self.full_dispatch_request()
  File "/Library/Frameworks/Python.framework/Versions/3.14/lib/python3.14/site-packages/flask/app.py", line 919, in full_dispatch_request
    rv = self.handle_user_exception(e)
  File "/Library/Frameworks/Python.framework/Versions/3.14/lib/python3.14/site-packages/flask_cors/extension.py", line 176, in wrapped_function
    return cors_after_request(app.make_response(f(*args, **kwargs)))
                                                ~^^^^^^^^^^^^^^^^^
  File "/Library/Frameworks/Python.framework/Versions/3.14/lib/python3.14/site-packages/flask/app.py", line 917, in full_dispatch_request
    rv = self.dispatch_request()
  File "/Library/Frameworks/Python.framework/Versions/3.14/lib/python3.14/site-packages/flask/app.py", line 902, in dispatch_request
    return self.ensure_sync(self.view_functions[rule.endpoint])(**view_args)  # type: ignore[no-any-return]
           ~~~~~~~~~~~~~~~~~~~~~~~~~~~~~~~~~~~~~~~~~~~~~~~~~~~~^^^^^^^^^^^^^
  File "/Users/alita/.openclaw/workspace/codes/TradeMaster_v2/api/news_bp.py", line 90, in create_news
    cursor.execute(
    ~~~~~~~~~~~~~~^
        '''
        ^^^
    ...<12 lines>...
        )
        ^
    )
    ^
  File "/Library/Frameworks/Python.framework/Versions/3.14/lib/python3.14/site-packages/mysql/connector/cursor_cext.py", line 353, in execute
    self._connection.cmd_query(
    ~~~~~~~~~~~~~~~~~~~~~~~~~~^
        self._stmt_partition["mappable_stmt"],
        ^^^^^^^^^^^^^^^^^^^^^^^^^^^^^^^^^^^^^^
    ...<2 lines>...
        raw_as_string=self._raw_as_string,
        ^^^^^^^^^^^^^^^^^^^^^^^^^^^^^^^^^^
    )
    ^
  File "/Library/Frameworks/Python.framework/Versions/3.14/lib/python3.14/site-packages/mysql/connector/opentelemetry/context_propagation.py", line 97, in wrapper
    return method(cnx, *args, **kwargs)
  File "/Library/Frameworks/Python.framework/Versions/3.14/lib/python3.14/site-packages/mysql/connector/connection_cext.py", line 781, in cmd_query
    raise get_mysql_exception(
        err.errno, msg=err.msg, sqlstate=err.sqlstate
    ) from err
mysql.connector.errors.DataError: 1406 (22001): Data too long for column 'url' at row 1
127.0.0.1 - - [12/Mar/2026 08:16:35] "[35m[1mPOST /api/v1/news HTTP/1.1[0m" 500 -
127.0.0.1 - - [12/Mar/2026 08:16:42] "POST /api/v1/news/analyze HTTP/1.1" 200 -
127.0.0.1 - - [12/Mar/2026 08:16:42] "[35m[1mPOST /api/v1/news HTTP/1.1[0m" 201 -
127.0.0.1 - - [12/Mar/2026 08:16:42] "POST /api/v1/news/analyze HTTP/1.1" 200 -
127.0.0.1 - - [12/Mar/2026 08:16:42] "[35m[1mPOST /api/v1/news HTTP/1.1[0m" 201 -
127.0.0.1 - - [12/Mar/2026 08:16:42] "POST /api/v1/news/analyze HTTP/1.1" 200 -
127.0.0.1 - - [12/Mar/2026 08:16:42] "[35m[1mPOST /api/v1/news HTTP/1.1[0m" 201 -
127.0.0.1 - - [12/Mar/2026 08:16:44] "POST /api/v1/news/analyze HTTP/1.1" 200 -
127.0.0.1 - - [12/Mar/2026 08:16:44] "[35m[1mPOST /api/v1/news HTTP/1.1[0m" 201 -
127.0.0.1 - - [12/Mar/2026 08:16:50] "POST /api/v1/news/analyze HTTP/1.1" 200 -
[2026-03-12 08:16:50,620] ERROR in app: Exception on /api/v1/news [POST]
Traceback (most recent call last):
  File "/Library/Frameworks/Python.framework/Versions/3.14/lib/python3.14/site-packages/mysql/connector/connection_cext.py", line 772, in cmd_query
    self._cmysql.query(
    ~~~~~~~~~~~~~~~~~~^
        query,
        ^^^^^^
    ...<3 lines>...
        query_attrs=self.query_attrs,
        ^^^^^^^^^^^^^^^^^^^^^^^^^^^^^
    )
    ^
_mysql_connector.MySQLInterfaceError: Data too long for column 'url' at row 1

The above exception was the direct cause of the following exception:

Traceback (most recent call last):
  File "/Library/Frameworks/Python.framework/Versions/3.14/lib/python3.14/site-packages/flask/app.py", line 1511, in wsgi_app
    response = self.full_dispatch_request()
  File "/Library/Frameworks/Python.framework/Versions/3.14/lib/python3.14/site-packages/flask/app.py", line 919, in full_dispatch_request
    rv = self.handle_user_exception(e)
  File "/Library/Frameworks/Python.framework/Versions/3.14/lib/python3.14/site-packages/flask_cors/extension.py", line 176, in wrapped_function
    return cors_after_request(app.make_response(f(*args, **kwargs)))
                                                ~^^^^^^^^^^^^^^^^^
  File "/Library/Frameworks/Python.framework/Versions/3.14/lib/python3.14/site-packages/flask/app.py", line 917, in full_dispatch_request
    rv = self.dispatch_request()
  File "/Library/Frameworks/Python.framework/Versions/3.14/lib/python3.14/site-packages/flask/app.py", line 902, in dispatch_request
    return self.ensure_sync(self.view_functions[rule.endpoint])(**view_args)  # type: ignore[no-any-return]
           ~~~~~~~~~~~~~~~~~~~~~~~~~~~~~~~~~~~~~~~~~~~~~~~~~~~~^^^^^^^^^^^^^
  File "/Users/alita/.openclaw/workspace/codes/TradeMaster_v2/api/news_bp.py", line 90, in create_news
    cursor.execute(
    ~~~~~~~~~~~~~~^
        '''
        ^^^
    ...<12 lines>...
        )
        ^
    )
    ^
  File "/Library/Frameworks/Python.framework/Versions/3.14/lib/python3.14/site-packages/mysql/connector/cursor_cext.py", line 353, in execute
    self._connection.cmd_query(
    ~~~~~~~~~~~~~~~~~~~~~~~~~~^
        self._stmt_partition["mappable_stmt"],
        ^^^^^^^^^^^^^^^^^^^^^^^^^^^^^^^^^^^^^^
    ...<2 lines>...
        raw_as_string=self._raw_as_string,
        ^^^^^^^^^^^^^^^^^^^^^^^^^^^^^^^^^^
    )
    ^
  File "/Library/Frameworks/Python.framework/Versions/3.14/lib/python3.14/site-packages/mysql/connector/opentelemetry/context_propagation.py", line 97, in wrapper
    return method(cnx, *args, **kwargs)
  File "/Library/Frameworks/Python.framework/Versions/3.14/lib/python3.14/site-packages/mysql/connector/connection_cext.py", line 781, in cmd_query
    raise get_mysql_exception(
        err.errno, msg=err.msg, sqlstate=err.sqlstate
    ) from err
mysql.connector.errors.DataError: 1406 (22001): Data too long for column 'url' at row 1
127.0.0.1 - - [12/Mar/2026 08:16:50] "[35m[1mPOST /api/v1/news HTTP/1.1[0m" 500 -
127.0.0.1 - - [12/Mar/2026 08:17:06] "POST /api/v1/news/analyze HTTP/1.1" 200 -
[2026-03-12 08:17:06,063] ERROR in app: Exception on /api/v1/news [POST]
Traceback (most recent call last):
  File "/Library/Frameworks/Python.framework/Versions/3.14/lib/python3.14/site-packages/mysql/connector/connection_cext.py", line 772, in cmd_query
    self._cmysql.query(
    ~~~~~~~~~~~~~~~~~~^
        query,
        ^^^^^^
    ...<3 lines>...
        query_attrs=self.query_attrs,
        ^^^^^^^^^^^^^^^^^^^^^^^^^^^^^
    )
    ^
_mysql_connector.MySQLInterfaceError: Data too long for column 'url' at row 1

The above exception was the direct cause of the following exception:

Traceback (most recent call last):
  File "/Library/Frameworks/Python.framework/Versions/3.14/lib/python3.14/site-packages/flask/app.py", line 1511, in wsgi_app
    response = self.full_dispatch_request()
  File "/Library/Frameworks/Python.framework/Versions/3.14/lib/python3.14/site-packages/flask/app.py", line 919, in full_dispatch_request
    rv = self.handle_user_exception(e)
  File "/Library/Frameworks/Python.framework/Versions/3.14/lib/python3.14/site-packages/flask_cors/extension.py", line 176, in wrapped_function
    return cors_after_request(app.make_response(f(*args, **kwargs)))
                                                ~^^^^^^^^^^^^^^^^^
  File "/Library/Frameworks/Python.framework/Versions/3.14/lib/python3.14/site-packages/flask/app.py", line 917, in full_dispatch_request
    rv = self.dispatch_request()
  File "/Library/Frameworks/Python.framework/Versions/3.14/lib/python3.14/site-packages/flask/app.py", line 902, in dispatch_request
    return self.ensure_sync(self.view_functions[rule.endpoint])(**view_args)  # type: ignore[no-any-return]
           ~~~~~~~~~~~~~~~~~~~~~~~~~~~~~~~~~~~~~~~~~~~~~~~~~~~~^^^^^^^^^^^^^
  File "/Users/alita/.openclaw/workspace/codes/TradeMaster_v2/api/news_bp.py", line 90, in create_news
    cursor.execute(
    ~~~~~~~~~~~~~~^
        '''
        ^^^
    ...<12 lines>...
        )
        ^
    )
    ^
  File "/Library/Frameworks/Python.framework/Versions/3.14/lib/python3.14/site-packages/mysql/connector/cursor_cext.py", line 353, in execute
    self._connection.cmd_query(
    ~~~~~~~~~~~~~~~~~~~~~~~~~~^
        self._stmt_partition["mappable_stmt"],
        ^^^^^^^^^^^^^^^^^^^^^^^^^^^^^^^^^^^^^^
    ...<2 lines>...
        raw_as_string=self._raw_as_string,
        ^^^^^^^^^^^^^^^^^^^^^^^^^^^^^^^^^^
    )
    ^
  File "/Library/Frameworks/Python.framework/Versions/3.14/lib/python3.14/site-packages/mysql/connector/opentelemetry/context_propagation.py", line 97, in wrapper
    return method(cnx, *args, **kwargs)
  File "/Library/Frameworks/Python.framework/Versions/3.14/lib/python3.14/site-packages/mysql/connector/connection_cext.py", line 781, in cmd_query
    raise get_mysql_exception(
        err.errno, msg=err.msg, sqlstate=err.sqlstate
    ) from err
mysql.connector.errors.DataError: 1406 (22001): Data too long for column 'url' at row 1
127.0.0.1 - - [12/Mar/2026 08:17:06] "[35m[1mPOST /api/v1/news HTTP/1.1[0m" 500 -
127.0.0.1 - - [12/Mar/2026 08:17:10] "POST /api/v1/news/analyze HTTP/1.1" 200 -
[2026-03-12 08:17:10,790] ERROR in app: Exception on /api/v1/news [POST]
Traceback (most recent call last):
  File "/Library/Frameworks/Python.framework/Versions/3.14/lib/python3.14/site-packages/mysql/connector/connection_cext.py", line 772, in cmd_query
    self._cmysql.query(
    ~~~~~~~~~~~~~~~~~~^
        query,
        ^^^^^^
    ...<3 lines>...
        query_attrs=self.query_attrs,
        ^^^^^^^^^^^^^^^^^^^^^^^^^^^^^
    )
    ^
_mysql_connector.MySQLInterfaceError: Data too long for column 'url' at row 1

The above exception was the direct cause of the following exception:

Traceback (most recent call last):
  File "/Library/Frameworks/Python.framework/Versions/3.14/lib/python3.14/site-packages/flask/app.py", line 1511, in wsgi_app
    response = self.full_dispatch_request()
  File "/Library/Frameworks/Python.framework/Versions/3.14/lib/python3.14/site-packages/flask/app.py", line 919, in full_dispatch_request
    rv = self.handle_user_exception(e)
  File "/Library/Frameworks/Python.framework/Versions/3.14/lib/python3.14/site-packages/flask_cors/extension.py", line 176, in wrapped_function
    return cors_after_request(app.make_response(f(*args, **kwargs)))
                                                ~^^^^^^^^^^^^^^^^^
  File "/Library/Frameworks/Python.framework/Versions/3.14/lib/python3.14/site-packages/flask/app.py", line 917, in full_dispatch_request
    rv = self.dispatch_request()
  File "/Library/Frameworks/Python.framework/Versions/3.14/lib/python3.14/site-packages/flask/app.py", line 902, in dispatch_request
    return self.ensure_sync(self.view_functions[rule.endpoint])(**view_args)  # type: ignore[no-any-return]
           ~~~~~~~~~~~~~~~~~~~~~~~~~~~~~~~~~~~~~~~~~~~~~~~~~~~~^^^^^^^^^^^^^
  File "/Users/alita/.openclaw/workspace/codes/TradeMaster_v2/api/news_bp.py", line 90, in create_news
    cursor.execute(
    ~~~~~~~~~~~~~~^
        '''
        ^^^
    ...<12 lines>...
        )
        ^
    )
    ^
  File "/Library/Frameworks/Python.framework/Versions/3.14/lib/python3.14/site-packages/mysql/connector/cursor_cext.py", line 353, in execute
    self._connection.cmd_query(
    ~~~~~~~~~~~~~~~~~~~~~~~~~~^
        self._stmt_partition["mappable_stmt"],
        ^^^^^^^^^^^^^^^^^^^^^^^^^^^^^^^^^^^^^^
    ...<2 lines>...
        raw_as_string=self._raw_as_string,
        ^^^^^^^^^^^^^^^^^^^^^^^^^^^^^^^^^^
    )
    ^
  File "/Library/Frameworks/Python.framework/Versions/3.14/lib/python3.14/site-packages/mysql/connector/opentelemetry/context_propagation.py", line 97, in wrapper
    return method(cnx, *args, **kwargs)
  File "/Library/Frameworks/Python.framework/Versions/3.14/lib/python3.14/site-packages/mysql/connector/connection_cext.py", line 781, in cmd_query
    raise get_mysql_exception(
        err.errno, msg=err.msg, sqlstate=err.sqlstate
    ) from err
mysql.connector.errors.DataError: 1406 (22001): Data too long for column 'url' at row 1
127.0.0.1 - - [12/Mar/2026 08:17:10] "[35m[1mPOST /api/v1/news HTTP/1.1[0m" 500 -
127.0.0.1 - - [12/Mar/2026 08:17:18] "POST /api/v1/news/analyze HTTP/1.1" 200 -
[2026-03-12 08:17:19,013] ERROR in app: Exception on /api/v1/news [POST]
Traceback (most recent call last):
  File "/Library/Frameworks/Python.framework/Versions/3.14/lib/python3.14/site-packages/mysql/connector/connection_cext.py", line 772, in cmd_query
    self._cmysql.query(
    ~~~~~~~~~~~~~~~~~~^
        query,
        ^^^^^^
    ...<3 lines>...
        query_attrs=self.query_attrs,
        ^^^^^^^^^^^^^^^^^^^^^^^^^^^^^
    )
    ^
_mysql_connector.MySQLInterfaceError: Data too long for column 'url' at row 1

The above exception was the direct cause of the following exception:

Traceback (most recent call last):
  File "/Library/Frameworks/Python.framework/Versions/3.14/lib/python3.14/site-packages/flask/app.py", line 1511, in wsgi_app
    response = self.full_dispatch_request()
  File "/Library/Frameworks/Python.framework/Versions/3.14/lib/python3.14/site-packages/flask/app.py", line 919, in full_dispatch_request
    rv = self.handle_user_exception(e)
  File "/Library/Frameworks/Python.framework/Versions/3.14/lib/python3.14/site-packages/flask_cors/extension.py", line 176, in wrapped_function
    return cors_after_request(app.make_response(f(*args, **kwargs)))
                                                ~^^^^^^^^^^^^^^^^^
  File "/Library/Frameworks/Python.framework/Versions/3.14/lib/python3.14/site-packages/flask/app.py", line 917, in full_dispatch_request
    rv = self.dispatch_request()
  File "/Library/Frameworks/Python.framework/Versions/3.14/lib/python3.14/site-packages/flask/app.py", line 902, in dispatch_request
    return self.ensure_sync(self.view_functions[rule.endpoint])(**view_args)  # type: ignore[no-any-return]
           ~~~~~~~~~~~~~~~~~~~~~~~~~~~~~~~~~~~~~~~~~~~~~~~~~~~~^^^^^^^^^^^^^
  File "/Users/alita/.openclaw/workspace/codes/TradeMaster_v2/api/news_bp.py", line 90, in create_news
    cursor.execute(
    ~~~~~~~~~~~~~~^
        '''
        ^^^
    ...<12 lines>...
        )
        ^
    )
    ^
  File "/Library/Frameworks/Python.framework/Versions/3.14/lib/python3.14/site-packages/mysql/connector/cursor_cext.py", line 353, in execute
    self._connection.cmd_query(
    ~~~~~~~~~~~~~~~~~~~~~~~~~~^
        self._stmt_partition["mappable_stmt"],
        ^^^^^^^^^^^^^^^^^^^^^^^^^^^^^^^^^^^^^^
    ...<2 lines>...
        raw_as_string=self._raw_as_string,
        ^^^^^^^^^^^^^^^^^^^^^^^^^^^^^^^^^^
    )
    ^
  File "/Library/Frameworks/Python.framework/Versions/3.14/lib/python3.14/site-packages/mysql/connector/opentelemetry/context_propagation.py", line 97, in wrapper
    return method(cnx, *args, **kwargs)
  File "/Library/Frameworks/Python.framework/Versions/3.14/lib/python3.14/site-packages/mysql/connector/connection_cext.py", line 781, in cmd_query
    raise get_mysql_exception(
        err.errno, msg=err.msg, sqlstate=err.sqlstate
    ) from err
mysql.connector.errors.DataError: 1406 (22001): Data too long for column 'url' at row 1
127.0.0.1 - - [12/Mar/2026 08:17:19] "[35m[1mPOST /api/v1/news HTTP/1.1[0m" 500 -
127.0.0.1 - - [12/Mar/2026 08:17:59] "POST /api/v1/news/analyze HTTP/1.1" 200 -
127.0.0.1 - - [12/Mar/2026 08:17:59] "[35m[1mPOST /api/v1/news HTTP/1.1[0m" 201 -
127.0.0.1 - - [12/Mar/2026 08:17:59] "POST /api/v1/news/analyze HTTP/1.1" 200 -
127.0.0.1 - - [12/Mar/2026 08:17:59] "[35m[1mPOST /api/v1/news HTTP/1.1[0m" 201 -
127.0.0.1 - - [12/Mar/2026 08:18:04] "POST /api/v1/news/analyze HTTP/1.1" 200 -
[2026-03-12 08:18:04,650] ERROR in app: Exception on /api/v1/news [POST]
Traceback (most recent call last):
  File "/Library/Frameworks/Python.framework/Versions/3.14/lib/python3.14/site-packages/mysql/connector/connection_cext.py", line 772, in cmd_query
    self._cmysql.query(
    ~~~~~~~~~~~~~~~~~~^
        query,
        ^^^^^^
    ...<3 lines>...
        query_attrs=self.query_attrs,
        ^^^^^^^^^^^^^^^^^^^^^^^^^^^^^
    )
    ^
_mysql_connector.MySQLInterfaceError: Data too long for column 'url' at row 1

The above exception was the direct cause of the following exception:

Traceback (most recent call last):
  File "/Library/Frameworks/Python.framework/Versions/3.14/lib/python3.14/site-packages/flask/app.py", line 1511, in wsgi_app
    response = self.full_dispatch_request()
  File "/Library/Frameworks/Python.framework/Versions/3.14/lib/python3.14/site-packages/flask/app.py", line 919, in full_dispatch_request
    rv = self.handle_user_exception(e)
  File "/Library/Frameworks/Python.framework/Versions/3.14/lib/python3.14/site-packages/flask_cors/extension.py", line 176, in wrapped_function
    return cors_after_request(app.make_response(f(*args, **kwargs)))
                                                ~^^^^^^^^^^^^^^^^^
  File "/Library/Frameworks/Python.framework/Versions/3.14/lib/python3.14/site-packages/flask/app.py", line 917, in full_dispatch_request
    rv = self.dispatch_request()
  File "/Library/Frameworks/Python.framework/Versions/3.14/lib/python3.14/site-packages/flask/app.py", line 902, in dispatch_request
    return self.ensure_sync(self.view_functions[rule.endpoint])(**view_args)  # type: ignore[no-any-return]
           ~~~~~~~~~~~~~~~~~~~~~~~~~~~~~~~~~~~~~~~~~~~~~~~~~~~~^^^^^^^^^^^^^
  File "/Users/alita/.openclaw/workspace/codes/TradeMaster_v2/api/news_bp.py", line 90, in create_news
    cursor.execute(
    ~~~~~~~~~~~~~~^
        '''
        ^^^
    ...<12 lines>...
        )
        ^
    )
    ^
  File "/Library/Frameworks/Python.framework/Versions/3.14/lib/python3.14/site-packages/mysql/connector/cursor_cext.py", line 353, in execute
    self._connection.cmd_query(
    ~~~~~~~~~~~~~~~~~~~~~~~~~~^
        self._stmt_partition["mappable_stmt"],
        ^^^^^^^^^^^^^^^^^^^^^^^^^^^^^^^^^^^^^^
    ...<2 lines>...
        raw_as_string=self._raw_as_string,
        ^^^^^^^^^^^^^^^^^^^^^^^^^^^^^^^^^^
    )
    ^
  File "/Library/Frameworks/Python.framework/Versions/3.14/lib/python3.14/site-packages/mysql/connector/opentelemetry/context_propagation.py", line 97, in wrapper
    return method(cnx, *args, **kwargs)
  File "/Library/Frameworks/Python.framework/Versions/3.14/lib/python3.14/site-packages/mysql/connector/connection_cext.py", line 781, in cmd_query
    raise get_mysql_exception(
        err.errno, msg=err.msg, sqlstate=err.sqlstate
    ) from err
mysql.connector.errors.DataError: 1406 (22001): Data too long for column 'url' at row 1
127.0.0.1 - - [12/Mar/2026 08:18:04] "[35m[1mPOST /api/v1/news HTTP/1.1[0m" 500 -
127.0.0.1 - - [12/Mar/2026 08:18:13] "POST /api/v1/news/analyze HTTP/1.1" 200 -
[2026-03-12 08:18:13,042] ERROR in app: Exception on /api/v1/news [POST]
Traceback (most recent call last):
  File "/Library/Frameworks/Python.framework/Versions/3.14/lib/python3.14/site-packages/mysql/connector/connection_cext.py", line 772, in cmd_query
    self._cmysql.query(
    ~~~~~~~~~~~~~~~~~~^
        query,
        ^^^^^^
    ...<3 lines>...
        query_attrs=self.query_attrs,
        ^^^^^^^^^^^^^^^^^^^^^^^^^^^^^
    )
    ^
_mysql_connector.MySQLInterfaceError: Data too long for column 'url' at row 1

The above exception was the direct cause of the following exception:

Traceback (most recent call last):
  File "/Library/Frameworks/Python.framework/Versions/3.14/lib/python3.14/site-packages/flask/app.py", line 1511, in wsgi_app
    response = self.full_dispatch_request()
  File "/Library/Frameworks/Python.framework/Versions/3.14/lib/python3.14/site-packages/flask/app.py", line 919, in full_dispatch_request
    rv = self.handle_user_exception(e)
  File "/Library/Frameworks/Python.framework/Versions/3.14/lib/python3.14/site-packages/flask_cors/extension.py", line 176, in wrapped_function
    return cors_after_request(app.make_response(f(*args, **kwargs)))
                                                ~^^^^^^^^^^^^^^^^^
  File "/Library/Frameworks/Python.framework/Versions/3.14/lib/python3.14/site-packages/flask/app.py", line 917, in full_dispatch_request
    rv = self.dispatch_request()
  File "/Library/Frameworks/Python.framework/Versions/3.14/lib/python3.14/site-packages/flask/app.py", line 902, in dispatch_request
    return self.ensure_sync(self.view_functions[rule.endpoint])(**view_args)  # type: ignore[no-any-return]
           ~~~~~~~~~~~~~~~~~~~~~~~~~~~~~~~~~~~~~~~~~~~~~~~~~~~~^^^^^^^^^^^^^
  File "/Users/alita/.openclaw/workspace/codes/TradeMaster_v2/api/news_bp.py", line 90, in create_news
    cursor.execute(
    ~~~~~~~~~~~~~~^
        '''
        ^^^
    ...<12 lines>...
        )
        ^
    )
    ^
  File "/Library/Frameworks/Python.framework/Versions/3.14/lib/python3.14/site-packages/mysql/connector/cursor_cext.py", line 353, in execute
    self._connection.cmd_query(
    ~~~~~~~~~~~~~~~~~~~~~~~~~~^
        self._stmt_partition["mappable_stmt"],
        ^^^^^^^^^^^^^^^^^^^^^^^^^^^^^^^^^^^^^^
    ...<2 lines>...
        raw_as_string=self._raw_as_string,
        ^^^^^^^^^^^^^^^^^^^^^^^^^^^^^^^^^^
    )
    ^
  File "/Library/Frameworks/Python.framework/Versions/3.14/lib/python3.14/site-packages/mysql/connector/opentelemetry/context_propagation.py", line 97, in wrapper
    return method(cnx, *args, **kwargs)
  File "/Library/Frameworks/Python.framework/Versions/3.14/lib/python3.14/site-packages/mysql/connector/connection_cext.py", line 781, in cmd_query
    raise get_mysql_exception(
        err.errno, msg=err.msg, sqlstate=err.sqlstate
    ) from err
mysql.connector.errors.DataError: 1406 (22001): Data too long for column 'url' at row 1
127.0.0.1 - - [12/Mar/2026 08:18:13] "[35m[1mPOST /api/v1/news HTTP/1.1[0m" 500 -
127.0.0.1 - - [12/Mar/2026 08:18:21] "POST /api/v1/news/analyze HTTP/1.1" 200 -
[2026-03-12 08:18:21,822] ERROR in app: Exception on /api/v1/news [POST]
Traceback (most recent call last):
  File "/Library/Frameworks/Python.framework/Versions/3.14/lib/python3.14/site-packages/mysql/connector/connection_cext.py", line 772, in cmd_query
    self._cmysql.query(
    ~~~~~~~~~~~~~~~~~~^
        query,
        ^^^^^^
    ...<3 lines>...
        query_attrs=self.query_attrs,
        ^^^^^^^^^^^^^^^^^^^^^^^^^^^^^
    )
    ^
_mysql_connector.MySQLInterfaceError: Data too long for column 'url' at row 1

The above exception was the direct cause of the following exception:

Traceback (most recent call last):
  File "/Library/Frameworks/Python.framework/Versions/3.14/lib/python3.14/site-packages/flask/app.py", line 1511, in wsgi_app
    response = self.full_dispatch_request()
  File "/Library/Frameworks/Python.framework/Versions/3.14/lib/python3.14/site-packages/flask/app.py", line 919, in full_dispatch_request
    rv = self.handle_user_exception(e)
  File "/Library/Frameworks/Python.framework/Versions/3.14/lib/python3.14/site-packages/flask_cors/extension.py", line 176, in wrapped_function
    return cors_after_request(app.make_response(f(*args, **kwargs)))
                                                ~^^^^^^^^^^^^^^^^^
  File "/Library/Frameworks/Python.framework/Versions/3.14/lib/python3.14/site-packages/flask/app.py", line 917, in full_dispatch_request
    rv = self.dispatch_request()
  File "/Library/Frameworks/Python.framework/Versions/3.14/lib/python3.14/site-packages/flask/app.py", line 902, in dispatch_request
    return self.ensure_sync(self.view_functions[rule.endpoint])(**view_args)  # type: ignore[no-any-return]
           ~~~~~~~~~~~~~~~~~~~~~~~~~~~~~~~~~~~~~~~~~~~~~~~~~~~~^^^^^^^^^^^^^
  File "/Users/alita/.openclaw/workspace/codes/TradeMaster_v2/api/news_bp.py", line 90, in create_news
    cursor.execute(
    ~~~~~~~~~~~~~~^
        '''
        ^^^
    ...<12 lines>...
        )
        ^
    )
    ^
  File "/Library/Frameworks/Python.framework/Versions/3.14/lib/python3.14/site-packages/mysql/connector/cursor_cext.py", line 353, in execute
    self._connection.cmd_query(
    ~~~~~~~~~~~~~~~~~~~~~~~~~~^
        self._stmt_partition["mappable_stmt"],
        ^^^^^^^^^^^^^^^^^^^^^^^^^^^^^^^^^^^^^^
    ...<2 lines>...
        raw_as_string=self._raw_as_string,
        ^^^^^^^^^^^^^^^^^^^^^^^^^^^^^^^^^^
    )
    ^
  File "/Library/Frameworks/Python.framework/Versions/3.14/lib/python3.14/site-packages/mysql/connector/opentelemetry/context_propagation.py", line 97, in wrapper
    return method(cnx, *args, **kwargs)
  File "/Library/Frameworks/Python.framework/Versions/3.14/lib/python3.14/site-packages/mysql/connector/connection_cext.py", line 781, in cmd_query
    raise get_mysql_exception(
        err.errno, msg=err.msg, sqlstate=err.sqlstate
    ) from err
mysql.connector.errors.DataError: 1406 (22001): Data too long for column 'url' at row 1
127.0.0.1 - - [12/Mar/2026 08:18:21] "[35m[1mPOST /api/v1/news HTTP/1.1[0m" 500 -
127.0.0.1 - - [12/Mar/2026 08:18:23] "POST /api/v1/news/analyze HTTP/1.1" 200 -
[2026-03-12 08:18:23,980] ERROR in app: Exception on /api/v1/news [POST]
Traceback (most recent call last):
  File "/Library/Frameworks/Python.framework/Versions/3.14/lib/python3.14/site-packages/mysql/connector/connection_cext.py", line 772, in cmd_query
    self._cmysql.query(
    ~~~~~~~~~~~~~~~~~~^
        query,
        ^^^^^^
    ...<3 lines>...
        query_attrs=self.query_attrs,
        ^^^^^^^^^^^^^^^^^^^^^^^^^^^^^
    )
    ^
_mysql_connector.MySQLInterfaceError: Data too long for column 'url' at row 1

The above exception was the direct cause of the following exception:

Traceback (most recent call last):
  File "/Library/Frameworks/Python.framework/Versions/3.14/lib/python3.14/site-packages/flask/app.py", line 1511, in wsgi_app
    response = self.full_dispatch_request()
  File "/Library/Frameworks/Python.framework/Versions/3.14/lib/python3.14/site-packages/flask/app.py", line 919, in full_dispatch_request
    rv = self.handle_user_exception(e)
  File "/Library/Frameworks/Python.framework/Versions/3.14/lib/python3.14/site-packages/flask_cors/extension.py", line 176, in wrapped_function
    return cors_after_request(app.make_response(f(*args, **kwargs)))
                                                ~^^^^^^^^^^^^^^^^^
  File "/Library/Frameworks/Python.framework/Versions/3.14/lib/python3.14/site-packages/flask/app.py", line 917, in full_dispatch_request
    rv = self.dispatch_request()
  File "/Library/Frameworks/Python.framework/Versions/3.14/lib/python3.14/site-packages/flask/app.py", line 902, in dispatch_request
    return self.ensure_sync(self.view_functions[rule.endpoint])(**view_args)  # type: ignore[no-any-return]
           ~~~~~~~~~~~~~~~~~~~~~~~~~~~~~~~~~~~~~~~~~~~~~~~~~~~~^^^^^^^^^^^^^
  File "/Users/alita/.openclaw/workspace/codes/TradeMaster_v2/api/news_bp.py", line 90, in create_news
    cursor.execute(
    ~~~~~~~~~~~~~~^
        '''
        ^^^
    ...<12 lines>...
        )
        ^
    )
    ^
  File "/Library/Frameworks/Python.framework/Versions/3.14/lib/python3.14/site-packages/mysql/connector/cursor_cext.py", line 353, in execute
    self._connection.cmd_query(
    ~~~~~~~~~~~~~~~~~~~~~~~~~~^
        self._stmt_partition["mappable_stmt"],
        ^^^^^^^^^^^^^^^^^^^^^^^^^^^^^^^^^^^^^^
    ...<2 lines>...
        raw_as_string=self._raw_as_string,
        ^^^^^^^^^^^^^^^^^^^^^^^^^^^^^^^^^^
    )
    ^
  File "/Library/Frameworks/Python.framework/Versions/3.14/lib/python3.14/site-packages/mysql/connector/opentelemetry/context_propagation.py", line 97, in wrapper
    return method(cnx, *args, **kwargs)
  File "/Library/Frameworks/Python.framework/Versions/3.14/lib/python3.14/site-packages/mysql/connector/connection_cext.py", line 781, in cmd_query
    raise get_mysql_exception(
        err.errno, msg=err.msg, sqlstate=err.sqlstate
    ) from err
mysql.connector.errors.DataError: 1406 (22001): Data too long for column 'url' at row 1
127.0.0.1 - - [12/Mar/2026 08:18:23] "[35m[1mPOST /api/v1/news HTTP/1.1[0m" 500 -
127.0.0.1 - - [12/Mar/2026 08:18:29] "POST /api/v1/news/analyze HTTP/1.1" 200 -
[2026-03-12 08:18:29,498] ERROR in app: Exception on /api/v1/news [POST]
Traceback (most recent call last):
  File "/Library/Frameworks/Python.framework/Versions/3.14/lib/python3.14/site-packages/mysql/connector/connection_cext.py", line 772, in cmd_query
    self._cmysql.query(
    ~~~~~~~~~~~~~~~~~~^
        query,
        ^^^^^^
    ...<3 lines>...
        query_attrs=self.query_attrs,
        ^^^^^^^^^^^^^^^^^^^^^^^^^^^^^
    )
    ^
_mysql_connector.MySQLInterfaceError: Data too long for column 'url' at row 1

The above exception was the direct cause of the following exception:

Traceback (most recent call last):
  File "/Library/Frameworks/Python.framework/Versions/3.14/lib/python3.14/site-packages/flask/app.py", line 1511, in wsgi_app
    response = self.full_dispatch_request()
  File "/Library/Frameworks/Python.framework/Versions/3.14/lib/python3.14/site-packages/flask/app.py", line 919, in full_dispatch_request
    rv = self.handle_user_exception(e)
  File "/Library/Frameworks/Python.framework/Versions/3.14/lib/python3.14/site-packages/flask_cors/extension.py", line 176, in wrapped_function
    return cors_after_request(app.make_response(f(*args, **kwargs)))
                                                ~^^^^^^^^^^^^^^^^^
  File "/Library/Frameworks/Python.framework/Versions/3.14/lib/python3.14/site-packages/flask/app.py", line 917, in full_dispatch_request
    rv = self.dispatch_request()
  File "/Library/Frameworks/Python.framework/Versions/3.14/lib/python3.14/site-packages/flask/app.py", line 902, in dispatch_request
    return self.ensure_sync(self.view_functions[rule.endpoint])(**view_args)  # type: ignore[no-any-return]
           ~~~~~~~~~~~~~~~~~~~~~~~~~~~~~~~~~~~~~~~~~~~~~~~~~~~~^^^^^^^^^^^^^
  File "/Users/alita/.openclaw/workspace/codes/TradeMaster_v2/api/news_bp.py", line 90, in create_news
    cursor.execute(
    ~~~~~~~~~~~~~~^
        '''
        ^^^
    ...<12 lines>...
        )
        ^
    )
    ^
  File "/Library/Frameworks/Python.framework/Versions/3.14/lib/python3.14/site-packages/mysql/connector/cursor_cext.py", line 353, in execute
    self._connection.cmd_query(
    ~~~~~~~~~~~~~~~~~~~~~~~~~~^
        self._stmt_partition["mappable_stmt"],
        ^^^^^^^^^^^^^^^^^^^^^^^^^^^^^^^^^^^^^^
    ...<2 lines>...
        raw_as_string=self._raw_as_string,
        ^^^^^^^^^^^^^^^^^^^^^^^^^^^^^^^^^^
    )
    ^
  File "/Library/Frameworks/Python.framework/Versions/3.14/lib/python3.14/site-packages/mysql/connector/opentelemetry/context_propagation.py", line 97, in wrapper
    return method(cnx, *args, **kwargs)
  File "/Library/Frameworks/Python.framework/Versions/3.14/lib/python3.14/site-packages/mysql/connector/connection_cext.py", line 781, in cmd_query
    raise get_mysql_exception(
        err.errno, msg=err.msg, sqlstate=err.sqlstate
    ) from err
mysql.connector.errors.DataError: 1406 (22001): Data too long for column 'url' at row 1
127.0.0.1 - - [12/Mar/2026 08:18:29] "[35m[1mPOST /api/v1/news HTTP/1.1[0m" 500 -
127.0.0.1 - - [12/Mar/2026 08:33:15] "GET /health HTTP/1.1" 200 -
127.0.0.1 - - [12/Mar/2026 09:01:35] "GET /health HTTP/1.1" 200 -
127.0.0.1 - - [12/Mar/2026 09:04:57] "GET /health HTTP/1.1" 200 -
127.0.0.1 - - [12/Mar/2026 09:17:00] "POST /api/v1/news/analyze HTTP/1.1" 200 -
127.0.0.1 - - [12/Mar/2026 09:17:00] "[35m[1mPOST /api/v1/news HTTP/1.1[0m" 201 -
127.0.0.1 - - [12/Mar/2026 09:17:00] "POST /api/v1/news/analyze HTTP/1.1" 200 -
127.0.0.1 - - [12/Mar/2026 09:17:00] "[35m[1mPOST /api/v1/news HTTP/1.1[0m" 201 -
127.0.0.1 - - [12/Mar/2026 09:17:00] "POST /api/v1/news/analyze HTTP/1.1" 200 -
127.0.0.1 - - [12/Mar/2026 09:17:00] "[35m[1mPOST /api/v1/news HTTP/1.1[0m" 201 -
127.0.0.1 - - [12/Mar/2026 09:17:02] "POST /api/v1/news/analyze HTTP/1.1" 200 -
127.0.0.1 - - [12/Mar/2026 09:17:02] "[35m[1mPOST /api/v1/news HTTP/1.1[0m" 201 -
127.0.0.1 - - [12/Mar/2026 09:17:05] "POST /api/v1/news/analyze HTTP/1.1" 200 -
127.0.0.1 - - [12/Mar/2026 09:17:05] "[35m[1mPOST /api/v1/news HTTP/1.1[0m" 201 -
127.0.0.1 - - [12/Mar/2026 09:17:05] "POST /api/v1/news/analyze HTTP/1.1" 200 -
127.0.0.1 - - [12/Mar/2026 09:17:05] "[35m[1mPOST /api/v1/news HTTP/1.1[0m" 201 -
127.0.0.1 - - [12/Mar/2026 09:17:05] "POST /api/v1/news/analyze HTTP/1.1" 200 -
127.0.0.1 - - [12/Mar/2026 09:17:05] "[35m[1mPOST /api/v1/news HTTP/1.1[0m" 201 -
127.0.0.1 - - [12/Mar/2026 09:17:11] "POST /api/v1/news/analyze HTTP/1.1" 200 -
[2026-03-12 09:17:11,052] ERROR in app: Exception on /api/v1/news [POST]
Traceback (most recent call last):
  File "/Library/Frameworks/Python.framework/Versions/3.14/lib/python3.14/site-packages/mysql/connector/connection_cext.py", line 772, in cmd_query
    self._cmysql.query(
    ~~~~~~~~~~~~~~~~~~^
        query,
        ^^^^^^
    ...<3 lines>...
        query_attrs=self.query_attrs,
        ^^^^^^^^^^^^^^^^^^^^^^^^^^^^^
    )
    ^
_mysql_connector.MySQLInterfaceError: Data too long for column 'url' at row 1

The above exception was the direct cause of the following exception:

Traceback (most recent call last):
  File "/Library/Frameworks/Python.framework/Versions/3.14/lib/python3.14/site-packages/flask/app.py", line 1511, in wsgi_app
    response = self.full_dispatch_request()
  File "/Library/Frameworks/Python.framework/Versions/3.14/lib/python3.14/site-packages/flask/app.py", line 919, in full_dispatch_request
    rv = self.handle_user_exception(e)
  File "/Library/Frameworks/Python.framework/Versions/3.14/lib/python3.14/site-packages/flask_cors/extension.py", line 176, in wrapped_function
    return cors_after_request(app.make_response(f(*args, **kwargs)))
                                                ~^^^^^^^^^^^^^^^^^
  File "/Library/Frameworks/Python.framework/Versions/3.14/lib/python3.14/site-packages/flask/app.py", line 917, in full_dispatch_request
    rv = self.dispatch_request()
  File "/Library/Frameworks/Python.framework/Versions/3.14/lib/python3.14/site-packages/flask/app.py", line 902, in dispatch_request
    return self.ensure_sync(self.view_functions[rule.endpoint])(**view_args)  # type: ignore[no-any-return]
           ~~~~~~~~~~~~~~~~~~~~~~~~~~~~~~~~~~~~~~~~~~~~~~~~~~~~^^^^^^^^^^^^^
  File "/Users/alita/.openclaw/workspace/codes/TradeMaster_v2/api/news_bp.py", line 90, in create_news
    cursor.execute(
    ~~~~~~~~~~~~~~^
        '''
        ^^^
    ...<12 lines>...
        )
        ^
    )
    ^
  File "/Library/Frameworks/Python.framework/Versions/3.14/lib/python3.14/site-packages/mysql/connector/cursor_cext.py", line 353, in execute
    self._connection.cmd_query(
    ~~~~~~~~~~~~~~~~~~~~~~~~~~^
        self._stmt_partition["mappable_stmt"],
        ^^^^^^^^^^^^^^^^^^^^^^^^^^^^^^^^^^^^^^
    ...<2 lines>...
        raw_as_string=self._raw_as_string,
        ^^^^^^^^^^^^^^^^^^^^^^^^^^^^^^^^^^
    )
    ^
  File "/Library/Frameworks/Python.framework/Versions/3.14/lib/python3.14/site-packages/mysql/connector/opentelemetry/context_propagation.py", line 97, in wrapper
    return method(cnx, *args, **kwargs)
  File "/Library/Frameworks/Python.framework/Versions/3.14/lib/python3.14/site-packages/mysql/connector/connection_cext.py", line 781, in cmd_query
    raise get_mysql_exception(
        err.errno, msg=err.msg, sqlstate=err.sqlstate
    ) from err
mysql.connector.errors.DataError: 1406 (22001): Data too long for column 'url' at row 1
127.0.0.1 - - [12/Mar/2026 09:17:11] "[35m[1mPOST /api/v1/news HTTP/1.1[0m" 500 -
127.0.0.1 - - [12/Mar/2026 09:17:11] "POST /api/v1/news/analyze HTTP/1.1" 200 -
127.0.0.1 - - [12/Mar/2026 09:17:11] "[35m[1mPOST /api/v1/news HTTP/1.1[0m" 201 -
127.0.0.1 - - [12/Mar/2026 09:17:16] "POST /api/v1/news/analyze HTTP/1.1" 200 -
127.0.0.1 - - [12/Mar/2026 09:17:16] "[35m[1mPOST /api/v1/news HTTP/1.1[0m" 201 -
127.0.0.1 - - [12/Mar/2026 09:17:16] "POST /api/v1/news/analyze HTTP/1.1" 200 -
[2026-03-12 09:17:16,323] ERROR in app: Exception on /api/v1/news [POST]
Traceback (most recent call last):
  File "/Library/Frameworks/Python.framework/Versions/3.14/lib/python3.14/site-packages/mysql/connector/connection_cext.py", line 772, in cmd_query
    self._cmysql.query(
    ~~~~~~~~~~~~~~~~~~^
        query,
        ^^^^^^
    ...<3 lines>...
        query_attrs=self.query_attrs,
        ^^^^^^^^^^^^^^^^^^^^^^^^^^^^^
    )
    ^
_mysql_connector.MySQLInterfaceError: Data too long for column 'url' at row 1

The above exception was the direct cause of the following exception:

Traceback (most recent call last):
  File "/Library/Frameworks/Python.framework/Versions/3.14/lib/python3.14/site-packages/flask/app.py", line 1511, in wsgi_app
    response = self.full_dispatch_request()
  File "/Library/Frameworks/Python.framework/Versions/3.14/lib/python3.14/site-packages/flask/app.py", line 919, in full_dispatch_request
    rv = self.handle_user_exception(e)
  File "/Library/Frameworks/Python.framework/Versions/3.14/lib/python3.14/site-packages/flask_cors/extension.py", line 176, in wrapped_function
    return cors_after_request(app.make_response(f(*args, **kwargs)))
                                                ~^^^^^^^^^^^^^^^^^
  File "/Library/Frameworks/Python.framework/Versions/3.14/lib/python3.14/site-packages/flask/app.py", line 917, in full_dispatch_request
    rv = self.dispatch_request()
  File "/Library/Frameworks/Python.framework/Versions/3.14/lib/python3.14/site-packages/flask/app.py", line 902, in dispatch_request
    return self.ensure_sync(self.view_functions[rule.endpoint])(**view_args)  # type: ignore[no-any-return]
           ~~~~~~~~~~~~~~~~~~~~~~~~~~~~~~~~~~~~~~~~~~~~~~~~~~~~^^^^^^^^^^^^^
  File "/Users/alita/.openclaw/workspace/codes/TradeMaster_v2/api/news_bp.py", line 90, in create_news
    cursor.execute(
    ~~~~~~~~~~~~~~^
        '''
        ^^^
    ...<12 lines>...
        )
        ^
    )
    ^
  File "/Library/Frameworks/Python.framework/Versions/3.14/lib/python3.14/site-packages/mysql/connector/cursor_cext.py", line 353, in execute
    self._connection.cmd_query(
    ~~~~~~~~~~~~~~~~~~~~~~~~~~^
        self._stmt_partition["mappable_stmt"],
        ^^^^^^^^^^^^^^^^^^^^^^^^^^^^^^^^^^^^^^
    ...<2 lines>...
        raw_as_string=self._raw_as_string,
        ^^^^^^^^^^^^^^^^^^^^^^^^^^^^^^^^^^
    )
    ^
  File "/Library/Frameworks/Python.framework/Versions/3.14/lib/python3.14/site-packages/mysql/connector/opentelemetry/context_propagation.py", line 97, in wrapper
    return method(cnx, *args, **kwargs)
  File "/Library/Frameworks/Python.framework/Versions/3.14/lib/python3.14/site-packages/mysql/connector/connection_cext.py", line 781, in cmd_query
    raise get_mysql_exception(
        err.errno, msg=err.msg, sqlstate=err.sqlstate
    ) from err
mysql.connector.errors.DataError: 1406 (22001): Data too long for column 'url' at row 1
127.0.0.1 - - [12/Mar/2026 09:17:16] "[35m[1mPOST /api/v1/news HTTP/1.1[0m" 500 -
127.0.0.1 - - [12/Mar/2026 09:17:25] "POST /api/v1/news/analyze HTTP/1.1" 200 -
127.0.0.1 - - [12/Mar/2026 09:17:25] "[35m[1mPOST /api/v1/news HTTP/1.1[0m" 201 -
127.0.0.1 - - [12/Mar/2026 09:17:28] "POST /api/v1/news/analyze HTTP/1.1" 200 -
127.0.0.1 - - [12/Mar/2026 09:17:28] "[35m[1mPOST /api/v1/news HTTP/1.1[0m" 201 -
127.0.0.1 - - [12/Mar/2026 09:17:28] "POST /api/v1/news/analyze HTTP/1.1" 200 -
127.0.0.1 - - [12/Mar/2026 09:17:28] "[35m[1mPOST /api/v1/news HTTP/1.1[0m" 201 -
127.0.0.1 - - [12/Mar/2026 09:17:28] "POST /api/v1/news/analyze HTTP/1.1" 200 -
[2026-03-12 09:17:28,575] ERROR in app: Exception on /api/v1/news [POST]
Traceback (most recent call last):
  File "/Library/Frameworks/Python.framework/Versions/3.14/lib/python3.14/site-packages/mysql/connector/connection_cext.py", line 772, in cmd_query
    self._cmysql.query(
    ~~~~~~~~~~~~~~~~~~^
        query,
        ^^^^^^
    ...<3 lines>...
        query_attrs=self.query_attrs,
        ^^^^^^^^^^^^^^^^^^^^^^^^^^^^^
    )
    ^
_mysql_connector.MySQLInterfaceError: Data too long for column 'url' at row 1

The above exception was the direct cause of the following exception:

Traceback (most recent call last):
  File "/Library/Frameworks/Python.framework/Versions/3.14/lib/python3.14/site-packages/flask/app.py", line 1511, in wsgi_app
    response = self.full_dispatch_request()
  File "/Library/Frameworks/Python.framework/Versions/3.14/lib/python3.14/site-packages/flask/app.py", line 919, in full_dispatch_request
    rv = self.handle_user_exception(e)
  File "/Library/Frameworks/Python.framework/Versions/3.14/lib/python3.14/site-packages/flask_cors/extension.py", line 176, in wrapped_function
    return cors_after_request(app.make_response(f(*args, **kwargs)))
                                                ~^^^^^^^^^^^^^^^^^
  File "/Library/Frameworks/Python.framework/Versions/3.14/lib/python3.14/site-packages/flask/app.py", line 917, in full_dispatch_request
    rv = self.dispatch_request()
  File "/Library/Frameworks/Python.framework/Versions/3.14/lib/python3.14/site-packages/flask/app.py", line 902, in dispatch_request
    return self.ensure_sync(self.view_functions[rule.endpoint])(**view_args)  # type: ignore[no-any-return]
           ~~~~~~~~~~~~~~~~~~~~~~~~~~~~~~~~~~~~~~~~~~~~~~~~~~~~^^^^^^^^^^^^^
  File "/Users/alita/.openclaw/workspace/codes/TradeMaster_v2/api/news_bp.py", line 90, in create_news
    cursor.execute(
    ~~~~~~~~~~~~~~^
        '''
        ^^^
    ...<12 lines>...
        )
        ^
    )
    ^
  File "/Library/Frameworks/Python.framework/Versions/3.14/lib/python3.14/site-packages/mysql/connector/cursor_cext.py", line 353, in execute
    self._connection.cmd_query(
    ~~~~~~~~~~~~~~~~~~~~~~~~~~^
        self._stmt_partition["mappable_stmt"],
        ^^^^^^^^^^^^^^^^^^^^^^^^^^^^^^^^^^^^^^
    ...<2 lines>...
        raw_as_string=self._raw_as_string,
        ^^^^^^^^^^^^^^^^^^^^^^^^^^^^^^^^^^
    )
    ^
  File "/Library/Frameworks/Python.framework/Versions/3.14/lib/python3.14/site-packages/mysql/connector/opentelemetry/context_propagation.py", line 97, in wrapper
    return method(cnx, *args, **kwargs)
  File "/Library/Frameworks/Python.framework/Versions/3.14/lib/python3.14/site-packages/mysql/connector/connection_cext.py", line 781, in cmd_query
    raise get_mysql_exception(
        err.errno, msg=err.msg, sqlstate=err.sqlstate
    ) from err
mysql.connector.errors.DataError: 1406 (22001): Data too long for column 'url' at row 1
127.0.0.1 - - [12/Mar/2026 09:17:28] "[35m[1mPOST /api/v1/news HTTP/1.1[0m" 500 -
127.0.0.1 - - [12/Mar/2026 09:17:31] "POST /api/v1/news/analyze HTTP/1.1" 200 -
127.0.0.1 - - [12/Mar/2026 09:17:31] "[35m[1mPOST /api/v1/news HTTP/1.1[0m" 201 -
127.0.0.1 - - [12/Mar/2026 09:17:37] "POST /api/v1/news/analyze HTTP/1.1" 200 -
127.0.0.1 - - [12/Mar/2026 09:17:37] "[35m[1mPOST /api/v1/news HTTP/1.1[0m" 201 -
127.0.0.1 - - [12/Mar/2026 09:17:37] "POST /api/v1/news/analyze HTTP/1.1" 200 -
127.0.0.1 - - [12/Mar/2026 09:17:37] "[35m[1mPOST /api/v1/news HTTP/1.1[0m" 201 -
127.0.0.1 - - [12/Mar/2026 09:17:39] "POST /api/v1/news/analyze HTTP/1.1" 200 -
[2026-03-12 09:17:39,651] ERROR in app: Exception on /api/v1/news [POST]
Traceback (most recent call last):
  File "/Library/Frameworks/Python.framework/Versions/3.14/lib/python3.14/site-packages/mysql/connector/connection_cext.py", line 772, in cmd_query
    self._cmysql.query(
    ~~~~~~~~~~~~~~~~~~^
        query,
        ^^^^^^
    ...<3 lines>...
        query_attrs=self.query_attrs,
        ^^^^^^^^^^^^^^^^^^^^^^^^^^^^^
    )
    ^
_mysql_connector.MySQLInterfaceError: Data too long for column 'url' at row 1

The above exception was the direct cause of the following exception:

Traceback (most recent call last):
  File "/Library/Frameworks/Python.framework/Versions/3.14/lib/python3.14/site-packages/flask/app.py", line 1511, in wsgi_app
    response = self.full_dispatch_request()
  File "/Library/Frameworks/Python.framework/Versions/3.14/lib/python3.14/site-packages/flask/app.py", line 919, in full_dispatch_request
    rv = self.handle_user_exception(e)
  File "/Library/Frameworks/Python.framework/Versions/3.14/lib/python3.14/site-packages/flask_cors/extension.py", line 176, in wrapped_function
    return cors_after_request(app.make_response(f(*args, **kwargs)))
                                                ~^^^^^^^^^^^^^^^^^
  File "/Library/Frameworks/Python.framework/Versions/3.14/lib/python3.14/site-packages/flask/app.py", line 917, in full_dispatch_request
    rv = self.dispatch_request()
  File "/Library/Frameworks/Python.framework/Versions/3.14/lib/python3.14/site-packages/flask/app.py", line 902, in dispatch_request
    return self.ensure_sync(self.view_functions[rule.endpoint])(**view_args)  # type: ignore[no-any-return]
           ~~~~~~~~~~~~~~~~~~~~~~~~~~~~~~~~~~~~~~~~~~~~~~~~~~~~^^^^^^^^^^^^^
  File "/Users/alita/.openclaw/workspace/codes/TradeMaster_v2/api/news_bp.py", line 90, in create_news
    cursor.execute(
    ~~~~~~~~~~~~~~^
        '''
        ^^^
    ...<12 lines>...
        )
        ^
    )
    ^
  File "/Library/Frameworks/Python.framework/Versions/3.14/lib/python3.14/site-packages/mysql/connector/cursor_cext.py", line 353, in execute
    self._connection.cmd_query(
    ~~~~~~~~~~~~~~~~~~~~~~~~~~^
        self._stmt_partition["mappable_stmt"],
        ^^^^^^^^^^^^^^^^^^^^^^^^^^^^^^^^^^^^^^
    ...<2 lines>...
        raw_as_string=self._raw_as_string,
        ^^^^^^^^^^^^^^^^^^^^^^^^^^^^^^^^^^
    )
    ^
  File "/Library/Frameworks/Python.framework/Versions/3.14/lib/python3.14/site-packages/mysql/connector/opentelemetry/context_propagation.py", line 97, in wrapper
    return method(cnx, *args, **kwargs)
  File "/Library/Frameworks/Python.framework/Versions/3.14/lib/python3.14/site-packages/mysql/connector/connection_cext.py", line 781, in cmd_query
    raise get_mysql_exception(
        err.errno, msg=err.msg, sqlstate=err.sqlstate
    ) from err
mysql.connector.errors.DataError: 1406 (22001): Data too long for column 'url' at row 1
127.0.0.1 - - [12/Mar/2026 09:17:39] "[35m[1mPOST /api/v1/news HTTP/1.1[0m" 500 -
127.0.0.1 - - [12/Mar/2026 09:17:42] "POST /api/v1/news/analyze HTTP/1.1" 200 -
[2026-03-12 09:17:42,312] ERROR in app: Exception on /api/v1/news [POST]
Traceback (most recent call last):
  File "/Library/Frameworks/Python.framework/Versions/3.14/lib/python3.14/site-packages/mysql/connector/connection_cext.py", line 772, in cmd_query
    self._cmysql.query(
    ~~~~~~~~~~~~~~~~~~^
        query,
        ^^^^^^
    ...<3 lines>...
        query_attrs=self.query_attrs,
        ^^^^^^^^^^^^^^^^^^^^^^^^^^^^^
    )
    ^
_mysql_connector.MySQLInterfaceError: Data too long for column 'url' at row 1

The above exception was the direct cause of the following exception:

Traceback (most recent call last):
  File "/Library/Frameworks/Python.framework/Versions/3.14/lib/python3.14/site-packages/flask/app.py", line 1511, in wsgi_app
    response = self.full_dispatch_request()
  File "/Library/Frameworks/Python.framework/Versions/3.14/lib/python3.14/site-packages/flask/app.py", line 919, in full_dispatch_request
    rv = self.handle_user_exception(e)
  File "/Library/Frameworks/Python.framework/Versions/3.14/lib/python3.14/site-packages/flask_cors/extension.py", line 176, in wrapped_function
    return cors_after_request(app.make_response(f(*args, **kwargs)))
                                                ~^^^^^^^^^^^^^^^^^
  File "/Library/Frameworks/Python.framework/Versions/3.14/lib/python3.14/site-packages/flask/app.py", line 917, in full_dispatch_request
    rv = self.dispatch_request()
  File "/Library/Frameworks/Python.framework/Versions/3.14/lib/python3.14/site-packages/flask/app.py", line 902, in dispatch_request
    return self.ensure_sync(self.view_functions[rule.endpoint])(**view_args)  # type: ignore[no-any-return]
           ~~~~~~~~~~~~~~~~~~~~~~~~~~~~~~~~~~~~~~~~~~~~~~~~~~~~^^^^^^^^^^^^^
  File "/Users/alita/.openclaw/workspace/codes/TradeMaster_v2/api/news_bp.py", line 90, in create_news
    cursor.execute(
    ~~~~~~~~~~~~~~^
        '''
        ^^^
    ...<12 lines>...
        )
        ^
    )
    ^
  File "/Library/Frameworks/Python.framework/Versions/3.14/lib/python3.14/site-packages/mysql/connector/cursor_cext.py", line 353, in execute
    self._connection.cmd_query(
    ~~~~~~~~~~~~~~~~~~~~~~~~~~^
        self._stmt_partition["mappable_stmt"],
        ^^^^^^^^^^^^^^^^^^^^^^^^^^^^^^^^^^^^^^
    ...<2 lines>...
        raw_as_string=self._raw_as_string,
        ^^^^^^^^^^^^^^^^^^^^^^^^^^^^^^^^^^
    )
    ^
  File "/Library/Frameworks/Python.framework/Versions/3.14/lib/python3.14/site-packages/mysql/connector/opentelemetry/context_propagation.py", line 97, in wrapper
    return method(cnx, *args, **kwargs)
  File "/Library/Frameworks/Python.framework/Versions/3.14/lib/python3.14/site-packages/mysql/connector/connection_cext.py", line 781, in cmd_query
    raise get_mysql_exception(
        err.errno, msg=err.msg, sqlstate=err.sqlstate
    ) from err
mysql.connector.errors.DataError: 1406 (22001): Data too long for column 'url' at row 1
127.0.0.1 - - [12/Mar/2026 09:17:42] "[35m[1mPOST /api/v1/news HTTP/1.1[0m" 500 -
127.0.0.1 - - [12/Mar/2026 09:17:44] "POST /api/v1/news/analyze HTTP/1.1" 200 -
127.0.0.1 - - [12/Mar/2026 09:17:44] "[35m[1mPOST /api/v1/news HTTP/1.1[0m" 201 -
127.0.0.1 - - [12/Mar/2026 09:17:51] "POST /api/v1/news/analyze HTTP/1.1" 200 -
127.0.0.1 - - [12/Mar/2026 09:17:51] "[35m[1mPOST /api/v1/news HTTP/1.1[0m" 201 -
127.0.0.1 - - [12/Mar/2026 09:34:57] "GET /health HTTP/1.1" 200 -
127.0.0.1 - - [12/Mar/2026 10:05:01] "GET /health HTTP/1.1" 200 -
127.0.0.1 - - [12/Mar/2026 10:16:02] "POST /api/v1/news/analyze HTTP/1.1" 200 -
127.0.0.1 - - [12/Mar/2026 10:16:02] "[35m[1mPOST /api/v1/news HTTP/1.1[0m" 201 -
127.0.0.1 - - [12/Mar/2026 10:16:02] "POST /api/v1/news/analyze HTTP/1.1" 200 -
127.0.0.1 - - [12/Mar/2026 10:16:02] "[35m[1mPOST /api/v1/news HTTP/1.1[0m" 201 -
127.0.0.1 - - [12/Mar/2026 10:16:02] "POST /api/v1/news/analyze HTTP/1.1" 200 -
127.0.0.1 - - [12/Mar/2026 10:16:02] "[35m[1mPOST /api/v1/news HTTP/1.1[0m" 201 -
127.0.0.1 - - [12/Mar/2026 10:16:02] "POST /api/v1/news/analyze HTTP/1.1" 200 -
[2026-03-12 10:16:02,453] ERROR in app: Exception on /api/v1/news [POST]
Traceback (most recent call last):
  File "/Library/Frameworks/Python.framework/Versions/3.14/lib/python3.14/site-packages/mysql/connector/connection_cext.py", line 772, in cmd_query
    self._cmysql.query(
    ~~~~~~~~~~~~~~~~~~^
        query,
        ^^^^^^
    ...<3 lines>...
        query_attrs=self.query_attrs,
        ^^^^^^^^^^^^^^^^^^^^^^^^^^^^^
    )
    ^
_mysql_connector.MySQLInterfaceError: Data too long for column 'url' at row 1

The above exception was the direct cause of the following exception:

Traceback (most recent call last):
  File "/Library/Frameworks/Python.framework/Versions/3.14/lib/python3.14/site-packages/flask/app.py", line 1511, in wsgi_app
    response = self.full_dispatch_request()
  File "/Library/Frameworks/Python.framework/Versions/3.14/lib/python3.14/site-packages/flask/app.py", line 919, in full_dispatch_request
    rv = self.handle_user_exception(e)
  File "/Library/Frameworks/Python.framework/Versions/3.14/lib/python3.14/site-packages/flask_cors/extension.py", line 176, in wrapped_function
    return cors_after_request(app.make_response(f(*args, **kwargs)))
                                                ~^^^^^^^^^^^^^^^^^
  File "/Library/Frameworks/Python.framework/Versions/3.14/lib/python3.14/site-packages/flask/app.py", line 917, in full_dispatch_request
    rv = self.dispatch_request()
  File "/Library/Frameworks/Python.framework/Versions/3.14/lib/python3.14/site-packages/flask/app.py", line 902, in dispatch_request
    return self.ensure_sync(self.view_functions[rule.endpoint])(**view_args)  # type: ignore[no-any-return]
           ~~~~~~~~~~~~~~~~~~~~~~~~~~~~~~~~~~~~~~~~~~~~~~~~~~~~^^^^^^^^^^^^^
  File "/Users/alita/.openclaw/workspace/codes/TradeMaster_v2/api/news_bp.py", line 90, in create_news
    cursor.execute(
    ~~~~~~~~~~~~~~^
        '''
        ^^^
    ...<12 lines>...
        )
        ^
    )
    ^
  File "/Library/Frameworks/Python.framework/Versions/3.14/lib/python3.14/site-packages/mysql/connector/cursor_cext.py", line 353, in execute
    self._connection.cmd_query(
    ~~~~~~~~~~~~~~~~~~~~~~~~~~^
        self._stmt_partition["mappable_stmt"],
        ^^^^^^^^^^^^^^^^^^^^^^^^^^^^^^^^^^^^^^
    ...<2 lines>...
        raw_as_string=self._raw_as_string,
        ^^^^^^^^^^^^^^^^^^^^^^^^^^^^^^^^^^
    )
    ^
  File "/Library/Frameworks/Python.framework/Versions/3.14/lib/python3.14/site-packages/mysql/connector/opentelemetry/context_propagation.py", line 97, in wrapper
    return method(cnx, *args, **kwargs)
  File "/Library/Frameworks/Python.framework/Versions/3.14/lib/python3.14/site-packages/mysql/connector/connection_cext.py", line 781, in cmd_query
    raise get_mysql_exception(
        err.errno, msg=err.msg, sqlstate=err.sqlstate
    ) from err
mysql.connector.errors.DataError: 1406 (22001): Data too long for column 'url' at row 1
127.0.0.1 - - [12/Mar/2026 10:16:02] "[35m[1mPOST /api/v1/news HTTP/1.1[0m" 500 -
127.0.0.1 - - [12/Mar/2026 10:16:04] "POST /api/v1/news/analyze HTTP/1.1" 200 -
127.0.0.1 - - [12/Mar/2026 10:16:04] "[35m[1mPOST /api/v1/news HTTP/1.1[0m" 201 -
127.0.0.1 - - [12/Mar/2026 10:16:04] "POST /api/v1/news/analyze HTTP/1.1" 200 -
127.0.0.1 - - [12/Mar/2026 10:16:04] "[35m[1mPOST /api/v1/news HTTP/1.1[0m" 201 -
127.0.0.1 - - [12/Mar/2026 10:16:04] "POST /api/v1/news/analyze HTTP/1.1" 200 -
127.0.0.1 - - [12/Mar/2026 10:16:04] "[35m[1mPOST /api/v1/news HTTP/1.1[0m" 201 -
127.0.0.1 - - [12/Mar/2026 10:16:09] "POST /api/v1/news/analyze HTTP/1.1" 200 -
[2026-03-12 10:16:09,160] ERROR in app: Exception on /api/v1/news [POST]
Traceback (most recent call last):
  File "/Library/Frameworks/Python.framework/Versions/3.14/lib/python3.14/site-packages/mysql/connector/connection_cext.py", line 772, in cmd_query
    self._cmysql.query(
    ~~~~~~~~~~~~~~~~~~^
        query,
        ^^^^^^
    ...<3 lines>...
        query_attrs=self.query_attrs,
        ^^^^^^^^^^^^^^^^^^^^^^^^^^^^^
    )
    ^
_mysql_connector.MySQLInterfaceError: Data too long for column 'url' at row 1

The above exception was the direct cause of the following exception:

Traceback (most recent call last):
  File "/Library/Frameworks/Python.framework/Versions/3.14/lib/python3.14/site-packages/flask/app.py", line 1511, in wsgi_app
    response = self.full_dispatch_request()
  File "/Library/Frameworks/Python.framework/Versions/3.14/lib/python3.14/site-packages/flask/app.py", line 919, in full_dispatch_request
    rv = self.handle_user_exception(e)
  File "/Library/Frameworks/Python.framework/Versions/3.14/lib/python3.14/site-packages/flask_cors/extension.py", line 176, in wrapped_function
    return cors_after_request(app.make_response(f(*args, **kwargs)))
                                                ~^^^^^^^^^^^^^^^^^
  File "/Library/Frameworks/Python.framework/Versions/3.14/lib/python3.14/site-packages/flask/app.py", line 917, in full_dispatch_request
    rv = self.dispatch_request()
  File "/Library/Frameworks/Python.framework/Versions/3.14/lib/python3.14/site-packages/flask/app.py", line 902, in dispatch_request
    return self.ensure_sync(self.view_functions[rule.endpoint])(**view_args)  # type: ignore[no-any-return]
           ~~~~~~~~~~~~~~~~~~~~~~~~~~~~~~~~~~~~~~~~~~~~~~~~~~~~^^^^^^^^^^^^^
  File "/Users/alita/.openclaw/workspace/codes/TradeMaster_v2/api/news_bp.py", line 90, in create_news
    cursor.execute(
    ~~~~~~~~~~~~~~^
        '''
        ^^^
    ...<12 lines>...
        )
        ^
    )
    ^
  File "/Library/Frameworks/Python.framework/Versions/3.14/lib/python3.14/site-packages/mysql/connector/cursor_cext.py", line 353, in execute
    self._connection.cmd_query(
    ~~~~~~~~~~~~~~~~~~~~~~~~~~^
        self._stmt_partition["mappable_stmt"],
        ^^^^^^^^^^^^^^^^^^^^^^^^^^^^^^^^^^^^^^
    ...<2 lines>...
        raw_as_string=self._raw_as_string,
        ^^^^^^^^^^^^^^^^^^^^^^^^^^^^^^^^^^
    )
    ^
  File "/Library/Frameworks/Python.framework/Versions/3.14/lib/python3.14/site-packages/mysql/connector/opentelemetry/context_propagation.py", line 97, in wrapper
    return method(cnx, *args, **kwargs)
  File "/Library/Frameworks/Python.framework/Versions/3.14/lib/python3.14/site-packages/mysql/connector/connection_cext.py", line 781, in cmd_query
    raise get_mysql_exception(
        err.errno, msg=err.msg, sqlstate=err.sqlstate
    ) from err
mysql.connector.errors.DataError: 1406 (22001): Data too long for column 'url' at row 1
127.0.0.1 - - [12/Mar/2026 10:16:09] "[35m[1mPOST /api/v1/news HTTP/1.1[0m" 500 -
127.0.0.1 - - [12/Mar/2026 10:16:15] "POST /api/v1/news/analyze HTTP/1.1" 200 -
127.0.0.1 - - [12/Mar/2026 10:16:15] "[35m[1mPOST /api/v1/news HTTP/1.1[0m" 201 -
127.0.0.1 - - [12/Mar/2026 10:16:15] "POST /api/v1/news/analyze HTTP/1.1" 200 -
127.0.0.1 - - [12/Mar/2026 10:16:15] "[35m[1mPOST /api/v1/news HTTP/1.1[0m" 201 -
127.0.0.1 - - [12/Mar/2026 10:16:15] "POST /api/v1/news/analyze HTTP/1.1" 200 -
[2026-03-12 10:16:15,676] ERROR in app: Exception on /api/v1/news [POST]
Traceback (most recent call last):
  File "/Library/Frameworks/Python.framework/Versions/3.14/lib/python3.14/site-packages/mysql/connector/connection_cext.py", line 772, in cmd_query
    self._cmysql.query(
    ~~~~~~~~~~~~~~~~~~^
        query,
        ^^^^^^
    ...<3 lines>...
        query_attrs=self.query_attrs,
        ^^^^^^^^^^^^^^^^^^^^^^^^^^^^^
    )
    ^
_mysql_connector.MySQLInterfaceError: Data too long for column 'url' at row 1

The above exception was the direct cause of the following exception:

Traceback (most recent call last):
  File "/Library/Frameworks/Python.framework/Versions/3.14/lib/python3.14/site-packages/flask/app.py", line 1511, in wsgi_app
    response = self.full_dispatch_request()
  File "/Library/Frameworks/Python.framework/Versions/3.14/lib/python3.14/site-packages/flask/app.py", line 919, in full_dispatch_request
    rv = self.handle_user_exception(e)
  File "/Library/Frameworks/Python.framework/Versions/3.14/lib/python3.14/site-packages/flask_cors/extension.py", line 176, in wrapped_function
    return cors_after_request(app.make_response(f(*args, **kwargs)))
                                                ~^^^^^^^^^^^^^^^^^
  File "/Library/Frameworks/Python.framework/Versions/3.14/lib/python3.14/site-packages/flask/app.py", line 917, in full_dispatch_request
    rv = self.dispatch_request()
  File "/Library/Frameworks/Python.framework/Versions/3.14/lib/python3.14/site-packages/flask/app.py", line 902, in dispatch_request
    return self.ensure_sync(self.view_functions[rule.endpoint])(**view_args)  # type: ignore[no-any-return]
           ~~~~~~~~~~~~~~~~~~~~~~~~~~~~~~~~~~~~~~~~~~~~~~~~~~~~^^^^^^^^^^^^^
  File "/Users/alita/.openclaw/workspace/codes/TradeMaster_v2/api/news_bp.py", line 90, in create_news
    cursor.execute(
    ~~~~~~~~~~~~~~^
        '''
        ^^^
    ...<12 lines>...
        )
        ^
    )
    ^
  File "/Library/Frameworks/Python.framework/Versions/3.14/lib/python3.14/site-packages/mysql/connector/cursor_cext.py", line 353, in execute
    self._connection.cmd_query(
    ~~~~~~~~~~~~~~~~~~~~~~~~~~^
        self._stmt_partition["mappable_stmt"],
        ^^^^^^^^^^^^^^^^^^^^^^^^^^^^^^^^^^^^^^
    ...<2 lines>...
        raw_as_string=self._raw_as_string,
        ^^^^^^^^^^^^^^^^^^^^^^^^^^^^^^^^^^
    )
    ^
  File "/Library/Frameworks/Python.framework/Versions/3.14/lib/python3.14/site-packages/mysql/connector/opentelemetry/context_propagation.py", line 97, in wrapper
    return method(cnx, *args, **kwargs)
  File "/Library/Frameworks/Python.framework/Versions/3.14/lib/python3.14/site-packages/mysql/connector/connection_cext.py", line 781, in cmd_query
    raise get_mysql_exception(
        err.errno, msg=err.msg, sqlstate=err.sqlstate
    ) from err
mysql.connector.errors.DataError: 1406 (22001): Data too long for column 'url' at row 1
127.0.0.1 - - [12/Mar/2026 10:16:15] "[35m[1mPOST /api/v1/news HTTP/1.1[0m" 500 -
127.0.0.1 - - [12/Mar/2026 10:16:17] "POST /api/v1/news/analyze HTTP/1.1" 200 -
[2026-03-12 10:16:17,908] ERROR in app: Exception on /api/v1/news [POST]
Traceback (most recent call last):
  File "/Library/Frameworks/Python.framework/Versions/3.14/lib/python3.14/site-packages/mysql/connector/connection_cext.py", line 772, in cmd_query
    self._cmysql.query(
    ~~~~~~~~~~~~~~~~~~^
        query,
        ^^^^^^
    ...<3 lines>...
        query_attrs=self.query_attrs,
        ^^^^^^^^^^^^^^^^^^^^^^^^^^^^^
    )
    ^
_mysql_connector.MySQLInterfaceError: Data too long for column 'url' at row 1

The above exception was the direct cause of the following exception:

Traceback (most recent call last):
  File "/Library/Frameworks/Python.framework/Versions/3.14/lib/python3.14/site-packages/flask/app.py", line 1511, in wsgi_app
    response = self.full_dispatch_request()
  File "/Library/Frameworks/Python.framework/Versions/3.14/lib/python3.14/site-packages/flask/app.py", line 919, in full_dispatch_request
    rv = self.handle_user_exception(e)
  File "/Library/Frameworks/Python.framework/Versions/3.14/lib/python3.14/site-packages/flask_cors/extension.py", line 176, in wrapped_function
    return cors_after_request(app.make_response(f(*args, **kwargs)))
                                                ~^^^^^^^^^^^^^^^^^
  File "/Library/Frameworks/Python.framework/Versions/3.14/lib/python3.14/site-packages/flask/app.py", line 917, in full_dispatch_request
    rv = self.dispatch_request()
  File "/Library/Frameworks/Python.framework/Versions/3.14/lib/python3.14/site-packages/flask/app.py", line 902, in dispatch_request
    return self.ensure_sync(self.view_functions[rule.endpoint])(**view_args)  # type: ignore[no-any-return]
           ~~~~~~~~~~~~~~~~~~~~~~~~~~~~~~~~~~~~~~~~~~~~~~~~~~~~^^^^^^^^^^^^^
  File "/Users/alita/.openclaw/workspace/codes/TradeMaster_v2/api/news_bp.py", line 90, in create_news
    cursor.execute(
    ~~~~~~~~~~~~~~^
        '''
        ^^^
    ...<12 lines>...
        )
        ^
    )
    ^
  File "/Library/Frameworks/Python.framework/Versions/3.14/lib/python3.14/site-packages/mysql/connector/cursor_cext.py", line 353, in execute
    self._connection.cmd_query(
    ~~~~~~~~~~~~~~~~~~~~~~~~~~^
        self._stmt_partition["mappable_stmt"],
        ^^^^^^^^^^^^^^^^^^^^^^^^^^^^^^^^^^^^^^
    ...<2 lines>...
        raw_as_string=self._raw_as_string,
        ^^^^^^^^^^^^^^^^^^^^^^^^^^^^^^^^^^
    )
    ^
  File "/Library/Frameworks/Python.framework/Versions/3.14/lib/python3.14/site-packages/mysql/connector/opentelemetry/context_propagation.py", line 97, in wrapper
    return method(cnx, *args, **kwargs)
  File "/Library/Frameworks/Python.framework/Versions/3.14/lib/python3.14/site-packages/mysql/connector/connection_cext.py", line 781, in cmd_query
    raise get_mysql_exception(
        err.errno, msg=err.msg, sqlstate=err.sqlstate
    ) from err
mysql.connector.errors.DataError: 1406 (22001): Data too long for column 'url' at row 1
127.0.0.1 - - [12/Mar/2026 10:16:17] "[35m[1mPOST /api/v1/news HTTP/1.1[0m" 500 -
127.0.0.1 - - [12/Mar/2026 10:16:20] "POST /api/v1/news/analyze HTTP/1.1" 200 -
127.0.0.1 - - [12/Mar/2026 10:16:20] "[35m[1mPOST /api/v1/news HTTP/1.1[0m" 201 -
127.0.0.1 - - [12/Mar/2026 10:16:35] "POST /api/v1/news/analyze HTTP/1.1" 200 -
127.0.0.1 - - [12/Mar/2026 10:16:36] "[35m[1mPOST /api/v1/news HTTP/1.1[0m" 201 -
127.0.0.1 - - [12/Mar/2026 10:16:36] "POST /api/v1/news/analyze HTTP/1.1" 200 -
[2026-03-12 10:16:36,015] ERROR in app: Exception on /api/v1/news [POST]
Traceback (most recent call last):
  File "/Library/Frameworks/Python.framework/Versions/3.14/lib/python3.14/site-packages/mysql/connector/connection_cext.py", line 772, in cmd_query
    self._cmysql.query(
    ~~~~~~~~~~~~~~~~~~^
        query,
        ^^^^^^
    ...<3 lines>...
        query_attrs=self.query_attrs,
        ^^^^^^^^^^^^^^^^^^^^^^^^^^^^^
    )
    ^
_mysql_connector.MySQLInterfaceError: Data too long for column 'url' at row 1

The above exception was the direct cause of the following exception:

Traceback (most recent call last):
  File "/Library/Frameworks/Python.framework/Versions/3.14/lib/python3.14/site-packages/flask/app.py", line 1511, in wsgi_app
    response = self.full_dispatch_request()
  File "/Library/Frameworks/Python.framework/Versions/3.14/lib/python3.14/site-packages/flask/app.py", line 919, in full_dispatch_request
    rv = self.handle_user_exception(e)
  File "/Library/Frameworks/Python.framework/Versions/3.14/lib/python3.14/site-packages/flask_cors/extension.py", line 176, in wrapped_function
    return cors_after_request(app.make_response(f(*args, **kwargs)))
                                                ~^^^^^^^^^^^^^^^^^
  File "/Library/Frameworks/Python.framework/Versions/3.14/lib/python3.14/site-packages/flask/app.py", line 917, in full_dispatch_request
    rv = self.dispatch_request()
  File "/Library/Frameworks/Python.framework/Versions/3.14/lib/python3.14/site-packages/flask/app.py", line 902, in dispatch_request
    return self.ensure_sync(self.view_functions[rule.endpoint])(**view_args)  # type: ignore[no-any-return]
           ~~~~~~~~~~~~~~~~~~~~~~~~~~~~~~~~~~~~~~~~~~~~~~~~~~~~^^^^^^^^^^^^^
  File "/Users/alita/.openclaw/workspace/codes/TradeMaster_v2/api/news_bp.py", line 90, in create_news
    cursor.execute(
    ~~~~~~~~~~~~~~^
        '''
        ^^^
    ...<12 lines>...
        )
        ^
    )
    ^
  File "/Library/Frameworks/Python.framework/Versions/3.14/lib/python3.14/site-packages/mysql/connector/cursor_cext.py", line 353, in execute
    self._connection.cmd_query(
    ~~~~~~~~~~~~~~~~~~~~~~~~~~^
        self._stmt_partition["mappable_stmt"],
        ^^^^^^^^^^^^^^^^^^^^^^^^^^^^^^^^^^^^^^
    ...<2 lines>...
        raw_as_string=self._raw_as_string,
        ^^^^^^^^^^^^^^^^^^^^^^^^^^^^^^^^^^
    )
    ^
  File "/Library/Frameworks/Python.framework/Versions/3.14/lib/python3.14/site-packages/mysql/connector/opentelemetry/context_propagation.py", line 97, in wrapper
    return method(cnx, *args, **kwargs)
  File "/Library/Frameworks/Python.framework/Versions/3.14/lib/python3.14/site-packages/mysql/connector/connection_cext.py", line 781, in cmd_query
    raise get_mysql_exception(
        err.errno, msg=err.msg, sqlstate=err.sqlstate
    ) from err
mysql.connector.errors.DataError: 1406 (22001): Data too long for column 'url' at row 1
127.0.0.1 - - [12/Mar/2026 10:16:36] "[35m[1mPOST /api/v1/news HTTP/1.1[0m" 500 -
127.0.0.1 - - [12/Mar/2026 10:34:54] "GET /health HTTP/1.1" 200 -
127.0.0.1 - - [12/Mar/2026 11:02:41] "GET /health HTTP/1.1" 200 -
127.0.0.1 - - [12/Mar/2026 11:04:54] "GET /health HTTP/1.1" 200 -
127.0.0.1 - - [12/Mar/2026 11:16:31] "POST /api/v1/news/analyze HTTP/1.1" 200 -
127.0.0.1 - - [12/Mar/2026 11:16:31] "[35m[1mPOST /api/v1/news HTTP/1.1[0m" 201 -
127.0.0.1 - - [12/Mar/2026 11:16:31] "POST /api/v1/news/analyze HTTP/1.1" 200 -
[2026-03-12 11:16:31,411] ERROR in app: Exception on /api/v1/news [POST]
Traceback (most recent call last):
  File "/Library/Frameworks/Python.framework/Versions/3.14/lib/python3.14/site-packages/mysql/connector/connection_cext.py", line 772, in cmd_query
    self._cmysql.query(
    ~~~~~~~~~~~~~~~~~~^
        query,
        ^^^^^^
    ...<3 lines>...
        query_attrs=self.query_attrs,
        ^^^^^^^^^^^^^^^^^^^^^^^^^^^^^
    )
    ^
_mysql_connector.MySQLInterfaceError: Data too long for column 'url' at row 1

The above exception was the direct cause of the following exception:

Traceback (most recent call last):
  File "/Library/Frameworks/Python.framework/Versions/3.14/lib/python3.14/site-packages/flask/app.py", line 1511, in wsgi_app
    response = self.full_dispatch_request()
  File "/Library/Frameworks/Python.framework/Versions/3.14/lib/python3.14/site-packages/flask/app.py", line 919, in full_dispatch_request
    rv = self.handle_user_exception(e)
  File "/Library/Frameworks/Python.framework/Versions/3.14/lib/python3.14/site-packages/flask_cors/extension.py", line 176, in wrapped_function
    return cors_after_request(app.make_response(f(*args, **kwargs)))
                                                ~^^^^^^^^^^^^^^^^^
  File "/Library/Frameworks/Python.framework/Versions/3.14/lib/python3.14/site-packages/flask/app.py", line 917, in full_dispatch_request
    rv = self.dispatch_request()
  File "/Library/Frameworks/Python.framework/Versions/3.14/lib/python3.14/site-packages/flask/app.py", line 902, in dispatch_request
    return self.ensure_sync(self.view_functions[rule.endpoint])(**view_args)  # type: ignore[no-any-return]
           ~~~~~~~~~~~~~~~~~~~~~~~~~~~~~~~~~~~~~~~~~~~~~~~~~~~~^^^^^^^^^^^^^
  File "/Users/alita/.openclaw/workspace/codes/TradeMaster_v2/api/news_bp.py", line 90, in create_news
    cursor.execute(
    ~~~~~~~~~~~~~~^
        '''
        ^^^
    ...<12 lines>...
        )
        ^
    )
    ^
  File "/Library/Frameworks/Python.framework/Versions/3.14/lib/python3.14/site-packages/mysql/connector/cursor_cext.py", line 353, in execute
    self._connection.cmd_query(
    ~~~~~~~~~~~~~~~~~~~~~~~~~~^
        self._stmt_partition["mappable_stmt"],
        ^^^^^^^^^^^^^^^^^^^^^^^^^^^^^^^^^^^^^^
    ...<2 lines>...
        raw_as_string=self._raw_as_string,
        ^^^^^^^^^^^^^^^^^^^^^^^^^^^^^^^^^^
    )
    ^
  File "/Library/Frameworks/Python.framework/Versions/3.14/lib/python3.14/site-packages/mysql/connector/opentelemetry/context_propagation.py", line 97, in wrapper
    return method(cnx, *args, **kwargs)
  File "/Library/Frameworks/Python.framework/Versions/3.14/lib/python3.14/site-packages/mysql/connector/connection_cext.py", line 781, in cmd_query
    raise get_mysql_exception(
        err.errno, msg=err.msg, sqlstate=err.sqlstate
    ) from err
mysql.connector.errors.DataError: 1406 (22001): Data too long for column 'url' at row 1
127.0.0.1 - - [12/Mar/2026 11:16:31] "[35m[1mPOST /api/v1/news HTTP/1.1[0m" 500 -
127.0.0.1 - - [12/Mar/2026 11:16:35] "POST /api/v1/news/analyze HTTP/1.1" 200 -
127.0.0.1 - - [12/Mar/2026 11:16:35] "[35m[1mPOST /api/v1/news HTTP/1.1[0m" 201 -
127.0.0.1 - - [12/Mar/2026 11:16:35] "POST /api/v1/news/analyze HTTP/1.1" 200 -
127.0.0.1 - - [12/Mar/2026 11:16:35] "[35m[1mPOST /api/v1/news HTTP/1.1[0m" 201 -
127.0.0.1 - - [12/Mar/2026 11:16:37] "POST /api/v1/news/analyze HTTP/1.1" 200 -
127.0.0.1 - - [12/Mar/2026 11:16:37] "[35m[1mPOST /api/v1/news HTTP/1.1[0m" 201 -
127.0.0.1 - - [12/Mar/2026 11:16:37] "POST /api/v1/news/analyze HTTP/1.1" 200 -
127.0.0.1 - - [12/Mar/2026 11:16:37] "[35m[1mPOST /api/v1/news HTTP/1.1[0m" 201 -
127.0.0.1 - - [12/Mar/2026 11:16:41] "POST /api/v1/news/analyze HTTP/1.1" 200 -
[2026-03-12 11:16:41,820] ERROR in app: Exception on /api/v1/news [POST]
Traceback (most recent call last):
  File "/Library/Frameworks/Python.framework/Versions/3.14/lib/python3.14/site-packages/mysql/connector/connection_cext.py", line 772, in cmd_query
    self._cmysql.query(
    ~~~~~~~~~~~~~~~~~~^
        query,
        ^^^^^^
    ...<3 lines>...
        query_attrs=self.query_attrs,
        ^^^^^^^^^^^^^^^^^^^^^^^^^^^^^
    )
    ^
_mysql_connector.MySQLInterfaceError: Data too long for column 'url' at row 1

The above exception was the direct cause of the following exception:

Traceback (most recent call last):
  File "/Library/Frameworks/Python.framework/Versions/3.14/lib/python3.14/site-packages/flask/app.py", line 1511, in wsgi_app
    response = self.full_dispatch_request()
  File "/Library/Frameworks/Python.framework/Versions/3.14/lib/python3.14/site-packages/flask/app.py", line 919, in full_dispatch_request
    rv = self.handle_user_exception(e)
  File "/Library/Frameworks/Python.framework/Versions/3.14/lib/python3.14/site-packages/flask_cors/extension.py", line 176, in wrapped_function
    return cors_after_request(app.make_response(f(*args, **kwargs)))
                                                ~^^^^^^^^^^^^^^^^^
  File "/Library/Frameworks/Python.framework/Versions/3.14/lib/python3.14/site-packages/flask/app.py", line 917, in full_dispatch_request
    rv = self.dispatch_request()
  File "/Library/Frameworks/Python.framework/Versions/3.14/lib/python3.14/site-packages/flask/app.py", line 902, in dispatch_request
    return self.ensure_sync(self.view_functions[rule.endpoint])(**view_args)  # type: ignore[no-any-return]
           ~~~~~~~~~~~~~~~~~~~~~~~~~~~~~~~~~~~~~~~~~~~~~~~~~~~~^^^^^^^^^^^^^
  File "/Users/alita/.openclaw/workspace/codes/TradeMaster_v2/api/news_bp.py", line 90, in create_news
    cursor.execute(
    ~~~~~~~~~~~~~~^
        '''
        ^^^
    ...<12 lines>...
        )
        ^
    )
    ^
  File "/Library/Frameworks/Python.framework/Versions/3.14/lib/python3.14/site-packages/mysql/connector/cursor_cext.py", line 353, in execute
    self._connection.cmd_query(
    ~~~~~~~~~~~~~~~~~~~~~~~~~~^
        self._stmt_partition["mappable_stmt"],
        ^^^^^^^^^^^^^^^^^^^^^^^^^^^^^^^^^^^^^^
    ...<2 lines>...
        raw_as_string=self._raw_as_string,
        ^^^^^^^^^^^^^^^^^^^^^^^^^^^^^^^^^^
    )
    ^
  File "/Library/Frameworks/Python.framework/Versions/3.14/lib/python3.14/site-packages/mysql/connector/opentelemetry/context_propagation.py", line 97, in wrapper
    return method(cnx, *args, **kwargs)
  File "/Library/Frameworks/Python.framework/Versions/3.14/lib/python3.14/site-packages/mysql/connector/connection_cext.py", line 781, in cmd_query
    raise get_mysql_exception(
        err.errno, msg=err.msg, sqlstate=err.sqlstate
    ) from err
mysql.connector.errors.DataError: 1406 (22001): Data too long for column 'url' at row 1
127.0.0.1 - - [12/Mar/2026 11:16:41] "[35m[1mPOST /api/v1/news HTTP/1.1[0m" 500 -
127.0.0.1 - - [12/Mar/2026 11:16:57] "POST /api/v1/news/analyze HTTP/1.1" 200 -
127.0.0.1 - - [12/Mar/2026 11:16:57] "[35m[1mPOST /api/v1/news HTTP/1.1[0m" 201 -
127.0.0.1 - - [12/Mar/2026 11:16:58] "POST /api/v1/news/analyze HTTP/1.1" 200 -
[2026-03-12 11:16:58,961] ERROR in app: Exception on /api/v1/news [POST]
Traceback (most recent call last):
  File "/Library/Frameworks/Python.framework/Versions/3.14/lib/python3.14/site-packages/mysql/connector/connection_cext.py", line 772, in cmd_query
    self._cmysql.query(
    ~~~~~~~~~~~~~~~~~~^
        query,
        ^^^^^^
    ...<3 lines>...
        query_attrs=self.query_attrs,
        ^^^^^^^^^^^^^^^^^^^^^^^^^^^^^
    )
    ^
_mysql_connector.MySQLInterfaceError: Data too long for column 'url' at row 1

The above exception was the direct cause of the following exception:

Traceback (most recent call last):
  File "/Library/Frameworks/Python.framework/Versions/3.14/lib/python3.14/site-packages/flask/app.py", line 1511, in wsgi_app
    response = self.full_dispatch_request()
  File "/Library/Frameworks/Python.framework/Versions/3.14/lib/python3.14/site-packages/flask/app.py", line 919, in full_dispatch_request
    rv = self.handle_user_exception(e)
  File "/Library/Frameworks/Python.framework/Versions/3.14/lib/python3.14/site-packages/flask_cors/extension.py", line 176, in wrapped_function
    return cors_after_request(app.make_response(f(*args, **kwargs)))
                                                ~^^^^^^^^^^^^^^^^^
  File "/Library/Frameworks/Python.framework/Versions/3.14/lib/python3.14/site-packages/flask/app.py", line 917, in full_dispatch_request
    rv = self.dispatch_request()
  File "/Library/Frameworks/Python.framework/Versions/3.14/lib/python3.14/site-packages/flask/app.py", line 902, in dispatch_request
    return self.ensure_sync(self.view_functions[rule.endpoint])(**view_args)  # type: ignore[no-any-return]
           ~~~~~~~~~~~~~~~~~~~~~~~~~~~~~~~~~~~~~~~~~~~~~~~~~~~~^^^^^^^^^^^^^
  File "/Users/alita/.openclaw/workspace/codes/TradeMaster_v2/api/news_bp.py", line 90, in create_news
    cursor.execute(
    ~~~~~~~~~~~~~~^
        '''
        ^^^
    ...<12 lines>...
        )
        ^
    )
    ^
  File "/Library/Frameworks/Python.framework/Versions/3.14/lib/python3.14/site-packages/mysql/connector/cursor_cext.py", line 353, in execute
    self._connection.cmd_query(
    ~~~~~~~~~~~~~~~~~~~~~~~~~~^
        self._stmt_partition["mappable_stmt"],
        ^^^^^^^^^^^^^^^^^^^^^^^^^^^^^^^^^^^^^^
    ...<2 lines>...
        raw_as_string=self._raw_as_string,
        ^^^^^^^^^^^^^^^^^^^^^^^^^^^^^^^^^^
    )
    ^
  File "/Library/Frameworks/Python.framework/Versions/3.14/lib/python3.14/site-packages/mysql/connector/opentelemetry/context_propagation.py", line 97, in wrapper
    return method(cnx, *args, **kwargs)
  File "/Library/Frameworks/Python.framework/Versions/3.14/lib/python3.14/site-packages/mysql/connector/connection_cext.py", line 781, in cmd_query
    raise get_mysql_exception(
        err.errno, msg=err.msg, sqlstate=err.sqlstate
    ) from err
mysql.connector.errors.DataError: 1406 (22001): Data too long for column 'url' at row 1
127.0.0.1 - - [12/Mar/2026 11:16:58] "[35m[1mPOST /api/v1/news HTTP/1.1[0m" 500 -
127.0.0.1 - - [12/Mar/2026 11:17:09] "POST /api/v1/news/analyze HTTP/1.1" 200 -
[2026-03-12 11:17:09,692] ERROR in app: Exception on /api/v1/news [POST]
Traceback (most recent call last):
  File "/Library/Frameworks/Python.framework/Versions/3.14/lib/python3.14/site-packages/mysql/connector/connection_cext.py", line 772, in cmd_query
    self._cmysql.query(
    ~~~~~~~~~~~~~~~~~~^
        query,
        ^^^^^^
    ...<3 lines>...
        query_attrs=self.query_attrs,
        ^^^^^^^^^^^^^^^^^^^^^^^^^^^^^
    )
    ^
_mysql_connector.MySQLInterfaceError: Data too long for column 'url' at row 1

The above exception was the direct cause of the following exception:

Traceback (most recent call last):
  File "/Library/Frameworks/Python.framework/Versions/3.14/lib/python3.14/site-packages/flask/app.py", line 1511, in wsgi_app
    response = self.full_dispatch_request()
  File "/Library/Frameworks/Python.framework/Versions/3.14/lib/python3.14/site-packages/flask/app.py", line 919, in full_dispatch_request
    rv = self.handle_user_exception(e)
  File "/Library/Frameworks/Python.framework/Versions/3.14/lib/python3.14/site-packages/flask_cors/extension.py", line 176, in wrapped_function
    return cors_after_request(app.make_response(f(*args, **kwargs)))
                                                ~^^^^^^^^^^^^^^^^^
  File "/Library/Frameworks/Python.framework/Versions/3.14/lib/python3.14/site-packages/flask/app.py", line 917, in full_dispatch_request
    rv = self.dispatch_request()
  File "/Library/Frameworks/Python.framework/Versions/3.14/lib/python3.14/site-packages/flask/app.py", line 902, in dispatch_request
    return self.ensure_sync(self.view_functions[rule.endpoint])(**view_args)  # type: ignore[no-any-return]
           ~~~~~~~~~~~~~~~~~~~~~~~~~~~~~~~~~~~~~~~~~~~~~~~~~~~~^^^^^^^^^^^^^
  File "/Users/alita/.openclaw/workspace/codes/TradeMaster_v2/api/news_bp.py", line 90, in create_news
    cursor.execute(
    ~~~~~~~~~~~~~~^
        '''
        ^^^
    ...<12 lines>...
        )
        ^
    )
    ^
  File "/Library/Frameworks/Python.framework/Versions/3.14/lib/python3.14/site-packages/mysql/connector/cursor_cext.py", line 353, in execute
    self._connection.cmd_query(
    ~~~~~~~~~~~~~~~~~~~~~~~~~~^
        self._stmt_partition["mappable_stmt"],
        ^^^^^^^^^^^^^^^^^^^^^^^^^^^^^^^^^^^^^^
    ...<2 lines>...
        raw_as_string=self._raw_as_string,
        ^^^^^^^^^^^^^^^^^^^^^^^^^^^^^^^^^^
    )
    ^
  File "/Library/Frameworks/Python.framework/Versions/3.14/lib/python3.14/site-packages/mysql/connector/opentelemetry/context_propagation.py", line 97, in wrapper
    return method(cnx, *args, **kwargs)
  File "/Library/Frameworks/Python.framework/Versions/3.14/lib/python3.14/site-packages/mysql/connector/connection_cext.py", line 781, in cmd_query
    raise get_mysql_exception(
        err.errno, msg=err.msg, sqlstate=err.sqlstate
    ) from err
mysql.connector.errors.DataError: 1406 (22001): Data too long for column 'url' at row 1
127.0.0.1 - - [12/Mar/2026 11:17:09] "[35m[1mPOST /api/v1/news HTTP/1.1[0m" 500 -
127.0.0.1 - - [12/Mar/2026 11:17:28] "POST /api/v1/news/analyze HTTP/1.1" 200 -
[2026-03-12 11:17:28,322] ERROR in app: Exception on /api/v1/news [POST]
Traceback (most recent call last):
  File "/Library/Frameworks/Python.framework/Versions/3.14/lib/python3.14/site-packages/mysql/connector/connection_cext.py", line 772, in cmd_query
    self._cmysql.query(
    ~~~~~~~~~~~~~~~~~~^
        query,
        ^^^^^^
    ...<3 lines>...
        query_attrs=self.query_attrs,
        ^^^^^^^^^^^^^^^^^^^^^^^^^^^^^
    )
    ^
_mysql_connector.MySQLInterfaceError: Data too long for column 'url' at row 1

The above exception was the direct cause of the following exception:

Traceback (most recent call last):
  File "/Library/Frameworks/Python.framework/Versions/3.14/lib/python3.14/site-packages/flask/app.py", line 1511, in wsgi_app
    response = self.full_dispatch_request()
  File "/Library/Frameworks/Python.framework/Versions/3.14/lib/python3.14/site-packages/flask/app.py", line 919, in full_dispatch_request
    rv = self.handle_user_exception(e)
  File "/Library/Frameworks/Python.framework/Versions/3.14/lib/python3.14/site-packages/flask_cors/extension.py", line 176, in wrapped_function
    return cors_after_request(app.make_response(f(*args, **kwargs)))
                                                ~^^^^^^^^^^^^^^^^^
  File "/Library/Frameworks/Python.framework/Versions/3.14/lib/python3.14/site-packages/flask/app.py", line 917, in full_dispatch_request
    rv = self.dispatch_request()
  File "/Library/Frameworks/Python.framework/Versions/3.14/lib/python3.14/site-packages/flask/app.py", line 902, in dispatch_request
    return self.ensure_sync(self.view_functions[rule.endpoint])(**view_args)  # type: ignore[no-any-return]
           ~~~~~~~~~~~~~~~~~~~~~~~~~~~~~~~~~~~~~~~~~~~~~~~~~~~~^^^^^^^^^^^^^
  File "/Users/alita/.openclaw/workspace/codes/TradeMaster_v2/api/news_bp.py", line 90, in create_news
    cursor.execute(
    ~~~~~~~~~~~~~~^
        '''
        ^^^
    ...<12 lines>...
        )
        ^
    )
    ^
  File "/Library/Frameworks/Python.framework/Versions/3.14/lib/python3.14/site-packages/mysql/connector/cursor_cext.py", line 353, in execute
    self._connection.cmd_query(
    ~~~~~~~~~~~~~~~~~~~~~~~~~~^
        self._stmt_partition["mappable_stmt"],
        ^^^^^^^^^^^^^^^^^^^^^^^^^^^^^^^^^^^^^^
    ...<2 lines>...
        raw_as_string=self._raw_as_string,
        ^^^^^^^^^^^^^^^^^^^^^^^^^^^^^^^^^^
    )
    ^
  File "/Library/Frameworks/Python.framework/Versions/3.14/lib/python3.14/site-packages/mysql/connector/opentelemetry/context_propagation.py", line 97, in wrapper
    return method(cnx, *args, **kwargs)
  File "/Library/Frameworks/Python.framework/Versions/3.14/lib/python3.14/site-packages/mysql/connector/connection_cext.py", line 781, in cmd_query
    raise get_mysql_exception(
        err.errno, msg=err.msg, sqlstate=err.sqlstate
    ) from err
mysql.connector.errors.DataError: 1406 (22001): Data too long for column 'url' at row 1
127.0.0.1 - - [12/Mar/2026 11:17:28] "[35m[1mPOST /api/v1/news HTTP/1.1[0m" 500 -
127.0.0.1 - - [12/Mar/2026 11:17:38] "POST /api/v1/news/analyze HTTP/1.1" 200 -
[2026-03-12 11:17:38,126] ERROR in app: Exception on /api/v1/news [POST]
Traceback (most recent call last):
  File "/Library/Frameworks/Python.framework/Versions/3.14/lib/python3.14/site-packages/mysql/connector/connection_cext.py", line 772, in cmd_query
    self._cmysql.query(
    ~~~~~~~~~~~~~~~~~~^
        query,
        ^^^^^^
    ...<3 lines>...
        query_attrs=self.query_attrs,
        ^^^^^^^^^^^^^^^^^^^^^^^^^^^^^
    )
    ^
_mysql_connector.MySQLInterfaceError: Data too long for column 'url' at row 1

The above exception was the direct cause of the following exception:

Traceback (most recent call last):
  File "/Library/Frameworks/Python.framework/Versions/3.14/lib/python3.14/site-packages/flask/app.py", line 1511, in wsgi_app
    response = self.full_dispatch_request()
  File "/Library/Frameworks/Python.framework/Versions/3.14/lib/python3.14/site-packages/flask/app.py", line 919, in full_dispatch_request
    rv = self.handle_user_exception(e)
  File "/Library/Frameworks/Python.framework/Versions/3.14/lib/python3.14/site-packages/flask_cors/extension.py", line 176, in wrapped_function
    return cors_after_request(app.make_response(f(*args, **kwargs)))
                                                ~^^^^^^^^^^^^^^^^^
  File "/Library/Frameworks/Python.framework/Versions/3.14/lib/python3.14/site-packages/flask/app.py", line 917, in full_dispatch_request
    rv = self.dispatch_request()
  File "/Library/Frameworks/Python.framework/Versions/3.14/lib/python3.14/site-packages/flask/app.py", line 902, in dispatch_request
    return self.ensure_sync(self.view_functions[rule.endpoint])(**view_args)  # type: ignore[no-any-return]
           ~~~~~~~~~~~~~~~~~~~~~~~~~~~~~~~~~~~~~~~~~~~~~~~~~~~~^^^^^^^^^^^^^
  File "/Users/alita/.openclaw/workspace/codes/TradeMaster_v2/api/news_bp.py", line 90, in create_news
    cursor.execute(
    ~~~~~~~~~~~~~~^
        '''
        ^^^
    ...<12 lines>...
        )
        ^
    )
    ^
  File "/Library/Frameworks/Python.framework/Versions/3.14/lib/python3.14/site-packages/mysql/connector/cursor_cext.py", line 353, in execute
    self._connection.cmd_query(
    ~~~~~~~~~~~~~~~~~~~~~~~~~~^
        self._stmt_partition["mappable_stmt"],
        ^^^^^^^^^^^^^^^^^^^^^^^^^^^^^^^^^^^^^^
    ...<2 lines>...
        raw_as_string=self._raw_as_string,
        ^^^^^^^^^^^^^^^^^^^^^^^^^^^^^^^^^^
    )
    ^
  File "/Library/Frameworks/Python.framework/Versions/3.14/lib/python3.14/site-packages/mysql/connector/opentelemetry/context_propagation.py", line 97, in wrapper
    return method(cnx, *args, **kwargs)
  File "/Library/Frameworks/Python.framework/Versions/3.14/lib/python3.14/site-packages/mysql/connector/connection_cext.py", line 781, in cmd_query
    raise get_mysql_exception(
        err.errno, msg=err.msg, sqlstate=err.sqlstate
    ) from err
mysql.connector.errors.DataError: 1406 (22001): Data too long for column 'url' at row 1
127.0.0.1 - - [12/Mar/2026 11:17:38] "[35m[1mPOST /api/v1/news HTTP/1.1[0m" 500 -
127.0.0.1 - - [12/Mar/2026 11:17:52] "POST /api/v1/news/analyze HTTP/1.1" 200 -
[2026-03-12 11:17:52,341] ERROR in app: Exception on /api/v1/news [POST]
Traceback (most recent call last):
  File "/Library/Frameworks/Python.framework/Versions/3.14/lib/python3.14/site-packages/mysql/connector/connection_cext.py", line 772, in cmd_query
    self._cmysql.query(
    ~~~~~~~~~~~~~~~~~~^
        query,
        ^^^^^^
    ...<3 lines>...
        query_attrs=self.query_attrs,
        ^^^^^^^^^^^^^^^^^^^^^^^^^^^^^
    )
    ^
_mysql_connector.MySQLInterfaceError: Data too long for column 'url' at row 1

The above exception was the direct cause of the following exception:

Traceback (most recent call last):
  File "/Library/Frameworks/Python.framework/Versions/3.14/lib/python3.14/site-packages/flask/app.py", line 1511, in wsgi_app
    response = self.full_dispatch_request()
  File "/Library/Frameworks/Python.framework/Versions/3.14/lib/python3.14/site-packages/flask/app.py", line 919, in full_dispatch_request
    rv = self.handle_user_exception(e)
  File "/Library/Frameworks/Python.framework/Versions/3.14/lib/python3.14/site-packages/flask_cors/extension.py", line 176, in wrapped_function
    return cors_after_request(app.make_response(f(*args, **kwargs)))
                                                ~^^^^^^^^^^^^^^^^^
  File "/Library/Frameworks/Python.framework/Versions/3.14/lib/python3.14/site-packages/flask/app.py", line 917, in full_dispatch_request
    rv = self.dispatch_request()
  File "/Library/Frameworks/Python.framework/Versions/3.14/lib/python3.14/site-packages/flask/app.py", line 902, in dispatch_request
    return self.ensure_sync(self.view_functions[rule.endpoint])(**view_args)  # type: ignore[no-any-return]
           ~~~~~~~~~~~~~~~~~~~~~~~~~~~~~~~~~~~~~~~~~~~~~~~~~~~~^^^^^^^^^^^^^
  File "/Users/alita/.openclaw/workspace/codes/TradeMaster_v2/api/news_bp.py", line 90, in create_news
    cursor.execute(
    ~~~~~~~~~~~~~~^
        '''
        ^^^
    ...<12 lines>...
        )
        ^
    )
    ^
  File "/Library/Frameworks/Python.framework/Versions/3.14/lib/python3.14/site-packages/mysql/connector/cursor_cext.py", line 353, in execute
    self._connection.cmd_query(
    ~~~~~~~~~~~~~~~~~~~~~~~~~~^
        self._stmt_partition["mappable_stmt"],
        ^^^^^^^^^^^^^^^^^^^^^^^^^^^^^^^^^^^^^^
    ...<2 lines>...
        raw_as_string=self._raw_as_string,
        ^^^^^^^^^^^^^^^^^^^^^^^^^^^^^^^^^^
    )
    ^
  File "/Library/Frameworks/Python.framework/Versions/3.14/lib/python3.14/site-packages/mysql/connector/opentelemetry/context_propagation.py", line 97, in wrapper
    return method(cnx, *args, **kwargs)
  File "/Library/Frameworks/Python.framework/Versions/3.14/lib/python3.14/site-packages/mysql/connector/connection_cext.py", line 781, in cmd_query
    raise get_mysql_exception(
        err.errno, msg=err.msg, sqlstate=err.sqlstate
    ) from err
mysql.connector.errors.DataError: 1406 (22001): Data too long for column 'url' at row 1
127.0.0.1 - - [12/Mar/2026 11:17:52] "[35m[1mPOST /api/v1/news HTTP/1.1[0m" 500 -
127.0.0.1 - - [12/Mar/2026 11:17:56] "POST /api/v1/news/analyze HTTP/1.1" 200 -
[2026-03-12 11:17:56,513] ERROR in app: Exception on /api/v1/news [POST]
Traceback (most recent call last):
  File "/Library/Frameworks/Python.framework/Versions/3.14/lib/python3.14/site-packages/mysql/connector/connection_cext.py", line 772, in cmd_query
    self._cmysql.query(
    ~~~~~~~~~~~~~~~~~~^
        query,
        ^^^^^^
    ...<3 lines>...
        query_attrs=self.query_attrs,
        ^^^^^^^^^^^^^^^^^^^^^^^^^^^^^
    )
    ^
_mysql_connector.MySQLInterfaceError: Data too long for column 'url' at row 1

The above exception was the direct cause of the following exception:

Traceback (most recent call last):
  File "/Library/Frameworks/Python.framework/Versions/3.14/lib/python3.14/site-packages/flask/app.py", line 1511, in wsgi_app
    response = self.full_dispatch_request()
  File "/Library/Frameworks/Python.framework/Versions/3.14/lib/python3.14/site-packages/flask/app.py", line 919, in full_dispatch_request
    rv = self.handle_user_exception(e)
  File "/Library/Frameworks/Python.framework/Versions/3.14/lib/python3.14/site-packages/flask_cors/extension.py", line 176, in wrapped_function
    return cors_after_request(app.make_response(f(*args, **kwargs)))
                                                ~^^^^^^^^^^^^^^^^^
  File "/Library/Frameworks/Python.framework/Versions/3.14/lib/python3.14/site-packages/flask/app.py", line 917, in full_dispatch_request
    rv = self.dispatch_request()
  File "/Library/Frameworks/Python.framework/Versions/3.14/lib/python3.14/site-packages/flask/app.py", line 902, in dispatch_request
    return self.ensure_sync(self.view_functions[rule.endpoint])(**view_args)  # type: ignore[no-any-return]
           ~~~~~~~~~~~~~~~~~~~~~~~~~~~~~~~~~~~~~~~~~~~~~~~~~~~~^^^^^^^^^^^^^
  File "/Users/alita/.openclaw/workspace/codes/TradeMaster_v2/api/news_bp.py", line 90, in create_news
    cursor.execute(
    ~~~~~~~~~~~~~~^
        '''
        ^^^
    ...<12 lines>...
        )
        ^
    )
    ^
  File "/Library/Frameworks/Python.framework/Versions/3.14/lib/python3.14/site-packages/mysql/connector/cursor_cext.py", line 353, in execute
    self._connection.cmd_query(
    ~~~~~~~~~~~~~~~~~~~~~~~~~~^
        self._stmt_partition["mappable_stmt"],
        ^^^^^^^^^^^^^^^^^^^^^^^^^^^^^^^^^^^^^^
    ...<2 lines>...
        raw_as_string=self._raw_as_string,
        ^^^^^^^^^^^^^^^^^^^^^^^^^^^^^^^^^^
    )
    ^
  File "/Library/Frameworks/Python.framework/Versions/3.14/lib/python3.14/site-packages/mysql/connector/opentelemetry/context_propagation.py", line 97, in wrapper
    return method(cnx, *args, **kwargs)
  File "/Library/Frameworks/Python.framework/Versions/3.14/lib/python3.14/site-packages/mysql/connector/connection_cext.py", line 781, in cmd_query
    raise get_mysql_exception(
        err.errno, msg=err.msg, sqlstate=err.sqlstate
    ) from err
mysql.connector.errors.DataError: 1406 (22001): Data too long for column 'url' at row 1
127.0.0.1 - - [12/Mar/2026 11:17:56] "[35m[1mPOST /api/v1/news HTTP/1.1[0m" 500 -
127.0.0.1 - - [12/Mar/2026 11:34:54] "GET /health HTTP/1.1" 200 -
127.0.0.1 - - [12/Mar/2026 12:02:45] "GET /health HTTP/1.1" 200 -
127.0.0.1 - - [12/Mar/2026 12:05:09] "GET /health HTTP/1.1" 200 -
2026-03-12 12:35:11.591 | INFO     | modules.prediction.engine:__init__:35 - 預測引擎初始化完成
2026-03-12 12:35:11.591 | INFO     | modules.prediction.engine:__init__:35 - 預測引擎初始化完成
✅ 富途 SDK 已載入 (futu)
 * Serving Flask app 'api_server'
 * Debug mode: off
[31m[1mWARNING: This is a development server. Do not use it in a production deployment. Use a production WSGI server instead.[0m
 * Running on all addresses (0.0.0.0)
 * Running on http://127.0.0.1:8080
 * Running on http://192.168.2.140:8080
[33mPress CTRL+C to quit[0m
127.0.0.1 - - [12/Mar/2026 12:35:15] "GET /health HTTP/1.1" 200 -
127.0.0.1 - - [12/Mar/2026 12:52:59] "GET /health HTTP/1.1" 200 -
127.0.0.1 - - [12/Mar/2026 12:53:03] "GET /api/v1/news?limit=3 HTTP/1.1" 200 -
127.0.0.1 - - [12/Mar/2026 12:53:07] "GET /api/v1/signals?limit=3 HTTP/1.1" 200 -
127.0.0.1 - - [12/Mar/2026 12:53:12] "GET /api/v1/paper/positions HTTP/1.1" 200 -
127.0.0.1 - - [12/Mar/2026 12:53:56] "[33mGET /api/v1/kline/US.TSLA?period=1h&limit=5 HTTP/1.1[0m" 404 -
127.0.0.1 - - [12/Mar/2026 12:53:59] "GET /api/v1/stocks HTTP/1.1" 200 -
127.0.0.1 - - [12/Mar/2026 12:54:42] "[33mGET /api/v1/kline/US.TSLA?period=1d&limit=3 HTTP/1.1[0m" 404 -
127.0.0.1 - - [12/Mar/2026 12:54:50] "GET /api/v1/kline?symbol=US.TSLA&period=1d&limit=3 HTTP/1.1" 200 -
127.0.0.1 - - [12/Mar/2026 12:54:56] "GET /api/v1/news?limit=1 HTTP/1.1" 200 -
127.0.0.1 - - [12/Mar/2026 12:55:11] "GET /api/v1/paper/status HTTP/1.1" 200 -
127.0.0.1 - - [12/Mar/2026 12:55:59] "GET /api/v1/paper/positions HTTP/1.1" 200 -
127.0.0.1 - - [12/Mar/2026 13:04:56] "GET /health HTTP/1.1" 200 -
127.0.0.1 - - [12/Mar/2026 13:10:40] "GET /health HTTP/1.1" 200 -
127.0.0.1 - - [12/Mar/2026 13:10:46] "GET /api/v1/signals HTTP/1.1" 200 -
127.0.0.1 - - [12/Mar/2026 13:10:49] "[33mGET /api/v1/portfolio HTTP/1.1[0m" 404 -
127.0.0.1 - - [12/Mar/2026 13:10:51] "[33mGET /api/v1/dashboard HTTP/1.1[0m" 404 -
127.0.0.1 - - [12/Mar/2026 13:10:55] "[33mGET /api/ HTTP/1.1[0m" 404 -
127.0.0.1 - - [12/Mar/2026 13:12:29] "GET /api/v1/news HTTP/1.1" 200 -
127.0.0.1 - - [12/Mar/2026 13:12:34] "GET /api/v1/signals HTTP/1.1" 200 -
127.0.0.1 - - [12/Mar/2026 13:12:44] "GET /api/v1/signals HTTP/1.1" 200 -
127.0.0.1 - - [12/Mar/2026 13:12:52] "GET /api/v1/positions HTTP/1.1" 200 -
127.0.0.1 - - [12/Mar/2026 13:12:57] "GET /api/v1/paper/positions HTTP/1.1" 200 -
127.0.0.1 - - [12/Mar/2026 13:13:01] "GET /api/v1/portfolio/positions HTTP/1.1" 200 -
127.0.0.1 - - [12/Mar/2026 13:13:03] "GET /api/v1/kline?symbol=US.TSM&interval=1d&limit=5 HTTP/1.1" 200 -
127.0.0.1 - - [12/Mar/2026 13:13:06] "GET /api/v1/portfolio/summary HTTP/1.1" 200 -
127.0.0.1 - - [12/Mar/2026 13:13:10] "GET /api/v1/paper/summary HTTP/1.1" 200 -
127.0.0.1 - - [12/Mar/2026 13:13:10] "GET /api/v1/paper/summary HTTP/1.1" 200 -
127.0.0.1 - - [12/Mar/2026 13:13:13] "GET /api/v1/paper/positions HTTP/1.1" 200 -
127.0.0.1 - - [12/Mar/2026 13:13:14] "GET /api/v1/positions/summary HTTP/1.1" 200 -
127.0.0.1 - - [12/Mar/2026 13:13:56] "GET /api/v1/signals HTTP/1.1" 200 -
127.0.0.1 - - [12/Mar/2026 13:14:00] "GET /api/v1/portfolio/summary HTTP/1.1" 200 -
127.0.0.1 - - [12/Mar/2026 13:14:05] "[33mGET /api/v1/portfolio HTTP/1.1[0m" 404 -
127.0.0.1 - - [12/Mar/2026 13:16:21] "GET /health HTTP/1.1" 200 -
127.0.0.1 - - [12/Mar/2026 13:16:38] "POST /api/v1/news/analyze HTTP/1.1" 200 -
127.0.0.1 - - [12/Mar/2026 13:16:38] "[35m[1mPOST /api/v1/news HTTP/1.1[0m" 201 -
127.0.0.1 - - [12/Mar/2026 13:16:38] "POST /api/v1/news/analyze HTTP/1.1" 200 -
127.0.0.1 - - [12/Mar/2026 13:16:38] "[35m[1mPOST /api/v1/news HTTP/1.1[0m" 201 -
127.0.0.1 - - [12/Mar/2026 13:16:38] "POST /api/v1/news/analyze HTTP/1.1" 200 -
127.0.0.1 - - [12/Mar/2026 13:16:38] "[35m[1mPOST /api/v1/news HTTP/1.1[0m" 201 -
127.0.0.1 - - [12/Mar/2026 13:16:45] "POST /api/v1/news/analyze HTTP/1.1" 200 -
127.0.0.1 - - [12/Mar/2026 13:16:45] "[35m[1mPOST /api/v1/news HTTP/1.1[0m" 201 -
127.0.0.1 - - [12/Mar/2026 13:16:45] "POST /api/v1/news/analyze HTTP/1.1" 200 -
127.0.0.1 - - [12/Mar/2026 13:16:45] "[35m[1mPOST /api/v1/news HTTP/1.1[0m" 201 -
127.0.0.1 - - [12/Mar/2026 13:16:45] "POST /api/v1/news/analyze HTTP/1.1" 200 -
127.0.0.1 - - [12/Mar/2026 13:16:45] "[35m[1mPOST /api/v1/news HTTP/1.1[0m" 201 -
127.0.0.1 - - [12/Mar/2026 13:16:47] "POST /api/v1/news/analyze HTTP/1.1" 200 -
127.0.0.1 - - [12/Mar/2026 13:16:47] "[35m[1mPOST /api/v1/news HTTP/1.1[0m" 201 -
127.0.0.1 - - [12/Mar/2026 13:16:51] "POST /api/v1/news/analyze HTTP/1.1" 200 -
127.0.0.1 - - [12/Mar/2026 13:16:51] "[35m[1mPOST /api/v1/news HTTP/1.1[0m" 201 -
127.0.0.1 - - [12/Mar/2026 13:16:51] "POST /api/v1/news/analyze HTTP/1.1" 200 -
127.0.0.1 - - [12/Mar/2026 13:16:51] "[35m[1mPOST /api/v1/news HTTP/1.1[0m" 201 -
127.0.0.1 - - [12/Mar/2026 13:16:51] "POST /api/v1/news/analyze HTTP/1.1" 200 -
[2026-03-12 13:16:51,320] ERROR in app: Exception on /api/v1/news [POST]
Traceback (most recent call last):
  File "/Library/Frameworks/Python.framework/Versions/3.14/lib/python3.14/site-packages/mysql/connector/connection_cext.py", line 772, in cmd_query
    self._cmysql.query(
    ~~~~~~~~~~~~~~~~~~^
        query,
        ^^^^^^
    ...<3 lines>...
        query_attrs=self.query_attrs,
        ^^^^^^^^^^^^^^^^^^^^^^^^^^^^^
    )
    ^
_mysql_connector.MySQLInterfaceError: Data too long for column 'url' at row 1

The above exception was the direct cause of the following exception:

Traceback (most recent call last):
  File "/Library/Frameworks/Python.framework/Versions/3.14/lib/python3.14/site-packages/flask/app.py", line 1511, in wsgi_app
    response = self.full_dispatch_request()
  File "/Library/Frameworks/Python.framework/Versions/3.14/lib/python3.14/site-packages/flask/app.py", line 919, in full_dispatch_request
    rv = self.handle_user_exception(e)
  File "/Library/Frameworks/Python.framework/Versions/3.14/lib/python3.14/site-packages/flask_cors/extension.py", line 176, in wrapped_function
    return cors_after_request(app.make_response(f(*args, **kwargs)))
                                                ~^^^^^^^^^^^^^^^^^
  File "/Library/Frameworks/Python.framework/Versions/3.14/lib/python3.14/site-packages/flask/app.py", line 917, in full_dispatch_request
    rv = self.dispatch_request()
  File "/Library/Frameworks/Python.framework/Versions/3.14/lib/python3.14/site-packages/flask/app.py", line 902, in dispatch_request
    return self.ensure_sync(self.view_functions[rule.endpoint])(**view_args)  # type: ignore[no-any-return]
           ~~~~~~~~~~~~~~~~~~~~~~~~~~~~~~~~~~~~~~~~~~~~~~~~~~~~^^^^^^^^^^^^^
  File "/Users/alita/.openclaw/workspace/codes/TradeMaster_v2/api/news_bp.py", line 90, in create_news
    data = request.json
        ^^^^^^^^^^^^^^^
    ...<14 lines>...
                data.get('weight', 0),
    
  File "/Library/Frameworks/Python.framework/Versions/3.14/lib/python3.14/site-packages/mysql/connector/cursor_cext.py", line 353, in execute
    self._connection.cmd_query(
    ~~~~~~~~~~~~~~~~~~~~~~~~~~^
        self._stmt_partition["mappable_stmt"],
        ^^^^^^^^^^^^^^^^^^^^^^^^^^^^^^^^^^^^^^
    ...<2 lines>...
        raw_as_string=self._raw_as_string,
        ^^^^^^^^^^^^^^^^^^^^^^^^^^^^^^^^^^
    )
    ^
  File "/Library/Frameworks/Python.framework/Versions/3.14/lib/python3.14/site-packages/mysql/connector/opentelemetry/context_propagation.py", line 97, in wrapper
    return method(cnx, *args, **kwargs)
  File "/Library/Frameworks/Python.framework/Versions/3.14/lib/python3.14/site-packages/mysql/connector/connection_cext.py", line 781, in cmd_query
    raise get_mysql_exception(
        err.errno, msg=err.msg, sqlstate=err.sqlstate
    ) from err
mysql.connector.errors.DataError: 1406 (22001): Data too long for column 'url' at row 1
127.0.0.1 - - [12/Mar/2026 13:16:51] "[35m[1mPOST /api/v1/news HTTP/1.1[0m" 500 -
127.0.0.1 - - [12/Mar/2026 13:16:53] "POST /api/v1/news/analyze HTTP/1.1" 200 -
[2026-03-12 13:16:53,964] ERROR in app: Exception on /api/v1/news [POST]
Traceback (most recent call last):
  File "/Library/Frameworks/Python.framework/Versions/3.14/lib/python3.14/site-packages/mysql/connector/connection_cext.py", line 772, in cmd_query
    self._cmysql.query(
    ~~~~~~~~~~~~~~~~~~^
        query,
        ^^^^^^
    ...<3 lines>...
        query_attrs=self.query_attrs,
        ^^^^^^^^^^^^^^^^^^^^^^^^^^^^^
    )
    ^
_mysql_connector.MySQLInterfaceError: Data too long for column 'url' at row 1

The above exception was the direct cause of the following exception:

Traceback (most recent call last):
  File "/Library/Frameworks/Python.framework/Versions/3.14/lib/python3.14/site-packages/flask/app.py", line 1511, in wsgi_app
    response = self.full_dispatch_request()
  File "/Library/Frameworks/Python.framework/Versions/3.14/lib/python3.14/site-packages/flask/app.py", line 919, in full_dispatch_request
    rv = self.handle_user_exception(e)
  File "/Library/Frameworks/Python.framework/Versions/3.14/lib/python3.14/site-packages/flask_cors/extension.py", line 176, in wrapped_function
    return cors_after_request(app.make_response(f(*args, **kwargs)))
                                                ~^^^^^^^^^^^^^^^^^
  File "/Library/Frameworks/Python.framework/Versions/3.14/lib/python3.14/site-packages/flask/app.py", line 917, in full_dispatch_request
    rv = self.dispatch_request()
  File "/Library/Frameworks/Python.framework/Versions/3.14/lib/python3.14/site-packages/flask/app.py", line 902, in dispatch_request
    return self.ensure_sync(self.view_functions[rule.endpoint])(**view_args)  # type: ignore[no-any-return]
           ~~~~~~~~~~~~~~~~~~~~~~~~~~~~~~~~~~~~~~~~~~~~~~~~~~~~^^^^^^^^^^^^^
  File "/Users/alita/.openclaw/workspace/codes/TradeMaster_v2/api/news_bp.py", line 90, in create_news
    data = request.json
        ^^^^^^^^^^^^^^^
    ...<14 lines>...
                data.get('weight', 0),
    
  File "/Library/Frameworks/Python.framework/Versions/3.14/lib/python3.14/site-packages/mysql/connector/cursor_cext.py", line 353, in execute
    self._connection.cmd_query(
    ~~~~~~~~~~~~~~~~~~~~~~~~~~^
        self._stmt_partition["mappable_stmt"],
        ^^^^^^^^^^^^^^^^^^^^^^^^^^^^^^^^^^^^^^
    ...<2 lines>...
        raw_as_string=self._raw_as_string,
        ^^^^^^^^^^^^^^^^^^^^^^^^^^^^^^^^^^
    )
    ^
  File "/Library/Frameworks/Python.framework/Versions/3.14/lib/python3.14/site-packages/mysql/connector/opentelemetry/context_propagation.py", line 97, in wrapper
    return method(cnx, *args, **kwargs)
  File "/Library/Frameworks/Python.framework/Versions/3.14/lib/python3.14/site-packages/mysql/connector/connection_cext.py", line 781, in cmd_query
    raise get_mysql_exception(
        err.errno, msg=err.msg, sqlstate=err.sqlstate
    ) from err
mysql.connector.errors.DataError: 1406 (22001): Data too long for column 'url' at row 1
127.0.0.1 - - [12/Mar/2026 13:16:53] "[35m[1mPOST /api/v1/news HTTP/1.1[0m" 500 -
127.0.0.1 - - [12/Mar/2026 13:17:02] "POST /api/v1/news/analyze HTTP/1.1" 200 -
[2026-03-12 13:17:02,586] ERROR in app: Exception on /api/v1/news [POST]
Traceback (most recent call last):
  File "/Library/Frameworks/Python.framework/Versions/3.14/lib/python3.14/site-packages/mysql/connector/connection_cext.py", line 772, in cmd_query
    self._cmysql.query(
    ~~~~~~~~~~~~~~~~~~^
        query,
        ^^^^^^
    ...<3 lines>...
        query_attrs=self.query_attrs,
        ^^^^^^^^^^^^^^^^^^^^^^^^^^^^^
    )
    ^
_mysql_connector.MySQLInterfaceError: Data too long for column 'url' at row 1

The above exception was the direct cause of the following exception:

Traceback (most recent call last):
  File "/Library/Frameworks/Python.framework/Versions/3.14/lib/python3.14/site-packages/flask/app.py", line 1511, in wsgi_app
    response = self.full_dispatch_request()
  File "/Library/Frameworks/Python.framework/Versions/3.14/lib/python3.14/site-packages/flask/app.py", line 919, in full_dispatch_request
    rv = self.handle_user_exception(e)
  File "/Library/Frameworks/Python.framework/Versions/3.14/lib/python3.14/site-packages/flask_cors/extension.py", line 176, in wrapped_function
    return cors_after_request(app.make_response(f(*args, **kwargs)))
                                                ~^^^^^^^^^^^^^^^^^
  File "/Library/Frameworks/Python.framework/Versions/3.14/lib/python3.14/site-packages/flask/app.py", line 917, in full_dispatch_request
    rv = self.dispatch_request()
  File "/Library/Frameworks/Python.framework/Versions/3.14/lib/python3.14/site-packages/flask/app.py", line 902, in dispatch_request
    return self.ensure_sync(self.view_functions[rule.endpoint])(**view_args)  # type: ignore[no-any-return]
           ~~~~~~~~~~~~~~~~~~~~~~~~~~~~~~~~~~~~~~~~~~~~~~~~~~~~^^^^^^^^^^^^^
  File "/Users/alita/.openclaw/workspace/codes/TradeMaster_v2/api/news_bp.py", line 90, in create_news
    data = request.json
        ^^^^^^^^^^^^^^^
    ...<14 lines>...
                data.get('weight', 0),
    
  File "/Library/Frameworks/Python.framework/Versions/3.14/lib/python3.14/site-packages/mysql/connector/cursor_cext.py", line 353, in execute
    self._connection.cmd_query(
    ~~~~~~~~~~~~~~~~~~~~~~~~~~^
        self._stmt_partition["mappable_stmt"],
        ^^^^^^^^^^^^^^^^^^^^^^^^^^^^^^^^^^^^^^
    ...<2 lines>...
        raw_as_string=self._raw_as_string,
        ^^^^^^^^^^^^^^^^^^^^^^^^^^^^^^^^^^
    )
    ^
  File "/Library/Frameworks/Python.framework/Versions/3.14/lib/python3.14/site-packages/mysql/connector/opentelemetry/context_propagation.py", line 97, in wrapper
    return method(cnx, *args, **kwargs)
  File "/Library/Frameworks/Python.framework/Versions/3.14/lib/python3.14/site-packages/mysql/connector/connection_cext.py", line 781, in cmd_query
    raise get_mysql_exception(
        err.errno, msg=err.msg, sqlstate=err.sqlstate
    ) from err
mysql.connector.errors.DataError: 1406 (22001): Data too long for column 'url' at row 1
127.0.0.1 - - [12/Mar/2026 13:17:02] "[35m[1mPOST /api/v1/news HTTP/1.1[0m" 500 -
127.0.0.1 - - [12/Mar/2026 13:17:10] "POST /api/v1/news/analyze HTTP/1.1" 200 -
127.0.0.1 - - [12/Mar/2026 13:17:10] "[35m[1mPOST /api/v1/news HTTP/1.1[0m" 201 -
127.0.0.1 - - [12/Mar/2026 13:17:15] "POST /api/v1/news/analyze HTTP/1.1" 200 -
[2026-03-12 13:17:15,613] ERROR in app: Exception on /api/v1/news [POST]
Traceback (most recent call last):
  File "/Library/Frameworks/Python.framework/Versions/3.14/lib/python3.14/site-packages/mysql/connector/connection_cext.py", line 772, in cmd_query
    self._cmysql.query(
    ~~~~~~~~~~~~~~~~~~^
        query,
        ^^^^^^
    ...<3 lines>...
        query_attrs=self.query_attrs,
        ^^^^^^^^^^^^^^^^^^^^^^^^^^^^^
    )
    ^
_mysql_connector.MySQLInterfaceError: Data too long for column 'url' at row 1

The above exception was the direct cause of the following exception:

Traceback (most recent call last):
  File "/Library/Frameworks/Python.framework/Versions/3.14/lib/python3.14/site-packages/flask/app.py", line 1511, in wsgi_app
    response = self.full_dispatch_request()
  File "/Library/Frameworks/Python.framework/Versions/3.14/lib/python3.14/site-packages/flask/app.py", line 919, in full_dispatch_request
    rv = self.handle_user_exception(e)
  File "/Library/Frameworks/Python.framework/Versions/3.14/lib/python3.14/site-packages/flask_cors/extension.py", line 176, in wrapped_function
    return cors_after_request(app.make_response(f(*args, **kwargs)))
                                                ~^^^^^^^^^^^^^^^^^
  File "/Library/Frameworks/Python.framework/Versions/3.14/lib/python3.14/site-packages/flask/app.py", line 917, in full_dispatch_request
    rv = self.dispatch_request()
  File "/Library/Frameworks/Python.framework/Versions/3.14/lib/python3.14/site-packages/flask/app.py", line 902, in dispatch_request
    return self.ensure_sync(self.view_functions[rule.endpoint])(**view_args)  # type: ignore[no-any-return]
           ~~~~~~~~~~~~~~~~~~~~~~~~~~~~~~~~~~~~~~~~~~~~~~~~~~~~^^^^^^^^^^^^^
  File "/Users/alita/.openclaw/workspace/codes/TradeMaster_v2/api/news_bp.py", line 90, in create_news
    data = request.json
        ^^^^^^^^^^^^^^^
    ...<14 lines>...
                data.get('weight', 0),
    
  File "/Library/Frameworks/Python.framework/Versions/3.14/lib/python3.14/site-packages/mysql/connector/cursor_cext.py", line 353, in execute
    self._connection.cmd_query(
    ~~~~~~~~~~~~~~~~~~~~~~~~~~^
        self._stmt_partition["mappable_stmt"],
        ^^^^^^^^^^^^^^^^^^^^^^^^^^^^^^^^^^^^^^
    ...<2 lines>...
        raw_as_string=self._raw_as_string,
        ^^^^^^^^^^^^^^^^^^^^^^^^^^^^^^^^^^
    )
    ^
  File "/Library/Frameworks/Python.framework/Versions/3.14/lib/python3.14/site-packages/mysql/connector/opentelemetry/context_propagation.py", line 97, in wrapper
    return method(cnx, *args, **kwargs)
  File "/Library/Frameworks/Python.framework/Versions/3.14/lib/python3.14/site-packages/mysql/connector/connection_cext.py", line 781, in cmd_query
    raise get_mysql_exception(
        err.errno, msg=err.msg, sqlstate=err.sqlstate
    ) from err
mysql.connector.errors.DataError: 1406 (22001): Data too long for column 'url' at row 1
127.0.0.1 - - [12/Mar/2026 13:17:15] "[35m[1mPOST /api/v1/news HTTP/1.1[0m" 500 -
127.0.0.1 - - [12/Mar/2026 13:17:20] "POST /api/v1/news/analyze HTTP/1.1" 200 -
127.0.0.1 - - [12/Mar/2026 13:17:20] "[35m[1mPOST /api/v1/news HTTP/1.1[0m" 201 -
127.0.0.1 - - [12/Mar/2026 13:17:22] "POST /api/v1/news/analyze HTTP/1.1" 200 -
127.0.0.1 - - [12/Mar/2026 13:17:22] "[35m[1mPOST /api/v1/news HTTP/1.1[0m" 201 -
127.0.0.1 - - [12/Mar/2026 13:17:26] "GET /api/v1/signals?limit=2 HTTP/1.1" 200 -
127.0.0.1 - - [12/Mar/2026 13:17:26] "POST /api/v1/news/analyze HTTP/1.1" 200 -
127.0.0.1 - - [12/Mar/2026 13:17:26] "[35m[1mPOST /api/v1/news HTTP/1.1[0m" 201 -
2026-03-12 20:35:29.513 | INFO     | modules.prediction.engine:__init__:35 - 預測引擎初始化完成
2026-03-12 20:35:29.513 | INFO     | modules.prediction.engine:__init__:35 - 預測引擎初始化完成
✅ 富途 SDK 已載入 (futu)
 * Serving Flask app 'api_server'
 * Debug mode: off
[31m[1mWARNING: This is a development server. Do not use it in a production deployment. Use a production WSGI server instead.[0m
 * Running on all addresses (0.0.0.0)
 * Running on http://127.0.0.1:8080
 * Running on http://192.168.2.140:8080
[33mPress CTRL+C to quit[0m
127.0.0.1 - - [12/Mar/2026 20:35:33] "GET /health HTTP/1.1" 200 -
127.0.0.1 - - [12/Mar/2026 21:02:36] "GET /api/v1/positions HTTP/1.1" 200 -
127.0.0.1 - - [12/Mar/2026 21:02:36] "GET /api/v1/market HTTP/1.1" 200 -
127.0.0.1 - - [12/Mar/2026 21:02:37] "GET /api/v1/news/weight/QCOM?hours=24 HTTP/1.1" 200 -
127.0.0.1 - - [12/Mar/2026 21:05:43] "GET /health HTTP/1.1" 200 -
127.0.0.1 - - [12/Mar/2026 21:16:41] "GET /api/v1/positions HTTP/1.1" 200 -
127.0.0.1 - - [12/Mar/2026 21:16:41] "GET /api/v1/market HTTP/1.1" 200 -
127.0.0.1 - - [12/Mar/2026 21:16:41] "[35m[1mPOST /api/v1/signals HTTP/1.1[0m" 201 -
127.0.0.1 - - [12/Mar/2026 21:16:41] "[35m[1mPOST /api/v1/signals HTTP/1.1[0m" 201 -
127.0.0.1 - - [12/Mar/2026 21:16:41] "[35m[1mPOST /api/v1/signals HTTP/1.1[0m" 201 -
127.0.0.1 - - [12/Mar/2026 21:16:41] "[35m[1mPOST /api/v1/signals HTTP/1.1[0m" 201 -
127.0.0.1 - - [12/Mar/2026 21:16:41] "[35m[1mPOST /api/v1/signals HTTP/1.1[0m" 201 -
127.0.0.1 - - [12/Mar/2026 21:16:41] "[35m[1mPOST /api/v1/signals HTTP/1.1[0m" 201 -
127.0.0.1 - - [12/Mar/2026 21:16:41] "[35m[1mPOST /api/v1/signals HTTP/1.1[0m" 201 -
127.0.0.1 - - [12/Mar/2026 21:16:41] "[35m[1mPOST /api/v1/signals HTTP/1.1[0m" 201 -
127.0.0.1 - - [12/Mar/2026 21:16:41] "[35m[1mPOST /api/v1/signals HTTP/1.1[0m" 201 -
127.0.0.1 - - [12/Mar/2026 21:16:41] "[35m[1mPOST /api/v1/signals HTTP/1.1[0m" 201 -
127.0.0.1 - - [12/Mar/2026 21:16:41] "[35m[1mPOST /api/v1/signals HTTP/1.1[0m" 201 -
127.0.0.1 - - [12/Mar/2026 21:16:41] "[35m[1mPOST /api/v1/signals HTTP/1.1[0m" 201 -
127.0.0.1 - - [12/Mar/2026 21:16:41] "[35m[1mPOST /api/v1/signals HTTP/1.1[0m" 201 -
127.0.0.1 - - [12/Mar/2026 21:16:42] "[35m[1mPOST /api/v1/signals HTTP/1.1[0m" 201 -
127.0.0.1 - - [12/Mar/2026 21:16:42] "[35m[1mPOST /api/v1/signals HTTP/1.1[0m" 201 -
127.0.0.1 - - [12/Mar/2026 21:16:42] "[35m[1mPOST /api/v1/signals HTTP/1.1[0m" 201 -
127.0.0.1 - - [12/Mar/2026 21:16:42] "GET /api/v1/news/weight/QCOM?hours=24 HTTP/1.1" 200 -
127.0.0.1 - - [12/Mar/2026 21:16:42] "[35m[1mPOST /api/v1/signals HTTP/1.1[0m" 201 -
127.0.0.1 - - [12/Mar/2026 21:16:42] "[35m[1mPOST /api/v1/signals HTTP/1.1[0m" 201 -
127.0.0.1 - - [12/Mar/2026 21:22:57] "GET /health HTTP/1.1" 200 -
127.0.0.1 - - [12/Mar/2026 21:23:16] "POST /api/v1/news/analyze HTTP/1.1" 200 -
127.0.0.1 - - [12/Mar/2026 21:23:16] "[35m[1mPOST /api/v1/news HTTP/1.1[0m" 201 -
127.0.0.1 - - [12/Mar/2026 21:23:16] "POST /api/v1/news/analyze HTTP/1.1" 200 -
127.0.0.1 - - [12/Mar/2026 21:23:16] "[35m[1mPOST /api/v1/news HTTP/1.1[0m" 201 -
127.0.0.1 - - [12/Mar/2026 21:23:16] "POST /api/v1/news/analyze HTTP/1.1" 200 -
127.0.0.1 - - [12/Mar/2026 21:23:16] "[35m[1mPOST /api/v1/news HTTP/1.1[0m" 201 -
127.0.0.1 - - [12/Mar/2026 21:23:18] "POST /api/v1/news/analyze HTTP/1.1" 200 -
127.0.0.1 - - [12/Mar/2026 21:23:18] "[35m[1mPOST /api/v1/news HTTP/1.1[0m" 201 -
127.0.0.1 - - [12/Mar/2026 21:23:18] "POST /api/v1/news/analyze HTTP/1.1" 200 -
127.0.0.1 - - [12/Mar/2026 21:23:18] "[35m[1mPOST /api/v1/news HTTP/1.1[0m" 201 -
127.0.0.1 - - [12/Mar/2026 21:23:20] "POST /api/v1/news/analyze HTTP/1.1" 200 -
[2026-03-12 21:23:20,897] ERROR in app: Exception on /api/v1/news [POST]
Traceback (most recent call last):
  File "/Library/Frameworks/Python.framework/Versions/3.14/lib/python3.14/site-packages/mysql/connector/connection_cext.py", line 772, in cmd_query
    self._cmysql.query(
    ~~~~~~~~~~~~~~~~~~^
        query,
        ^^^^^^
    ...<3 lines>...
        query_attrs=self.query_attrs,
        ^^^^^^^^^^^^^^^^^^^^^^^^^^^^^
    )
    ^
_mysql_connector.MySQLInterfaceError: Data too long for column 'url' at row 1

The above exception was the direct cause of the following exception:

Traceback (most recent call last):
  File "/Library/Frameworks/Python.framework/Versions/3.14/lib/python3.14/site-packages/flask/app.py", line 1511, in wsgi_app
    response = self.full_dispatch_request()
  File "/Library/Frameworks/Python.framework/Versions/3.14/lib/python3.14/site-packages/flask/app.py", line 919, in full_dispatch_request
    rv = self.handle_user_exception(e)
  File "/Library/Frameworks/Python.framework/Versions/3.14/lib/python3.14/site-packages/flask_cors/extension.py", line 176, in wrapped_function
    return cors_after_request(app.make_response(f(*args, **kwargs)))
                                                ~^^^^^^^^^^^^^^^^^
  File "/Library/Frameworks/Python.framework/Versions/3.14/lib/python3.14/site-packages/flask/app.py", line 917, in full_dispatch_request
    rv = self.dispatch_request()
  File "/Library/Frameworks/Python.framework/Versions/3.14/lib/python3.14/site-packages/flask/app.py", line 902, in dispatch_request
    return self.ensure_sync(self.view_functions[rule.endpoint])(**view_args)  # type: ignore[no-any-return]
           ~~~~~~~~~~~~~~~~~~~~~~~~~~~~~~~~~~~~~~~~~~~~~~~~~~~~^^^^^^^^^^^^^
  File "/Users/alita/.openclaw/workspace/codes/TradeMaster_v2/api/news_bp.py", line 96, in create_news
    cursor.execute(
    ~~~~~~~~~~~~~~^
        '''
        ^^^
    ...<12 lines>...
        )
        ^
    )
    ^
  File "/Library/Frameworks/Python.framework/Versions/3.14/lib/python3.14/site-packages/mysql/connector/cursor_cext.py", line 353, in execute
    self._connection.cmd_query(
    ~~~~~~~~~~~~~~~~~~~~~~~~~~^
        self._stmt_partition["mappable_stmt"],
        ^^^^^^^^^^^^^^^^^^^^^^^^^^^^^^^^^^^^^^
    ...<2 lines>...
        raw_as_string=self._raw_as_string,
        ^^^^^^^^^^^^^^^^^^^^^^^^^^^^^^^^^^
    )
    ^
  File "/Library/Frameworks/Python.framework/Versions/3.14/lib/python3.14/site-packages/mysql/connector/opentelemetry/context_propagation.py", line 97, in wrapper
    return method(cnx, *args, **kwargs)
  File "/Library/Frameworks/Python.framework/Versions/3.14/lib/python3.14/site-packages/mysql/connector/connection_cext.py", line 781, in cmd_query
    raise get_mysql_exception(
        err.errno, msg=err.msg, sqlstate=err.sqlstate
    ) from err
mysql.connector.errors.DataError: 1406 (22001): Data too long for column 'url' at row 1
127.0.0.1 - - [12/Mar/2026 21:23:20] "[35m[1mPOST /api/v1/news HTTP/1.1[0m" 500 -
127.0.0.1 - - [12/Mar/2026 21:23:23] "POST /api/v1/news/analyze HTTP/1.1" 200 -
127.0.0.1 - - [12/Mar/2026 21:23:23] "[35m[1mPOST /api/v1/news HTTP/1.1[0m" 201 -
127.0.0.1 - - [12/Mar/2026 21:23:28] "POST /api/v1/news/analyze HTTP/1.1" 200 -
127.0.0.1 - - [12/Mar/2026 21:23:28] "[35m[1mPOST /api/v1/news HTTP/1.1[0m" 201 -
127.0.0.1 - - [12/Mar/2026 21:23:30] "POST /api/v1/news/analyze HTTP/1.1" 200 -
[2026-03-12 21:23:30,892] ERROR in app: Exception on /api/v1/news [POST]
Traceback (most recent call last):
  File "/Library/Frameworks/Python.framework/Versions/3.14/lib/python3.14/site-packages/mysql/connector/connection_cext.py", line 772, in cmd_query
    self._cmysql.query(
    ~~~~~~~~~~~~~~~~~~^
        query,
        ^^^^^^
    ...<3 lines>...
        query_attrs=self.query_attrs,
        ^^^^^^^^^^^^^^^^^^^^^^^^^^^^^
    )
    ^
_mysql_connector.MySQLInterfaceError: Data too long for column 'url' at row 1

The above exception was the direct cause of the following exception:

Traceback (most recent call last):
  File "/Library/Frameworks/Python.framework/Versions/3.14/lib/python3.14/site-packages/flask/app.py", line 1511, in wsgi_app
    response = self.full_dispatch_request()
  File "/Library/Frameworks/Python.framework/Versions/3.14/lib/python3.14/site-packages/flask/app.py", line 919, in full_dispatch_request
    rv = self.handle_user_exception(e)
  File "/Library/Frameworks/Python.framework/Versions/3.14/lib/python3.14/site-packages/flask_cors/extension.py", line 176, in wrapped_function
    return cors_after_request(app.make_response(f(*args, **kwargs)))
                                                ~^^^^^^^^^^^^^^^^^
  File "/Library/Frameworks/Python.framework/Versions/3.14/lib/python3.14/site-packages/flask/app.py", line 917, in full_dispatch_request
    rv = self.dispatch_request()
  File "/Library/Frameworks/Python.framework/Versions/3.14/lib/python3.14/site-packages/flask/app.py", line 902, in dispatch_request
    return self.ensure_sync(self.view_functions[rule.endpoint])(**view_args)  # type: ignore[no-any-return]
           ~~~~~~~~~~~~~~~~~~~~~~~~~~~~~~~~~~~~~~~~~~~~~~~~~~~~^^^^^^^^^^^^^
  File "/Users/alita/.openclaw/workspace/codes/TradeMaster_v2/api/news_bp.py", line 96, in create_news
    cursor.execute(
    ~~~~~~~~~~~~~~^
        '''
        ^^^
    ...<12 lines>...
        )
        ^
    )
    ^
  File "/Library/Frameworks/Python.framework/Versions/3.14/lib/python3.14/site-packages/mysql/connector/cursor_cext.py", line 353, in execute
    self._connection.cmd_query(
    ~~~~~~~~~~~~~~~~~~~~~~~~~~^
        self._stmt_partition["mappable_stmt"],
        ^^^^^^^^^^^^^^^^^^^^^^^^^^^^^^^^^^^^^^
    ...<2 lines>...
        raw_as_string=self._raw_as_string,
        ^^^^^^^^^^^^^^^^^^^^^^^^^^^^^^^^^^
    )
    ^
  File "/Library/Frameworks/Python.framework/Versions/3.14/lib/python3.14/site-packages/mysql/connector/opentelemetry/context_propagation.py", line 97, in wrapper
    return method(cnx, *args, **kwargs)
  File "/Library/Frameworks/Python.framework/Versions/3.14/lib/python3.14/site-packages/mysql/connector/connection_cext.py", line 781, in cmd_query
    raise get_mysql_exception(
        err.errno, msg=err.msg, sqlstate=err.sqlstate
    ) from err
mysql.connector.errors.DataError: 1406 (22001): Data too long for column 'url' at row 1
127.0.0.1 - - [12/Mar/2026 21:23:30] "[35m[1mPOST /api/v1/news HTTP/1.1[0m" 500 -
127.0.0.1 - - [12/Mar/2026 21:23:37] "POST /api/v1/news/analyze HTTP/1.1" 200 -
127.0.0.1 - - [12/Mar/2026 21:23:37] "[35m[1mPOST /api/v1/news HTTP/1.1[0m" 201 -
127.0.0.1 - - [12/Mar/2026 21:23:39] "POST /api/v1/news/analyze HTTP/1.1" 200 -
127.0.0.1 - - [12/Mar/2026 21:23:39] "[35m[1mPOST /api/v1/news HTTP/1.1[0m" 201 -
127.0.0.1 - - [12/Mar/2026 21:23:41] "POST /api/v1/news/analyze HTTP/1.1" 200 -
127.0.0.1 - - [12/Mar/2026 21:23:41] "[35m[1mPOST /api/v1/news HTTP/1.1[0m" 201 -
127.0.0.1 - - [12/Mar/2026 21:23:41] "POST /api/v1/news/analyze HTTP/1.1" 200 -
127.0.0.1 - - [12/Mar/2026 21:23:41] "[35m[1mPOST /api/v1/news HTTP/1.1[0m" 201 -
127.0.0.1 - - [12/Mar/2026 21:23:43] "POST /api/v1/news/analyze HTTP/1.1" 200 -
127.0.0.1 - - [12/Mar/2026 21:23:43] "[35m[1mPOST /api/v1/news HTTP/1.1[0m" 201 -
127.0.0.1 - - [12/Mar/2026 21:23:48] "POST /api/v1/news/analyze HTTP/1.1" 200 -
[2026-03-12 21:23:48,549] ERROR in app: Exception on /api/v1/news [POST]
Traceback (most recent call last):
  File "/Library/Frameworks/Python.framework/Versions/3.14/lib/python3.14/site-packages/mysql/connector/connection_cext.py", line 772, in cmd_query
    self._cmysql.query(
    ~~~~~~~~~~~~~~~~~~^
        query,
        ^^^^^^
    ...<3 lines>...
        query_attrs=self.query_attrs,
        ^^^^^^^^^^^^^^^^^^^^^^^^^^^^^
    )
    ^
_mysql_connector.MySQLInterfaceError: Data too long for column 'url' at row 1

The above exception was the direct cause of the following exception:

Traceback (most recent call last):
  File "/Library/Frameworks/Python.framework/Versions/3.14/lib/python3.14/site-packages/flask/app.py", line 1511, in wsgi_app
    response = self.full_dispatch_request()
  File "/Library/Frameworks/Python.framework/Versions/3.14/lib/python3.14/site-packages/flask/app.py", line 919, in full_dispatch_request
    rv = self.handle_user_exception(e)
  File "/Library/Frameworks/Python.framework/Versions/3.14/lib/python3.14/site-packages/flask_cors/extension.py", line 176, in wrapped_function
    return cors_after_request(app.make_response(f(*args, **kwargs)))
                                                ~^^^^^^^^^^^^^^^^^
  File "/Library/Frameworks/Python.framework/Versions/3.14/lib/python3.14/site-packages/flask/app.py", line 917, in full_dispatch_request
    rv = self.dispatch_request()
  File "/Library/Frameworks/Python.framework/Versions/3.14/lib/python3.14/site-packages/flask/app.py", line 902, in dispatch_request
    return self.ensure_sync(self.view_functions[rule.endpoint])(**view_args)  # type: ignore[no-any-return]
           ~~~~~~~~~~~~~~~~~~~~~~~~~~~~~~~~~~~~~~~~~~~~~~~~~~~~^^^^^^^^^^^^^
  File "/Users/alita/.openclaw/workspace/codes/TradeMaster_v2/api/news_bp.py", line 96, in create_news
    cursor.execute(
    ~~~~~~~~~~~~~~^
        '''
        ^^^
    ...<12 lines>...
        )
        ^
    )
    ^
  File "/Library/Frameworks/Python.framework/Versions/3.14/lib/python3.14/site-packages/mysql/connector/cursor_cext.py", line 353, in execute
    self._connection.cmd_query(
    ~~~~~~~~~~~~~~~~~~~~~~~~~~^
        self._stmt_partition["mappable_stmt"],
        ^^^^^^^^^^^^^^^^^^^^^^^^^^^^^^^^^^^^^^
    ...<2 lines>...
        raw_as_string=self._raw_as_string,
        ^^^^^^^^^^^^^^^^^^^^^^^^^^^^^^^^^^
    )
    ^
  File "/Library/Frameworks/Python.framework/Versions/3.14/lib/python3.14/site-packages/mysql/connector/opentelemetry/context_propagation.py", line 97, in wrapper
    return method(cnx, *args, **kwargs)
  File "/Library/Frameworks/Python.framework/Versions/3.14/lib/python3.14/site-packages/mysql/connector/connection_cext.py", line 781, in cmd_query
    raise get_mysql_exception(
        err.errno, msg=err.msg, sqlstate=err.sqlstate
    ) from err
mysql.connector.errors.DataError: 1406 (22001): Data too long for column 'url' at row 1
127.0.0.1 - - [12/Mar/2026 21:23:48] "[35m[1mPOST /api/v1/news HTTP/1.1[0m" 500 -
127.0.0.1 - - [12/Mar/2026 21:23:48] "POST /api/v1/news/analyze HTTP/1.1" 200 -
127.0.0.1 - - [12/Mar/2026 21:23:48] "[35m[1mPOST /api/v1/news HTTP/1.1[0m" 201 -
127.0.0.1 - - [12/Mar/2026 21:23:50] "POST /api/v1/news/analyze HTTP/1.1" 200 -
127.0.0.1 - - [12/Mar/2026 21:23:50] "[35m[1mPOST /api/v1/news HTTP/1.1[0m" 201 -
127.0.0.1 - - [12/Mar/2026 21:23:52] "POST /api/v1/news/analyze HTTP/1.1" 200 -
127.0.0.1 - - [12/Mar/2026 21:23:52] "[35m[1mPOST /api/v1/news HTTP/1.1[0m" 201 -
127.0.0.1 - - [12/Mar/2026 21:23:55] "POST /api/v1/news/analyze HTTP/1.1" 200 -
127.0.0.1 - - [12/Mar/2026 21:23:55] "[35m[1mPOST /api/v1/news HTTP/1.1[0m" 201 -
127.0.0.1 - - [12/Mar/2026 21:23:57] "POST /api/v1/news/analyze HTTP/1.1" 200 -
127.0.0.1 - - [12/Mar/2026 21:23:57] "[35m[1mPOST /api/v1/news HTTP/1.1[0m" 201 -
127.0.0.1 - - [12/Mar/2026 21:24:00] "POST /api/v1/news/analyze HTTP/1.1" 200 -
[2026-03-12 21:24:00,023] ERROR in app: Exception on /api/v1/news [POST]
Traceback (most recent call last):
  File "/Library/Frameworks/Python.framework/Versions/3.14/lib/python3.14/site-packages/mysql/connector/connection_cext.py", line 772, in cmd_query
    self._cmysql.query(
    ~~~~~~~~~~~~~~~~~~^
        query,
        ^^^^^^
    ...<3 lines>...
        query_attrs=self.query_attrs,
        ^^^^^^^^^^^^^^^^^^^^^^^^^^^^^
    )
    ^
_mysql_connector.MySQLInterfaceError: Data too long for column 'url' at row 1

The above exception was the direct cause of the following exception:

Traceback (most recent call last):
  File "/Library/Frameworks/Python.framework/Versions/3.14/lib/python3.14/site-packages/flask/app.py", line 1511, in wsgi_app
    response = self.full_dispatch_request()
  File "/Library/Frameworks/Python.framework/Versions/3.14/lib/python3.14/site-packages/flask/app.py", line 919, in full_dispatch_request
    rv = self.handle_user_exception(e)
  File "/Library/Frameworks/Python.framework/Versions/3.14/lib/python3.14/site-packages/flask_cors/extension.py", line 176, in wrapped_function
    return cors_after_request(app.make_response(f(*args, **kwargs)))
                                                ~^^^^^^^^^^^^^^^^^
  File "/Library/Frameworks/Python.framework/Versions/3.14/lib/python3.14/site-packages/flask/app.py", line 917, in full_dispatch_request
    rv = self.dispatch_request()
  File "/Library/Frameworks/Python.framework/Versions/3.14/lib/python3.14/site-packages/flask/app.py", line 902, in dispatch_request
    return self.ensure_sync(self.view_functions[rule.endpoint])(**view_args)  # type: ignore[no-any-return]
           ~~~~~~~~~~~~~~~~~~~~~~~~~~~~~~~~~~~~~~~~~~~~~~~~~~~~^^^^^^^^^^^^^
  File "/Users/alita/.openclaw/workspace/codes/TradeMaster_v2/api/news_bp.py", line 96, in create_news
    cursor.execute(
    ~~~~~~~~~~~~~~^
        '''
        ^^^
    ...<12 lines>...
        )
        ^
    )
    ^
  File "/Library/Frameworks/Python.framework/Versions/3.14/lib/python3.14/site-packages/mysql/connector/cursor_cext.py", line 353, in execute
    self._connection.cmd_query(
    ~~~~~~~~~~~~~~~~~~~~~~~~~~^
        self._stmt_partition["mappable_stmt"],
        ^^^^^^^^^^^^^^^^^^^^^^^^^^^^^^^^^^^^^^
    ...<2 lines>...
        raw_as_string=self._raw_as_string,
        ^^^^^^^^^^^^^^^^^^^^^^^^^^^^^^^^^^
    )
    ^
  File "/Library/Frameworks/Python.framework/Versions/3.14/lib/python3.14/site-packages/mysql/connector/opentelemetry/context_propagation.py", line 97, in wrapper
    return method(cnx, *args, **kwargs)
  File "/Library/Frameworks/Python.framework/Versions/3.14/lib/python3.14/site-packages/mysql/connector/connection_cext.py", line 781, in cmd_query
    raise get_mysql_exception(
        err.errno, msg=err.msg, sqlstate=err.sqlstate
    ) from err
mysql.connector.errors.DataError: 1406 (22001): Data too long for column 'url' at row 1
127.0.0.1 - - [12/Mar/2026 21:24:00] "[35m[1mPOST /api/v1/news HTTP/1.1[0m" 500 -
127.0.0.1 - - [12/Mar/2026 21:24:02] "POST /api/v1/news/analyze HTTP/1.1" 200 -
127.0.0.1 - - [12/Mar/2026 21:24:02] "[35m[1mPOST /api/v1/news HTTP/1.1[0m" 201 -
127.0.0.1 - - [12/Mar/2026 21:24:02] "POST /api/v1/news/analyze HTTP/1.1" 200 -
127.0.0.1 - - [12/Mar/2026 21:24:02] "[35m[1mPOST /api/v1/news HTTP/1.1[0m" 201 -
127.0.0.1 - - [12/Mar/2026 21:24:16] "POST /api/v1/news/analyze HTTP/1.1" 200 -
[2026-03-12 21:24:16,268] ERROR in app: Exception on /api/v1/news [POST]
Traceback (most recent call last):
  File "/Library/Frameworks/Python.framework/Versions/3.14/lib/python3.14/site-packages/mysql/connector/connection_cext.py", line 772, in cmd_query
    self._cmysql.query(
    ~~~~~~~~~~~~~~~~~~^
        query,
        ^^^^^^
    ...<3 lines>...
        query_attrs=self.query_attrs,
        ^^^^^^^^^^^^^^^^^^^^^^^^^^^^^
    )
    ^
_mysql_connector.MySQLInterfaceError: Data too long for column 'url' at row 1

The above exception was the direct cause of the following exception:

Traceback (most recent call last):
  File "/Library/Frameworks/Python.framework/Versions/3.14/lib/python3.14/site-packages/flask/app.py", line 1511, in wsgi_app
    response = self.full_dispatch_request()
  File "/Library/Frameworks/Python.framework/Versions/3.14/lib/python3.14/site-packages/flask/app.py", line 919, in full_dispatch_request
    rv = self.handle_user_exception(e)
  File "/Library/Frameworks/Python.framework/Versions/3.14/lib/python3.14/site-packages/flask_cors/extension.py", line 176, in wrapped_function
    return cors_after_request(app.make_response(f(*args, **kwargs)))
                                                ~^^^^^^^^^^^^^^^^^
  File "/Library/Frameworks/Python.framework/Versions/3.14/lib/python3.14/site-packages/flask/app.py", line 917, in full_dispatch_request
    rv = self.dispatch_request()
  File "/Library/Frameworks/Python.framework/Versions/3.14/lib/python3.14/site-packages/flask/app.py", line 902, in dispatch_request
    return self.ensure_sync(self.view_functions[rule.endpoint])(**view_args)  # type: ignore[no-any-return]
           ~~~~~~~~~~~~~~~~~~~~~~~~~~~~~~~~~~~~~~~~~~~~~~~~~~~~^^^^^^^^^^^^^
  File "/Users/alita/.openclaw/workspace/codes/TradeMaster_v2/api/news_bp.py", line 96, in create_news
    cursor.execute(
    ~~~~~~~~~~~~~~^
        '''
        ^^^
    ...<12 lines>...
        )
        ^
    )
    ^
  File "/Library/Frameworks/Python.framework/Versions/3.14/lib/python3.14/site-packages/mysql/connector/cursor_cext.py", line 353, in execute
    self._connection.cmd_query(
    ~~~~~~~~~~~~~~~~~~~~~~~~~~^
        self._stmt_partition["mappable_stmt"],
        ^^^^^^^^^^^^^^^^^^^^^^^^^^^^^^^^^^^^^^
    ...<2 lines>...
        raw_as_string=self._raw_as_string,
        ^^^^^^^^^^^^^^^^^^^^^^^^^^^^^^^^^^
    )
    ^
  File "/Library/Frameworks/Python.framework/Versions/3.14/lib/python3.14/site-packages/mysql/connector/opentelemetry/context_propagation.py", line 97, in wrapper
    return method(cnx, *args, **kwargs)
  File "/Library/Frameworks/Python.framework/Versions/3.14/lib/python3.14/site-packages/mysql/connector/connection_cext.py", line 781, in cmd_query
    raise get_mysql_exception(
        err.errno, msg=err.msg, sqlstate=err.sqlstate
    ) from err
mysql.connector.errors.DataError: 1406 (22001): Data too long for column 'url' at row 1
127.0.0.1 - - [12/Mar/2026 21:24:16] "[35m[1mPOST /api/v1/news HTTP/1.1[0m" 500 -
127.0.0.1 - - [12/Mar/2026 21:24:29] "POST /api/v1/news/analyze HTTP/1.1" 200 -
[2026-03-12 21:24:29,462] ERROR in app: Exception on /api/v1/news [POST]
Traceback (most recent call last):
  File "/Library/Frameworks/Python.framework/Versions/3.14/lib/python3.14/site-packages/mysql/connector/connection_cext.py", line 772, in cmd_query
    self._cmysql.query(
    ~~~~~~~~~~~~~~~~~~^
        query,
        ^^^^^^
    ...<3 lines>...
        query_attrs=self.query_attrs,
        ^^^^^^^^^^^^^^^^^^^^^^^^^^^^^
    )
    ^
_mysql_connector.MySQLInterfaceError: Data too long for column 'url' at row 1

The above exception was the direct cause of the following exception:

Traceback (most recent call last):
  File "/Library/Frameworks/Python.framework/Versions/3.14/lib/python3.14/site-packages/flask/app.py", line 1511, in wsgi_app
    response = self.full_dispatch_request()
  File "/Library/Frameworks/Python.framework/Versions/3.14/lib/python3.14/site-packages/flask/app.py", line 919, in full_dispatch_request
    rv = self.handle_user_exception(e)
  File "/Library/Frameworks/Python.framework/Versions/3.14/lib/python3.14/site-packages/flask_cors/extension.py", line 176, in wrapped_function
    return cors_after_request(app.make_response(f(*args, **kwargs)))
                                                ~^^^^^^^^^^^^^^^^^
  File "/Library/Frameworks/Python.framework/Versions/3.14/lib/python3.14/site-packages/flask/app.py", line 917, in full_dispatch_request
    rv = self.dispatch_request()
  File "/Library/Frameworks/Python.framework/Versions/3.14/lib/python3.14/site-packages/flask/app.py", line 902, in dispatch_request
    return self.ensure_sync(self.view_functions[rule.endpoint])(**view_args)  # type: ignore[no-any-return]
           ~~~~~~~~~~~~~~~~~~~~~~~~~~~~~~~~~~~~~~~~~~~~~~~~~~~~^^^^^^^^^^^^^
  File "/Users/alita/.openclaw/workspace/codes/TradeMaster_v2/api/news_bp.py", line 96, in create_news
    cursor.execute(
    ~~~~~~~~~~~~~~^
        '''
        ^^^
    ...<12 lines>...
        )
        ^
    )
    ^
  File "/Library/Frameworks/Python.framework/Versions/3.14/lib/python3.14/site-packages/mysql/connector/cursor_cext.py", line 353, in execute
    self._connection.cmd_query(
    ~~~~~~~~~~~~~~~~~~~~~~~~~~^
        self._stmt_partition["mappable_stmt"],
        ^^^^^^^^^^^^^^^^^^^^^^^^^^^^^^^^^^^^^^
    ...<2 lines>...
        raw_as_string=self._raw_as_string,
        ^^^^^^^^^^^^^^^^^^^^^^^^^^^^^^^^^^
    )
    ^
  File "/Library/Frameworks/Python.framework/Versions/3.14/lib/python3.14/site-packages/mysql/connector/opentelemetry/context_propagation.py", line 97, in wrapper
    return method(cnx, *args, **kwargs)
  File "/Library/Frameworks/Python.framework/Versions/3.14/lib/python3.14/site-packages/mysql/connector/connection_cext.py", line 781, in cmd_query
    raise get_mysql_exception(
        err.errno, msg=err.msg, sqlstate=err.sqlstate
    ) from err
mysql.connector.errors.DataError: 1406 (22001): Data too long for column 'url' at row 1
127.0.0.1 - - [12/Mar/2026 21:24:29] "[35m[1mPOST /api/v1/news HTTP/1.1[0m" 500 -
127.0.0.1 - - [12/Mar/2026 21:24:30] "POST /api/v1/news/analyze HTTP/1.1" 200 -
[2026-03-12 21:24:30,701] ERROR in app: Exception on /api/v1/news [POST]
Traceback (most recent call last):
  File "/Library/Frameworks/Python.framework/Versions/3.14/lib/python3.14/site-packages/mysql/connector/connection_cext.py", line 772, in cmd_query
    self._cmysql.query(
    ~~~~~~~~~~~~~~~~~~^
        query,
        ^^^^^^
    ...<3 lines>...
        query_attrs=self.query_attrs,
        ^^^^^^^^^^^^^^^^^^^^^^^^^^^^^
    )
    ^
_mysql_connector.MySQLInterfaceError: Data too long for column 'url' at row 1

The above exception was the direct cause of the following exception:

Traceback (most recent call last):
  File "/Library/Frameworks/Python.framework/Versions/3.14/lib/python3.14/site-packages/flask/app.py", line 1511, in wsgi_app
    response = self.full_dispatch_request()
  File "/Library/Frameworks/Python.framework/Versions/3.14/lib/python3.14/site-packages/flask/app.py", line 919, in full_dispatch_request
    rv = self.handle_user_exception(e)
  File "/Library/Frameworks/Python.framework/Versions/3.14/lib/python3.14/site-packages/flask_cors/extension.py", line 176, in wrapped_function
    return cors_after_request(app.make_response(f(*args, **kwargs)))
                                                ~^^^^^^^^^^^^^^^^^
  File "/Library/Frameworks/Python.framework/Versions/3.14/lib/python3.14/site-packages/flask/app.py", line 917, in full_dispatch_request
    rv = self.dispatch_request()
  File "/Library/Frameworks/Python.framework/Versions/3.14/lib/python3.14/site-packages/flask/app.py", line 902, in dispatch_request
    return self.ensure_sync(self.view_functions[rule.endpoint])(**view_args)  # type: ignore[no-any-return]
           ~~~~~~~~~~~~~~~~~~~~~~~~~~~~~~~~~~~~~~~~~~~~~~~~~~~~^^^^^^^^^^^^^
  File "/Users/alita/.openclaw/workspace/codes/TradeMaster_v2/api/news_bp.py", line 96, in create_news
    cursor.execute(
    ~~~~~~~~~~~~~~^
        '''
        ^^^
    ...<12 lines>...
        )
        ^
    )
    ^
  File "/Library/Frameworks/Python.framework/Versions/3.14/lib/python3.14/site-packages/mysql/connector/cursor_cext.py", line 353, in execute
    self._connection.cmd_query(
    ~~~~~~~~~~~~~~~~~~~~~~~~~~^
        self._stmt_partition["mappable_stmt"],
        ^^^^^^^^^^^^^^^^^^^^^^^^^^^^^^^^^^^^^^
    ...<2 lines>...
        raw_as_string=self._raw_as_string,
        ^^^^^^^^^^^^^^^^^^^^^^^^^^^^^^^^^^
    )
    ^
  File "/Library/Frameworks/Python.framework/Versions/3.14/lib/python3.14/site-packages/mysql/connector/opentelemetry/context_propagation.py", line 97, in wrapper
    return method(cnx, *args, **kwargs)
  File "/Library/Frameworks/Python.framework/Versions/3.14/lib/python3.14/site-packages/mysql/connector/connection_cext.py", line 781, in cmd_query
    raise get_mysql_exception(
        err.errno, msg=err.msg, sqlstate=err.sqlstate
    ) from err
mysql.connector.errors.DataError: 1406 (22001): Data too long for column 'url' at row 1
127.0.0.1 - - [12/Mar/2026 21:24:30] "[35m[1mPOST /api/v1/news HTTP/1.1[0m" 500 -
127.0.0.1 - - [12/Mar/2026 21:24:46] "POST /api/v1/news/analyze HTTP/1.1" 200 -
[2026-03-12 21:24:46,378] ERROR in app: Exception on /api/v1/news [POST]
Traceback (most recent call last):
  File "/Library/Frameworks/Python.framework/Versions/3.14/lib/python3.14/site-packages/mysql/connector/connection_cext.py", line 772, in cmd_query
    self._cmysql.query(
    ~~~~~~~~~~~~~~~~~~^
        query,
        ^^^^^^
    ...<3 lines>...
        query_attrs=self.query_attrs,
        ^^^^^^^^^^^^^^^^^^^^^^^^^^^^^
    )
    ^
_mysql_connector.MySQLInterfaceError: Data too long for column 'url' at row 1

The above exception was the direct cause of the following exception:

Traceback (most recent call last):
  File "/Library/Frameworks/Python.framework/Versions/3.14/lib/python3.14/site-packages/flask/app.py", line 1511, in wsgi_app
    response = self.full_dispatch_request()
  File "/Library/Frameworks/Python.framework/Versions/3.14/lib/python3.14/site-packages/flask/app.py", line 919, in full_dispatch_request
    rv = self.handle_user_exception(e)
  File "/Library/Frameworks/Python.framework/Versions/3.14/lib/python3.14/site-packages/flask_cors/extension.py", line 176, in wrapped_function
    return cors_after_request(app.make_response(f(*args, **kwargs)))
                                                ~^^^^^^^^^^^^^^^^^
  File "/Library/Frameworks/Python.framework/Versions/3.14/lib/python3.14/site-packages/flask/app.py", line 917, in full_dispatch_request
    rv = self.dispatch_request()
  File "/Library/Frameworks/Python.framework/Versions/3.14/lib/python3.14/site-packages/flask/app.py", line 902, in dispatch_request
    return self.ensure_sync(self.view_functions[rule.endpoint])(**view_args)  # type: ignore[no-any-return]
           ~~~~~~~~~~~~~~~~~~~~~~~~~~~~~~~~~~~~~~~~~~~~~~~~~~~~^^^^^^^^^^^^^
  File "/Users/alita/.openclaw/workspace/codes/TradeMaster_v2/api/news_bp.py", line 96, in create_news
    cursor.execute(
    ~~~~~~~~~~~~~~^
        '''
        ^^^
    ...<12 lines>...
        )
        ^
    )
    ^
  File "/Library/Frameworks/Python.framework/Versions/3.14/lib/python3.14/site-packages/mysql/connector/cursor_cext.py", line 353, in execute
    self._connection.cmd_query(
    ~~~~~~~~~~~~~~~~~~~~~~~~~~^
        self._stmt_partition["mappable_stmt"],
        ^^^^^^^^^^^^^^^^^^^^^^^^^^^^^^^^^^^^^^
    ...<2 lines>...
        raw_as_string=self._raw_as_string,
        ^^^^^^^^^^^^^^^^^^^^^^^^^^^^^^^^^^
    )
    ^
  File "/Library/Frameworks/Python.framework/Versions/3.14/lib/python3.14/site-packages/mysql/connector/opentelemetry/context_propagation.py", line 97, in wrapper
    return method(cnx, *args, **kwargs)
  File "/Library/Frameworks/Python.framework/Versions/3.14/lib/python3.14/site-packages/mysql/connector/connection_cext.py", line 781, in cmd_query
    raise get_mysql_exception(
        err.errno, msg=err.msg, sqlstate=err.sqlstate
    ) from err
mysql.connector.errors.DataError: 1406 (22001): Data too long for column 'url' at row 1
127.0.0.1 - - [12/Mar/2026 21:24:46] "[35m[1mPOST /api/v1/news HTTP/1.1[0m" 500 -
127.0.0.1 - - [12/Mar/2026 21:26:44] "GET /api/v1/positions HTTP/1.1" 200 -
127.0.0.1 - - [12/Mar/2026 21:26:44] "GET /api/v1/market HTTP/1.1" 200 -
127.0.0.1 - - [12/Mar/2026 21:26:46] "GET /api/v1/news/weight/QCOM?hours=24 HTTP/1.1" 200 -
127.0.0.1 - - [12/Mar/2026 21:33:35] "GET /api/v1/positions HTTP/1.1" 200 -
127.0.0.1 - - [12/Mar/2026 21:33:35] "GET /api/v1/market HTTP/1.1" 200 -
127.0.0.1 - - [12/Mar/2026 21:33:36] "GET /api/v1/news/weight/QCOM?hours=24 HTTP/1.1" 200 -
127.0.0.1 - - [12/Mar/2026 21:37:29] "GET /health HTTP/1.1" 200 -
127.0.0.1 - - [12/Mar/2026 21:38:07] "GET /api/v1/positions HTTP/1.1" 200 -
127.0.0.1 - - [12/Mar/2026 21:38:07] "GET /api/v1/market HTTP/1.1" 200 -
127.0.0.1 - - [12/Mar/2026 21:38:08] "GET /api/v1/news/weight/QCOM?hours=24 HTTP/1.1" 200 -
127.0.0.1 - - [12/Mar/2026 21:46:30] "GET /api/v1/positions HTTP/1.1" 200 -
127.0.0.1 - - [12/Mar/2026 21:46:30] "GET /api/v1/market HTTP/1.1" 200 -
127.0.0.1 - - [12/Mar/2026 21:46:31] "GET /api/v1/news/weight/QCOM?hours=24 HTTP/1.1" 200 -
127.0.0.1 - - [12/Mar/2026 21:59:16] "GET /health HTTP/1.1" 200 -
127.0.0.1 - - [12/Mar/2026 21:59:32] "[33mGET /api/v1/ HTTP/1.1[0m" 404 -
127.0.0.1 - - [12/Mar/2026 21:59:35] "[33mGET /docs HTTP/1.1[0m" 404 -
127.0.0.1 - - [12/Mar/2026 22:01:09] "GET /api/v1/positions HTTP/1.1" 200 -
127.0.0.1 - - [12/Mar/2026 22:01:09] "GET /api/v1/market HTTP/1.1" 200 -
127.0.0.1 - - [12/Mar/2026 22:01:10] "GET /api/v1/news/weight/QCOM?hours=24 HTTP/1.1" 200 -
127.0.0.1 - - [12/Mar/2026 22:01:10] "[35m[1mPOST /api/v1/signals HTTP/1.1[0m" 201 -
127.0.0.1 - - [12/Mar/2026 22:07:21] "GET /api/v1/positions HTTP/1.1" 200 -
127.0.0.1 - - [12/Mar/2026 22:07:21] "GET /api/v1/market HTTP/1.1" 200 -
127.0.0.1 - - [12/Mar/2026 22:07:22] "GET /api/v1/news/weight/QCOM?hours=24 HTTP/1.1" 200 -
127.0.0.1 - - [12/Mar/2026 22:08:04] "GET /health HTTP/1.1" 200 -
127.0.0.1 - - [12/Mar/2026 22:18:28] "GET /api/v1/positions HTTP/1.1" 200 -
127.0.0.1 - - [12/Mar/2026 22:18:28] "GET /api/v1/market HTTP/1.1" 200 -
127.0.0.1 - - [12/Mar/2026 22:18:29] "GET /api/v1/news/weight/QCOM?hours=24 HTTP/1.1" 200 -
127.0.0.1 - - [12/Mar/2026 22:19:20] "POST /api/v1/news/analyze HTTP/1.1" 200 -
127.0.0.1 - - [12/Mar/2026 22:19:20] "[35m[1mPOST /api/v1/news HTTP/1.1[0m" 201 -
127.0.0.1 - - [12/Mar/2026 22:19:20] "POST /api/v1/news/analyze HTTP/1.1" 200 -
127.0.0.1 - - [12/Mar/2026 22:19:20] "[35m[1mPOST /api/v1/news HTTP/1.1[0m" 201 -
127.0.0.1 - - [12/Mar/2026 22:19:20] "POST /api/v1/news/analyze HTTP/1.1" 200 -
127.0.0.1 - - [12/Mar/2026 22:19:20] "[35m[1mPOST /api/v1/news HTTP/1.1[0m" 201 -
127.0.0.1 - - [12/Mar/2026 22:19:20] "POST /api/v1/news/analyze HTTP/1.1" 200 -
127.0.0.1 - - [12/Mar/2026 22:19:20] "[35m[1mPOST /api/v1/news HTTP/1.1[0m" 201 -
127.0.0.1 - - [12/Mar/2026 22:19:27] "POST /api/v1/news/analyze HTTP/1.1" 200 -
127.0.0.1 - - [12/Mar/2026 22:19:27] "[35m[1mPOST /api/v1/news HTTP/1.1[0m" 201 -
127.0.0.1 - - [12/Mar/2026 22:19:27] "POST /api/v1/news/analyze HTTP/1.1" 200 -
127.0.0.1 - - [12/Mar/2026 22:19:27] "[35m[1mPOST /api/v1/news HTTP/1.1[0m" 201 -
127.0.0.1 - - [12/Mar/2026 22:19:27] "POST /api/v1/news/analyze HTTP/1.1" 200 -
127.0.0.1 - - [12/Mar/2026 22:19:27] "[35m[1mPOST /api/v1/news HTTP/1.1[0m" 201 -
127.0.0.1 - - [12/Mar/2026 22:19:29] "POST /api/v1/news/analyze HTTP/1.1" 200 -
[2026-03-12 22:19:29,581] ERROR in app: Exception on /api/v1/news [POST]
Traceback (most recent call last):
  File "/Library/Frameworks/Python.framework/Versions/3.14/lib/python3.14/site-packages/mysql/connector/connection_cext.py", line 772, in cmd_query
    self._cmysql.query(
    ~~~~~~~~~~~~~~~~~~^
        query,
        ^^^^^^
    ...<3 lines>...
        query_attrs=self.query_attrs,
        ^^^^^^^^^^^^^^^^^^^^^^^^^^^^^
    )
    ^
_mysql_connector.MySQLInterfaceError: Data too long for column 'url' at row 1

The above exception was the direct cause of the following exception:

Traceback (most recent call last):
  File "/Library/Frameworks/Python.framework/Versions/3.14/lib/python3.14/site-packages/flask/app.py", line 1511, in wsgi_app
    response = self.full_dispatch_request()
  File "/Library/Frameworks/Python.framework/Versions/3.14/lib/python3.14/site-packages/flask/app.py", line 919, in full_dispatch_request
    rv = self.handle_user_exception(e)
  File "/Library/Frameworks/Python.framework/Versions/3.14/lib/python3.14/site-packages/flask_cors/extension.py", line 176, in wrapped_function
    return cors_after_request(app.make_response(f(*args, **kwargs)))
                                                ~^^^^^^^^^^^^^^^^^
  File "/Library/Frameworks/Python.framework/Versions/3.14/lib/python3.14/site-packages/flask/app.py", line 917, in full_dispatch_request
    rv = self.dispatch_request()
  File "/Library/Frameworks/Python.framework/Versions/3.14/lib/python3.14/site-packages/flask/app.py", line 902, in dispatch_request
    return self.ensure_sync(self.view_functions[rule.endpoint])(**view_args)  # type: ignore[no-any-return]
           ~~~~~~~~~~~~~~~~~~~~~~~~~~~~~~~~~~~~~~~~~~~~~~~~~~~~^^^^^^^^^^^^^
  File "/Users/alita/.openclaw/workspace/codes/TradeMaster_v2/api/news_bp.py", line 96, in create_news
    cursor.execute(
    ~~~~~~~~~~~~~~^
        '''
        ^^^
    ...<12 lines>...
        )
        ^
    )
    ^
  File "/Library/Frameworks/Python.framework/Versions/3.14/lib/python3.14/site-packages/mysql/connector/cursor_cext.py", line 353, in execute
    self._connection.cmd_query(
    ~~~~~~~~~~~~~~~~~~~~~~~~~~^
        self._stmt_partition["mappable_stmt"],
        ^^^^^^^^^^^^^^^^^^^^^^^^^^^^^^^^^^^^^^
    ...<2 lines>...
        raw_as_string=self._raw_as_string,
        ^^^^^^^^^^^^^^^^^^^^^^^^^^^^^^^^^^
    )
    ^
  File "/Library/Frameworks/Python.framework/Versions/3.14/lib/python3.14/site-packages/mysql/connector/opentelemetry/context_propagation.py", line 97, in wrapper
    return method(cnx, *args, **kwargs)
  File "/Library/Frameworks/Python.framework/Versions/3.14/lib/python3.14/site-packages/mysql/connector/connection_cext.py", line 781, in cmd_query
    raise get_mysql_exception(
        err.errno, msg=err.msg, sqlstate=err.sqlstate
    ) from err
mysql.connector.errors.DataError: 1406 (22001): Data too long for column 'url' at row 1
127.0.0.1 - - [12/Mar/2026 22:19:29] "[35m[1mPOST /api/v1/news HTTP/1.1[0m" 500 -
127.0.0.1 - - [12/Mar/2026 22:19:31] "POST /api/v1/news/analyze HTTP/1.1" 200 -
127.0.0.1 - - [12/Mar/2026 22:19:31] "[35m[1mPOST /api/v1/news HTTP/1.1[0m" 201 -
127.0.0.1 - - [12/Mar/2026 22:19:31] "POST /api/v1/news/analyze HTTP/1.1" 200 -
127.0.0.1 - - [12/Mar/2026 22:19:31] "[35m[1mPOST /api/v1/news HTTP/1.1[0m" 201 -
127.0.0.1 - - [12/Mar/2026 22:19:37] "POST /api/v1/news/analyze HTTP/1.1" 200 -
127.0.0.1 - - [12/Mar/2026 22:19:37] "[35m[1mPOST /api/v1/news HTTP/1.1[0m" 201 -
127.0.0.1 - - [12/Mar/2026 22:19:42] "POST /api/v1/news/analyze HTTP/1.1" 200 -
127.0.0.1 - - [12/Mar/2026 22:19:42] "[35m[1mPOST /api/v1/news HTTP/1.1[0m" 201 -
127.0.0.1 - - [12/Mar/2026 22:19:49] "POST /api/v1/news/analyze HTTP/1.1" 200 -
[2026-03-12 22:19:49,658] ERROR in app: Exception on /api/v1/news [POST]
Traceback (most recent call last):
  File "/Library/Frameworks/Python.framework/Versions/3.14/lib/python3.14/site-packages/mysql/connector/connection_cext.py", line 772, in cmd_query
    self._cmysql.query(
    ~~~~~~~~~~~~~~~~~~^
        query,
        ^^^^^^
    ...<3 lines>...
        query_attrs=self.query_attrs,
        ^^^^^^^^^^^^^^^^^^^^^^^^^^^^^
    )
    ^
_mysql_connector.MySQLInterfaceError: Data too long for column 'url' at row 1

The above exception was the direct cause of the following exception:

Traceback (most recent call last):
  File "/Library/Frameworks/Python.framework/Versions/3.14/lib/python3.14/site-packages/flask/app.py", line 1511, in wsgi_app
    response = self.full_dispatch_request()
  File "/Library/Frameworks/Python.framework/Versions/3.14/lib/python3.14/site-packages/flask/app.py", line 919, in full_dispatch_request
    rv = self.handle_user_exception(e)
  File "/Library/Frameworks/Python.framework/Versions/3.14/lib/python3.14/site-packages/flask_cors/extension.py", line 176, in wrapped_function
    return cors_after_request(app.make_response(f(*args, **kwargs)))
                                                ~^^^^^^^^^^^^^^^^^
  File "/Library/Frameworks/Python.framework/Versions/3.14/lib/python3.14/site-packages/flask/app.py", line 917, in full_dispatch_request
    rv = self.dispatch_request()
  File "/Library/Frameworks/Python.framework/Versions/3.14/lib/python3.14/site-packages/flask/app.py", line 902, in dispatch_request
    return self.ensure_sync(self.view_functions[rule.endpoint])(**view_args)  # type: ignore[no-any-return]
           ~~~~~~~~~~~~~~~~~~~~~~~~~~~~~~~~~~~~~~~~~~~~~~~~~~~~^^^^^^^^^^^^^
  File "/Users/alita/.openclaw/workspace/codes/TradeMaster_v2/api/news_bp.py", line 96, in create_news
    cursor.execute(
    ~~~~~~~~~~~~~~^
        '''
        ^^^
    ...<12 lines>...
        )
        ^
    )
    ^
  File "/Library/Frameworks/Python.framework/Versions/3.14/lib/python3.14/site-packages/mysql/connector/cursor_cext.py", line 353, in execute
    self._connection.cmd_query(
    ~~~~~~~~~~~~~~~~~~~~~~~~~~^
        self._stmt_partition["mappable_stmt"],
        ^^^^^^^^^^^^^^^^^^^^^^^^^^^^^^^^^^^^^^
    ...<2 lines>...
        raw_as_string=self._raw_as_string,
        ^^^^^^^^^^^^^^^^^^^^^^^^^^^^^^^^^^
    )
    ^
  File "/Library/Frameworks/Python.framework/Versions/3.14/lib/python3.14/site-packages/mysql/connector/opentelemetry/context_propagation.py", line 97, in wrapper
    return method(cnx, *args, **kwargs)
  File "/Library/Frameworks/Python.framework/Versions/3.14/lib/python3.14/site-packages/mysql/connector/connection_cext.py", line 781, in cmd_query
    raise get_mysql_exception(
        err.errno, msg=err.msg, sqlstate=err.sqlstate
    ) from err
mysql.connector.errors.DataError: 1406 (22001): Data too long for column 'url' at row 1
127.0.0.1 - - [12/Mar/2026 22:19:49] "[35m[1mPOST /api/v1/news HTTP/1.1[0m" 500 -
127.0.0.1 - - [12/Mar/2026 22:19:54] "POST /api/v1/news/analyze HTTP/1.1" 200 -
[2026-03-12 22:19:54,479] ERROR in app: Exception on /api/v1/news [POST]
Traceback (most recent call last):
  File "/Library/Frameworks/Python.framework/Versions/3.14/lib/python3.14/site-packages/mysql/connector/connection_cext.py", line 772, in cmd_query
    self._cmysql.query(
    ~~~~~~~~~~~~~~~~~~^
        query,
        ^^^^^^
    ...<3 lines>...
        query_attrs=self.query_attrs,
        ^^^^^^^^^^^^^^^^^^^^^^^^^^^^^
    )
    ^
_mysql_connector.MySQLInterfaceError: Data too long for column 'url' at row 1

The above exception was the direct cause of the following exception:

Traceback (most recent call last):
  File "/Library/Frameworks/Python.framework/Versions/3.14/lib/python3.14/site-packages/flask/app.py", line 1511, in wsgi_app
    response = self.full_dispatch_request()
  File "/Library/Frameworks/Python.framework/Versions/3.14/lib/python3.14/site-packages/flask/app.py", line 919, in full_dispatch_request
    rv = self.handle_user_exception(e)
  File "/Library/Frameworks/Python.framework/Versions/3.14/lib/python3.14/site-packages/flask_cors/extension.py", line 176, in wrapped_function
    return cors_after_request(app.make_response(f(*args, **kwargs)))
                                                ~^^^^^^^^^^^^^^^^^
  File "/Library/Frameworks/Python.framework/Versions/3.14/lib/python3.14/site-packages/flask/app.py", line 917, in full_dispatch_request
    rv = self.dispatch_request()
  File "/Library/Frameworks/Python.framework/Versions/3.14/lib/python3.14/site-packages/flask/app.py", line 902, in dispatch_request
    return self.ensure_sync(self.view_functions[rule.endpoint])(**view_args)  # type: ignore[no-any-return]
           ~~~~~~~~~~~~~~~~~~~~~~~~~~~~~~~~~~~~~~~~~~~~~~~~~~~~^^^^^^^^^^^^^
  File "/Users/alita/.openclaw/workspace/codes/TradeMaster_v2/api/news_bp.py", line 96, in create_news
    cursor.execute(
    ~~~~~~~~~~~~~~^
        '''
        ^^^
    ...<12 lines>...
        )
        ^
    )
    ^
  File "/Library/Frameworks/Python.framework/Versions/3.14/lib/python3.14/site-packages/mysql/connector/cursor_cext.py", line 353, in execute
    self._connection.cmd_query(
    ~~~~~~~~~~~~~~~~~~~~~~~~~~^
        self._stmt_partition["mappable_stmt"],
        ^^^^^^^^^^^^^^^^^^^^^^^^^^^^^^^^^^^^^^
    ...<2 lines>...
        raw_as_string=self._raw_as_string,
        ^^^^^^^^^^^^^^^^^^^^^^^^^^^^^^^^^^
    )
    ^
  File "/Library/Frameworks/Python.framework/Versions/3.14/lib/python3.14/site-packages/mysql/connector/opentelemetry/context_propagation.py", line 97, in wrapper
    return method(cnx, *args, **kwargs)
  File "/Library/Frameworks/Python.framework/Versions/3.14/lib/python3.14/site-packages/mysql/connector/connection_cext.py", line 781, in cmd_query
    raise get_mysql_exception(
        err.errno, msg=err.msg, sqlstate=err.sqlstate
    ) from err
mysql.connector.errors.DataError: 1406 (22001): Data too long for column 'url' at row 1
127.0.0.1 - - [12/Mar/2026 22:19:54] "[35m[1mPOST /api/v1/news HTTP/1.1[0m" 500 -
127.0.0.1 - - [12/Mar/2026 22:19:56] "POST /api/v1/news/analyze HTTP/1.1" 200 -
127.0.0.1 - - [12/Mar/2026 22:19:56] "[35m[1mPOST /api/v1/news HTTP/1.1[0m" 201 -
127.0.0.1 - - [12/Mar/2026 22:20:01] "POST /api/v1/news/analyze HTTP/1.1" 200 -
127.0.0.1 - - [12/Mar/2026 22:20:01] "[35m[1mPOST /api/v1/news HTTP/1.1[0m" 201 -
127.0.0.1 - - [12/Mar/2026 22:24:42] "GET /api/v1/positions HTTP/1.1" 200 -
127.0.0.1 - - [12/Mar/2026 22:24:42] "GET /api/v1/market HTTP/1.1" 200 -
127.0.0.1 - - [12/Mar/2026 22:24:43] "GET /api/v1/news/weight/QCOM?hours=24 HTTP/1.1" 200 -
127.0.0.1 - - [12/Mar/2026 22:33:39] "GET /api/v1/positions HTTP/1.1" 200 -
127.0.0.1 - - [12/Mar/2026 22:33:39] "GET /api/v1/market HTTP/1.1" 200 -
127.0.0.1 - - [12/Mar/2026 22:33:41] "GET /api/v1/news/weight/QCOM?hours=24 HTTP/1.1" 200 -
127.0.0.1 - - [12/Mar/2026 22:38:54] "GET /health HTTP/1.1" 200 -
127.0.0.1 - - [12/Mar/2026 22:40:38] "GET /health HTTP/1.1" 200 -
127.0.0.1 - - [12/Mar/2026 22:40:41] "[33mGET /api/v1/ HTTP/1.1[0m" 404 -
127.0.0.1 - - [12/Mar/2026 22:41:01] "GET /api/v1/positions HTTP/1.1" 200 -
127.0.0.1 - - [12/Mar/2026 22:41:01] "GET /api/v1/market HTTP/1.1" 200 -
127.0.0.1 - - [12/Mar/2026 22:41:02] "GET /api/v1/news/weight/QCOM?hours=24 HTTP/1.1" 200 -
127.0.0.1 - - [12/Mar/2026 22:46:34] "GET /health HTTP/1.1" 200 -
127.0.0.1 - - [12/Mar/2026 22:46:41] "[33mGET /api/v1/ HTTP/1.1[0m" 404 -
127.0.0.1 - - [12/Mar/2026 22:46:45] "[33mPOST /api/v1/fox/analyze HTTP/1.1[0m" 404 -
127.0.0.1 - - [12/Mar/2026 22:47:11] "[33mGET /docs HTTP/1.1[0m" 404 -
127.0.0.1 - - [12/Mar/2026 22:47:14] "[33mGET /openapi.json HTTP/1.1[0m" 404 -
127.0.0.1 - - [12/Mar/2026 22:47:48] "GET /api/v1/positions HTTP/1.1" 200 -
127.0.0.1 - - [12/Mar/2026 22:47:48] "GET /api/v1/market HTTP/1.1" 200 -
127.0.0.1 - - [12/Mar/2026 22:47:49] "GET /api/v1/news/weight/QCOM?hours=24 HTTP/1.1" 200 -
127.0.0.1 - - [12/Mar/2026 22:47:49] "[35m[1mPOST /api/v1/signals HTTP/1.1[0m" 201 -
127.0.0.1 - - [12/Mar/2026 22:47:49] "[35m[1mPOST /api/v1/signals HTTP/1.1[0m" 201 -
127.0.0.1 - - [12/Mar/2026 22:53:21] "GET /api/v1/positions HTTP/1.1" 200 -
127.0.0.1 - - [12/Mar/2026 22:53:21] "GET /api/v1/market HTTP/1.1" 200 -
127.0.0.1 - - [12/Mar/2026 22:53:22] "GET /api/v1/news/weight/QCOM?hours=24 HTTP/1.1" 200 -
127.0.0.1 - - [12/Mar/2026 22:55:02] "GET /api/v1/positions HTTP/1.1" 200 -
127.0.0.1 - - [12/Mar/2026 22:55:02] "GET /api/v1/market HTTP/1.1" 200 -
127.0.0.1 - - [12/Mar/2026 22:55:04] "GET /api/v1/news/weight/QCOM?hours=24 HTTP/1.1" 200 -
127.0.0.1 - - [12/Mar/2026 23:04:06] "GET /health HTTP/1.1" 200 -
127.0.0.1 - - [12/Mar/2026 23:04:08] "[33mGET /api/v1/ HTTP/1.1[0m" 404 -
127.0.0.1 - - [12/Mar/2026 23:04:12] "[33mGET /docs HTTP/1.1[0m" 404 -
127.0.0.1 - - [12/Mar/2026 23:04:47] "GET /api/v1/positions HTTP/1.1" 200 -
127.0.0.1 - - [12/Mar/2026 23:04:51] "GET /api/v1/stocks HTTP/1.1" 200 -
127.0.0.1 - - [12/Mar/2026 23:04:56] "GET /api/v1/market/overview HTTP/1.1" 200 -
127.0.0.1 - - [12/Mar/2026 23:04:58] "[33mGET /api/v1/quote/US.SPY HTTP/1.1[0m" 404 -
127.0.0.1 - - [12/Mar/2026 23:04:59] "[33mGET /api/v1/quote/US.QQQ HTTP/1.1[0m" 404 -
127.0.0.1 - - [12/Mar/2026 23:04:59] "[33mGET /api/v1/quote/US.VIX HTTP/1.1[0m" 404 -
127.0.0.1 - - [12/Mar/2026 23:05:01] "[33mGET /api/v1/kline/US.AAPL?timeframe=5m&limit=10 HTTP/1.1[0m" 404 -
127.0.0.1 - - [12/Mar/2026 23:05:04] "[33mGET /openapi.json HTTP/1.1[0m" 404 -
127.0.0.1 - - [12/Mar/2026 23:05:40] "GET /api/v1/positions HTTP/1.1" 200 -
127.0.0.1 - - [12/Mar/2026 23:05:40] "GET /api/v1/market HTTP/1.1" 200 -
127.0.0.1 - - [12/Mar/2026 23:05:41] "GET /api/v1/news/weight/QCOM?hours=24 HTTP/1.1" 200 -
127.0.0.1 - - [12/Mar/2026 23:13:02] "GET /health HTTP/1.1" 200 -
127.0.0.1 - - [12/Mar/2026 23:13:59] "GET /health HTTP/1.1" 200 -
127.0.0.1 - - [12/Mar/2026 23:14:02] "[33mGET /api/v1/ HTTP/1.1[0m" 404 -
127.0.0.1 - - [12/Mar/2026 23:14:05] "[33mGET /docs HTTP/1.1[0m" 404 -
127.0.0.1 - - [12/Mar/2026 23:15:01] "GET /api/v1/positions HTTP/1.1" 200 -
127.0.0.1 - - [12/Mar/2026 23:15:03] "POST /api/v1/news/analyze HTTP/1.1" 200 -
127.0.0.1 - - [12/Mar/2026 23:15:03] "[35m[1mPOST /api/v1/news HTTP/1.1[0m" 201 -
127.0.0.1 - - [12/Mar/2026 23:15:03] "POST /api/v1/news/analyze HTTP/1.1" 200 -
127.0.0.1 - - [12/Mar/2026 23:15:03] "[35m[1mPOST /api/v1/news HTTP/1.1[0m" 201 -
127.0.0.1 - - [12/Mar/2026 23:15:03] "POST /api/v1/news/analyze HTTP/1.1" 200 -
127.0.0.1 - - [12/Mar/2026 23:15:03] "[35m[1mPOST /api/v1/news HTTP/1.1[0m" 201 -
127.0.0.1 - - [12/Mar/2026 23:15:03] "POST /api/v1/news/analyze HTTP/1.1" 200 -
[2026-03-12 23:15:03,656] ERROR in app: Exception on /api/v1/news [POST]
Traceback (most recent call last):
  File "/Library/Frameworks/Python.framework/Versions/3.14/lib/python3.14/site-packages/mysql/connector/connection_cext.py", line 772, in cmd_query
    self._cmysql.query(
    ~~~~~~~~~~~~~~~~~~^
        query,
        ^^^^^^
    ...<3 lines>...
        query_attrs=self.query_attrs,
        ^^^^^^^^^^^^^^^^^^^^^^^^^^^^^
    )
    ^
_mysql_connector.MySQLInterfaceError: Data too long for column 'url' at row 1

The above exception was the direct cause of the following exception:

Traceback (most recent call last):
  File "/Library/Frameworks/Python.framework/Versions/3.14/lib/python3.14/site-packages/flask/app.py", line 1511, in wsgi_app
    response = self.full_dispatch_request()
  File "/Library/Frameworks/Python.framework/Versions/3.14/lib/python3.14/site-packages/flask/app.py", line 919, in full_dispatch_request
    rv = self.handle_user_exception(e)
  File "/Library/Frameworks/Python.framework/Versions/3.14/lib/python3.14/site-packages/flask_cors/extension.py", line 176, in wrapped_function
    return cors_after_request(app.make_response(f(*args, **kwargs)))
                                                ~^^^^^^^^^^^^^^^^^
  File "/Library/Frameworks/Python.framework/Versions/3.14/lib/python3.14/site-packages/flask/app.py", line 917, in full_dispatch_request
    rv = self.dispatch_request()
  File "/Library/Frameworks/Python.framework/Versions/3.14/lib/python3.14/site-packages/flask/app.py", line 902, in dispatch_request
    return self.ensure_sync(self.view_functions[rule.endpoint])(**view_args)  # type: ignore[no-any-return]
           ~~~~~~~~~~~~~~~~~~~~~~~~~~~~~~~~~~~~~~~~~~~~~~~~~~~~^^^^^^^^^^^^^
  File "/Users/alita/.openclaw/workspace/codes/TradeMaster_v2/api/news_bp.py", line 96, in create_news
    cursor.execute(
    ~~~~~~~~~~~~~~^
        '''
        ^^^
    ...<12 lines>...
        )
        ^
    )
    ^
  File "/Library/Frameworks/Python.framework/Versions/3.14/lib/python3.14/site-packages/mysql/connector/cursor_cext.py", line 353, in execute
    self._connection.cmd_query(
    ~~~~~~~~~~~~~~~~~~~~~~~~~~^
        self._stmt_partition["mappable_stmt"],
        ^^^^^^^^^^^^^^^^^^^^^^^^^^^^^^^^^^^^^^
    ...<2 lines>...
        raw_as_string=self._raw_as_string,
        ^^^^^^^^^^^^^^^^^^^^^^^^^^^^^^^^^^
    )
    ^
  File "/Library/Frameworks/Python.framework/Versions/3.14/lib/python3.14/site-packages/mysql/connector/opentelemetry/context_propagation.py", line 97, in wrapper
    return method(cnx, *args, **kwargs)
  File "/Library/Frameworks/Python.framework/Versions/3.14/lib/python3.14/site-packages/mysql/connector/connection_cext.py", line 781, in cmd_query
    raise get_mysql_exception(
        err.errno, msg=err.msg, sqlstate=err.sqlstate
    ) from err
mysql.connector.errors.DataError: 1406 (22001): Data too long for column 'url' at row 1
127.0.0.1 - - [12/Mar/2026 23:15:03] "[35m[1mPOST /api/v1/news HTTP/1.1[0m" 500 -
127.0.0.1 - - [12/Mar/2026 23:15:10] "POST /api/v1/news/analyze HTTP/1.1" 200 -
127.0.0.1 - - [12/Mar/2026 23:15:10] "[35m[1mPOST /api/v1/news HTTP/1.1[0m" 201 -
127.0.0.1 - - [12/Mar/2026 23:15:12] "GET /api/v1/positions HTTP/1.1" 200 -
127.0.0.1 - - [12/Mar/2026 23:15:12] "GET /api/v1/market HTTP/1.1" 200 -
127.0.0.1 - - [12/Mar/2026 23:15:12] "POST /api/v1/news/analyze HTTP/1.1" 200 -
127.0.0.1 - - [12/Mar/2026 23:15:12] "[35m[1mPOST /api/v1/news HTTP/1.1[0m" 201 -
127.0.0.1 - - [12/Mar/2026 23:15:12] "POST /api/v1/news/analyze HTTP/1.1" 200 -
127.0.0.1 - - [12/Mar/2026 23:15:12] "[35m[1mPOST /api/v1/news HTTP/1.1[0m" 201 -
127.0.0.1 - - [12/Mar/2026 23:15:13] "GET /api/v1/news/weight/QCOM?hours=24 HTTP/1.1" 200 -
127.0.0.1 - - [12/Mar/2026 23:15:14] "POST /api/v1/news/analyze HTTP/1.1" 200 -
[2026-03-12 23:15:14,511] ERROR in app: Exception on /api/v1/news [POST]
Traceback (most recent call last):
  File "/Library/Frameworks/Python.framework/Versions/3.14/lib/python3.14/site-packages/mysql/connector/connection_cext.py", line 772, in cmd_query
    self._cmysql.query(
    ~~~~~~~~~~~~~~~~~~^
        query,
        ^^^^^^
    ...<3 lines>...
        query_attrs=self.query_attrs,
        ^^^^^^^^^^^^^^^^^^^^^^^^^^^^^
    )
    ^
_mysql_connector.MySQLInterfaceError: Data too long for column 'url' at row 1

The above exception was the direct cause of the following exception:

Traceback (most recent call last):
  File "/Library/Frameworks/Python.framework/Versions/3.14/lib/python3.14/site-packages/flask/app.py", line 1511, in wsgi_app
    response = self.full_dispatch_request()
  File "/Library/Frameworks/Python.framework/Versions/3.14/lib/python3.14/site-packages/flask/app.py", line 919, in full_dispatch_request
    rv = self.handle_user_exception(e)
  File "/Library/Frameworks/Python.framework/Versions/3.14/lib/python3.14/site-packages/flask_cors/extension.py", line 176, in wrapped_function
    return cors_after_request(app.make_response(f(*args, **kwargs)))
                                                ~^^^^^^^^^^^^^^^^^
  File "/Library/Frameworks/Python.framework/Versions/3.14/lib/python3.14/site-packages/flask/app.py", line 917, in full_dispatch_request
    rv = self.dispatch_request()
  File "/Library/Frameworks/Python.framework/Versions/3.14/lib/python3.14/site-packages/flask/app.py", line 902, in dispatch_request
    return self.ensure_sync(self.view_functions[rule.endpoint])(**view_args)  # type: ignore[no-any-return]
           ~~~~~~~~~~~~~~~~~~~~~~~~~~~~~~~~~~~~~~~~~~~~~~~~~~~~^^^^^^^^^^^^^
  File "/Users/alita/.openclaw/workspace/codes/TradeMaster_v2/api/news_bp.py", line 96, in create_news
    cursor.execute(
    ~~~~~~~~~~~~~~^
        '''
        ^^^
    ...<12 lines>...
        )
        ^
    )
    ^
  File "/Library/Frameworks/Python.framework/Versions/3.14/lib/python3.14/site-packages/mysql/connector/cursor_cext.py", line 353, in execute
    self._connection.cmd_query(
    ~~~~~~~~~~~~~~~~~~~~~~~~~~^
        self._stmt_partition["mappable_stmt"],
        ^^^^^^^^^^^^^^^^^^^^^^^^^^^^^^^^^^^^^^
    ...<2 lines>...
        raw_as_string=self._raw_as_string,
        ^^^^^^^^^^^^^^^^^^^^^^^^^^^^^^^^^^
    )
    ^
  File "/Library/Frameworks/Python.framework/Versions/3.14/lib/python3.14/site-packages/mysql/connector/opentelemetry/context_propagation.py", line 97, in wrapper
    return method(cnx, *args, **kwargs)
  File "/Library/Frameworks/Python.framework/Versions/3.14/lib/python3.14/site-packages/mysql/connector/connection_cext.py", line 781, in cmd_query
    raise get_mysql_exception(
        err.errno, msg=err.msg, sqlstate=err.sqlstate
    ) from err
mysql.connector.errors.DataError: 1406 (22001): Data too long for column 'url' at row 1
127.0.0.1 - - [12/Mar/2026 23:15:14] "[35m[1mPOST /api/v1/news HTTP/1.1[0m" 500 -
127.0.0.1 - - [12/Mar/2026 23:15:25] "POST /api/v1/news/analyze HTTP/1.1" 200 -
[2026-03-12 23:15:25,501] ERROR in app: Exception on /api/v1/news [POST]
Traceback (most recent call last):
  File "/Library/Frameworks/Python.framework/Versions/3.14/lib/python3.14/site-packages/mysql/connector/connection_cext.py", line 772, in cmd_query
    self._cmysql.query(
    ~~~~~~~~~~~~~~~~~~^
        query,
        ^^^^^^
    ...<3 lines>...
        query_attrs=self.query_attrs,
        ^^^^^^^^^^^^^^^^^^^^^^^^^^^^^
    )
    ^
_mysql_connector.MySQLInterfaceError: Data too long for column 'url' at row 1

The above exception was the direct cause of the following exception:

Traceback (most recent call last):
  File "/Library/Frameworks/Python.framework/Versions/3.14/lib/python3.14/site-packages/flask/app.py", line 1511, in wsgi_app
    response = self.full_dispatch_request()
  File "/Library/Frameworks/Python.framework/Versions/3.14/lib/python3.14/site-packages/flask/app.py", line 919, in full_dispatch_request
    rv = self.handle_user_exception(e)
  File "/Library/Frameworks/Python.framework/Versions/3.14/lib/python3.14/site-packages/flask_cors/extension.py", line 176, in wrapped_function
    return cors_after_request(app.make_response(f(*args, **kwargs)))
                                                ~^^^^^^^^^^^^^^^^^
  File "/Library/Frameworks/Python.framework/Versions/3.14/lib/python3.14/site-packages/flask/app.py", line 917, in full_dispatch_request
    rv = self.dispatch_request()
  File "/Library/Frameworks/Python.framework/Versions/3.14/lib/python3.14/site-packages/flask/app.py", line 902, in dispatch_request
    return self.ensure_sync(self.view_functions[rule.endpoint])(**view_args)  # type: ignore[no-any-return]
           ~~~~~~~~~~~~~~~~~~~~~~~~~~~~~~~~~~~~~~~~~~~~~~~~~~~~^^^^^^^^^^^^^
  File "/Users/alita/.openclaw/workspace/codes/TradeMaster_v2/api/news_bp.py", line 96, in create_news
    cursor.execute(
    ~~~~~~~~~~~~~~^
        '''
        ^^^
    ...<12 lines>...
        )
        ^
    )
    ^
  File "/Library/Frameworks/Python.framework/Versions/3.14/lib/python3.14/site-packages/mysql/connector/cursor_cext.py", line 353, in execute
    self._connection.cmd_query(
    ~~~~~~~~~~~~~~~~~~~~~~~~~~^
        self._stmt_partition["mappable_stmt"],
        ^^^^^^^^^^^^^^^^^^^^^^^^^^^^^^^^^^^^^^
    ...<2 lines>...
        raw_as_string=self._raw_as_string,
        ^^^^^^^^^^^^^^^^^^^^^^^^^^^^^^^^^^
    )
    ^
  File "/Library/Frameworks/Python.framework/Versions/3.14/lib/python3.14/site-packages/mysql/connector/opentelemetry/context_propagation.py", line 97, in wrapper
    return method(cnx, *args, **kwargs)
  File "/Library/Frameworks/Python.framework/Versions/3.14/lib/python3.14/site-packages/mysql/connector/connection_cext.py", line 781, in cmd_query
    raise get_mysql_exception(
        err.errno, msg=err.msg, sqlstate=err.sqlstate
    ) from err
mysql.connector.errors.DataError: 1406 (22001): Data too long for column 'url' at row 1
127.0.0.1 - - [12/Mar/2026 23:15:25] "[35m[1mPOST /api/v1/news HTTP/1.1[0m" 500 -
127.0.0.1 - - [12/Mar/2026 23:15:32] "POST /api/v1/news/analyze HTTP/1.1" 200 -
127.0.0.1 - - [12/Mar/2026 23:15:32] "[35m[1mPOST /api/v1/news HTTP/1.1[0m" 201 -
127.0.0.1 - - [12/Mar/2026 23:15:39] "POST /api/v1/news/analyze HTTP/1.1" 200 -
127.0.0.1 - - [12/Mar/2026 23:15:39] "[35m[1mPOST /api/v1/news HTTP/1.1[0m" 201 -
127.0.0.1 - - [12/Mar/2026 23:15:48] "POST /api/v1/news/analyze HTTP/1.1" 200 -
[2026-03-12 23:15:48,211] ERROR in app: Exception on /api/v1/news [POST]
Traceback (most recent call last):
  File "/Library/Frameworks/Python.framework/Versions/3.14/lib/python3.14/site-packages/mysql/connector/connection_cext.py", line 772, in cmd_query
    self._cmysql.query(
    ~~~~~~~~~~~~~~~~~~^
        query,
        ^^^^^^
    ...<3 lines>...
        query_attrs=self.query_attrs,
        ^^^^^^^^^^^^^^^^^^^^^^^^^^^^^
    )
    ^
_mysql_connector.MySQLInterfaceError: Data too long for column 'url' at row 1

The above exception was the direct cause of the following exception:

Traceback (most recent call last):
  File "/Library/Frameworks/Python.framework/Versions/3.14/lib/python3.14/site-packages/flask/app.py", line 1511, in wsgi_app
    response = self.full_dispatch_request()
  File "/Library/Frameworks/Python.framework/Versions/3.14/lib/python3.14/site-packages/flask/app.py", line 919, in full_dispatch_request
    rv = self.handle_user_exception(e)
  File "/Library/Frameworks/Python.framework/Versions/3.14/lib/python3.14/site-packages/flask_cors/extension.py", line 176, in wrapped_function
    return cors_after_request(app.make_response(f(*args, **kwargs)))
                                                ~^^^^^^^^^^^^^^^^^
  File "/Library/Frameworks/Python.framework/Versions/3.14/lib/python3.14/site-packages/flask/app.py", line 917, in full_dispatch_request
    rv = self.dispatch_request()
  File "/Library/Frameworks/Python.framework/Versions/3.14/lib/python3.14/site-packages/flask/app.py", line 902, in dispatch_request
    return self.ensure_sync(self.view_functions[rule.endpoint])(**view_args)  # type: ignore[no-any-return]
           ~~~~~~~~~~~~~~~~~~~~~~~~~~~~~~~~~~~~~~~~~~~~~~~~~~~~^^^^^^^^^^^^^
  File "/Users/alita/.openclaw/workspace/codes/TradeMaster_v2/api/news_bp.py", line 96, in create_news
    cursor.execute(
    ~~~~~~~~~~~~~~^
        '''
        ^^^
    ...<12 lines>...
        )
        ^
    )
    ^
  File "/Library/Frameworks/Python.framework/Versions/3.14/lib/python3.14/site-packages/mysql/connector/cursor_cext.py", line 353, in execute
    self._connection.cmd_query(
    ~~~~~~~~~~~~~~~~~~~~~~~~~~^
        self._stmt_partition["mappable_stmt"],
        ^^^^^^^^^^^^^^^^^^^^^^^^^^^^^^^^^^^^^^
    ...<2 lines>...
        raw_as_string=self._raw_as_string,
        ^^^^^^^^^^^^^^^^^^^^^^^^^^^^^^^^^^
    )
    ^
  File "/Library/Frameworks/Python.framework/Versions/3.14/lib/python3.14/site-packages/mysql/connector/opentelemetry/context_propagation.py", line 97, in wrapper
    return method(cnx, *args, **kwargs)
  File "/Library/Frameworks/Python.framework/Versions/3.14/lib/python3.14/site-packages/mysql/connector/connection_cext.py", line 781, in cmd_query
    raise get_mysql_exception(
        err.errno, msg=err.msg, sqlstate=err.sqlstate
    ) from err
mysql.connector.errors.DataError: 1406 (22001): Data too long for column 'url' at row 1
127.0.0.1 - - [12/Mar/2026 23:15:48] "[35m[1mPOST /api/v1/news HTTP/1.1[0m" 500 -
127.0.0.1 - - [12/Mar/2026 23:22:03] "POST /api/v1/news/analyze HTTP/1.1" 200 -
127.0.0.1 - - [12/Mar/2026 23:22:04] "[35m[1mPOST /api/v1/news HTTP/1.1[0m" 201 -
127.0.0.1 - - [12/Mar/2026 23:22:09] "POST /api/v1/news/analyze HTTP/1.1" 200 -
[2026-03-12 23:22:09,856] ERROR in app: Exception on /api/v1/news [POST]
Traceback (most recent call last):
  File "/Library/Frameworks/Python.framework/Versions/3.14/lib/python3.14/site-packages/mysql/connector/connection_cext.py", line 772, in cmd_query
    self._cmysql.query(
    ~~~~~~~~~~~~~~~~~~^
        query,
        ^^^^^^
    ...<3 lines>...
        query_attrs=self.query_attrs,
        ^^^^^^^^^^^^^^^^^^^^^^^^^^^^^
    )
    ^
_mysql_connector.MySQLInterfaceError: Data too long for column 'url' at row 1

The above exception was the direct cause of the following exception:

Traceback (most recent call last):
  File "/Library/Frameworks/Python.framework/Versions/3.14/lib/python3.14/site-packages/flask/app.py", line 1511, in wsgi_app
    response = self.full_dispatch_request()
  File "/Library/Frameworks/Python.framework/Versions/3.14/lib/python3.14/site-packages/flask/app.py", line 919, in full_dispatch_request
    rv = self.handle_user_exception(e)
  File "/Library/Frameworks/Python.framework/Versions/3.14/lib/python3.14/site-packages/flask_cors/extension.py", line 176, in wrapped_function
    return cors_after_request(app.make_response(f(*args, **kwargs)))
                                                ~^^^^^^^^^^^^^^^^^
  File "/Library/Frameworks/Python.framework/Versions/3.14/lib/python3.14/site-packages/flask/app.py", line 917, in full_dispatch_request
    rv = self.dispatch_request()
  File "/Library/Frameworks/Python.framework/Versions/3.14/lib/python3.14/site-packages/flask/app.py", line 902, in dispatch_request
    return self.ensure_sync(self.view_functions[rule.endpoint])(**view_args)  # type: ignore[no-any-return]
           ~~~~~~~~~~~~~~~~~~~~~~~~~~~~~~~~~~~~~~~~~~~~~~~~~~~~^^^^^^^^^^^^^
  File "/Users/alita/.openclaw/workspace/codes/TradeMaster_v2/api/news_bp.py", line 96, in create_news
    cursor.execute(
    ~~~~~~~~~~~~~~^
        '''
        ^^^
    ...<12 lines>...
        )
        ^
    )
    ^
  File "/Library/Frameworks/Python.framework/Versions/3.14/lib/python3.14/site-packages/mysql/connector/cursor_cext.py", line 353, in execute
    self._connection.cmd_query(
    ~~~~~~~~~~~~~~~~~~~~~~~~~~^
        self._stmt_partition["mappable_stmt"],
        ^^^^^^^^^^^^^^^^^^^^^^^^^^^^^^^^^^^^^^
    ...<2 lines>...
        raw_as_string=self._raw_as_string,
        ^^^^^^^^^^^^^^^^^^^^^^^^^^^^^^^^^^
    )
    ^
  File "/Library/Frameworks/Python.framework/Versions/3.14/lib/python3.14/site-packages/mysql/connector/opentelemetry/context_propagation.py", line 97, in wrapper
    return method(cnx, *args, **kwargs)
  File "/Library/Frameworks/Python.framework/Versions/3.14/lib/python3.14/site-packages/mysql/connector/connection_cext.py", line 781, in cmd_query
    raise get_mysql_exception(
        err.errno, msg=err.msg, sqlstate=err.sqlstate
    ) from err
mysql.connector.errors.DataError: 1406 (22001): Data too long for column 'url' at row 1
127.0.0.1 - - [12/Mar/2026 23:22:09] "[35m[1mPOST /api/v1/news HTTP/1.1[0m" 500 -
127.0.0.1 - - [12/Mar/2026 23:22:16] "POST /api/v1/news/analyze HTTP/1.1" 200 -
[2026-03-12 23:22:16,212] ERROR in app: Exception on /api/v1/news [POST]
Traceback (most recent call last):
  File "/Library/Frameworks/Python.framework/Versions/3.14/lib/python3.14/site-packages/mysql/connector/connection_cext.py", line 772, in cmd_query
    self._cmysql.query(
    ~~~~~~~~~~~~~~~~~~^
        query,
        ^^^^^^
    ...<3 lines>...
        query_attrs=self.query_attrs,
        ^^^^^^^^^^^^^^^^^^^^^^^^^^^^^
    )
    ^
_mysql_connector.MySQLInterfaceError: Data too long for column 'url' at row 1

The above exception was the direct cause of the following exception:

Traceback (most recent call last):
  File "/Library/Frameworks/Python.framework/Versions/3.14/lib/python3.14/site-packages/flask/app.py", line 1511, in wsgi_app
    response = self.full_dispatch_request()
  File "/Library/Frameworks/Python.framework/Versions/3.14/lib/python3.14/site-packages/flask/app.py", line 919, in full_dispatch_request
    rv = self.handle_user_exception(e)
  File "/Library/Frameworks/Python.framework/Versions/3.14/lib/python3.14/site-packages/flask_cors/extension.py", line 176, in wrapped_function
    return cors_after_request(app.make_response(f(*args, **kwargs)))
                                                ~^^^^^^^^^^^^^^^^^
  File "/Library/Frameworks/Python.framework/Versions/3.14/lib/python3.14/site-packages/flask/app.py", line 917, in full_dispatch_request
    rv = self.dispatch_request()
  File "/Library/Frameworks/Python.framework/Versions/3.14/lib/python3.14/site-packages/flask/app.py", line 902, in dispatch_request
    return self.ensure_sync(self.view_functions[rule.endpoint])(**view_args)  # type: ignore[no-any-return]
           ~~~~~~~~~~~~~~~~~~~~~~~~~~~~~~~~~~~~~~~~~~~~~~~~~~~~^^^^^^^^^^^^^
  File "/Users/alita/.openclaw/workspace/codes/TradeMaster_v2/api/news_bp.py", line 96, in create_news
    cursor.execute(
    ~~~~~~~~~~~~~~^
        '''
        ^^^
    ...<12 lines>...
        )
        ^
    )
    ^
  File "/Library/Frameworks/Python.framework/Versions/3.14/lib/python3.14/site-packages/mysql/connector/cursor_cext.py", line 353, in execute
    self._connection.cmd_query(
    ~~~~~~~~~~~~~~~~~~~~~~~~~~^
        self._stmt_partition["mappable_stmt"],
        ^^^^^^^^^^^^^^^^^^^^^^^^^^^^^^^^^^^^^^
    ...<2 lines>...
        raw_as_string=self._raw_as_string,
        ^^^^^^^^^^^^^^^^^^^^^^^^^^^^^^^^^^
    )
    ^
  File "/Library/Frameworks/Python.framework/Versions/3.14/lib/python3.14/site-packages/mysql/connector/opentelemetry/context_propagation.py", line 97, in wrapper
    return method(cnx, *args, **kwargs)
  File "/Library/Frameworks/Python.framework/Versions/3.14/lib/python3.14/site-packages/mysql/connector/connection_cext.py", line 781, in cmd_query
    raise get_mysql_exception(
        err.errno, msg=err.msg, sqlstate=err.sqlstate
    ) from err
mysql.connector.errors.DataError: 1406 (22001): Data too long for column 'url' at row 1
127.0.0.1 - - [12/Mar/2026 23:22:16] "[35m[1mPOST /api/v1/news HTTP/1.1[0m" 500 -
127.0.0.1 - - [12/Mar/2026 23:22:21] "POST /api/v1/news/analyze HTTP/1.1" 200 -
[2026-03-12 23:22:21,303] ERROR in app: Exception on /api/v1/news [POST]
Traceback (most recent call last):
  File "/Library/Frameworks/Python.framework/Versions/3.14/lib/python3.14/site-packages/mysql/connector/connection_cext.py", line 772, in cmd_query
    self._cmysql.query(
    ~~~~~~~~~~~~~~~~~~^
        query,
        ^^^^^^
    ...<3 lines>...
        query_attrs=self.query_attrs,
        ^^^^^^^^^^^^^^^^^^^^^^^^^^^^^
    )
    ^
_mysql_connector.MySQLInterfaceError: Data too long for column 'url' at row 1

The above exception was the direct cause of the following exception:

Traceback (most recent call last):
  File "/Library/Frameworks/Python.framework/Versions/3.14/lib/python3.14/site-packages/flask/app.py", line 1511, in wsgi_app
    response = self.full_dispatch_request()
  File "/Library/Frameworks/Python.framework/Versions/3.14/lib/python3.14/site-packages/flask/app.py", line 919, in full_dispatch_request
    rv = self.handle_user_exception(e)
  File "/Library/Frameworks/Python.framework/Versions/3.14/lib/python3.14/site-packages/flask_cors/extension.py", line 176, in wrapped_function
    return cors_after_request(app.make_response(f(*args, **kwargs)))
                                                ~^^^^^^^^^^^^^^^^^
  File "/Library/Frameworks/Python.framework/Versions/3.14/lib/python3.14/site-packages/flask/app.py", line 917, in full_dispatch_request
    rv = self.dispatch_request()
  File "/Library/Frameworks/Python.framework/Versions/3.14/lib/python3.14/site-packages/flask/app.py", line 902, in dispatch_request
    return self.ensure_sync(self.view_functions[rule.endpoint])(**view_args)  # type: ignore[no-any-return]
           ~~~~~~~~~~~~~~~~~~~~~~~~~~~~~~~~~~~~~~~~~~~~~~~~~~~~^^^^^^^^^^^^^
  File "/Users/alita/.openclaw/workspace/codes/TradeMaster_v2/api/news_bp.py", line 96, in create_news
    cursor.execute(
    ~~~~~~~~~~~~~~^
        '''
        ^^^
    ...<12 lines>...
        )
        ^
    )
    ^
  File "/Library/Frameworks/Python.framework/Versions/3.14/lib/python3.14/site-packages/mysql/connector/cursor_cext.py", line 353, in execute
    self._connection.cmd_query(
    ~~~~~~~~~~~~~~~~~~~~~~~~~~^
        self._stmt_partition["mappable_stmt"],
        ^^^^^^^^^^^^^^^^^^^^^^^^^^^^^^^^^^^^^^
    ...<2 lines>...
        raw_as_string=self._raw_as_string,
        ^^^^^^^^^^^^^^^^^^^^^^^^^^^^^^^^^^
    )
    ^
  File "/Library/Frameworks/Python.framework/Versions/3.14/lib/python3.14/site-packages/mysql/connector/opentelemetry/context_propagation.py", line 97, in wrapper
    return method(cnx, *args, **kwargs)
  File "/Library/Frameworks/Python.framework/Versions/3.14/lib/python3.14/site-packages/mysql/connector/connection_cext.py", line 781, in cmd_query
    raise get_mysql_exception(
        err.errno, msg=err.msg, sqlstate=err.sqlstate
    ) from err
mysql.connector.errors.DataError: 1406 (22001): Data too long for column 'url' at row 1
127.0.0.1 - - [12/Mar/2026 23:22:21] "[35m[1mPOST /api/v1/news HTTP/1.1[0m" 500 -
127.0.0.1 - - [12/Mar/2026 23:22:26] "POST /api/v1/news/analyze HTTP/1.1" 200 -
[2026-03-12 23:22:26,134] ERROR in app: Exception on /api/v1/news [POST]
Traceback (most recent call last):
  File "/Library/Frameworks/Python.framework/Versions/3.14/lib/python3.14/site-packages/mysql/connector/connection_cext.py", line 772, in cmd_query
    self._cmysql.query(
    ~~~~~~~~~~~~~~~~~~^
        query,
        ^^^^^^
    ...<3 lines>...
        query_attrs=self.query_attrs,
        ^^^^^^^^^^^^^^^^^^^^^^^^^^^^^
    )
    ^
_mysql_connector.MySQLInterfaceError: Data too long for column 'url' at row 1

The above exception was the direct cause of the following exception:

Traceback (most recent call last):
  File "/Library/Frameworks/Python.framework/Versions/3.14/lib/python3.14/site-packages/flask/app.py", line 1511, in wsgi_app
    response = self.full_dispatch_request()
  File "/Library/Frameworks/Python.framework/Versions/3.14/lib/python3.14/site-packages/flask/app.py", line 919, in full_dispatch_request
    rv = self.handle_user_exception(e)
  File "/Library/Frameworks/Python.framework/Versions/3.14/lib/python3.14/site-packages/flask_cors/extension.py", line 176, in wrapped_function
    return cors_after_request(app.make_response(f(*args, **kwargs)))
                                                ~^^^^^^^^^^^^^^^^^
  File "/Library/Frameworks/Python.framework/Versions/3.14/lib/python3.14/site-packages/flask/app.py", line 917, in full_dispatch_request
    rv = self.dispatch_request()
  File "/Library/Frameworks/Python.framework/Versions/3.14/lib/python3.14/site-packages/flask/app.py", line 902, in dispatch_request
    return self.ensure_sync(self.view_functions[rule.endpoint])(**view_args)  # type: ignore[no-any-return]
           ~~~~~~~~~~~~~~~~~~~~~~~~~~~~~~~~~~~~~~~~~~~~~~~~~~~~^^^^^^^^^^^^^
  File "/Users/alita/.openclaw/workspace/codes/TradeMaster_v2/api/news_bp.py", line 96, in create_news
    cursor.execute(
    ^^^^^^^^^^^^^^^
    ...<14 lines>...
            data.get('url', ''),
    
  File "/Library/Frameworks/Python.framework/Versions/3.14/lib/python3.14/site-packages/mysql/connector/cursor_cext.py", line 353, in execute
    self._connection.cmd_query(
    ~~~~~~~~~~~~~~~~~~~~~~~~~~^
        self._stmt_partition["mappable_stmt"],
        ^^^^^^^^^^^^^^^^^^^^^^^^^^^^^^^^^^^^^^
    ...<2 lines>...
        raw_as_string=self._raw_as_string,
        ^^^^^^^^^^^^^^^^^^^^^^^^^^^^^^^^^^
    )
    ^
  File "/Library/Frameworks/Python.framework/Versions/3.14/lib/python3.14/site-packages/mysql/connector/opentelemetry/context_propagation.py", line 97, in wrapper
    return method(cnx, *args, **kwargs)
  File "/Library/Frameworks/Python.framework/Versions/3.14/lib/python3.14/site-packages/mysql/connector/connection_cext.py", line 781, in cmd_query
    raise get_mysql_exception(
        err.errno, msg=err.msg, sqlstate=err.sqlstate
    ) from err
mysql.connector.errors.DataError: 1406 (22001): Data too long for column 'url' at row 1
127.0.0.1 - - [12/Mar/2026 23:22:26] "[35m[1mPOST /api/v1/news HTTP/1.1[0m" 500 -
127.0.0.1 - - [12/Mar/2026 23:22:44] "POST /api/v1/news/analyze HTTP/1.1" 200 -
127.0.0.1 - - [12/Mar/2026 23:22:44] "[35m[1mPOST /api/v1/news HTTP/1.1[0m" 201 -
127.0.0.1 - - [12/Mar/2026 23:22:44] "POST /api/v1/news/analyze HTTP/1.1" 200 -
127.0.0.1 - - [12/Mar/2026 23:22:44] "[35m[1mPOST /api/v1/news HTTP/1.1[0m" 201 -
127.0.0.1 - - [12/Mar/2026 23:23:42] "GET /api/v1/positions HTTP/1.1" 200 -
127.0.0.1 - - [12/Mar/2026 23:23:42] "GET /api/v1/market HTTP/1.1" 200 -
127.0.0.1 - - [12/Mar/2026 23:23:43] "GET /api/v1/news/weight/QCOM?hours=24 HTTP/1.1" 200 -
[2026-03-12 23:24:01,624] ERROR in app: Exception on /api/v1/news [POST]
Traceback (most recent call last):
  File "/Library/Frameworks/Python.framework/Versions/3.14/lib/python3.14/site-packages/mysql/connector/connection_cext.py", line 772, in cmd_query
    self._cmysql.query(
    ~~~~~~~~~~~~~~~~~~^
        query,
        ^^^^^^
    ...<3 lines>...
        query_attrs=self.query_attrs,
        ^^^^^^^^^^^^^^^^^^^^^^^^^^^^^
    )
    ^
_mysql_connector.MySQLInterfaceError: Duplicate entry 'https://finance.yahoo.com/news/thinking-selling-xrp-consider-...' for key 'idx_news_url_unique'

The above exception was the direct cause of the following exception:

Traceback (most recent call last):
  File "/Library/Frameworks/Python.framework/Versions/3.14/lib/python3.14/site-packages/flask/app.py", line 1511, in wsgi_app
    response = self.full_dispatch_request()
  File "/Library/Frameworks/Python.framework/Versions/3.14/lib/python3.14/site-packages/flask/app.py", line 919, in full_dispatch_request
    rv = self.handle_user_exception(e)
  File "/Library/Frameworks/Python.framework/Versions/3.14/lib/python3.14/site-packages/flask_cors/extension.py", line 176, in wrapped_function
    return cors_after_request(app.make_response(f(*args, **kwargs)))
                                                ~^^^^^^^^^^^^^^^^^
  File "/Library/Frameworks/Python.framework/Versions/3.14/lib/python3.14/site-packages/flask/app.py", line 917, in full_dispatch_request
    rv = self.dispatch_request()
  File "/Library/Frameworks/Python.framework/Versions/3.14/lib/python3.14/site-packages/flask/app.py", line 902, in dispatch_request
    return self.ensure_sync(self.view_functions[rule.endpoint])(**view_args)  # type: ignore[no-any-return]
           ~~~~~~~~~~~~~~~~~~~~~~~~~~~~~~~~~~~~~~~~~~~~~~~~~~~~^^^^^^^^^^^^^
  File "/Users/alita/.openclaw/workspace/codes/TradeMaster_v2/api/news_bp.py", line 96, in create_news
    cursor.execute(
    ^^^^^^^^^^^^^^^
    ...<14 lines>...
            data.get('url', ''),
    
  File "/Library/Frameworks/Python.framework/Versions/3.14/lib/python3.14/site-packages/mysql/connector/cursor_cext.py", line 353, in execute
    self._connection.cmd_query(
    ~~~~~~~~~~~~~~~~~~~~~~~~~~^
        self._stmt_partition["mappable_stmt"],
        ^^^^^^^^^^^^^^^^^^^^^^^^^^^^^^^^^^^^^^
    ...<2 lines>...
        raw_as_string=self._raw_as_string,
        ^^^^^^^^^^^^^^^^^^^^^^^^^^^^^^^^^^
    )
    ^
  File "/Library/Frameworks/Python.framework/Versions/3.14/lib/python3.14/site-packages/mysql/connector/opentelemetry/context_propagation.py", line 97, in wrapper
    return method(cnx, *args, **kwargs)
  File "/Library/Frameworks/Python.framework/Versions/3.14/lib/python3.14/site-packages/mysql/connector/connection_cext.py", line 781, in cmd_query
    raise get_mysql_exception(
        err.errno, msg=err.msg, sqlstate=err.sqlstate
    ) from err
mysql.connector.errors.IntegrityError: 1062 (23000): Duplicate entry 'https://finance.yahoo.com/news/thinking-selling-xrp-consider-...' for key 'idx_news_url_unique'
127.0.0.1 - - [12/Mar/2026 23:24:01] "[35m[1mPOST /api/v1/news HTTP/1.1[0m" 500 -
127.0.0.1 - - [12/Mar/2026 23:24:33] "GET /health HTTP/1.1" 200 -
2026-03-13 07:20:20.815 | INFO     | modules.prediction.engine:__init__:35 - 預測引擎初始化完成
2026-03-13 07:20:20.815 | INFO     | modules.prediction.engine:__init__:35 - 預測引擎初始化完成
✅ 富途 SDK 已載入 (futu)
 * Serving Flask app 'api_server'
 * Debug mode: off
[31m[1mWARNING: This is a development server. Do not use it in a production deployment. Use a production WSGI server instead.[0m
 * Running on all addresses (0.0.0.0)
 * Running on http://127.0.0.1:8080
 * Running on http://192.168.2.140:8080
[33mPress CTRL+C to quit[0m
127.0.0.1 - - [13/Mar/2026 07:20:25] "GET /health HTTP/1.1" 200 -
127.0.0.1 - - [13/Mar/2026 07:46:13] "GET /health HTTP/1.1" 200 -
127.0.0.1 - - [13/Mar/2026 07:46:17] "[33mGET /api/futu/status HTTP/1.1[0m" 404 -
127.0.0.1 - - [13/Mar/2026 07:46:19] "[33mGET /api/status HTTP/1.1[0m" 404 -
127.0.0.1 - - [13/Mar/2026 07:46:31] "GET /api/v1/paper/status HTTP/1.1" 200 -
127.0.0.1 - - [13/Mar/2026 07:49:50] "GET /health HTTP/1.1" 200 -
127.0.0.1 - - [13/Mar/2026 08:16:08] "POST /api/v1/news/analyze HTTP/1.1" 200 -
127.0.0.1 - - [13/Mar/2026 08:16:08] "[35m[1mPOST /api/v1/news HTTP/1.1[0m" 201 -
127.0.0.1 - - [13/Mar/2026 08:16:08] "POST /api/v1/news/analyze HTTP/1.1" 200 -
127.0.0.1 - - [13/Mar/2026 08:16:08] "[35m[1mPOST /api/v1/news HTTP/1.1[0m" 201 -
127.0.0.1 - - [13/Mar/2026 08:16:08] "POST /api/v1/news/analyze HTTP/1.1" 200 -
127.0.0.1 - - [13/Mar/2026 08:16:08] "[35m[1mPOST /api/v1/news HTTP/1.1[0m" 201 -
127.0.0.1 - - [13/Mar/2026 08:16:08] "POST /api/v1/news/analyze HTTP/1.1" 200 -
127.0.0.1 - - [13/Mar/2026 08:16:08] "[35m[1mPOST /api/v1/news HTTP/1.1[0m" 201 -
127.0.0.1 - - [13/Mar/2026 08:16:10] "POST /api/v1/news/analyze HTTP/1.1" 200 -
127.0.0.1 - - [13/Mar/2026 08:16:10] "[35m[1mPOST /api/v1/news HTTP/1.1[0m" 201 -
127.0.0.1 - - [13/Mar/2026 08:16:10] "POST /api/v1/news/analyze HTTP/1.1" 200 -
127.0.0.1 - - [13/Mar/2026 08:16:10] "[35m[1mPOST /api/v1/news HTTP/1.1[0m" 201 -
127.0.0.1 - - [13/Mar/2026 08:16:13] "POST /api/v1/news/analyze HTTP/1.1" 200 -
127.0.0.1 - - [13/Mar/2026 08:16:13] "[35m[1mPOST /api/v1/news HTTP/1.1[0m" 201 -
127.0.0.1 - - [13/Mar/2026 08:16:13] "POST /api/v1/news/analyze HTTP/1.1" 200 -
127.0.0.1 - - [13/Mar/2026 08:16:13] "[35m[1mPOST /api/v1/news HTTP/1.1[0m" 201 -
127.0.0.1 - - [13/Mar/2026 08:16:16] "POST /api/v1/news/analyze HTTP/1.1" 200 -
127.0.0.1 - - [13/Mar/2026 08:16:16] "[35m[1mPOST /api/v1/news HTTP/1.1[0m" 201 -
127.0.0.1 - - [13/Mar/2026 08:16:16] "POST /api/v1/news/analyze HTTP/1.1" 200 -
127.0.0.1 - - [13/Mar/2026 08:16:16] "[35m[1mPOST /api/v1/news HTTP/1.1[0m" 201 -
127.0.0.1 - - [13/Mar/2026 08:16:16] "POST /api/v1/news/analyze HTTP/1.1" 200 -
127.0.0.1 - - [13/Mar/2026 08:16:16] "[35m[1mPOST /api/v1/news HTTP/1.1[0m" 201 -
127.0.0.1 - - [13/Mar/2026 08:16:16] "POST /api/v1/news/analyze HTTP/1.1" 200 -
127.0.0.1 - - [13/Mar/2026 08:16:16] "[35m[1mPOST /api/v1/news HTTP/1.1[0m" 201 -
127.0.0.1 - - [13/Mar/2026 08:16:16] "POST /api/v1/news/analyze HTTP/1.1" 200 -
127.0.0.1 - - [13/Mar/2026 08:16:16] "[35m[1mPOST /api/v1/news HTTP/1.1[0m" 201 -
127.0.0.1 - - [13/Mar/2026 08:16:20] "POST /api/v1/news/analyze HTTP/1.1" 200 -
127.0.0.1 - - [13/Mar/2026 08:16:20] "[35m[1mPOST /api/v1/news HTTP/1.1[0m" 201 -
127.0.0.1 - - [13/Mar/2026 08:16:20] "POST /api/v1/news/analyze HTTP/1.1" 200 -
127.0.0.1 - - [13/Mar/2026 08:16:20] "[35m[1mPOST /api/v1/news HTTP/1.1[0m" 201 -
127.0.0.1 - - [13/Mar/2026 08:16:20] "POST /api/v1/news/analyze HTTP/1.1" 200 -
127.0.0.1 - - [13/Mar/2026 08:16:20] "[35m[1mPOST /api/v1/news HTTP/1.1[0m" 201 -
127.0.0.1 - - [13/Mar/2026 08:16:22] "POST /api/v1/news/analyze HTTP/1.1" 200 -
127.0.0.1 - - [13/Mar/2026 08:16:23] "[35m[1mPOST /api/v1/news HTTP/1.1[0m" 201 -
127.0.0.1 - - [13/Mar/2026 08:16:26] "POST /api/v1/news/analyze HTTP/1.1" 200 -
127.0.0.1 - - [13/Mar/2026 08:16:26] "[35m[1mPOST /api/v1/news HTTP/1.1[0m" 201 -
127.0.0.1 - - [13/Mar/2026 08:16:28] "POST /api/v1/news/analyze HTTP/1.1" 200 -
127.0.0.1 - - [13/Mar/2026 08:16:28] "[35m[1mPOST /api/v1/news HTTP/1.1[0m" 201 -
127.0.0.1 - - [13/Mar/2026 08:16:30] "POST /api/v1/news/analyze HTTP/1.1" 200 -
127.0.0.1 - - [13/Mar/2026 08:16:30] "[35m[1mPOST /api/v1/news HTTP/1.1[0m" 201 -
127.0.0.1 - - [13/Mar/2026 08:16:32] "POST /api/v1/news/analyze HTTP/1.1" 200 -
127.0.0.1 - - [13/Mar/2026 08:16:32] "[35m[1mPOST /api/v1/news HTTP/1.1[0m" 201 -
127.0.0.1 - - [13/Mar/2026 08:16:32] "POST /api/v1/news/analyze HTTP/1.1" 200 -
127.0.0.1 - - [13/Mar/2026 08:16:32] "[35m[1mPOST /api/v1/news HTTP/1.1[0m" 201 -
127.0.0.1 - - [13/Mar/2026 08:16:36] "POST /api/v1/news/analyze HTTP/1.1" 200 -
127.0.0.1 - - [13/Mar/2026 08:16:36] "[35m[1mPOST /api/v1/news HTTP/1.1[0m" 201 -
127.0.0.1 - - [13/Mar/2026 08:16:36] "POST /api/v1/news/analyze HTTP/1.1" 200 -
127.0.0.1 - - [13/Mar/2026 08:16:36] "[35m[1mPOST /api/v1/news HTTP/1.1[0m" 201 -
127.0.0.1 - - [13/Mar/2026 08:16:39] "POST /api/v1/news/analyze HTTP/1.1" 200 -
127.0.0.1 - - [13/Mar/2026 08:16:39] "[35m[1mPOST /api/v1/news HTTP/1.1[0m" 201 -
127.0.0.1 - - [13/Mar/2026 08:16:39] "POST /api/v1/news/analyze HTTP/1.1" 200 -
127.0.0.1 - - [13/Mar/2026 08:16:39] "[35m[1mPOST /api/v1/news HTTP/1.1[0m" 201 -
127.0.0.1 - - [13/Mar/2026 08:16:42] "POST /api/v1/news/analyze HTTP/1.1" 200 -
127.0.0.1 - - [13/Mar/2026 08:16:42] "[35m[1mPOST /api/v1/news HTTP/1.1[0m" 201 -
127.0.0.1 - - [13/Mar/2026 08:16:44] "POST /api/v1/news/analyze HTTP/1.1" 200 -
127.0.0.1 - - [13/Mar/2026 08:16:44] "[35m[1mPOST /api/v1/news HTTP/1.1[0m" 201 -
127.0.0.1 - - [13/Mar/2026 08:16:44] "POST /api/v1/news/analyze HTTP/1.1" 200 -
127.0.0.1 - - [13/Mar/2026 08:16:44] "[35m[1mPOST /api/v1/news HTTP/1.1[0m" 201 -
127.0.0.1 - - [13/Mar/2026 08:16:45] "POST /api/v1/news/analyze HTTP/1.1" 200 -
127.0.0.1 - - [13/Mar/2026 08:16:45] "[35m[1mPOST /api/v1/news HTTP/1.1[0m" 201 -
127.0.0.1 - - [13/Mar/2026 08:16:47] "POST /api/v1/news/analyze HTTP/1.1" 200 -
127.0.0.1 - - [13/Mar/2026 08:16:48] "[35m[1mPOST /api/v1/news HTTP/1.1[0m" 201 -
127.0.0.1 - - [13/Mar/2026 08:16:48] "POST /api/v1/news/analyze HTTP/1.1" 200 -
127.0.0.1 - - [13/Mar/2026 08:16:48] "[35m[1mPOST /api/v1/news HTTP/1.1[0m" 201 -
127.0.0.1 - - [13/Mar/2026 08:16:48] "GET /health HTTP/1.1" 200 -
127.0.0.1 - - [13/Mar/2026 08:16:49] "POST /api/v1/news/analyze HTTP/1.1" 200 -
127.0.0.1 - - [13/Mar/2026 08:16:49] "[35m[1mPOST /api/v1/news HTTP/1.1[0m" 201 -
127.0.0.1 - - [13/Mar/2026 08:16:51] "POST /api/v1/news/analyze HTTP/1.1" 200 -
127.0.0.1 - - [13/Mar/2026 08:16:51] "[35m[1mPOST /api/v1/news HTTP/1.1[0m" 201 -
127.0.0.1 - - [13/Mar/2026 08:16:51] "POST /api/v1/news/analyze HTTP/1.1" 200 -
127.0.0.1 - - [13/Mar/2026 08:16:51] "[35m[1mPOST /api/v1/news HTTP/1.1[0m" 201 -
127.0.0.1 - - [13/Mar/2026 08:16:54] "POST /api/v1/news/analyze HTTP/1.1" 200 -
127.0.0.1 - - [13/Mar/2026 08:16:54] "[35m[1mPOST /api/v1/news HTTP/1.1[0m" 201 -
127.0.0.1 - - [13/Mar/2026 08:16:54] "POST /api/v1/news/analyze HTTP/1.1" 200 -
127.0.0.1 - - [13/Mar/2026 08:16:54] "[35m[1mPOST /api/v1/news HTTP/1.1[0m" 201 -
127.0.0.1 - - [13/Mar/2026 08:16:56] "POST /api/v1/news/analyze HTTP/1.1" 200 -
127.0.0.1 - - [13/Mar/2026 08:16:56] "[35m[1mPOST /api/v1/news HTTP/1.1[0m" 201 -
127.0.0.1 - - [13/Mar/2026 08:16:56] "POST /api/v1/news/analyze HTTP/1.1" 200 -
127.0.0.1 - - [13/Mar/2026 08:16:56] "[35m[1mPOST /api/v1/news HTTP/1.1[0m" 201 -
127.0.0.1 - - [13/Mar/2026 08:16:56] "POST /api/v1/news/analyze HTTP/1.1" 200 -
127.0.0.1 - - [13/Mar/2026 08:16:56] "[35m[1mPOST /api/v1/news HTTP/1.1[0m" 201 -
127.0.0.1 - - [13/Mar/2026 08:16:58] "POST /api/v1/news/analyze HTTP/1.1" 200 -
127.0.0.1 - - [13/Mar/2026 08:16:58] "[35m[1mPOST /api/v1/news HTTP/1.1[0m" 201 -
127.0.0.1 - - [13/Mar/2026 08:19:48] "GET /health HTTP/1.1" 200 -
127.0.0.1 - - [13/Mar/2026 08:42:52] "POST /api/v1/news/analyze HTTP/1.1" 200 -
127.0.0.1 - - [13/Mar/2026 08:42:52] "[35m[1mPOST /api/v1/news HTTP/1.1[0m" 201 -
127.0.0.1 - - [13/Mar/2026 08:42:52] "POST /api/v1/news/analyze HTTP/1.1" 200 -
127.0.0.1 - - [13/Mar/2026 08:42:52] "[35m[1mPOST /api/v1/news HTTP/1.1[0m" 201 -
127.0.0.1 - - [13/Mar/2026 08:49:49] "GET /health HTTP/1.1" 200 -
127.0.0.1 - - [13/Mar/2026 09:16:26] "POST /api/v1/news/analyze HTTP/1.1" 200 -
127.0.0.1 - - [13/Mar/2026 09:16:26] "[35m[1mPOST /api/v1/news HTTP/1.1[0m" 201 -
127.0.0.1 - - [13/Mar/2026 09:16:26] "POST /api/v1/news/analyze HTTP/1.1" 200 -
127.0.0.1 - - [13/Mar/2026 09:16:26] "[35m[1mPOST /api/v1/news HTTP/1.1[0m" 201 -
127.0.0.1 - - [13/Mar/2026 09:16:26] "POST /api/v1/news/analyze HTTP/1.1" 200 -
127.0.0.1 - - [13/Mar/2026 09:16:26] "[35m[1mPOST /api/v1/news HTTP/1.1[0m" 201 -
127.0.0.1 - - [13/Mar/2026 09:16:26] "POST /api/v1/news/analyze HTTP/1.1" 200 -
127.0.0.1 - - [13/Mar/2026 09:16:26] "[35m[1mPOST /api/v1/news HTTP/1.1[0m" 201 -
127.0.0.1 - - [13/Mar/2026 09:16:29] "POST /api/v1/news/analyze HTTP/1.1" 200 -
127.0.0.1 - - [13/Mar/2026 09:16:29] "[35m[1mPOST /api/v1/news HTTP/1.1[0m" 201 -
127.0.0.1 - - [13/Mar/2026 09:16:29] "POST /api/v1/news/analyze HTTP/1.1" 200 -
127.0.0.1 - - [13/Mar/2026 09:16:29] "[35m[1mPOST /api/v1/news HTTP/1.1[0m" 201 -
127.0.0.1 - - [13/Mar/2026 09:16:29] "POST /api/v1/news/analyze HTTP/1.1" 200 -
127.0.0.1 - - [13/Mar/2026 09:16:29] "[35m[1mPOST /api/v1/news HTTP/1.1[0m" 201 -
127.0.0.1 - - [13/Mar/2026 09:16:29] "POST /api/v1/news/analyze HTTP/1.1" 200 -
127.0.0.1 - - [13/Mar/2026 09:16:29] "[35m[1mPOST /api/v1/news HTTP/1.1[0m" 201 -
127.0.0.1 - - [13/Mar/2026 09:16:33] "POST /api/v1/news/analyze HTTP/1.1" 200 -
127.0.0.1 - - [13/Mar/2026 09:16:33] "[35m[1mPOST /api/v1/news HTTP/1.1[0m" 201 -
127.0.0.1 - - [13/Mar/2026 09:16:33] "POST /api/v1/news/analyze HTTP/1.1" 200 -
127.0.0.1 - - [13/Mar/2026 09:16:33] "[35m[1mPOST /api/v1/news HTTP/1.1[0m" 201 -
127.0.0.1 - - [13/Mar/2026 09:16:35] "POST /api/v1/news/analyze HTTP/1.1" 200 -
127.0.0.1 - - [13/Mar/2026 09:16:35] "[35m[1mPOST /api/v1/news HTTP/1.1[0m" 201 -
127.0.0.1 - - [13/Mar/2026 09:16:35] "POST /api/v1/news/analyze HTTP/1.1" 200 -
127.0.0.1 - - [13/Mar/2026 09:16:35] "[35m[1mPOST /api/v1/news HTTP/1.1[0m" 201 -
127.0.0.1 - - [13/Mar/2026 09:16:37] "POST /api/v1/news/analyze HTTP/1.1" 200 -
127.0.0.1 - - [13/Mar/2026 09:16:37] "[35m[1mPOST /api/v1/news HTTP/1.1[0m" 201 -
127.0.0.1 - - [13/Mar/2026 09:16:42] "POST /api/v1/news/analyze HTTP/1.1" 200 -
127.0.0.1 - - [13/Mar/2026 09:16:42] "[35m[1mPOST /api/v1/news HTTP/1.1[0m" 201 -
127.0.0.1 - - [13/Mar/2026 09:16:42] "POST /api/v1/news/analyze HTTP/1.1" 200 -
127.0.0.1 - - [13/Mar/2026 09:16:42] "[35m[1mPOST /api/v1/news HTTP/1.1[0m" 201 -
127.0.0.1 - - [13/Mar/2026 09:16:44] "POST /api/v1/news/analyze HTTP/1.1" 200 -
127.0.0.1 - - [13/Mar/2026 09:16:44] "[35m[1mPOST /api/v1/news HTTP/1.1[0m" 201 -
127.0.0.1 - - [13/Mar/2026 09:16:44] "POST /api/v1/news/analyze HTTP/1.1" 200 -
127.0.0.1 - - [13/Mar/2026 09:16:44] "[35m[1mPOST /api/v1/news HTTP/1.1[0m" 201 -
127.0.0.1 - - [13/Mar/2026 09:16:44] "POST /api/v1/news/analyze HTTP/1.1" 200 -
127.0.0.1 - - [13/Mar/2026 09:16:44] "[35m[1mPOST /api/v1/news HTTP/1.1[0m" 201 -
127.0.0.1 - - [13/Mar/2026 09:16:48] "POST /api/v1/news/analyze HTTP/1.1" 200 -
127.0.0.1 - - [13/Mar/2026 09:16:48] "[35m[1mPOST /api/v1/news HTTP/1.1[0m" 201 -
127.0.0.1 - - [13/Mar/2026 09:16:48] "POST /api/v1/news/analyze HTTP/1.1" 200 -
127.0.0.1 - - [13/Mar/2026 09:16:48] "[35m[1mPOST /api/v1/news HTTP/1.1[0m" 201 -
127.0.0.1 - - [13/Mar/2026 09:16:50] "POST /api/v1/news/analyze HTTP/1.1" 200 -
127.0.0.1 - - [13/Mar/2026 09:16:50] "[35m[1mPOST /api/v1/news HTTP/1.1[0m" 201 -
127.0.0.1 - - [13/Mar/2026 09:16:50] "POST /api/v1/news/analyze HTTP/1.1" 200 -
127.0.0.1 - - [13/Mar/2026 09:16:50] "[35m[1mPOST /api/v1/news HTTP/1.1[0m" 201 -
127.0.0.1 - - [13/Mar/2026 09:16:50] "POST /api/v1/news/analyze HTTP/1.1" 200 -
127.0.0.1 - - [13/Mar/2026 09:16:50] "[35m[1mPOST /api/v1/news HTTP/1.1[0m" 201 -
127.0.0.1 - - [13/Mar/2026 09:16:52] "POST /api/v1/news/analyze HTTP/1.1" 200 -
127.0.0.1 - - [13/Mar/2026 09:16:52] "[35m[1mPOST /api/v1/news HTTP/1.1[0m" 201 -
127.0.0.1 - - [13/Mar/2026 09:16:54] "POST /api/v1/news/analyze HTTP/1.1" 200 -
127.0.0.1 - - [13/Mar/2026 09:16:54] "[35m[1mPOST /api/v1/news HTTP/1.1[0m" 201 -
127.0.0.1 - - [13/Mar/2026 09:16:54] "POST /api/v1/news/analyze HTTP/1.1" 200 -
127.0.0.1 - - [13/Mar/2026 09:16:54] "[35m[1mPOST /api/v1/news HTTP/1.1[0m" 201 -
127.0.0.1 - - [13/Mar/2026 09:16:56] "POST /api/v1/news/analyze HTTP/1.1" 200 -
127.0.0.1 - - [13/Mar/2026 09:16:56] "[35m[1mPOST /api/v1/news HTTP/1.1[0m" 201 -
127.0.0.1 - - [13/Mar/2026 09:16:58] "POST /api/v1/news/analyze HTTP/1.1" 200 -
127.0.0.1 - - [13/Mar/2026 09:16:58] "[35m[1mPOST /api/v1/news HTTP/1.1[0m" 201 -
127.0.0.1 - - [13/Mar/2026 09:17:00] "POST /api/v1/news/analyze HTTP/1.1" 200 -
127.0.0.1 - - [13/Mar/2026 09:17:00] "[35m[1mPOST /api/v1/news HTTP/1.1[0m" 201 -
127.0.0.1 - - [13/Mar/2026 09:17:00] "POST /api/v1/news/analyze HTTP/1.1" 200 -
127.0.0.1 - - [13/Mar/2026 09:17:00] "[35m[1mPOST /api/v1/news HTTP/1.1[0m" 201 -
127.0.0.1 - - [13/Mar/2026 09:17:00] "POST /api/v1/news/analyze HTTP/1.1" 200 -
127.0.0.1 - - [13/Mar/2026 09:17:00] "[35m[1mPOST /api/v1/news HTTP/1.1[0m" 201 -
127.0.0.1 - - [13/Mar/2026 09:17:04] "POST /api/v1/news/analyze HTTP/1.1" 200 -
127.0.0.1 - - [13/Mar/2026 09:17:04] "[35m[1mPOST /api/v1/news HTTP/1.1[0m" 201 -
127.0.0.1 - - [13/Mar/2026 09:17:04] "POST /api/v1/news/analyze HTTP/1.1" 200 -
127.0.0.1 - - [13/Mar/2026 09:17:04] "[35m[1mPOST /api/v1/news HTTP/1.1[0m" 201 -
127.0.0.1 - - [13/Mar/2026 09:17:06] "POST /api/v1/news/analyze HTTP/1.1" 200 -
127.0.0.1 - - [13/Mar/2026 09:17:06] "[35m[1mPOST /api/v1/news HTTP/1.1[0m" 201 -
127.0.0.1 - - [13/Mar/2026 09:17:06] "POST /api/v1/news/analyze HTTP/1.1" 200 -
127.0.0.1 - - [13/Mar/2026 09:17:06] "[35m[1mPOST /api/v1/news HTTP/1.1[0m" 201 -
127.0.0.1 - - [13/Mar/2026 09:17:08] "POST /api/v1/news/analyze HTTP/1.1" 200 -
127.0.0.1 - - [13/Mar/2026 09:17:08] "[35m[1mPOST /api/v1/news HTTP/1.1[0m" 201 -
127.0.0.1 - - [13/Mar/2026 09:17:10] "POST /api/v1/news/analyze HTTP/1.1" 200 -
127.0.0.1 - - [13/Mar/2026 09:17:10] "[35m[1mPOST /api/v1/news HTTP/1.1[0m" 201 -
127.0.0.1 - - [13/Mar/2026 09:17:10] "POST /api/v1/news/analyze HTTP/1.1" 200 -
127.0.0.1 - - [13/Mar/2026 09:17:10] "[35m[1mPOST /api/v1/news HTTP/1.1[0m" 201 -
127.0.0.1 - - [13/Mar/2026 09:19:50] "GET /health HTTP/1.1" 200 -
127.0.0.1 - - [13/Mar/2026 09:49:51] "GET /health HTTP/1.1" 200 -
127.0.0.1 - - [13/Mar/2026 10:29:30] "POST /api/v1/news/analyze HTTP/1.1" 200 -
127.0.0.1 - - [13/Mar/2026 10:29:30] "[35m[1mPOST /api/v1/news HTTP/1.1[0m" 201 -
127.0.0.1 - - [13/Mar/2026 10:29:30] "POST /api/v1/news/analyze HTTP/1.1" 200 -
127.0.0.1 - - [13/Mar/2026 10:29:30] "[35m[1mPOST /api/v1/news HTTP/1.1[0m" 201 -
127.0.0.1 - - [13/Mar/2026 10:29:30] "POST /api/v1/news/analyze HTTP/1.1" 200 -
127.0.0.1 - - [13/Mar/2026 10:29:30] "[35m[1mPOST /api/v1/news HTTP/1.1[0m" 201 -
127.0.0.1 - - [13/Mar/2026 10:29:30] "POST /api/v1/news/analyze HTTP/1.1" 200 -
127.0.0.1 - - [13/Mar/2026 10:29:30] "[35m[1mPOST /api/v1/news HTTP/1.1[0m" 201 -
127.0.0.1 - - [13/Mar/2026 10:29:30] "POST /api/v1/news/analyze HTTP/1.1" 200 -
127.0.0.1 - - [13/Mar/2026 10:29:30] "[35m[1mPOST /api/v1/news HTTP/1.1[0m" 201 -
127.0.0.1 - - [13/Mar/2026 10:29:32] "POST /api/v1/news/analyze HTTP/1.1" 200 -
127.0.0.1 - - [13/Mar/2026 10:29:32] "[35m[1mPOST /api/v1/news HTTP/1.1[0m" 201 -
127.0.0.1 - - [13/Mar/2026 10:29:32] "POST /api/v1/news/analyze HTTP/1.1" 200 -
127.0.0.1 - - [13/Mar/2026 10:29:32] "[35m[1mPOST /api/v1/news HTTP/1.1[0m" 201 -
127.0.0.1 - - [13/Mar/2026 10:29:32] "POST /api/v1/news/analyze HTTP/1.1" 200 -
127.0.0.1 - - [13/Mar/2026 10:29:32] "[35m[1mPOST /api/v1/news HTTP/1.1[0m" 201 -
127.0.0.1 - - [13/Mar/2026 10:29:32] "POST /api/v1/news/analyze HTTP/1.1" 200 -
127.0.0.1 - - [13/Mar/2026 10:29:32] "[35m[1mPOST /api/v1/news HTTP/1.1[0m" 201 -
127.0.0.1 - - [13/Mar/2026 10:29:32] "POST /api/v1/news/analyze HTTP/1.1" 200 -
127.0.0.1 - - [13/Mar/2026 10:29:32] "[35m[1mPOST /api/v1/news HTTP/1.1[0m" 201 -
127.0.0.1 - - [13/Mar/2026 10:29:35] "POST /api/v1/news/analyze HTTP/1.1" 200 -
127.0.0.1 - - [13/Mar/2026 10:29:35] "[35m[1mPOST /api/v1/news HTTP/1.1[0m" 201 -
127.0.0.1 - - [13/Mar/2026 10:29:37] "POST /api/v1/news/analyze HTTP/1.1" 200 -
127.0.0.1 - - [13/Mar/2026 10:29:37] "[35m[1mPOST /api/v1/news HTTP/1.1[0m" 201 -
127.0.0.1 - - [13/Mar/2026 10:29:37] "POST /api/v1/news/analyze HTTP/1.1" 200 -
127.0.0.1 - - [13/Mar/2026 10:29:37] "[35m[1mPOST /api/v1/news HTTP/1.1[0m" 201 -
127.0.0.1 - - [13/Mar/2026 10:29:39] "POST /api/v1/news/analyze HTTP/1.1" 200 -
127.0.0.1 - - [13/Mar/2026 10:29:39] "[35m[1mPOST /api/v1/news HTTP/1.1[0m" 201 -
127.0.0.1 - - [13/Mar/2026 10:29:39] "POST /api/v1/news/analyze HTTP/1.1" 200 -
127.0.0.1 - - [13/Mar/2026 10:29:39] "[35m[1mPOST /api/v1/news HTTP/1.1[0m" 201 -
127.0.0.1 - - [13/Mar/2026 10:29:39] "POST /api/v1/news/analyze HTTP/1.1" 200 -
127.0.0.1 - - [13/Mar/2026 10:29:39] "[35m[1mPOST /api/v1/news HTTP/1.1[0m" 201 -
127.0.0.1 - - [13/Mar/2026 10:29:40] "POST /api/v1/news/analyze HTTP/1.1" 200 -
127.0.0.1 - - [13/Mar/2026 10:29:40] "[35m[1mPOST /api/v1/news HTTP/1.1[0m" 201 -
127.0.0.1 - - [13/Mar/2026 10:29:42] "POST /api/v1/news/analyze HTTP/1.1" 200 -
127.0.0.1 - - [13/Mar/2026 10:29:42] "[35m[1mPOST /api/v1/news HTTP/1.1[0m" 201 -
127.0.0.1 - - [13/Mar/2026 10:29:42] "POST /api/v1/news/analyze HTTP/1.1" 200 -
127.0.0.1 - - [13/Mar/2026 10:29:42] "[35m[1mPOST /api/v1/news HTTP/1.1[0m" 201 -
127.0.0.1 - - [13/Mar/2026 10:29:44] "POST /api/v1/news/analyze HTTP/1.1" 200 -
127.0.0.1 - - [13/Mar/2026 10:29:44] "[35m[1mPOST /api/v1/news HTTP/1.1[0m" 201 -
127.0.0.1 - - [13/Mar/2026 10:29:46] "POST /api/v1/news/analyze HTTP/1.1" 200 -
127.0.0.1 - - [13/Mar/2026 10:29:46] "[35m[1mPOST /api/v1/news HTTP/1.1[0m" 201 -
127.0.0.1 - - [13/Mar/2026 10:29:46] "POST /api/v1/news/analyze HTTP/1.1" 200 -
127.0.0.1 - - [13/Mar/2026 10:29:46] "[35m[1mPOST /api/v1/news HTTP/1.1[0m" 201 -
127.0.0.1 - - [13/Mar/2026 10:29:48] "POST /api/v1/news/analyze HTTP/1.1" 200 -
127.0.0.1 - - [13/Mar/2026 10:29:48] "[35m[1mPOST /api/v1/news HTTP/1.1[0m" 201 -
127.0.0.1 - - [13/Mar/2026 10:29:52] "POST /api/v1/news/analyze HTTP/1.1" 200 -
127.0.0.1 - - [13/Mar/2026 10:29:52] "[35m[1mPOST /api/v1/news HTTP/1.1[0m" 201 -
127.0.0.1 - - [13/Mar/2026 10:29:56] "POST /api/v1/news/analyze HTTP/1.1" 200 -
127.0.0.1 - - [13/Mar/2026 10:29:56] "[35m[1mPOST /api/v1/news HTTP/1.1[0m" 201 -
127.0.0.1 - - [13/Mar/2026 10:29:56] "POST /api/v1/news/analyze HTTP/1.1" 200 -
127.0.0.1 - - [13/Mar/2026 10:29:56] "[35m[1mPOST /api/v1/news HTTP/1.1[0m" 201 -
127.0.0.1 - - [13/Mar/2026 10:29:58] "POST /api/v1/news/analyze HTTP/1.1" 200 -
127.0.0.1 - - [13/Mar/2026 10:29:58] "[35m[1mPOST /api/v1/news HTTP/1.1[0m" 201 -
127.0.0.1 - - [13/Mar/2026 10:29:58] "POST /api/v1/news/analyze HTTP/1.1" 200 -
127.0.0.1 - - [13/Mar/2026 10:29:58] "[35m[1mPOST /api/v1/news HTTP/1.1[0m" 201 -
127.0.0.1 - - [13/Mar/2026 10:30:01] "POST /api/v1/news/analyze HTTP/1.1" 200 -
127.0.0.1 - - [13/Mar/2026 10:30:01] "[35m[1mPOST /api/v1/news HTTP/1.1[0m" 201 -
127.0.0.1 - - [13/Mar/2026 10:30:03] "POST /api/v1/news/analyze HTTP/1.1" 200 -
127.0.0.1 - - [13/Mar/2026 10:30:03] "[35m[1mPOST /api/v1/news HTTP/1.1[0m" 201 -
127.0.0.1 - - [13/Mar/2026 10:30:03] "POST /api/v1/news/analyze HTTP/1.1" 200 -
127.0.0.1 - - [13/Mar/2026 10:30:03] "[35m[1mPOST /api/v1/news HTTP/1.1[0m" 201 -
127.0.0.1 - - [13/Mar/2026 10:30:03] "POST /api/v1/news/analyze HTTP/1.1" 200 -
127.0.0.1 - - [13/Mar/2026 10:30:03] "[35m[1mPOST /api/v1/news HTTP/1.1[0m" 201 -
127.0.0.1 - - [13/Mar/2026 10:30:03] "POST /api/v1/news/analyze HTTP/1.1" 200 -
127.0.0.1 - - [13/Mar/2026 10:30:03] "[35m[1mPOST /api/v1/news HTTP/1.1[0m" 201 -
127.0.0.1 - - [13/Mar/2026 10:30:06] "POST /api/v1/news/analyze HTTP/1.1" 200 -
127.0.0.1 - - [13/Mar/2026 10:30:06] "[35m[1mPOST /api/v1/news HTTP/1.1[0m" 201 -
127.0.0.1 - - [13/Mar/2026 10:30:08] "POST /api/v1/news/analyze HTTP/1.1" 200 -
127.0.0.1 - - [13/Mar/2026 10:30:08] "[35m[1mPOST /api/v1/news HTTP/1.1[0m" 201 -
127.0.0.1 - - [13/Mar/2026 10:30:10] "POST /api/v1/news/analyze HTTP/1.1" 200 -
127.0.0.1 - - [13/Mar/2026 10:30:10] "[35m[1mPOST /api/v1/news HTTP/1.1[0m" 201 -
127.0.0.1 - - [13/Mar/2026 10:30:12] "POST /api/v1/news/analyze HTTP/1.1" 200 -
127.0.0.1 - - [13/Mar/2026 10:30:12] "[35m[1mPOST /api/v1/news HTTP/1.1[0m" 201 -
127.0.0.1 - - [13/Mar/2026 10:30:12] "POST /api/v1/news/analyze HTTP/1.1" 200 -
127.0.0.1 - - [13/Mar/2026 10:30:12] "[35m[1mPOST /api/v1/news HTTP/1.1[0m" 201 -
127.0.0.1 - - [13/Mar/2026 10:30:15] "POST /api/v1/news/analyze HTTP/1.1" 200 -
127.0.0.1 - - [13/Mar/2026 10:30:15] "[35m[1mPOST /api/v1/news HTTP/1.1[0m" 201 -
127.0.0.1 - - [13/Mar/2026 10:30:15] "POST /api/v1/news/analyze HTTP/1.1" 200 -
127.0.0.1 - - [13/Mar/2026 10:30:15] "[35m[1mPOST /api/v1/news HTTP/1.1[0m" 201 -
127.0.0.1 - - [13/Mar/2026 10:31:31] "GET /health HTTP/1.1" 200 -
127.0.0.1 - - [13/Mar/2026 11:02:03] "GET /health HTTP/1.1" 200 -
127.0.0.1 - - [13/Mar/2026 11:16:29] "POST /api/v1/news/analyze HTTP/1.1" 200 -
127.0.0.1 - - [13/Mar/2026 11:16:29] "[35m[1mPOST /api/v1/news HTTP/1.1[0m" 201 -
127.0.0.1 - - [13/Mar/2026 11:16:29] "POST /api/v1/news/analyze HTTP/1.1" 200 -
127.0.0.1 - - [13/Mar/2026 11:16:29] "[35m[1mPOST /api/v1/news HTTP/1.1[0m" 201 -
127.0.0.1 - - [13/Mar/2026 11:16:29] "POST /api/v1/news/analyze HTTP/1.1" 200 -
127.0.0.1 - - [13/Mar/2026 11:16:29] "[35m[1mPOST /api/v1/news HTTP/1.1[0m" 201 -
127.0.0.1 - - [13/Mar/2026 11:16:29] "POST /api/v1/news/analyze HTTP/1.1" 200 -
127.0.0.1 - - [13/Mar/2026 11:16:29] "[35m[1mPOST /api/v1/news HTTP/1.1[0m" 201 -
127.0.0.1 - - [13/Mar/2026 11:16:29] "POST /api/v1/news/analyze HTTP/1.1" 200 -
127.0.0.1 - - [13/Mar/2026 11:16:29] "[35m[1mPOST /api/v1/news HTTP/1.1[0m" 201 -
127.0.0.1 - - [13/Mar/2026 11:16:29] "POST /api/v1/news/analyze HTTP/1.1" 200 -
127.0.0.1 - - [13/Mar/2026 11:16:29] "[35m[1mPOST /api/v1/news HTTP/1.1[0m" 201 -
127.0.0.1 - - [13/Mar/2026 11:16:32] "POST /api/v1/news/analyze HTTP/1.1" 200 -
127.0.0.1 - - [13/Mar/2026 11:16:32] "[35m[1mPOST /api/v1/news HTTP/1.1[0m" 201 -
127.0.0.1 - - [13/Mar/2026 11:16:35] "POST /api/v1/news/analyze HTTP/1.1" 200 -
127.0.0.1 - - [13/Mar/2026 11:16:35] "[35m[1mPOST /api/v1/news HTTP/1.1[0m" 201 -
127.0.0.1 - - [13/Mar/2026 11:16:38] "POST /api/v1/news/analyze HTTP/1.1" 200 -
127.0.0.1 - - [13/Mar/2026 11:16:39] "[35m[1mPOST /api/v1/news HTTP/1.1[0m" 201 -
127.0.0.1 - - [13/Mar/2026 11:16:39] "POST /api/v1/news/analyze HTTP/1.1" 200 -
127.0.0.1 - - [13/Mar/2026 11:16:39] "[35m[1mPOST /api/v1/news HTTP/1.1[0m" 201 -
127.0.0.1 - - [13/Mar/2026 11:16:39] "POST /api/v1/news/analyze HTTP/1.1" 200 -
127.0.0.1 - - [13/Mar/2026 11:16:39] "[35m[1mPOST /api/v1/news HTTP/1.1[0m" 201 -
127.0.0.1 - - [13/Mar/2026 11:16:44] "POST /api/v1/news/analyze HTTP/1.1" 200 -
127.0.0.1 - - [13/Mar/2026 11:16:44] "[35m[1mPOST /api/v1/news HTTP/1.1[0m" 201 -
127.0.0.1 - - [13/Mar/2026 11:16:44] "POST /api/v1/news/analyze HTTP/1.1" 200 -
127.0.0.1 - - [13/Mar/2026 11:16:44] "[35m[1mPOST /api/v1/news HTTP/1.1[0m" 201 -
127.0.0.1 - - [13/Mar/2026 11:16:46] "POST /api/v1/news/analyze HTTP/1.1" 200 -
127.0.0.1 - - [13/Mar/2026 11:16:46] "[35m[1mPOST /api/v1/news HTTP/1.1[0m" 201 -
127.0.0.1 - - [13/Mar/2026 11:16:46] "POST /api/v1/news/analyze HTTP/1.1" 200 -
127.0.0.1 - - [13/Mar/2026 11:16:46] "[35m[1mPOST /api/v1/news HTTP/1.1[0m" 201 -
127.0.0.1 - - [13/Mar/2026 11:16:49] "POST /api/v1/news/analyze HTTP/1.1" 200 -
127.0.0.1 - - [13/Mar/2026 11:16:49] "[35m[1mPOST /api/v1/news HTTP/1.1[0m" 201 -
127.0.0.1 - - [13/Mar/2026 11:16:49] "POST /api/v1/news/analyze HTTP/1.1" 200 -
127.0.0.1 - - [13/Mar/2026 11:16:49] "[35m[1mPOST /api/v1/news HTTP/1.1[0m" 201 -
127.0.0.1 - - [13/Mar/2026 11:16:55] "POST /api/v1/news/analyze HTTP/1.1" 200 -
127.0.0.1 - - [13/Mar/2026 11:16:55] "[35m[1mPOST /api/v1/news HTTP/1.1[0m" 201 -
127.0.0.1 - - [13/Mar/2026 11:16:55] "POST /api/v1/news/analyze HTTP/1.1" 200 -
127.0.0.1 - - [13/Mar/2026 11:16:55] "[35m[1mPOST /api/v1/news HTTP/1.1[0m" 201 -
127.0.0.1 - - [13/Mar/2026 11:16:55] "POST /api/v1/news/analyze HTTP/1.1" 200 -
127.0.0.1 - - [13/Mar/2026 11:16:55] "[35m[1mPOST /api/v1/news HTTP/1.1[0m" 201 -
127.0.0.1 - - [13/Mar/2026 11:16:58] "POST /api/v1/news/analyze HTTP/1.1" 200 -
127.0.0.1 - - [13/Mar/2026 11:16:58] "[35m[1mPOST /api/v1/news HTTP/1.1[0m" 201 -
127.0.0.1 - - [13/Mar/2026 11:17:01] "POST /api/v1/news/analyze HTTP/1.1" 200 -
127.0.0.1 - - [13/Mar/2026 11:17:01] "[35m[1mPOST /api/v1/news HTTP/1.1[0m" 201 -
127.0.0.1 - - [13/Mar/2026 11:17:01] "POST /api/v1/news/analyze HTTP/1.1" 200 -
127.0.0.1 - - [13/Mar/2026 11:17:01] "[35m[1mPOST /api/v1/news HTTP/1.1[0m" 201 -
127.0.0.1 - - [13/Mar/2026 11:17:04] "POST /api/v1/news/analyze HTTP/1.1" 200 -
127.0.0.1 - - [13/Mar/2026 11:17:04] "[35m[1mPOST /api/v1/news HTTP/1.1[0m" 201 -
127.0.0.1 - - [13/Mar/2026 11:17:04] "POST /api/v1/news/analyze HTTP/1.1" 200 -
127.0.0.1 - - [13/Mar/2026 11:17:04] "[35m[1mPOST /api/v1/news HTTP/1.1[0m" 201 -
127.0.0.1 - - [13/Mar/2026 11:17:09] "POST /api/v1/news/analyze HTTP/1.1" 200 -
127.0.0.1 - - [13/Mar/2026 11:17:09] "[35m[1mPOST /api/v1/news HTTP/1.1[0m" 201 -
127.0.0.1 - - [13/Mar/2026 11:17:09] "POST /api/v1/news/analyze HTTP/1.1" 200 -
127.0.0.1 - - [13/Mar/2026 11:17:09] "[35m[1mPOST /api/v1/news HTTP/1.1[0m" 201 -
127.0.0.1 - - [13/Mar/2026 11:17:12] "POST /api/v1/news/analyze HTTP/1.1" 200 -
127.0.0.1 - - [13/Mar/2026 11:17:12] "[35m[1mPOST /api/v1/news HTTP/1.1[0m" 201 -
127.0.0.1 - - [13/Mar/2026 11:17:12] "POST /api/v1/news/analyze HTTP/1.1" 200 -
127.0.0.1 - - [13/Mar/2026 11:17:12] "[35m[1mPOST /api/v1/news HTTP/1.1[0m" 201 -
127.0.0.1 - - [13/Mar/2026 11:17:14] "POST /api/v1/news/analyze HTTP/1.1" 200 -
127.0.0.1 - - [13/Mar/2026 11:17:14] "[35m[1mPOST /api/v1/news HTTP/1.1[0m" 201 -
127.0.0.1 - - [13/Mar/2026 11:17:14] "POST /api/v1/news/analyze HTTP/1.1" 200 -
127.0.0.1 - - [13/Mar/2026 11:17:14] "[35m[1mPOST /api/v1/news HTTP/1.1[0m" 201 -
127.0.0.1 - - [13/Mar/2026 11:17:17] "POST /api/v1/news/analyze HTTP/1.1" 200 -
127.0.0.1 - - [13/Mar/2026 11:17:17] "[35m[1mPOST /api/v1/news HTTP/1.1[0m" 201 -
127.0.0.1 - - [13/Mar/2026 11:17:17] "POST /api/v1/news/analyze HTTP/1.1" 200 -
127.0.0.1 - - [13/Mar/2026 11:17:17] "[35m[1mPOST /api/v1/news HTTP/1.1[0m" 201 -
127.0.0.1 - - [13/Mar/2026 11:17:17] "POST /api/v1/news/analyze HTTP/1.1" 200 -
127.0.0.1 - - [13/Mar/2026 11:17:17] "[35m[1mPOST /api/v1/news HTTP/1.1[0m" 201 -
127.0.0.1 - - [13/Mar/2026 11:17:20] "POST /api/v1/news/analyze HTTP/1.1" 200 -
127.0.0.1 - - [13/Mar/2026 11:17:20] "[35m[1mPOST /api/v1/news HTTP/1.1[0m" 201 -
127.0.0.1 - - [13/Mar/2026 11:17:22] "POST /api/v1/news/analyze HTTP/1.1" 200 -
127.0.0.1 - - [13/Mar/2026 11:17:22] "[35m[1mPOST /api/v1/news HTTP/1.1[0m" 201 -
127.0.0.1 - - [13/Mar/2026 11:17:22] "POST /api/v1/news/analyze HTTP/1.1" 200 -
127.0.0.1 - - [13/Mar/2026 11:17:22] "[35m[1mPOST /api/v1/news HTTP/1.1[0m" 201 -
127.0.0.1 - - [13/Mar/2026 11:17:22] "POST /api/v1/news/analyze HTTP/1.1" 200 -
127.0.0.1 - - [13/Mar/2026 11:17:22] "[35m[1mPOST /api/v1/news HTTP/1.1[0m" 201 -
127.0.0.1 - - [13/Mar/2026 11:23:49] "GET /api/v1/news/weight/TSLA?hours=24 HTTP/1.1" 200 -
127.0.0.1 - - [13/Mar/2026 11:27:11] "GET /health HTTP/1.1" 200 -
