2026-02-05 09:49:58,356 - root - WARNING - Failed to load .Users.alita..openclaw.workspace.codes.TradeMaster_v2.indicators.comprehensive.ichimoku: the 'package' argument is required to perform a relative import for '.Users.alita..openclaw.workspace.codes.TradeMaster_v2.indicators.comprehensive.ichimoku'
2026-02-05 09:49:58,356 - root - WARNING - Failed to load .Users.alita..openclaw.workspace.codes.TradeMaster_v2.indicators.comprehensive.parabolic_sar: the 'package' argument is required to perform a relative import for '.Users.alita..openclaw.workspace.codes.TradeMaster_v2.indicators.comprehensive.parabolic_sar'
2026-02-05 09:49:58,356 - root - WARNING - Failed to load .Users.alita..openclaw.workspace.codes.TradeMaster_v2.indicators.breakout.donchian: the 'package' argument is required to perform a relative import for '.Users.alita..openclaw.workspace.codes.TradeMaster_v2.indicators.breakout.donchian'
2026-02-05 09:49:58,356 - root - WARNING - Failed to load .Users.alita..openclaw.workspace.codes.TradeMaster_v2.indicators.breakout.atr_breakout: the 'package' argument is required to perform a relative import for '.Users.alita..openclaw.workspace.codes.TradeMaster_v2.indicators.breakout.atr_breakout'
2026-02-05 09:49:58,357 - root - WARNING - Failed to load .Users.alita..openclaw.workspace.codes.TradeMaster_v2.indicators.mean_reversion.stochastic: the 'package' argument is required to perform a relative import for '.Users.alita..openclaw.workspace.codes.TradeMaster_v2.indicators.mean_reversion.stochastic'
2026-02-05 09:49:58,357 - root - WARNING - Failed to load .Users.alita..openclaw.workspace.codes.TradeMaster_v2.indicators.mean_reversion.cci: the 'package' argument is required to perform a relative import for '.Users.alita..openclaw.workspace.codes.TradeMaster_v2.indicators.mean_reversion.cci'
2026-02-05 09:49:58,357 - root - WARNING - Failed to load .Users.alita..openclaw.workspace.codes.TradeMaster_v2.indicators.mean_reversion.williams_r: the 'package' argument is required to perform a relative import for '.Users.alita..openclaw.workspace.codes.TradeMaster_v2.indicators.mean_reversion.williams_r'
2026-02-05 09:49:58,357 - root - WARNING - Failed to load .Users.alita..openclaw.workspace.codes.TradeMaster_v2.indicators.volume.roc: the 'package' argument is required to perform a relative import for '.Users.alita..openclaw.workspace.codes.TradeMaster_v2.indicators.volume.roc'
2026-02-05 09:49:58,357 - root - WARNING - Failed to load .Users.alita..openclaw.workspace.codes.TradeMaster_v2.indicators.volume.obv: the 'package' argument is required to perform a relative import for '.Users.alita..openclaw.workspace.codes.TradeMaster_v2.indicators.volume.obv'
2026-02-05 09:49:58,357 - root - WARNING - Failed to load .Users.alita..openclaw.workspace.codes.TradeMaster_v2.strategies.composite.composite_v2: the 'package' argument is required to perform a relative import for '.Users.alita..openclaw.workspace.codes.TradeMaster_v2.strategies.composite.composite_v2'
2026-02-05 09:50:47,830 - root - WARNING - Failed to load /Users/alita/.openclaw/workspace/codes/TradeMaster_v2/strategies/composite/composite_v2.py: No module named 'core.decorators'
2026-02-05 09:51:24,578 - root - WARNING - Failed to load /Users/alita/.openclaw/workspace/codes/TradeMaster_v2/strategies/composite/composite_v2.py: Unknown plugin type: PluginType.STRATEGY
2026-02-05 09:53:58,842 - core.registry - WARNING - Failed to load /Users/alita/.openclaw/workspace/codes/TradeMaster_v2/indicators/comprehensive/__init__.py: illegal target for annotation (__init__.py, line 56)
2026-02-05 09:53:58,842 - core.registry - WARNING - Failed to load /Users/alita/.openclaw/workspace/codes/TradeMaster_v2/indicators/breakout/__init__.py: illegal target for annotation (__init__.py, line 56)
2026-02-05 09:53:58,843 - core.registry - WARNING - Failed to load /Users/alita/.openclaw/workspace/codes/TradeMaster_v2/indicators/mean_reversion/__init__.py: illegal target for annotation (__init__.py, line 56)
2026-02-05 09:53:58,844 - core.registry - WARNING - Failed to load /Users/alita/.openclaw/workspace/codes/TradeMaster_v2/indicators/volume/__init__.py: illegal target for annotation (__init__.py, line 56)
2026-02-05 09:53:58,849 - core.registry - WARNING - Failed to load /Users/alita/.openclaw/workspace/codes/TradeMaster_v2/risk_rules/__init__.py: risk_rule() got an unexpected keyword argument 'type'
2026-02-05 10:00:09,201 - core.registry - WARNING - Failed to load /Users/alita/.openclaw/workspace/codes/TradeMaster_v2/indicators/comprehensive/__init__.py: illegal target for annotation (__init__.py, line 56)
2026-02-05 10:00:09,201 - core.registry - WARNING - Failed to load /Users/alita/.openclaw/workspace/codes/TradeMaster_v2/indicators/breakout/__init__.py: illegal target for annotation (__init__.py, line 56)
2026-02-05 10:00:09,202 - core.registry - WARNING - Failed to load /Users/alita/.openclaw/workspace/codes/TradeMaster_v2/indicators/mean_reversion/__init__.py: illegal target for annotation (__init__.py, line 56)
2026-02-05 10:00:09,202 - core.registry - WARNING - Failed to load /Users/alita/.openclaw/workspace/codes/TradeMaster_v2/indicators/volume/__init__.py: illegal target for annotation (__init__.py, line 56)
2026-02-05 10:00:15,117 - core.registry - WARNING - Failed to load /Users/alita/.openclaw/workspace/codes/TradeMaster_v2/indicators/comprehensive/__init__.py: illegal target for annotation (__init__.py, line 56)
2026-02-05 10:00:15,117 - core.registry - WARNING - Failed to load /Users/alita/.openclaw/workspace/codes/TradeMaster_v2/indicators/breakout/__init__.py: illegal target for annotation (__init__.py, line 56)
2026-02-05 10:00:15,118 - core.registry - WARNING - Failed to load /Users/alita/.openclaw/workspace/codes/TradeMaster_v2/indicators/mean_reversion/__init__.py: illegal target for annotation (__init__.py, line 56)
2026-02-05 10:00:15,118 - core.registry - WARNING - Failed to load /Users/alita/.openclaw/workspace/codes/TradeMaster_v2/indicators/volume/__init__.py: illegal target for annotation (__init__.py, line 56)
2026-02-05 10:35:32,222 - core.registry - WARNING - Failed to load /Users/alita/.openclaw/workspace/codes/TradeMaster_v2/indicators/comprehensive/__init__.py: cannot import name 'MACD' from 'indicators.trend' (/Users/alita/.openclaw/workspace/codes/TradeMaster_v2/indicators/trend/__init__.py)
2026-02-05 10:35:32,222 - core.registry - WARNING - Failed to load /Users/alita/.openclaw/workspace/codes/TradeMaster_v2/indicators/breakout/__init__.py: cannot import name 'MACD' from 'indicators.trend' (/Users/alita/.openclaw/workspace/codes/TradeMaster_v2/indicators/trend/__init__.py)
2026-02-05 10:35:32,223 - core.registry - WARNING - Failed to load /Users/alita/.openclaw/workspace/codes/TradeMaster_v2/indicators/mean_reversion/__init__.py: cannot import name 'MACD' from 'indicators.trend' (/Users/alita/.openclaw/workspace/codes/TradeMaster_v2/indicators/trend/__init__.py)
2026-02-05 10:35:32,223 - core.registry - WARNING - Failed to load /Users/alita/.openclaw/workspace/codes/TradeMaster_v2/indicators/volume/__init__.py: cannot import name 'MACD' from 'indicators.trend' (/Users/alita/.openclaw/workspace/codes/TradeMaster_v2/indicators/trend/__init__.py)
2026-02-05 10:36:47,077 - core.registry - WARNING - Failed to load /Users/alita/.openclaw/workspace/codes/TradeMaster_v2/indicators/comprehensive/__init__.py: cannot import name 'MovingAverage' from 'indicators.trend' (/Users/alita/.openclaw/workspace/codes/TradeMaster_v2/indicators/trend/__init__.py)
2026-02-05 10:36:47,078 - core.registry - WARNING - Failed to load /Users/alita/.openclaw/workspace/codes/TradeMaster_v2/indicators/breakout/__init__.py: cannot import name 'MovingAverage' from 'indicators.trend' (/Users/alita/.openclaw/workspace/codes/TradeMaster_v2/indicators/trend/__init__.py)
2026-02-05 10:36:47,078 - core.registry - WARNING - Failed to load /Users/alita/.openclaw/workspace/codes/TradeMaster_v2/indicators/mean_reversion/__init__.py: cannot import name 'MovingAverage' from 'indicators.trend' (/Users/alita/.openclaw/workspace/codes/TradeMaster_v2/indicators/trend/__init__.py)
2026-02-05 10:36:47,078 - core.registry - WARNING - Failed to load /Users/alita/.openclaw/workspace/codes/TradeMaster_v2/indicators/volume/__init__.py: cannot import name 'MovingAverage' from 'indicators.trend' (/Users/alita/.openclaw/workspace/codes/TradeMaster_v2/indicators/trend/__init__.py)
2026-02-05 10:40:07,893 - core.registry - WARNING - Failed to load /Users/alita/.openclaw/workspace/codes/TradeMaster_v2/indicators/comprehensive/__init__.py: cannot import name 'BollingerBands' from 'indicators.mean_reversion' (/Users/alita/.openclaw/workspace/codes/TradeMaster_v2/indicators/mean_reversion/__init__.py)
2026-02-05 10:40:07,894 - core.registry - WARNING - Failed to load /Users/alita/.openclaw/workspace/codes/TradeMaster_v2/indicators/breakout/__init__.py: cannot import name 'BollingerBands' from 'indicators.mean_reversion' (/Users/alita/.openclaw/workspace/codes/TradeMaster_v2/indicators/mean_reversion/__init__.py)
2026-02-05 10:40:07,894 - core.registry - WARNING - Failed to load /Users/alita/.openclaw/workspace/codes/TradeMaster_v2/indicators/volume/__init__.py: cannot import name 'BollingerBands' from 'indicators.mean_reversion' (/Users/alita/.openclaw/workspace/codes/TradeMaster_v2/indicators/mean_reversion/__init__.py)
2026-02-05 10:40:53,894 - core.registry - WARNING - Failed to load /Users/alita/.openclaw/workspace/codes/TradeMaster_v2/indicators/comprehensive/__init__.py: cannot import name 'RSI' from 'indicators.mean_reversion' (/Users/alita/.openclaw/workspace/codes/TradeMaster_v2/indicators/mean_reversion/__init__.py)
2026-02-05 10:40:53,896 - core.registry - WARNING - Failed to load /Users/alita/.openclaw/workspace/codes/TradeMaster_v2/indicators/breakout/__init__.py: cannot import name 'RSI' from 'indicators.mean_reversion' (/Users/alita/.openclaw/workspace/codes/TradeMaster_v2/indicators/mean_reversion/__init__.py)
2026-02-05 10:40:53,898 - core.registry - WARNING - Failed to load /Users/alita/.openclaw/workspace/codes/TradeMaster_v2/indicators/volume/__init__.py: cannot import name 'RSI' from 'indicators.mean_reversion' (/Users/alita/.openclaw/workspace/codes/TradeMaster_v2/indicators/mean_reversion/__init__.py)
2026-02-05 10:42:34,236 - core.registry - WARNING - Failed to load /Users/alita/.openclaw/workspace/codes/TradeMaster_v2/indicators/comprehensive/__init__.py: cannot import name 'ADX' from 'indicators.trend' (/Users/alita/.openclaw/workspace/codes/TradeMaster_v2/indicators/trend/__init__.py)
2026-02-05 10:42:34,239 - core.registry - WARNING - Failed to load /Users/alita/.openclaw/workspace/codes/TradeMaster_v2/indicators/breakout/__init__.py: cannot import name 'ADX' from 'indicators.trend' (/Users/alita/.openclaw/workspace/codes/TradeMaster_v2/indicators/trend/__init__.py)
2026-02-05 10:42:34,240 - core.registry - WARNING - Failed to load /Users/alita/.openclaw/workspace/codes/TradeMaster_v2/indicators/mean_reversion/__init__.py: cannot import name 'ADX' from 'indicators.trend' (/Users/alita/.openclaw/workspace/codes/TradeMaster_v2/indicators/trend/__init__.py)
2026-02-05 10:42:34,242 - core.registry - WARNING - Failed to load /Users/alita/.openclaw/workspace/codes/TradeMaster_v2/indicators/volume/__init__.py: cannot import name 'ADX' from 'indicators.trend' (/Users/alita/.openclaw/workspace/codes/TradeMaster_v2/indicators/trend/__init__.py)
2026-02-05 10:42:34,243 - core.registry - WARNING - Failed to load /Users/alita/.openclaw/workspace/codes/TradeMaster_v2/risk_rules/__init__.py: No module named 'risk_rules.max_position'
2026-02-05 10:43:08,259 - core.registry - WARNING - Failed to load /Users/alita/.openclaw/workspace/codes/TradeMaster_v2/indicators/comprehensive/__init__.py: cannot import name 'ADX' from 'indicators.trend' (/Users/alita/.openclaw/workspace/codes/TradeMaster_v2/indicators/trend/__init__.py)
2026-02-05 10:43:08,260 - core.registry - WARNING - Failed to load /Users/alita/.openclaw/workspace/codes/TradeMaster_v2/indicators/breakout/__init__.py: cannot import name 'ADX' from 'indicators.trend' (/Users/alita/.openclaw/workspace/codes/TradeMaster_v2/indicators/trend/__init__.py)
2026-02-05 10:43:08,260 - core.registry - WARNING - Failed to load /Users/alita/.openclaw/workspace/codes/TradeMaster_v2/indicators/mean_reversion/__init__.py: cannot import name 'ADX' from 'indicators.trend' (/Users/alita/.openclaw/workspace/codes/TradeMaster_v2/indicators/trend/__init__.py)
2026-02-05 10:43:08,261 - core.registry - WARNING - Failed to load /Users/alita/.openclaw/workspace/codes/TradeMaster_v2/indicators/volume/__init__.py: cannot import name 'ADX' from 'indicators.trend' (/Users/alita/.openclaw/workspace/codes/TradeMaster_v2/indicators/trend/__init__.py)
2026-02-05 10:54:20,634 - core.registry - WARNING - Failed to load /Users/alita/.openclaw/workspace/codes/TradeMaster_v2/indicators/comprehensive/__init__.py: cannot import name 'RSIIndicator' from 'indicators.momentum' (/Users/alita/.openclaw/workspace/codes/TradeMaster_v2/indicators/momentum/__init__.py)
2026-02-05 10:54:20,636 - core.registry - WARNING - Failed to load /Users/alita/.openclaw/workspace/codes/TradeMaster_v2/indicators/breakout/__init__.py: cannot import name 'RSIIndicator' from 'indicators.momentum' (/Users/alita/.openclaw/workspace/codes/TradeMaster_v2/indicators/momentum/__init__.py)
2026-02-05 10:54:20,637 - core.registry - WARNING - Failed to load /Users/alita/.openclaw/workspace/codes/TradeMaster_v2/indicators/mean_reversion/__init__.py: cannot import name 'RSIIndicator' from 'indicators.momentum' (/Users/alita/.openclaw/workspace/codes/TradeMaster_v2/indicators/momentum/__init__.py)
2026-02-05 10:54:20,639 - core.registry - WARNING - Failed to load /Users/alita/.openclaw/workspace/codes/TradeMaster_v2/indicators/volume/__init__.py: cannot import name 'RSIIndicator' from 'indicators.momentum' (/Users/alita/.openclaw/workspace/codes/TradeMaster_v2/indicators/momentum/__init__.py)
2026-02-05 10:54:20,640 - core.registry - WARNING - Failed to load /Users/alita/.openclaw/workspace/codes/TradeMaster_v2/risk_rules/__init__.py: cannot import name 'RiskResult' from 'core.base_classes' (/Users/alita/.openclaw/workspace/codes/TradeMaster_v2/core/base_classes.py)
2026-02-05 10:55:11,095 - core.registry - WARNING - Failed to load /Users/alita/.openclaw/workspace/codes/TradeMaster_v2/indicators/comprehensive/__init__.py: cannot import name 'RSIIndicator' from 'indicators.momentum' (/Users/alita/.openclaw/workspace/codes/TradeMaster_v2/indicators/momentum/__init__.py)
2026-02-05 10:55:11,097 - core.registry - WARNING - Failed to load /Users/alita/.openclaw/workspace/codes/TradeMaster_v2/indicators/breakout/__init__.py: cannot import name 'RSIIndicator' from 'indicators.momentum' (/Users/alita/.openclaw/workspace/codes/TradeMaster_v2/indicators/momentum/__init__.py)
2026-02-05 10:55:11,098 - core.registry - WARNING - Failed to load /Users/alita/.openclaw/workspace/codes/TradeMaster_v2/indicators/mean_reversion/__init__.py: cannot import name 'RSIIndicator' from 'indicators.momentum' (/Users/alita/.openclaw/workspace/codes/TradeMaster_v2/indicators/momentum/__init__.py)
2026-02-05 10:55:11,100 - core.registry - WARNING - Failed to load /Users/alita/.openclaw/workspace/codes/TradeMaster_v2/indicators/volume/__init__.py: cannot import name 'RSIIndicator' from 'indicators.momentum' (/Users/alita/.openclaw/workspace/codes/TradeMaster_v2/indicators/momentum/__init__.py)
2026-02-05 10:55:19,777 - core.registry - WARNING - Failed to load /Users/alita/.openclaw/workspace/codes/TradeMaster_v2/indicators/comprehensive/__init__.py: cannot import name 'RSIIndicator' from 'indicators.momentum' (/Users/alita/.openclaw/workspace/codes/TradeMaster_v2/indicators/momentum/__init__.py)
2026-02-05 10:55:19,779 - core.registry - WARNING - Failed to load /Users/alita/.openclaw/workspace/codes/TradeMaster_v2/indicators/breakout/__init__.py: cannot import name 'RSIIndicator' from 'indicators.momentum' (/Users/alita/.openclaw/workspace/codes/TradeMaster_v2/indicators/momentum/__init__.py)
2026-02-05 10:55:19,780 - core.registry - WARNING - Failed to load /Users/alita/.openclaw/workspace/codes/TradeMaster_v2/indicators/mean_reversion/__init__.py: cannot import name 'RSIIndicator' from 'indicators.momentum' (/Users/alita/.openclaw/workspace/codes/TradeMaster_v2/indicators/momentum/__init__.py)
2026-02-05 10:55:19,782 - core.registry - WARNING - Failed to load /Users/alita/.openclaw/workspace/codes/TradeMaster_v2/indicators/volume/__init__.py: cannot import name 'RSIIndicator' from 'indicators.momentum' (/Users/alita/.openclaw/workspace/codes/TradeMaster_v2/indicators/momentum/__init__.py)
2026-02-05 14:45:39,757 - __main__ - INFO - Starting daily market scan...
2026-02-05 14:45:51,023 - data - ERROR - Error fetching AAPL: Too Many Requests. Rate limited. Try after a while.
2026-02-05 14:45:53,213 - data - ERROR - Error fetching MSFT: Too Many Requests. Rate limited. Try after a while.
2026-02-05 14:45:55,213 - data - ERROR - Error fetching GOOGL: Too Many Requests. Rate limited. Try after a while.
2026-02-05 14:46:05,624 - data - ERROR - Error fetching AMZN: Too Many Requests. Rate limited. Try after a while.
2026-02-05 14:46:59,303 - __main__ - INFO - Starting daily market scan...
2026-02-05 14:46:59,309 - data - INFO - 使用本地數據: AAPL (275 rows)
2026-02-05 14:46:59,309 - __main__ - WARNING - Indicator Momentum failed: Momentum() takes no arguments
2026-02-05 14:46:59,309 - __main__ - WARNING - Indicator RSI failed: RSIIndicator() takes no arguments
2026-02-05 14:46:59,309 - __main__ - WARNING - Indicator Stochastic failed: StochasticIndicator() takes no arguments
2026-02-05 14:46:59,309 - __main__ - WARNING - Indicator WilliamsR failed: WilliamsRIndicator() takes no arguments
2026-02-05 14:46:59,309 - __main__ - WARNING - Indicator ADX failed: ADXIndicator() takes no arguments
2026-02-05 14:46:59,309 - __main__ - WARNING - Indicator  Aroon failed: AroonIndicator() takes no arguments
2026-02-05 14:46:59,309 - __main__ - WARNING - Indicator EMA failed: EMAIndicator() takes no arguments
2026-02-05 14:46:59,309 - __main__ - WARNING - Indicator IchimokuCloud failed: IchimokuCloudIndicator() takes no arguments
2026-02-05 14:46:59,309 - __main__ - WARNING - Indicator MACD failed: MACDIndicator() takes no arguments
2026-02-05 14:46:59,309 - __main__ - WARNING - Indicator ParabolicSAR failed: ParabolicSARIndicator() takes no arguments
2026-02-05 14:46:59,309 - __main__ - WARNING - Indicator SMA failed: SMAIndicator() takes no arguments
2026-02-05 14:46:59,309 - __main__ - WARNING - Indicator ATR failed: ATRIndicator() takes no arguments
2026-02-05 14:46:59,309 - __main__ - WARNING - Indicator HistoricalVolatility failed: HistoricalVolatilityIndicator() takes no arguments
2026-02-05 14:46:59,309 - __main__ - WARNING - Indicator KeltnerChannel failed: KeltnerChannelIndicator() takes no arguments
2026-02-05 14:46:59,309 - __main__ - WARNING - Indicator VolatilityRatio failed: VolatilityRatioIndicator() takes no arguments
2026-02-05 14:46:59,309 - __main__ - WARNING - Indicator BollingerBands failed: BollingerBandsIndicator() takes no arguments
2026-02-05 14:46:59,309 - __main__ - WARNING - Indicator CCI failed: CCIIndicator() takes no arguments
2026-02-05 14:46:59,309 - __main__ - WARNING - Indicator RateOfChange failed: ROCIndicator() takes no arguments
2026-02-05 14:46:59,309 - __main__ - WARNING - Indicator UltimateOscillator failed: UltimateOscillator() takes no arguments
2026-02-05 14:46:59,309 - __main__ - WARNING - Indicator AccumulationDistribution failed: ADIndicator() takes no arguments
2026-02-05 14:46:59,309 - __main__ - WARNING - Indicator ChaikinOscillator failed: ChaikinOscillator() takes no arguments
2026-02-05 14:46:59,313 - __main__ - WARNING - Indicator VolumeEMA failed: VolumeEMAIndicator() takes no arguments
2026-02-05 14:46:59,314 - __main__ - WARNING - Strategy MACDTrend failed: SignalResult.__init__() missing 2 required positional arguments: 'price' and 'reason'
2026-02-05 14:46:59,314 - __main__ - WARNING - Strategy ADXTrend failed: SignalResult.__init__() missing 2 required positional arguments: 'price' and 'reason'
2026-02-05 14:46:59,314 - __main__ - WARNING - Strategy ADX_Ichimoku_Cloud failed: SignalResult.__init__() missing 2 required positional arguments: 'price' and 'reason'
2026-02-05 14:46:59,314 - __main__ - WARNING - Strategy ADX_ParabolicSAR_Stop failed: SignalResult.__init__() missing 2 required positional arguments: 'price' and 'reason'
2026-02-05 14:46:59,314 - __main__ - WARNING - Strategy ADX_Stochastic_Momentum failed: SignalResult.__init__() missing 2 required positional arguments: 'price' and 'reason'
2026-02-05 14:46:59,314 - __main__ - WARNING - Strategy ADX_Trend_Strength failed: SignalResult.__init__() missing 2 required positional arguments: 'price' and 'reason'
2026-02-05 14:46:59,314 - __main__ - WARNING - Strategy ADX_Volatility_Expansion failed: SignalResult.__init__() missing 2 required positional arguments: 'price' and 'reason'
2026-02-05 14:46:59,314 - __main__ - WARNING - Strategy MACD_ADX_TrendRide failed: SignalResult.__init__() missing 2 required positional arguments: 'price' and 'reason'
2026-02-05 14:46:59,314 - __main__ - WARNING - Strategy MACD_BB_Breakout failed: SignalResult.__init__() missing 2 required positional arguments: 'price' and 'reason'
2026-02-05 14:46:59,314 - __main__ - WARNING - Strategy MACD_RSI_Crossover failed: SignalResult.__init__() missing 2 required positional arguments: 'price' and 'reason'
2026-02-05 14:46:59,314 - __main__ - WARNING - Strategy MACD_SMA_Crossover failed: SignalResult.__init__() missing 2 required positional arguments: 'price' and 'reason'
2026-02-05 14:46:59,314 - __main__ - WARNING - Strategy MACD_Volume_Trend failed: SignalResult.__init__() missing 2 required positional arguments: 'price' and 'reason'
2026-02-05 14:46:59,314 - __main__ - WARNING - Strategy RSI_ADX_TrendConfirm failed: SignalResult.__init__() missing 2 required positional arguments: 'price' and 'reason'
2026-02-05 14:46:59,314 - __main__ - WARNING - Strategy RSI_BB_Squeeze failed: SignalResult.__init__() missing 2 required positional arguments: 'price' and 'reason'
2026-02-05 14:46:59,314 - __main__ - WARNING - Strategy RSI_MACD_Divergence failed: SignalResult.__init__() missing 2 required positional arguments: 'price' and 'reason'
2026-02-05 14:46:59,314 - __main__ - WARNING - Strategy RSI_Stochastic_Oversold failed: SignalResult.__init__() missing 2 required positional arguments: 'price' and 'reason'
2026-02-05 14:46:59,314 - __main__ - WARNING - Strategy RSI_Volume_Confirmation failed: SignalResult.__init__() missing 2 required positional arguments: 'price' and 'reason'
2026-02-05 14:46:59,314 - __main__ - WARNING - Strategy AD_Accumulation failed: SignalResult.__init__() missing 2 required positional arguments: 'price' and 'reason'
2026-02-05 14:46:59,315 - __main__ - WARNING - Strategy ADX_DI_Crossover failed: SignalResult.__init__() missing 2 required positional arguments: 'price' and 'reason'
2026-02-05 14:46:59,315 - __main__ - WARNING - Strategy ATR_Trend_Confirmation failed: SignalResult.__init__() missing 2 required positional arguments: 'price' and 'reason'
2026-02-05 14:46:59,315 - __main__ - WARNING - Strategy Bollinger_Mean_Reversion failed: SignalResult.__init__() missing 2 required positional arguments: 'price' and 'reason'
2026-02-05 14:46:59,315 - __main__ - WARNING - Strategy BollingerWidth_Expansion failed: SignalResult.__init__() missing 2 required positional arguments: 'price' and 'reason'
2026-02-05 14:46:59,315 - __main__ - WARNING - Strategy CCI_Mean_Reversion failed: SignalResult.__init__() missing 2 required positional arguments: 'price' and 'reason'
2026-02-05 14:46:59,315 - __main__ - WARNING - Strategy Chaikin_Volume_Oscillator failed: SignalResult.__init__() missing 2 required positional arguments: 'price' and 'reason'
2026-02-05 14:46:59,315 - __main__ - WARNING - Strategy Dual_Moving_Average_Crossover failed: SignalResult.__init__() missing 2 required positional arguments: 'price' and 'reason'
2026-02-05 14:46:59,315 - __main__ - WARNING - Strategy End_of_Day_Reversion failed: SignalResult.__init__() missing 2 required positional arguments: 'price' and 'reason'
2026-02-05 14:46:59,315 - __main__ - WARNING - Strategy HistoricalVolatility_Range failed: SignalResult.__init__() missing 2 required positional arguments: 'price' and 'reason'
2026-02-05 14:46:59,315 - __main__ - WARNING - Strategy Keltner_Bollinger_Squeeze failed: SignalResult.__init__() missing 2 required positional arguments: 'price' and 'reason'
2026-02-05 14:46:59,316 - __main__ - WARNING - Strategy MACD_Zero_Cross failed: SignalResult.__init__() missing 2 required positional arguments: 'price' and 'reason'
2026-02-05 14:46:59,316 - __main__ - WARNING - Strategy Momentum_ADX_Strength failed: SignalResult.__init__() missing 2 required positional arguments: 'price' and 'reason'
2026-02-05 14:46:59,316 - __main__ - WARNING - Strategy Momentum_Exhaustion failed: SignalResult.__init__() missing 2 required positional arguments: 'price' and 'reason'
2026-02-05 14:46:59,316 - __main__ - WARNING - Strategy Momentum_RateOfChange failed: SignalResult.__init__() missing 2 required positional arguments: 'price' and 'reason'
2026-02-05 14:46:59,316 - __main__ - WARNING - Strategy Momentum_Volume_Rally failed: SignalResult.__init__() missing 2 required positional arguments: 'price' and 'reason'
2026-02-05 14:46:59,316 - __main__ - WARNING - Strategy OBV_Trend_Follow failed: 'IndicatorResult' object has no attribute 'get'
2026-02-05 14:46:59,316 - __main__ - WARNING - Strategy Opening_Gap failed: SignalResult.__init__() missing 2 required positional arguments: 'price' and 'reason'
2026-02-05 14:46:59,316 - __main__ - WARNING - Strategy Overbought_Decline failed: SignalResult.__init__() missing 2 required positional arguments: 'price' and 'reason'
2026-02-05 14:46:59,316 - __main__ - WARNING - Strategy Oversold_Bounce failed: SignalResult.__init__() missing 2 required positional arguments: 'price' and 'reason'
2026-02-05 14:46:59,316 - __main__ - WARNING - Strategy RSI_Divergence failed: SignalResult.__init__() missing 2 required positional arguments: 'price' and 'reason'
2026-02-05 14:46:59,316 - __main__ - WARNING - Strategy RSI_SMA_Strategy failed: SignalResult.__init__() missing 2 required positional arguments: 'price' and 'reason'
2026-02-05 14:46:59,316 - __main__ - WARNING - Strategy SectorAdaptive failed: cannot use 'dict' as a dict key (unhashable type: 'dict')
2026-02-05 14:46:59,316 - __main__ - WARNING - Strategy Stochastic_Momentum failed: SignalResult.__init__() missing 2 required positional arguments: 'price' and 'reason'
2026-02-05 14:46:59,316 - __main__ - WARNING - Strategy Stochastic_RSI_Oscillator failed: SignalResult.__init__() missing 2 required positional arguments: 'price' and 'reason'
2026-02-05 14:46:59,316 - __main__ - WARNING - Strategy Three_MA_Trend failed: SignalResult.__init__() missing 2 required positional arguments: 'price' and 'reason'
2026-02-05 14:46:59,316 - __main__ - WARNING - Strategy Trend_Filter_RSI failed: SignalResult.__init__() missing 2 required positional arguments: 'price' and 'reason'
2026-02-05 14:46:59,316 - __main__ - WARNING - Strategy Trend_Pullback failed: SignalResult.__init__() missing 2 required positional arguments: 'price' and 'reason'
2026-02-05 14:46:59,316 - __main__ - WARNING - Strategy Trend_Volume_Alignment failed: SignalResult.__init__() missing 2 required positional arguments: 'price' and 'reason'
2026-02-05 14:46:59,317 - __main__ - WARNING - Strategy Triple_Indicator_Confirm failed: SignalResult.__init__() missing 2 required positional arguments: 'price' and 'reason'
2026-02-05 14:46:59,317 - __main__ - WARNING - Strategy VWAP_Reversal failed: 'IndicatorResult' object has no attribute 'get'
2026-02-05 14:46:59,317 - __main__ - WARNING - Strategy Volatility_Contraction failed: SignalResult.__init__() missing 2 required positional arguments: 'price' and 'reason'
2026-02-05 14:46:59,317 - __main__ - WARNING - Strategy VolatilityRatio_Trend failed: SignalResult.__init__() missing 2 required positional arguments: 'price' and 'reason'
2026-02-05 14:46:59,317 - __main__ - WARNING - Strategy Volume_Price_Confirmation failed: SignalResult.__init__() missing 2 required positional arguments: 'price' and 'reason'
2026-02-05 14:46:59,317 - __main__ - WARNING - Strategy Volume_Trend_Divergence failed: SignalResult.__init__() missing 2 required positional arguments: 'price' and 'reason'
2026-02-05 14:46:59,317 - __main__ - WARNING - Strategy WilliamsR_Momentum failed: SignalResult.__init__() missing 2 required positional arguments: 'price' and 'reason'
2026-02-05 14:46:59,317 - __main__ - WARNING - Strategy RSI_Reversal failed: SignalResult.__init__() missing 2 required positional arguments: 'price' and 'reason'
2026-02-05 14:46:59,318 - data - INFO - 使用本地數據: MSFT (275 rows)
2026-02-05 14:46:59,318 - __main__ - WARNING - Indicator Momentum failed: Momentum() takes no arguments
2026-02-05 14:46:59,318 - __main__ - WARNING - Indicator RSI failed: RSIIndicator() takes no arguments
2026-02-05 14:46:59,318 - __main__ - WARNING - Indicator Stochastic failed: StochasticIndicator() takes no arguments
2026-02-05 14:46:59,318 - __main__ - WARNING - Indicator WilliamsR failed: WilliamsRIndicator() takes no arguments
2026-02-05 14:46:59,318 - __main__ - WARNING - Indicator ADX failed: ADXIndicator() takes no arguments
2026-02-05 14:46:59,318 - __main__ - WARNING - Indicator  Aroon failed: AroonIndicator() takes no arguments
2026-02-05 14:46:59,318 - __main__ - WARNING - Indicator EMA failed: EMAIndicator() takes no arguments
2026-02-05 14:46:59,318 - __main__ - WARNING - Indicator IchimokuCloud failed: IchimokuCloudIndicator() takes no arguments
2026-02-05 14:46:59,318 - __main__ - WARNING - Indicator MACD failed: MACDIndicator() takes no arguments
2026-02-05 14:46:59,318 - __main__ - WARNING - Indicator ParabolicSAR failed: ParabolicSARIndicator() takes no arguments
2026-02-05 14:46:59,318 - __main__ - WARNING - Indicator SMA failed: SMAIndicator() takes no arguments
2026-02-05 14:46:59,318 - __main__ - WARNING - Indicator ATR failed: ATRIndicator() takes no arguments
2026-02-05 14:46:59,318 - __main__ - WARNING - Indicator HistoricalVolatility failed: HistoricalVolatilityIndicator() takes no arguments
2026-02-05 14:46:59,318 - __main__ - WARNING - Indicator KeltnerChannel failed: KeltnerChannelIndicator() takes no arguments
2026-02-05 14:46:59,318 - __main__ - WARNING - Indicator VolatilityRatio failed: VolatilityRatioIndicator() takes no arguments
2026-02-05 14:46:59,318 - __main__ - WARNING - Indicator BollingerBands failed: BollingerBandsIndicator() takes no arguments
2026-02-05 14:46:59,318 - __main__ - WARNING - Indicator CCI failed: CCIIndicator() takes no arguments
2026-02-05 14:46:59,318 - __main__ - WARNING - Indicator RateOfChange failed: ROCIndicator() takes no arguments
2026-02-05 14:46:59,318 - __main__ - WARNING - Indicator UltimateOscillator failed: UltimateOscillator() takes no arguments
2026-02-05 14:46:59,318 - __main__ - WARNING - Indicator AccumulationDistribution failed: ADIndicator() takes no arguments
2026-02-05 14:46:59,318 - __main__ - WARNING - Indicator ChaikinOscillator failed: ChaikinOscillator() takes no arguments
2026-02-05 14:46:59,318 - __main__ - WARNING - Indicator OBV failed: Invalid value '-23256080.166192' for dtype 'int64'
2026-02-05 14:46:59,319 - __main__ - WARNING - Indicator VolumeEMA failed: VolumeEMAIndicator() takes no arguments
2026-02-05 14:46:59,319 - __main__ - WARNING - Strategy MACDTrend failed: SignalResult.__init__() missing 2 required positional arguments: 'price' and 'reason'
2026-02-05 14:46:59,319 - __main__ - WARNING - Strategy ADXTrend failed: SignalResult.__init__() missing 2 required positional arguments: 'price' and 'reason'
2026-02-05 14:46:59,319 - __main__ - WARNING - Strategy ADX_Ichimoku_Cloud failed: SignalResult.__init__() missing 2 required positional arguments: 'price' and 'reason'
2026-02-05 14:46:59,319 - __main__ - WARNING - Strategy ADX_ParabolicSAR_Stop failed: SignalResult.__init__() missing 2 required positional arguments: 'price' and 'reason'
2026-02-05 14:46:59,319 - __main__ - WARNING - Strategy ADX_Stochastic_Momentum failed: SignalResult.__init__() missing 2 required positional arguments: 'price' and 'reason'
2026-02-05 14:46:59,319 - __main__ - WARNING - Strategy ADX_Trend_Strength failed: SignalResult.__init__() missing 2 required positional arguments: 'price' and 'reason'
2026-02-05 14:46:59,319 - __main__ - WARNING - Strategy ADX_Volatility_Expansion failed: SignalResult.__init__() missing 2 required positional arguments: 'price' and 'reason'
2026-02-05 14:46:59,319 - __main__ - WARNING - Strategy MACD_ADX_TrendRide failed: SignalResult.__init__() missing 2 required positional arguments: 'price' and 'reason'
2026-02-05 14:46:59,319 - __main__ - WARNING - Strategy MACD_BB_Breakout failed: SignalResult.__init__() missing 2 required positional arguments: 'price' and 'reason'
2026-02-05 14:46:59,319 - __main__ - WARNING - Strategy MACD_RSI_Crossover failed: SignalResult.__init__() missing 2 required positional arguments: 'price' and 'reason'
2026-02-05 14:46:59,319 - __main__ - WARNING - Strategy MACD_SMA_Crossover failed: SignalResult.__init__() missing 2 required positional arguments: 'price' and 'reason'
2026-02-05 14:46:59,319 - __main__ - WARNING - Strategy MACD_Volume_Trend failed: SignalResult.__init__() missing 2 required positional arguments: 'price' and 'reason'
2026-02-05 14:46:59,319 - __main__ - WARNING - Strategy RSI_ADX_TrendConfirm failed: SignalResult.__init__() missing 2 required positional arguments: 'price' and 'reason'
2026-02-05 14:46:59,319 - __main__ - WARNING - Strategy RSI_BB_Squeeze failed: SignalResult.__init__() missing 2 required positional arguments: 'price' and 'reason'
2026-02-05 14:46:59,319 - __main__ - WARNING - Strategy RSI_MACD_Divergence failed: SignalResult.__init__() missing 2 required positional arguments: 'price' and 'reason'
2026-02-05 14:46:59,319 - __main__ - WARNING - Strategy RSI_Stochastic_Oversold failed: SignalResult.__init__() missing 2 required positional arguments: 'price' and 'reason'
2026-02-05 14:46:59,320 - __main__ - WARNING - Strategy RSI_Volume_Confirmation failed: SignalResult.__init__() missing 2 required positional arguments: 'price' and 'reason'
2026-02-05 14:46:59,320 - __main__ - WARNING - Strategy AD_Accumulation failed: SignalResult.__init__() missing 2 required positional arguments: 'price' and 'reason'
2026-02-05 14:46:59,320 - __main__ - WARNING - Strategy ADX_DI_Crossover failed: SignalResult.__init__() missing 2 required positional arguments: 'price' and 'reason'
2026-02-05 14:46:59,320 - __main__ - WARNING - Strategy ATR_Trend_Confirmation failed: SignalResult.__init__() missing 2 required positional arguments: 'price' and 'reason'
2026-02-05 14:46:59,320 - __main__ - WARNING - Strategy Bollinger_Mean_Reversion failed: SignalResult.__init__() missing 2 required positional arguments: 'price' and 'reason'
2026-02-05 14:46:59,320 - __main__ - WARNING - Strategy BollingerWidth_Expansion failed: SignalResult.__init__() missing 2 required positional arguments: 'price' and 'reason'
2026-02-05 14:46:59,320 - __main__ - WARNING - Strategy CCI_Mean_Reversion failed: SignalResult.__init__() missing 2 required positional arguments: 'price' and 'reason'
2026-02-05 14:46:59,320 - __main__ - WARNING - Strategy Chaikin_Volume_Oscillator failed: SignalResult.__init__() missing 2 required positional arguments: 'price' and 'reason'
2026-02-05 14:46:59,320 - __main__ - WARNING - Strategy Dual_Moving_Average_Crossover failed: SignalResult.__init__() missing 2 required positional arguments: 'price' and 'reason'
2026-02-05 14:46:59,320 - __main__ - WARNING - Strategy End_of_Day_Reversion failed: SignalResult.__init__() missing 2 required positional arguments: 'price' and 'reason'
2026-02-05 14:46:59,320 - __main__ - WARNING - Strategy HistoricalVolatility_Range failed: SignalResult.__init__() missing 2 required positional arguments: 'price' and 'reason'
2026-02-05 14:46:59,320 - __main__ - WARNING - Strategy Keltner_Bollinger_Squeeze failed: SignalResult.__init__() missing 2 required positional arguments: 'price' and 'reason'
2026-02-05 14:46:59,320 - __main__ - WARNING - Strategy MACD_Zero_Cross failed: SignalResult.__init__() missing 2 required positional arguments: 'price' and 'reason'
2026-02-05 14:46:59,320 - __main__ - WARNING - Strategy Momentum_ADX_Strength failed: SignalResult.__init__() missing 2 required positional arguments: 'price' and 'reason'
2026-02-05 14:46:59,320 - __main__ - WARNING - Strategy Momentum_Exhaustion failed: SignalResult.__init__() missing 2 required positional arguments: 'price' and 'reason'
2026-02-05 14:46:59,320 - __main__ - WARNING - Strategy Momentum_RateOfChange failed: SignalResult.__init__() missing 2 required positional arguments: 'price' and 'reason'
2026-02-05 14:46:59,320 - __main__ - WARNING - Strategy Momentum_Volume_Rally failed: SignalResult.__init__() missing 2 required positional arguments: 'price' and 'reason'
2026-02-05 14:46:59,320 - __main__ - WARNING - Strategy OBV_Trend_Follow failed: SignalResult.__init__() missing 2 required positional arguments: 'price' and 'reason'
2026-02-05 14:46:59,320 - __main__ - WARNING - Strategy Opening_Gap failed: SignalResult.__init__() missing 2 required positional arguments: 'price' and 'reason'
2026-02-05 14:46:59,321 - __main__ - WARNING - Strategy Overbought_Decline failed: SignalResult.__init__() missing 2 required positional arguments: 'price' and 'reason'
2026-02-05 14:46:59,321 - __main__ - WARNING - Strategy Oversold_Bounce failed: SignalResult.__init__() missing 2 required positional arguments: 'price' and 'reason'
2026-02-05 14:46:59,321 - __main__ - WARNING - Strategy RSI_Divergence failed: SignalResult.__init__() missing 2 required positional arguments: 'price' and 'reason'
2026-02-05 14:46:59,321 - __main__ - WARNING - Strategy RSI_SMA_Strategy failed: SignalResult.__init__() missing 2 required positional arguments: 'price' and 'reason'
2026-02-05 14:46:59,321 - __main__ - WARNING - Strategy SectorAdaptive failed: cannot use 'dict' as a dict key (unhashable type: 'dict')
2026-02-05 14:46:59,321 - __main__ - WARNING - Strategy Stochastic_Momentum failed: SignalResult.__init__() missing 2 required positional arguments: 'price' and 'reason'
2026-02-05 14:46:59,321 - __main__ - WARNING - Strategy Stochastic_RSI_Oscillator failed: SignalResult.__init__() missing 2 required positional arguments: 'price' and 'reason'
2026-02-05 14:46:59,321 - __main__ - WARNING - Strategy Three_MA_Trend failed: SignalResult.__init__() missing 2 required positional arguments: 'price' and 'reason'
2026-02-05 14:46:59,321 - __main__ - WARNING - Strategy Trend_Filter_RSI failed: SignalResult.__init__() missing 2 required positional arguments: 'price' and 'reason'
2026-02-05 14:46:59,321 - __main__ - WARNING - Strategy Trend_Pullback failed: SignalResult.__init__() missing 2 required positional arguments: 'price' and 'reason'
2026-02-05 14:46:59,321 - __main__ - WARNING - Strategy Trend_Volume_Alignment failed: SignalResult.__init__() missing 2 required positional arguments: 'price' and 'reason'
2026-02-05 14:46:59,321 - __main__ - WARNING - Strategy Triple_Indicator_Confirm failed: SignalResult.__init__() missing 2 required positional arguments: 'price' and 'reason'
2026-02-05 14:46:59,321 - __main__ - WARNING - Strategy VWAP_Reversal failed: 'IndicatorResult' object has no attribute 'get'
2026-02-05 14:46:59,321 - __main__ - WARNING - Strategy Volatility_Contraction failed: SignalResult.__init__() missing 2 required positional arguments: 'price' and 'reason'
2026-02-05 14:46:59,321 - __main__ - WARNING - Strategy VolatilityRatio_Trend failed: SignalResult.__init__() missing 2 required positional arguments: 'price' and 'reason'
2026-02-05 14:46:59,321 - __main__ - WARNING - Strategy Volume_Price_Confirmation failed: SignalResult.__init__() missing 2 required positional arguments: 'price' and 'reason'
2026-02-05 14:46:59,321 - __main__ - WARNING - Strategy Volume_Trend_Divergence failed: SignalResult.__init__() missing 2 required positional arguments: 'price' and 'reason'
2026-02-05 14:46:59,321 - __main__ - WARNING - Strategy WilliamsR_Momentum failed: SignalResult.__init__() missing 2 required positional arguments: 'price' and 'reason'
2026-02-05 14:46:59,321 - __main__ - WARNING - Strategy RSI_Reversal failed: SignalResult.__init__() missing 2 required positional arguments: 'price' and 'reason'
2026-02-05 14:46:59,322 - data - INFO - 使用本地數據: GOOGL (275 rows)
2026-02-05 14:46:59,322 - __main__ - WARNING - Indicator Momentum failed: Momentum() takes no arguments
2026-02-05 14:46:59,322 - __main__ - WARNING - Indicator RSI failed: RSIIndicator() takes no arguments
2026-02-05 14:46:59,322 - __main__ - WARNING - Indicator Stochastic failed: StochasticIndicator() takes no arguments
2026-02-05 14:46:59,322 - __main__ - WARNING - Indicator WilliamsR failed: WilliamsRIndicator() takes no arguments
2026-02-05 14:46:59,322 - __main__ - WARNING - Indicator ADX failed: ADXIndicator() takes no arguments
2026-02-05 14:46:59,322 - __main__ - WARNING - Indicator  Aroon failed: AroonIndicator() takes no arguments
2026-02-05 14:46:59,322 - __main__ - WARNING - Indicator EMA failed: EMAIndicator() takes no arguments
2026-02-05 14:46:59,322 - __main__ - WARNING - Indicator IchimokuCloud failed: IchimokuCloudIndicator() takes no arguments
2026-02-05 14:46:59,322 - __main__ - WARNING - Indicator MACD failed: MACDIndicator() takes no arguments
2026-02-05 14:46:59,322 - __main__ - WARNING - Indicator ParabolicSAR failed: ParabolicSARIndicator() takes no arguments
2026-02-05 14:46:59,322 - __main__ - WARNING - Indicator SMA failed: SMAIndicator() takes no arguments
2026-02-05 14:46:59,322 - __main__ - WARNING - Indicator ATR failed: ATRIndicator() takes no arguments
2026-02-05 14:46:59,322 - __main__ - WARNING - Indicator HistoricalVolatility failed: HistoricalVolatilityIndicator() takes no arguments
2026-02-05 14:46:59,322 - __main__ - WARNING - Indicator KeltnerChannel failed: KeltnerChannelIndicator() takes no arguments
2026-02-05 14:46:59,322 - __main__ - WARNING - Indicator VolatilityRatio failed: VolatilityRatioIndicator() takes no arguments
2026-02-05 14:46:59,322 - __main__ - WARNING - Indicator BollingerBands failed: BollingerBandsIndicator() takes no arguments
2026-02-05 14:46:59,322 - __main__ - WARNING - Indicator CCI failed: CCIIndicator() takes no arguments
2026-02-05 14:46:59,322 - __main__ - WARNING - Indicator RateOfChange failed: ROCIndicator() takes no arguments
2026-02-05 14:46:59,322 - __main__ - WARNING - Indicator UltimateOscillator failed: UltimateOscillator() takes no arguments
2026-02-05 14:46:59,322 - __main__ - WARNING - Indicator AccumulationDistribution failed: ADIndicator() takes no arguments
2026-02-05 14:46:59,322 - __main__ - WARNING - Indicator ChaikinOscillator failed: ChaikinOscillator() takes no arguments
2026-02-05 14:46:59,326 - __main__ - WARNING - Indicator VolumeEMA failed: VolumeEMAIndicator() takes no arguments
2026-02-05 14:46:59,326 - __main__ - WARNING - Strategy MACDTrend failed: SignalResult.__init__() missing 2 required positional arguments: 'price' and 'reason'
2026-02-05 14:46:59,326 - __main__ - WARNING - Strategy ADXTrend failed: SignalResult.__init__() missing 2 required positional arguments: 'price' and 'reason'
2026-02-05 14:46:59,326 - __main__ - WARNING - Strategy ADX_Ichimoku_Cloud failed: SignalResult.__init__() missing 2 required positional arguments: 'price' and 'reason'
2026-02-05 14:46:59,326 - __main__ - WARNING - Strategy ADX_ParabolicSAR_Stop failed: SignalResult.__init__() missing 2 required positional arguments: 'price' and 'reason'
2026-02-05 14:46:59,326 - __main__ - WARNING - Strategy ADX_Stochastic_Momentum failed: SignalResult.__init__() missing 2 required positional arguments: 'price' and 'reason'
2026-02-05 14:46:59,326 - __main__ - WARNING - Strategy ADX_Trend_Strength failed: SignalResult.__init__() missing 2 required positional arguments: 'price' and 'reason'
2026-02-05 14:46:59,326 - __main__ - WARNING - Strategy ADX_Volatility_Expansion failed: SignalResult.__init__() missing 2 required positional arguments: 'price' and 'reason'
2026-02-05 14:46:59,326 - __main__ - WARNING - Strategy MACD_ADX_TrendRide failed: SignalResult.__init__() missing 2 required positional arguments: 'price' and 'reason'
2026-02-05 14:46:59,326 - __main__ - WARNING - Strategy MACD_BB_Breakout failed: SignalResult.__init__() missing 2 required positional arguments: 'price' and 'reason'
2026-02-05 14:46:59,326 - __main__ - WARNING - Strategy MACD_RSI_Crossover failed: SignalResult.__init__() missing 2 required positional arguments: 'price' and 'reason'
2026-02-05 14:46:59,326 - __main__ - WARNING - Strategy MACD_SMA_Crossover failed: SignalResult.__init__() missing 2 required positional arguments: 'price' and 'reason'
2026-02-05 14:46:59,326 - __main__ - WARNING - Strategy MACD_Volume_Trend failed: SignalResult.__init__() missing 2 required positional arguments: 'price' and 'reason'
2026-02-05 14:46:59,326 - __main__ - WARNING - Strategy RSI_ADX_TrendConfirm failed: SignalResult.__init__() missing 2 required positional arguments: 'price' and 'reason'
2026-02-05 14:46:59,326 - __main__ - WARNING - Strategy RSI_BB_Squeeze failed: SignalResult.__init__() missing 2 required positional arguments: 'price' and 'reason'
2026-02-05 14:46:59,327 - __main__ - WARNING - Strategy RSI_MACD_Divergence failed: SignalResult.__init__() missing 2 required positional arguments: 'price' and 'reason'
2026-02-05 14:46:59,327 - __main__ - WARNING - Strategy RSI_Stochastic_Oversold failed: SignalResult.__init__() missing 2 required positional arguments: 'price' and 'reason'
2026-02-05 14:46:59,327 - __main__ - WARNING - Strategy RSI_Volume_Confirmation failed: SignalResult.__init__() missing 2 required positional arguments: 'price' and 'reason'
2026-02-05 14:46:59,327 - __main__ - WARNING - Strategy AD_Accumulation failed: SignalResult.__init__() missing 2 required positional arguments: 'price' and 'reason'
2026-02-05 14:46:59,327 - __main__ - WARNING - Strategy ADX_DI_Crossover failed: SignalResult.__init__() missing 2 required positional arguments: 'price' and 'reason'
2026-02-05 14:46:59,327 - __main__ - WARNING - Strategy ATR_Trend_Confirmation failed: SignalResult.__init__() missing 2 required positional arguments: 'price' and 'reason'
2026-02-05 14:46:59,327 - __main__ - WARNING - Strategy Bollinger_Mean_Reversion failed: SignalResult.__init__() missing 2 required positional arguments: 'price' and 'reason'
2026-02-05 14:46:59,327 - __main__ - WARNING - Strategy BollingerWidth_Expansion failed: SignalResult.__init__() missing 2 required positional arguments: 'price' and 'reason'
2026-02-05 14:46:59,327 - __main__ - WARNING - Strategy CCI_Mean_Reversion failed: SignalResult.__init__() missing 2 required positional arguments: 'price' and 'reason'
2026-02-05 14:46:59,327 - __main__ - WARNING - Strategy Chaikin_Volume_Oscillator failed: SignalResult.__init__() missing 2 required positional arguments: 'price' and 'reason'
2026-02-05 14:46:59,327 - __main__ - WARNING - Strategy Dual_Moving_Average_Crossover failed: SignalResult.__init__() missing 2 required positional arguments: 'price' and 'reason'
2026-02-05 14:46:59,327 - __main__ - WARNING - Strategy End_of_Day_Reversion failed: SignalResult.__init__() missing 2 required positional arguments: 'price' and 'reason'
2026-02-05 14:46:59,327 - __main__ - WARNING - Strategy HistoricalVolatility_Range failed: SignalResult.__init__() missing 2 required positional arguments: 'price' and 'reason'
2026-02-05 14:46:59,327 - __main__ - WARNING - Strategy Keltner_Bollinger_Squeeze failed: SignalResult.__init__() missing 2 required positional arguments: 'price' and 'reason'
2026-02-05 14:46:59,327 - __main__ - WARNING - Strategy MACD_Zero_Cross failed: SignalResult.__init__() missing 2 required positional arguments: 'price' and 'reason'
2026-02-05 14:46:59,327 - __main__ - WARNING - Strategy Momentum_ADX_Strength failed: SignalResult.__init__() missing 2 required positional arguments: 'price' and 'reason'
2026-02-05 14:46:59,327 - __main__ - WARNING - Strategy Momentum_Exhaustion failed: SignalResult.__init__() missing 2 required positional arguments: 'price' and 'reason'
2026-02-05 14:46:59,327 - __main__ - WARNING - Strategy Momentum_RateOfChange failed: SignalResult.__init__() missing 2 required positional arguments: 'price' and 'reason'
2026-02-05 14:46:59,327 - __main__ - WARNING - Strategy Momentum_Volume_Rally failed: SignalResult.__init__() missing 2 required positional arguments: 'price' and 'reason'
2026-02-05 14:46:59,327 - __main__ - WARNING - Strategy OBV_Trend_Follow failed: 'IndicatorResult' object has no attribute 'get'
2026-02-05 14:46:59,328 - __main__ - WARNING - Strategy Opening_Gap failed: SignalResult.__init__() missing 2 required positional arguments: 'price' and 'reason'
2026-02-05 14:46:59,328 - __main__ - WARNING - Strategy Overbought_Decline failed: SignalResult.__init__() missing 2 required positional arguments: 'price' and 'reason'
2026-02-05 14:46:59,328 - __main__ - WARNING - Strategy Oversold_Bounce failed: SignalResult.__init__() missing 2 required positional arguments: 'price' and 'reason'
2026-02-05 14:46:59,328 - __main__ - WARNING - Strategy RSI_Divergence failed: SignalResult.__init__() missing 2 required positional arguments: 'price' and 'reason'
2026-02-05 14:46:59,328 - __main__ - WARNING - Strategy RSI_SMA_Strategy failed: SignalResult.__init__() missing 2 required positional arguments: 'price' and 'reason'
2026-02-05 14:46:59,328 - __main__ - WARNING - Strategy SectorAdaptive failed: cannot use 'dict' as a dict key (unhashable type: 'dict')
2026-02-05 14:46:59,328 - __main__ - WARNING - Strategy Stochastic_Momentum failed: SignalResult.__init__() missing 2 required positional arguments: 'price' and 'reason'
2026-02-05 14:46:59,328 - __main__ - WARNING - Strategy Stochastic_RSI_Oscillator failed: SignalResult.__init__() missing 2 required positional arguments: 'price' and 'reason'
2026-02-05 14:46:59,328 - __main__ - WARNING - Strategy Three_MA_Trend failed: SignalResult.__init__() missing 2 required positional arguments: 'price' and 'reason'
2026-02-05 14:46:59,328 - __main__ - WARNING - Strategy Trend_Filter_RSI failed: SignalResult.__init__() missing 2 required positional arguments: 'price' and 'reason'
2026-02-05 14:46:59,328 - __main__ - WARNING - Strategy Trend_Pullback failed: SignalResult.__init__() missing 2 required positional arguments: 'price' and 'reason'
2026-02-05 14:46:59,328 - __main__ - WARNING - Strategy Trend_Volume_Alignment failed: SignalResult.__init__() missing 2 required positional arguments: 'price' and 'reason'
2026-02-05 14:46:59,328 - __main__ - WARNING - Strategy Triple_Indicator_Confirm failed: SignalResult.__init__() missing 2 required positional arguments: 'price' and 'reason'
2026-02-05 14:46:59,328 - __main__ - WARNING - Strategy VWAP_Reversal failed: 'IndicatorResult' object has no attribute 'get'
2026-02-05 14:46:59,328 - __main__ - WARNING - Strategy Volatility_Contraction failed: SignalResult.__init__() missing 2 required positional arguments: 'price' and 'reason'
2026-02-05 14:46:59,328 - __main__ - WARNING - Strategy VolatilityRatio_Trend failed: SignalResult.__init__() missing 2 required positional arguments: 'price' and 'reason'
2026-02-05 14:46:59,328 - __main__ - WARNING - Strategy Volume_Price_Confirmation failed: SignalResult.__init__() missing 2 required positional arguments: 'price' and 'reason'
2026-02-05 14:46:59,328 - __main__ - WARNING - Strategy Volume_Trend_Divergence failed: SignalResult.__init__() missing 2 required positional arguments: 'price' and 'reason'
2026-02-05 14:46:59,328 - __main__ - WARNING - Strategy WilliamsR_Momentum failed: SignalResult.__init__() missing 2 required positional arguments: 'price' and 'reason'
2026-02-05 14:46:59,328 - __main__ - WARNING - Strategy RSI_Reversal failed: SignalResult.__init__() missing 2 required positional arguments: 'price' and 'reason'
2026-02-05 14:46:59,329 - data - INFO - 使用本地數據: AMZN (275 rows)
2026-02-05 14:46:59,329 - __main__ - WARNING - Indicator Momentum failed: Momentum() takes no arguments
2026-02-05 14:46:59,329 - __main__ - WARNING - Indicator RSI failed: RSIIndicator() takes no arguments
2026-02-05 14:46:59,329 - __main__ - WARNING - Indicator Stochastic failed: StochasticIndicator() takes no arguments
2026-02-05 14:46:59,329 - __main__ - WARNING - Indicator WilliamsR failed: WilliamsRIndicator() takes no arguments
2026-02-05 14:46:59,329 - __main__ - WARNING - Indicator ADX failed: ADXIndicator() takes no arguments
2026-02-05 14:46:59,329 - __main__ - WARNING - Indicator  Aroon failed: AroonIndicator() takes no arguments
2026-02-05 14:46:59,329 - __main__ - WARNING - Indicator EMA failed: EMAIndicator() takes no arguments
2026-02-05 14:46:59,329 - __main__ - WARNING - Indicator IchimokuCloud failed: IchimokuCloudIndicator() takes no arguments
2026-02-05 14:46:59,329 - __main__ - WARNING - Indicator MACD failed: MACDIndicator() takes no arguments
2026-02-05 14:46:59,329 - __main__ - WARNING - Indicator ParabolicSAR failed: ParabolicSARIndicator() takes no arguments
2026-02-05 14:46:59,329 - __main__ - WARNING - Indicator SMA failed: SMAIndicator() takes no arguments
2026-02-05 14:46:59,329 - __main__ - WARNING - Indicator ATR failed: ATRIndicator() takes no arguments
2026-02-05 14:46:59,329 - __main__ - WARNING - Indicator HistoricalVolatility failed: HistoricalVolatilityIndicator() takes no arguments
2026-02-05 14:46:59,329 - __main__ - WARNING - Indicator KeltnerChannel failed: KeltnerChannelIndicator() takes no arguments
2026-02-05 14:46:59,329 - __main__ - WARNING - Indicator VolatilityRatio failed: VolatilityRatioIndicator() takes no arguments
2026-02-05 14:46:59,329 - __main__ - WARNING - Indicator BollingerBands failed: BollingerBandsIndicator() takes no arguments
2026-02-05 14:46:59,329 - __main__ - WARNING - Indicator CCI failed: CCIIndicator() takes no arguments
2026-02-05 14:46:59,329 - __main__ - WARNING - Indicator RateOfChange failed: ROCIndicator() takes no arguments
2026-02-05 14:46:59,329 - __main__ - WARNING - Indicator UltimateOscillator failed: UltimateOscillator() takes no arguments
2026-02-05 14:46:59,329 - __main__ - WARNING - Indicator AccumulationDistribution failed: ADIndicator() takes no arguments
2026-02-05 14:46:59,329 - __main__ - WARNING - Indicator ChaikinOscillator failed: ChaikinOscillator() takes no arguments
2026-02-05 14:46:59,333 - __main__ - WARNING - Indicator VolumeEMA failed: VolumeEMAIndicator() takes no arguments
2026-02-05 14:46:59,333 - __main__ - WARNING - Strategy MACDTrend failed: SignalResult.__init__() missing 2 required positional arguments: 'price' and 'reason'
2026-02-05 14:46:59,333 - __main__ - WARNING - Strategy ADXTrend failed: SignalResult.__init__() missing 2 required positional arguments: 'price' and 'reason'
2026-02-05 14:46:59,333 - __main__ - WARNING - Strategy ADX_Ichimoku_Cloud failed: SignalResult.__init__() missing 2 required positional arguments: 'price' and 'reason'
2026-02-05 14:46:59,333 - __main__ - WARNING - Strategy ADX_ParabolicSAR_Stop failed: SignalResult.__init__() missing 2 required positional arguments: 'price' and 'reason'
2026-02-05 14:46:59,333 - __main__ - WARNING - Strategy ADX_Stochastic_Momentum failed: SignalResult.__init__() missing 2 required positional arguments: 'price' and 'reason'
2026-02-05 14:46:59,333 - __main__ - WARNING - Strategy ADX_Trend_Strength failed: SignalResult.__init__() missing 2 required positional arguments: 'price' and 'reason'
2026-02-05 14:46:59,333 - __main__ - WARNING - Strategy ADX_Volatility_Expansion failed: SignalResult.__init__() missing 2 required positional arguments: 'price' and 'reason'
2026-02-05 14:46:59,333 - __main__ - WARNING - Strategy MACD_ADX_TrendRide failed: SignalResult.__init__() missing 2 required positional arguments: 'price' and 'reason'
2026-02-05 14:46:59,333 - __main__ - WARNING - Strategy MACD_BB_Breakout failed: SignalResult.__init__() missing 2 required positional arguments: 'price' and 'reason'
2026-02-05 14:46:59,333 - __main__ - WARNING - Strategy MACD_RSI_Crossover failed: SignalResult.__init__() missing 2 required positional arguments: 'price' and 'reason'
2026-02-05 14:46:59,333 - __main__ - WARNING - Strategy MACD_SMA_Crossover failed: SignalResult.__init__() missing 2 required positional arguments: 'price' and 'reason'
2026-02-05 14:46:59,333 - __main__ - WARNING - Strategy MACD_Volume_Trend failed: SignalResult.__init__() missing 2 required positional arguments: 'price' and 'reason'
2026-02-05 14:46:59,333 - __main__ - WARNING - Strategy RSI_ADX_TrendConfirm failed: SignalResult.__init__() missing 2 required positional arguments: 'price' and 'reason'
2026-02-05 14:46:59,333 - __main__ - WARNING - Strategy RSI_BB_Squeeze failed: SignalResult.__init__() missing 2 required positional arguments: 'price' and 'reason'
2026-02-05 14:46:59,333 - __main__ - WARNING - Strategy RSI_MACD_Divergence failed: SignalResult.__init__() missing 2 required positional arguments: 'price' and 'reason'
2026-02-05 14:46:59,334 - __main__ - WARNING - Strategy RSI_Stochastic_Oversold failed: SignalResult.__init__() missing 2 required positional arguments: 'price' and 'reason'
2026-02-05 14:46:59,334 - __main__ - WARNING - Strategy RSI_Volume_Confirmation failed: SignalResult.__init__() missing 2 required positional arguments: 'price' and 'reason'
2026-02-05 14:46:59,334 - __main__ - WARNING - Strategy AD_Accumulation failed: SignalResult.__init__() missing 2 required positional arguments: 'price' and 'reason'
2026-02-05 14:46:59,334 - __main__ - WARNING - Strategy ADX_DI_Crossover failed: SignalResult.__init__() missing 2 required positional arguments: 'price' and 'reason'
2026-02-05 14:46:59,334 - __main__ - WARNING - Strategy ATR_Trend_Confirmation failed: SignalResult.__init__() missing 2 required positional arguments: 'price' and 'reason'
2026-02-05 14:46:59,334 - __main__ - WARNING - Strategy Bollinger_Mean_Reversion failed: SignalResult.__init__() missing 2 required positional arguments: 'price' and 'reason'
2026-02-05 14:46:59,334 - __main__ - WARNING - Strategy BollingerWidth_Expansion failed: SignalResult.__init__() missing 2 required positional arguments: 'price' and 'reason'
2026-02-05 14:46:59,334 - __main__ - WARNING - Strategy CCI_Mean_Reversion failed: SignalResult.__init__() missing 2 required positional arguments: 'price' and 'reason'
2026-02-05 14:46:59,334 - __main__ - WARNING - Strategy Chaikin_Volume_Oscillator failed: SignalResult.__init__() missing 2 required positional arguments: 'price' and 'reason'
2026-02-05 14:46:59,334 - __main__ - WARNING - Strategy Dual_Moving_Average_Crossover failed: SignalResult.__init__() missing 2 required positional arguments: 'price' and 'reason'
2026-02-05 14:46:59,334 - __main__ - WARNING - Strategy End_of_Day_Reversion failed: SignalResult.__init__() missing 2 required positional arguments: 'price' and 'reason'
2026-02-05 14:46:59,334 - __main__ - WARNING - Strategy HistoricalVolatility_Range failed: SignalResult.__init__() missing 2 required positional arguments: 'price' and 'reason'
2026-02-05 14:46:59,334 - __main__ - WARNING - Strategy Keltner_Bollinger_Squeeze failed: SignalResult.__init__() missing 2 required positional arguments: 'price' and 'reason'
2026-02-05 14:46:59,334 - __main__ - WARNING - Strategy MACD_Zero_Cross failed: SignalResult.__init__() missing 2 required positional arguments: 'price' and 'reason'
2026-02-05 14:46:59,334 - __main__ - WARNING - Strategy Momentum_ADX_Strength failed: SignalResult.__init__() missing 2 required positional arguments: 'price' and 'reason'
2026-02-05 14:46:59,334 - __main__ - WARNING - Strategy Momentum_Exhaustion failed: SignalResult.__init__() missing 2 required positional arguments: 'price' and 'reason'
2026-02-05 14:46:59,334 - __main__ - WARNING - Strategy Momentum_RateOfChange failed: SignalResult.__init__() missing 2 required positional arguments: 'price' and 'reason'
2026-02-05 14:46:59,334 - __main__ - WARNING - Strategy Momentum_Volume_Rally failed: SignalResult.__init__() missing 2 required positional arguments: 'price' and 'reason'
2026-02-05 14:46:59,334 - __main__ - WARNING - Strategy OBV_Trend_Follow failed: 'IndicatorResult' object has no attribute 'get'
2026-02-05 14:46:59,334 - __main__ - WARNING - Strategy Opening_Gap failed: SignalResult.__init__() missing 2 required positional arguments: 'price' and 'reason'
2026-02-05 14:46:59,335 - __main__ - WARNING - Strategy Overbought_Decline failed: SignalResult.__init__() missing 2 required positional arguments: 'price' and 'reason'
2026-02-05 14:46:59,335 - __main__ - WARNING - Strategy Oversold_Bounce failed: SignalResult.__init__() missing 2 required positional arguments: 'price' and 'reason'
2026-02-05 14:46:59,335 - __main__ - WARNING - Strategy RSI_Divergence failed: SignalResult.__init__() missing 2 required positional arguments: 'price' and 'reason'
2026-02-05 14:46:59,335 - __main__ - WARNING - Strategy RSI_SMA_Strategy failed: SignalResult.__init__() missing 2 required positional arguments: 'price' and 'reason'
2026-02-05 14:46:59,335 - __main__ - WARNING - Strategy SectorAdaptive failed: cannot use 'dict' as a dict key (unhashable type: 'dict')
2026-02-05 14:46:59,335 - __main__ - WARNING - Strategy Stochastic_Momentum failed: SignalResult.__init__() missing 2 required positional arguments: 'price' and 'reason'
2026-02-05 14:46:59,335 - __main__ - WARNING - Strategy Stochastic_RSI_Oscillator failed: SignalResult.__init__() missing 2 required positional arguments: 'price' and 'reason'
2026-02-05 14:46:59,335 - __main__ - WARNING - Strategy Three_MA_Trend failed: SignalResult.__init__() missing 2 required positional arguments: 'price' and 'reason'
2026-02-05 14:46:59,335 - __main__ - WARNING - Strategy Trend_Filter_RSI failed: SignalResult.__init__() missing 2 required positional arguments: 'price' and 'reason'
2026-02-05 14:46:59,335 - __main__ - WARNING - Strategy Trend_Pullback failed: SignalResult.__init__() missing 2 required positional arguments: 'price' and 'reason'
2026-02-05 14:46:59,335 - __main__ - WARNING - Strategy Trend_Volume_Alignment failed: SignalResult.__init__() missing 2 required positional arguments: 'price' and 'reason'
2026-02-05 14:46:59,335 - __main__ - WARNING - Strategy Triple_Indicator_Confirm failed: SignalResult.__init__() missing 2 required positional arguments: 'price' and 'reason'
2026-02-05 14:46:59,335 - __main__ - WARNING - Strategy VWAP_Reversal failed: 'IndicatorResult' object has no attribute 'get'
2026-02-05 14:46:59,335 - __main__ - WARNING - Strategy Volatility_Contraction failed: SignalResult.__init__() missing 2 required positional arguments: 'price' and 'reason'
2026-02-05 14:46:59,335 - __main__ - WARNING - Strategy VolatilityRatio_Trend failed: SignalResult.__init__() missing 2 required positional arguments: 'price' and 'reason'
2026-02-05 14:46:59,335 - __main__ - WARNING - Strategy Volume_Price_Confirmation failed: SignalResult.__init__() missing 2 required positional arguments: 'price' and 'reason'
2026-02-05 14:46:59,335 - __main__ - WARNING - Strategy Volume_Trend_Divergence failed: SignalResult.__init__() missing 2 required positional arguments: 'price' and 'reason'
2026-02-05 14:46:59,335 - __main__ - WARNING - Strategy WilliamsR_Momentum failed: SignalResult.__init__() missing 2 required positional arguments: 'price' and 'reason'
2026-02-05 14:46:59,335 - __main__ - WARNING - Strategy RSI_Reversal failed: SignalResult.__init__() missing 2 required positional arguments: 'price' and 'reason'
2026-02-05 14:46:59,336 - data - INFO - 使用本地數據: NVDA (275 rows)
2026-02-05 14:46:59,336 - __main__ - WARNING - Indicator Momentum failed: Momentum() takes no arguments
2026-02-05 14:46:59,336 - __main__ - WARNING - Indicator RSI failed: RSIIndicator() takes no arguments
2026-02-05 14:46:59,336 - __main__ - WARNING - Indicator Stochastic failed: StochasticIndicator() takes no arguments
2026-02-05 14:46:59,336 - __main__ - WARNING - Indicator WilliamsR failed: WilliamsRIndicator() takes no arguments
2026-02-05 14:46:59,336 - __main__ - WARNING - Indicator ADX failed: ADXIndicator() takes no arguments
2026-02-05 14:46:59,336 - __main__ - WARNING - Indicator  Aroon failed: AroonIndicator() takes no arguments
2026-02-05 14:46:59,336 - __main__ - WARNING - Indicator EMA failed: EMAIndicator() takes no arguments
2026-02-05 14:46:59,336 - __main__ - WARNING - Indicator IchimokuCloud failed: IchimokuCloudIndicator() takes no arguments
2026-02-05 14:46:59,336 - __main__ - WARNING - Indicator MACD failed: MACDIndicator() takes no arguments
2026-02-05 14:46:59,336 - __main__ - WARNING - Indicator ParabolicSAR failed: ParabolicSARIndicator() takes no arguments
2026-02-05 14:46:59,336 - __main__ - WARNING - Indicator SMA failed: SMAIndicator() takes no arguments
2026-02-05 14:46:59,336 - __main__ - WARNING - Indicator ATR failed: ATRIndicator() takes no arguments
2026-02-05 14:46:59,336 - __main__ - WARNING - Indicator HistoricalVolatility failed: HistoricalVolatilityIndicator() takes no arguments
2026-02-05 14:46:59,336 - __main__ - WARNING - Indicator KeltnerChannel failed: KeltnerChannelIndicator() takes no arguments
2026-02-05 14:46:59,336 - __main__ - WARNING - Indicator VolatilityRatio failed: VolatilityRatioIndicator() takes no arguments
2026-02-05 14:46:59,336 - __main__ - WARNING - Indicator BollingerBands failed: BollingerBandsIndicator() takes no arguments
2026-02-05 14:46:59,336 - __main__ - WARNING - Indicator CCI failed: CCIIndicator() takes no arguments
2026-02-05 14:46:59,336 - __main__ - WARNING - Indicator RateOfChange failed: ROCIndicator() takes no arguments
2026-02-05 14:46:59,336 - __main__ - WARNING - Indicator UltimateOscillator failed: UltimateOscillator() takes no arguments
2026-02-05 14:46:59,336 - __main__ - WARNING - Indicator AccumulationDistribution failed: ADIndicator() takes no arguments
2026-02-05 14:46:59,336 - __main__ - WARNING - Indicator ChaikinOscillator failed: ChaikinOscillator() takes no arguments
2026-02-05 14:46:59,340 - __main__ - WARNING - Indicator VolumeEMA failed: VolumeEMAIndicator() takes no arguments
2026-02-05 14:46:59,340 - __main__ - WARNING - Strategy MACDTrend failed: SignalResult.__init__() missing 2 required positional arguments: 'price' and 'reason'
2026-02-05 14:46:59,340 - __main__ - WARNING - Strategy ADXTrend failed: SignalResult.__init__() missing 2 required positional arguments: 'price' and 'reason'
2026-02-05 14:46:59,340 - __main__ - WARNING - Strategy ADX_Ichimoku_Cloud failed: SignalResult.__init__() missing 2 required positional arguments: 'price' and 'reason'
2026-02-05 14:46:59,340 - __main__ - WARNING - Strategy ADX_ParabolicSAR_Stop failed: SignalResult.__init__() missing 2 required positional arguments: 'price' and 'reason'
2026-02-05 14:46:59,340 - __main__ - WARNING - Strategy ADX_Stochastic_Momentum failed: SignalResult.__init__() missing 2 required positional arguments: 'price' and 'reason'
2026-02-05 14:46:59,340 - __main__ - WARNING - Strategy ADX_Trend_Strength failed: SignalResult.__init__() missing 2 required positional arguments: 'price' and 'reason'
2026-02-05 14:46:59,340 - __main__ - WARNING - Strategy ADX_Volatility_Expansion failed: SignalResult.__init__() missing 2 required positional arguments: 'price' and 'reason'
2026-02-05 14:46:59,340 - __main__ - WARNING - Strategy MACD_ADX_TrendRide failed: SignalResult.__init__() missing 2 required positional arguments: 'price' and 'reason'
2026-02-05 14:46:59,340 - __main__ - WARNING - Strategy MACD_BB_Breakout failed: SignalResult.__init__() missing 2 required positional arguments: 'price' and 'reason'
2026-02-05 14:46:59,340 - __main__ - WARNING - Strategy MACD_RSI_Crossover failed: SignalResult.__init__() missing 2 required positional arguments: 'price' and 'reason'
2026-02-05 14:46:59,340 - __main__ - WARNING - Strategy MACD_SMA_Crossover failed: SignalResult.__init__() missing 2 required positional arguments: 'price' and 'reason'
2026-02-05 14:46:59,340 - __main__ - WARNING - Strategy MACD_Volume_Trend failed: SignalResult.__init__() missing 2 required positional arguments: 'price' and 'reason'
2026-02-05 14:46:59,340 - __main__ - WARNING - Strategy RSI_ADX_TrendConfirm failed: SignalResult.__init__() missing 2 required positional arguments: 'price' and 'reason'
2026-02-05 14:46:59,340 - __main__ - WARNING - Strategy RSI_BB_Squeeze failed: SignalResult.__init__() missing 2 required positional arguments: 'price' and 'reason'
2026-02-05 14:46:59,340 - __main__ - WARNING - Strategy RSI_MACD_Divergence failed: SignalResult.__init__() missing 2 required positional arguments: 'price' and 'reason'
2026-02-05 14:46:59,341 - __main__ - WARNING - Strategy RSI_Stochastic_Oversold failed: SignalResult.__init__() missing 2 required positional arguments: 'price' and 'reason'
2026-02-05 14:46:59,341 - __main__ - WARNING - Strategy RSI_Volume_Confirmation failed: SignalResult.__init__() missing 2 required positional arguments: 'price' and 'reason'
2026-02-05 14:46:59,341 - __main__ - WARNING - Strategy AD_Accumulation failed: SignalResult.__init__() missing 2 required positional arguments: 'price' and 'reason'
2026-02-05 14:46:59,341 - __main__ - WARNING - Strategy ADX_DI_Crossover failed: SignalResult.__init__() missing 2 required positional arguments: 'price' and 'reason'
2026-02-05 14:46:59,341 - __main__ - WARNING - Strategy ATR_Trend_Confirmation failed: SignalResult.__init__() missing 2 required positional arguments: 'price' and 'reason'
2026-02-05 14:46:59,341 - __main__ - WARNING - Strategy Bollinger_Mean_Reversion failed: SignalResult.__init__() missing 2 required positional arguments: 'price' and 'reason'
2026-02-05 14:46:59,341 - __main__ - WARNING - Strategy BollingerWidth_Expansion failed: SignalResult.__init__() missing 2 required positional arguments: 'price' and 'reason'
2026-02-05 14:46:59,341 - __main__ - WARNING - Strategy CCI_Mean_Reversion failed: SignalResult.__init__() missing 2 required positional arguments: 'price' and 'reason'
2026-02-05 14:46:59,341 - __main__ - WARNING - Strategy Chaikin_Volume_Oscillator failed: SignalResult.__init__() missing 2 required positional arguments: 'price' and 'reason'
2026-02-05 14:46:59,341 - __main__ - WARNING - Strategy Dual_Moving_Average_Crossover failed: SignalResult.__init__() missing 2 required positional arguments: 'price' and 'reason'
2026-02-05 14:46:59,341 - __main__ - WARNING - Strategy End_of_Day_Reversion failed: SignalResult.__init__() missing 2 required positional arguments: 'price' and 'reason'
2026-02-05 14:46:59,341 - __main__ - WARNING - Strategy HistoricalVolatility_Range failed: SignalResult.__init__() missing 2 required positional arguments: 'price' and 'reason'
2026-02-05 14:46:59,341 - __main__ - WARNING - Strategy Keltner_Bollinger_Squeeze failed: SignalResult.__init__() missing 2 required positional arguments: 'price' and 'reason'
2026-02-05 14:46:59,341 - __main__ - WARNING - Strategy MACD_Zero_Cross failed: SignalResult.__init__() missing 2 required positional arguments: 'price' and 'reason'
2026-02-05 14:46:59,341 - __main__ - WARNING - Strategy Momentum_ADX_Strength failed: SignalResult.__init__() missing 2 required positional arguments: 'price' and 'reason'
2026-02-05 14:46:59,341 - __main__ - WARNING - Strategy Momentum_Exhaustion failed: SignalResult.__init__() missing 2 required positional arguments: 'price' and 'reason'
2026-02-05 14:46:59,341 - __main__ - WARNING - Strategy Momentum_RateOfChange failed: SignalResult.__init__() missing 2 required positional arguments: 'price' and 'reason'
2026-02-05 14:46:59,341 - __main__ - WARNING - Strategy Momentum_Volume_Rally failed: SignalResult.__init__() missing 2 required positional arguments: 'price' and 'reason'
2026-02-05 14:46:59,341 - __main__ - WARNING - Strategy OBV_Trend_Follow failed: 'IndicatorResult' object has no attribute 'get'
2026-02-05 14:46:59,341 - __main__ - WARNING - Strategy Opening_Gap failed: SignalResult.__init__() missing 2 required positional arguments: 'price' and 'reason'
2026-02-05 14:46:59,341 - __main__ - WARNING - Strategy Overbought_Decline failed: SignalResult.__init__() missing 2 required positional arguments: 'price' and 'reason'
2026-02-05 14:46:59,342 - __main__ - WARNING - Strategy Oversold_Bounce failed: SignalResult.__init__() missing 2 required positional arguments: 'price' and 'reason'
2026-02-05 14:46:59,342 - __main__ - WARNING - Strategy RSI_Divergence failed: SignalResult.__init__() missing 2 required positional arguments: 'price' and 'reason'
2026-02-05 14:46:59,342 - __main__ - WARNING - Strategy RSI_SMA_Strategy failed: SignalResult.__init__() missing 2 required positional arguments: 'price' and 'reason'
2026-02-05 14:46:59,342 - __main__ - WARNING - Strategy SectorAdaptive failed: cannot use 'dict' as a dict key (unhashable type: 'dict')
2026-02-05 14:46:59,342 - __main__ - WARNING - Strategy Stochastic_Momentum failed: SignalResult.__init__() missing 2 required positional arguments: 'price' and 'reason'
2026-02-05 14:46:59,342 - __main__ - WARNING - Strategy Stochastic_RSI_Oscillator failed: SignalResult.__init__() missing 2 required positional arguments: 'price' and 'reason'
2026-02-05 14:46:59,342 - __main__ - WARNING - Strategy Three_MA_Trend failed: SignalResult.__init__() missing 2 required positional arguments: 'price' and 'reason'
2026-02-05 14:46:59,342 - __main__ - WARNING - Strategy Trend_Filter_RSI failed: SignalResult.__init__() missing 2 required positional arguments: 'price' and 'reason'
2026-02-05 14:46:59,342 - __main__ - WARNING - Strategy Trend_Pullback failed: SignalResult.__init__() missing 2 required positional arguments: 'price' and 'reason'
2026-02-05 14:46:59,342 - __main__ - WARNING - Strategy Trend_Volume_Alignment failed: SignalResult.__init__() missing 2 required positional arguments: 'price' and 'reason'
2026-02-05 14:46:59,342 - __main__ - WARNING - Strategy Triple_Indicator_Confirm failed: SignalResult.__init__() missing 2 required positional arguments: 'price' and 'reason'
2026-02-05 14:46:59,342 - __main__ - WARNING - Strategy VWAP_Reversal failed: 'IndicatorResult' object has no attribute 'get'
2026-02-05 14:46:59,342 - __main__ - WARNING - Strategy Volatility_Contraction failed: SignalResult.__init__() missing 2 required positional arguments: 'price' and 'reason'
2026-02-05 14:46:59,342 - __main__ - WARNING - Strategy VolatilityRatio_Trend failed: SignalResult.__init__() missing 2 required positional arguments: 'price' and 'reason'
2026-02-05 14:46:59,342 - __main__ - WARNING - Strategy Volume_Price_Confirmation failed: SignalResult.__init__() missing 2 required positional arguments: 'price' and 'reason'
2026-02-05 14:46:59,342 - __main__ - WARNING - Strategy Volume_Trend_Divergence failed: SignalResult.__init__() missing 2 required positional arguments: 'price' and 'reason'
2026-02-05 14:46:59,342 - __main__ - WARNING - Strategy WilliamsR_Momentum failed: SignalResult.__init__() missing 2 required positional arguments: 'price' and 'reason'
2026-02-05 14:46:59,342 - __main__ - WARNING - Strategy RSI_Reversal failed: SignalResult.__init__() missing 2 required positional arguments: 'price' and 'reason'
2026-02-05 14:46:59,343 - data - INFO - 使用本地數據: TSLA (275 rows)
2026-02-05 14:46:59,343 - __main__ - WARNING - Indicator Momentum failed: Momentum() takes no arguments
2026-02-05 14:46:59,343 - __main__ - WARNING - Indicator RSI failed: RSIIndicator() takes no arguments
2026-02-05 14:46:59,343 - __main__ - WARNING - Indicator Stochastic failed: StochasticIndicator() takes no arguments
2026-02-05 14:46:59,343 - __main__ - WARNING - Indicator WilliamsR failed: WilliamsRIndicator() takes no arguments
2026-02-05 14:46:59,343 - __main__ - WARNING - Indicator ADX failed: ADXIndicator() takes no arguments
2026-02-05 14:46:59,343 - __main__ - WARNING - Indicator  Aroon failed: AroonIndicator() takes no arguments
2026-02-05 14:46:59,343 - __main__ - WARNING - Indicator EMA failed: EMAIndicator() takes no arguments
2026-02-05 14:46:59,343 - __main__ - WARNING - Indicator IchimokuCloud failed: IchimokuCloudIndicator() takes no arguments
2026-02-05 14:46:59,343 - __main__ - WARNING - Indicator MACD failed: MACDIndicator() takes no arguments
2026-02-05 14:46:59,343 - __main__ - WARNING - Indicator ParabolicSAR failed: ParabolicSARIndicator() takes no arguments
2026-02-05 14:46:59,343 - __main__ - WARNING - Indicator SMA failed: SMAIndicator() takes no arguments
2026-02-05 14:46:59,343 - __main__ - WARNING - Indicator ATR failed: ATRIndicator() takes no arguments
2026-02-05 14:46:59,343 - __main__ - WARNING - Indicator HistoricalVolatility failed: HistoricalVolatilityIndicator() takes no arguments
2026-02-05 14:46:59,343 - __main__ - WARNING - Indicator KeltnerChannel failed: KeltnerChannelIndicator() takes no arguments
2026-02-05 14:46:59,343 - __main__ - WARNING - Indicator VolatilityRatio failed: VolatilityRatioIndicator() takes no arguments
2026-02-05 14:46:59,343 - __main__ - WARNING - Indicator BollingerBands failed: BollingerBandsIndicator() takes no arguments
2026-02-05 14:46:59,343 - __main__ - WARNING - Indicator CCI failed: CCIIndicator() takes no arguments
2026-02-05 14:46:59,343 - __main__ - WARNING - Indicator RateOfChange failed: ROCIndicator() takes no arguments
2026-02-05 14:46:59,343 - __main__ - WARNING - Indicator UltimateOscillator failed: UltimateOscillator() takes no arguments
2026-02-05 14:46:59,343 - __main__ - WARNING - Indicator AccumulationDistribution failed: ADIndicator() takes no arguments
2026-02-05 14:46:59,343 - __main__ - WARNING - Indicator ChaikinOscillator failed: ChaikinOscillator() takes no arguments
2026-02-05 14:46:59,347 - __main__ - WARNING - Indicator VolumeEMA failed: VolumeEMAIndicator() takes no arguments
2026-02-05 14:46:59,347 - __main__ - WARNING - Strategy MACDTrend failed: SignalResult.__init__() missing 2 required positional arguments: 'price' and 'reason'
2026-02-05 14:46:59,347 - __main__ - WARNING - Strategy ADXTrend failed: SignalResult.__init__() missing 2 required positional arguments: 'price' and 'reason'
2026-02-05 14:46:59,347 - __main__ - WARNING - Strategy ADX_Ichimoku_Cloud failed: SignalResult.__init__() missing 2 required positional arguments: 'price' and 'reason'
2026-02-05 14:46:59,347 - __main__ - WARNING - Strategy ADX_ParabolicSAR_Stop failed: SignalResult.__init__() missing 2 required positional arguments: 'price' and 'reason'
2026-02-05 14:46:59,347 - __main__ - WARNING - Strategy ADX_Stochastic_Momentum failed: SignalResult.__init__() missing 2 required positional arguments: 'price' and 'reason'
2026-02-05 14:46:59,347 - __main__ - WARNING - Strategy ADX_Trend_Strength failed: SignalResult.__init__() missing 2 required positional arguments: 'price' and 'reason'
2026-02-05 14:46:59,347 - __main__ - WARNING - Strategy ADX_Volatility_Expansion failed: SignalResult.__init__() missing 2 required positional arguments: 'price' and 'reason'
2026-02-05 14:46:59,347 - __main__ - WARNING - Strategy MACD_ADX_TrendRide failed: SignalResult.__init__() missing 2 required positional arguments: 'price' and 'reason'
2026-02-05 14:46:59,347 - __main__ - WARNING - Strategy MACD_BB_Breakout failed: SignalResult.__init__() missing 2 required positional arguments: 'price' and 'reason'
2026-02-05 14:46:59,347 - __main__ - WARNING - Strategy MACD_RSI_Crossover failed: SignalResult.__init__() missing 2 required positional arguments: 'price' and 'reason'
2026-02-05 14:46:59,347 - __main__ - WARNING - Strategy MACD_SMA_Crossover failed: SignalResult.__init__() missing 2 required positional arguments: 'price' and 'reason'
2026-02-05 14:46:59,347 - __main__ - WARNING - Strategy MACD_Volume_Trend failed: SignalResult.__init__() missing 2 required positional arguments: 'price' and 'reason'
2026-02-05 14:46:59,347 - __main__ - WARNING - Strategy RSI_ADX_TrendConfirm failed: SignalResult.__init__() missing 2 required positional arguments: 'price' and 'reason'
2026-02-05 14:46:59,347 - __main__ - WARNING - Strategy RSI_BB_Squeeze failed: SignalResult.__init__() missing 2 required positional arguments: 'price' and 'reason'
2026-02-05 14:46:59,347 - __main__ - WARNING - Strategy RSI_MACD_Divergence failed: SignalResult.__init__() missing 2 required positional arguments: 'price' and 'reason'
2026-02-05 14:46:59,347 - __main__ - WARNING - Strategy RSI_Stochastic_Oversold failed: SignalResult.__init__() missing 2 required positional arguments: 'price' and 'reason'
2026-02-05 14:46:59,348 - __main__ - WARNING - Strategy RSI_Volume_Confirmation failed: SignalResult.__init__() missing 2 required positional arguments: 'price' and 'reason'
2026-02-05 14:46:59,348 - __main__ - WARNING - Strategy AD_Accumulation failed: SignalResult.__init__() missing 2 required positional arguments: 'price' and 'reason'
2026-02-05 14:46:59,348 - __main__ - WARNING - Strategy ADX_DI_Crossover failed: SignalResult.__init__() missing 2 required positional arguments: 'price' and 'reason'
2026-02-05 14:46:59,348 - __main__ - WARNING - Strategy ATR_Trend_Confirmation failed: SignalResult.__init__() missing 2 required positional arguments: 'price' and 'reason'
2026-02-05 14:46:59,348 - __main__ - WARNING - Strategy Bollinger_Mean_Reversion failed: SignalResult.__init__() missing 2 required positional arguments: 'price' and 'reason'
2026-02-05 14:46:59,348 - __main__ - WARNING - Strategy BollingerWidth_Expansion failed: SignalResult.__init__() missing 2 required positional arguments: 'price' and 'reason'
2026-02-05 14:46:59,348 - __main__ - WARNING - Strategy CCI_Mean_Reversion failed: SignalResult.__init__() missing 2 required positional arguments: 'price' and 'reason'
2026-02-05 14:46:59,348 - __main__ - WARNING - Strategy Chaikin_Volume_Oscillator failed: SignalResult.__init__() missing 2 required positional arguments: 'price' and 'reason'
2026-02-05 14:46:59,348 - __main__ - WARNING - Strategy Dual_Moving_Average_Crossover failed: SignalResult.__init__() missing 2 required positional arguments: 'price' and 'reason'
2026-02-05 14:46:59,348 - __main__ - WARNING - Strategy End_of_Day_Reversion failed: SignalResult.__init__() missing 2 required positional arguments: 'price' and 'reason'
2026-02-05 14:46:59,348 - __main__ - WARNING - Strategy HistoricalVolatility_Range failed: SignalResult.__init__() missing 2 required positional arguments: 'price' and 'reason'
2026-02-05 14:46:59,348 - __main__ - WARNING - Strategy Keltner_Bollinger_Squeeze failed: SignalResult.__init__() missing 2 required positional arguments: 'price' and 'reason'
2026-02-05 14:46:59,348 - __main__ - WARNING - Strategy MACD_Zero_Cross failed: SignalResult.__init__() missing 2 required positional arguments: 'price' and 'reason'
2026-02-05 14:46:59,348 - __main__ - WARNING - Strategy Momentum_ADX_Strength failed: SignalResult.__init__() missing 2 required positional arguments: 'price' and 'reason'
2026-02-05 14:46:59,348 - __main__ - WARNING - Strategy Momentum_Exhaustion failed: SignalResult.__init__() missing 2 required positional arguments: 'price' and 'reason'
2026-02-05 14:46:59,348 - __main__ - WARNING - Strategy Momentum_RateOfChange failed: SignalResult.__init__() missing 2 required positional arguments: 'price' and 'reason'
2026-02-05 14:46:59,348 - __main__ - WARNING - Strategy Momentum_Volume_Rally failed: SignalResult.__init__() missing 2 required positional arguments: 'price' and 'reason'
2026-02-05 14:46:59,348 - __main__ - WARNING - Strategy OBV_Trend_Follow failed: 'IndicatorResult' object has no attribute 'get'
2026-02-05 14:46:59,348 - __main__ - WARNING - Strategy Opening_Gap failed: SignalResult.__init__() missing 2 required positional arguments: 'price' and 'reason'
2026-02-05 14:46:59,348 - __main__ - WARNING - Strategy Overbought_Decline failed: SignalResult.__init__() missing 2 required positional arguments: 'price' and 'reason'
2026-02-05 14:46:59,348 - __main__ - WARNING - Strategy Oversold_Bounce failed: SignalResult.__init__() missing 2 required positional arguments: 'price' and 'reason'
2026-02-05 14:46:59,348 - __main__ - WARNING - Strategy RSI_Divergence failed: SignalResult.__init__() missing 2 required positional arguments: 'price' and 'reason'
2026-02-05 14:46:59,349 - __main__ - WARNING - Strategy RSI_SMA_Strategy failed: SignalResult.__init__() missing 2 required positional arguments: 'price' and 'reason'
2026-02-05 14:46:59,349 - __main__ - WARNING - Strategy SectorAdaptive failed: cannot use 'dict' as a dict key (unhashable type: 'dict')
2026-02-05 14:46:59,349 - __main__ - WARNING - Strategy Stochastic_Momentum failed: SignalResult.__init__() missing 2 required positional arguments: 'price' and 'reason'
2026-02-05 14:46:59,349 - __main__ - WARNING - Strategy Stochastic_RSI_Oscillator failed: SignalResult.__init__() missing 2 required positional arguments: 'price' and 'reason'
2026-02-05 14:46:59,349 - __main__ - WARNING - Strategy Three_MA_Trend failed: SignalResult.__init__() missing 2 required positional arguments: 'price' and 'reason'
2026-02-05 14:46:59,349 - __main__ - WARNING - Strategy Trend_Filter_RSI failed: SignalResult.__init__() missing 2 required positional arguments: 'price' and 'reason'
2026-02-05 14:46:59,349 - __main__ - WARNING - Strategy Trend_Pullback failed: SignalResult.__init__() missing 2 required positional arguments: 'price' and 'reason'
2026-02-05 14:46:59,349 - __main__ - WARNING - Strategy Trend_Volume_Alignment failed: SignalResult.__init__() missing 2 required positional arguments: 'price' and 'reason'
2026-02-05 14:46:59,349 - __main__ - WARNING - Strategy Triple_Indicator_Confirm failed: SignalResult.__init__() missing 2 required positional arguments: 'price' and 'reason'
2026-02-05 14:46:59,349 - __main__ - WARNING - Strategy VWAP_Reversal failed: 'IndicatorResult' object has no attribute 'get'
2026-02-05 14:46:59,349 - __main__ - WARNING - Strategy Volatility_Contraction failed: SignalResult.__init__() missing 2 required positional arguments: 'price' and 'reason'
2026-02-05 14:46:59,349 - __main__ - WARNING - Strategy VolatilityRatio_Trend failed: SignalResult.__init__() missing 2 required positional arguments: 'price' and 'reason'
2026-02-05 14:46:59,349 - __main__ - WARNING - Strategy Volume_Price_Confirmation failed: SignalResult.__init__() missing 2 required positional arguments: 'price' and 'reason'
2026-02-05 14:46:59,349 - __main__ - WARNING - Strategy Volume_Trend_Divergence failed: SignalResult.__init__() missing 2 required positional arguments: 'price' and 'reason'
2026-02-05 14:46:59,349 - __main__ - WARNING - Strategy WilliamsR_Momentum failed: SignalResult.__init__() missing 2 required positional arguments: 'price' and 'reason'
2026-02-05 14:46:59,349 - __main__ - WARNING - Strategy RSI_Reversal failed: SignalResult.__init__() missing 2 required positional arguments: 'price' and 'reason'
2026-02-05 14:46:59,350 - data - INFO - 使用本地數據: TSM (275 rows)
2026-02-05 14:46:59,350 - __main__ - WARNING - Indicator Momentum failed: Momentum() takes no arguments
2026-02-05 14:46:59,350 - __main__ - WARNING - Indicator RSI failed: RSIIndicator() takes no arguments
2026-02-05 14:46:59,350 - __main__ - WARNING - Indicator Stochastic failed: StochasticIndicator() takes no arguments
2026-02-05 14:46:59,350 - __main__ - WARNING - Indicator WilliamsR failed: WilliamsRIndicator() takes no arguments
2026-02-05 14:46:59,350 - __main__ - WARNING - Indicator ADX failed: ADXIndicator() takes no arguments
2026-02-05 14:46:59,350 - __main__ - WARNING - Indicator  Aroon failed: AroonIndicator() takes no arguments
2026-02-05 14:46:59,350 - __main__ - WARNING - Indicator EMA failed: EMAIndicator() takes no arguments
2026-02-05 14:46:59,350 - __main__ - WARNING - Indicator IchimokuCloud failed: IchimokuCloudIndicator() takes no arguments
2026-02-05 14:46:59,350 - __main__ - WARNING - Indicator MACD failed: MACDIndicator() takes no arguments
2026-02-05 14:46:59,350 - __main__ - WARNING - Indicator ParabolicSAR failed: ParabolicSARIndicator() takes no arguments
2026-02-05 14:46:59,350 - __main__ - WARNING - Indicator SMA failed: SMAIndicator() takes no arguments
2026-02-05 14:46:59,350 - __main__ - WARNING - Indicator ATR failed: ATRIndicator() takes no arguments
2026-02-05 14:46:59,350 - __main__ - WARNING - Indicator HistoricalVolatility failed: HistoricalVolatilityIndicator() takes no arguments
2026-02-05 14:46:59,350 - __main__ - WARNING - Indicator KeltnerChannel failed: KeltnerChannelIndicator() takes no arguments
2026-02-05 14:46:59,350 - __main__ - WARNING - Indicator VolatilityRatio failed: VolatilityRatioIndicator() takes no arguments
2026-02-05 14:46:59,350 - __main__ - WARNING - Indicator BollingerBands failed: BollingerBandsIndicator() takes no arguments
2026-02-05 14:46:59,350 - __main__ - WARNING - Indicator CCI failed: CCIIndicator() takes no arguments
2026-02-05 14:46:59,350 - __main__ - WARNING - Indicator RateOfChange failed: ROCIndicator() takes no arguments
2026-02-05 14:46:59,350 - __main__ - WARNING - Indicator UltimateOscillator failed: UltimateOscillator() takes no arguments
2026-02-05 14:46:59,350 - __main__ - WARNING - Indicator AccumulationDistribution failed: ADIndicator() takes no arguments
2026-02-05 14:46:59,350 - __main__ - WARNING - Indicator ChaikinOscillator failed: ChaikinOscillator() takes no arguments
2026-02-05 14:46:59,353 - __main__ - WARNING - Indicator VolumeEMA failed: VolumeEMAIndicator() takes no arguments
2026-02-05 14:46:59,354 - __main__ - WARNING - Strategy MACDTrend failed: SignalResult.__init__() missing 2 required positional arguments: 'price' and 'reason'
2026-02-05 14:46:59,354 - __main__ - WARNING - Strategy ADXTrend failed: SignalResult.__init__() missing 2 required positional arguments: 'price' and 'reason'
2026-02-05 14:46:59,354 - __main__ - WARNING - Strategy ADX_Ichimoku_Cloud failed: SignalResult.__init__() missing 2 required positional arguments: 'price' and 'reason'
2026-02-05 14:46:59,354 - __main__ - WARNING - Strategy ADX_ParabolicSAR_Stop failed: SignalResult.__init__() missing 2 required positional arguments: 'price' and 'reason'
2026-02-05 14:46:59,354 - __main__ - WARNING - Strategy ADX_Stochastic_Momentum failed: SignalResult.__init__() missing 2 required positional arguments: 'price' and 'reason'
2026-02-05 14:46:59,354 - __main__ - WARNING - Strategy ADX_Trend_Strength failed: SignalResult.__init__() missing 2 required positional arguments: 'price' and 'reason'
2026-02-05 14:46:59,354 - __main__ - WARNING - Strategy ADX_Volatility_Expansion failed: SignalResult.__init__() missing 2 required positional arguments: 'price' and 'reason'
2026-02-05 14:46:59,354 - __main__ - WARNING - Strategy MACD_ADX_TrendRide failed: SignalResult.__init__() missing 2 required positional arguments: 'price' and 'reason'
2026-02-05 14:46:59,354 - __main__ - WARNING - Strategy MACD_BB_Breakout failed: SignalResult.__init__() missing 2 required positional arguments: 'price' and 'reason'
2026-02-05 14:46:59,354 - __main__ - WARNING - Strategy MACD_RSI_Crossover failed: SignalResult.__init__() missing 2 required positional arguments: 'price' and 'reason'
2026-02-05 14:46:59,354 - __main__ - WARNING - Strategy MACD_SMA_Crossover failed: SignalResult.__init__() missing 2 required positional arguments: 'price' and 'reason'
2026-02-05 14:46:59,354 - __main__ - WARNING - Strategy MACD_Volume_Trend failed: SignalResult.__init__() missing 2 required positional arguments: 'price' and 'reason'
2026-02-05 14:46:59,354 - __main__ - WARNING - Strategy RSI_ADX_TrendConfirm failed: SignalResult.__init__() missing 2 required positional arguments: 'price' and 'reason'
2026-02-05 14:46:59,354 - __main__ - WARNING - Strategy RSI_BB_Squeeze failed: SignalResult.__init__() missing 2 required positional arguments: 'price' and 'reason'
2026-02-05 14:46:59,354 - __main__ - WARNING - Strategy RSI_MACD_Divergence failed: SignalResult.__init__() missing 2 required positional arguments: 'price' and 'reason'
2026-02-05 14:46:59,354 - __main__ - WARNING - Strategy RSI_Stochastic_Oversold failed: SignalResult.__init__() missing 2 required positional arguments: 'price' and 'reason'
2026-02-05 14:46:59,354 - __main__ - WARNING - Strategy RSI_Volume_Confirmation failed: SignalResult.__init__() missing 2 required positional arguments: 'price' and 'reason'
2026-02-05 14:46:59,354 - __main__ - WARNING - Strategy AD_Accumulation failed: SignalResult.__init__() missing 2 required positional arguments: 'price' and 'reason'
2026-02-05 14:46:59,354 - __main__ - WARNING - Strategy ADX_DI_Crossover failed: SignalResult.__init__() missing 2 required positional arguments: 'price' and 'reason'
2026-02-05 14:46:59,355 - __main__ - WARNING - Strategy ATR_Trend_Confirmation failed: SignalResult.__init__() missing 2 required positional arguments: 'price' and 'reason'
2026-02-05 14:46:59,355 - __main__ - WARNING - Strategy Bollinger_Mean_Reversion failed: SignalResult.__init__() missing 2 required positional arguments: 'price' and 'reason'
2026-02-05 14:46:59,355 - __main__ - WARNING - Strategy BollingerWidth_Expansion failed: SignalResult.__init__() missing 2 required positional arguments: 'price' and 'reason'
2026-02-05 14:46:59,355 - __main__ - WARNING - Strategy CCI_Mean_Reversion failed: SignalResult.__init__() missing 2 required positional arguments: 'price' and 'reason'
2026-02-05 14:46:59,355 - __main__ - WARNING - Strategy Chaikin_Volume_Oscillator failed: SignalResult.__init__() missing 2 required positional arguments: 'price' and 'reason'
2026-02-05 14:46:59,355 - __main__ - WARNING - Strategy Dual_Moving_Average_Crossover failed: SignalResult.__init__() missing 2 required positional arguments: 'price' and 'reason'
2026-02-05 14:46:59,355 - __main__ - WARNING - Strategy End_of_Day_Reversion failed: SignalResult.__init__() missing 2 required positional arguments: 'price' and 'reason'
2026-02-05 14:46:59,355 - __main__ - WARNING - Strategy HistoricalVolatility_Range failed: SignalResult.__init__() missing 2 required positional arguments: 'price' and 'reason'
2026-02-05 14:46:59,355 - __main__ - WARNING - Strategy Keltner_Bollinger_Squeeze failed: SignalResult.__init__() missing 2 required positional arguments: 'price' and 'reason'
2026-02-05 14:46:59,355 - __main__ - WARNING - Strategy MACD_Zero_Cross failed: SignalResult.__init__() missing 2 required positional arguments: 'price' and 'reason'
2026-02-05 14:46:59,355 - __main__ - WARNING - Strategy Momentum_ADX_Strength failed: SignalResult.__init__() missing 2 required positional arguments: 'price' and 'reason'
2026-02-05 14:46:59,355 - __main__ - WARNING - Strategy Momentum_Exhaustion failed: SignalResult.__init__() missing 2 required positional arguments: 'price' and 'reason'
2026-02-05 14:46:59,355 - __main__ - WARNING - Strategy Momentum_RateOfChange failed: SignalResult.__init__() missing 2 required positional arguments: 'price' and 'reason'
2026-02-05 14:46:59,355 - __main__ - WARNING - Strategy Momentum_Volume_Rally failed: SignalResult.__init__() missing 2 required positional arguments: 'price' and 'reason'
2026-02-05 14:46:59,355 - __main__ - WARNING - Strategy OBV_Trend_Follow failed: 'IndicatorResult' object has no attribute 'get'
2026-02-05 14:46:59,355 - __main__ - WARNING - Strategy Opening_Gap failed: SignalResult.__init__() missing 2 required positional arguments: 'price' and 'reason'
2026-02-05 14:46:59,355 - __main__ - WARNING - Strategy Overbought_Decline failed: SignalResult.__init__() missing 2 required positional arguments: 'price' and 'reason'
2026-02-05 14:46:59,355 - __main__ - WARNING - Strategy Oversold_Bounce failed: SignalResult.__init__() missing 2 required positional arguments: 'price' and 'reason'
2026-02-05 14:46:59,355 - __main__ - WARNING - Strategy RSI_Divergence failed: SignalResult.__init__() missing 2 required positional arguments: 'price' and 'reason'
2026-02-05 14:46:59,355 - __main__ - WARNING - Strategy RSI_SMA_Strategy failed: SignalResult.__init__() missing 2 required positional arguments: 'price' and 'reason'
2026-02-05 14:46:59,355 - __main__ - WARNING - Strategy SectorAdaptive failed: cannot use 'dict' as a dict key (unhashable type: 'dict')
2026-02-05 14:46:59,356 - __main__ - WARNING - Strategy Stochastic_Momentum failed: SignalResult.__init__() missing 2 required positional arguments: 'price' and 'reason'
2026-02-05 14:46:59,356 - __main__ - WARNING - Strategy Stochastic_RSI_Oscillator failed: SignalResult.__init__() missing 2 required positional arguments: 'price' and 'reason'
2026-02-05 14:46:59,356 - __main__ - WARNING - Strategy Three_MA_Trend failed: SignalResult.__init__() missing 2 required positional arguments: 'price' and 'reason'
2026-02-05 14:46:59,356 - __main__ - WARNING - Strategy Trend_Filter_RSI failed: SignalResult.__init__() missing 2 required positional arguments: 'price' and 'reason'
2026-02-05 14:46:59,356 - __main__ - WARNING - Strategy Trend_Pullback failed: SignalResult.__init__() missing 2 required positional arguments: 'price' and 'reason'
2026-02-05 14:46:59,356 - __main__ - WARNING - Strategy Trend_Volume_Alignment failed: SignalResult.__init__() missing 2 required positional arguments: 'price' and 'reason'
2026-02-05 14:46:59,356 - __main__ - WARNING - Strategy Triple_Indicator_Confirm failed: SignalResult.__init__() missing 2 required positional arguments: 'price' and 'reason'
2026-02-05 14:46:59,356 - __main__ - WARNING - Strategy VWAP_Reversal failed: 'IndicatorResult' object has no attribute 'get'
2026-02-05 14:46:59,356 - __main__ - WARNING - Strategy Volatility_Contraction failed: SignalResult.__init__() missing 2 required positional arguments: 'price' and 'reason'
2026-02-05 14:46:59,356 - __main__ - WARNING - Strategy VolatilityRatio_Trend failed: SignalResult.__init__() missing 2 required positional arguments: 'price' and 'reason'
2026-02-05 14:46:59,356 - __main__ - WARNING - Strategy Volume_Price_Confirmation failed: SignalResult.__init__() missing 2 required positional arguments: 'price' and 'reason'
2026-02-05 14:46:59,356 - __main__ - WARNING - Strategy Volume_Trend_Divergence failed: SignalResult.__init__() missing 2 required positional arguments: 'price' and 'reason'
2026-02-05 14:46:59,356 - __main__ - WARNING - Strategy WilliamsR_Momentum failed: SignalResult.__init__() missing 2 required positional arguments: 'price' and 'reason'
2026-02-05 14:46:59,356 - __main__ - WARNING - Strategy RSI_Reversal failed: SignalResult.__init__() missing 2 required positional arguments: 'price' and 'reason'
2026-02-05 14:46:59,357 - data - INFO - 使用本地數據: AMD (275 rows)
2026-02-05 14:46:59,357 - __main__ - WARNING - Indicator Momentum failed: Momentum() takes no arguments
2026-02-05 14:46:59,357 - __main__ - WARNING - Indicator RSI failed: RSIIndicator() takes no arguments
2026-02-05 14:46:59,357 - __main__ - WARNING - Indicator Stochastic failed: StochasticIndicator() takes no arguments
2026-02-05 14:46:59,357 - __main__ - WARNING - Indicator WilliamsR failed: WilliamsRIndicator() takes no arguments
2026-02-05 14:46:59,357 - __main__ - WARNING - Indicator ADX failed: ADXIndicator() takes no arguments
2026-02-05 14:46:59,357 - __main__ - WARNING - Indicator  Aroon failed: AroonIndicator() takes no arguments
2026-02-05 14:46:59,357 - __main__ - WARNING - Indicator EMA failed: EMAIndicator() takes no arguments
2026-02-05 14:46:59,357 - __main__ - WARNING - Indicator IchimokuCloud failed: IchimokuCloudIndicator() takes no arguments
2026-02-05 14:46:59,357 - __main__ - WARNING - Indicator MACD failed: MACDIndicator() takes no arguments
2026-02-05 14:46:59,357 - __main__ - WARNING - Indicator ParabolicSAR failed: ParabolicSARIndicator() takes no arguments
2026-02-05 14:46:59,357 - __main__ - WARNING - Indicator SMA failed: SMAIndicator() takes no arguments
2026-02-05 14:46:59,357 - __main__ - WARNING - Indicator ATR failed: ATRIndicator() takes no arguments
2026-02-05 14:46:59,357 - __main__ - WARNING - Indicator HistoricalVolatility failed: HistoricalVolatilityIndicator() takes no arguments
2026-02-05 14:46:59,357 - __main__ - WARNING - Indicator KeltnerChannel failed: KeltnerChannelIndicator() takes no arguments
2026-02-05 14:46:59,357 - __main__ - WARNING - Indicator VolatilityRatio failed: VolatilityRatioIndicator() takes no arguments
2026-02-05 14:46:59,357 - __main__ - WARNING - Indicator BollingerBands failed: BollingerBandsIndicator() takes no arguments
2026-02-05 14:46:59,357 - __main__ - WARNING - Indicator CCI failed: CCIIndicator() takes no arguments
2026-02-05 14:46:59,357 - __main__ - WARNING - Indicator RateOfChange failed: ROCIndicator() takes no arguments
2026-02-05 14:46:59,357 - __main__ - WARNING - Indicator UltimateOscillator failed: UltimateOscillator() takes no arguments
2026-02-05 14:46:59,357 - __main__ - WARNING - Indicator AccumulationDistribution failed: ADIndicator() takes no arguments
2026-02-05 14:46:59,357 - __main__ - WARNING - Indicator ChaikinOscillator failed: ChaikinOscillator() takes no arguments
2026-02-05 14:46:59,361 - __main__ - WARNING - Indicator VolumeEMA failed: VolumeEMAIndicator() takes no arguments
2026-02-05 14:46:59,361 - __main__ - WARNING - Strategy MACDTrend failed: SignalResult.__init__() missing 2 required positional arguments: 'price' and 'reason'
2026-02-05 14:46:59,361 - __main__ - WARNING - Strategy ADXTrend failed: SignalResult.__init__() missing 2 required positional arguments: 'price' and 'reason'
2026-02-05 14:46:59,361 - __main__ - WARNING - Strategy ADX_Ichimoku_Cloud failed: SignalResult.__init__() missing 2 required positional arguments: 'price' and 'reason'
2026-02-05 14:46:59,361 - __main__ - WARNING - Strategy ADX_ParabolicSAR_Stop failed: SignalResult.__init__() missing 2 required positional arguments: 'price' and 'reason'
2026-02-05 14:46:59,361 - __main__ - WARNING - Strategy ADX_Stochastic_Momentum failed: SignalResult.__init__() missing 2 required positional arguments: 'price' and 'reason'
2026-02-05 14:46:59,361 - __main__ - WARNING - Strategy ADX_Trend_Strength failed: SignalResult.__init__() missing 2 required positional arguments: 'price' and 'reason'
2026-02-05 14:46:59,361 - __main__ - WARNING - Strategy ADX_Volatility_Expansion failed: SignalResult.__init__() missing 2 required positional arguments: 'price' and 'reason'
2026-02-05 14:46:59,361 - __main__ - WARNING - Strategy MACD_ADX_TrendRide failed: SignalResult.__init__() missing 2 required positional arguments: 'price' and 'reason'
2026-02-05 14:46:59,361 - __main__ - WARNING - Strategy MACD_BB_Breakout failed: SignalResult.__init__() missing 2 required positional arguments: 'price' and 'reason'
2026-02-05 14:46:59,361 - __main__ - WARNING - Strategy MACD_RSI_Crossover failed: SignalResult.__init__() missing 2 required positional arguments: 'price' and 'reason'
2026-02-05 14:46:59,361 - __main__ - WARNING - Strategy MACD_SMA_Crossover failed: SignalResult.__init__() missing 2 required positional arguments: 'price' and 'reason'
2026-02-05 14:46:59,361 - __main__ - WARNING - Strategy MACD_Volume_Trend failed: SignalResult.__init__() missing 2 required positional arguments: 'price' and 'reason'
2026-02-05 14:46:59,361 - __main__ - WARNING - Strategy RSI_ADX_TrendConfirm failed: SignalResult.__init__() missing 2 required positional arguments: 'price' and 'reason'
2026-02-05 14:46:59,361 - __main__ - WARNING - Strategy RSI_BB_Squeeze failed: SignalResult.__init__() missing 2 required positional arguments: 'price' and 'reason'
2026-02-05 14:46:59,361 - __main__ - WARNING - Strategy RSI_MACD_Divergence failed: SignalResult.__init__() missing 2 required positional arguments: 'price' and 'reason'
2026-02-05 14:46:59,361 - __main__ - WARNING - Strategy RSI_Stochastic_Oversold failed: SignalResult.__init__() missing 2 required positional arguments: 'price' and 'reason'
2026-02-05 14:46:59,361 - __main__ - WARNING - Strategy RSI_Volume_Confirmation failed: SignalResult.__init__() missing 2 required positional arguments: 'price' and 'reason'
2026-02-05 14:46:59,361 - __main__ - WARNING - Strategy AD_Accumulation failed: SignalResult.__init__() missing 2 required positional arguments: 'price' and 'reason'
2026-02-05 14:46:59,361 - __main__ - WARNING - Strategy ADX_DI_Crossover failed: SignalResult.__init__() missing 2 required positional arguments: 'price' and 'reason'
2026-02-05 14:46:59,362 - __main__ - WARNING - Strategy ATR_Trend_Confirmation failed: SignalResult.__init__() missing 2 required positional arguments: 'price' and 'reason'
2026-02-05 14:46:59,362 - __main__ - WARNING - Strategy Bollinger_Mean_Reversion failed: SignalResult.__init__() missing 2 required positional arguments: 'price' and 'reason'
2026-02-05 14:46:59,362 - __main__ - WARNING - Strategy BollingerWidth_Expansion failed: SignalResult.__init__() missing 2 required positional arguments: 'price' and 'reason'
2026-02-05 14:46:59,362 - __main__ - WARNING - Strategy CCI_Mean_Reversion failed: SignalResult.__init__() missing 2 required positional arguments: 'price' and 'reason'
2026-02-05 14:46:59,362 - __main__ - WARNING - Strategy Chaikin_Volume_Oscillator failed: SignalResult.__init__() missing 2 required positional arguments: 'price' and 'reason'
2026-02-05 14:46:59,362 - __main__ - WARNING - Strategy Dual_Moving_Average_Crossover failed: SignalResult.__init__() missing 2 required positional arguments: 'price' and 'reason'
2026-02-05 14:46:59,362 - __main__ - WARNING - Strategy End_of_Day_Reversion failed: SignalResult.__init__() missing 2 required positional arguments: 'price' and 'reason'
2026-02-05 14:46:59,362 - __main__ - WARNING - Strategy HistoricalVolatility_Range failed: SignalResult.__init__() missing 2 required positional arguments: 'price' and 'reason'
2026-02-05 14:46:59,362 - __main__ - WARNING - Strategy Keltner_Bollinger_Squeeze failed: SignalResult.__init__() missing 2 required positional arguments: 'price' and 'reason'
2026-02-05 14:46:59,362 - __main__ - WARNING - Strategy MACD_Zero_Cross failed: SignalResult.__init__() missing 2 required positional arguments: 'price' and 'reason'
2026-02-05 14:46:59,362 - __main__ - WARNING - Strategy Momentum_ADX_Strength failed: SignalResult.__init__() missing 2 required positional arguments: 'price' and 'reason'
2026-02-05 14:46:59,362 - __main__ - WARNING - Strategy Momentum_Exhaustion failed: SignalResult.__init__() missing 2 required positional arguments: 'price' and 'reason'
2026-02-05 14:46:59,362 - __main__ - WARNING - Strategy Momentum_RateOfChange failed: SignalResult.__init__() missing 2 required positional arguments: 'price' and 'reason'
2026-02-05 14:46:59,362 - __main__ - WARNING - Strategy Momentum_Volume_Rally failed: SignalResult.__init__() missing 2 required positional arguments: 'price' and 'reason'
2026-02-05 14:46:59,362 - __main__ - WARNING - Strategy OBV_Trend_Follow failed: 'IndicatorResult' object has no attribute 'get'
2026-02-05 14:46:59,362 - __main__ - WARNING - Strategy Opening_Gap failed: SignalResult.__init__() missing 2 required positional arguments: 'price' and 'reason'
2026-02-05 14:46:59,362 - __main__ - WARNING - Strategy Overbought_Decline failed: SignalResult.__init__() missing 2 required positional arguments: 'price' and 'reason'
2026-02-05 14:46:59,362 - __main__ - WARNING - Strategy Oversold_Bounce failed: SignalResult.__init__() missing 2 required positional arguments: 'price' and 'reason'
2026-02-05 14:46:59,362 - __main__ - WARNING - Strategy RSI_Divergence failed: SignalResult.__init__() missing 2 required positional arguments: 'price' and 'reason'
2026-02-05 14:46:59,362 - __main__ - WARNING - Strategy RSI_SMA_Strategy failed: SignalResult.__init__() missing 2 required positional arguments: 'price' and 'reason'
2026-02-05 14:46:59,362 - __main__ - WARNING - Strategy SectorAdaptive failed: cannot use 'dict' as a dict key (unhashable type: 'dict')
2026-02-05 14:46:59,363 - __main__ - WARNING - Strategy Stochastic_Momentum failed: SignalResult.__init__() missing 2 required positional arguments: 'price' and 'reason'
2026-02-05 14:46:59,363 - __main__ - WARNING - Strategy Stochastic_RSI_Oscillator failed: SignalResult.__init__() missing 2 required positional arguments: 'price' and 'reason'
2026-02-05 14:46:59,363 - __main__ - WARNING - Strategy Three_MA_Trend failed: SignalResult.__init__() missing 2 required positional arguments: 'price' and 'reason'
2026-02-05 14:46:59,363 - __main__ - WARNING - Strategy Trend_Filter_RSI failed: SignalResult.__init__() missing 2 required positional arguments: 'price' and 'reason'
2026-02-05 14:46:59,363 - __main__ - WARNING - Strategy Trend_Pullback failed: SignalResult.__init__() missing 2 required positional arguments: 'price' and 'reason'
2026-02-05 14:46:59,363 - __main__ - WARNING - Strategy Trend_Volume_Alignment failed: SignalResult.__init__() missing 2 required positional arguments: 'price' and 'reason'
2026-02-05 14:46:59,363 - __main__ - WARNING - Strategy Triple_Indicator_Confirm failed: SignalResult.__init__() missing 2 required positional arguments: 'price' and 'reason'
2026-02-05 14:46:59,363 - __main__ - WARNING - Strategy VWAP_Reversal failed: 'IndicatorResult' object has no attribute 'get'
2026-02-05 14:46:59,363 - __main__ - WARNING - Strategy Volatility_Contraction failed: SignalResult.__init__() missing 2 required positional arguments: 'price' and 'reason'
2026-02-05 14:46:59,363 - __main__ - WARNING - Strategy VolatilityRatio_Trend failed: SignalResult.__init__() missing 2 required positional arguments: 'price' and 'reason'
2026-02-05 14:46:59,363 - __main__ - WARNING - Strategy Volume_Price_Confirmation failed: SignalResult.__init__() missing 2 required positional arguments: 'price' and 'reason'
2026-02-05 14:46:59,363 - __main__ - WARNING - Strategy Volume_Trend_Divergence failed: SignalResult.__init__() missing 2 required positional arguments: 'price' and 'reason'
2026-02-05 14:46:59,363 - __main__ - WARNING - Strategy WilliamsR_Momentum failed: SignalResult.__init__() missing 2 required positional arguments: 'price' and 'reason'
2026-02-05 14:46:59,363 - __main__ - WARNING - Strategy RSI_Reversal failed: SignalResult.__init__() missing 2 required positional arguments: 'price' and 'reason'
2026-02-05 14:46:59,364 - data - INFO - 使用本地數據: INTC (275 rows)
2026-02-05 14:46:59,364 - __main__ - WARNING - Indicator Momentum failed: Momentum() takes no arguments
2026-02-05 14:46:59,364 - __main__ - WARNING - Indicator RSI failed: RSIIndicator() takes no arguments
2026-02-05 14:46:59,364 - __main__ - WARNING - Indicator Stochastic failed: StochasticIndicator() takes no arguments
2026-02-05 14:46:59,364 - __main__ - WARNING - Indicator WilliamsR failed: WilliamsRIndicator() takes no arguments
2026-02-05 14:46:59,364 - __main__ - WARNING - Indicator ADX failed: ADXIndicator() takes no arguments
2026-02-05 14:46:59,364 - __main__ - WARNING - Indicator  Aroon failed: AroonIndicator() takes no arguments
2026-02-05 14:46:59,364 - __main__ - WARNING - Indicator EMA failed: EMAIndicator() takes no arguments
2026-02-05 14:46:59,364 - __main__ - WARNING - Indicator IchimokuCloud failed: IchimokuCloudIndicator() takes no arguments
2026-02-05 14:46:59,364 - __main__ - WARNING - Indicator MACD failed: MACDIndicator() takes no arguments
2026-02-05 14:46:59,364 - __main__ - WARNING - Indicator ParabolicSAR failed: ParabolicSARIndicator() takes no arguments
2026-02-05 14:46:59,364 - __main__ - WARNING - Indicator SMA failed: SMAIndicator() takes no arguments
2026-02-05 14:46:59,364 - __main__ - WARNING - Indicator ATR failed: ATRIndicator() takes no arguments
2026-02-05 14:46:59,364 - __main__ - WARNING - Indicator HistoricalVolatility failed: HistoricalVolatilityIndicator() takes no arguments
2026-02-05 14:46:59,364 - __main__ - WARNING - Indicator KeltnerChannel failed: KeltnerChannelIndicator() takes no arguments
2026-02-05 14:46:59,364 - __main__ - WARNING - Indicator VolatilityRatio failed: VolatilityRatioIndicator() takes no arguments
2026-02-05 14:46:59,364 - __main__ - WARNING - Indicator BollingerBands failed: BollingerBandsIndicator() takes no arguments
2026-02-05 14:46:59,364 - __main__ - WARNING - Indicator CCI failed: CCIIndicator() takes no arguments
2026-02-05 14:46:59,364 - __main__ - WARNING - Indicator RateOfChange failed: ROCIndicator() takes no arguments
2026-02-05 14:46:59,364 - __main__ - WARNING - Indicator UltimateOscillator failed: UltimateOscillator() takes no arguments
2026-02-05 14:46:59,364 - __main__ - WARNING - Indicator AccumulationDistribution failed: ADIndicator() takes no arguments
2026-02-05 14:46:59,364 - __main__ - WARNING - Indicator ChaikinOscillator failed: ChaikinOscillator() takes no arguments
2026-02-05 14:46:59,367 - __main__ - WARNING - Indicator VolumeEMA failed: VolumeEMAIndicator() takes no arguments
2026-02-05 14:46:59,368 - __main__ - WARNING - Strategy MACDTrend failed: SignalResult.__init__() missing 2 required positional arguments: 'price' and 'reason'
2026-02-05 14:46:59,368 - __main__ - WARNING - Strategy ADXTrend failed: SignalResult.__init__() missing 2 required positional arguments: 'price' and 'reason'
2026-02-05 14:46:59,368 - __main__ - WARNING - Strategy ADX_Ichimoku_Cloud failed: SignalResult.__init__() missing 2 required positional arguments: 'price' and 'reason'
2026-02-05 14:46:59,368 - __main__ - WARNING - Strategy ADX_ParabolicSAR_Stop failed: SignalResult.__init__() missing 2 required positional arguments: 'price' and 'reason'
2026-02-05 14:46:59,368 - __main__ - WARNING - Strategy ADX_Stochastic_Momentum failed: SignalResult.__init__() missing 2 required positional arguments: 'price' and 'reason'
2026-02-05 14:46:59,368 - __main__ - WARNING - Strategy ADX_Trend_Strength failed: SignalResult.__init__() missing 2 required positional arguments: 'price' and 'reason'
2026-02-05 14:46:59,368 - __main__ - WARNING - Strategy ADX_Volatility_Expansion failed: SignalResult.__init__() missing 2 required positional arguments: 'price' and 'reason'
2026-02-05 14:46:59,368 - __main__ - WARNING - Strategy MACD_ADX_TrendRide failed: SignalResult.__init__() missing 2 required positional arguments: 'price' and 'reason'
2026-02-05 14:46:59,368 - __main__ - WARNING - Strategy MACD_BB_Breakout failed: SignalResult.__init__() missing 2 required positional arguments: 'price' and 'reason'
2026-02-05 14:46:59,368 - __main__ - WARNING - Strategy MACD_RSI_Crossover failed: SignalResult.__init__() missing 2 required positional arguments: 'price' and 'reason'
2026-02-05 14:46:59,368 - __main__ - WARNING - Strategy MACD_SMA_Crossover failed: SignalResult.__init__() missing 2 required positional arguments: 'price' and 'reason'
2026-02-05 14:46:59,368 - __main__ - WARNING - Strategy MACD_Volume_Trend failed: SignalResult.__init__() missing 2 required positional arguments: 'price' and 'reason'
2026-02-05 14:46:59,368 - __main__ - WARNING - Strategy RSI_ADX_TrendConfirm failed: SignalResult.__init__() missing 2 required positional arguments: 'price' and 'reason'
2026-02-05 14:46:59,368 - __main__ - WARNING - Strategy RSI_BB_Squeeze failed: SignalResult.__init__() missing 2 required positional arguments: 'price' and 'reason'
2026-02-05 14:46:59,368 - __main__ - WARNING - Strategy RSI_MACD_Divergence failed: SignalResult.__init__() missing 2 required positional arguments: 'price' and 'reason'
2026-02-05 14:46:59,368 - __main__ - WARNING - Strategy RSI_Stochastic_Oversold failed: SignalResult.__init__() missing 2 required positional arguments: 'price' and 'reason'
2026-02-05 14:46:59,368 - __main__ - WARNING - Strategy RSI_Volume_Confirmation failed: SignalResult.__init__() missing 2 required positional arguments: 'price' and 'reason'
2026-02-05 14:46:59,368 - __main__ - WARNING - Strategy AD_Accumulation failed: SignalResult.__init__() missing 2 required positional arguments: 'price' and 'reason'
2026-02-05 14:46:59,369 - __main__ - WARNING - Strategy ADX_DI_Crossover failed: SignalResult.__init__() missing 2 required positional arguments: 'price' and 'reason'
2026-02-05 14:46:59,369 - __main__ - WARNING - Strategy ATR_Trend_Confirmation failed: SignalResult.__init__() missing 2 required positional arguments: 'price' and 'reason'
2026-02-05 14:46:59,369 - __main__ - WARNING - Strategy Bollinger_Mean_Reversion failed: SignalResult.__init__() missing 2 required positional arguments: 'price' and 'reason'
2026-02-05 14:46:59,369 - __main__ - WARNING - Strategy BollingerWidth_Expansion failed: SignalResult.__init__() missing 2 required positional arguments: 'price' and 'reason'
2026-02-05 14:46:59,369 - __main__ - WARNING - Strategy CCI_Mean_Reversion failed: SignalResult.__init__() missing 2 required positional arguments: 'price' and 'reason'
2026-02-05 14:46:59,369 - __main__ - WARNING - Strategy Chaikin_Volume_Oscillator failed: SignalResult.__init__() missing 2 required positional arguments: 'price' and 'reason'
2026-02-05 14:46:59,369 - __main__ - WARNING - Strategy Dual_Moving_Average_Crossover failed: SignalResult.__init__() missing 2 required positional arguments: 'price' and 'reason'
2026-02-05 14:46:59,369 - __main__ - WARNING - Strategy End_of_Day_Reversion failed: SignalResult.__init__() missing 2 required positional arguments: 'price' and 'reason'
2026-02-05 14:46:59,369 - __main__ - WARNING - Strategy HistoricalVolatility_Range failed: SignalResult.__init__() missing 2 required positional arguments: 'price' and 'reason'
2026-02-05 14:46:59,369 - __main__ - WARNING - Strategy Keltner_Bollinger_Squeeze failed: SignalResult.__init__() missing 2 required positional arguments: 'price' and 'reason'
2026-02-05 14:46:59,369 - __main__ - WARNING - Strategy MACD_Zero_Cross failed: SignalResult.__init__() missing 2 required positional arguments: 'price' and 'reason'
2026-02-05 14:46:59,369 - __main__ - WARNING - Strategy Momentum_ADX_Strength failed: SignalResult.__init__() missing 2 required positional arguments: 'price' and 'reason'
2026-02-05 14:46:59,369 - __main__ - WARNING - Strategy Momentum_Exhaustion failed: SignalResult.__init__() missing 2 required positional arguments: 'price' and 'reason'
2026-02-05 14:46:59,369 - __main__ - WARNING - Strategy Momentum_RateOfChange failed: SignalResult.__init__() missing 2 required positional arguments: 'price' and 'reason'
2026-02-05 14:46:59,369 - __main__ - WARNING - Strategy Momentum_Volume_Rally failed: SignalResult.__init__() missing 2 required positional arguments: 'price' and 'reason'
2026-02-05 14:46:59,369 - __main__ - WARNING - Strategy OBV_Trend_Follow failed: 'IndicatorResult' object has no attribute 'get'
2026-02-05 14:46:59,369 - __main__ - WARNING - Strategy Opening_Gap failed: SignalResult.__init__() missing 2 required positional arguments: 'price' and 'reason'
2026-02-05 14:46:59,369 - __main__ - WARNING - Strategy Overbought_Decline failed: SignalResult.__init__() missing 2 required positional arguments: 'price' and 'reason'
2026-02-05 14:46:59,369 - __main__ - WARNING - Strategy Oversold_Bounce failed: SignalResult.__init__() missing 2 required positional arguments: 'price' and 'reason'
2026-02-05 14:46:59,370 - __main__ - WARNING - Strategy RSI_Divergence failed: SignalResult.__init__() missing 2 required positional arguments: 'price' and 'reason'
2026-02-05 14:46:59,370 - __main__ - WARNING - Strategy RSI_SMA_Strategy failed: SignalResult.__init__() missing 2 required positional arguments: 'price' and 'reason'
2026-02-05 14:46:59,370 - __main__ - WARNING - Strategy SectorAdaptive failed: cannot use 'dict' as a dict key (unhashable type: 'dict')
2026-02-05 14:46:59,370 - __main__ - WARNING - Strategy Stochastic_Momentum failed: SignalResult.__init__() missing 2 required positional arguments: 'price' and 'reason'
2026-02-05 14:46:59,370 - __main__ - WARNING - Strategy Stochastic_RSI_Oscillator failed: SignalResult.__init__() missing 2 required positional arguments: 'price' and 'reason'
2026-02-05 14:46:59,370 - __main__ - WARNING - Strategy Three_MA_Trend failed: SignalResult.__init__() missing 2 required positional arguments: 'price' and 'reason'
2026-02-05 14:46:59,370 - __main__ - WARNING - Strategy Trend_Filter_RSI failed: SignalResult.__init__() missing 2 required positional arguments: 'price' and 'reason'
2026-02-05 14:46:59,370 - __main__ - WARNING - Strategy Trend_Pullback failed: SignalResult.__init__() missing 2 required positional arguments: 'price' and 'reason'
2026-02-05 14:46:59,370 - __main__ - WARNING - Strategy Trend_Volume_Alignment failed: SignalResult.__init__() missing 2 required positional arguments: 'price' and 'reason'
2026-02-05 14:46:59,370 - __main__ - WARNING - Strategy Triple_Indicator_Confirm failed: SignalResult.__init__() missing 2 required positional arguments: 'price' and 'reason'
2026-02-05 14:46:59,370 - __main__ - WARNING - Strategy VWAP_Reversal failed: 'IndicatorResult' object has no attribute 'get'
2026-02-05 14:46:59,370 - __main__ - WARNING - Strategy Volatility_Contraction failed: SignalResult.__init__() missing 2 required positional arguments: 'price' and 'reason'
2026-02-05 14:46:59,370 - __main__ - WARNING - Strategy VolatilityRatio_Trend failed: SignalResult.__init__() missing 2 required positional arguments: 'price' and 'reason'
2026-02-05 14:46:59,370 - __main__ - WARNING - Strategy Volume_Price_Confirmation failed: SignalResult.__init__() missing 2 required positional arguments: 'price' and 'reason'
2026-02-05 14:46:59,370 - __main__ - WARNING - Strategy Volume_Trend_Divergence failed: SignalResult.__init__() missing 2 required positional arguments: 'price' and 'reason'
2026-02-05 14:46:59,370 - __main__ - WARNING - Strategy WilliamsR_Momentum failed: SignalResult.__init__() missing 2 required positional arguments: 'price' and 'reason'
2026-02-05 14:46:59,370 - __main__ - WARNING - Strategy RSI_Reversal failed: SignalResult.__init__() missing 2 required positional arguments: 'price' and 'reason'
2026-02-05 14:46:59,371 - data - INFO - 使用本地數據: UBER (275 rows)
2026-02-05 14:46:59,371 - __main__ - WARNING - Indicator Momentum failed: Momentum() takes no arguments
2026-02-05 14:46:59,371 - __main__ - WARNING - Indicator RSI failed: RSIIndicator() takes no arguments
2026-02-05 14:46:59,371 - __main__ - WARNING - Indicator Stochastic failed: StochasticIndicator() takes no arguments
2026-02-05 14:46:59,371 - __main__ - WARNING - Indicator WilliamsR failed: WilliamsRIndicator() takes no arguments
2026-02-05 14:46:59,371 - __main__ - WARNING - Indicator ADX failed: ADXIndicator() takes no arguments
2026-02-05 14:46:59,371 - __main__ - WARNING - Indicator  Aroon failed: AroonIndicator() takes no arguments
2026-02-05 14:46:59,371 - __main__ - WARNING - Indicator EMA failed: EMAIndicator() takes no arguments
2026-02-05 14:46:59,372 - __main__ - WARNING - Indicator IchimokuCloud failed: IchimokuCloudIndicator() takes no arguments
2026-02-05 14:46:59,372 - __main__ - WARNING - Indicator MACD failed: MACDIndicator() takes no arguments
2026-02-05 14:46:59,372 - __main__ - WARNING - Indicator ParabolicSAR failed: ParabolicSARIndicator() takes no arguments
2026-02-05 14:46:59,372 - __main__ - WARNING - Indicator SMA failed: SMAIndicator() takes no arguments
2026-02-05 14:46:59,372 - __main__ - WARNING - Indicator ATR failed: ATRIndicator() takes no arguments
2026-02-05 14:46:59,372 - __main__ - WARNING - Indicator HistoricalVolatility failed: HistoricalVolatilityIndicator() takes no arguments
2026-02-05 14:46:59,372 - __main__ - WARNING - Indicator KeltnerChannel failed: KeltnerChannelIndicator() takes no arguments
2026-02-05 14:46:59,372 - __main__ - WARNING - Indicator VolatilityRatio failed: VolatilityRatioIndicator() takes no arguments
2026-02-05 14:46:59,372 - __main__ - WARNING - Indicator BollingerBands failed: BollingerBandsIndicator() takes no arguments
2026-02-05 14:46:59,372 - __main__ - WARNING - Indicator CCI failed: CCIIndicator() takes no arguments
2026-02-05 14:46:59,372 - __main__ - WARNING - Indicator RateOfChange failed: ROCIndicator() takes no arguments
2026-02-05 14:46:59,372 - __main__ - WARNING - Indicator UltimateOscillator failed: UltimateOscillator() takes no arguments
2026-02-05 14:46:59,372 - __main__ - WARNING - Indicator AccumulationDistribution failed: ADIndicator() takes no arguments
2026-02-05 14:46:59,372 - __main__ - WARNING - Indicator ChaikinOscillator failed: ChaikinOscillator() takes no arguments
2026-02-05 14:46:59,376 - __main__ - WARNING - Indicator VolumeEMA failed: VolumeEMAIndicator() takes no arguments
2026-02-05 14:46:59,376 - __main__ - WARNING - Strategy MACDTrend failed: SignalResult.__init__() missing 2 required positional arguments: 'price' and 'reason'
2026-02-05 14:46:59,376 - __main__ - WARNING - Strategy ADXTrend failed: SignalResult.__init__() missing 2 required positional arguments: 'price' and 'reason'
2026-02-05 14:46:59,376 - __main__ - WARNING - Strategy ADX_Ichimoku_Cloud failed: SignalResult.__init__() missing 2 required positional arguments: 'price' and 'reason'
2026-02-05 14:46:59,376 - __main__ - WARNING - Strategy ADX_ParabolicSAR_Stop failed: SignalResult.__init__() missing 2 required positional arguments: 'price' and 'reason'
2026-02-05 14:46:59,376 - __main__ - WARNING - Strategy ADX_Stochastic_Momentum failed: SignalResult.__init__() missing 2 required positional arguments: 'price' and 'reason'
2026-02-05 14:46:59,376 - __main__ - WARNING - Strategy ADX_Trend_Strength failed: SignalResult.__init__() missing 2 required positional arguments: 'price' and 'reason'
2026-02-05 14:46:59,376 - __main__ - WARNING - Strategy ADX_Volatility_Expansion failed: SignalResult.__init__() missing 2 required positional arguments: 'price' and 'reason'
2026-02-05 14:46:59,376 - __main__ - WARNING - Strategy MACD_ADX_TrendRide failed: SignalResult.__init__() missing 2 required positional arguments: 'price' and 'reason'
2026-02-05 14:46:59,376 - __main__ - WARNING - Strategy MACD_BB_Breakout failed: SignalResult.__init__() missing 2 required positional arguments: 'price' and 'reason'
2026-02-05 14:46:59,376 - __main__ - WARNING - Strategy MACD_RSI_Crossover failed: SignalResult.__init__() missing 2 required positional arguments: 'price' and 'reason'
2026-02-05 14:46:59,376 - __main__ - WARNING - Strategy MACD_SMA_Crossover failed: SignalResult.__init__() missing 2 required positional arguments: 'price' and 'reason'
2026-02-05 14:46:59,376 - __main__ - WARNING - Strategy MACD_Volume_Trend failed: SignalResult.__init__() missing 2 required positional arguments: 'price' and 'reason'
2026-02-05 14:46:59,376 - __main__ - WARNING - Strategy RSI_ADX_TrendConfirm failed: SignalResult.__init__() missing 2 required positional arguments: 'price' and 'reason'
2026-02-05 14:46:59,376 - __main__ - WARNING - Strategy RSI_BB_Squeeze failed: SignalResult.__init__() missing 2 required positional arguments: 'price' and 'reason'
2026-02-05 14:46:59,376 - __main__ - WARNING - Strategy RSI_MACD_Divergence failed: SignalResult.__init__() missing 2 required positional arguments: 'price' and 'reason'
2026-02-05 14:46:59,377 - __main__ - WARNING - Strategy RSI_Stochastic_Oversold failed: SignalResult.__init__() missing 2 required positional arguments: 'price' and 'reason'
2026-02-05 14:46:59,377 - __main__ - WARNING - Strategy RSI_Volume_Confirmation failed: SignalResult.__init__() missing 2 required positional arguments: 'price' and 'reason'
2026-02-05 14:46:59,377 - __main__ - WARNING - Strategy AD_Accumulation failed: SignalResult.__init__() missing 2 required positional arguments: 'price' and 'reason'
2026-02-05 14:46:59,377 - __main__ - WARNING - Strategy ADX_DI_Crossover failed: SignalResult.__init__() missing 2 required positional arguments: 'price' and 'reason'
2026-02-05 14:46:59,377 - __main__ - WARNING - Strategy ATR_Trend_Confirmation failed: SignalResult.__init__() missing 2 required positional arguments: 'price' and 'reason'
2026-02-05 14:46:59,377 - __main__ - WARNING - Strategy Bollinger_Mean_Reversion failed: SignalResult.__init__() missing 2 required positional arguments: 'price' and 'reason'
2026-02-05 14:46:59,377 - __main__ - WARNING - Strategy BollingerWidth_Expansion failed: SignalResult.__init__() missing 2 required positional arguments: 'price' and 'reason'
2026-02-05 14:46:59,377 - __main__ - WARNING - Strategy CCI_Mean_Reversion failed: SignalResult.__init__() missing 2 required positional arguments: 'price' and 'reason'
2026-02-05 14:46:59,377 - __main__ - WARNING - Strategy Chaikin_Volume_Oscillator failed: SignalResult.__init__() missing 2 required positional arguments: 'price' and 'reason'
2026-02-05 14:46:59,377 - __main__ - WARNING - Strategy Dual_Moving_Average_Crossover failed: SignalResult.__init__() missing 2 required positional arguments: 'price' and 'reason'
2026-02-05 14:46:59,377 - __main__ - WARNING - Strategy End_of_Day_Reversion failed: SignalResult.__init__() missing 2 required positional arguments: 'price' and 'reason'
2026-02-05 14:46:59,377 - __main__ - WARNING - Strategy HistoricalVolatility_Range failed: SignalResult.__init__() missing 2 required positional arguments: 'price' and 'reason'
2026-02-05 14:46:59,377 - __main__ - WARNING - Strategy Keltner_Bollinger_Squeeze failed: SignalResult.__init__() missing 2 required positional arguments: 'price' and 'reason'
2026-02-05 14:46:59,377 - __main__ - WARNING - Strategy MACD_Zero_Cross failed: SignalResult.__init__() missing 2 required positional arguments: 'price' and 'reason'
2026-02-05 14:46:59,377 - __main__ - WARNING - Strategy Momentum_ADX_Strength failed: SignalResult.__init__() missing 2 required positional arguments: 'price' and 'reason'
2026-02-05 14:46:59,377 - __main__ - WARNING - Strategy Momentum_Exhaustion failed: SignalResult.__init__() missing 2 required positional arguments: 'price' and 'reason'
2026-02-05 14:46:59,377 - __main__ - WARNING - Strategy Momentum_RateOfChange failed: SignalResult.__init__() missing 2 required positional arguments: 'price' and 'reason'
2026-02-05 14:46:59,377 - __main__ - WARNING - Strategy Momentum_Volume_Rally failed: SignalResult.__init__() missing 2 required positional arguments: 'price' and 'reason'
2026-02-05 14:46:59,377 - __main__ - WARNING - Strategy OBV_Trend_Follow failed: 'IndicatorResult' object has no attribute 'get'
2026-02-05 14:46:59,378 - __main__ - WARNING - Strategy Opening_Gap failed: SignalResult.__init__() missing 2 required positional arguments: 'price' and 'reason'
2026-02-05 14:46:59,378 - __main__ - WARNING - Strategy Overbought_Decline failed: SignalResult.__init__() missing 2 required positional arguments: 'price' and 'reason'
2026-02-05 14:46:59,378 - __main__ - WARNING - Strategy Oversold_Bounce failed: SignalResult.__init__() missing 2 required positional arguments: 'price' and 'reason'
2026-02-05 14:46:59,378 - __main__ - WARNING - Strategy RSI_Divergence failed: SignalResult.__init__() missing 2 required positional arguments: 'price' and 'reason'
2026-02-05 14:46:59,378 - __main__ - WARNING - Strategy RSI_SMA_Strategy failed: SignalResult.__init__() missing 2 required positional arguments: 'price' and 'reason'
2026-02-05 14:46:59,378 - __main__ - WARNING - Strategy SectorAdaptive failed: cannot use 'dict' as a dict key (unhashable type: 'dict')
2026-02-05 14:46:59,378 - __main__ - WARNING - Strategy Stochastic_Momentum failed: SignalResult.__init__() missing 2 required positional arguments: 'price' and 'reason'
2026-02-05 14:46:59,378 - __main__ - WARNING - Strategy Stochastic_RSI_Oscillator failed: SignalResult.__init__() missing 2 required positional arguments: 'price' and 'reason'
2026-02-05 14:46:59,378 - __main__ - WARNING - Strategy Three_MA_Trend failed: SignalResult.__init__() missing 2 required positional arguments: 'price' and 'reason'
2026-02-05 14:46:59,378 - __main__ - WARNING - Strategy Trend_Filter_RSI failed: SignalResult.__init__() missing 2 required positional arguments: 'price' and 'reason'
2026-02-05 14:46:59,378 - __main__ - WARNING - Strategy Trend_Pullback failed: SignalResult.__init__() missing 2 required positional arguments: 'price' and 'reason'
2026-02-05 14:46:59,378 - __main__ - WARNING - Strategy Trend_Volume_Alignment failed: SignalResult.__init__() missing 2 required positional arguments: 'price' and 'reason'
2026-02-05 14:46:59,378 - __main__ - WARNING - Strategy Triple_Indicator_Confirm failed: SignalResult.__init__() missing 2 required positional arguments: 'price' and 'reason'
2026-02-05 14:46:59,378 - __main__ - WARNING - Strategy VWAP_Reversal failed: 'IndicatorResult' object has no attribute 'get'
2026-02-05 14:46:59,378 - __main__ - WARNING - Strategy Volatility_Contraction failed: SignalResult.__init__() missing 2 required positional arguments: 'price' and 'reason'
2026-02-05 14:46:59,378 - __main__ - WARNING - Strategy VolatilityRatio_Trend failed: SignalResult.__init__() missing 2 required positional arguments: 'price' and 'reason'
2026-02-05 14:46:59,378 - __main__ - WARNING - Strategy Volume_Price_Confirmation failed: SignalResult.__init__() missing 2 required positional arguments: 'price' and 'reason'
2026-02-05 14:46:59,378 - __main__ - WARNING - Strategy Volume_Trend_Divergence failed: SignalResult.__init__() missing 2 required positional arguments: 'price' and 'reason'
2026-02-05 14:46:59,379 - __main__ - WARNING - Strategy WilliamsR_Momentum failed: SignalResult.__init__() missing 2 required positional arguments: 'price' and 'reason'
2026-02-05 14:46:59,379 - __main__ - WARNING - Strategy RSI_Reversal failed: SignalResult.__init__() missing 2 required positional arguments: 'price' and 'reason'
2026-02-05 14:46:59,380 - data - INFO - 使用本地數據: ORCL (275 rows)
2026-02-05 14:46:59,380 - __main__ - WARNING - Indicator Momentum failed: Momentum() takes no arguments
2026-02-05 14:46:59,380 - __main__ - WARNING - Indicator RSI failed: RSIIndicator() takes no arguments
2026-02-05 14:46:59,380 - __main__ - WARNING - Indicator Stochastic failed: StochasticIndicator() takes no arguments
2026-02-05 14:46:59,380 - __main__ - WARNING - Indicator WilliamsR failed: WilliamsRIndicator() takes no arguments
2026-02-05 14:46:59,380 - __main__ - WARNING - Indicator ADX failed: ADXIndicator() takes no arguments
2026-02-05 14:46:59,380 - __main__ - WARNING - Indicator  Aroon failed: AroonIndicator() takes no arguments
2026-02-05 14:46:59,380 - __main__ - WARNING - Indicator EMA failed: EMAIndicator() takes no arguments
2026-02-05 14:46:59,380 - __main__ - WARNING - Indicator IchimokuCloud failed: IchimokuCloudIndicator() takes no arguments
2026-02-05 14:46:59,380 - __main__ - WARNING - Indicator MACD failed: MACDIndicator() takes no arguments
2026-02-05 14:46:59,380 - __main__ - WARNING - Indicator ParabolicSAR failed: ParabolicSARIndicator() takes no arguments
2026-02-05 14:46:59,380 - __main__ - WARNING - Indicator SMA failed: SMAIndicator() takes no arguments
2026-02-05 14:46:59,380 - __main__ - WARNING - Indicator ATR failed: ATRIndicator() takes no arguments
2026-02-05 14:46:59,380 - __main__ - WARNING - Indicator HistoricalVolatility failed: HistoricalVolatilityIndicator() takes no arguments
2026-02-05 14:46:59,380 - __main__ - WARNING - Indicator KeltnerChannel failed: KeltnerChannelIndicator() takes no arguments
2026-02-05 14:46:59,380 - __main__ - WARNING - Indicator VolatilityRatio failed: VolatilityRatioIndicator() takes no arguments
2026-02-05 14:46:59,380 - __main__ - WARNING - Indicator BollingerBands failed: BollingerBandsIndicator() takes no arguments
2026-02-05 14:46:59,380 - __main__ - WARNING - Indicator CCI failed: CCIIndicator() takes no arguments
2026-02-05 14:46:59,380 - __main__ - WARNING - Indicator RateOfChange failed: ROCIndicator() takes no arguments
2026-02-05 14:46:59,380 - __main__ - WARNING - Indicator UltimateOscillator failed: UltimateOscillator() takes no arguments
2026-02-05 14:46:59,380 - __main__ - WARNING - Indicator AccumulationDistribution failed: ADIndicator() takes no arguments
2026-02-05 14:46:59,380 - __main__ - WARNING - Indicator ChaikinOscillator failed: ChaikinOscillator() takes no arguments
2026-02-05 14:46:59,384 - __main__ - WARNING - Indicator VolumeEMA failed: VolumeEMAIndicator() takes no arguments
2026-02-05 14:46:59,384 - __main__ - WARNING - Strategy MACDTrend failed: SignalResult.__init__() missing 2 required positional arguments: 'price' and 'reason'
2026-02-05 14:46:59,384 - __main__ - WARNING - Strategy ADXTrend failed: SignalResult.__init__() missing 2 required positional arguments: 'price' and 'reason'
2026-02-05 14:46:59,384 - __main__ - WARNING - Strategy ADX_Ichimoku_Cloud failed: SignalResult.__init__() missing 2 required positional arguments: 'price' and 'reason'
2026-02-05 14:46:59,384 - __main__ - WARNING - Strategy ADX_ParabolicSAR_Stop failed: SignalResult.__init__() missing 2 required positional arguments: 'price' and 'reason'
2026-02-05 14:46:59,384 - __main__ - WARNING - Strategy ADX_Stochastic_Momentum failed: SignalResult.__init__() missing 2 required positional arguments: 'price' and 'reason'
2026-02-05 14:46:59,384 - __main__ - WARNING - Strategy ADX_Trend_Strength failed: SignalResult.__init__() missing 2 required positional arguments: 'price' and 'reason'
2026-02-05 14:46:59,384 - __main__ - WARNING - Strategy ADX_Volatility_Expansion failed: SignalResult.__init__() missing 2 required positional arguments: 'price' and 'reason'
2026-02-05 14:46:59,384 - __main__ - WARNING - Strategy MACD_ADX_TrendRide failed: SignalResult.__init__() missing 2 required positional arguments: 'price' and 'reason'
2026-02-05 14:46:59,384 - __main__ - WARNING - Strategy MACD_BB_Breakout failed: SignalResult.__init__() missing 2 required positional arguments: 'price' and 'reason'
2026-02-05 14:46:59,384 - __main__ - WARNING - Strategy MACD_RSI_Crossover failed: SignalResult.__init__() missing 2 required positional arguments: 'price' and 'reason'
2026-02-05 14:46:59,384 - __main__ - WARNING - Strategy MACD_SMA_Crossover failed: SignalResult.__init__() missing 2 required positional arguments: 'price' and 'reason'
2026-02-05 14:46:59,384 - __main__ - WARNING - Strategy MACD_Volume_Trend failed: SignalResult.__init__() missing 2 required positional arguments: 'price' and 'reason'
2026-02-05 14:46:59,385 - __main__ - WARNING - Strategy RSI_ADX_TrendConfirm failed: SignalResult.__init__() missing 2 required positional arguments: 'price' and 'reason'
2026-02-05 14:46:59,385 - __main__ - WARNING - Strategy RSI_BB_Squeeze failed: SignalResult.__init__() missing 2 required positional arguments: 'price' and 'reason'
2026-02-05 14:46:59,385 - __main__ - WARNING - Strategy RSI_MACD_Divergence failed: SignalResult.__init__() missing 2 required positional arguments: 'price' and 'reason'
2026-02-05 14:46:59,385 - __main__ - WARNING - Strategy RSI_Stochastic_Oversold failed: SignalResult.__init__() missing 2 required positional arguments: 'price' and 'reason'
2026-02-05 14:46:59,385 - __main__ - WARNING - Strategy RSI_Volume_Confirmation failed: SignalResult.__init__() missing 2 required positional arguments: 'price' and 'reason'
2026-02-05 14:46:59,385 - __main__ - WARNING - Strategy AD_Accumulation failed: SignalResult.__init__() missing 2 required positional arguments: 'price' and 'reason'
2026-02-05 14:46:59,385 - __main__ - WARNING - Strategy ADX_DI_Crossover failed: SignalResult.__init__() missing 2 required positional arguments: 'price' and 'reason'
2026-02-05 14:46:59,385 - __main__ - WARNING - Strategy ATR_Trend_Confirmation failed: SignalResult.__init__() missing 2 required positional arguments: 'price' and 'reason'
2026-02-05 14:46:59,385 - __main__ - WARNING - Strategy Bollinger_Mean_Reversion failed: SignalResult.__init__() missing 2 required positional arguments: 'price' and 'reason'
2026-02-05 14:46:59,385 - __main__ - WARNING - Strategy BollingerWidth_Expansion failed: SignalResult.__init__() missing 2 required positional arguments: 'price' and 'reason'
2026-02-05 14:46:59,385 - __main__ - WARNING - Strategy CCI_Mean_Reversion failed: SignalResult.__init__() missing 2 required positional arguments: 'price' and 'reason'
2026-02-05 14:46:59,385 - __main__ - WARNING - Strategy Chaikin_Volume_Oscillator failed: SignalResult.__init__() missing 2 required positional arguments: 'price' and 'reason'
2026-02-05 14:46:59,385 - __main__ - WARNING - Strategy Dual_Moving_Average_Crossover failed: SignalResult.__init__() missing 2 required positional arguments: 'price' and 'reason'
2026-02-05 14:46:59,385 - __main__ - WARNING - Strategy End_of_Day_Reversion failed: SignalResult.__init__() missing 2 required positional arguments: 'price' and 'reason'
2026-02-05 14:46:59,385 - __main__ - WARNING - Strategy HistoricalVolatility_Range failed: SignalResult.__init__() missing 2 required positional arguments: 'price' and 'reason'
2026-02-05 14:46:59,385 - __main__ - WARNING - Strategy Keltner_Bollinger_Squeeze failed: SignalResult.__init__() missing 2 required positional arguments: 'price' and 'reason'
2026-02-05 14:46:59,385 - __main__ - WARNING - Strategy MACD_Zero_Cross failed: SignalResult.__init__() missing 2 required positional arguments: 'price' and 'reason'
2026-02-05 14:46:59,385 - __main__ - WARNING - Strategy Momentum_ADX_Strength failed: SignalResult.__init__() missing 2 required positional arguments: 'price' and 'reason'
2026-02-05 14:46:59,385 - __main__ - WARNING - Strategy Momentum_Exhaustion failed: SignalResult.__init__() missing 2 required positional arguments: 'price' and 'reason'
2026-02-05 14:46:59,386 - __main__ - WARNING - Strategy Momentum_RateOfChange failed: SignalResult.__init__() missing 2 required positional arguments: 'price' and 'reason'
2026-02-05 14:46:59,386 - __main__ - WARNING - Strategy Momentum_Volume_Rally failed: SignalResult.__init__() missing 2 required positional arguments: 'price' and 'reason'
2026-02-05 14:46:59,386 - __main__ - WARNING - Strategy OBV_Trend_Follow failed: 'IndicatorResult' object has no attribute 'get'
2026-02-05 14:46:59,386 - __main__ - WARNING - Strategy Opening_Gap failed: SignalResult.__init__() missing 2 required positional arguments: 'price' and 'reason'
2026-02-05 14:46:59,386 - __main__ - WARNING - Strategy Overbought_Decline failed: SignalResult.__init__() missing 2 required positional arguments: 'price' and 'reason'
2026-02-05 14:46:59,386 - __main__ - WARNING - Strategy Oversold_Bounce failed: SignalResult.__init__() missing 2 required positional arguments: 'price' and 'reason'
2026-02-05 14:46:59,386 - __main__ - WARNING - Strategy RSI_Divergence failed: SignalResult.__init__() missing 2 required positional arguments: 'price' and 'reason'
2026-02-05 14:46:59,386 - __main__ - WARNING - Strategy RSI_SMA_Strategy failed: SignalResult.__init__() missing 2 required positional arguments: 'price' and 'reason'
2026-02-05 14:46:59,386 - __main__ - WARNING - Strategy SectorAdaptive failed: cannot use 'dict' as a dict key (unhashable type: 'dict')
2026-02-05 14:46:59,386 - __main__ - WARNING - Strategy Stochastic_Momentum failed: SignalResult.__init__() missing 2 required positional arguments: 'price' and 'reason'
2026-02-05 14:46:59,386 - __main__ - WARNING - Strategy Stochastic_RSI_Oscillator failed: SignalResult.__init__() missing 2 required positional arguments: 'price' and 'reason'
2026-02-05 14:46:59,386 - __main__ - WARNING - Strategy Three_MA_Trend failed: SignalResult.__init__() missing 2 required positional arguments: 'price' and 'reason'
2026-02-05 14:46:59,386 - __main__ - WARNING - Strategy Trend_Filter_RSI failed: SignalResult.__init__() missing 2 required positional arguments: 'price' and 'reason'
2026-02-05 14:46:59,386 - __main__ - WARNING - Strategy Trend_Pullback failed: SignalResult.__init__() missing 2 required positional arguments: 'price' and 'reason'
2026-02-05 14:46:59,386 - __main__ - WARNING - Strategy Trend_Volume_Alignment failed: SignalResult.__init__() missing 2 required positional arguments: 'price' and 'reason'
2026-02-05 14:46:59,386 - __main__ - WARNING - Strategy Triple_Indicator_Confirm failed: SignalResult.__init__() missing 2 required positional arguments: 'price' and 'reason'
2026-02-05 14:46:59,386 - __main__ - WARNING - Strategy VWAP_Reversal failed: 'IndicatorResult' object has no attribute 'get'
2026-02-05 14:46:59,386 - __main__ - WARNING - Strategy Volatility_Contraction failed: SignalResult.__init__() missing 2 required positional arguments: 'price' and 'reason'
2026-02-05 14:46:59,386 - __main__ - WARNING - Strategy VolatilityRatio_Trend failed: SignalResult.__init__() missing 2 required positional arguments: 'price' and 'reason'
2026-02-05 14:46:59,387 - __main__ - WARNING - Strategy Volume_Price_Confirmation failed: SignalResult.__init__() missing 2 required positional arguments: 'price' and 'reason'
2026-02-05 14:46:59,387 - __main__ - WARNING - Strategy Volume_Trend_Divergence failed: SignalResult.__init__() missing 2 required positional arguments: 'price' and 'reason'
2026-02-05 14:46:59,387 - __main__ - WARNING - Strategy WilliamsR_Momentum failed: SignalResult.__init__() missing 2 required positional arguments: 'price' and 'reason'
2026-02-05 14:46:59,387 - __main__ - WARNING - Strategy RSI_Reversal failed: SignalResult.__init__() missing 2 required positional arguments: 'price' and 'reason'
2026-02-05 14:46:59,388 - data - INFO - 使用本地數據: WDC (275 rows)
2026-02-05 14:46:59,388 - __main__ - WARNING - Indicator Momentum failed: Momentum() takes no arguments
2026-02-05 14:46:59,388 - __main__ - WARNING - Indicator RSI failed: RSIIndicator() takes no arguments
2026-02-05 14:46:59,388 - __main__ - WARNING - Indicator Stochastic failed: StochasticIndicator() takes no arguments
2026-02-05 14:46:59,388 - __main__ - WARNING - Indicator WilliamsR failed: WilliamsRIndicator() takes no arguments
2026-02-05 14:46:59,388 - __main__ - WARNING - Indicator ADX failed: ADXIndicator() takes no arguments
2026-02-05 14:46:59,388 - __main__ - WARNING - Indicator  Aroon failed: AroonIndicator() takes no arguments
2026-02-05 14:46:59,388 - __main__ - WARNING - Indicator EMA failed: EMAIndicator() takes no arguments
2026-02-05 14:46:59,388 - __main__ - WARNING - Indicator IchimokuCloud failed: IchimokuCloudIndicator() takes no arguments
2026-02-05 14:46:59,388 - __main__ - WARNING - Indicator MACD failed: MACDIndicator() takes no arguments
2026-02-05 14:46:59,388 - __main__ - WARNING - Indicator ParabolicSAR failed: ParabolicSARIndicator() takes no arguments
2026-02-05 14:46:59,388 - __main__ - WARNING - Indicator SMA failed: SMAIndicator() takes no arguments
2026-02-05 14:46:59,388 - __main__ - WARNING - Indicator ATR failed: ATRIndicator() takes no arguments
2026-02-05 14:46:59,388 - __main__ - WARNING - Indicator HistoricalVolatility failed: HistoricalVolatilityIndicator() takes no arguments
2026-02-05 14:46:59,388 - __main__ - WARNING - Indicator KeltnerChannel failed: KeltnerChannelIndicator() takes no arguments
2026-02-05 14:46:59,388 - __main__ - WARNING - Indicator VolatilityRatio failed: VolatilityRatioIndicator() takes no arguments
2026-02-05 14:46:59,388 - __main__ - WARNING - Indicator BollingerBands failed: BollingerBandsIndicator() takes no arguments
2026-02-05 14:46:59,388 - __main__ - WARNING - Indicator CCI failed: CCIIndicator() takes no arguments
2026-02-05 14:46:59,388 - __main__ - WARNING - Indicator RateOfChange failed: ROCIndicator() takes no arguments
2026-02-05 14:46:59,388 - __main__ - WARNING - Indicator UltimateOscillator failed: UltimateOscillator() takes no arguments
2026-02-05 14:46:59,388 - __main__ - WARNING - Indicator AccumulationDistribution failed: ADIndicator() takes no arguments
2026-02-05 14:46:59,388 - __main__ - WARNING - Indicator ChaikinOscillator failed: ChaikinOscillator() takes no arguments
2026-02-05 14:46:59,392 - __main__ - WARNING - Indicator VolumeEMA failed: VolumeEMAIndicator() takes no arguments
2026-02-05 14:46:59,392 - __main__ - WARNING - Strategy MACDTrend failed: SignalResult.__init__() missing 2 required positional arguments: 'price' and 'reason'
2026-02-05 14:46:59,392 - __main__ - WARNING - Strategy ADXTrend failed: SignalResult.__init__() missing 2 required positional arguments: 'price' and 'reason'
2026-02-05 14:46:59,392 - __main__ - WARNING - Strategy ADX_Ichimoku_Cloud failed: SignalResult.__init__() missing 2 required positional arguments: 'price' and 'reason'
2026-02-05 14:46:59,392 - __main__ - WARNING - Strategy ADX_ParabolicSAR_Stop failed: SignalResult.__init__() missing 2 required positional arguments: 'price' and 'reason'
2026-02-05 14:46:59,392 - __main__ - WARNING - Strategy ADX_Stochastic_Momentum failed: SignalResult.__init__() missing 2 required positional arguments: 'price' and 'reason'
2026-02-05 14:46:59,392 - __main__ - WARNING - Strategy ADX_Trend_Strength failed: SignalResult.__init__() missing 2 required positional arguments: 'price' and 'reason'
2026-02-05 14:46:59,392 - __main__ - WARNING - Strategy ADX_Volatility_Expansion failed: SignalResult.__init__() missing 2 required positional arguments: 'price' and 'reason'
2026-02-05 14:46:59,392 - __main__ - WARNING - Strategy MACD_ADX_TrendRide failed: SignalResult.__init__() missing 2 required positional arguments: 'price' and 'reason'
2026-02-05 14:46:59,392 - __main__ - WARNING - Strategy MACD_BB_Breakout failed: SignalResult.__init__() missing 2 required positional arguments: 'price' and 'reason'
2026-02-05 14:46:59,392 - __main__ - WARNING - Strategy MACD_RSI_Crossover failed: SignalResult.__init__() missing 2 required positional arguments: 'price' and 'reason'
2026-02-05 14:46:59,393 - __main__ - WARNING - Strategy MACD_SMA_Crossover failed: SignalResult.__init__() missing 2 required positional arguments: 'price' and 'reason'
2026-02-05 14:46:59,393 - __main__ - WARNING - Strategy MACD_Volume_Trend failed: SignalResult.__init__() missing 2 required positional arguments: 'price' and 'reason'
2026-02-05 14:46:59,393 - __main__ - WARNING - Strategy RSI_ADX_TrendConfirm failed: SignalResult.__init__() missing 2 required positional arguments: 'price' and 'reason'
2026-02-05 14:46:59,393 - __main__ - WARNING - Strategy RSI_BB_Squeeze failed: SignalResult.__init__() missing 2 required positional arguments: 'price' and 'reason'
2026-02-05 14:46:59,393 - __main__ - WARNING - Strategy RSI_MACD_Divergence failed: SignalResult.__init__() missing 2 required positional arguments: 'price' and 'reason'
2026-02-05 14:46:59,393 - __main__ - WARNING - Strategy RSI_Stochastic_Oversold failed: SignalResult.__init__() missing 2 required positional arguments: 'price' and 'reason'
2026-02-05 14:46:59,393 - __main__ - WARNING - Strategy RSI_Volume_Confirmation failed: SignalResult.__init__() missing 2 required positional arguments: 'price' and 'reason'
2026-02-05 14:46:59,393 - __main__ - WARNING - Strategy AD_Accumulation failed: SignalResult.__init__() missing 2 required positional arguments: 'price' and 'reason'
2026-02-05 14:46:59,393 - __main__ - WARNING - Strategy ADX_DI_Crossover failed: SignalResult.__init__() missing 2 required positional arguments: 'price' and 'reason'
2026-02-05 14:46:59,393 - __main__ - WARNING - Strategy ATR_Trend_Confirmation failed: SignalResult.__init__() missing 2 required positional arguments: 'price' and 'reason'
2026-02-05 14:46:59,393 - __main__ - WARNING - Strategy Bollinger_Mean_Reversion failed: SignalResult.__init__() missing 2 required positional arguments: 'price' and 'reason'
2026-02-05 14:46:59,393 - __main__ - WARNING - Strategy BollingerWidth_Expansion failed: SignalResult.__init__() missing 2 required positional arguments: 'price' and 'reason'
2026-02-05 14:46:59,393 - __main__ - WARNING - Strategy CCI_Mean_Reversion failed: SignalResult.__init__() missing 2 required positional arguments: 'price' and 'reason'
2026-02-05 14:46:59,393 - __main__ - WARNING - Strategy Chaikin_Volume_Oscillator failed: SignalResult.__init__() missing 2 required positional arguments: 'price' and 'reason'
2026-02-05 14:46:59,393 - __main__ - WARNING - Strategy Dual_Moving_Average_Crossover failed: SignalResult.__init__() missing 2 required positional arguments: 'price' and 'reason'
2026-02-05 14:46:59,393 - __main__ - WARNING - Strategy End_of_Day_Reversion failed: SignalResult.__init__() missing 2 required positional arguments: 'price' and 'reason'
2026-02-05 14:46:59,393 - __main__ - WARNING - Strategy HistoricalVolatility_Range failed: SignalResult.__init__() missing 2 required positional arguments: 'price' and 'reason'
2026-02-05 14:46:59,393 - __main__ - WARNING - Strategy Keltner_Bollinger_Squeeze failed: SignalResult.__init__() missing 2 required positional arguments: 'price' and 'reason'
2026-02-05 14:46:59,393 - __main__ - WARNING - Strategy MACD_Zero_Cross failed: SignalResult.__init__() missing 2 required positional arguments: 'price' and 'reason'
2026-02-05 14:46:59,394 - __main__ - WARNING - Strategy Momentum_ADX_Strength failed: SignalResult.__init__() missing 2 required positional arguments: 'price' and 'reason'
2026-02-05 14:46:59,394 - __main__ - WARNING - Strategy Momentum_Exhaustion failed: SignalResult.__init__() missing 2 required positional arguments: 'price' and 'reason'
2026-02-05 14:46:59,394 - __main__ - WARNING - Strategy Momentum_RateOfChange failed: SignalResult.__init__() missing 2 required positional arguments: 'price' and 'reason'
2026-02-05 14:46:59,394 - __main__ - WARNING - Strategy Momentum_Volume_Rally failed: SignalResult.__init__() missing 2 required positional arguments: 'price' and 'reason'
2026-02-05 14:46:59,394 - __main__ - WARNING - Strategy OBV_Trend_Follow failed: 'IndicatorResult' object has no attribute 'get'
2026-02-05 14:46:59,394 - __main__ - WARNING - Strategy Opening_Gap failed: SignalResult.__init__() missing 2 required positional arguments: 'price' and 'reason'
2026-02-05 14:46:59,394 - __main__ - WARNING - Strategy Overbought_Decline failed: SignalResult.__init__() missing 2 required positional arguments: 'price' and 'reason'
2026-02-05 14:46:59,394 - __main__ - WARNING - Strategy Oversold_Bounce failed: SignalResult.__init__() missing 2 required positional arguments: 'price' and 'reason'
2026-02-05 14:46:59,394 - __main__ - WARNING - Strategy RSI_Divergence failed: SignalResult.__init__() missing 2 required positional arguments: 'price' and 'reason'
2026-02-05 14:46:59,394 - __main__ - WARNING - Strategy RSI_SMA_Strategy failed: SignalResult.__init__() missing 2 required positional arguments: 'price' and 'reason'
2026-02-05 14:46:59,394 - __main__ - WARNING - Strategy SectorAdaptive failed: cannot use 'dict' as a dict key (unhashable type: 'dict')
2026-02-05 14:46:59,394 - __main__ - WARNING - Strategy Stochastic_Momentum failed: SignalResult.__init__() missing 2 required positional arguments: 'price' and 'reason'
2026-02-05 14:46:59,394 - __main__ - WARNING - Strategy Stochastic_RSI_Oscillator failed: SignalResult.__init__() missing 2 required positional arguments: 'price' and 'reason'
2026-02-05 14:46:59,394 - __main__ - WARNING - Strategy Three_MA_Trend failed: SignalResult.__init__() missing 2 required positional arguments: 'price' and 'reason'
2026-02-05 14:46:59,394 - __main__ - WARNING - Strategy Trend_Filter_RSI failed: SignalResult.__init__() missing 2 required positional arguments: 'price' and 'reason'
2026-02-05 14:46:59,394 - __main__ - WARNING - Strategy Trend_Pullback failed: SignalResult.__init__() missing 2 required positional arguments: 'price' and 'reason'
2026-02-05 14:46:59,394 - __main__ - WARNING - Strategy Trend_Volume_Alignment failed: SignalResult.__init__() missing 2 required positional arguments: 'price' and 'reason'
2026-02-05 14:46:59,394 - __main__ - WARNING - Strategy Triple_Indicator_Confirm failed: SignalResult.__init__() missing 2 required positional arguments: 'price' and 'reason'
2026-02-05 14:46:59,394 - __main__ - WARNING - Strategy VWAP_Reversal failed: 'IndicatorResult' object has no attribute 'get'
2026-02-05 14:46:59,395 - __main__ - WARNING - Strategy Volatility_Contraction failed: SignalResult.__init__() missing 2 required positional arguments: 'price' and 'reason'
2026-02-05 14:46:59,395 - __main__ - WARNING - Strategy VolatilityRatio_Trend failed: SignalResult.__init__() missing 2 required positional arguments: 'price' and 'reason'
2026-02-05 14:46:59,395 - __main__ - WARNING - Strategy Volume_Price_Confirmation failed: SignalResult.__init__() missing 2 required positional arguments: 'price' and 'reason'
2026-02-05 14:46:59,395 - __main__ - WARNING - Strategy Volume_Trend_Divergence failed: SignalResult.__init__() missing 2 required positional arguments: 'price' and 'reason'
2026-02-05 14:46:59,395 - __main__ - WARNING - Strategy WilliamsR_Momentum failed: SignalResult.__init__() missing 2 required positional arguments: 'price' and 'reason'
2026-02-05 14:46:59,395 - __main__ - WARNING - Strategy RSI_Reversal failed: SignalResult.__init__() missing 2 required positional arguments: 'price' and 'reason'
2026-02-05 14:46:59,396 - data - INFO - 使用本地數據: MU (275 rows)
2026-02-05 14:46:59,396 - __main__ - WARNING - Indicator Momentum failed: Momentum() takes no arguments
2026-02-05 14:46:59,396 - __main__ - WARNING - Indicator RSI failed: RSIIndicator() takes no arguments
2026-02-05 14:46:59,396 - __main__ - WARNING - Indicator Stochastic failed: StochasticIndicator() takes no arguments
2026-02-05 14:46:59,396 - __main__ - WARNING - Indicator WilliamsR failed: WilliamsRIndicator() takes no arguments
2026-02-05 14:46:59,396 - __main__ - WARNING - Indicator ADX failed: ADXIndicator() takes no arguments
2026-02-05 14:46:59,396 - __main__ - WARNING - Indicator  Aroon failed: AroonIndicator() takes no arguments
2026-02-05 14:46:59,396 - __main__ - WARNING - Indicator EMA failed: EMAIndicator() takes no arguments
2026-02-05 14:46:59,396 - __main__ - WARNING - Indicator IchimokuCloud failed: IchimokuCloudIndicator() takes no arguments
2026-02-05 14:46:59,396 - __main__ - WARNING - Indicator MACD failed: MACDIndicator() takes no arguments
2026-02-05 14:46:59,396 - __main__ - WARNING - Indicator ParabolicSAR failed: ParabolicSARIndicator() takes no arguments
2026-02-05 14:46:59,396 - __main__ - WARNING - Indicator SMA failed: SMAIndicator() takes no arguments
2026-02-05 14:46:59,396 - __main__ - WARNING - Indicator ATR failed: ATRIndicator() takes no arguments
2026-02-05 14:46:59,396 - __main__ - WARNING - Indicator HistoricalVolatility failed: HistoricalVolatilityIndicator() takes no arguments
2026-02-05 14:46:59,396 - __main__ - WARNING - Indicator KeltnerChannel failed: KeltnerChannelIndicator() takes no arguments
2026-02-05 14:46:59,396 - __main__ - WARNING - Indicator VolatilityRatio failed: VolatilityRatioIndicator() takes no arguments
2026-02-05 14:46:59,396 - __main__ - WARNING - Indicator BollingerBands failed: BollingerBandsIndicator() takes no arguments
2026-02-05 14:46:59,396 - __main__ - WARNING - Indicator CCI failed: CCIIndicator() takes no arguments
2026-02-05 14:46:59,396 - __main__ - WARNING - Indicator RateOfChange failed: ROCIndicator() takes no arguments
2026-02-05 14:46:59,396 - __main__ - WARNING - Indicator UltimateOscillator failed: UltimateOscillator() takes no arguments
2026-02-05 14:46:59,396 - __main__ - WARNING - Indicator AccumulationDistribution failed: ADIndicator() takes no arguments
2026-02-05 14:46:59,396 - __main__ - WARNING - Indicator ChaikinOscillator failed: ChaikinOscillator() takes no arguments
2026-02-05 14:46:59,400 - __main__ - WARNING - Indicator VolumeEMA failed: VolumeEMAIndicator() takes no arguments
2026-02-05 14:46:59,400 - __main__ - WARNING - Strategy MACDTrend failed: SignalResult.__init__() missing 2 required positional arguments: 'price' and 'reason'
2026-02-05 14:46:59,400 - __main__ - WARNING - Strategy ADXTrend failed: SignalResult.__init__() missing 2 required positional arguments: 'price' and 'reason'
2026-02-05 14:46:59,400 - __main__ - WARNING - Strategy ADX_Ichimoku_Cloud failed: SignalResult.__init__() missing 2 required positional arguments: 'price' and 'reason'
2026-02-05 14:46:59,400 - __main__ - WARNING - Strategy ADX_ParabolicSAR_Stop failed: SignalResult.__init__() missing 2 required positional arguments: 'price' and 'reason'
2026-02-05 14:46:59,400 - __main__ - WARNING - Strategy ADX_Stochastic_Momentum failed: SignalResult.__init__() missing 2 required positional arguments: 'price' and 'reason'
2026-02-05 14:46:59,400 - __main__ - WARNING - Strategy ADX_Trend_Strength failed: SignalResult.__init__() missing 2 required positional arguments: 'price' and 'reason'
2026-02-05 14:46:59,400 - __main__ - WARNING - Strategy ADX_Volatility_Expansion failed: SignalResult.__init__() missing 2 required positional arguments: 'price' and 'reason'
2026-02-05 14:46:59,400 - __main__ - WARNING - Strategy MACD_ADX_TrendRide failed: SignalResult.__init__() missing 2 required positional arguments: 'price' and 'reason'
2026-02-05 14:46:59,401 - __main__ - WARNING - Strategy MACD_BB_Breakout failed: SignalResult.__init__() missing 2 required positional arguments: 'price' and 'reason'
2026-02-05 14:46:59,401 - __main__ - WARNING - Strategy MACD_RSI_Crossover failed: SignalResult.__init__() missing 2 required positional arguments: 'price' and 'reason'
2026-02-05 14:46:59,401 - __main__ - WARNING - Strategy MACD_SMA_Crossover failed: SignalResult.__init__() missing 2 required positional arguments: 'price' and 'reason'
2026-02-05 14:46:59,401 - __main__ - WARNING - Strategy MACD_Volume_Trend failed: SignalResult.__init__() missing 2 required positional arguments: 'price' and 'reason'
2026-02-05 14:46:59,401 - __main__ - WARNING - Strategy RSI_ADX_TrendConfirm failed: SignalResult.__init__() missing 2 required positional arguments: 'price' and 'reason'
2026-02-05 14:46:59,401 - __main__ - WARNING - Strategy RSI_BB_Squeeze failed: SignalResult.__init__() missing 2 required positional arguments: 'price' and 'reason'
2026-02-05 14:46:59,401 - __main__ - WARNING - Strategy RSI_MACD_Divergence failed: SignalResult.__init__() missing 2 required positional arguments: 'price' and 'reason'
2026-02-05 14:46:59,401 - __main__ - WARNING - Strategy RSI_Stochastic_Oversold failed: SignalResult.__init__() missing 2 required positional arguments: 'price' and 'reason'
2026-02-05 14:46:59,401 - __main__ - WARNING - Strategy RSI_Volume_Confirmation failed: SignalResult.__init__() missing 2 required positional arguments: 'price' and 'reason'
2026-02-05 14:46:59,401 - __main__ - WARNING - Strategy AD_Accumulation failed: SignalResult.__init__() missing 2 required positional arguments: 'price' and 'reason'
2026-02-05 14:46:59,401 - __main__ - WARNING - Strategy ADX_DI_Crossover failed: SignalResult.__init__() missing 2 required positional arguments: 'price' and 'reason'
2026-02-05 14:46:59,401 - __main__ - WARNING - Strategy ATR_Trend_Confirmation failed: SignalResult.__init__() missing 2 required positional arguments: 'price' and 'reason'
2026-02-05 14:46:59,401 - __main__ - WARNING - Strategy Bollinger_Mean_Reversion failed: SignalResult.__init__() missing 2 required positional arguments: 'price' and 'reason'
2026-02-05 14:46:59,401 - __main__ - WARNING - Strategy BollingerWidth_Expansion failed: SignalResult.__init__() missing 2 required positional arguments: 'price' and 'reason'
2026-02-05 14:46:59,401 - __main__ - WARNING - Strategy CCI_Mean_Reversion failed: SignalResult.__init__() missing 2 required positional arguments: 'price' and 'reason'
2026-02-05 14:46:59,401 - __main__ - WARNING - Strategy Chaikin_Volume_Oscillator failed: SignalResult.__init__() missing 2 required positional arguments: 'price' and 'reason'
2026-02-05 14:46:59,401 - __main__ - WARNING - Strategy Dual_Moving_Average_Crossover failed: SignalResult.__init__() missing 2 required positional arguments: 'price' and 'reason'
2026-02-05 14:46:59,401 - __main__ - WARNING - Strategy End_of_Day_Reversion failed: SignalResult.__init__() missing 2 required positional arguments: 'price' and 'reason'
2026-02-05 14:46:59,401 - __main__ - WARNING - Strategy HistoricalVolatility_Range failed: SignalResult.__init__() missing 2 required positional arguments: 'price' and 'reason'
2026-02-05 14:46:59,402 - __main__ - WARNING - Strategy Keltner_Bollinger_Squeeze failed: SignalResult.__init__() missing 2 required positional arguments: 'price' and 'reason'
2026-02-05 14:46:59,402 - __main__ - WARNING - Strategy MACD_Zero_Cross failed: SignalResult.__init__() missing 2 required positional arguments: 'price' and 'reason'
2026-02-05 14:46:59,402 - __main__ - WARNING - Strategy Momentum_ADX_Strength failed: SignalResult.__init__() missing 2 required positional arguments: 'price' and 'reason'
2026-02-05 14:46:59,402 - __main__ - WARNING - Strategy Momentum_Exhaustion failed: SignalResult.__init__() missing 2 required positional arguments: 'price' and 'reason'
2026-02-05 14:46:59,402 - __main__ - WARNING - Strategy Momentum_RateOfChange failed: SignalResult.__init__() missing 2 required positional arguments: 'price' and 'reason'
2026-02-05 14:46:59,402 - __main__ - WARNING - Strategy Momentum_Volume_Rally failed: SignalResult.__init__() missing 2 required positional arguments: 'price' and 'reason'
2026-02-05 14:46:59,402 - __main__ - WARNING - Strategy OBV_Trend_Follow failed: 'IndicatorResult' object has no attribute 'get'
2026-02-05 14:46:59,402 - __main__ - WARNING - Strategy Opening_Gap failed: SignalResult.__init__() missing 2 required positional arguments: 'price' and 'reason'
2026-02-05 14:46:59,402 - __main__ - WARNING - Strategy Overbought_Decline failed: SignalResult.__init__() missing 2 required positional arguments: 'price' and 'reason'
2026-02-05 14:46:59,402 - __main__ - WARNING - Strategy Oversold_Bounce failed: SignalResult.__init__() missing 2 required positional arguments: 'price' and 'reason'
2026-02-05 14:46:59,402 - __main__ - WARNING - Strategy RSI_Divergence failed: SignalResult.__init__() missing 2 required positional arguments: 'price' and 'reason'
2026-02-05 14:46:59,402 - __main__ - WARNING - Strategy RSI_SMA_Strategy failed: SignalResult.__init__() missing 2 required positional arguments: 'price' and 'reason'
2026-02-05 14:46:59,402 - __main__ - WARNING - Strategy SectorAdaptive failed: cannot use 'dict' as a dict key (unhashable type: 'dict')
2026-02-05 14:46:59,402 - __main__ - WARNING - Strategy Stochastic_Momentum failed: SignalResult.__init__() missing 2 required positional arguments: 'price' and 'reason'
2026-02-05 14:46:59,402 - __main__ - WARNING - Strategy Stochastic_RSI_Oscillator failed: SignalResult.__init__() missing 2 required positional arguments: 'price' and 'reason'
2026-02-05 14:46:59,402 - __main__ - WARNING - Strategy Three_MA_Trend failed: SignalResult.__init__() missing 2 required positional arguments: 'price' and 'reason'
2026-02-05 14:46:59,402 - __main__ - WARNING - Strategy Trend_Filter_RSI failed: SignalResult.__init__() missing 2 required positional arguments: 'price' and 'reason'
2026-02-05 14:46:59,402 - __main__ - WARNING - Strategy Trend_Pullback failed: SignalResult.__init__() missing 2 required positional arguments: 'price' and 'reason'
2026-02-05 14:46:59,402 - __main__ - WARNING - Strategy Trend_Volume_Alignment failed: SignalResult.__init__() missing 2 required positional arguments: 'price' and 'reason'
2026-02-05 14:46:59,403 - __main__ - WARNING - Strategy Triple_Indicator_Confirm failed: SignalResult.__init__() missing 2 required positional arguments: 'price' and 'reason'
2026-02-05 14:46:59,403 - __main__ - WARNING - Strategy VWAP_Reversal failed: 'IndicatorResult' object has no attribute 'get'
2026-02-05 14:46:59,403 - __main__ - WARNING - Strategy Volatility_Contraction failed: SignalResult.__init__() missing 2 required positional arguments: 'price' and 'reason'
2026-02-05 14:46:59,403 - __main__ - WARNING - Strategy VolatilityRatio_Trend failed: SignalResult.__init__() missing 2 required positional arguments: 'price' and 'reason'
2026-02-05 14:46:59,403 - __main__ - WARNING - Strategy Volume_Price_Confirmation failed: SignalResult.__init__() missing 2 required positional arguments: 'price' and 'reason'
2026-02-05 14:46:59,403 - __main__ - WARNING - Strategy Volume_Trend_Divergence failed: SignalResult.__init__() missing 2 required positional arguments: 'price' and 'reason'
2026-02-05 14:46:59,403 - __main__ - WARNING - Strategy WilliamsR_Momentum failed: SignalResult.__init__() missing 2 required positional arguments: 'price' and 'reason'
2026-02-05 14:46:59,403 - __main__ - WARNING - Strategy RSI_Reversal failed: SignalResult.__init__() missing 2 required positional arguments: 'price' and 'reason'
2026-02-05 14:46:59,404 - data - INFO - 使用本地數據: AVGO (275 rows)
2026-02-05 14:46:59,404 - __main__ - WARNING - Indicator Momentum failed: Momentum() takes no arguments
2026-02-05 14:46:59,404 - __main__ - WARNING - Indicator RSI failed: RSIIndicator() takes no arguments
2026-02-05 14:46:59,404 - __main__ - WARNING - Indicator Stochastic failed: StochasticIndicator() takes no arguments
2026-02-05 14:46:59,404 - __main__ - WARNING - Indicator WilliamsR failed: WilliamsRIndicator() takes no arguments
2026-02-05 14:46:59,404 - __main__ - WARNING - Indicator ADX failed: ADXIndicator() takes no arguments
2026-02-05 14:46:59,404 - __main__ - WARNING - Indicator  Aroon failed: AroonIndicator() takes no arguments
2026-02-05 14:46:59,404 - __main__ - WARNING - Indicator EMA failed: EMAIndicator() takes no arguments
2026-02-05 14:46:59,404 - __main__ - WARNING - Indicator IchimokuCloud failed: IchimokuCloudIndicator() takes no arguments
2026-02-05 14:46:59,404 - __main__ - WARNING - Indicator MACD failed: MACDIndicator() takes no arguments
2026-02-05 14:46:59,404 - __main__ - WARNING - Indicator ParabolicSAR failed: ParabolicSARIndicator() takes no arguments
2026-02-05 14:46:59,404 - __main__ - WARNING - Indicator SMA failed: SMAIndicator() takes no arguments
2026-02-05 14:46:59,404 - __main__ - WARNING - Indicator ATR failed: ATRIndicator() takes no arguments
2026-02-05 14:46:59,404 - __main__ - WARNING - Indicator HistoricalVolatility failed: HistoricalVolatilityIndicator() takes no arguments
2026-02-05 14:46:59,404 - __main__ - WARNING - Indicator KeltnerChannel failed: KeltnerChannelIndicator() takes no arguments
2026-02-05 14:46:59,404 - __main__ - WARNING - Indicator VolatilityRatio failed: VolatilityRatioIndicator() takes no arguments
2026-02-05 14:46:59,404 - __main__ - WARNING - Indicator BollingerBands failed: BollingerBandsIndicator() takes no arguments
2026-02-05 14:46:59,404 - __main__ - WARNING - Indicator CCI failed: CCIIndicator() takes no arguments
2026-02-05 14:46:59,404 - __main__ - WARNING - Indicator RateOfChange failed: ROCIndicator() takes no arguments
2026-02-05 14:46:59,404 - __main__ - WARNING - Indicator UltimateOscillator failed: UltimateOscillator() takes no arguments
2026-02-05 14:46:59,404 - __main__ - WARNING - Indicator AccumulationDistribution failed: ADIndicator() takes no arguments
2026-02-05 14:46:59,404 - __main__ - WARNING - Indicator ChaikinOscillator failed: ChaikinOscillator() takes no arguments
2026-02-05 14:46:59,404 - __main__ - WARNING - Indicator OBV failed: Invalid value '-35109263.042997' for dtype 'int64'
2026-02-05 14:46:59,404 - __main__ - WARNING - Indicator VolumeEMA failed: VolumeEMAIndicator() takes no arguments
2026-02-05 14:46:59,405 - __main__ - WARNING - Strategy MACDTrend failed: SignalResult.__init__() missing 2 required positional arguments: 'price' and 'reason'
2026-02-05 14:46:59,405 - __main__ - WARNING - Strategy ADXTrend failed: SignalResult.__init__() missing 2 required positional arguments: 'price' and 'reason'
2026-02-05 14:46:59,405 - __main__ - WARNING - Strategy ADX_Ichimoku_Cloud failed: SignalResult.__init__() missing 2 required positional arguments: 'price' and 'reason'
2026-02-05 14:46:59,405 - __main__ - WARNING - Strategy ADX_ParabolicSAR_Stop failed: SignalResult.__init__() missing 2 required positional arguments: 'price' and 'reason'
2026-02-05 14:46:59,405 - __main__ - WARNING - Strategy ADX_Stochastic_Momentum failed: SignalResult.__init__() missing 2 required positional arguments: 'price' and 'reason'
2026-02-05 14:46:59,405 - __main__ - WARNING - Strategy ADX_Trend_Strength failed: SignalResult.__init__() missing 2 required positional arguments: 'price' and 'reason'
2026-02-05 14:46:59,405 - __main__ - WARNING - Strategy ADX_Volatility_Expansion failed: SignalResult.__init__() missing 2 required positional arguments: 'price' and 'reason'
2026-02-05 14:46:59,405 - __main__ - WARNING - Strategy MACD_ADX_TrendRide failed: SignalResult.__init__() missing 2 required positional arguments: 'price' and 'reason'
2026-02-05 14:46:59,405 - __main__ - WARNING - Strategy MACD_BB_Breakout failed: SignalResult.__init__() missing 2 required positional arguments: 'price' and 'reason'
2026-02-05 14:46:59,405 - __main__ - WARNING - Strategy MACD_RSI_Crossover failed: SignalResult.__init__() missing 2 required positional arguments: 'price' and 'reason'
2026-02-05 14:46:59,405 - __main__ - WARNING - Strategy MACD_SMA_Crossover failed: SignalResult.__init__() missing 2 required positional arguments: 'price' and 'reason'
2026-02-05 14:46:59,405 - __main__ - WARNING - Strategy MACD_Volume_Trend failed: SignalResult.__init__() missing 2 required positional arguments: 'price' and 'reason'
2026-02-05 14:46:59,405 - __main__ - WARNING - Strategy RSI_ADX_TrendConfirm failed: SignalResult.__init__() missing 2 required positional arguments: 'price' and 'reason'
2026-02-05 14:46:59,405 - __main__ - WARNING - Strategy RSI_BB_Squeeze failed: SignalResult.__init__() missing 2 required positional arguments: 'price' and 'reason'
2026-02-05 14:46:59,405 - __main__ - WARNING - Strategy RSI_MACD_Divergence failed: SignalResult.__init__() missing 2 required positional arguments: 'price' and 'reason'
2026-02-05 14:46:59,405 - __main__ - WARNING - Strategy RSI_Stochastic_Oversold failed: SignalResult.__init__() missing 2 required positional arguments: 'price' and 'reason'
2026-02-05 14:46:59,405 - __main__ - WARNING - Strategy RSI_Volume_Confirmation failed: SignalResult.__init__() missing 2 required positional arguments: 'price' and 'reason'
2026-02-05 14:46:59,405 - __main__ - WARNING - Strategy AD_Accumulation failed: SignalResult.__init__() missing 2 required positional arguments: 'price' and 'reason'
2026-02-05 14:46:59,405 - __main__ - WARNING - Strategy ADX_DI_Crossover failed: SignalResult.__init__() missing 2 required positional arguments: 'price' and 'reason'
2026-02-05 14:46:59,406 - __main__ - WARNING - Strategy ATR_Trend_Confirmation failed: SignalResult.__init__() missing 2 required positional arguments: 'price' and 'reason'
2026-02-05 14:46:59,406 - __main__ - WARNING - Strategy Bollinger_Mean_Reversion failed: SignalResult.__init__() missing 2 required positional arguments: 'price' and 'reason'
2026-02-05 14:46:59,406 - __main__ - WARNING - Strategy BollingerWidth_Expansion failed: SignalResult.__init__() missing 2 required positional arguments: 'price' and 'reason'
2026-02-05 14:46:59,406 - __main__ - WARNING - Strategy CCI_Mean_Reversion failed: SignalResult.__init__() missing 2 required positional arguments: 'price' and 'reason'
2026-02-05 14:46:59,406 - __main__ - WARNING - Strategy Chaikin_Volume_Oscillator failed: SignalResult.__init__() missing 2 required positional arguments: 'price' and 'reason'
2026-02-05 14:46:59,406 - __main__ - WARNING - Strategy Dual_Moving_Average_Crossover failed: SignalResult.__init__() missing 2 required positional arguments: 'price' and 'reason'
2026-02-05 14:46:59,406 - __main__ - WARNING - Strategy End_of_Day_Reversion failed: SignalResult.__init__() missing 2 required positional arguments: 'price' and 'reason'
2026-02-05 14:46:59,406 - __main__ - WARNING - Strategy HistoricalVolatility_Range failed: SignalResult.__init__() missing 2 required positional arguments: 'price' and 'reason'
2026-02-05 14:46:59,406 - __main__ - WARNING - Strategy Keltner_Bollinger_Squeeze failed: SignalResult.__init__() missing 2 required positional arguments: 'price' and 'reason'
2026-02-05 14:46:59,406 - __main__ - WARNING - Strategy MACD_Zero_Cross failed: SignalResult.__init__() missing 2 required positional arguments: 'price' and 'reason'
2026-02-05 14:46:59,406 - __main__ - WARNING - Strategy Momentum_ADX_Strength failed: SignalResult.__init__() missing 2 required positional arguments: 'price' and 'reason'
2026-02-05 14:46:59,406 - __main__ - WARNING - Strategy Momentum_Exhaustion failed: SignalResult.__init__() missing 2 required positional arguments: 'price' and 'reason'
2026-02-05 14:46:59,406 - __main__ - WARNING - Strategy Momentum_RateOfChange failed: SignalResult.__init__() missing 2 required positional arguments: 'price' and 'reason'
2026-02-05 14:46:59,406 - __main__ - WARNING - Strategy Momentum_Volume_Rally failed: SignalResult.__init__() missing 2 required positional arguments: 'price' and 'reason'
2026-02-05 14:46:59,406 - __main__ - WARNING - Strategy OBV_Trend_Follow failed: SignalResult.__init__() missing 2 required positional arguments: 'price' and 'reason'
2026-02-05 14:46:59,406 - __main__ - WARNING - Strategy Opening_Gap failed: SignalResult.__init__() missing 2 required positional arguments: 'price' and 'reason'
2026-02-05 14:46:59,406 - __main__ - WARNING - Strategy Overbought_Decline failed: SignalResult.__init__() missing 2 required positional arguments: 'price' and 'reason'
2026-02-05 14:46:59,407 - __main__ - WARNING - Strategy Oversold_Bounce failed: SignalResult.__init__() missing 2 required positional arguments: 'price' and 'reason'
2026-02-05 14:46:59,407 - __main__ - WARNING - Strategy RSI_Divergence failed: SignalResult.__init__() missing 2 required positional arguments: 'price' and 'reason'
2026-02-05 14:46:59,407 - __main__ - WARNING - Strategy RSI_SMA_Strategy failed: SignalResult.__init__() missing 2 required positional arguments: 'price' and 'reason'
2026-02-05 14:46:59,407 - __main__ - WARNING - Strategy SectorAdaptive failed: cannot use 'dict' as a dict key (unhashable type: 'dict')
2026-02-05 14:46:59,407 - __main__ - WARNING - Strategy Stochastic_Momentum failed: SignalResult.__init__() missing 2 required positional arguments: 'price' and 'reason'
2026-02-05 14:46:59,407 - __main__ - WARNING - Strategy Stochastic_RSI_Oscillator failed: SignalResult.__init__() missing 2 required positional arguments: 'price' and 'reason'
2026-02-05 14:46:59,407 - __main__ - WARNING - Strategy Three_MA_Trend failed: SignalResult.__init__() missing 2 required positional arguments: 'price' and 'reason'
2026-02-05 14:46:59,407 - __main__ - WARNING - Strategy Trend_Filter_RSI failed: SignalResult.__init__() missing 2 required positional arguments: 'price' and 'reason'
2026-02-05 14:46:59,407 - __main__ - WARNING - Strategy Trend_Pullback failed: SignalResult.__init__() missing 2 required positional arguments: 'price' and 'reason'
2026-02-05 14:46:59,407 - __main__ - WARNING - Strategy Trend_Volume_Alignment failed: SignalResult.__init__() missing 2 required positional arguments: 'price' and 'reason'
2026-02-05 14:46:59,407 - __main__ - WARNING - Strategy Triple_Indicator_Confirm failed: SignalResult.__init__() missing 2 required positional arguments: 'price' and 'reason'
2026-02-05 14:46:59,407 - __main__ - WARNING - Strategy VWAP_Reversal failed: 'IndicatorResult' object has no attribute 'get'
2026-02-05 14:46:59,407 - __main__ - WARNING - Strategy Volatility_Contraction failed: SignalResult.__init__() missing 2 required positional arguments: 'price' and 'reason'
2026-02-05 14:46:59,407 - __main__ - WARNING - Strategy VolatilityRatio_Trend failed: SignalResult.__init__() missing 2 required positional arguments: 'price' and 'reason'
2026-02-05 14:46:59,407 - __main__ - WARNING - Strategy Volume_Price_Confirmation failed: SignalResult.__init__() missing 2 required positional arguments: 'price' and 'reason'
2026-02-05 14:46:59,407 - __main__ - WARNING - Strategy Volume_Trend_Divergence failed: SignalResult.__init__() missing 2 required positional arguments: 'price' and 'reason'
2026-02-05 14:46:59,407 - __main__ - WARNING - Strategy WilliamsR_Momentum failed: SignalResult.__init__() missing 2 required positional arguments: 'price' and 'reason'
2026-02-05 14:46:59,407 - __main__ - WARNING - Strategy RSI_Reversal failed: SignalResult.__init__() missing 2 required positional arguments: 'price' and 'reason'
2026-02-05 14:46:59,408 - data - INFO - 使用本地數據: COIN (275 rows)
2026-02-05 14:46:59,408 - __main__ - WARNING - Indicator Momentum failed: Momentum() takes no arguments
2026-02-05 14:46:59,408 - __main__ - WARNING - Indicator RSI failed: RSIIndicator() takes no arguments
2026-02-05 14:46:59,408 - __main__ - WARNING - Indicator Stochastic failed: StochasticIndicator() takes no arguments
2026-02-05 14:46:59,408 - __main__ - WARNING - Indicator WilliamsR failed: WilliamsRIndicator() takes no arguments
2026-02-05 14:46:59,408 - __main__ - WARNING - Indicator ADX failed: ADXIndicator() takes no arguments
2026-02-05 14:46:59,408 - __main__ - WARNING - Indicator  Aroon failed: AroonIndicator() takes no arguments
2026-02-05 14:46:59,409 - __main__ - WARNING - Indicator EMA failed: EMAIndicator() takes no arguments
2026-02-05 14:46:59,409 - __main__ - WARNING - Indicator IchimokuCloud failed: IchimokuCloudIndicator() takes no arguments
2026-02-05 14:46:59,409 - __main__ - WARNING - Indicator MACD failed: MACDIndicator() takes no arguments
2026-02-05 14:46:59,409 - __main__ - WARNING - Indicator ParabolicSAR failed: ParabolicSARIndicator() takes no arguments
2026-02-05 14:46:59,409 - __main__ - WARNING - Indicator SMA failed: SMAIndicator() takes no arguments
2026-02-05 14:46:59,409 - __main__ - WARNING - Indicator ATR failed: ATRIndicator() takes no arguments
2026-02-05 14:46:59,409 - __main__ - WARNING - Indicator HistoricalVolatility failed: HistoricalVolatilityIndicator() takes no arguments
2026-02-05 14:46:59,409 - __main__ - WARNING - Indicator KeltnerChannel failed: KeltnerChannelIndicator() takes no arguments
2026-02-05 14:46:59,409 - __main__ - WARNING - Indicator VolatilityRatio failed: VolatilityRatioIndicator() takes no arguments
2026-02-05 14:46:59,409 - __main__ - WARNING - Indicator BollingerBands failed: BollingerBandsIndicator() takes no arguments
2026-02-05 14:46:59,409 - __main__ - WARNING - Indicator CCI failed: CCIIndicator() takes no arguments
2026-02-05 14:46:59,409 - __main__ - WARNING - Indicator RateOfChange failed: ROCIndicator() takes no arguments
2026-02-05 14:46:59,409 - __main__ - WARNING - Indicator UltimateOscillator failed: UltimateOscillator() takes no arguments
2026-02-05 14:46:59,409 - __main__ - WARNING - Indicator AccumulationDistribution failed: ADIndicator() takes no arguments
2026-02-05 14:46:59,409 - __main__ - WARNING - Indicator ChaikinOscillator failed: ChaikinOscillator() takes no arguments
2026-02-05 14:46:59,412 - __main__ - WARNING - Indicator VolumeEMA failed: VolumeEMAIndicator() takes no arguments
2026-02-05 14:46:59,413 - __main__ - WARNING - Strategy MACDTrend failed: SignalResult.__init__() missing 2 required positional arguments: 'price' and 'reason'
2026-02-05 14:46:59,413 - __main__ - WARNING - Strategy ADXTrend failed: SignalResult.__init__() missing 2 required positional arguments: 'price' and 'reason'
2026-02-05 14:46:59,413 - __main__ - WARNING - Strategy ADX_Ichimoku_Cloud failed: SignalResult.__init__() missing 2 required positional arguments: 'price' and 'reason'
2026-02-05 14:46:59,413 - __main__ - WARNING - Strategy ADX_ParabolicSAR_Stop failed: SignalResult.__init__() missing 2 required positional arguments: 'price' and 'reason'
2026-02-05 14:46:59,413 - __main__ - WARNING - Strategy ADX_Stochastic_Momentum failed: SignalResult.__init__() missing 2 required positional arguments: 'price' and 'reason'
2026-02-05 14:46:59,413 - __main__ - WARNING - Strategy ADX_Trend_Strength failed: SignalResult.__init__() missing 2 required positional arguments: 'price' and 'reason'
2026-02-05 14:46:59,413 - __main__ - WARNING - Strategy ADX_Volatility_Expansion failed: SignalResult.__init__() missing 2 required positional arguments: 'price' and 'reason'
2026-02-05 14:46:59,413 - __main__ - WARNING - Strategy MACD_ADX_TrendRide failed: SignalResult.__init__() missing 2 required positional arguments: 'price' and 'reason'
2026-02-05 14:46:59,413 - __main__ - WARNING - Strategy MACD_BB_Breakout failed: SignalResult.__init__() missing 2 required positional arguments: 'price' and 'reason'
2026-02-05 14:46:59,413 - __main__ - WARNING - Strategy MACD_RSI_Crossover failed: SignalResult.__init__() missing 2 required positional arguments: 'price' and 'reason'
2026-02-05 14:46:59,413 - __main__ - WARNING - Strategy MACD_SMA_Crossover failed: SignalResult.__init__() missing 2 required positional arguments: 'price' and 'reason'
2026-02-05 14:46:59,413 - __main__ - WARNING - Strategy MACD_Volume_Trend failed: SignalResult.__init__() missing 2 required positional arguments: 'price' and 'reason'
2026-02-05 14:46:59,413 - __main__ - WARNING - Strategy RSI_ADX_TrendConfirm failed: SignalResult.__init__() missing 2 required positional arguments: 'price' and 'reason'
2026-02-05 14:46:59,413 - __main__ - WARNING - Strategy RSI_BB_Squeeze failed: SignalResult.__init__() missing 2 required positional arguments: 'price' and 'reason'
2026-02-05 14:46:59,413 - __main__ - WARNING - Strategy RSI_MACD_Divergence failed: SignalResult.__init__() missing 2 required positional arguments: 'price' and 'reason'
2026-02-05 14:46:59,413 - __main__ - WARNING - Strategy RSI_Stochastic_Oversold failed: SignalResult.__init__() missing 2 required positional arguments: 'price' and 'reason'
2026-02-05 14:46:59,413 - __main__ - WARNING - Strategy RSI_Volume_Confirmation failed: SignalResult.__init__() missing 2 required positional arguments: 'price' and 'reason'
2026-02-05 14:46:59,414 - __main__ - WARNING - Strategy AD_Accumulation failed: SignalResult.__init__() missing 2 required positional arguments: 'price' and 'reason'
2026-02-05 14:46:59,414 - __main__ - WARNING - Strategy ADX_DI_Crossover failed: SignalResult.__init__() missing 2 required positional arguments: 'price' and 'reason'
2026-02-05 14:46:59,414 - __main__ - WARNING - Strategy ATR_Trend_Confirmation failed: SignalResult.__init__() missing 2 required positional arguments: 'price' and 'reason'
2026-02-05 14:46:59,414 - __main__ - WARNING - Strategy Bollinger_Mean_Reversion failed: SignalResult.__init__() missing 2 required positional arguments: 'price' and 'reason'
2026-02-05 14:46:59,414 - __main__ - WARNING - Strategy BollingerWidth_Expansion failed: SignalResult.__init__() missing 2 required positional arguments: 'price' and 'reason'
2026-02-05 14:46:59,414 - __main__ - WARNING - Strategy CCI_Mean_Reversion failed: SignalResult.__init__() missing 2 required positional arguments: 'price' and 'reason'
2026-02-05 14:46:59,414 - __main__ - WARNING - Strategy Chaikin_Volume_Oscillator failed: SignalResult.__init__() missing 2 required positional arguments: 'price' and 'reason'
2026-02-05 14:46:59,414 - __main__ - WARNING - Strategy Dual_Moving_Average_Crossover failed: SignalResult.__init__() missing 2 required positional arguments: 'price' and 'reason'
2026-02-05 14:46:59,414 - __main__ - WARNING - Strategy End_of_Day_Reversion failed: SignalResult.__init__() missing 2 required positional arguments: 'price' and 'reason'
2026-02-05 14:46:59,414 - __main__ - WARNING - Strategy HistoricalVolatility_Range failed: SignalResult.__init__() missing 2 required positional arguments: 'price' and 'reason'
2026-02-05 14:46:59,414 - __main__ - WARNING - Strategy Keltner_Bollinger_Squeeze failed: SignalResult.__init__() missing 2 required positional arguments: 'price' and 'reason'
2026-02-05 14:46:59,414 - __main__ - WARNING - Strategy MACD_Zero_Cross failed: SignalResult.__init__() missing 2 required positional arguments: 'price' and 'reason'
2026-02-05 14:46:59,414 - __main__ - WARNING - Strategy Momentum_ADX_Strength failed: SignalResult.__init__() missing 2 required positional arguments: 'price' and 'reason'
2026-02-05 14:46:59,414 - __main__ - WARNING - Strategy Momentum_Exhaustion failed: SignalResult.__init__() missing 2 required positional arguments: 'price' and 'reason'
2026-02-05 14:46:59,414 - __main__ - WARNING - Strategy Momentum_RateOfChange failed: SignalResult.__init__() missing 2 required positional arguments: 'price' and 'reason'
2026-02-05 14:46:59,414 - __main__ - WARNING - Strategy Momentum_Volume_Rally failed: SignalResult.__init__() missing 2 required positional arguments: 'price' and 'reason'
2026-02-05 14:46:59,414 - __main__ - WARNING - Strategy OBV_Trend_Follow failed: 'IndicatorResult' object has no attribute 'get'
2026-02-05 14:46:59,414 - __main__ - WARNING - Strategy Opening_Gap failed: SignalResult.__init__() missing 2 required positional arguments: 'price' and 'reason'
2026-02-05 14:46:59,414 - __main__ - WARNING - Strategy Overbought_Decline failed: SignalResult.__init__() missing 2 required positional arguments: 'price' and 'reason'
2026-02-05 14:46:59,415 - __main__ - WARNING - Strategy Oversold_Bounce failed: SignalResult.__init__() missing 2 required positional arguments: 'price' and 'reason'
2026-02-05 14:46:59,415 - __main__ - WARNING - Strategy RSI_Divergence failed: SignalResult.__init__() missing 2 required positional arguments: 'price' and 'reason'
2026-02-05 14:46:59,415 - __main__ - WARNING - Strategy RSI_SMA_Strategy failed: SignalResult.__init__() missing 2 required positional arguments: 'price' and 'reason'
2026-02-05 14:46:59,415 - __main__ - WARNING - Strategy SectorAdaptive failed: cannot use 'dict' as a dict key (unhashable type: 'dict')
2026-02-05 14:46:59,415 - __main__ - WARNING - Strategy Stochastic_Momentum failed: SignalResult.__init__() missing 2 required positional arguments: 'price' and 'reason'
2026-02-05 14:46:59,415 - __main__ - WARNING - Strategy Stochastic_RSI_Oscillator failed: SignalResult.__init__() missing 2 required positional arguments: 'price' and 'reason'
2026-02-05 14:46:59,415 - __main__ - WARNING - Strategy Three_MA_Trend failed: SignalResult.__init__() missing 2 required positional arguments: 'price' and 'reason'
2026-02-05 14:46:59,415 - __main__ - WARNING - Strategy Trend_Filter_RSI failed: SignalResult.__init__() missing 2 required positional arguments: 'price' and 'reason'
2026-02-05 14:46:59,415 - __main__ - WARNING - Strategy Trend_Pullback failed: SignalResult.__init__() missing 2 required positional arguments: 'price' and 'reason'
2026-02-05 14:46:59,415 - __main__ - WARNING - Strategy Trend_Volume_Alignment failed: SignalResult.__init__() missing 2 required positional arguments: 'price' and 'reason'
2026-02-05 14:46:59,415 - __main__ - WARNING - Strategy Triple_Indicator_Confirm failed: SignalResult.__init__() missing 2 required positional arguments: 'price' and 'reason'
2026-02-05 14:46:59,415 - __main__ - WARNING - Strategy VWAP_Reversal failed: 'IndicatorResult' object has no attribute 'get'
2026-02-05 14:46:59,415 - __main__ - WARNING - Strategy Volatility_Contraction failed: SignalResult.__init__() missing 2 required positional arguments: 'price' and 'reason'
2026-02-05 14:46:59,415 - __main__ - WARNING - Strategy VolatilityRatio_Trend failed: SignalResult.__init__() missing 2 required positional arguments: 'price' and 'reason'
2026-02-05 14:46:59,415 - __main__ - WARNING - Strategy Volume_Price_Confirmation failed: SignalResult.__init__() missing 2 required positional arguments: 'price' and 'reason'
2026-02-05 14:46:59,415 - __main__ - WARNING - Strategy Volume_Trend_Divergence failed: SignalResult.__init__() missing 2 required positional arguments: 'price' and 'reason'
2026-02-05 14:46:59,415 - __main__ - WARNING - Strategy WilliamsR_Momentum failed: SignalResult.__init__() missing 2 required positional arguments: 'price' and 'reason'
2026-02-05 14:46:59,415 - __main__ - WARNING - Strategy RSI_Reversal failed: SignalResult.__init__() missing 2 required positional arguments: 'price' and 'reason'
2026-02-05 14:46:59,416 - data - INFO - 使用本地數據: RKLB (275 rows)
2026-02-05 14:46:59,416 - __main__ - WARNING - Indicator Momentum failed: Momentum() takes no arguments
2026-02-05 14:46:59,416 - __main__ - WARNING - Indicator RSI failed: RSIIndicator() takes no arguments
2026-02-05 14:46:59,416 - __main__ - WARNING - Indicator Stochastic failed: StochasticIndicator() takes no arguments
2026-02-05 14:46:59,417 - __main__ - WARNING - Indicator WilliamsR failed: WilliamsRIndicator() takes no arguments
2026-02-05 14:46:59,417 - __main__ - WARNING - Indicator ADX failed: ADXIndicator() takes no arguments
2026-02-05 14:46:59,417 - __main__ - WARNING - Indicator  Aroon failed: AroonIndicator() takes no arguments
2026-02-05 14:46:59,417 - __main__ - WARNING - Indicator EMA failed: EMAIndicator() takes no arguments
2026-02-05 14:46:59,417 - __main__ - WARNING - Indicator IchimokuCloud failed: IchimokuCloudIndicator() takes no arguments
2026-02-05 14:46:59,417 - __main__ - WARNING - Indicator MACD failed: MACDIndicator() takes no arguments
2026-02-05 14:46:59,417 - __main__ - WARNING - Indicator ParabolicSAR failed: ParabolicSARIndicator() takes no arguments
2026-02-05 14:46:59,417 - __main__ - WARNING - Indicator SMA failed: SMAIndicator() takes no arguments
2026-02-05 14:46:59,417 - __main__ - WARNING - Indicator ATR failed: ATRIndicator() takes no arguments
2026-02-05 14:46:59,417 - __main__ - WARNING - Indicator HistoricalVolatility failed: HistoricalVolatilityIndicator() takes no arguments
2026-02-05 14:46:59,417 - __main__ - WARNING - Indicator KeltnerChannel failed: KeltnerChannelIndicator() takes no arguments
2026-02-05 14:46:59,417 - __main__ - WARNING - Indicator VolatilityRatio failed: VolatilityRatioIndicator() takes no arguments
2026-02-05 14:46:59,417 - __main__ - WARNING - Indicator BollingerBands failed: BollingerBandsIndicator() takes no arguments
2026-02-05 14:46:59,417 - __main__ - WARNING - Indicator CCI failed: CCIIndicator() takes no arguments
2026-02-05 14:46:59,417 - __main__ - WARNING - Indicator RateOfChange failed: ROCIndicator() takes no arguments
2026-02-05 14:46:59,417 - __main__ - WARNING - Indicator UltimateOscillator failed: UltimateOscillator() takes no arguments
2026-02-05 14:46:59,417 - __main__ - WARNING - Indicator AccumulationDistribution failed: ADIndicator() takes no arguments
2026-02-05 14:46:59,417 - __main__ - WARNING - Indicator ChaikinOscillator failed: ChaikinOscillator() takes no arguments
2026-02-05 14:46:59,420 - __main__ - WARNING - Indicator VolumeEMA failed: VolumeEMAIndicator() takes no arguments
2026-02-05 14:46:59,420 - __main__ - WARNING - Strategy MACDTrend failed: SignalResult.__init__() missing 2 required positional arguments: 'price' and 'reason'
2026-02-05 14:46:59,420 - __main__ - WARNING - Strategy ADXTrend failed: SignalResult.__init__() missing 2 required positional arguments: 'price' and 'reason'
2026-02-05 14:46:59,420 - __main__ - WARNING - Strategy ADX_Ichimoku_Cloud failed: SignalResult.__init__() missing 2 required positional arguments: 'price' and 'reason'
2026-02-05 14:46:59,421 - __main__ - WARNING - Strategy ADX_ParabolicSAR_Stop failed: SignalResult.__init__() missing 2 required positional arguments: 'price' and 'reason'
2026-02-05 14:46:59,421 - __main__ - WARNING - Strategy ADX_Stochastic_Momentum failed: SignalResult.__init__() missing 2 required positional arguments: 'price' and 'reason'
2026-02-05 14:46:59,421 - __main__ - WARNING - Strategy ADX_Trend_Strength failed: SignalResult.__init__() missing 2 required positional arguments: 'price' and 'reason'
2026-02-05 14:46:59,421 - __main__ - WARNING - Strategy ADX_Volatility_Expansion failed: SignalResult.__init__() missing 2 required positional arguments: 'price' and 'reason'
2026-02-05 14:46:59,421 - __main__ - WARNING - Strategy MACD_ADX_TrendRide failed: SignalResult.__init__() missing 2 required positional arguments: 'price' and 'reason'
2026-02-05 14:46:59,421 - __main__ - WARNING - Strategy MACD_BB_Breakout failed: SignalResult.__init__() missing 2 required positional arguments: 'price' and 'reason'
2026-02-05 14:46:59,421 - __main__ - WARNING - Strategy MACD_RSI_Crossover failed: SignalResult.__init__() missing 2 required positional arguments: 'price' and 'reason'
2026-02-05 14:46:59,421 - __main__ - WARNING - Strategy MACD_SMA_Crossover failed: SignalResult.__init__() missing 2 required positional arguments: 'price' and 'reason'
2026-02-05 14:46:59,421 - __main__ - WARNING - Strategy MACD_Volume_Trend failed: SignalResult.__init__() missing 2 required positional arguments: 'price' and 'reason'
2026-02-05 14:46:59,421 - __main__ - WARNING - Strategy RSI_ADX_TrendConfirm failed: SignalResult.__init__() missing 2 required positional arguments: 'price' and 'reason'
2026-02-05 14:46:59,421 - __main__ - WARNING - Strategy RSI_BB_Squeeze failed: SignalResult.__init__() missing 2 required positional arguments: 'price' and 'reason'
2026-02-05 14:46:59,421 - __main__ - WARNING - Strategy RSI_MACD_Divergence failed: SignalResult.__init__() missing 2 required positional arguments: 'price' and 'reason'
2026-02-05 14:46:59,421 - __main__ - WARNING - Strategy RSI_Stochastic_Oversold failed: SignalResult.__init__() missing 2 required positional arguments: 'price' and 'reason'
2026-02-05 14:46:59,421 - __main__ - WARNING - Strategy RSI_Volume_Confirmation failed: SignalResult.__init__() missing 2 required positional arguments: 'price' and 'reason'
2026-02-05 14:46:59,421 - __main__ - WARNING - Strategy AD_Accumulation failed: SignalResult.__init__() missing 2 required positional arguments: 'price' and 'reason'
2026-02-05 14:46:59,421 - __main__ - WARNING - Strategy ADX_DI_Crossover failed: SignalResult.__init__() missing 2 required positional arguments: 'price' and 'reason'
2026-02-05 14:46:59,421 - __main__ - WARNING - Strategy ATR_Trend_Confirmation failed: SignalResult.__init__() missing 2 required positional arguments: 'price' and 'reason'
2026-02-05 14:46:59,421 - __main__ - WARNING - Strategy Bollinger_Mean_Reversion failed: SignalResult.__init__() missing 2 required positional arguments: 'price' and 'reason'
2026-02-05 14:46:59,421 - __main__ - WARNING - Strategy BollingerWidth_Expansion failed: SignalResult.__init__() missing 2 required positional arguments: 'price' and 'reason'
2026-02-05 14:46:59,421 - __main__ - WARNING - Strategy CCI_Mean_Reversion failed: SignalResult.__init__() missing 2 required positional arguments: 'price' and 'reason'
2026-02-05 14:46:59,421 - __main__ - WARNING - Strategy Chaikin_Volume_Oscillator failed: SignalResult.__init__() missing 2 required positional arguments: 'price' and 'reason'
2026-02-05 14:46:59,422 - __main__ - WARNING - Strategy Dual_Moving_Average_Crossover failed: SignalResult.__init__() missing 2 required positional arguments: 'price' and 'reason'
2026-02-05 14:46:59,422 - __main__ - WARNING - Strategy End_of_Day_Reversion failed: SignalResult.__init__() missing 2 required positional arguments: 'price' and 'reason'
2026-02-05 14:46:59,422 - __main__ - WARNING - Strategy HistoricalVolatility_Range failed: SignalResult.__init__() missing 2 required positional arguments: 'price' and 'reason'
2026-02-05 14:46:59,422 - __main__ - WARNING - Strategy Keltner_Bollinger_Squeeze failed: SignalResult.__init__() missing 2 required positional arguments: 'price' and 'reason'
2026-02-05 14:46:59,422 - __main__ - WARNING - Strategy MACD_Zero_Cross failed: SignalResult.__init__() missing 2 required positional arguments: 'price' and 'reason'
2026-02-05 14:46:59,422 - __main__ - WARNING - Strategy Momentum_ADX_Strength failed: SignalResult.__init__() missing 2 required positional arguments: 'price' and 'reason'
2026-02-05 14:46:59,422 - __main__ - WARNING - Strategy Momentum_Exhaustion failed: SignalResult.__init__() missing 2 required positional arguments: 'price' and 'reason'
2026-02-05 14:46:59,422 - __main__ - WARNING - Strategy Momentum_RateOfChange failed: SignalResult.__init__() missing 2 required positional arguments: 'price' and 'reason'
2026-02-05 14:46:59,422 - __main__ - WARNING - Strategy Momentum_Volume_Rally failed: SignalResult.__init__() missing 2 required positional arguments: 'price' and 'reason'
2026-02-05 14:46:59,422 - __main__ - WARNING - Strategy OBV_Trend_Follow failed: 'IndicatorResult' object has no attribute 'get'
2026-02-05 14:46:59,422 - __main__ - WARNING - Strategy Opening_Gap failed: SignalResult.__init__() missing 2 required positional arguments: 'price' and 'reason'
2026-02-05 14:46:59,422 - __main__ - WARNING - Strategy Overbought_Decline failed: SignalResult.__init__() missing 2 required positional arguments: 'price' and 'reason'
2026-02-05 14:46:59,422 - __main__ - WARNING - Strategy Oversold_Bounce failed: SignalResult.__init__() missing 2 required positional arguments: 'price' and 'reason'
2026-02-05 14:46:59,422 - __main__ - WARNING - Strategy RSI_Divergence failed: SignalResult.__init__() missing 2 required positional arguments: 'price' and 'reason'
2026-02-05 14:46:59,422 - __main__ - WARNING - Strategy RSI_SMA_Strategy failed: SignalResult.__init__() missing 2 required positional arguments: 'price' and 'reason'
2026-02-05 14:46:59,422 - __main__ - WARNING - Strategy SectorAdaptive failed: cannot use 'dict' as a dict key (unhashable type: 'dict')
2026-02-05 14:46:59,422 - __main__ - WARNING - Strategy Stochastic_Momentum failed: SignalResult.__init__() missing 2 required positional arguments: 'price' and 'reason'
2026-02-05 14:46:59,422 - __main__ - WARNING - Strategy Stochastic_RSI_Oscillator failed: SignalResult.__init__() missing 2 required positional arguments: 'price' and 'reason'
2026-02-05 14:46:59,422 - __main__ - WARNING - Strategy Three_MA_Trend failed: SignalResult.__init__() missing 2 required positional arguments: 'price' and 'reason'
2026-02-05 14:46:59,422 - __main__ - WARNING - Strategy Trend_Filter_RSI failed: SignalResult.__init__() missing 2 required positional arguments: 'price' and 'reason'
2026-02-05 14:46:59,423 - __main__ - WARNING - Strategy Trend_Pullback failed: SignalResult.__init__() missing 2 required positional arguments: 'price' and 'reason'
2026-02-05 14:46:59,423 - __main__ - WARNING - Strategy Trend_Volume_Alignment failed: SignalResult.__init__() missing 2 required positional arguments: 'price' and 'reason'
2026-02-05 14:46:59,423 - __main__ - WARNING - Strategy Triple_Indicator_Confirm failed: SignalResult.__init__() missing 2 required positional arguments: 'price' and 'reason'
2026-02-05 14:46:59,423 - __main__ - WARNING - Strategy VWAP_Reversal failed: 'IndicatorResult' object has no attribute 'get'
2026-02-05 14:46:59,423 - __main__ - WARNING - Strategy Volatility_Contraction failed: SignalResult.__init__() missing 2 required positional arguments: 'price' and 'reason'
2026-02-05 14:46:59,423 - __main__ - WARNING - Strategy VolatilityRatio_Trend failed: SignalResult.__init__() missing 2 required positional arguments: 'price' and 'reason'
2026-02-05 14:46:59,423 - __main__ - WARNING - Strategy Volume_Price_Confirmation failed: SignalResult.__init__() missing 2 required positional arguments: 'price' and 'reason'
2026-02-05 14:46:59,423 - __main__ - WARNING - Strategy Volume_Trend_Divergence failed: SignalResult.__init__() missing 2 required positional arguments: 'price' and 'reason'
2026-02-05 14:46:59,423 - __main__ - WARNING - Strategy WilliamsR_Momentum failed: SignalResult.__init__() missing 2 required positional arguments: 'price' and 'reason'
2026-02-05 14:46:59,423 - __main__ - WARNING - Strategy RSI_Reversal failed: SignalResult.__init__() missing 2 required positional arguments: 'price' and 'reason'
2026-02-05 15:01:03,693 - __main__ - INFO - Starting daily market scan...
2026-02-05 15:01:03,710 - data - INFO - 使用本地數據: AAPL (275 rows)
2026-02-05 15:01:03,710 - __main__ - WARNING - Indicator Momentum failed: Periods must be integer, but type is <class 'str'>.
2026-02-05 15:01:03,710 - __main__ - WARNING - Indicator RSI failed: window must be an integer 0 or greater
2026-02-05 15:01:03,710 - __main__ - WARNING - Indicator Stochastic failed: window must be an integer 0 or greater
2026-02-05 15:01:03,710 - __main__ - WARNING - Indicator WilliamsR failed: window must be an integer 0 or greater
2026-02-05 15:01:03,711 - __main__ - WARNING - Indicator ADX failed: window must be an integer 0 or greater
2026-02-05 15:01:03,711 - __main__ - WARNING - Indicator  Aroon failed: window must be an integer 0 or greater
2026-02-05 15:01:03,711 - __main__ - WARNING - Indicator EMA failed: '<' not supported between instances of 'dict' and 'int'
2026-02-05 15:01:03,711 - __main__ - WARNING - Indicator IchimokuCloud failed: window must be an integer 0 or greater
2026-02-05 15:01:03,711 - __main__ - WARNING - Indicator MACD failed: '<' not supported between instances of 'dict' and 'int'
2026-02-05 15:01:03,711 - __main__ - WARNING - Indicator ParabolicSAR failed: unsupported operand type(s) for *: 'dict' and 'float'
2026-02-05 15:01:03,711 - __main__ - WARNING - Indicator SMA failed: window must be an integer 0 or greater
2026-02-05 15:01:03,712 - __main__ - WARNING - Indicator ATR failed: window must be an integer 0 or greater
2026-02-05 15:01:03,712 - __main__ - WARNING - Indicator HistoricalVolatility failed: window must be an integer 0 or greater
2026-02-05 15:01:03,712 - __main__ - WARNING - Indicator KeltnerChannel failed: '<' not supported between instances of 'dict' and 'int'
2026-02-05 15:01:03,712 - __main__ - WARNING - Indicator VolatilityRatio failed: window must be an integer 0 or greater
2026-02-05 15:01:03,712 - __main__ - WARNING - Indicator BollingerBands failed: window must be an integer 0 or greater
2026-02-05 15:01:03,712 - __main__ - WARNING - Indicator CCI failed: window must be an integer 0 or greater
2026-02-05 15:01:03,712 - __main__ - WARNING - Indicator RateOfChange failed: Periods must be integer, but type is <class 'str'>.
2026-02-05 15:01:03,713 - __main__ - WARNING - Indicator UltimateOscillator failed: window must be an integer 0 or greater
2026-02-05 15:01:03,713 - __main__ - WARNING - Indicator AccumulationDistribution failed: '<' not supported between instances of 'dict' and 'int'
2026-02-05 15:01:03,713 - __main__ - WARNING - Indicator ChaikinOscillator failed: '<' not supported between instances of 'dict' and 'int'
2026-02-05 15:01:03,716 - __main__ - WARNING - Indicator VolumeEMA failed: '<' not supported between instances of 'dict' and 'int'
2026-02-05 15:01:03,717 - __main__ - WARNING - Strategy AD_Accumulation failed: SignalResult.__init__() missing 2 required positional arguments: 'price' and 'reason'
2026-02-05 15:01:03,718 - __main__ - WARNING - Strategy Keltner_Bollinger_Squeeze failed: SignalResult.__init__() missing 2 required positional arguments: 'price' and 'reason'
2026-02-05 15:01:03,718 - __main__ - WARNING - Strategy OBV_Trend_Follow failed: 'IndicatorResult' object has no attribute 'get'
2026-02-05 15:01:03,718 - __main__ - WARNING - Strategy SectorAdaptive failed: cannot use 'dict' as a dict key (unhashable type: 'dict')
2026-02-05 15:01:03,718 - __main__ - WARNING - Strategy Three_MA_Trend failed: SignalResult.__init__() missing 2 required positional arguments: 'price' and 'reason'
2026-02-05 15:01:03,718 - __main__ - WARNING - Strategy VWAP_Reversal failed: 'IndicatorResult' object has no attribute 'get'
2026-02-05 15:01:03,719 - data - INFO - 使用本地數據: MSFT (275 rows)
2026-02-05 15:01:03,719 - __main__ - WARNING - Indicator Momentum failed: Periods must be integer, but type is <class 'str'>.
2026-02-05 15:01:03,719 - __main__ - WARNING - Indicator RSI failed: window must be an integer 0 or greater
2026-02-05 15:01:03,719 - __main__ - WARNING - Indicator Stochastic failed: window must be an integer 0 or greater
2026-02-05 15:01:03,719 - __main__ - WARNING - Indicator WilliamsR failed: window must be an integer 0 or greater
2026-02-05 15:01:03,720 - __main__ - WARNING - Indicator ADX failed: window must be an integer 0 or greater
2026-02-05 15:01:03,720 - __main__ - WARNING - Indicator  Aroon failed: window must be an integer 0 or greater
2026-02-05 15:01:03,720 - __main__ - WARNING - Indicator EMA failed: '<' not supported between instances of 'dict' and 'int'
2026-02-05 15:01:03,720 - __main__ - WARNING - Indicator IchimokuCloud failed: window must be an integer 0 or greater
2026-02-05 15:01:03,720 - __main__ - WARNING - Indicator MACD failed: '<' not supported between instances of 'dict' and 'int'
2026-02-05 15:01:03,720 - __main__ - WARNING - Indicator ParabolicSAR failed: unsupported operand type(s) for *: 'dict' and 'float'
2026-02-05 15:01:03,720 - __main__ - WARNING - Indicator SMA failed: window must be an integer 0 or greater
2026-02-05 15:01:03,720 - __main__ - WARNING - Indicator ATR failed: window must be an integer 0 or greater
2026-02-05 15:01:03,720 - __main__ - WARNING - Indicator HistoricalVolatility failed: window must be an integer 0 or greater
2026-02-05 15:01:03,720 - __main__ - WARNING - Indicator KeltnerChannel failed: '<' not supported between instances of 'dict' and 'int'
2026-02-05 15:01:03,720 - __main__ - WARNING - Indicator VolatilityRatio failed: window must be an integer 0 or greater
2026-02-05 15:01:03,720 - __main__ - WARNING - Indicator BollingerBands failed: window must be an integer 0 or greater
2026-02-05 15:01:03,720 - __main__ - WARNING - Indicator CCI failed: window must be an integer 0 or greater
2026-02-05 15:01:03,721 - __main__ - WARNING - Indicator RateOfChange failed: Periods must be integer, but type is <class 'str'>.
2026-02-05 15:01:03,721 - __main__ - WARNING - Indicator UltimateOscillator failed: window must be an integer 0 or greater
2026-02-05 15:01:03,721 - __main__ - WARNING - Indicator AccumulationDistribution failed: '<' not supported between instances of 'dict' and 'int'
2026-02-05 15:01:03,721 - __main__ - WARNING - Indicator ChaikinOscillator failed: '<' not supported between instances of 'dict' and 'int'
2026-02-05 15:01:03,721 - __main__ - WARNING - Indicator OBV failed: Invalid value '-23256080.166192' for dtype 'int64'
2026-02-05 15:01:03,722 - __main__ - WARNING - Indicator VolumeEMA failed: '<' not supported between instances of 'dict' and 'int'
2026-02-05 15:01:03,722 - __main__ - WARNING - Strategy AD_Accumulation failed: SignalResult.__init__() missing 2 required positional arguments: 'price' and 'reason'
2026-02-05 15:01:03,723 - __main__ - WARNING - Strategy Keltner_Bollinger_Squeeze failed: SignalResult.__init__() missing 2 required positional arguments: 'price' and 'reason'
2026-02-05 15:01:03,723 - __main__ - WARNING - Strategy SectorAdaptive failed: cannot use 'dict' as a dict key (unhashable type: 'dict')
2026-02-05 15:01:03,723 - __main__ - WARNING - Strategy VWAP_Reversal failed: 'IndicatorResult' object has no attribute 'get'
2026-02-05 15:01:03,724 - data - INFO - 使用本地數據: GOOGL (275 rows)
2026-02-05 15:01:03,724 - __main__ - WARNING - Indicator Momentum failed: Periods must be integer, but type is <class 'str'>.
2026-02-05 15:01:03,724 - __main__ - WARNING - Indicator RSI failed: window must be an integer 0 or greater
2026-02-05 15:01:03,724 - __main__ - WARNING - Indicator Stochastic failed: window must be an integer 0 or greater
2026-02-05 15:01:03,724 - __main__ - WARNING - Indicator WilliamsR failed: window must be an integer 0 or greater
2026-02-05 15:01:03,725 - __main__ - WARNING - Indicator ADX failed: window must be an integer 0 or greater
2026-02-05 15:01:03,725 - __main__ - WARNING - Indicator  Aroon failed: window must be an integer 0 or greater
2026-02-05 15:01:03,725 - __main__ - WARNING - Indicator EMA failed: '<' not supported between instances of 'dict' and 'int'
2026-02-05 15:01:03,725 - __main__ - WARNING - Indicator IchimokuCloud failed: window must be an integer 0 or greater
2026-02-05 15:01:03,725 - __main__ - WARNING - Indicator MACD failed: '<' not supported between instances of 'dict' and 'int'
2026-02-05 15:01:03,725 - __main__ - WARNING - Indicator ParabolicSAR failed: unsupported operand type(s) for *: 'dict' and 'float'
2026-02-05 15:01:03,725 - __main__ - WARNING - Indicator SMA failed: window must be an integer 0 or greater
2026-02-05 15:01:03,725 - __main__ - WARNING - Indicator ATR failed: window must be an integer 0 or greater
2026-02-05 15:01:03,725 - __main__ - WARNING - Indicator HistoricalVolatility failed: window must be an integer 0 or greater
2026-02-05 15:01:03,725 - __main__ - WARNING - Indicator KeltnerChannel failed: '<' not supported between instances of 'dict' and 'int'
2026-02-05 15:01:03,725 - __main__ - WARNING - Indicator VolatilityRatio failed: window must be an integer 0 or greater
2026-02-05 15:01:03,725 - __main__ - WARNING - Indicator BollingerBands failed: window must be an integer 0 or greater
2026-02-05 15:01:03,725 - __main__ - WARNING - Indicator CCI failed: window must be an integer 0 or greater
2026-02-05 15:01:03,725 - __main__ - WARNING - Indicator RateOfChange failed: Periods must be integer, but type is <class 'str'>.
2026-02-05 15:01:03,726 - __main__ - WARNING - Indicator UltimateOscillator failed: window must be an integer 0 or greater
2026-02-05 15:01:03,726 - __main__ - WARNING - Indicator AccumulationDistribution failed: '<' not supported between instances of 'dict' and 'int'
2026-02-05 15:01:03,726 - __main__ - WARNING - Indicator ChaikinOscillator failed: '<' not supported between instances of 'dict' and 'int'
2026-02-05 15:01:03,729 - __main__ - WARNING - Indicator VolumeEMA failed: '<' not supported between instances of 'dict' and 'int'
2026-02-05 15:01:03,730 - __main__ - WARNING - Strategy AD_Accumulation failed: SignalResult.__init__() missing 2 required positional arguments: 'price' and 'reason'
2026-02-05 15:01:03,730 - __main__ - WARNING - Strategy Keltner_Bollinger_Squeeze failed: SignalResult.__init__() missing 2 required positional arguments: 'price' and 'reason'
2026-02-05 15:01:03,731 - __main__ - WARNING - Strategy OBV_Trend_Follow failed: 'IndicatorResult' object has no attribute 'get'
2026-02-05 15:01:03,731 - __main__ - WARNING - Strategy SectorAdaptive failed: cannot use 'dict' as a dict key (unhashable type: 'dict')
2026-02-05 15:01:03,731 - __main__ - WARNING - Strategy Three_MA_Trend failed: SignalResult.__init__() missing 2 required positional arguments: 'price' and 'reason'
2026-02-05 15:01:03,731 - __main__ - WARNING - Strategy VWAP_Reversal failed: 'IndicatorResult' object has no attribute 'get'
2026-02-05 15:01:03,732 - data - INFO - 使用本地數據: AMZN (275 rows)
2026-02-05 15:01:03,732 - __main__ - WARNING - Indicator Momentum failed: Periods must be integer, but type is <class 'str'>.
2026-02-05 15:01:03,732 - __main__ - WARNING - Indicator RSI failed: window must be an integer 0 or greater
2026-02-05 15:01:03,732 - __main__ - WARNING - Indicator Stochastic failed: window must be an integer 0 or greater
2026-02-05 15:01:03,732 - __main__ - WARNING - Indicator WilliamsR failed: window must be an integer 0 or greater
2026-02-05 15:01:03,732 - __main__ - WARNING - Indicator ADX failed: window must be an integer 0 or greater
2026-02-05 15:01:03,732 - __main__ - WARNING - Indicator  Aroon failed: window must be an integer 0 or greater
2026-02-05 15:01:03,732 - __main__ - WARNING - Indicator EMA failed: '<' not supported between instances of 'dict' and 'int'
2026-02-05 15:01:03,732 - __main__ - WARNING - Indicator IchimokuCloud failed: window must be an integer 0 or greater
2026-02-05 15:01:03,732 - __main__ - WARNING - Indicator MACD failed: '<' not supported between instances of 'dict' and 'int'
2026-02-05 15:01:03,733 - __main__ - WARNING - Indicator ParabolicSAR failed: unsupported operand type(s) for *: 'dict' and 'float'
2026-02-05 15:01:03,733 - __main__ - WARNING - Indicator SMA failed: window must be an integer 0 or greater
2026-02-05 15:01:03,733 - __main__ - WARNING - Indicator ATR failed: window must be an integer 0 or greater
2026-02-05 15:01:03,733 - __main__ - WARNING - Indicator HistoricalVolatility failed: window must be an integer 0 or greater
2026-02-05 15:01:03,733 - __main__ - WARNING - Indicator KeltnerChannel failed: '<' not supported between instances of 'dict' and 'int'
2026-02-05 15:01:03,733 - __main__ - WARNING - Indicator VolatilityRatio failed: window must be an integer 0 or greater
2026-02-05 15:01:03,733 - __main__ - WARNING - Indicator BollingerBands failed: window must be an integer 0 or greater
2026-02-05 15:01:03,733 - __main__ - WARNING - Indicator CCI failed: window must be an integer 0 or greater
2026-02-05 15:01:03,733 - __main__ - WARNING - Indicator RateOfChange failed: Periods must be integer, but type is <class 'str'>.
2026-02-05 15:01:03,734 - __main__ - WARNING - Indicator UltimateOscillator failed: window must be an integer 0 or greater
2026-02-05 15:01:03,734 - __main__ - WARNING - Indicator AccumulationDistribution failed: '<' not supported between instances of 'dict' and 'int'
2026-02-05 15:01:03,734 - __main__ - WARNING - Indicator ChaikinOscillator failed: '<' not supported between instances of 'dict' and 'int'
2026-02-05 15:01:03,737 - __main__ - WARNING - Indicator VolumeEMA failed: '<' not supported between instances of 'dict' and 'int'
2026-02-05 15:01:03,738 - __main__ - WARNING - Strategy AD_Accumulation failed: SignalResult.__init__() missing 2 required positional arguments: 'price' and 'reason'
2026-02-05 15:01:03,738 - __main__ - WARNING - Strategy Keltner_Bollinger_Squeeze failed: SignalResult.__init__() missing 2 required positional arguments: 'price' and 'reason'
2026-02-05 15:01:03,738 - __main__ - WARNING - Strategy OBV_Trend_Follow failed: 'IndicatorResult' object has no attribute 'get'
2026-02-05 15:01:03,739 - __main__ - WARNING - Strategy SectorAdaptive failed: cannot use 'dict' as a dict key (unhashable type: 'dict')
2026-02-05 15:01:03,739 - __main__ - WARNING - Strategy Three_MA_Trend failed: SignalResult.__init__() missing 2 required positional arguments: 'price' and 'reason'
2026-02-05 15:01:03,739 - __main__ - WARNING - Strategy VWAP_Reversal failed: 'IndicatorResult' object has no attribute 'get'
2026-02-05 15:01:03,740 - data - INFO - 使用本地數據: NVDA (275 rows)
2026-02-05 15:01:03,740 - __main__ - WARNING - Indicator Momentum failed: Periods must be integer, but type is <class 'str'>.
2026-02-05 15:01:03,740 - __main__ - WARNING - Indicator RSI failed: window must be an integer 0 or greater
2026-02-05 15:01:03,740 - __main__ - WARNING - Indicator Stochastic failed: window must be an integer 0 or greater
2026-02-05 15:01:03,740 - __main__ - WARNING - Indicator WilliamsR failed: window must be an integer 0 or greater
2026-02-05 15:01:03,740 - __main__ - WARNING - Indicator ADX failed: window must be an integer 0 or greater
2026-02-05 15:01:03,740 - __main__ - WARNING - Indicator  Aroon failed: window must be an integer 0 or greater
2026-02-05 15:01:03,740 - __main__ - WARNING - Indicator EMA failed: '<' not supported between instances of 'dict' and 'int'
2026-02-05 15:01:03,740 - __main__ - WARNING - Indicator IchimokuCloud failed: window must be an integer 0 or greater
2026-02-05 15:01:03,740 - __main__ - WARNING - Indicator MACD failed: '<' not supported between instances of 'dict' and 'int'
2026-02-05 15:01:03,740 - __main__ - WARNING - Indicator ParabolicSAR failed: unsupported operand type(s) for *: 'dict' and 'float'
2026-02-05 15:01:03,740 - __main__ - WARNING - Indicator SMA failed: window must be an integer 0 or greater
2026-02-05 15:01:03,741 - __main__ - WARNING - Indicator ATR failed: window must be an integer 0 or greater
2026-02-05 15:01:03,741 - __main__ - WARNING - Indicator HistoricalVolatility failed: window must be an integer 0 or greater
2026-02-05 15:01:03,741 - __main__ - WARNING - Indicator KeltnerChannel failed: '<' not supported between instances of 'dict' and 'int'
2026-02-05 15:01:03,741 - __main__ - WARNING - Indicator VolatilityRatio failed: window must be an integer 0 or greater
2026-02-05 15:01:03,741 - __main__ - WARNING - Indicator BollingerBands failed: window must be an integer 0 or greater
2026-02-05 15:01:03,741 - __main__ - WARNING - Indicator CCI failed: window must be an integer 0 or greater
2026-02-05 15:01:03,741 - __main__ - WARNING - Indicator RateOfChange failed: Periods must be integer, but type is <class 'str'>.
2026-02-05 15:01:03,741 - __main__ - WARNING - Indicator UltimateOscillator failed: window must be an integer 0 or greater
2026-02-05 15:01:03,742 - __main__ - WARNING - Indicator AccumulationDistribution failed: '<' not supported between instances of 'dict' and 'int'
2026-02-05 15:01:03,742 - __main__ - WARNING - Indicator ChaikinOscillator failed: '<' not supported between instances of 'dict' and 'int'
2026-02-05 15:01:03,745 - __main__ - WARNING - Indicator VolumeEMA failed: '<' not supported between instances of 'dict' and 'int'
2026-02-05 15:01:03,746 - __main__ - WARNING - Strategy AD_Accumulation failed: SignalResult.__init__() missing 2 required positional arguments: 'price' and 'reason'
2026-02-05 15:01:03,746 - __main__ - WARNING - Strategy Keltner_Bollinger_Squeeze failed: SignalResult.__init__() missing 2 required positional arguments: 'price' and 'reason'
2026-02-05 15:01:03,746 - __main__ - WARNING - Strategy OBV_Trend_Follow failed: 'IndicatorResult' object has no attribute 'get'
2026-02-05 15:01:03,746 - __main__ - WARNING - Strategy SectorAdaptive failed: cannot use 'dict' as a dict key (unhashable type: 'dict')
2026-02-05 15:01:03,746 - __main__ - WARNING - Strategy Three_MA_Trend failed: SignalResult.__init__() missing 2 required positional arguments: 'price' and 'reason'
2026-02-05 15:01:03,747 - __main__ - WARNING - Strategy VWAP_Reversal failed: 'IndicatorResult' object has no attribute 'get'
2026-02-05 15:01:03,747 - data - INFO - 使用本地數據: TSLA (275 rows)
2026-02-05 15:01:03,747 - __main__ - WARNING - Indicator Momentum failed: Periods must be integer, but type is <class 'str'>.
2026-02-05 15:01:03,747 - __main__ - WARNING - Indicator RSI failed: window must be an integer 0 or greater
2026-02-05 15:01:03,748 - __main__ - WARNING - Indicator Stochastic failed: window must be an integer 0 or greater
2026-02-05 15:01:03,748 - __main__ - WARNING - Indicator WilliamsR failed: window must be an integer 0 or greater
2026-02-05 15:01:03,748 - __main__ - WARNING - Indicator ADX failed: window must be an integer 0 or greater
2026-02-05 15:01:03,748 - __main__ - WARNING - Indicator  Aroon failed: window must be an integer 0 or greater
2026-02-05 15:01:03,748 - __main__ - WARNING - Indicator EMA failed: '<' not supported between instances of 'dict' and 'int'
2026-02-05 15:01:03,748 - __main__ - WARNING - Indicator IchimokuCloud failed: window must be an integer 0 or greater
2026-02-05 15:01:03,748 - __main__ - WARNING - Indicator MACD failed: '<' not supported between instances of 'dict' and 'int'
2026-02-05 15:01:03,748 - __main__ - WARNING - Indicator ParabolicSAR failed: unsupported operand type(s) for *: 'dict' and 'float'
2026-02-05 15:01:03,748 - __main__ - WARNING - Indicator SMA failed: window must be an integer 0 or greater
2026-02-05 15:01:03,748 - __main__ - WARNING - Indicator ATR failed: window must be an integer 0 or greater
2026-02-05 15:01:03,748 - __main__ - WARNING - Indicator HistoricalVolatility failed: window must be an integer 0 or greater
2026-02-05 15:01:03,748 - __main__ - WARNING - Indicator KeltnerChannel failed: '<' not supported between instances of 'dict' and 'int'
2026-02-05 15:01:03,748 - __main__ - WARNING - Indicator VolatilityRatio failed: window must be an integer 0 or greater
2026-02-05 15:01:03,749 - __main__ - WARNING - Indicator BollingerBands failed: window must be an integer 0 or greater
2026-02-05 15:01:03,749 - __main__ - WARNING - Indicator CCI failed: window must be an integer 0 or greater
2026-02-05 15:01:03,749 - __main__ - WARNING - Indicator RateOfChange failed: Periods must be integer, but type is <class 'str'>.
2026-02-05 15:01:03,749 - __main__ - WARNING - Indicator UltimateOscillator failed: window must be an integer 0 or greater
2026-02-05 15:01:03,749 - __main__ - WARNING - Indicator AccumulationDistribution failed: '<' not supported between instances of 'dict' and 'int'
2026-02-05 15:01:03,749 - __main__ - WARNING - Indicator ChaikinOscillator failed: '<' not supported between instances of 'dict' and 'int'
2026-02-05 15:01:03,753 - __main__ - WARNING - Indicator VolumeEMA failed: '<' not supported between instances of 'dict' and 'int'
2026-02-05 15:01:03,753 - __main__ - WARNING - Strategy AD_Accumulation failed: SignalResult.__init__() missing 2 required positional arguments: 'price' and 'reason'
2026-02-05 15:01:03,754 - __main__ - WARNING - Strategy Keltner_Bollinger_Squeeze failed: SignalResult.__init__() missing 2 required positional arguments: 'price' and 'reason'
2026-02-05 15:01:03,754 - __main__ - WARNING - Strategy OBV_Trend_Follow failed: 'IndicatorResult' object has no attribute 'get'
2026-02-05 15:01:03,754 - __main__ - WARNING - Strategy SectorAdaptive failed: cannot use 'dict' as a dict key (unhashable type: 'dict')
2026-02-05 15:01:03,754 - __main__ - WARNING - Strategy VWAP_Reversal failed: 'IndicatorResult' object has no attribute 'get'
2026-02-05 15:01:03,755 - data - INFO - 使用本地數據: TSM (275 rows)
2026-02-05 15:01:03,755 - __main__ - WARNING - Indicator Momentum failed: Periods must be integer, but type is <class 'str'>.
2026-02-05 15:01:03,755 - __main__ - WARNING - Indicator RSI failed: window must be an integer 0 or greater
2026-02-05 15:01:03,755 - __main__ - WARNING - Indicator Stochastic failed: window must be an integer 0 or greater
2026-02-05 15:01:03,755 - __main__ - WARNING - Indicator WilliamsR failed: window must be an integer 0 or greater
2026-02-05 15:01:03,756 - __main__ - WARNING - Indicator ADX failed: window must be an integer 0 or greater
2026-02-05 15:01:03,756 - __main__ - WARNING - Indicator  Aroon failed: window must be an integer 0 or greater
2026-02-05 15:01:03,756 - __main__ - WARNING - Indicator EMA failed: '<' not supported between instances of 'dict' and 'int'
2026-02-05 15:01:03,756 - __main__ - WARNING - Indicator IchimokuCloud failed: window must be an integer 0 or greater
2026-02-05 15:01:03,756 - __main__ - WARNING - Indicator MACD failed: '<' not supported between instances of 'dict' and 'int'
2026-02-05 15:01:03,756 - __main__ - WARNING - Indicator ParabolicSAR failed: unsupported operand type(s) for *: 'dict' and 'float'
2026-02-05 15:01:03,756 - __main__ - WARNING - Indicator SMA failed: window must be an integer 0 or greater
2026-02-05 15:01:03,756 - __main__ - WARNING - Indicator ATR failed: window must be an integer 0 or greater
2026-02-05 15:01:03,756 - __main__ - WARNING - Indicator HistoricalVolatility failed: window must be an integer 0 or greater
2026-02-05 15:01:03,756 - __main__ - WARNING - Indicator KeltnerChannel failed: '<' not supported between instances of 'dict' and 'int'
2026-02-05 15:01:03,756 - __main__ - WARNING - Indicator VolatilityRatio failed: window must be an integer 0 or greater
2026-02-05 15:01:03,756 - __main__ - WARNING - Indicator BollingerBands failed: window must be an integer 0 or greater
2026-02-05 15:01:03,756 - __main__ - WARNING - Indicator CCI failed: window must be an integer 0 or greater
2026-02-05 15:01:03,756 - __main__ - WARNING - Indicator RateOfChange failed: Periods must be integer, but type is <class 'str'>.
2026-02-05 15:01:03,757 - __main__ - WARNING - Indicator UltimateOscillator failed: window must be an integer 0 or greater
2026-02-05 15:01:03,757 - __main__ - WARNING - Indicator AccumulationDistribution failed: '<' not supported between instances of 'dict' and 'int'
2026-02-05 15:01:03,757 - __main__ - WARNING - Indicator ChaikinOscillator failed: '<' not supported between instances of 'dict' and 'int'
2026-02-05 15:01:03,760 - __main__ - WARNING - Indicator VolumeEMA failed: '<' not supported between instances of 'dict' and 'int'
2026-02-05 15:01:03,761 - __main__ - WARNING - Strategy AD_Accumulation failed: SignalResult.__init__() missing 2 required positional arguments: 'price' and 'reason'
2026-02-05 15:01:03,761 - __main__ - WARNING - Strategy Dual_Moving_Average_Crossover failed: SignalResult.__init__() missing 2 required positional arguments: 'price' and 'reason'
2026-02-05 15:01:03,761 - __main__ - WARNING - Strategy Keltner_Bollinger_Squeeze failed: SignalResult.__init__() missing 2 required positional arguments: 'price' and 'reason'
2026-02-05 15:01:03,762 - __main__ - WARNING - Strategy OBV_Trend_Follow failed: 'IndicatorResult' object has no attribute 'get'
2026-02-05 15:01:03,762 - __main__ - WARNING - Strategy SectorAdaptive failed: cannot use 'dict' as a dict key (unhashable type: 'dict')
2026-02-05 15:01:03,762 - __main__ - WARNING - Strategy VWAP_Reversal failed: 'IndicatorResult' object has no attribute 'get'
2026-02-05 15:01:03,763 - data - INFO - 使用本地數據: AMD (275 rows)
2026-02-05 15:01:03,763 - __main__ - WARNING - Indicator Momentum failed: Periods must be integer, but type is <class 'str'>.
2026-02-05 15:01:03,763 - __main__ - WARNING - Indicator RSI failed: window must be an integer 0 or greater
2026-02-05 15:01:03,763 - __main__ - WARNING - Indicator Stochastic failed: window must be an integer 0 or greater
2026-02-05 15:01:03,763 - __main__ - WARNING - Indicator WilliamsR failed: window must be an integer 0 or greater
2026-02-05 15:01:03,763 - __main__ - WARNING - Indicator ADX failed: window must be an integer 0 or greater
2026-02-05 15:01:03,763 - __main__ - WARNING - Indicator  Aroon failed: window must be an integer 0 or greater
2026-02-05 15:01:03,763 - __main__ - WARNING - Indicator EMA failed: '<' not supported between instances of 'dict' and 'int'
2026-02-05 15:01:03,763 - __main__ - WARNING - Indicator IchimokuCloud failed: window must be an integer 0 or greater
2026-02-05 15:01:03,763 - __main__ - WARNING - Indicator MACD failed: '<' not supported between instances of 'dict' and 'int'
2026-02-05 15:01:03,763 - __main__ - WARNING - Indicator ParabolicSAR failed: unsupported operand type(s) for *: 'dict' and 'float'
2026-02-05 15:01:03,764 - __main__ - WARNING - Indicator SMA failed: window must be an integer 0 or greater
2026-02-05 15:01:03,764 - __main__ - WARNING - Indicator ATR failed: window must be an integer 0 or greater
2026-02-05 15:01:03,764 - __main__ - WARNING - Indicator HistoricalVolatility failed: window must be an integer 0 or greater
2026-02-05 15:01:03,764 - __main__ - WARNING - Indicator KeltnerChannel failed: '<' not supported between instances of 'dict' and 'int'
2026-02-05 15:01:03,764 - __main__ - WARNING - Indicator VolatilityRatio failed: window must be an integer 0 or greater
2026-02-05 15:01:03,764 - __main__ - WARNING - Indicator BollingerBands failed: window must be an integer 0 or greater
2026-02-05 15:01:03,764 - __main__ - WARNING - Indicator CCI failed: window must be an integer 0 or greater
2026-02-05 15:01:03,764 - __main__ - WARNING - Indicator RateOfChange failed: Periods must be integer, but type is <class 'str'>.
2026-02-05 15:01:03,765 - __main__ - WARNING - Indicator UltimateOscillator failed: window must be an integer 0 or greater
2026-02-05 15:01:03,765 - __main__ - WARNING - Indicator AccumulationDistribution failed: '<' not supported between instances of 'dict' and 'int'
2026-02-05 15:01:03,765 - __main__ - WARNING - Indicator ChaikinOscillator failed: '<' not supported between instances of 'dict' and 'int'
2026-02-05 15:01:03,768 - __main__ - WARNING - Indicator VolumeEMA failed: '<' not supported between instances of 'dict' and 'int'
2026-02-05 15:01:03,769 - __main__ - WARNING - Strategy AD_Accumulation failed: SignalResult.__init__() missing 2 required positional arguments: 'price' and 'reason'
2026-02-05 15:01:03,769 - __main__ - WARNING - Strategy Keltner_Bollinger_Squeeze failed: SignalResult.__init__() missing 2 required positional arguments: 'price' and 'reason'
2026-02-05 15:01:03,769 - __main__ - WARNING - Strategy OBV_Trend_Follow failed: 'IndicatorResult' object has no attribute 'get'
2026-02-05 15:01:03,769 - __main__ - WARNING - Strategy SectorAdaptive failed: cannot use 'dict' as a dict key (unhashable type: 'dict')
2026-02-05 15:01:03,770 - __main__ - WARNING - Strategy Three_MA_Trend failed: SignalResult.__init__() missing 2 required positional arguments: 'price' and 'reason'
2026-02-05 15:01:03,770 - __main__ - WARNING - Strategy VWAP_Reversal failed: 'IndicatorResult' object has no attribute 'get'
2026-02-05 15:01:03,770 - data - INFO - 使用本地數據: INTC (275 rows)
2026-02-05 15:01:03,771 - __main__ - WARNING - Indicator Momentum failed: Periods must be integer, but type is <class 'str'>.
2026-02-05 15:01:03,771 - __main__ - WARNING - Indicator RSI failed: window must be an integer 0 or greater
2026-02-05 15:01:03,771 - __main__ - WARNING - Indicator Stochastic failed: window must be an integer 0 or greater
2026-02-05 15:01:03,771 - __main__ - WARNING - Indicator WilliamsR failed: window must be an integer 0 or greater
2026-02-05 15:01:03,771 - __main__ - WARNING - Indicator ADX failed: window must be an integer 0 or greater
2026-02-05 15:01:03,771 - __main__ - WARNING - Indicator  Aroon failed: window must be an integer 0 or greater
2026-02-05 15:01:03,771 - __main__ - WARNING - Indicator EMA failed: '<' not supported between instances of 'dict' and 'int'
2026-02-05 15:01:03,771 - __main__ - WARNING - Indicator IchimokuCloud failed: window must be an integer 0 or greater
2026-02-05 15:01:03,771 - __main__ - WARNING - Indicator MACD failed: '<' not supported between instances of 'dict' and 'int'
2026-02-05 15:01:03,771 - __main__ - WARNING - Indicator ParabolicSAR failed: unsupported operand type(s) for *: 'dict' and 'float'
2026-02-05 15:01:03,771 - __main__ - WARNING - Indicator SMA failed: window must be an integer 0 or greater
2026-02-05 15:01:03,772 - __main__ - WARNING - Indicator ATR failed: window must be an integer 0 or greater
2026-02-05 15:01:03,772 - __main__ - WARNING - Indicator HistoricalVolatility failed: window must be an integer 0 or greater
2026-02-05 15:01:03,772 - __main__ - WARNING - Indicator KeltnerChannel failed: '<' not supported between instances of 'dict' and 'int'
2026-02-05 15:01:03,772 - __main__ - WARNING - Indicator VolatilityRatio failed: window must be an integer 0 or greater
2026-02-05 15:01:03,772 - __main__ - WARNING - Indicator BollingerBands failed: window must be an integer 0 or greater
2026-02-05 15:01:03,772 - __main__ - WARNING - Indicator CCI failed: window must be an integer 0 or greater
2026-02-05 15:01:03,772 - __main__ - WARNING - Indicator RateOfChange failed: Periods must be integer, but type is <class 'str'>.
2026-02-05 15:01:03,772 - __main__ - WARNING - Indicator UltimateOscillator failed: window must be an integer 0 or greater
2026-02-05 15:01:03,772 - __main__ - WARNING - Indicator AccumulationDistribution failed: '<' not supported between instances of 'dict' and 'int'
2026-02-05 15:01:03,773 - __main__ - WARNING - Indicator ChaikinOscillator failed: '<' not supported between instances of 'dict' and 'int'
2026-02-05 15:01:03,776 - __main__ - WARNING - Indicator VolumeEMA failed: '<' not supported between instances of 'dict' and 'int'
2026-02-05 15:01:03,776 - __main__ - WARNING - Strategy AD_Accumulation failed: SignalResult.__init__() missing 2 required positional arguments: 'price' and 'reason'
2026-02-05 15:01:03,777 - __main__ - WARNING - Strategy Dual_Moving_Average_Crossover failed: SignalResult.__init__() missing 2 required positional arguments: 'price' and 'reason'
2026-02-05 15:01:03,777 - __main__ - WARNING - Strategy Keltner_Bollinger_Squeeze failed: SignalResult.__init__() missing 2 required positional arguments: 'price' and 'reason'
2026-02-05 15:01:03,777 - __main__ - WARNING - Strategy OBV_Trend_Follow failed: 'IndicatorResult' object has no attribute 'get'
2026-02-05 15:01:03,777 - __main__ - WARNING - Strategy SectorAdaptive failed: cannot use 'dict' as a dict key (unhashable type: 'dict')
2026-02-05 15:01:03,777 - __main__ - WARNING - Strategy Three_MA_Trend failed: SignalResult.__init__() missing 2 required positional arguments: 'price' and 'reason'
2026-02-05 15:01:03,778 - __main__ - WARNING - Strategy VWAP_Reversal failed: 'IndicatorResult' object has no attribute 'get'
2026-02-05 15:01:03,778 - data - INFO - 使用本地數據: UBER (275 rows)
2026-02-05 15:01:03,778 - __main__ - WARNING - Indicator Momentum failed: Periods must be integer, but type is <class 'str'>.
2026-02-05 15:01:03,778 - __main__ - WARNING - Indicator RSI failed: window must be an integer 0 or greater
2026-02-05 15:01:03,778 - __main__ - WARNING - Indicator Stochastic failed: window must be an integer 0 or greater
2026-02-05 15:01:03,778 - __main__ - WARNING - Indicator WilliamsR failed: window must be an integer 0 or greater
2026-02-05 15:01:03,779 - __main__ - WARNING - Indicator ADX failed: window must be an integer 0 or greater
2026-02-05 15:01:03,779 - __main__ - WARNING - Indicator  Aroon failed: window must be an integer 0 or greater
2026-02-05 15:01:03,779 - __main__ - WARNING - Indicator EMA failed: '<' not supported between instances of 'dict' and 'int'
2026-02-05 15:01:03,779 - __main__ - WARNING - Indicator IchimokuCloud failed: window must be an integer 0 or greater
2026-02-05 15:01:03,779 - __main__ - WARNING - Indicator MACD failed: '<' not supported between instances of 'dict' and 'int'
2026-02-05 15:01:03,779 - __main__ - WARNING - Indicator ParabolicSAR failed: unsupported operand type(s) for *: 'dict' and 'float'
2026-02-05 15:01:03,779 - __main__ - WARNING - Indicator SMA failed: window must be an integer 0 or greater
2026-02-05 15:01:03,779 - __main__ - WARNING - Indicator ATR failed: window must be an integer 0 or greater
2026-02-05 15:01:03,779 - __main__ - WARNING - Indicator HistoricalVolatility failed: window must be an integer 0 or greater
2026-02-05 15:01:03,779 - __main__ - WARNING - Indicator KeltnerChannel failed: '<' not supported between instances of 'dict' and 'int'
2026-02-05 15:01:03,779 - __main__ - WARNING - Indicator VolatilityRatio failed: window must be an integer 0 or greater
2026-02-05 15:01:03,779 - __main__ - WARNING - Indicator BollingerBands failed: window must be an integer 0 or greater
2026-02-05 15:01:03,779 - __main__ - WARNING - Indicator CCI failed: window must be an integer 0 or greater
2026-02-05 15:01:03,780 - __main__ - WARNING - Indicator RateOfChange failed: Periods must be integer, but type is <class 'str'>.
2026-02-05 15:01:03,780 - __main__ - WARNING - Indicator UltimateOscillator failed: window must be an integer 0 or greater
2026-02-05 15:01:03,780 - __main__ - WARNING - Indicator AccumulationDistribution failed: '<' not supported between instances of 'dict' and 'int'
2026-02-05 15:01:03,780 - __main__ - WARNING - Indicator ChaikinOscillator failed: '<' not supported between instances of 'dict' and 'int'
2026-02-05 15:01:03,784 - __main__ - WARNING - Indicator VolumeEMA failed: '<' not supported between instances of 'dict' and 'int'
2026-02-05 15:01:03,784 - __main__ - WARNING - Strategy AD_Accumulation failed: SignalResult.__init__() missing 2 required positional arguments: 'price' and 'reason'
2026-02-05 15:01:03,785 - __main__ - WARNING - Strategy Keltner_Bollinger_Squeeze failed: SignalResult.__init__() missing 2 required positional arguments: 'price' and 'reason'
2026-02-05 15:01:03,785 - __main__ - WARNING - Strategy OBV_Trend_Follow failed: 'IndicatorResult' object has no attribute 'get'
2026-02-05 15:01:03,785 - __main__ - WARNING - Strategy SectorAdaptive failed: cannot use 'dict' as a dict key (unhashable type: 'dict')
2026-02-05 15:01:03,785 - __main__ - WARNING - Strategy VWAP_Reversal failed: 'IndicatorResult' object has no attribute 'get'
2026-02-05 15:01:03,786 - data - INFO - 使用本地數據: ORCL (275 rows)
2026-02-05 15:01:03,786 - __main__ - WARNING - Indicator Momentum failed: Periods must be integer, but type is <class 'str'>.
2026-02-05 15:01:03,786 - __main__ - WARNING - Indicator RSI failed: window must be an integer 0 or greater
2026-02-05 15:01:03,786 - __main__ - WARNING - Indicator Stochastic failed: window must be an integer 0 or greater
2026-02-05 15:01:03,786 - __main__ - WARNING - Indicator WilliamsR failed: window must be an integer 0 or greater
2026-02-05 15:01:03,786 - __main__ - WARNING - Indicator ADX failed: window must be an integer 0 or greater
2026-02-05 15:01:03,786 - __main__ - WARNING - Indicator  Aroon failed: window must be an integer 0 or greater
2026-02-05 15:01:03,786 - __main__ - WARNING - Indicator EMA failed: '<' not supported between instances of 'dict' and 'int'
2026-02-05 15:01:03,787 - __main__ - WARNING - Indicator IchimokuCloud failed: window must be an integer 0 or greater
2026-02-05 15:01:03,787 - __main__ - WARNING - Indicator MACD failed: '<' not supported between instances of 'dict' and 'int'
2026-02-05 15:01:03,787 - __main__ - WARNING - Indicator ParabolicSAR failed: unsupported operand type(s) for *: 'dict' and 'float'
2026-02-05 15:01:03,787 - __main__ - WARNING - Indicator SMA failed: window must be an integer 0 or greater
2026-02-05 15:01:03,787 - __main__ - WARNING - Indicator ATR failed: window must be an integer 0 or greater
2026-02-05 15:01:03,787 - __main__ - WARNING - Indicator HistoricalVolatility failed: window must be an integer 0 or greater
2026-02-05 15:01:03,787 - __main__ - WARNING - Indicator KeltnerChannel failed: '<' not supported between instances of 'dict' and 'int'
2026-02-05 15:01:03,787 - __main__ - WARNING - Indicator VolatilityRatio failed: window must be an integer 0 or greater
2026-02-05 15:01:03,787 - __main__ - WARNING - Indicator BollingerBands failed: window must be an integer 0 or greater
2026-02-05 15:01:03,787 - __main__ - WARNING - Indicator CCI failed: window must be an integer 0 or greater
2026-02-05 15:01:03,787 - __main__ - WARNING - Indicator RateOfChange failed: Periods must be integer, but type is <class 'str'>.
2026-02-05 15:01:03,788 - __main__ - WARNING - Indicator UltimateOscillator failed: window must be an integer 0 or greater
2026-02-05 15:01:03,788 - __main__ - WARNING - Indicator AccumulationDistribution failed: '<' not supported between instances of 'dict' and 'int'
2026-02-05 15:01:03,788 - __main__ - WARNING - Indicator ChaikinOscillator failed: '<' not supported between instances of 'dict' and 'int'
2026-02-05 15:01:03,791 - __main__ - WARNING - Indicator VolumeEMA failed: '<' not supported between instances of 'dict' and 'int'
2026-02-05 15:01:03,792 - __main__ - WARNING - Strategy AD_Accumulation failed: SignalResult.__init__() missing 2 required positional arguments: 'price' and 'reason'
2026-02-05 15:01:03,792 - __main__ - WARNING - Strategy Keltner_Bollinger_Squeeze failed: SignalResult.__init__() missing 2 required positional arguments: 'price' and 'reason'
2026-02-05 15:01:03,792 - __main__ - WARNING - Strategy OBV_Trend_Follow failed: 'IndicatorResult' object has no attribute 'get'
2026-02-05 15:01:03,793 - __main__ - WARNING - Strategy SectorAdaptive failed: cannot use 'dict' as a dict key (unhashable type: 'dict')
2026-02-05 15:01:03,793 - __main__ - WARNING - Strategy VWAP_Reversal failed: 'IndicatorResult' object has no attribute 'get'
2026-02-05 15:01:03,793 - data - INFO - 使用本地數據: WDC (275 rows)
2026-02-05 15:01:03,794 - __main__ - WARNING - Indicator Momentum failed: Periods must be integer, but type is <class 'str'>.
2026-02-05 15:01:03,794 - __main__ - WARNING - Indicator RSI failed: window must be an integer 0 or greater
2026-02-05 15:01:03,794 - __main__ - WARNING - Indicator Stochastic failed: window must be an integer 0 or greater
2026-02-05 15:01:03,794 - __main__ - WARNING - Indicator WilliamsR failed: window must be an integer 0 or greater
2026-02-05 15:01:03,794 - __main__ - WARNING - Indicator ADX failed: window must be an integer 0 or greater
2026-02-05 15:01:03,794 - __main__ - WARNING - Indicator  Aroon failed: window must be an integer 0 or greater
2026-02-05 15:01:03,794 - __main__ - WARNING - Indicator EMA failed: '<' not supported between instances of 'dict' and 'int'
2026-02-05 15:01:03,794 - __main__ - WARNING - Indicator IchimokuCloud failed: window must be an integer 0 or greater
2026-02-05 15:01:03,794 - __main__ - WARNING - Indicator MACD failed: '<' not supported between instances of 'dict' and 'int'
2026-02-05 15:01:03,794 - __main__ - WARNING - Indicator ParabolicSAR failed: unsupported operand type(s) for *: 'dict' and 'float'
2026-02-05 15:01:03,794 - __main__ - WARNING - Indicator SMA failed: window must be an integer 0 or greater
2026-02-05 15:01:03,795 - __main__ - WARNING - Indicator ATR failed: window must be an integer 0 or greater
2026-02-05 15:01:03,795 - __main__ - WARNING - Indicator HistoricalVolatility failed: window must be an integer 0 or greater
2026-02-05 15:01:03,795 - __main__ - WARNING - Indicator KeltnerChannel failed: '<' not supported between instances of 'dict' and 'int'
2026-02-05 15:01:03,795 - __main__ - WARNING - Indicator VolatilityRatio failed: window must be an integer 0 or greater
2026-02-05 15:01:03,795 - __main__ - WARNING - Indicator BollingerBands failed: window must be an integer 0 or greater
2026-02-05 15:01:03,795 - __main__ - WARNING - Indicator CCI failed: window must be an integer 0 or greater
2026-02-05 15:01:03,795 - __main__ - WARNING - Indicator RateOfChange failed: Periods must be integer, but type is <class 'str'>.
2026-02-05 15:01:03,795 - __main__ - WARNING - Indicator UltimateOscillator failed: window must be an integer 0 or greater
2026-02-05 15:01:03,795 - __main__ - WARNING - Indicator AccumulationDistribution failed: '<' not supported between instances of 'dict' and 'int'
2026-02-05 15:01:03,796 - __main__ - WARNING - Indicator ChaikinOscillator failed: '<' not supported between instances of 'dict' and 'int'
2026-02-05 15:01:03,799 - __main__ - WARNING - Indicator VolumeEMA failed: '<' not supported between instances of 'dict' and 'int'
2026-02-05 15:01:03,800 - __main__ - WARNING - Strategy AD_Accumulation failed: SignalResult.__init__() missing 2 required positional arguments: 'price' and 'reason'
2026-02-05 15:01:03,800 - __main__ - WARNING - Strategy Keltner_Bollinger_Squeeze failed: SignalResult.__init__() missing 2 required positional arguments: 'price' and 'reason'
2026-02-05 15:01:03,800 - __main__ - WARNING - Strategy OBV_Trend_Follow failed: 'IndicatorResult' object has no attribute 'get'
2026-02-05 15:01:03,800 - __main__ - WARNING - Strategy SectorAdaptive failed: cannot use 'dict' as a dict key (unhashable type: 'dict')
2026-02-05 15:01:03,801 - __main__ - WARNING - Strategy VWAP_Reversal failed: 'IndicatorResult' object has no attribute 'get'
2026-02-05 15:01:03,801 - data - INFO - 使用本地數據: MU (275 rows)
2026-02-05 15:01:03,801 - __main__ - WARNING - Indicator Momentum failed: Periods must be integer, but type is <class 'str'>.
2026-02-05 15:01:03,801 - __main__ - WARNING - Indicator RSI failed: window must be an integer 0 or greater
2026-02-05 15:01:03,801 - __main__ - WARNING - Indicator Stochastic failed: window must be an integer 0 or greater
2026-02-05 15:01:03,801 - __main__ - WARNING - Indicator WilliamsR failed: window must be an integer 0 or greater
2026-02-05 15:01:03,802 - __main__ - WARNING - Indicator ADX failed: window must be an integer 0 or greater
2026-02-05 15:01:03,802 - __main__ - WARNING - Indicator  Aroon failed: window must be an integer 0 or greater
2026-02-05 15:01:03,802 - __main__ - WARNING - Indicator EMA failed: '<' not supported between instances of 'dict' and 'int'
2026-02-05 15:01:03,802 - __main__ - WARNING - Indicator IchimokuCloud failed: window must be an integer 0 or greater
2026-02-05 15:01:03,802 - __main__ - WARNING - Indicator MACD failed: '<' not supported between instances of 'dict' and 'int'
2026-02-05 15:01:03,802 - __main__ - WARNING - Indicator ParabolicSAR failed: unsupported operand type(s) for *: 'dict' and 'float'
2026-02-05 15:01:03,802 - __main__ - WARNING - Indicator SMA failed: window must be an integer 0 or greater
2026-02-05 15:01:03,802 - __main__ - WARNING - Indicator ATR failed: window must be an integer 0 or greater
2026-02-05 15:01:03,802 - __main__ - WARNING - Indicator HistoricalVolatility failed: window must be an integer 0 or greater
2026-02-05 15:01:03,802 - __main__ - WARNING - Indicator KeltnerChannel failed: '<' not supported between instances of 'dict' and 'int'
2026-02-05 15:01:03,802 - __main__ - WARNING - Indicator VolatilityRatio failed: window must be an integer 0 or greater
2026-02-05 15:01:03,802 - __main__ - WARNING - Indicator BollingerBands failed: window must be an integer 0 or greater
2026-02-05 15:01:03,803 - __main__ - WARNING - Indicator CCI failed: window must be an integer 0 or greater
2026-02-05 15:01:03,803 - __main__ - WARNING - Indicator RateOfChange failed: Periods must be integer, but type is <class 'str'>.
2026-02-05 15:01:03,803 - __main__ - WARNING - Indicator UltimateOscillator failed: window must be an integer 0 or greater
2026-02-05 15:01:03,803 - __main__ - WARNING - Indicator AccumulationDistribution failed: '<' not supported between instances of 'dict' and 'int'
2026-02-05 15:01:03,803 - __main__ - WARNING - Indicator ChaikinOscillator failed: '<' not supported between instances of 'dict' and 'int'
2026-02-05 15:01:03,807 - __main__ - WARNING - Indicator VolumeEMA failed: '<' not supported between instances of 'dict' and 'int'
2026-02-05 15:01:03,807 - __main__ - WARNING - Strategy AD_Accumulation failed: SignalResult.__init__() missing 2 required positional arguments: 'price' and 'reason'
2026-02-05 15:01:03,807 - __main__ - WARNING - Strategy Dual_Moving_Average_Crossover failed: SignalResult.__init__() missing 2 required positional arguments: 'price' and 'reason'
2026-02-05 15:01:03,808 - __main__ - WARNING - Strategy Keltner_Bollinger_Squeeze failed: SignalResult.__init__() missing 2 required positional arguments: 'price' and 'reason'
2026-02-05 15:01:03,808 - __main__ - WARNING - Strategy OBV_Trend_Follow failed: 'IndicatorResult' object has no attribute 'get'
2026-02-05 15:01:03,808 - __main__ - WARNING - Strategy SectorAdaptive failed: cannot use 'dict' as a dict key (unhashable type: 'dict')
2026-02-05 15:01:03,808 - __main__ - WARNING - Strategy Three_MA_Trend failed: SignalResult.__init__() missing 2 required positional arguments: 'price' and 'reason'
2026-02-05 15:01:03,808 - __main__ - WARNING - Strategy VWAP_Reversal failed: 'IndicatorResult' object has no attribute 'get'
2026-02-05 15:01:03,809 - data - INFO - 使用本地數據: AVGO (275 rows)
2026-02-05 15:01:03,809 - __main__ - WARNING - Indicator Momentum failed: Periods must be integer, but type is <class 'str'>.
2026-02-05 15:01:03,809 - __main__ - WARNING - Indicator RSI failed: window must be an integer 0 or greater
2026-02-05 15:01:03,809 - __main__ - WARNING - Indicator Stochastic failed: window must be an integer 0 or greater
2026-02-05 15:01:03,809 - __main__ - WARNING - Indicator WilliamsR failed: window must be an integer 0 or greater
2026-02-05 15:01:03,809 - __main__ - WARNING - Indicator ADX failed: window must be an integer 0 or greater
2026-02-05 15:01:03,809 - __main__ - WARNING - Indicator  Aroon failed: window must be an integer 0 or greater
2026-02-05 15:01:03,809 - __main__ - WARNING - Indicator EMA failed: '<' not supported between instances of 'dict' and 'int'
2026-02-05 15:01:03,810 - __main__ - WARNING - Indicator IchimokuCloud failed: window must be an integer 0 or greater
2026-02-05 15:01:03,810 - __main__ - WARNING - Indicator MACD failed: '<' not supported between instances of 'dict' and 'int'
2026-02-05 15:01:03,810 - __main__ - WARNING - Indicator ParabolicSAR failed: unsupported operand type(s) for *: 'dict' and 'float'
2026-02-05 15:01:03,810 - __main__ - WARNING - Indicator SMA failed: window must be an integer 0 or greater
2026-02-05 15:01:03,810 - __main__ - WARNING - Indicator ATR failed: window must be an integer 0 or greater
2026-02-05 15:01:03,810 - __main__ - WARNING - Indicator HistoricalVolatility failed: window must be an integer 0 or greater
2026-02-05 15:01:03,810 - __main__ - WARNING - Indicator KeltnerChannel failed: '<' not supported between instances of 'dict' and 'int'
2026-02-05 15:01:03,810 - __main__ - WARNING - Indicator VolatilityRatio failed: window must be an integer 0 or greater
2026-02-05 15:01:03,810 - __main__ - WARNING - Indicator BollingerBands failed: window must be an integer 0 or greater
2026-02-05 15:01:03,810 - __main__ - WARNING - Indicator CCI failed: window must be an integer 0 or greater
2026-02-05 15:01:03,810 - __main__ - WARNING - Indicator RateOfChange failed: Periods must be integer, but type is <class 'str'>.
2026-02-05 15:01:03,811 - __main__ - WARNING - Indicator UltimateOscillator failed: window must be an integer 0 or greater
2026-02-05 15:01:03,811 - __main__ - WARNING - Indicator AccumulationDistribution failed: '<' not supported between instances of 'dict' and 'int'
2026-02-05 15:01:03,811 - __main__ - WARNING - Indicator ChaikinOscillator failed: '<' not supported between instances of 'dict' and 'int'
2026-02-05 15:01:03,811 - __main__ - WARNING - Indicator OBV failed: Invalid value '-35109263.042997' for dtype 'int64'
2026-02-05 15:01:03,811 - __main__ - WARNING - Indicator VolumeEMA failed: '<' not supported between instances of 'dict' and 'int'
2026-02-05 15:01:03,812 - __main__ - WARNING - Strategy AD_Accumulation failed: SignalResult.__init__() missing 2 required positional arguments: 'price' and 'reason'
2026-02-05 15:01:03,812 - __main__ - WARNING - Strategy Keltner_Bollinger_Squeeze failed: SignalResult.__init__() missing 2 required positional arguments: 'price' and 'reason'
2026-02-05 15:01:03,813 - __main__ - WARNING - Strategy SectorAdaptive failed: cannot use 'dict' as a dict key (unhashable type: 'dict')
2026-02-05 15:01:03,813 - __main__ - WARNING - Strategy VWAP_Reversal failed: 'IndicatorResult' object has no attribute 'get'
2026-02-05 15:01:03,813 - data - INFO - 使用本地數據: COIN (275 rows)
2026-02-05 15:01:03,814 - __main__ - WARNING - Indicator Momentum failed: Periods must be integer, but type is <class 'str'>.
2026-02-05 15:01:03,814 - __main__ - WARNING - Indicator RSI failed: window must be an integer 0 or greater
2026-02-05 15:01:03,814 - __main__ - WARNING - Indicator Stochastic failed: window must be an integer 0 or greater
2026-02-05 15:01:03,814 - __main__ - WARNING - Indicator WilliamsR failed: window must be an integer 0 or greater
2026-02-05 15:01:03,814 - __main__ - WARNING - Indicator ADX failed: window must be an integer 0 or greater
2026-02-05 15:01:03,814 - __main__ - WARNING - Indicator  Aroon failed: window must be an integer 0 or greater
2026-02-05 15:01:03,814 - __main__ - WARNING - Indicator EMA failed: '<' not supported between instances of 'dict' and 'int'
2026-02-05 15:01:03,814 - __main__ - WARNING - Indicator IchimokuCloud failed: window must be an integer 0 or greater
2026-02-05 15:01:03,814 - __main__ - WARNING - Indicator MACD failed: '<' not supported between instances of 'dict' and 'int'
2026-02-05 15:01:03,814 - __main__ - WARNING - Indicator ParabolicSAR failed: unsupported operand type(s) for *: 'dict' and 'float'
2026-02-05 15:01:03,814 - __main__ - WARNING - Indicator SMA failed: window must be an integer 0 or greater
2026-02-05 15:01:03,815 - __main__ - WARNING - Indicator ATR failed: window must be an integer 0 or greater
2026-02-05 15:01:03,815 - __main__ - WARNING - Indicator HistoricalVolatility failed: window must be an integer 0 or greater
2026-02-05 15:01:03,815 - __main__ - WARNING - Indicator KeltnerChannel failed: '<' not supported between instances of 'dict' and 'int'
2026-02-05 15:01:03,815 - __main__ - WARNING - Indicator VolatilityRatio failed: window must be an integer 0 or greater
2026-02-05 15:01:03,815 - __main__ - WARNING - Indicator BollingerBands failed: window must be an integer 0 or greater
2026-02-05 15:01:03,815 - __main__ - WARNING - Indicator CCI failed: window must be an integer 0 or greater
2026-02-05 15:01:03,815 - __main__ - WARNING - Indicator RateOfChange failed: Periods must be integer, but type is <class 'str'>.
2026-02-05 15:01:03,815 - __main__ - WARNING - Indicator UltimateOscillator failed: window must be an integer 0 or greater
2026-02-05 15:01:03,815 - __main__ - WARNING - Indicator AccumulationDistribution failed: '<' not supported between instances of 'dict' and 'int'
2026-02-05 15:01:03,816 - __main__ - WARNING - Indicator ChaikinOscillator failed: '<' not supported between instances of 'dict' and 'int'
2026-02-05 15:01:03,819 - __main__ - WARNING - Indicator VolumeEMA failed: '<' not supported between instances of 'dict' and 'int'
2026-02-05 15:01:03,820 - __main__ - WARNING - Strategy AD_Accumulation failed: SignalResult.__init__() missing 2 required positional arguments: 'price' and 'reason'
2026-02-05 15:01:03,820 - __main__ - WARNING - Strategy Keltner_Bollinger_Squeeze failed: SignalResult.__init__() missing 2 required positional arguments: 'price' and 'reason'
2026-02-05 15:01:03,820 - __main__ - WARNING - Strategy OBV_Trend_Follow failed: 'IndicatorResult' object has no attribute 'get'
2026-02-05 15:01:03,820 - __main__ - WARNING - Strategy SectorAdaptive failed: cannot use 'dict' as a dict key (unhashable type: 'dict')
2026-02-05 15:01:03,821 - __main__ - WARNING - Strategy VWAP_Reversal failed: 'IndicatorResult' object has no attribute 'get'
2026-02-05 15:01:03,821 - data - INFO - 使用本地數據: RKLB (275 rows)
2026-02-05 15:01:03,821 - __main__ - WARNING - Indicator Momentum failed: Periods must be integer, but type is <class 'str'>.
2026-02-05 15:01:03,821 - __main__ - WARNING - Indicator RSI failed: window must be an integer 0 or greater
2026-02-05 15:01:03,821 - __main__ - WARNING - Indicator Stochastic failed: window must be an integer 0 or greater
2026-02-05 15:01:03,821 - __main__ - WARNING - Indicator WilliamsR failed: window must be an integer 0 or greater
2026-02-05 15:01:03,822 - __main__ - WARNING - Indicator ADX failed: window must be an integer 0 or greater
2026-02-05 15:01:03,822 - __main__ - WARNING - Indicator  Aroon failed: window must be an integer 0 or greater
2026-02-05 15:01:03,822 - __main__ - WARNING - Indicator EMA failed: '<' not supported between instances of 'dict' and 'int'
2026-02-05 15:01:03,822 - __main__ - WARNING - Indicator IchimokuCloud failed: window must be an integer 0 or greater
2026-02-05 15:01:03,822 - __main__ - WARNING - Indicator MACD failed: '<' not supported between instances of 'dict' and 'int'
2026-02-05 15:01:03,822 - __main__ - WARNING - Indicator ParabolicSAR failed: unsupported operand type(s) for *: 'dict' and 'float'
2026-02-05 15:01:03,822 - __main__ - WARNING - Indicator SMA failed: window must be an integer 0 or greater
2026-02-05 15:01:03,822 - __main__ - WARNING - Indicator ATR failed: window must be an integer 0 or greater
2026-02-05 15:01:03,822 - __main__ - WARNING - Indicator HistoricalVolatility failed: window must be an integer 0 or greater
2026-02-05 15:01:03,822 - __main__ - WARNING - Indicator KeltnerChannel failed: '<' not supported between instances of 'dict' and 'int'
2026-02-05 15:01:03,822 - __main__ - WARNING - Indicator VolatilityRatio failed: window must be an integer 0 or greater
2026-02-05 15:01:03,822 - __main__ - WARNING - Indicator BollingerBands failed: window must be an integer 0 or greater
2026-02-05 15:01:03,822 - __main__ - WARNING - Indicator CCI failed: window must be an integer 0 or greater
2026-02-05 15:01:03,823 - __main__ - WARNING - Indicator RateOfChange failed: Periods must be integer, but type is <class 'str'>.
2026-02-05 15:01:03,823 - __main__ - WARNING - Indicator UltimateOscillator failed: window must be an integer 0 or greater
2026-02-05 15:01:03,823 - __main__ - WARNING - Indicator AccumulationDistribution failed: '<' not supported between instances of 'dict' and 'int'
2026-02-05 15:01:03,823 - __main__ - WARNING - Indicator ChaikinOscillator failed: '<' not supported between instances of 'dict' and 'int'
2026-02-05 15:01:03,827 - __main__ - WARNING - Indicator VolumeEMA failed: '<' not supported between instances of 'dict' and 'int'
2026-02-05 15:01:03,827 - __main__ - WARNING - Strategy AD_Accumulation failed: SignalResult.__init__() missing 2 required positional arguments: 'price' and 'reason'
2026-02-05 15:01:03,828 - __main__ - WARNING - Strategy Keltner_Bollinger_Squeeze failed: SignalResult.__init__() missing 2 required positional arguments: 'price' and 'reason'
2026-02-05 15:01:03,828 - __main__ - WARNING - Strategy OBV_Trend_Follow failed: 'IndicatorResult' object has no attribute 'get'
2026-02-05 15:01:03,828 - __main__ - WARNING - Strategy SectorAdaptive failed: cannot use 'dict' as a dict key (unhashable type: 'dict')
2026-02-05 15:01:03,828 - __main__ - WARNING - Strategy Three_MA_Trend failed: SignalResult.__init__() missing 2 required positional arguments: 'price' and 'reason'
2026-02-05 15:01:03,828 - __main__ - WARNING - Strategy VWAP_Reversal failed: 'IndicatorResult' object has no attribute 'get'
2026-02-05 15:02:52,521 - __main__ - INFO - Starting daily market scan...
2026-02-05 15:02:52,546 - data - INFO - 使用本地數據: AAPL (275 rows)
2026-02-05 15:02:52,579 - __main__ - WARNING - Strategy MACDTrend failed: 'IndicatorResult' object has no attribute 'get'
2026-02-05 15:02:52,579 - __main__ - WARNING - Strategy ADXTrend failed: 'IndicatorResult' object has no attribute 'get'
2026-02-05 15:02:52,579 - __main__ - WARNING - Strategy ADX_Ichimoku_Cloud failed: 'IndicatorResult' object has no attribute 'get'
2026-02-05 15:02:52,579 - __main__ - WARNING - Strategy ADX_ParabolicSAR_Stop failed: 'IndicatorResult' object has no attribute 'get'
2026-02-05 15:02:52,579 - __main__ - WARNING - Strategy ADX_Stochastic_Momentum failed: 'IndicatorResult' object has no attribute 'get'
2026-02-05 15:02:52,579 - __main__ - WARNING - Strategy ADX_Trend_Strength failed: 'IndicatorResult' object has no attribute 'get'
2026-02-05 15:02:52,579 - __main__ - WARNING - Strategy ADX_Volatility_Expansion failed: 'IndicatorResult' object has no attribute 'get'
2026-02-05 15:02:52,579 - __main__ - WARNING - Strategy MACD_ADX_TrendRide failed: 'IndicatorResult' object has no attribute 'get'
2026-02-05 15:02:52,579 - __main__ - WARNING - Strategy MACD_BB_Breakout failed: 'IndicatorResult' object has no attribute 'get'
2026-02-05 15:02:52,579 - __main__ - WARNING - Strategy MACD_RSI_Crossover failed: 'IndicatorResult' object has no attribute 'get'
2026-02-05 15:02:52,579 - __main__ - WARNING - Strategy MACD_SMA_Crossover failed: 'IndicatorResult' object has no attribute 'get'
2026-02-05 15:02:52,579 - __main__ - WARNING - Strategy MACD_Volume_Trend failed: 'IndicatorResult' object has no attribute 'get'
2026-02-05 15:02:52,579 - __main__ - WARNING - Strategy RSI_ADX_TrendConfirm failed: 'IndicatorResult' object has no attribute 'get'
2026-02-05 15:02:52,579 - __main__ - WARNING - Strategy RSI_BB_Squeeze failed: 'IndicatorResult' object has no attribute 'get'
2026-02-05 15:02:52,579 - __main__ - WARNING - Strategy RSI_MACD_Divergence failed: 'IndicatorResult' object has no attribute 'get'
2026-02-05 15:02:52,579 - __main__ - WARNING - Strategy RSI_Stochastic_Oversold failed: 'IndicatorResult' object has no attribute 'get'
2026-02-05 15:02:52,579 - __main__ - WARNING - Strategy RSI_Volume_Confirmation failed: 'IndicatorResult' object has no attribute 'get'
2026-02-05 15:02:52,579 - __main__ - WARNING - Strategy AD_Accumulation failed: 'IndicatorResult' object has no attribute 'get'
2026-02-05 15:02:52,579 - __main__ - WARNING - Strategy ADX_DI_Crossover failed: 'IndicatorResult' object has no attribute 'get'
2026-02-05 15:02:52,579 - __main__ - WARNING - Strategy ATR_Trend_Confirmation failed: 'IndicatorResult' object has no attribute 'get'
2026-02-05 15:02:52,579 - __main__ - WARNING - Strategy Bollinger_Mean_Reversion failed: 'IndicatorResult' object has no attribute 'get'
2026-02-05 15:02:52,579 - __main__ - WARNING - Strategy BollingerWidth_Expansion failed: 'IndicatorResult' object has no attribute 'get'
2026-02-05 15:02:52,579 - __main__ - WARNING - Strategy CCI_Mean_Reversion failed: 'IndicatorResult' object has no attribute 'get'
2026-02-05 15:02:52,579 - __main__ - WARNING - Strategy Chaikin_Volume_Oscillator failed: 'IndicatorResult' object has no attribute 'get'
2026-02-05 15:02:52,579 - __main__ - WARNING - Strategy End_of_Day_Reversion failed: 'IndicatorResult' object has no attribute 'get'
2026-02-05 15:02:52,579 - __main__ - WARNING - Strategy HistoricalVolatility_Range failed: 'IndicatorResult' object has no attribute 'get'
2026-02-05 15:02:52,579 - __main__ - WARNING - Strategy Keltner_Bollinger_Squeeze failed: 'IndicatorResult' object has no attribute 'get'
2026-02-05 15:02:52,579 - __main__ - WARNING - Strategy MACD_Zero_Cross failed: 'IndicatorResult' object has no attribute 'get'
2026-02-05 15:02:52,579 - __main__ - WARNING - Strategy Momentum_ADX_Strength failed: 'IndicatorResult' object has no attribute 'get'
2026-02-05 15:02:52,579 - __main__ - WARNING - Strategy Momentum_Exhaustion failed: 'IndicatorResult' object has no attribute 'get'
2026-02-05 15:02:52,579 - __main__ - WARNING - Strategy Momentum_RateOfChange failed: 'IndicatorResult' object has no attribute 'get'
2026-02-05 15:02:52,579 - __main__ - WARNING - Strategy Momentum_Volume_Rally failed: 'IndicatorResult' object has no attribute 'get'
2026-02-05 15:02:52,579 - __main__ - WARNING - Strategy OBV_Trend_Follow failed: 'IndicatorResult' object has no attribute 'get'
2026-02-05 15:02:52,579 - __main__ - WARNING - Strategy Opening_Gap failed: 'IndicatorResult' object has no attribute 'get'
2026-02-05 15:02:52,579 - __main__ - WARNING - Strategy Overbought_Decline failed: 'IndicatorResult' object has no attribute 'get'
2026-02-05 15:02:52,579 - __main__ - WARNING - Strategy Oversold_Bounce failed: 'IndicatorResult' object has no attribute 'get'
2026-02-05 15:02:52,579 - __main__ - WARNING - Strategy RSI_Divergence failed: 'IndicatorResult' object has no attribute 'get'
2026-02-05 15:02:52,579 - __main__ - WARNING - Strategy RSI_SMA_Strategy failed: 'IndicatorResult' object has no attribute 'get'
2026-02-05 15:02:52,579 - __main__ - WARNING - Strategy Stochastic_Momentum failed: 'IndicatorResult' object has no attribute 'get'
2026-02-05 15:02:52,579 - __main__ - WARNING - Strategy Stochastic_RSI_Oscillator failed: 'IndicatorResult' object has no attribute 'get'
2026-02-05 15:02:52,579 - __main__ - WARNING - Strategy Three_MA_Trend failed: SignalResult.__init__() missing 2 required positional arguments: 'price' and 'reason'
2026-02-05 15:02:52,579 - __main__ - WARNING - Strategy Trend_Filter_RSI failed: 'IndicatorResult' object has no attribute 'get'
2026-02-05 15:02:52,579 - __main__ - WARNING - Strategy Trend_Pullback failed: 'IndicatorResult' object has no attribute 'get'
2026-02-05 15:02:52,579 - __main__ - WARNING - Strategy Trend_Volume_Alignment failed: 'IndicatorResult' object has no attribute 'get'
2026-02-05 15:02:52,579 - __main__ - WARNING - Strategy Triple_Indicator_Confirm failed: 'IndicatorResult' object has no attribute 'get'
2026-02-05 15:02:52,579 - __main__ - WARNING - Strategy VWAP_Reversal failed: 'IndicatorResult' object has no attribute 'get'
2026-02-05 15:02:52,579 - __main__ - WARNING - Strategy Volatility_Contraction failed: 'IndicatorResult' object has no attribute 'get'
2026-02-05 15:02:52,579 - __main__ - WARNING - Strategy VolatilityRatio_Trend failed: 'IndicatorResult' object has no attribute 'get'
2026-02-05 15:02:52,579 - __main__ - WARNING - Strategy Volume_Price_Confirmation failed: 'IndicatorResult' object has no attribute 'get'
2026-02-05 15:02:52,579 - __main__ - WARNING - Strategy Volume_Trend_Divergence failed: 'IndicatorResult' object has no attribute 'get'
2026-02-05 15:02:52,579 - __main__ - WARNING - Strategy WilliamsR_Momentum failed: 'IndicatorResult' object has no attribute 'get'
2026-02-05 15:02:52,579 - __main__ - WARNING - Strategy RSI_Reversal failed: 'IndicatorResult' object has no attribute 'get'
2026-02-05 15:02:52,580 - data - INFO - 使用本地數據: MSFT (275 rows)
2026-02-05 15:02:52,607 - __main__ - WARNING - Indicator OBV failed: Invalid value '-23256080.166192' for dtype 'int64'
2026-02-05 15:02:52,607 - __main__ - WARNING - Strategy MACDTrend failed: 'IndicatorResult' object has no attribute 'get'
2026-02-05 15:02:52,607 - __main__ - WARNING - Strategy ADXTrend failed: 'IndicatorResult' object has no attribute 'get'
2026-02-05 15:02:52,607 - __main__ - WARNING - Strategy ADX_Ichimoku_Cloud failed: 'IndicatorResult' object has no attribute 'get'
2026-02-05 15:02:52,607 - __main__ - WARNING - Strategy ADX_ParabolicSAR_Stop failed: 'IndicatorResult' object has no attribute 'get'
2026-02-05 15:02:52,607 - __main__ - WARNING - Strategy ADX_Stochastic_Momentum failed: 'IndicatorResult' object has no attribute 'get'
2026-02-05 15:02:52,607 - __main__ - WARNING - Strategy ADX_Trend_Strength failed: 'IndicatorResult' object has no attribute 'get'
2026-02-05 15:02:52,607 - __main__ - WARNING - Strategy ADX_Volatility_Expansion failed: 'IndicatorResult' object has no attribute 'get'
2026-02-05 15:02:52,607 - __main__ - WARNING - Strategy MACD_ADX_TrendRide failed: 'IndicatorResult' object has no attribute 'get'
2026-02-05 15:02:52,607 - __main__ - WARNING - Strategy MACD_BB_Breakout failed: 'IndicatorResult' object has no attribute 'get'
2026-02-05 15:02:52,607 - __main__ - WARNING - Strategy MACD_RSI_Crossover failed: 'IndicatorResult' object has no attribute 'get'
2026-02-05 15:02:52,607 - __main__ - WARNING - Strategy MACD_SMA_Crossover failed: 'IndicatorResult' object has no attribute 'get'
2026-02-05 15:02:52,607 - __main__ - WARNING - Strategy MACD_Volume_Trend failed: 'IndicatorResult' object has no attribute 'get'
2026-02-05 15:02:52,607 - __main__ - WARNING - Strategy RSI_ADX_TrendConfirm failed: 'IndicatorResult' object has no attribute 'get'
2026-02-05 15:02:52,607 - __main__ - WARNING - Strategy RSI_BB_Squeeze failed: 'IndicatorResult' object has no attribute 'get'
2026-02-05 15:02:52,607 - __main__ - WARNING - Strategy RSI_MACD_Divergence failed: 'IndicatorResult' object has no attribute 'get'
2026-02-05 15:02:52,607 - __main__ - WARNING - Strategy RSI_Stochastic_Oversold failed: 'IndicatorResult' object has no attribute 'get'
2026-02-05 15:02:52,607 - __main__ - WARNING - Strategy RSI_Volume_Confirmation failed: 'IndicatorResult' object has no attribute 'get'
2026-02-05 15:02:52,607 - __main__ - WARNING - Strategy AD_Accumulation failed: 'IndicatorResult' object has no attribute 'get'
2026-02-05 15:02:52,607 - __main__ - WARNING - Strategy ADX_DI_Crossover failed: 'IndicatorResult' object has no attribute 'get'
2026-02-05 15:02:52,607 - __main__ - WARNING - Strategy ATR_Trend_Confirmation failed: 'IndicatorResult' object has no attribute 'get'
2026-02-05 15:02:52,607 - __main__ - WARNING - Strategy Bollinger_Mean_Reversion failed: 'IndicatorResult' object has no attribute 'get'
2026-02-05 15:02:52,607 - __main__ - WARNING - Strategy BollingerWidth_Expansion failed: 'IndicatorResult' object has no attribute 'get'
2026-02-05 15:02:52,607 - __main__ - WARNING - Strategy CCI_Mean_Reversion failed: 'IndicatorResult' object has no attribute 'get'
2026-02-05 15:02:52,607 - __main__ - WARNING - Strategy Chaikin_Volume_Oscillator failed: 'IndicatorResult' object has no attribute 'get'
2026-02-05 15:02:52,607 - __main__ - WARNING - Strategy End_of_Day_Reversion failed: 'IndicatorResult' object has no attribute 'get'
2026-02-05 15:02:52,607 - __main__ - WARNING - Strategy HistoricalVolatility_Range failed: 'IndicatorResult' object has no attribute 'get'
2026-02-05 15:02:52,607 - __main__ - WARNING - Strategy Keltner_Bollinger_Squeeze failed: 'IndicatorResult' object has no attribute 'get'
2026-02-05 15:02:52,607 - __main__ - WARNING - Strategy MACD_Zero_Cross failed: 'IndicatorResult' object has no attribute 'get'
2026-02-05 15:02:52,607 - __main__ - WARNING - Strategy Momentum_ADX_Strength failed: 'IndicatorResult' object has no attribute 'get'
2026-02-05 15:02:52,607 - __main__ - WARNING - Strategy Momentum_Exhaustion failed: 'IndicatorResult' object has no attribute 'get'
2026-02-05 15:02:52,607 - __main__ - WARNING - Strategy Momentum_RateOfChange failed: 'IndicatorResult' object has no attribute 'get'
2026-02-05 15:02:52,607 - __main__ - WARNING - Strategy Momentum_Volume_Rally failed: 'IndicatorResult' object has no attribute 'get'
2026-02-05 15:02:52,607 - __main__ - WARNING - Strategy OBV_Trend_Follow failed: 'IndicatorResult' object has no attribute 'get'
2026-02-05 15:02:52,607 - __main__ - WARNING - Strategy Opening_Gap failed: 'IndicatorResult' object has no attribute 'get'
2026-02-05 15:02:52,608 - __main__ - WARNING - Strategy Overbought_Decline failed: 'IndicatorResult' object has no attribute 'get'
2026-02-05 15:02:52,608 - __main__ - WARNING - Strategy Oversold_Bounce failed: 'IndicatorResult' object has no attribute 'get'
2026-02-05 15:02:52,608 - __main__ - WARNING - Strategy RSI_Divergence failed: 'IndicatorResult' object has no attribute 'get'
2026-02-05 15:02:52,608 - __main__ - WARNING - Strategy RSI_SMA_Strategy failed: 'IndicatorResult' object has no attribute 'get'
2026-02-05 15:02:52,608 - __main__ - WARNING - Strategy Stochastic_Momentum failed: 'IndicatorResult' object has no attribute 'get'
2026-02-05 15:02:52,608 - __main__ - WARNING - Strategy Stochastic_RSI_Oscillator failed: 'IndicatorResult' object has no attribute 'get'
2026-02-05 15:02:52,608 - __main__ - WARNING - Strategy Trend_Filter_RSI failed: 'IndicatorResult' object has no attribute 'get'
2026-02-05 15:02:52,608 - __main__ - WARNING - Strategy Trend_Pullback failed: 'IndicatorResult' object has no attribute 'get'
2026-02-05 15:02:52,608 - __main__ - WARNING - Strategy Trend_Volume_Alignment failed: 'IndicatorResult' object has no attribute 'get'
2026-02-05 15:02:52,608 - __main__ - WARNING - Strategy Triple_Indicator_Confirm failed: 'IndicatorResult' object has no attribute 'get'
2026-02-05 15:02:52,608 - __main__ - WARNING - Strategy VWAP_Reversal failed: 'IndicatorResult' object has no attribute 'get'
2026-02-05 15:02:52,608 - __main__ - WARNING - Strategy Volatility_Contraction failed: 'IndicatorResult' object has no attribute 'get'
2026-02-05 15:02:52,608 - __main__ - WARNING - Strategy VolatilityRatio_Trend failed: 'IndicatorResult' object has no attribute 'get'
2026-02-05 15:02:52,608 - __main__ - WARNING - Strategy Volume_Price_Confirmation failed: 'IndicatorResult' object has no attribute 'get'
2026-02-05 15:02:52,608 - __main__ - WARNING - Strategy Volume_Trend_Divergence failed: 'IndicatorResult' object has no attribute 'get'
2026-02-05 15:02:52,608 - __main__ - WARNING - Strategy WilliamsR_Momentum failed: 'IndicatorResult' object has no attribute 'get'
2026-02-05 15:02:52,608 - __main__ - WARNING - Strategy RSI_Reversal failed: 'IndicatorResult' object has no attribute 'get'
2026-02-05 15:02:52,608 - data - INFO - 使用本地數據: GOOGL (275 rows)
2026-02-05 15:02:52,638 - __main__ - WARNING - Strategy MACDTrend failed: 'IndicatorResult' object has no attribute 'get'
2026-02-05 15:02:52,638 - __main__ - WARNING - Strategy ADXTrend failed: 'IndicatorResult' object has no attribute 'get'
2026-02-05 15:02:52,638 - __main__ - WARNING - Strategy ADX_Ichimoku_Cloud failed: 'IndicatorResult' object has no attribute 'get'
2026-02-05 15:02:52,638 - __main__ - WARNING - Strategy ADX_ParabolicSAR_Stop failed: 'IndicatorResult' object has no attribute 'get'
2026-02-05 15:02:52,638 - __main__ - WARNING - Strategy ADX_Stochastic_Momentum failed: 'IndicatorResult' object has no attribute 'get'
2026-02-05 15:02:52,638 - __main__ - WARNING - Strategy ADX_Trend_Strength failed: 'IndicatorResult' object has no attribute 'get'
2026-02-05 15:02:52,638 - __main__ - WARNING - Strategy ADX_Volatility_Expansion failed: 'IndicatorResult' object has no attribute 'get'
2026-02-05 15:02:52,638 - __main__ - WARNING - Strategy MACD_ADX_TrendRide failed: 'IndicatorResult' object has no attribute 'get'
2026-02-05 15:02:52,638 - __main__ - WARNING - Strategy MACD_BB_Breakout failed: 'IndicatorResult' object has no attribute 'get'
2026-02-05 15:02:52,638 - __main__ - WARNING - Strategy MACD_RSI_Crossover failed: 'IndicatorResult' object has no attribute 'get'
2026-02-05 15:02:52,638 - __main__ - WARNING - Strategy MACD_SMA_Crossover failed: 'IndicatorResult' object has no attribute 'get'
2026-02-05 15:02:52,638 - __main__ - WARNING - Strategy MACD_Volume_Trend failed: 'IndicatorResult' object has no attribute 'get'
2026-02-05 15:02:52,638 - __main__ - WARNING - Strategy RSI_ADX_TrendConfirm failed: 'IndicatorResult' object has no attribute 'get'
2026-02-05 15:02:52,638 - __main__ - WARNING - Strategy RSI_BB_Squeeze failed: 'IndicatorResult' object has no attribute 'get'
2026-02-05 15:02:52,638 - __main__ - WARNING - Strategy RSI_MACD_Divergence failed: 'IndicatorResult' object has no attribute 'get'
2026-02-05 15:02:52,638 - __main__ - WARNING - Strategy RSI_Stochastic_Oversold failed: 'IndicatorResult' object has no attribute 'get'
2026-02-05 15:02:52,638 - __main__ - WARNING - Strategy RSI_Volume_Confirmation failed: 'IndicatorResult' object has no attribute 'get'
2026-02-05 15:02:52,638 - __main__ - WARNING - Strategy AD_Accumulation failed: 'IndicatorResult' object has no attribute 'get'
2026-02-05 15:02:52,638 - __main__ - WARNING - Strategy ADX_DI_Crossover failed: 'IndicatorResult' object has no attribute 'get'
2026-02-05 15:02:52,638 - __main__ - WARNING - Strategy ATR_Trend_Confirmation failed: 'IndicatorResult' object has no attribute 'get'
2026-02-05 15:02:52,638 - __main__ - WARNING - Strategy Bollinger_Mean_Reversion failed: 'IndicatorResult' object has no attribute 'get'
2026-02-05 15:02:52,638 - __main__ - WARNING - Strategy BollingerWidth_Expansion failed: 'IndicatorResult' object has no attribute 'get'
2026-02-05 15:02:52,638 - __main__ - WARNING - Strategy CCI_Mean_Reversion failed: 'IndicatorResult' object has no attribute 'get'
2026-02-05 15:02:52,638 - __main__ - WARNING - Strategy Chaikin_Volume_Oscillator failed: 'IndicatorResult' object has no attribute 'get'
2026-02-05 15:02:52,638 - __main__ - WARNING - Strategy End_of_Day_Reversion failed: 'IndicatorResult' object has no attribute 'get'
2026-02-05 15:02:52,638 - __main__ - WARNING - Strategy HistoricalVolatility_Range failed: 'IndicatorResult' object has no attribute 'get'
2026-02-05 15:02:52,638 - __main__ - WARNING - Strategy Keltner_Bollinger_Squeeze failed: 'IndicatorResult' object has no attribute 'get'
2026-02-05 15:02:52,638 - __main__ - WARNING - Strategy MACD_Zero_Cross failed: 'IndicatorResult' object has no attribute 'get'
2026-02-05 15:02:52,638 - __main__ - WARNING - Strategy Momentum_ADX_Strength failed: 'IndicatorResult' object has no attribute 'get'
2026-02-05 15:02:52,638 - __main__ - WARNING - Strategy Momentum_Exhaustion failed: 'IndicatorResult' object has no attribute 'get'
2026-02-05 15:02:52,638 - __main__ - WARNING - Strategy Momentum_RateOfChange failed: 'IndicatorResult' object has no attribute 'get'
2026-02-05 15:02:52,638 - __main__ - WARNING - Strategy Momentum_Volume_Rally failed: 'IndicatorResult' object has no attribute 'get'
2026-02-05 15:02:52,638 - __main__ - WARNING - Strategy OBV_Trend_Follow failed: 'IndicatorResult' object has no attribute 'get'
2026-02-05 15:02:52,638 - __main__ - WARNING - Strategy Opening_Gap failed: 'IndicatorResult' object has no attribute 'get'
2026-02-05 15:02:52,638 - __main__ - WARNING - Strategy Overbought_Decline failed: 'IndicatorResult' object has no attribute 'get'
2026-02-05 15:02:52,638 - __main__ - WARNING - Strategy Oversold_Bounce failed: 'IndicatorResult' object has no attribute 'get'
2026-02-05 15:02:52,638 - __main__ - WARNING - Strategy RSI_Divergence failed: 'IndicatorResult' object has no attribute 'get'
2026-02-05 15:02:52,638 - __main__ - WARNING - Strategy RSI_SMA_Strategy failed: 'IndicatorResult' object has no attribute 'get'
2026-02-05 15:02:52,638 - __main__ - WARNING - Strategy Stochastic_Momentum failed: 'IndicatorResult' object has no attribute 'get'
2026-02-05 15:02:52,638 - __main__ - WARNING - Strategy Stochastic_RSI_Oscillator failed: 'IndicatorResult' object has no attribute 'get'
2026-02-05 15:02:52,638 - __main__ - WARNING - Strategy Three_MA_Trend failed: SignalResult.__init__() missing 2 required positional arguments: 'price' and 'reason'
2026-02-05 15:02:52,638 - __main__ - WARNING - Strategy Trend_Filter_RSI failed: 'IndicatorResult' object has no attribute 'get'
2026-02-05 15:02:52,638 - __main__ - WARNING - Strategy Trend_Pullback failed: 'IndicatorResult' object has no attribute 'get'
2026-02-05 15:02:52,638 - __main__ - WARNING - Strategy Trend_Volume_Alignment failed: 'IndicatorResult' object has no attribute 'get'
2026-02-05 15:02:52,638 - __main__ - WARNING - Strategy Triple_Indicator_Confirm failed: 'IndicatorResult' object has no attribute 'get'
2026-02-05 15:02:52,638 - __main__ - WARNING - Strategy VWAP_Reversal failed: 'IndicatorResult' object has no attribute 'get'
2026-02-05 15:02:52,638 - __main__ - WARNING - Strategy Volatility_Contraction failed: 'IndicatorResult' object has no attribute 'get'
2026-02-05 15:02:52,638 - __main__ - WARNING - Strategy VolatilityRatio_Trend failed: 'IndicatorResult' object has no attribute 'get'
2026-02-05 15:02:52,638 - __main__ - WARNING - Strategy Volume_Price_Confirmation failed: 'IndicatorResult' object has no attribute 'get'
2026-02-05 15:02:52,638 - __main__ - WARNING - Strategy Volume_Trend_Divergence failed: 'IndicatorResult' object has no attribute 'get'
2026-02-05 15:02:52,638 - __main__ - WARNING - Strategy WilliamsR_Momentum failed: 'IndicatorResult' object has no attribute 'get'
2026-02-05 15:02:52,638 - __main__ - WARNING - Strategy RSI_Reversal failed: 'IndicatorResult' object has no attribute 'get'
2026-02-05 15:02:52,639 - data - INFO - 使用本地數據: AMZN (275 rows)
2026-02-05 15:02:52,668 - __main__ - WARNING - Strategy MACDTrend failed: 'IndicatorResult' object has no attribute 'get'
2026-02-05 15:02:52,668 - __main__ - WARNING - Strategy ADXTrend failed: 'IndicatorResult' object has no attribute 'get'
2026-02-05 15:02:52,668 - __main__ - WARNING - Strategy ADX_Ichimoku_Cloud failed: 'IndicatorResult' object has no attribute 'get'
2026-02-05 15:02:52,668 - __main__ - WARNING - Strategy ADX_ParabolicSAR_Stop failed: 'IndicatorResult' object has no attribute 'get'
2026-02-05 15:02:52,668 - __main__ - WARNING - Strategy ADX_Stochastic_Momentum failed: 'IndicatorResult' object has no attribute 'get'
2026-02-05 15:02:52,668 - __main__ - WARNING - Strategy ADX_Trend_Strength failed: 'IndicatorResult' object has no attribute 'get'
2026-02-05 15:02:52,668 - __main__ - WARNING - Strategy ADX_Volatility_Expansion failed: 'IndicatorResult' object has no attribute 'get'
2026-02-05 15:02:52,668 - __main__ - WARNING - Strategy MACD_ADX_TrendRide failed: 'IndicatorResult' object has no attribute 'get'
2026-02-05 15:02:52,668 - __main__ - WARNING - Strategy MACD_BB_Breakout failed: 'IndicatorResult' object has no attribute 'get'
2026-02-05 15:02:52,668 - __main__ - WARNING - Strategy MACD_RSI_Crossover failed: 'IndicatorResult' object has no attribute 'get'
2026-02-05 15:02:52,668 - __main__ - WARNING - Strategy MACD_SMA_Crossover failed: 'IndicatorResult' object has no attribute 'get'
2026-02-05 15:02:52,668 - __main__ - WARNING - Strategy MACD_Volume_Trend failed: 'IndicatorResult' object has no attribute 'get'
2026-02-05 15:02:52,668 - __main__ - WARNING - Strategy RSI_ADX_TrendConfirm failed: 'IndicatorResult' object has no attribute 'get'
2026-02-05 15:02:52,668 - __main__ - WARNING - Strategy RSI_BB_Squeeze failed: 'IndicatorResult' object has no attribute 'get'
2026-02-05 15:02:52,668 - __main__ - WARNING - Strategy RSI_MACD_Divergence failed: 'IndicatorResult' object has no attribute 'get'
2026-02-05 15:02:52,668 - __main__ - WARNING - Strategy RSI_Stochastic_Oversold failed: 'IndicatorResult' object has no attribute 'get'
2026-02-05 15:02:52,668 - __main__ - WARNING - Strategy RSI_Volume_Confirmation failed: 'IndicatorResult' object has no attribute 'get'
2026-02-05 15:02:52,668 - __main__ - WARNING - Strategy AD_Accumulation failed: 'IndicatorResult' object has no attribute 'get'
2026-02-05 15:02:52,668 - __main__ - WARNING - Strategy ADX_DI_Crossover failed: 'IndicatorResult' object has no attribute 'get'
2026-02-05 15:02:52,668 - __main__ - WARNING - Strategy ATR_Trend_Confirmation failed: 'IndicatorResult' object has no attribute 'get'
2026-02-05 15:02:52,668 - __main__ - WARNING - Strategy Bollinger_Mean_Reversion failed: 'IndicatorResult' object has no attribute 'get'
2026-02-05 15:02:52,668 - __main__ - WARNING - Strategy BollingerWidth_Expansion failed: 'IndicatorResult' object has no attribute 'get'
2026-02-05 15:02:52,668 - __main__ - WARNING - Strategy CCI_Mean_Reversion failed: 'IndicatorResult' object has no attribute 'get'
2026-02-05 15:02:52,668 - __main__ - WARNING - Strategy Chaikin_Volume_Oscillator failed: 'IndicatorResult' object has no attribute 'get'
2026-02-05 15:02:52,669 - __main__ - WARNING - Strategy End_of_Day_Reversion failed: 'IndicatorResult' object has no attribute 'get'
2026-02-05 15:02:52,669 - __main__ - WARNING - Strategy HistoricalVolatility_Range failed: 'IndicatorResult' object has no attribute 'get'
2026-02-05 15:02:52,669 - __main__ - WARNING - Strategy Keltner_Bollinger_Squeeze failed: 'IndicatorResult' object has no attribute 'get'
2026-02-05 15:02:52,669 - __main__ - WARNING - Strategy MACD_Zero_Cross failed: 'IndicatorResult' object has no attribute 'get'
2026-02-05 15:02:52,669 - __main__ - WARNING - Strategy Momentum_ADX_Strength failed: 'IndicatorResult' object has no attribute 'get'
2026-02-05 15:02:52,669 - __main__ - WARNING - Strategy Momentum_Exhaustion failed: 'IndicatorResult' object has no attribute 'get'
2026-02-05 15:02:52,669 - __main__ - WARNING - Strategy Momentum_RateOfChange failed: 'IndicatorResult' object has no attribute 'get'
2026-02-05 15:02:52,669 - __main__ - WARNING - Strategy Momentum_Volume_Rally failed: 'IndicatorResult' object has no attribute 'get'
2026-02-05 15:02:52,669 - __main__ - WARNING - Strategy OBV_Trend_Follow failed: 'IndicatorResult' object has no attribute 'get'
2026-02-05 15:02:52,669 - __main__ - WARNING - Strategy Opening_Gap failed: 'IndicatorResult' object has no attribute 'get'
2026-02-05 15:02:52,669 - __main__ - WARNING - Strategy Overbought_Decline failed: 'IndicatorResult' object has no attribute 'get'
2026-02-05 15:02:52,669 - __main__ - WARNING - Strategy Oversold_Bounce failed: 'IndicatorResult' object has no attribute 'get'
2026-02-05 15:02:52,669 - __main__ - WARNING - Strategy RSI_Divergence failed: 'IndicatorResult' object has no attribute 'get'
2026-02-05 15:02:52,669 - __main__ - WARNING - Strategy RSI_SMA_Strategy failed: 'IndicatorResult' object has no attribute 'get'
2026-02-05 15:02:52,669 - __main__ - WARNING - Strategy Stochastic_Momentum failed: 'IndicatorResult' object has no attribute 'get'
2026-02-05 15:02:52,669 - __main__ - WARNING - Strategy Stochastic_RSI_Oscillator failed: 'IndicatorResult' object has no attribute 'get'
2026-02-05 15:02:52,669 - __main__ - WARNING - Strategy Three_MA_Trend failed: SignalResult.__init__() missing 2 required positional arguments: 'price' and 'reason'
2026-02-05 15:02:52,669 - __main__ - WARNING - Strategy Trend_Filter_RSI failed: 'IndicatorResult' object has no attribute 'get'
2026-02-05 15:02:52,669 - __main__ - WARNING - Strategy Trend_Pullback failed: 'IndicatorResult' object has no attribute 'get'
2026-02-05 15:02:52,669 - __main__ - WARNING - Strategy Trend_Volume_Alignment failed: 'IndicatorResult' object has no attribute 'get'
2026-02-05 15:02:52,669 - __main__ - WARNING - Strategy Triple_Indicator_Confirm failed: 'IndicatorResult' object has no attribute 'get'
2026-02-05 15:02:52,669 - __main__ - WARNING - Strategy VWAP_Reversal failed: 'IndicatorResult' object has no attribute 'get'
2026-02-05 15:02:52,669 - __main__ - WARNING - Strategy Volatility_Contraction failed: 'IndicatorResult' object has no attribute 'get'
2026-02-05 15:02:52,669 - __main__ - WARNING - Strategy VolatilityRatio_Trend failed: 'IndicatorResult' object has no attribute 'get'
2026-02-05 15:02:52,669 - __main__ - WARNING - Strategy Volume_Price_Confirmation failed: 'IndicatorResult' object has no attribute 'get'
2026-02-05 15:02:52,669 - __main__ - WARNING - Strategy Volume_Trend_Divergence failed: 'IndicatorResult' object has no attribute 'get'
2026-02-05 15:02:52,669 - __main__ - WARNING - Strategy WilliamsR_Momentum failed: 'IndicatorResult' object has no attribute 'get'
2026-02-05 15:02:52,669 - __main__ - WARNING - Strategy RSI_Reversal failed: 'IndicatorResult' object has no attribute 'get'
2026-02-05 15:02:52,669 - data - INFO - 使用本地數據: NVDA (275 rows)
2026-02-05 15:02:52,699 - __main__ - WARNING - Strategy MACDTrend failed: 'IndicatorResult' object has no attribute 'get'
2026-02-05 15:02:52,699 - __main__ - WARNING - Strategy ADXTrend failed: 'IndicatorResult' object has no attribute 'get'
2026-02-05 15:02:52,699 - __main__ - WARNING - Strategy ADX_Ichimoku_Cloud failed: 'IndicatorResult' object has no attribute 'get'
2026-02-05 15:02:52,699 - __main__ - WARNING - Strategy ADX_ParabolicSAR_Stop failed: 'IndicatorResult' object has no attribute 'get'
2026-02-05 15:02:52,699 - __main__ - WARNING - Strategy ADX_Stochastic_Momentum failed: 'IndicatorResult' object has no attribute 'get'
2026-02-05 15:02:52,699 - __main__ - WARNING - Strategy ADX_Trend_Strength failed: 'IndicatorResult' object has no attribute 'get'
2026-02-05 15:02:52,699 - __main__ - WARNING - Strategy ADX_Volatility_Expansion failed: 'IndicatorResult' object has no attribute 'get'
2026-02-05 15:02:52,699 - __main__ - WARNING - Strategy MACD_ADX_TrendRide failed: 'IndicatorResult' object has no attribute 'get'
2026-02-05 15:02:52,699 - __main__ - WARNING - Strategy MACD_BB_Breakout failed: 'IndicatorResult' object has no attribute 'get'
2026-02-05 15:02:52,699 - __main__ - WARNING - Strategy MACD_RSI_Crossover failed: 'IndicatorResult' object has no attribute 'get'
2026-02-05 15:02:52,699 - __main__ - WARNING - Strategy MACD_SMA_Crossover failed: 'IndicatorResult' object has no attribute 'get'
2026-02-05 15:02:52,699 - __main__ - WARNING - Strategy MACD_Volume_Trend failed: 'IndicatorResult' object has no attribute 'get'
2026-02-05 15:02:52,699 - __main__ - WARNING - Strategy RSI_ADX_TrendConfirm failed: 'IndicatorResult' object has no attribute 'get'
2026-02-05 15:02:52,699 - __main__ - WARNING - Strategy RSI_BB_Squeeze failed: 'IndicatorResult' object has no attribute 'get'
2026-02-05 15:02:52,699 - __main__ - WARNING - Strategy RSI_MACD_Divergence failed: 'IndicatorResult' object has no attribute 'get'
2026-02-05 15:02:52,699 - __main__ - WARNING - Strategy RSI_Stochastic_Oversold failed: 'IndicatorResult' object has no attribute 'get'
2026-02-05 15:02:52,699 - __main__ - WARNING - Strategy RSI_Volume_Confirmation failed: 'IndicatorResult' object has no attribute 'get'
2026-02-05 15:02:52,699 - __main__ - WARNING - Strategy AD_Accumulation failed: 'IndicatorResult' object has no attribute 'get'
2026-02-05 15:02:52,699 - __main__ - WARNING - Strategy ADX_DI_Crossover failed: 'IndicatorResult' object has no attribute 'get'
2026-02-05 15:02:52,699 - __main__ - WARNING - Strategy ATR_Trend_Confirmation failed: 'IndicatorResult' object has no attribute 'get'
2026-02-05 15:02:52,699 - __main__ - WARNING - Strategy Bollinger_Mean_Reversion failed: 'IndicatorResult' object has no attribute 'get'
2026-02-05 15:02:52,699 - __main__ - WARNING - Strategy BollingerWidth_Expansion failed: 'IndicatorResult' object has no attribute 'get'
2026-02-05 15:02:52,699 - __main__ - WARNING - Strategy CCI_Mean_Reversion failed: 'IndicatorResult' object has no attribute 'get'
2026-02-05 15:02:52,699 - __main__ - WARNING - Strategy Chaikin_Volume_Oscillator failed: 'IndicatorResult' object has no attribute 'get'
2026-02-05 15:02:52,699 - __main__ - WARNING - Strategy End_of_Day_Reversion failed: 'IndicatorResult' object has no attribute 'get'
2026-02-05 15:02:52,699 - __main__ - WARNING - Strategy HistoricalVolatility_Range failed: 'IndicatorResult' object has no attribute 'get'
2026-02-05 15:02:52,699 - __main__ - WARNING - Strategy Keltner_Bollinger_Squeeze failed: 'IndicatorResult' object has no attribute 'get'
2026-02-05 15:02:52,699 - __main__ - WARNING - Strategy MACD_Zero_Cross failed: 'IndicatorResult' object has no attribute 'get'
2026-02-05 15:02:52,699 - __main__ - WARNING - Strategy Momentum_ADX_Strength failed: 'IndicatorResult' object has no attribute 'get'
2026-02-05 15:02:52,699 - __main__ - WARNING - Strategy Momentum_Exhaustion failed: 'IndicatorResult' object has no attribute 'get'
2026-02-05 15:02:52,699 - __main__ - WARNING - Strategy Momentum_RateOfChange failed: 'IndicatorResult' object has no attribute 'get'
2026-02-05 15:02:52,699 - __main__ - WARNING - Strategy Momentum_Volume_Rally failed: 'IndicatorResult' object has no attribute 'get'
2026-02-05 15:02:52,699 - __main__ - WARNING - Strategy OBV_Trend_Follow failed: 'IndicatorResult' object has no attribute 'get'
2026-02-05 15:02:52,699 - __main__ - WARNING - Strategy Opening_Gap failed: 'IndicatorResult' object has no attribute 'get'
2026-02-05 15:02:52,699 - __main__ - WARNING - Strategy Overbought_Decline failed: 'IndicatorResult' object has no attribute 'get'
2026-02-05 15:02:52,699 - __main__ - WARNING - Strategy Oversold_Bounce failed: 'IndicatorResult' object has no attribute 'get'
2026-02-05 15:02:52,699 - __main__ - WARNING - Strategy RSI_Divergence failed: 'IndicatorResult' object has no attribute 'get'
2026-02-05 15:02:52,699 - __main__ - WARNING - Strategy RSI_SMA_Strategy failed: 'IndicatorResult' object has no attribute 'get'
2026-02-05 15:02:52,699 - __main__ - WARNING - Strategy Stochastic_Momentum failed: 'IndicatorResult' object has no attribute 'get'
2026-02-05 15:02:52,699 - __main__ - WARNING - Strategy Stochastic_RSI_Oscillator failed: 'IndicatorResult' object has no attribute 'get'
2026-02-05 15:02:52,699 - __main__ - WARNING - Strategy Three_MA_Trend failed: SignalResult.__init__() missing 2 required positional arguments: 'price' and 'reason'
2026-02-05 15:02:52,699 - __main__ - WARNING - Strategy Trend_Filter_RSI failed: 'IndicatorResult' object has no attribute 'get'
2026-02-05 15:02:52,699 - __main__ - WARNING - Strategy Trend_Pullback failed: 'IndicatorResult' object has no attribute 'get'
2026-02-05 15:02:52,699 - __main__ - WARNING - Strategy Trend_Volume_Alignment failed: 'IndicatorResult' object has no attribute 'get'
2026-02-05 15:02:52,699 - __main__ - WARNING - Strategy Triple_Indicator_Confirm failed: 'IndicatorResult' object has no attribute 'get'
2026-02-05 15:02:52,699 - __main__ - WARNING - Strategy VWAP_Reversal failed: 'IndicatorResult' object has no attribute 'get'
2026-02-05 15:02:52,699 - __main__ - WARNING - Strategy Volatility_Contraction failed: 'IndicatorResult' object has no attribute 'get'
2026-02-05 15:02:52,699 - __main__ - WARNING - Strategy VolatilityRatio_Trend failed: 'IndicatorResult' object has no attribute 'get'
2026-02-05 15:02:52,699 - __main__ - WARNING - Strategy Volume_Price_Confirmation failed: 'IndicatorResult' object has no attribute 'get'
2026-02-05 15:02:52,699 - __main__ - WARNING - Strategy Volume_Trend_Divergence failed: 'IndicatorResult' object has no attribute 'get'
2026-02-05 15:02:52,699 - __main__ - WARNING - Strategy WilliamsR_Momentum failed: 'IndicatorResult' object has no attribute 'get'
2026-02-05 15:02:52,699 - __main__ - WARNING - Strategy RSI_Reversal failed: 'IndicatorResult' object has no attribute 'get'
2026-02-05 15:02:52,700 - data - INFO - 使用本地數據: TSLA (275 rows)
2026-02-05 15:02:52,729 - __main__ - WARNING - Strategy MACDTrend failed: 'IndicatorResult' object has no attribute 'get'
2026-02-05 15:02:52,729 - __main__ - WARNING - Strategy ADXTrend failed: 'IndicatorResult' object has no attribute 'get'
2026-02-05 15:02:52,729 - __main__ - WARNING - Strategy ADX_Ichimoku_Cloud failed: 'IndicatorResult' object has no attribute 'get'
2026-02-05 15:02:52,729 - __main__ - WARNING - Strategy ADX_ParabolicSAR_Stop failed: 'IndicatorResult' object has no attribute 'get'
2026-02-05 15:02:52,729 - __main__ - WARNING - Strategy ADX_Stochastic_Momentum failed: 'IndicatorResult' object has no attribute 'get'
2026-02-05 15:02:52,729 - __main__ - WARNING - Strategy ADX_Trend_Strength failed: 'IndicatorResult' object has no attribute 'get'
2026-02-05 15:02:52,729 - __main__ - WARNING - Strategy ADX_Volatility_Expansion failed: 'IndicatorResult' object has no attribute 'get'
2026-02-05 15:02:52,729 - __main__ - WARNING - Strategy MACD_ADX_TrendRide failed: 'IndicatorResult' object has no attribute 'get'
2026-02-05 15:02:52,729 - __main__ - WARNING - Strategy MACD_BB_Breakout failed: 'IndicatorResult' object has no attribute 'get'
2026-02-05 15:02:52,729 - __main__ - WARNING - Strategy MACD_RSI_Crossover failed: 'IndicatorResult' object has no attribute 'get'
2026-02-05 15:02:52,729 - __main__ - WARNING - Strategy MACD_SMA_Crossover failed: 'IndicatorResult' object has no attribute 'get'
2026-02-05 15:02:52,729 - __main__ - WARNING - Strategy MACD_Volume_Trend failed: 'IndicatorResult' object has no attribute 'get'
2026-02-05 15:02:52,729 - __main__ - WARNING - Strategy RSI_ADX_TrendConfirm failed: 'IndicatorResult' object has no attribute 'get'
2026-02-05 15:02:52,729 - __main__ - WARNING - Strategy RSI_BB_Squeeze failed: 'IndicatorResult' object has no attribute 'get'
2026-02-05 15:02:52,729 - __main__ - WARNING - Strategy RSI_MACD_Divergence failed: 'IndicatorResult' object has no attribute 'get'
2026-02-05 15:02:52,730 - __main__ - WARNING - Strategy RSI_Stochastic_Oversold failed: 'IndicatorResult' object has no attribute 'get'
2026-02-05 15:02:52,730 - __main__ - WARNING - Strategy RSI_Volume_Confirmation failed: 'IndicatorResult' object has no attribute 'get'
2026-02-05 15:02:52,730 - __main__ - WARNING - Strategy AD_Accumulation failed: 'IndicatorResult' object has no attribute 'get'
2026-02-05 15:02:52,730 - __main__ - WARNING - Strategy ADX_DI_Crossover failed: 'IndicatorResult' object has no attribute 'get'
2026-02-05 15:02:52,730 - __main__ - WARNING - Strategy ATR_Trend_Confirmation failed: 'IndicatorResult' object has no attribute 'get'
2026-02-05 15:02:52,730 - __main__ - WARNING - Strategy Bollinger_Mean_Reversion failed: 'IndicatorResult' object has no attribute 'get'
2026-02-05 15:02:52,730 - __main__ - WARNING - Strategy BollingerWidth_Expansion failed: 'IndicatorResult' object has no attribute 'get'
2026-02-05 15:02:52,730 - __main__ - WARNING - Strategy CCI_Mean_Reversion failed: 'IndicatorResult' object has no attribute 'get'
2026-02-05 15:02:52,730 - __main__ - WARNING - Strategy Chaikin_Volume_Oscillator failed: 'IndicatorResult' object has no attribute 'get'
2026-02-05 15:02:52,730 - __main__ - WARNING - Strategy End_of_Day_Reversion failed: 'IndicatorResult' object has no attribute 'get'
2026-02-05 15:02:52,730 - __main__ - WARNING - Strategy HistoricalVolatility_Range failed: 'IndicatorResult' object has no attribute 'get'
2026-02-05 15:02:52,730 - __main__ - WARNING - Strategy Keltner_Bollinger_Squeeze failed: 'IndicatorResult' object has no attribute 'get'
2026-02-05 15:02:52,730 - __main__ - WARNING - Strategy MACD_Zero_Cross failed: 'IndicatorResult' object has no attribute 'get'
2026-02-05 15:02:52,730 - __main__ - WARNING - Strategy Momentum_ADX_Strength failed: 'IndicatorResult' object has no attribute 'get'
2026-02-05 15:02:52,730 - __main__ - WARNING - Strategy Momentum_Exhaustion failed: 'IndicatorResult' object has no attribute 'get'
2026-02-05 15:02:52,730 - __main__ - WARNING - Strategy Momentum_RateOfChange failed: 'IndicatorResult' object has no attribute 'get'
2026-02-05 15:02:52,730 - __main__ - WARNING - Strategy Momentum_Volume_Rally failed: 'IndicatorResult' object has no attribute 'get'
2026-02-05 15:02:52,730 - __main__ - WARNING - Strategy OBV_Trend_Follow failed: 'IndicatorResult' object has no attribute 'get'
2026-02-05 15:02:52,730 - __main__ - WARNING - Strategy Opening_Gap failed: 'IndicatorResult' object has no attribute 'get'
2026-02-05 15:02:52,730 - __main__ - WARNING - Strategy Overbought_Decline failed: 'IndicatorResult' object has no attribute 'get'
2026-02-05 15:02:52,730 - __main__ - WARNING - Strategy Oversold_Bounce failed: 'IndicatorResult' object has no attribute 'get'
2026-02-05 15:02:52,730 - __main__ - WARNING - Strategy RSI_Divergence failed: 'IndicatorResult' object has no attribute 'get'
2026-02-05 15:02:52,730 - __main__ - WARNING - Strategy RSI_SMA_Strategy failed: 'IndicatorResult' object has no attribute 'get'
2026-02-05 15:02:52,730 - __main__ - WARNING - Strategy Stochastic_Momentum failed: 'IndicatorResult' object has no attribute 'get'
2026-02-05 15:02:52,730 - __main__ - WARNING - Strategy Stochastic_RSI_Oscillator failed: 'IndicatorResult' object has no attribute 'get'
2026-02-05 15:02:52,730 - __main__ - WARNING - Strategy Trend_Filter_RSI failed: 'IndicatorResult' object has no attribute 'get'
2026-02-05 15:02:52,730 - __main__ - WARNING - Strategy Trend_Pullback failed: 'IndicatorResult' object has no attribute 'get'
2026-02-05 15:02:52,730 - __main__ - WARNING - Strategy Trend_Volume_Alignment failed: 'IndicatorResult' object has no attribute 'get'
2026-02-05 15:02:52,730 - __main__ - WARNING - Strategy Triple_Indicator_Confirm failed: 'IndicatorResult' object has no attribute 'get'
2026-02-05 15:02:52,730 - __main__ - WARNING - Strategy VWAP_Reversal failed: 'IndicatorResult' object has no attribute 'get'
2026-02-05 15:02:52,730 - __main__ - WARNING - Strategy Volatility_Contraction failed: 'IndicatorResult' object has no attribute 'get'
2026-02-05 15:02:52,730 - __main__ - WARNING - Strategy VolatilityRatio_Trend failed: 'IndicatorResult' object has no attribute 'get'
2026-02-05 15:02:52,730 - __main__ - WARNING - Strategy Volume_Price_Confirmation failed: 'IndicatorResult' object has no attribute 'get'
2026-02-05 15:02:52,730 - __main__ - WARNING - Strategy Volume_Trend_Divergence failed: 'IndicatorResult' object has no attribute 'get'
2026-02-05 15:02:52,730 - __main__ - WARNING - Strategy WilliamsR_Momentum failed: 'IndicatorResult' object has no attribute 'get'
2026-02-05 15:02:52,730 - __main__ - WARNING - Strategy RSI_Reversal failed: 'IndicatorResult' object has no attribute 'get'
2026-02-05 15:02:52,731 - data - INFO - 使用本地數據: TSM (275 rows)
2026-02-05 15:02:52,760 - __main__ - WARNING - Strategy MACDTrend failed: 'IndicatorResult' object has no attribute 'get'
2026-02-05 15:02:52,760 - __main__ - WARNING - Strategy ADXTrend failed: 'IndicatorResult' object has no attribute 'get'
2026-02-05 15:02:52,760 - __main__ - WARNING - Strategy ADX_Ichimoku_Cloud failed: 'IndicatorResult' object has no attribute 'get'
2026-02-05 15:02:52,760 - __main__ - WARNING - Strategy ADX_ParabolicSAR_Stop failed: 'IndicatorResult' object has no attribute 'get'
2026-02-05 15:02:52,760 - __main__ - WARNING - Strategy ADX_Stochastic_Momentum failed: 'IndicatorResult' object has no attribute 'get'
2026-02-05 15:02:52,760 - __main__ - WARNING - Strategy ADX_Trend_Strength failed: 'IndicatorResult' object has no attribute 'get'
2026-02-05 15:02:52,760 - __main__ - WARNING - Strategy ADX_Volatility_Expansion failed: 'IndicatorResult' object has no attribute 'get'
2026-02-05 15:02:52,760 - __main__ - WARNING - Strategy MACD_ADX_TrendRide failed: 'IndicatorResult' object has no attribute 'get'
2026-02-05 15:02:52,760 - __main__ - WARNING - Strategy MACD_BB_Breakout failed: 'IndicatorResult' object has no attribute 'get'
2026-02-05 15:02:52,760 - __main__ - WARNING - Strategy MACD_RSI_Crossover failed: 'IndicatorResult' object has no attribute 'get'
2026-02-05 15:02:52,760 - __main__ - WARNING - Strategy MACD_SMA_Crossover failed: 'IndicatorResult' object has no attribute 'get'
2026-02-05 15:02:52,760 - __main__ - WARNING - Strategy MACD_Volume_Trend failed: 'IndicatorResult' object has no attribute 'get'
2026-02-05 15:02:52,760 - __main__ - WARNING - Strategy RSI_ADX_TrendConfirm failed: 'IndicatorResult' object has no attribute 'get'
2026-02-05 15:02:52,760 - __main__ - WARNING - Strategy RSI_BB_Squeeze failed: 'IndicatorResult' object has no attribute 'get'
2026-02-05 15:02:52,760 - __main__ - WARNING - Strategy RSI_MACD_Divergence failed: 'IndicatorResult' object has no attribute 'get'
2026-02-05 15:02:52,760 - __main__ - WARNING - Strategy RSI_Stochastic_Oversold failed: 'IndicatorResult' object has no attribute 'get'
2026-02-05 15:02:52,760 - __main__ - WARNING - Strategy RSI_Volume_Confirmation failed: 'IndicatorResult' object has no attribute 'get'
2026-02-05 15:02:52,760 - __main__ - WARNING - Strategy AD_Accumulation failed: 'IndicatorResult' object has no attribute 'get'
2026-02-05 15:02:52,760 - __main__ - WARNING - Strategy ADX_DI_Crossover failed: 'IndicatorResult' object has no attribute 'get'
2026-02-05 15:02:52,760 - __main__ - WARNING - Strategy ATR_Trend_Confirmation failed: 'IndicatorResult' object has no attribute 'get'
2026-02-05 15:02:52,760 - __main__ - WARNING - Strategy Bollinger_Mean_Reversion failed: 'IndicatorResult' object has no attribute 'get'
2026-02-05 15:02:52,760 - __main__ - WARNING - Strategy BollingerWidth_Expansion failed: 'IndicatorResult' object has no attribute 'get'
2026-02-05 15:02:52,760 - __main__ - WARNING - Strategy CCI_Mean_Reversion failed: 'IndicatorResult' object has no attribute 'get'
2026-02-05 15:02:52,760 - __main__ - WARNING - Strategy Chaikin_Volume_Oscillator failed: 'IndicatorResult' object has no attribute 'get'
2026-02-05 15:02:52,760 - __main__ - WARNING - Strategy Dual_Moving_Average_Crossover failed: SignalResult.__init__() missing 2 required positional arguments: 'price' and 'reason'
2026-02-05 15:02:52,760 - __main__ - WARNING - Strategy End_of_Day_Reversion failed: 'IndicatorResult' object has no attribute 'get'
2026-02-05 15:02:52,760 - __main__ - WARNING - Strategy HistoricalVolatility_Range failed: 'IndicatorResult' object has no attribute 'get'
2026-02-05 15:02:52,760 - __main__ - WARNING - Strategy Keltner_Bollinger_Squeeze failed: 'IndicatorResult' object has no attribute 'get'
2026-02-05 15:02:52,760 - __main__ - WARNING - Strategy MACD_Zero_Cross failed: 'IndicatorResult' object has no attribute 'get'
2026-02-05 15:02:52,760 - __main__ - WARNING - Strategy Momentum_ADX_Strength failed: 'IndicatorResult' object has no attribute 'get'
2026-02-05 15:02:52,760 - __main__ - WARNING - Strategy Momentum_Exhaustion failed: 'IndicatorResult' object has no attribute 'get'
2026-02-05 15:02:52,760 - __main__ - WARNING - Strategy Momentum_RateOfChange failed: 'IndicatorResult' object has no attribute 'get'
2026-02-05 15:02:52,760 - __main__ - WARNING - Strategy Momentum_Volume_Rally failed: 'IndicatorResult' object has no attribute 'get'
2026-02-05 15:02:52,760 - __main__ - WARNING - Strategy OBV_Trend_Follow failed: 'IndicatorResult' object has no attribute 'get'
2026-02-05 15:02:52,760 - __main__ - WARNING - Strategy Opening_Gap failed: 'IndicatorResult' object has no attribute 'get'
2026-02-05 15:02:52,760 - __main__ - WARNING - Strategy Overbought_Decline failed: 'IndicatorResult' object has no attribute 'get'
2026-02-05 15:02:52,760 - __main__ - WARNING - Strategy Oversold_Bounce failed: 'IndicatorResult' object has no attribute 'get'
2026-02-05 15:02:52,760 - __main__ - WARNING - Strategy RSI_Divergence failed: 'IndicatorResult' object has no attribute 'get'
2026-02-05 15:02:52,760 - __main__ - WARNING - Strategy RSI_SMA_Strategy failed: 'IndicatorResult' object has no attribute 'get'
2026-02-05 15:02:52,760 - __main__ - WARNING - Strategy Stochastic_Momentum failed: 'IndicatorResult' object has no attribute 'get'
2026-02-05 15:02:52,760 - __main__ - WARNING - Strategy Stochastic_RSI_Oscillator failed: 'IndicatorResult' object has no attribute 'get'
2026-02-05 15:02:52,760 - __main__ - WARNING - Strategy Trend_Filter_RSI failed: 'IndicatorResult' object has no attribute 'get'
2026-02-05 15:02:52,760 - __main__ - WARNING - Strategy Trend_Pullback failed: 'IndicatorResult' object has no attribute 'get'
2026-02-05 15:02:52,760 - __main__ - WARNING - Strategy Trend_Volume_Alignment failed: 'IndicatorResult' object has no attribute 'get'
2026-02-05 15:02:52,760 - __main__ - WARNING - Strategy Triple_Indicator_Confirm failed: 'IndicatorResult' object has no attribute 'get'
2026-02-05 15:02:52,760 - __main__ - WARNING - Strategy VWAP_Reversal failed: 'IndicatorResult' object has no attribute 'get'
2026-02-05 15:02:52,761 - __main__ - WARNING - Strategy Volatility_Contraction failed: 'IndicatorResult' object has no attribute 'get'
2026-02-05 15:02:52,761 - __main__ - WARNING - Strategy VolatilityRatio_Trend failed: 'IndicatorResult' object has no attribute 'get'
2026-02-05 15:02:52,761 - __main__ - WARNING - Strategy Volume_Price_Confirmation failed: 'IndicatorResult' object has no attribute 'get'
2026-02-05 15:02:52,761 - __main__ - WARNING - Strategy Volume_Trend_Divergence failed: 'IndicatorResult' object has no attribute 'get'
2026-02-05 15:02:52,761 - __main__ - WARNING - Strategy WilliamsR_Momentum failed: 'IndicatorResult' object has no attribute 'get'
2026-02-05 15:02:52,761 - __main__ - WARNING - Strategy RSI_Reversal failed: 'IndicatorResult' object has no attribute 'get'
2026-02-05 15:02:52,761 - data - INFO - 使用本地數據: AMD (275 rows)
2026-02-05 15:02:52,791 - __main__ - WARNING - Strategy MACDTrend failed: 'IndicatorResult' object has no attribute 'get'
2026-02-05 15:02:52,791 - __main__ - WARNING - Strategy ADXTrend failed: 'IndicatorResult' object has no attribute 'get'
2026-02-05 15:02:52,791 - __main__ - WARNING - Strategy ADX_Ichimoku_Cloud failed: 'IndicatorResult' object has no attribute 'get'
2026-02-05 15:02:52,791 - __main__ - WARNING - Strategy ADX_ParabolicSAR_Stop failed: 'IndicatorResult' object has no attribute 'get'
2026-02-05 15:02:52,791 - __main__ - WARNING - Strategy ADX_Stochastic_Momentum failed: 'IndicatorResult' object has no attribute 'get'
2026-02-05 15:02:52,791 - __main__ - WARNING - Strategy ADX_Trend_Strength failed: 'IndicatorResult' object has no attribute 'get'
2026-02-05 15:02:52,791 - __main__ - WARNING - Strategy ADX_Volatility_Expansion failed: 'IndicatorResult' object has no attribute 'get'
2026-02-05 15:02:52,791 - __main__ - WARNING - Strategy MACD_ADX_TrendRide failed: 'IndicatorResult' object has no attribute 'get'
2026-02-05 15:02:52,791 - __main__ - WARNING - Strategy MACD_BB_Breakout failed: 'IndicatorResult' object has no attribute 'get'
2026-02-05 15:02:52,791 - __main__ - WARNING - Strategy MACD_RSI_Crossover failed: 'IndicatorResult' object has no attribute 'get'
2026-02-05 15:02:52,791 - __main__ - WARNING - Strategy MACD_SMA_Crossover failed: 'IndicatorResult' object has no attribute 'get'
2026-02-05 15:02:52,791 - __main__ - WARNING - Strategy MACD_Volume_Trend failed: 'IndicatorResult' object has no attribute 'get'
2026-02-05 15:02:52,791 - __main__ - WARNING - Strategy RSI_ADX_TrendConfirm failed: 'IndicatorResult' object has no attribute 'get'
2026-02-05 15:02:52,791 - __main__ - WARNING - Strategy RSI_BB_Squeeze failed: 'IndicatorResult' object has no attribute 'get'
2026-02-05 15:02:52,791 - __main__ - WARNING - Strategy RSI_MACD_Divergence failed: 'IndicatorResult' object has no attribute 'get'
2026-02-05 15:02:52,791 - __main__ - WARNING - Strategy RSI_Stochastic_Oversold failed: 'IndicatorResult' object has no attribute 'get'
2026-02-05 15:02:52,791 - __main__ - WARNING - Strategy RSI_Volume_Confirmation failed: 'IndicatorResult' object has no attribute 'get'
2026-02-05 15:02:52,791 - __main__ - WARNING - Strategy AD_Accumulation failed: 'IndicatorResult' object has no attribute 'get'
2026-02-05 15:02:52,791 - __main__ - WARNING - Strategy ADX_DI_Crossover failed: 'IndicatorResult' object has no attribute 'get'
2026-02-05 15:02:52,791 - __main__ - WARNING - Strategy ATR_Trend_Confirmation failed: 'IndicatorResult' object has no attribute 'get'
2026-02-05 15:02:52,791 - __main__ - WARNING - Strategy Bollinger_Mean_Reversion failed: 'IndicatorResult' object has no attribute 'get'
2026-02-05 15:02:52,791 - __main__ - WARNING - Strategy BollingerWidth_Expansion failed: 'IndicatorResult' object has no attribute 'get'
2026-02-05 15:02:52,791 - __main__ - WARNING - Strategy CCI_Mean_Reversion failed: 'IndicatorResult' object has no attribute 'get'
2026-02-05 15:02:52,791 - __main__ - WARNING - Strategy Chaikin_Volume_Oscillator failed: 'IndicatorResult' object has no attribute 'get'
2026-02-05 15:02:52,791 - __main__ - WARNING - Strategy End_of_Day_Reversion failed: 'IndicatorResult' object has no attribute 'get'
2026-02-05 15:02:52,791 - __main__ - WARNING - Strategy HistoricalVolatility_Range failed: 'IndicatorResult' object has no attribute 'get'
2026-02-05 15:02:52,791 - __main__ - WARNING - Strategy Keltner_Bollinger_Squeeze failed: 'IndicatorResult' object has no attribute 'get'
2026-02-05 15:02:52,791 - __main__ - WARNING - Strategy MACD_Zero_Cross failed: 'IndicatorResult' object has no attribute 'get'
2026-02-05 15:02:52,791 - __main__ - WARNING - Strategy Momentum_ADX_Strength failed: 'IndicatorResult' object has no attribute 'get'
2026-02-05 15:02:52,791 - __main__ - WARNING - Strategy Momentum_Exhaustion failed: 'IndicatorResult' object has no attribute 'get'
2026-02-05 15:02:52,791 - __main__ - WARNING - Strategy Momentum_RateOfChange failed: 'IndicatorResult' object has no attribute 'get'
2026-02-05 15:02:52,791 - __main__ - WARNING - Strategy Momentum_Volume_Rally failed: 'IndicatorResult' object has no attribute 'get'
2026-02-05 15:02:52,791 - __main__ - WARNING - Strategy OBV_Trend_Follow failed: 'IndicatorResult' object has no attribute 'get'
2026-02-05 15:02:52,791 - __main__ - WARNING - Strategy Opening_Gap failed: 'IndicatorResult' object has no attribute 'get'
2026-02-05 15:02:52,791 - __main__ - WARNING - Strategy Overbought_Decline failed: 'IndicatorResult' object has no attribute 'get'
2026-02-05 15:02:52,791 - __main__ - WARNING - Strategy Oversold_Bounce failed: 'IndicatorResult' object has no attribute 'get'
2026-02-05 15:02:52,791 - __main__ - WARNING - Strategy RSI_Divergence failed: 'IndicatorResult' object has no attribute 'get'
2026-02-05 15:02:52,791 - __main__ - WARNING - Strategy RSI_SMA_Strategy failed: 'IndicatorResult' object has no attribute 'get'
2026-02-05 15:02:52,791 - __main__ - WARNING - Strategy Stochastic_Momentum failed: 'IndicatorResult' object has no attribute 'get'
2026-02-05 15:02:52,791 - __main__ - WARNING - Strategy Stochastic_RSI_Oscillator failed: 'IndicatorResult' object has no attribute 'get'
2026-02-05 15:02:52,791 - __main__ - WARNING - Strategy Three_MA_Trend failed: SignalResult.__init__() missing 2 required positional arguments: 'price' and 'reason'
2026-02-05 15:02:52,791 - __main__ - WARNING - Strategy Trend_Filter_RSI failed: 'IndicatorResult' object has no attribute 'get'
2026-02-05 15:02:52,791 - __main__ - WARNING - Strategy Trend_Pullback failed: 'IndicatorResult' object has no attribute 'get'
2026-02-05 15:02:52,791 - __main__ - WARNING - Strategy Trend_Volume_Alignment failed: 'IndicatorResult' object has no attribute 'get'
2026-02-05 15:02:52,791 - __main__ - WARNING - Strategy Triple_Indicator_Confirm failed: 'IndicatorResult' object has no attribute 'get'
2026-02-05 15:02:52,791 - __main__ - WARNING - Strategy VWAP_Reversal failed: 'IndicatorResult' object has no attribute 'get'
2026-02-05 15:02:52,791 - __main__ - WARNING - Strategy Volatility_Contraction failed: 'IndicatorResult' object has no attribute 'get'
2026-02-05 15:02:52,791 - __main__ - WARNING - Strategy VolatilityRatio_Trend failed: 'IndicatorResult' object has no attribute 'get'
2026-02-05 15:02:52,791 - __main__ - WARNING - Strategy Volume_Price_Confirmation failed: 'IndicatorResult' object has no attribute 'get'
2026-02-05 15:02:52,791 - __main__ - WARNING - Strategy Volume_Trend_Divergence failed: 'IndicatorResult' object has no attribute 'get'
2026-02-05 15:02:52,791 - __main__ - WARNING - Strategy WilliamsR_Momentum failed: 'IndicatorResult' object has no attribute 'get'
2026-02-05 15:02:52,791 - __main__ - WARNING - Strategy RSI_Reversal failed: 'IndicatorResult' object has no attribute 'get'
2026-02-05 15:02:52,792 - data - INFO - 使用本地數據: INTC (275 rows)
2026-02-05 15:02:52,823 - __main__ - WARNING - Strategy MACDTrend failed: 'IndicatorResult' object has no attribute 'get'
2026-02-05 15:02:52,823 - __main__ - WARNING - Strategy ADXTrend failed: 'IndicatorResult' object has no attribute 'get'
2026-02-05 15:02:52,823 - __main__ - WARNING - Strategy ADX_Ichimoku_Cloud failed: 'IndicatorResult' object has no attribute 'get'
2026-02-05 15:02:52,823 - __main__ - WARNING - Strategy ADX_ParabolicSAR_Stop failed: 'IndicatorResult' object has no attribute 'get'
2026-02-05 15:02:52,823 - __main__ - WARNING - Strategy ADX_Stochastic_Momentum failed: 'IndicatorResult' object has no attribute 'get'
2026-02-05 15:02:52,823 - __main__ - WARNING - Strategy ADX_Trend_Strength failed: 'IndicatorResult' object has no attribute 'get'
2026-02-05 15:02:52,823 - __main__ - WARNING - Strategy ADX_Volatility_Expansion failed: 'IndicatorResult' object has no attribute 'get'
2026-02-05 15:02:52,823 - __main__ - WARNING - Strategy MACD_ADX_TrendRide failed: 'IndicatorResult' object has no attribute 'get'
2026-02-05 15:02:52,823 - __main__ - WARNING - Strategy MACD_BB_Breakout failed: 'IndicatorResult' object has no attribute 'get'
2026-02-05 15:02:52,823 - __main__ - WARNING - Strategy MACD_RSI_Crossover failed: 'IndicatorResult' object has no attribute 'get'
2026-02-05 15:02:52,823 - __main__ - WARNING - Strategy MACD_SMA_Crossover failed: 'IndicatorResult' object has no attribute 'get'
2026-02-05 15:02:52,823 - __main__ - WARNING - Strategy MACD_Volume_Trend failed: 'IndicatorResult' object has no attribute 'get'
2026-02-05 15:02:52,823 - __main__ - WARNING - Strategy RSI_ADX_TrendConfirm failed: 'IndicatorResult' object has no attribute 'get'
2026-02-05 15:02:52,823 - __main__ - WARNING - Strategy RSI_BB_Squeeze failed: 'IndicatorResult' object has no attribute 'get'
2026-02-05 15:02:52,823 - __main__ - WARNING - Strategy RSI_MACD_Divergence failed: 'IndicatorResult' object has no attribute 'get'
2026-02-05 15:02:52,823 - __main__ - WARNING - Strategy RSI_Stochastic_Oversold failed: 'IndicatorResult' object has no attribute 'get'
2026-02-05 15:02:52,823 - __main__ - WARNING - Strategy RSI_Volume_Confirmation failed: 'IndicatorResult' object has no attribute 'get'
2026-02-05 15:02:52,823 - __main__ - WARNING - Strategy AD_Accumulation failed: 'IndicatorResult' object has no attribute 'get'
2026-02-05 15:02:52,823 - __main__ - WARNING - Strategy ADX_DI_Crossover failed: 'IndicatorResult' object has no attribute 'get'
2026-02-05 15:02:52,823 - __main__ - WARNING - Strategy ATR_Trend_Confirmation failed: 'IndicatorResult' object has no attribute 'get'
2026-02-05 15:02:52,823 - __main__ - WARNING - Strategy Bollinger_Mean_Reversion failed: 'IndicatorResult' object has no attribute 'get'
2026-02-05 15:02:52,823 - __main__ - WARNING - Strategy BollingerWidth_Expansion failed: 'IndicatorResult' object has no attribute 'get'
2026-02-05 15:02:52,823 - __main__ - WARNING - Strategy CCI_Mean_Reversion failed: 'IndicatorResult' object has no attribute 'get'
2026-02-05 15:02:52,823 - __main__ - WARNING - Strategy Chaikin_Volume_Oscillator failed: 'IndicatorResult' object has no attribute 'get'
2026-02-05 15:02:52,824 - __main__ - WARNING - Strategy Dual_Moving_Average_Crossover failed: SignalResult.__init__() missing 2 required positional arguments: 'price' and 'reason'
2026-02-05 15:02:52,824 - __main__ - WARNING - Strategy End_of_Day_Reversion failed: 'IndicatorResult' object has no attribute 'get'
2026-02-05 15:02:52,824 - __main__ - WARNING - Strategy HistoricalVolatility_Range failed: 'IndicatorResult' object has no attribute 'get'
2026-02-05 15:02:52,824 - __main__ - WARNING - Strategy Keltner_Bollinger_Squeeze failed: 'IndicatorResult' object has no attribute 'get'
2026-02-05 15:02:52,824 - __main__ - WARNING - Strategy MACD_Zero_Cross failed: 'IndicatorResult' object has no attribute 'get'
2026-02-05 15:02:52,824 - __main__ - WARNING - Strategy Momentum_ADX_Strength failed: 'IndicatorResult' object has no attribute 'get'
2026-02-05 15:02:52,824 - __main__ - WARNING - Strategy Momentum_Exhaustion failed: 'IndicatorResult' object has no attribute 'get'
2026-02-05 15:02:52,824 - __main__ - WARNING - Strategy Momentum_RateOfChange failed: 'IndicatorResult' object has no attribute 'get'
2026-02-05 15:02:52,824 - __main__ - WARNING - Strategy Momentum_Volume_Rally failed: 'IndicatorResult' object has no attribute 'get'
2026-02-05 15:02:52,824 - __main__ - WARNING - Strategy OBV_Trend_Follow failed: 'IndicatorResult' object has no attribute 'get'
2026-02-05 15:02:52,824 - __main__ - WARNING - Strategy Opening_Gap failed: 'IndicatorResult' object has no attribute 'get'
2026-02-05 15:02:52,824 - __main__ - WARNING - Strategy Overbought_Decline failed: 'IndicatorResult' object has no attribute 'get'
2026-02-05 15:02:52,824 - __main__ - WARNING - Strategy Oversold_Bounce failed: 'IndicatorResult' object has no attribute 'get'
2026-02-05 15:02:52,824 - __main__ - WARNING - Strategy RSI_Divergence failed: 'IndicatorResult' object has no attribute 'get'
2026-02-05 15:02:52,824 - __main__ - WARNING - Strategy RSI_SMA_Strategy failed: 'IndicatorResult' object has no attribute 'get'
2026-02-05 15:02:52,824 - __main__ - WARNING - Strategy Stochastic_Momentum failed: 'IndicatorResult' object has no attribute 'get'
2026-02-05 15:02:52,824 - __main__ - WARNING - Strategy Stochastic_RSI_Oscillator failed: 'IndicatorResult' object has no attribute 'get'
2026-02-05 15:02:52,824 - __main__ - WARNING - Strategy Three_MA_Trend failed: SignalResult.__init__() missing 2 required positional arguments: 'price' and 'reason'
2026-02-05 15:02:52,824 - __main__ - WARNING - Strategy Trend_Filter_RSI failed: 'IndicatorResult' object has no attribute 'get'
2026-02-05 15:02:52,824 - __main__ - WARNING - Strategy Trend_Pullback failed: 'IndicatorResult' object has no attribute 'get'
2026-02-05 15:02:52,824 - __main__ - WARNING - Strategy Trend_Volume_Alignment failed: 'IndicatorResult' object has no attribute 'get'
2026-02-05 15:02:52,824 - __main__ - WARNING - Strategy Triple_Indicator_Confirm failed: 'IndicatorResult' object has no attribute 'get'
2026-02-05 15:02:52,824 - __main__ - WARNING - Strategy VWAP_Reversal failed: 'IndicatorResult' object has no attribute 'get'
2026-02-05 15:02:52,824 - __main__ - WARNING - Strategy Volatility_Contraction failed: 'IndicatorResult' object has no attribute 'get'
2026-02-05 15:02:52,824 - __main__ - WARNING - Strategy VolatilityRatio_Trend failed: 'IndicatorResult' object has no attribute 'get'
2026-02-05 15:02:52,824 - __main__ - WARNING - Strategy Volume_Price_Confirmation failed: 'IndicatorResult' object has no attribute 'get'
2026-02-05 15:02:52,824 - __main__ - WARNING - Strategy Volume_Trend_Divergence failed: 'IndicatorResult' object has no attribute 'get'
2026-02-05 15:02:52,824 - __main__ - WARNING - Strategy WilliamsR_Momentum failed: 'IndicatorResult' object has no attribute 'get'
2026-02-05 15:02:52,824 - __main__ - WARNING - Strategy RSI_Reversal failed: 'IndicatorResult' object has no attribute 'get'
2026-02-05 15:02:52,825 - data - INFO - 使用本地數據: UBER (275 rows)
2026-02-05 15:02:52,855 - __main__ - WARNING - Strategy MACDTrend failed: 'IndicatorResult' object has no attribute 'get'
2026-02-05 15:02:52,855 - __main__ - WARNING - Strategy ADXTrend failed: 'IndicatorResult' object has no attribute 'get'
2026-02-05 15:02:52,855 - __main__ - WARNING - Strategy ADX_Ichimoku_Cloud failed: 'IndicatorResult' object has no attribute 'get'
2026-02-05 15:02:52,855 - __main__ - WARNING - Strategy ADX_ParabolicSAR_Stop failed: 'IndicatorResult' object has no attribute 'get'
2026-02-05 15:02:52,855 - __main__ - WARNING - Strategy ADX_Stochastic_Momentum failed: 'IndicatorResult' object has no attribute 'get'
2026-02-05 15:02:52,855 - __main__ - WARNING - Strategy ADX_Trend_Strength failed: 'IndicatorResult' object has no attribute 'get'
2026-02-05 15:02:52,855 - __main__ - WARNING - Strategy ADX_Volatility_Expansion failed: 'IndicatorResult' object has no attribute 'get'
2026-02-05 15:02:52,855 - __main__ - WARNING - Strategy MACD_ADX_TrendRide failed: 'IndicatorResult' object has no attribute 'get'
2026-02-05 15:02:52,855 - __main__ - WARNING - Strategy MACD_BB_Breakout failed: 'IndicatorResult' object has no attribute 'get'
2026-02-05 15:02:52,855 - __main__ - WARNING - Strategy MACD_RSI_Crossover failed: 'IndicatorResult' object has no attribute 'get'
2026-02-05 15:02:52,855 - __main__ - WARNING - Strategy MACD_SMA_Crossover failed: 'IndicatorResult' object has no attribute 'get'
2026-02-05 15:02:52,855 - __main__ - WARNING - Strategy MACD_Volume_Trend failed: 'IndicatorResult' object has no attribute 'get'
2026-02-05 15:02:52,855 - __main__ - WARNING - Strategy RSI_ADX_TrendConfirm failed: 'IndicatorResult' object has no attribute 'get'
2026-02-05 15:02:52,855 - __main__ - WARNING - Strategy RSI_BB_Squeeze failed: 'IndicatorResult' object has no attribute 'get'
2026-02-05 15:02:52,855 - __main__ - WARNING - Strategy RSI_MACD_Divergence failed: 'IndicatorResult' object has no attribute 'get'
2026-02-05 15:02:52,855 - __main__ - WARNING - Strategy RSI_Stochastic_Oversold failed: 'IndicatorResult' object has no attribute 'get'
2026-02-05 15:02:52,855 - __main__ - WARNING - Strategy RSI_Volume_Confirmation failed: 'IndicatorResult' object has no attribute 'get'
2026-02-05 15:02:52,855 - __main__ - WARNING - Strategy AD_Accumulation failed: 'IndicatorResult' object has no attribute 'get'
2026-02-05 15:02:52,855 - __main__ - WARNING - Strategy ADX_DI_Crossover failed: 'IndicatorResult' object has no attribute 'get'
2026-02-05 15:02:52,855 - __main__ - WARNING - Strategy ATR_Trend_Confirmation failed: 'IndicatorResult' object has no attribute 'get'
2026-02-05 15:02:52,855 - __main__ - WARNING - Strategy Bollinger_Mean_Reversion failed: 'IndicatorResult' object has no attribute 'get'
2026-02-05 15:02:52,855 - __main__ - WARNING - Strategy BollingerWidth_Expansion failed: 'IndicatorResult' object has no attribute 'get'
2026-02-05 15:02:52,855 - __main__ - WARNING - Strategy CCI_Mean_Reversion failed: 'IndicatorResult' object has no attribute 'get'
2026-02-05 15:02:52,855 - __main__ - WARNING - Strategy Chaikin_Volume_Oscillator failed: 'IndicatorResult' object has no attribute 'get'
2026-02-05 15:02:52,855 - __main__ - WARNING - Strategy End_of_Day_Reversion failed: 'IndicatorResult' object has no attribute 'get'
2026-02-05 15:02:52,855 - __main__ - WARNING - Strategy HistoricalVolatility_Range failed: 'IndicatorResult' object has no attribute 'get'
2026-02-05 15:02:52,855 - __main__ - WARNING - Strategy Keltner_Bollinger_Squeeze failed: 'IndicatorResult' object has no attribute 'get'
2026-02-05 15:02:52,855 - __main__ - WARNING - Strategy MACD_Zero_Cross failed: 'IndicatorResult' object has no attribute 'get'
2026-02-05 15:02:52,855 - __main__ - WARNING - Strategy Momentum_ADX_Strength failed: 'IndicatorResult' object has no attribute 'get'
2026-02-05 15:02:52,855 - __main__ - WARNING - Strategy Momentum_Exhaustion failed: 'IndicatorResult' object has no attribute 'get'
2026-02-05 15:02:52,855 - __main__ - WARNING - Strategy Momentum_RateOfChange failed: 'IndicatorResult' object has no attribute 'get'
2026-02-05 15:02:52,855 - __main__ - WARNING - Strategy Momentum_Volume_Rally failed: 'IndicatorResult' object has no attribute 'get'
2026-02-05 15:02:52,855 - __main__ - WARNING - Strategy OBV_Trend_Follow failed: 'IndicatorResult' object has no attribute 'get'
2026-02-05 15:02:52,855 - __main__ - WARNING - Strategy Opening_Gap failed: 'IndicatorResult' object has no attribute 'get'
2026-02-05 15:02:52,855 - __main__ - WARNING - Strategy Overbought_Decline failed: 'IndicatorResult' object has no attribute 'get'
2026-02-05 15:02:52,855 - __main__ - WARNING - Strategy Oversold_Bounce failed: 'IndicatorResult' object has no attribute 'get'
2026-02-05 15:02:52,855 - __main__ - WARNING - Strategy RSI_Divergence failed: 'IndicatorResult' object has no attribute 'get'
2026-02-05 15:02:52,855 - __main__ - WARNING - Strategy RSI_SMA_Strategy failed: 'IndicatorResult' object has no attribute 'get'
2026-02-05 15:02:52,855 - __main__ - WARNING - Strategy Stochastic_Momentum failed: 'IndicatorResult' object has no attribute 'get'
2026-02-05 15:02:52,855 - __main__ - WARNING - Strategy Stochastic_RSI_Oscillator failed: 'IndicatorResult' object has no attribute 'get'
2026-02-05 15:02:52,856 - __main__ - WARNING - Strategy Trend_Filter_RSI failed: 'IndicatorResult' object has no attribute 'get'
2026-02-05 15:02:52,856 - __main__ - WARNING - Strategy Trend_Pullback failed: 'IndicatorResult' object has no attribute 'get'
2026-02-05 15:02:52,856 - __main__ - WARNING - Strategy Trend_Volume_Alignment failed: 'IndicatorResult' object has no attribute 'get'
2026-02-05 15:02:52,856 - __main__ - WARNING - Strategy Triple_Indicator_Confirm failed: 'IndicatorResult' object has no attribute 'get'
2026-02-05 15:02:52,856 - __main__ - WARNING - Strategy VWAP_Reversal failed: 'IndicatorResult' object has no attribute 'get'
2026-02-05 15:02:52,856 - __main__ - WARNING - Strategy Volatility_Contraction failed: 'IndicatorResult' object has no attribute 'get'
2026-02-05 15:02:52,856 - __main__ - WARNING - Strategy VolatilityRatio_Trend failed: 'IndicatorResult' object has no attribute 'get'
2026-02-05 15:02:52,856 - __main__ - WARNING - Strategy Volume_Price_Confirmation failed: 'IndicatorResult' object has no attribute 'get'
2026-02-05 15:02:52,856 - __main__ - WARNING - Strategy Volume_Trend_Divergence failed: 'IndicatorResult' object has no attribute 'get'
2026-02-05 15:02:52,856 - __main__ - WARNING - Strategy WilliamsR_Momentum failed: 'IndicatorResult' object has no attribute 'get'
2026-02-05 15:02:52,856 - __main__ - WARNING - Strategy RSI_Reversal failed: 'IndicatorResult' object has no attribute 'get'
2026-02-05 15:02:52,856 - data - INFO - 使用本地數據: ORCL (275 rows)
2026-02-05 15:02:52,886 - __main__ - WARNING - Strategy MACDTrend failed: 'IndicatorResult' object has no attribute 'get'
2026-02-05 15:02:52,886 - __main__ - WARNING - Strategy ADXTrend failed: 'IndicatorResult' object has no attribute 'get'
2026-02-05 15:02:52,886 - __main__ - WARNING - Strategy ADX_Ichimoku_Cloud failed: 'IndicatorResult' object has no attribute 'get'
2026-02-05 15:02:52,886 - __main__ - WARNING - Strategy ADX_ParabolicSAR_Stop failed: 'IndicatorResult' object has no attribute 'get'
2026-02-05 15:02:52,886 - __main__ - WARNING - Strategy ADX_Stochastic_Momentum failed: 'IndicatorResult' object has no attribute 'get'
2026-02-05 15:02:52,886 - __main__ - WARNING - Strategy ADX_Trend_Strength failed: 'IndicatorResult' object has no attribute 'get'
2026-02-05 15:02:52,886 - __main__ - WARNING - Strategy ADX_Volatility_Expansion failed: 'IndicatorResult' object has no attribute 'get'
2026-02-05 15:02:52,887 - __main__ - WARNING - Strategy MACD_ADX_TrendRide failed: 'IndicatorResult' object has no attribute 'get'
2026-02-05 15:02:52,887 - __main__ - WARNING - Strategy MACD_BB_Breakout failed: 'IndicatorResult' object has no attribute 'get'
2026-02-05 15:02:52,887 - __main__ - WARNING - Strategy MACD_RSI_Crossover failed: 'IndicatorResult' object has no attribute 'get'
2026-02-05 15:02:52,887 - __main__ - WARNING - Strategy MACD_SMA_Crossover failed: 'IndicatorResult' object has no attribute 'get'
2026-02-05 15:02:52,887 - __main__ - WARNING - Strategy MACD_Volume_Trend failed: 'IndicatorResult' object has no attribute 'get'
2026-02-05 15:02:52,887 - __main__ - WARNING - Strategy RSI_ADX_TrendConfirm failed: 'IndicatorResult' object has no attribute 'get'
2026-02-05 15:02:52,887 - __main__ - WARNING - Strategy RSI_BB_Squeeze failed: 'IndicatorResult' object has no attribute 'get'
2026-02-05 15:02:52,887 - __main__ - WARNING - Strategy RSI_MACD_Divergence failed: 'IndicatorResult' object has no attribute 'get'
2026-02-05 15:02:52,887 - __main__ - WARNING - Strategy RSI_Stochastic_Oversold failed: 'IndicatorResult' object has no attribute 'get'
2026-02-05 15:02:52,887 - __main__ - WARNING - Strategy RSI_Volume_Confirmation failed: 'IndicatorResult' object has no attribute 'get'
2026-02-05 15:02:52,887 - __main__ - WARNING - Strategy AD_Accumulation failed: 'IndicatorResult' object has no attribute 'get'
2026-02-05 15:02:52,887 - __main__ - WARNING - Strategy ADX_DI_Crossover failed: 'IndicatorResult' object has no attribute 'get'
2026-02-05 15:02:52,887 - __main__ - WARNING - Strategy ATR_Trend_Confirmation failed: 'IndicatorResult' object has no attribute 'get'
2026-02-05 15:02:52,887 - __main__ - WARNING - Strategy Bollinger_Mean_Reversion failed: 'IndicatorResult' object has no attribute 'get'
2026-02-05 15:02:52,887 - __main__ - WARNING - Strategy BollingerWidth_Expansion failed: 'IndicatorResult' object has no attribute 'get'
2026-02-05 15:02:52,887 - __main__ - WARNING - Strategy CCI_Mean_Reversion failed: 'IndicatorResult' object has no attribute 'get'
2026-02-05 15:02:52,887 - __main__ - WARNING - Strategy Chaikin_Volume_Oscillator failed: 'IndicatorResult' object has no attribute 'get'
2026-02-05 15:02:52,887 - __main__ - WARNING - Strategy End_of_Day_Reversion failed: 'IndicatorResult' object has no attribute 'get'
2026-02-05 15:02:52,887 - __main__ - WARNING - Strategy HistoricalVolatility_Range failed: 'IndicatorResult' object has no attribute 'get'
2026-02-05 15:02:52,887 - __main__ - WARNING - Strategy Keltner_Bollinger_Squeeze failed: 'IndicatorResult' object has no attribute 'get'
2026-02-05 15:02:52,887 - __main__ - WARNING - Strategy MACD_Zero_Cross failed: 'IndicatorResult' object has no attribute 'get'
2026-02-05 15:02:52,887 - __main__ - WARNING - Strategy Momentum_ADX_Strength failed: 'IndicatorResult' object has no attribute 'get'
2026-02-05 15:02:52,887 - __main__ - WARNING - Strategy Momentum_Exhaustion failed: 'IndicatorResult' object has no attribute 'get'
2026-02-05 15:02:52,887 - __main__ - WARNING - Strategy Momentum_RateOfChange failed: 'IndicatorResult' object has no attribute 'get'
2026-02-05 15:02:52,887 - __main__ - WARNING - Strategy Momentum_Volume_Rally failed: 'IndicatorResult' object has no attribute 'get'
2026-02-05 15:02:52,887 - __main__ - WARNING - Strategy OBV_Trend_Follow failed: 'IndicatorResult' object has no attribute 'get'
2026-02-05 15:02:52,887 - __main__ - WARNING - Strategy Opening_Gap failed: 'IndicatorResult' object has no attribute 'get'
2026-02-05 15:02:52,887 - __main__ - WARNING - Strategy Overbought_Decline failed: 'IndicatorResult' object has no attribute 'get'
2026-02-05 15:02:52,887 - __main__ - WARNING - Strategy Oversold_Bounce failed: 'IndicatorResult' object has no attribute 'get'
2026-02-05 15:02:52,887 - __main__ - WARNING - Strategy RSI_Divergence failed: 'IndicatorResult' object has no attribute 'get'
2026-02-05 15:02:52,887 - __main__ - WARNING - Strategy RSI_SMA_Strategy failed: 'IndicatorResult' object has no attribute 'get'
2026-02-05 15:02:52,887 - __main__ - WARNING - Strategy Stochastic_Momentum failed: 'IndicatorResult' object has no attribute 'get'
2026-02-05 15:02:52,887 - __main__ - WARNING - Strategy Stochastic_RSI_Oscillator failed: 'IndicatorResult' object has no attribute 'get'
2026-02-05 15:02:52,887 - __main__ - WARNING - Strategy Trend_Filter_RSI failed: 'IndicatorResult' object has no attribute 'get'
2026-02-05 15:02:52,887 - __main__ - WARNING - Strategy Trend_Pullback failed: 'IndicatorResult' object has no attribute 'get'
2026-02-05 15:02:52,887 - __main__ - WARNING - Strategy Trend_Volume_Alignment failed: 'IndicatorResult' object has no attribute 'get'
2026-02-05 15:02:52,887 - __main__ - WARNING - Strategy Triple_Indicator_Confirm failed: 'IndicatorResult' object has no attribute 'get'
2026-02-05 15:02:52,887 - __main__ - WARNING - Strategy VWAP_Reversal failed: 'IndicatorResult' object has no attribute 'get'
2026-02-05 15:02:52,887 - __main__ - WARNING - Strategy Volatility_Contraction failed: 'IndicatorResult' object has no attribute 'get'
2026-02-05 15:02:52,887 - __main__ - WARNING - Strategy VolatilityRatio_Trend failed: 'IndicatorResult' object has no attribute 'get'
2026-02-05 15:02:52,887 - __main__ - WARNING - Strategy Volume_Price_Confirmation failed: 'IndicatorResult' object has no attribute 'get'
2026-02-05 15:02:52,887 - __main__ - WARNING - Strategy Volume_Trend_Divergence failed: 'IndicatorResult' object has no attribute 'get'
2026-02-05 15:02:52,887 - __main__ - WARNING - Strategy WilliamsR_Momentum failed: 'IndicatorResult' object has no attribute 'get'
2026-02-05 15:02:52,887 - __main__ - WARNING - Strategy RSI_Reversal failed: 'IndicatorResult' object has no attribute 'get'
2026-02-05 15:02:52,888 - data - INFO - 使用本地數據: WDC (275 rows)
2026-02-05 15:02:52,918 - __main__ - WARNING - Strategy MACDTrend failed: 'IndicatorResult' object has no attribute 'get'
2026-02-05 15:02:52,918 - __main__ - WARNING - Strategy ADXTrend failed: 'IndicatorResult' object has no attribute 'get'
2026-02-05 15:02:52,918 - __main__ - WARNING - Strategy ADX_Ichimoku_Cloud failed: 'IndicatorResult' object has no attribute 'get'
2026-02-05 15:02:52,918 - __main__ - WARNING - Strategy ADX_ParabolicSAR_Stop failed: 'IndicatorResult' object has no attribute 'get'
2026-02-05 15:02:52,918 - __main__ - WARNING - Strategy ADX_Stochastic_Momentum failed: 'IndicatorResult' object has no attribute 'get'
2026-02-05 15:02:52,918 - __main__ - WARNING - Strategy ADX_Trend_Strength failed: 'IndicatorResult' object has no attribute 'get'
2026-02-05 15:02:52,918 - __main__ - WARNING - Strategy ADX_Volatility_Expansion failed: 'IndicatorResult' object has no attribute 'get'
2026-02-05 15:02:52,918 - __main__ - WARNING - Strategy MACD_ADX_TrendRide failed: 'IndicatorResult' object has no attribute 'get'
2026-02-05 15:02:52,918 - __main__ - WARNING - Strategy MACD_BB_Breakout failed: 'IndicatorResult' object has no attribute 'get'
2026-02-05 15:02:52,918 - __main__ - WARNING - Strategy MACD_RSI_Crossover failed: 'IndicatorResult' object has no attribute 'get'
2026-02-05 15:02:52,918 - __main__ - WARNING - Strategy MACD_SMA_Crossover failed: 'IndicatorResult' object has no attribute 'get'
2026-02-05 15:02:52,918 - __main__ - WARNING - Strategy MACD_Volume_Trend failed: 'IndicatorResult' object has no attribute 'get'
2026-02-05 15:02:52,918 - __main__ - WARNING - Strategy RSI_ADX_TrendConfirm failed: 'IndicatorResult' object has no attribute 'get'
2026-02-05 15:02:52,918 - __main__ - WARNING - Strategy RSI_BB_Squeeze failed: 'IndicatorResult' object has no attribute 'get'
2026-02-05 15:02:52,918 - __main__ - WARNING - Strategy RSI_MACD_Divergence failed: 'IndicatorResult' object has no attribute 'get'
2026-02-05 15:02:52,918 - __main__ - WARNING - Strategy RSI_Stochastic_Oversold failed: 'IndicatorResult' object has no attribute 'get'
2026-02-05 15:02:52,918 - __main__ - WARNING - Strategy RSI_Volume_Confirmation failed: 'IndicatorResult' object has no attribute 'get'
2026-02-05 15:02:52,918 - __main__ - WARNING - Strategy AD_Accumulation failed: 'IndicatorResult' object has no attribute 'get'
2026-02-05 15:02:52,918 - __main__ - WARNING - Strategy ADX_DI_Crossover failed: 'IndicatorResult' object has no attribute 'get'
2026-02-05 15:02:52,918 - __main__ - WARNING - Strategy ATR_Trend_Confirmation failed: 'IndicatorResult' object has no attribute 'get'
2026-02-05 15:02:52,918 - __main__ - WARNING - Strategy Bollinger_Mean_Reversion failed: 'IndicatorResult' object has no attribute 'get'
2026-02-05 15:02:52,918 - __main__ - WARNING - Strategy BollingerWidth_Expansion failed: 'IndicatorResult' object has no attribute 'get'
2026-02-05 15:02:52,918 - __main__ - WARNING - Strategy CCI_Mean_Reversion failed: 'IndicatorResult' object has no attribute 'get'
2026-02-05 15:02:52,918 - __main__ - WARNING - Strategy Chaikin_Volume_Oscillator failed: 'IndicatorResult' object has no attribute 'get'
2026-02-05 15:02:52,918 - __main__ - WARNING - Strategy End_of_Day_Reversion failed: 'IndicatorResult' object has no attribute 'get'
2026-02-05 15:02:52,918 - __main__ - WARNING - Strategy HistoricalVolatility_Range failed: 'IndicatorResult' object has no attribute 'get'
2026-02-05 15:02:52,918 - __main__ - WARNING - Strategy Keltner_Bollinger_Squeeze failed: 'IndicatorResult' object has no attribute 'get'
2026-02-05 15:02:52,918 - __main__ - WARNING - Strategy MACD_Zero_Cross failed: 'IndicatorResult' object has no attribute 'get'
2026-02-05 15:02:52,918 - __main__ - WARNING - Strategy Momentum_ADX_Strength failed: 'IndicatorResult' object has no attribute 'get'
2026-02-05 15:02:52,918 - __main__ - WARNING - Strategy Momentum_Exhaustion failed: 'IndicatorResult' object has no attribute 'get'
2026-02-05 15:02:52,918 - __main__ - WARNING - Strategy Momentum_RateOfChange failed: 'IndicatorResult' object has no attribute 'get'
2026-02-05 15:02:52,918 - __main__ - WARNING - Strategy Momentum_Volume_Rally failed: 'IndicatorResult' object has no attribute 'get'
2026-02-05 15:02:52,918 - __main__ - WARNING - Strategy OBV_Trend_Follow failed: 'IndicatorResult' object has no attribute 'get'
2026-02-05 15:02:52,918 - __main__ - WARNING - Strategy Opening_Gap failed: 'IndicatorResult' object has no attribute 'get'
2026-02-05 15:02:52,918 - __main__ - WARNING - Strategy Overbought_Decline failed: 'IndicatorResult' object has no attribute 'get'
2026-02-05 15:02:52,918 - __main__ - WARNING - Strategy Oversold_Bounce failed: 'IndicatorResult' object has no attribute 'get'
2026-02-05 15:02:52,918 - __main__ - WARNING - Strategy RSI_Divergence failed: 'IndicatorResult' object has no attribute 'get'
2026-02-05 15:02:52,918 - __main__ - WARNING - Strategy RSI_SMA_Strategy failed: 'IndicatorResult' object has no attribute 'get'
2026-02-05 15:02:52,918 - __main__ - WARNING - Strategy Stochastic_Momentum failed: 'IndicatorResult' object has no attribute 'get'
2026-02-05 15:02:52,918 - __main__ - WARNING - Strategy Stochastic_RSI_Oscillator failed: 'IndicatorResult' object has no attribute 'get'
2026-02-05 15:02:52,919 - __main__ - WARNING - Strategy Trend_Filter_RSI failed: 'IndicatorResult' object has no attribute 'get'
2026-02-05 15:02:52,919 - __main__ - WARNING - Strategy Trend_Pullback failed: 'IndicatorResult' object has no attribute 'get'
2026-02-05 15:02:52,919 - __main__ - WARNING - Strategy Trend_Volume_Alignment failed: 'IndicatorResult' object has no attribute 'get'
2026-02-05 15:02:52,919 - __main__ - WARNING - Strategy Triple_Indicator_Confirm failed: 'IndicatorResult' object has no attribute 'get'
2026-02-05 15:02:52,919 - __main__ - WARNING - Strategy VWAP_Reversal failed: 'IndicatorResult' object has no attribute 'get'
2026-02-05 15:02:52,919 - __main__ - WARNING - Strategy Volatility_Contraction failed: 'IndicatorResult' object has no attribute 'get'
2026-02-05 15:02:52,919 - __main__ - WARNING - Strategy VolatilityRatio_Trend failed: 'IndicatorResult' object has no attribute 'get'
2026-02-05 15:02:52,919 - __main__ - WARNING - Strategy Volume_Price_Confirmation failed: 'IndicatorResult' object has no attribute 'get'
2026-02-05 15:02:52,919 - __main__ - WARNING - Strategy Volume_Trend_Divergence failed: 'IndicatorResult' object has no attribute 'get'
2026-02-05 15:02:52,919 - __main__ - WARNING - Strategy WilliamsR_Momentum failed: 'IndicatorResult' object has no attribute 'get'
2026-02-05 15:02:52,919 - __main__ - WARNING - Strategy RSI_Reversal failed: 'IndicatorResult' object has no attribute 'get'
2026-02-05 15:02:52,919 - data - INFO - 使用本地數據: MU (275 rows)
2026-02-05 15:02:52,949 - __main__ - WARNING - Strategy MACDTrend failed: 'IndicatorResult' object has no attribute 'get'
2026-02-05 15:02:52,949 - __main__ - WARNING - Strategy ADXTrend failed: 'IndicatorResult' object has no attribute 'get'
2026-02-05 15:02:52,950 - __main__ - WARNING - Strategy ADX_Ichimoku_Cloud failed: 'IndicatorResult' object has no attribute 'get'
2026-02-05 15:02:52,950 - __main__ - WARNING - Strategy ADX_ParabolicSAR_Stop failed: 'IndicatorResult' object has no attribute 'get'
2026-02-05 15:02:52,950 - __main__ - WARNING - Strategy ADX_Stochastic_Momentum failed: 'IndicatorResult' object has no attribute 'get'
2026-02-05 15:02:52,950 - __main__ - WARNING - Strategy ADX_Trend_Strength failed: 'IndicatorResult' object has no attribute 'get'
2026-02-05 15:02:52,950 - __main__ - WARNING - Strategy ADX_Volatility_Expansion failed: 'IndicatorResult' object has no attribute 'get'
2026-02-05 15:02:52,950 - __main__ - WARNING - Strategy MACD_ADX_TrendRide failed: 'IndicatorResult' object has no attribute 'get'
2026-02-05 15:02:52,950 - __main__ - WARNING - Strategy MACD_BB_Breakout failed: 'IndicatorResult' object has no attribute 'get'
2026-02-05 15:02:52,950 - __main__ - WARNING - Strategy MACD_RSI_Crossover failed: 'IndicatorResult' object has no attribute 'get'
2026-02-05 15:02:52,950 - __main__ - WARNING - Strategy MACD_SMA_Crossover failed: 'IndicatorResult' object has no attribute 'get'
2026-02-05 15:02:52,950 - __main__ - WARNING - Strategy MACD_Volume_Trend failed: 'IndicatorResult' object has no attribute 'get'
2026-02-05 15:02:52,950 - __main__ - WARNING - Strategy RSI_ADX_TrendConfirm failed: 'IndicatorResult' object has no attribute 'get'
2026-02-05 15:02:52,950 - __main__ - WARNING - Strategy RSI_BB_Squeeze failed: 'IndicatorResult' object has no attribute 'get'
2026-02-05 15:02:52,950 - __main__ - WARNING - Strategy RSI_MACD_Divergence failed: 'IndicatorResult' object has no attribute 'get'
2026-02-05 15:02:52,950 - __main__ - WARNING - Strategy RSI_Stochastic_Oversold failed: 'IndicatorResult' object has no attribute 'get'
2026-02-05 15:02:52,950 - __main__ - WARNING - Strategy RSI_Volume_Confirmation failed: 'IndicatorResult' object has no attribute 'get'
2026-02-05 15:02:52,950 - __main__ - WARNING - Strategy AD_Accumulation failed: 'IndicatorResult' object has no attribute 'get'
2026-02-05 15:02:52,950 - __main__ - WARNING - Strategy ADX_DI_Crossover failed: 'IndicatorResult' object has no attribute 'get'
2026-02-05 15:02:52,950 - __main__ - WARNING - Strategy ATR_Trend_Confirmation failed: 'IndicatorResult' object has no attribute 'get'
2026-02-05 15:02:52,950 - __main__ - WARNING - Strategy Bollinger_Mean_Reversion failed: 'IndicatorResult' object has no attribute 'get'
2026-02-05 15:02:52,950 - __main__ - WARNING - Strategy BollingerWidth_Expansion failed: 'IndicatorResult' object has no attribute 'get'
2026-02-05 15:02:52,950 - __main__ - WARNING - Strategy CCI_Mean_Reversion failed: 'IndicatorResult' object has no attribute 'get'
2026-02-05 15:02:52,950 - __main__ - WARNING - Strategy Chaikin_Volume_Oscillator failed: 'IndicatorResult' object has no attribute 'get'
2026-02-05 15:02:52,950 - __main__ - WARNING - Strategy Dual_Moving_Average_Crossover failed: SignalResult.__init__() missing 2 required positional arguments: 'price' and 'reason'
2026-02-05 15:02:52,950 - __main__ - WARNING - Strategy End_of_Day_Reversion failed: 'IndicatorResult' object has no attribute 'get'
2026-02-05 15:02:52,950 - __main__ - WARNING - Strategy HistoricalVolatility_Range failed: 'IndicatorResult' object has no attribute 'get'
2026-02-05 15:02:52,950 - __main__ - WARNING - Strategy Keltner_Bollinger_Squeeze failed: 'IndicatorResult' object has no attribute 'get'
2026-02-05 15:02:52,950 - __main__ - WARNING - Strategy MACD_Zero_Cross failed: 'IndicatorResult' object has no attribute 'get'
2026-02-05 15:02:52,950 - __main__ - WARNING - Strategy Momentum_ADX_Strength failed: 'IndicatorResult' object has no attribute 'get'
2026-02-05 15:02:52,950 - __main__ - WARNING - Strategy Momentum_Exhaustion failed: 'IndicatorResult' object has no attribute 'get'
2026-02-05 15:02:52,950 - __main__ - WARNING - Strategy Momentum_RateOfChange failed: 'IndicatorResult' object has no attribute 'get'
2026-02-05 15:02:52,950 - __main__ - WARNING - Strategy Momentum_Volume_Rally failed: 'IndicatorResult' object has no attribute 'get'
2026-02-05 15:02:52,950 - __main__ - WARNING - Strategy OBV_Trend_Follow failed: 'IndicatorResult' object has no attribute 'get'
2026-02-05 15:02:52,950 - __main__ - WARNING - Strategy Opening_Gap failed: 'IndicatorResult' object has no attribute 'get'
2026-02-05 15:02:52,950 - __main__ - WARNING - Strategy Overbought_Decline failed: 'IndicatorResult' object has no attribute 'get'
2026-02-05 15:02:52,950 - __main__ - WARNING - Strategy Oversold_Bounce failed: 'IndicatorResult' object has no attribute 'get'
2026-02-05 15:02:52,950 - __main__ - WARNING - Strategy RSI_Divergence failed: 'IndicatorResult' object has no attribute 'get'
2026-02-05 15:02:52,950 - __main__ - WARNING - Strategy RSI_SMA_Strategy failed: 'IndicatorResult' object has no attribute 'get'
2026-02-05 15:02:52,950 - __main__ - WARNING - Strategy Stochastic_Momentum failed: 'IndicatorResult' object has no attribute 'get'
2026-02-05 15:02:52,950 - __main__ - WARNING - Strategy Stochastic_RSI_Oscillator failed: 'IndicatorResult' object has no attribute 'get'
2026-02-05 15:02:52,950 - __main__ - WARNING - Strategy Three_MA_Trend failed: SignalResult.__init__() missing 2 required positional arguments: 'price' and 'reason'
2026-02-05 15:02:52,950 - __main__ - WARNING - Strategy Trend_Filter_RSI failed: 'IndicatorResult' object has no attribute 'get'
2026-02-05 15:02:52,950 - __main__ - WARNING - Strategy Trend_Pullback failed: 'IndicatorResult' object has no attribute 'get'
2026-02-05 15:02:52,950 - __main__ - WARNING - Strategy Trend_Volume_Alignment failed: 'IndicatorResult' object has no attribute 'get'
2026-02-05 15:02:52,950 - __main__ - WARNING - Strategy Triple_Indicator_Confirm failed: 'IndicatorResult' object has no attribute 'get'
2026-02-05 15:02:52,950 - __main__ - WARNING - Strategy VWAP_Reversal failed: 'IndicatorResult' object has no attribute 'get'
2026-02-05 15:02:52,950 - __main__ - WARNING - Strategy Volatility_Contraction failed: 'IndicatorResult' object has no attribute 'get'
2026-02-05 15:02:52,950 - __main__ - WARNING - Strategy VolatilityRatio_Trend failed: 'IndicatorResult' object has no attribute 'get'
2026-02-05 15:02:52,950 - __main__ - WARNING - Strategy Volume_Price_Confirmation failed: 'IndicatorResult' object has no attribute 'get'
2026-02-05 15:02:52,950 - __main__ - WARNING - Strategy Volume_Trend_Divergence failed: 'IndicatorResult' object has no attribute 'get'
2026-02-05 15:02:52,950 - __main__ - WARNING - Strategy WilliamsR_Momentum failed: 'IndicatorResult' object has no attribute 'get'
2026-02-05 15:02:52,950 - __main__ - WARNING - Strategy RSI_Reversal failed: 'IndicatorResult' object has no attribute 'get'
2026-02-05 15:02:52,951 - data - INFO - 使用本地數據: AVGO (275 rows)
2026-02-05 15:02:52,978 - __main__ - WARNING - Indicator OBV failed: Invalid value '-35109263.042997' for dtype 'int64'
2026-02-05 15:02:52,978 - __main__ - WARNING - Strategy MACDTrend failed: 'IndicatorResult' object has no attribute 'get'
2026-02-05 15:02:52,978 - __main__ - WARNING - Strategy ADXTrend failed: 'IndicatorResult' object has no attribute 'get'
2026-02-05 15:02:52,978 - __main__ - WARNING - Strategy ADX_Ichimoku_Cloud failed: 'IndicatorResult' object has no attribute 'get'
2026-02-05 15:02:52,978 - __main__ - WARNING - Strategy ADX_ParabolicSAR_Stop failed: 'IndicatorResult' object has no attribute 'get'
2026-02-05 15:02:52,978 - __main__ - WARNING - Strategy ADX_Stochastic_Momentum failed: 'IndicatorResult' object has no attribute 'get'
2026-02-05 15:02:52,978 - __main__ - WARNING - Strategy ADX_Trend_Strength failed: 'IndicatorResult' object has no attribute 'get'
2026-02-05 15:02:52,978 - __main__ - WARNING - Strategy ADX_Volatility_Expansion failed: 'IndicatorResult' object has no attribute 'get'
2026-02-05 15:02:52,978 - __main__ - WARNING - Strategy MACD_ADX_TrendRide failed: 'IndicatorResult' object has no attribute 'get'
2026-02-05 15:02:52,978 - __main__ - WARNING - Strategy MACD_BB_Breakout failed: 'IndicatorResult' object has no attribute 'get'
2026-02-05 15:02:52,978 - __main__ - WARNING - Strategy MACD_RSI_Crossover failed: 'IndicatorResult' object has no attribute 'get'
2026-02-05 15:02:52,978 - __main__ - WARNING - Strategy MACD_SMA_Crossover failed: 'IndicatorResult' object has no attribute 'get'
2026-02-05 15:02:52,978 - __main__ - WARNING - Strategy MACD_Volume_Trend failed: 'IndicatorResult' object has no attribute 'get'
2026-02-05 15:02:52,978 - __main__ - WARNING - Strategy RSI_ADX_TrendConfirm failed: 'IndicatorResult' object has no attribute 'get'
2026-02-05 15:02:52,978 - __main__ - WARNING - Strategy RSI_BB_Squeeze failed: 'IndicatorResult' object has no attribute 'get'
2026-02-05 15:02:52,978 - __main__ - WARNING - Strategy RSI_MACD_Divergence failed: 'IndicatorResult' object has no attribute 'get'
2026-02-05 15:02:52,978 - __main__ - WARNING - Strategy RSI_Stochastic_Oversold failed: 'IndicatorResult' object has no attribute 'get'
2026-02-05 15:02:52,978 - __main__ - WARNING - Strategy RSI_Volume_Confirmation failed: 'IndicatorResult' object has no attribute 'get'
2026-02-05 15:02:52,978 - __main__ - WARNING - Strategy AD_Accumulation failed: 'IndicatorResult' object has no attribute 'get'
2026-02-05 15:02:52,978 - __main__ - WARNING - Strategy ADX_DI_Crossover failed: 'IndicatorResult' object has no attribute 'get'
2026-02-05 15:02:52,978 - __main__ - WARNING - Strategy ATR_Trend_Confirmation failed: 'IndicatorResult' object has no attribute 'get'
2026-02-05 15:02:52,978 - __main__ - WARNING - Strategy Bollinger_Mean_Reversion failed: 'IndicatorResult' object has no attribute 'get'
2026-02-05 15:02:52,978 - __main__ - WARNING - Strategy BollingerWidth_Expansion failed: 'IndicatorResult' object has no attribute 'get'
2026-02-05 15:02:52,978 - __main__ - WARNING - Strategy CCI_Mean_Reversion failed: 'IndicatorResult' object has no attribute 'get'
2026-02-05 15:02:52,978 - __main__ - WARNING - Strategy Chaikin_Volume_Oscillator failed: 'IndicatorResult' object has no attribute 'get'
2026-02-05 15:02:52,978 - __main__ - WARNING - Strategy End_of_Day_Reversion failed: 'IndicatorResult' object has no attribute 'get'
2026-02-05 15:02:52,978 - __main__ - WARNING - Strategy HistoricalVolatility_Range failed: 'IndicatorResult' object has no attribute 'get'
2026-02-05 15:02:52,978 - __main__ - WARNING - Strategy Keltner_Bollinger_Squeeze failed: 'IndicatorResult' object has no attribute 'get'
2026-02-05 15:02:52,978 - __main__ - WARNING - Strategy MACD_Zero_Cross failed: 'IndicatorResult' object has no attribute 'get'
2026-02-05 15:02:52,978 - __main__ - WARNING - Strategy Momentum_ADX_Strength failed: 'IndicatorResult' object has no attribute 'get'
2026-02-05 15:02:52,978 - __main__ - WARNING - Strategy Momentum_Exhaustion failed: 'IndicatorResult' object has no attribute 'get'
2026-02-05 15:02:52,978 - __main__ - WARNING - Strategy Momentum_RateOfChange failed: 'IndicatorResult' object has no attribute 'get'
2026-02-05 15:02:52,978 - __main__ - WARNING - Strategy Momentum_Volume_Rally failed: 'IndicatorResult' object has no attribute 'get'
2026-02-05 15:02:52,978 - __main__ - WARNING - Strategy OBV_Trend_Follow failed: 'IndicatorResult' object has no attribute 'get'
2026-02-05 15:02:52,978 - __main__ - WARNING - Strategy Opening_Gap failed: 'IndicatorResult' object has no attribute 'get'
2026-02-05 15:02:52,978 - __main__ - WARNING - Strategy Overbought_Decline failed: 'IndicatorResult' object has no attribute 'get'
2026-02-05 15:02:52,978 - __main__ - WARNING - Strategy Oversold_Bounce failed: 'IndicatorResult' object has no attribute 'get'
2026-02-05 15:02:52,978 - __main__ - WARNING - Strategy RSI_Divergence failed: 'IndicatorResult' object has no attribute 'get'
2026-02-05 15:02:52,978 - __main__ - WARNING - Strategy RSI_SMA_Strategy failed: 'IndicatorResult' object has no attribute 'get'
2026-02-05 15:02:52,978 - __main__ - WARNING - Strategy Stochastic_Momentum failed: 'IndicatorResult' object has no attribute 'get'
2026-02-05 15:02:52,978 - __main__ - WARNING - Strategy Stochastic_RSI_Oscillator failed: 'IndicatorResult' object has no attribute 'get'
2026-02-05 15:02:52,979 - __main__ - WARNING - Strategy Trend_Filter_RSI failed: 'IndicatorResult' object has no attribute 'get'
2026-02-05 15:02:52,979 - __main__ - WARNING - Strategy Trend_Pullback failed: 'IndicatorResult' object has no attribute 'get'
2026-02-05 15:02:52,979 - __main__ - WARNING - Strategy Trend_Volume_Alignment failed: 'IndicatorResult' object has no attribute 'get'
2026-02-05 15:02:52,979 - __main__ - WARNING - Strategy Triple_Indicator_Confirm failed: 'IndicatorResult' object has no attribute 'get'
2026-02-05 15:02:52,979 - __main__ - WARNING - Strategy VWAP_Reversal failed: 'IndicatorResult' object has no attribute 'get'
2026-02-05 15:02:52,979 - __main__ - WARNING - Strategy Volatility_Contraction failed: 'IndicatorResult' object has no attribute 'get'
2026-02-05 15:02:52,979 - __main__ - WARNING - Strategy VolatilityRatio_Trend failed: 'IndicatorResult' object has no attribute 'get'
2026-02-05 15:02:52,979 - __main__ - WARNING - Strategy Volume_Price_Confirmation failed: 'IndicatorResult' object has no attribute 'get'
2026-02-05 15:02:52,979 - __main__ - WARNING - Strategy Volume_Trend_Divergence failed: 'IndicatorResult' object has no attribute 'get'
2026-02-05 15:02:52,979 - __main__ - WARNING - Strategy WilliamsR_Momentum failed: 'IndicatorResult' object has no attribute 'get'
2026-02-05 15:02:52,979 - __main__ - WARNING - Strategy RSI_Reversal failed: 'IndicatorResult' object has no attribute 'get'
2026-02-05 15:02:52,979 - data - INFO - 使用本地數據: COIN (275 rows)
2026-02-05 15:02:53,009 - __main__ - WARNING - Strategy MACDTrend failed: 'IndicatorResult' object has no attribute 'get'
2026-02-05 15:02:53,009 - __main__ - WARNING - Strategy ADXTrend failed: 'IndicatorResult' object has no attribute 'get'
2026-02-05 15:02:53,009 - __main__ - WARNING - Strategy ADX_Ichimoku_Cloud failed: 'IndicatorResult' object has no attribute 'get'
2026-02-05 15:02:53,009 - __main__ - WARNING - Strategy ADX_ParabolicSAR_Stop failed: 'IndicatorResult' object has no attribute 'get'
2026-02-05 15:02:53,009 - __main__ - WARNING - Strategy ADX_Stochastic_Momentum failed: 'IndicatorResult' object has no attribute 'get'
2026-02-05 15:02:53,009 - __main__ - WARNING - Strategy ADX_Trend_Strength failed: 'IndicatorResult' object has no attribute 'get'
2026-02-05 15:02:53,009 - __main__ - WARNING - Strategy ADX_Volatility_Expansion failed: 'IndicatorResult' object has no attribute 'get'
2026-02-05 15:02:53,009 - __main__ - WARNING - Strategy MACD_ADX_TrendRide failed: 'IndicatorResult' object has no attribute 'get'
2026-02-05 15:02:53,009 - __main__ - WARNING - Strategy MACD_BB_Breakout failed: 'IndicatorResult' object has no attribute 'get'
2026-02-05 15:02:53,009 - __main__ - WARNING - Strategy MACD_RSI_Crossover failed: 'IndicatorResult' object has no attribute 'get'
2026-02-05 15:02:53,009 - __main__ - WARNING - Strategy MACD_SMA_Crossover failed: 'IndicatorResult' object has no attribute 'get'
2026-02-05 15:02:53,009 - __main__ - WARNING - Strategy MACD_Volume_Trend failed: 'IndicatorResult' object has no attribute 'get'
2026-02-05 15:02:53,009 - __main__ - WARNING - Strategy RSI_ADX_TrendConfirm failed: 'IndicatorResult' object has no attribute 'get'
2026-02-05 15:02:53,009 - __main__ - WARNING - Strategy RSI_BB_Squeeze failed: 'IndicatorResult' object has no attribute 'get'
2026-02-05 15:02:53,009 - __main__ - WARNING - Strategy RSI_MACD_Divergence failed: 'IndicatorResult' object has no attribute 'get'
2026-02-05 15:02:53,009 - __main__ - WARNING - Strategy RSI_Stochastic_Oversold failed: 'IndicatorResult' object has no attribute 'get'
2026-02-05 15:02:53,009 - __main__ - WARNING - Strategy RSI_Volume_Confirmation failed: 'IndicatorResult' object has no attribute 'get'
2026-02-05 15:02:53,009 - __main__ - WARNING - Strategy AD_Accumulation failed: 'IndicatorResult' object has no attribute 'get'
2026-02-05 15:02:53,009 - __main__ - WARNING - Strategy ADX_DI_Crossover failed: 'IndicatorResult' object has no attribute 'get'
2026-02-05 15:02:53,009 - __main__ - WARNING - Strategy ATR_Trend_Confirmation failed: 'IndicatorResult' object has no attribute 'get'
2026-02-05 15:02:53,009 - __main__ - WARNING - Strategy Bollinger_Mean_Reversion failed: 'IndicatorResult' object has no attribute 'get'
2026-02-05 15:02:53,009 - __main__ - WARNING - Strategy BollingerWidth_Expansion failed: 'IndicatorResult' object has no attribute 'get'
2026-02-05 15:02:53,009 - __main__ - WARNING - Strategy CCI_Mean_Reversion failed: 'IndicatorResult' object has no attribute 'get'
2026-02-05 15:02:53,009 - __main__ - WARNING - Strategy Chaikin_Volume_Oscillator failed: 'IndicatorResult' object has no attribute 'get'
2026-02-05 15:02:53,010 - __main__ - WARNING - Strategy End_of_Day_Reversion failed: 'IndicatorResult' object has no attribute 'get'
2026-02-05 15:02:53,010 - __main__ - WARNING - Strategy HistoricalVolatility_Range failed: 'IndicatorResult' object has no attribute 'get'
2026-02-05 15:02:53,010 - __main__ - WARNING - Strategy Keltner_Bollinger_Squeeze failed: 'IndicatorResult' object has no attribute 'get'
2026-02-05 15:02:53,010 - __main__ - WARNING - Strategy MACD_Zero_Cross failed: 'IndicatorResult' object has no attribute 'get'
2026-02-05 15:02:53,010 - __main__ - WARNING - Strategy Momentum_ADX_Strength failed: 'IndicatorResult' object has no attribute 'get'
2026-02-05 15:02:53,010 - __main__ - WARNING - Strategy Momentum_Exhaustion failed: 'IndicatorResult' object has no attribute 'get'
2026-02-05 15:02:53,010 - __main__ - WARNING - Strategy Momentum_RateOfChange failed: 'IndicatorResult' object has no attribute 'get'
2026-02-05 15:02:53,010 - __main__ - WARNING - Strategy Momentum_Volume_Rally failed: 'IndicatorResult' object has no attribute 'get'
2026-02-05 15:02:53,010 - __main__ - WARNING - Strategy OBV_Trend_Follow failed: 'IndicatorResult' object has no attribute 'get'
2026-02-05 15:02:53,010 - __main__ - WARNING - Strategy Opening_Gap failed: 'IndicatorResult' object has no attribute 'get'
2026-02-05 15:02:53,010 - __main__ - WARNING - Strategy Overbought_Decline failed: 'IndicatorResult' object has no attribute 'get'
2026-02-05 15:02:53,010 - __main__ - WARNING - Strategy Oversold_Bounce failed: 'IndicatorResult' object has no attribute 'get'
2026-02-05 15:02:53,010 - __main__ - WARNING - Strategy RSI_Divergence failed: 'IndicatorResult' object has no attribute 'get'
2026-02-05 15:02:53,010 - __main__ - WARNING - Strategy RSI_SMA_Strategy failed: 'IndicatorResult' object has no attribute 'get'
2026-02-05 15:02:53,010 - __main__ - WARNING - Strategy Stochastic_Momentum failed: 'IndicatorResult' object has no attribute 'get'
2026-02-05 15:02:53,010 - __main__ - WARNING - Strategy Stochastic_RSI_Oscillator failed: 'IndicatorResult' object has no attribute 'get'
2026-02-05 15:02:53,010 - __main__ - WARNING - Strategy Trend_Filter_RSI failed: 'IndicatorResult' object has no attribute 'get'
2026-02-05 15:02:53,010 - __main__ - WARNING - Strategy Trend_Pullback failed: 'IndicatorResult' object has no attribute 'get'
2026-02-05 15:02:53,010 - __main__ - WARNING - Strategy Trend_Volume_Alignment failed: 'IndicatorResult' object has no attribute 'get'
2026-02-05 15:02:53,010 - __main__ - WARNING - Strategy Triple_Indicator_Confirm failed: 'IndicatorResult' object has no attribute 'get'
2026-02-05 15:02:53,010 - __main__ - WARNING - Strategy VWAP_Reversal failed: 'IndicatorResult' object has no attribute 'get'
2026-02-05 15:02:53,010 - __main__ - WARNING - Strategy Volatility_Contraction failed: 'IndicatorResult' object has no attribute 'get'
2026-02-05 15:02:53,010 - __main__ - WARNING - Strategy VolatilityRatio_Trend failed: 'IndicatorResult' object has no attribute 'get'
2026-02-05 15:02:53,010 - __main__ - WARNING - Strategy Volume_Price_Confirmation failed: 'IndicatorResult' object has no attribute 'get'
2026-02-05 15:02:53,010 - __main__ - WARNING - Strategy Volume_Trend_Divergence failed: 'IndicatorResult' object has no attribute 'get'
2026-02-05 15:02:53,010 - __main__ - WARNING - Strategy WilliamsR_Momentum failed: 'IndicatorResult' object has no attribute 'get'
2026-02-05 15:02:53,010 - __main__ - WARNING - Strategy RSI_Reversal failed: 'IndicatorResult' object has no attribute 'get'
2026-02-05 15:02:53,011 - data - INFO - 使用本地數據: RKLB (275 rows)
2026-02-05 15:02:53,040 - __main__ - WARNING - Strategy MACDTrend failed: 'IndicatorResult' object has no attribute 'get'
2026-02-05 15:02:53,040 - __main__ - WARNING - Strategy ADXTrend failed: 'IndicatorResult' object has no attribute 'get'
2026-02-05 15:02:53,040 - __main__ - WARNING - Strategy ADX_Ichimoku_Cloud failed: 'IndicatorResult' object has no attribute 'get'
2026-02-05 15:02:53,040 - __main__ - WARNING - Strategy ADX_ParabolicSAR_Stop failed: 'IndicatorResult' object has no attribute 'get'
2026-02-05 15:02:53,040 - __main__ - WARNING - Strategy ADX_Stochastic_Momentum failed: 'IndicatorResult' object has no attribute 'get'
2026-02-05 15:02:53,040 - __main__ - WARNING - Strategy ADX_Trend_Strength failed: 'IndicatorResult' object has no attribute 'get'
2026-02-05 15:02:53,040 - __main__ - WARNING - Strategy ADX_Volatility_Expansion failed: 'IndicatorResult' object has no attribute 'get'
2026-02-05 15:02:53,040 - __main__ - WARNING - Strategy MACD_ADX_TrendRide failed: 'IndicatorResult' object has no attribute 'get'
2026-02-05 15:02:53,040 - __main__ - WARNING - Strategy MACD_BB_Breakout failed: 'IndicatorResult' object has no attribute 'get'
2026-02-05 15:02:53,040 - __main__ - WARNING - Strategy MACD_RSI_Crossover failed: 'IndicatorResult' object has no attribute 'get'
2026-02-05 15:02:53,040 - __main__ - WARNING - Strategy MACD_SMA_Crossover failed: 'IndicatorResult' object has no attribute 'get'
2026-02-05 15:02:53,040 - __main__ - WARNING - Strategy MACD_Volume_Trend failed: 'IndicatorResult' object has no attribute 'get'
2026-02-05 15:02:53,040 - __main__ - WARNING - Strategy RSI_ADX_TrendConfirm failed: 'IndicatorResult' object has no attribute 'get'
2026-02-05 15:02:53,040 - __main__ - WARNING - Strategy RSI_BB_Squeeze failed: 'IndicatorResult' object has no attribute 'get'
2026-02-05 15:02:53,040 - __main__ - WARNING - Strategy RSI_MACD_Divergence failed: 'IndicatorResult' object has no attribute 'get'
2026-02-05 15:02:53,040 - __main__ - WARNING - Strategy RSI_Stochastic_Oversold failed: 'IndicatorResult' object has no attribute 'get'
2026-02-05 15:02:53,040 - __main__ - WARNING - Strategy RSI_Volume_Confirmation failed: 'IndicatorResult' object has no attribute 'get'
2026-02-05 15:02:53,040 - __main__ - WARNING - Strategy AD_Accumulation failed: 'IndicatorResult' object has no attribute 'get'
2026-02-05 15:02:53,040 - __main__ - WARNING - Strategy ADX_DI_Crossover failed: 'IndicatorResult' object has no attribute 'get'
2026-02-05 15:02:53,040 - __main__ - WARNING - Strategy ATR_Trend_Confirmation failed: 'IndicatorResult' object has no attribute 'get'
2026-02-05 15:02:53,040 - __main__ - WARNING - Strategy Bollinger_Mean_Reversion failed: 'IndicatorResult' object has no attribute 'get'
2026-02-05 15:02:53,040 - __main__ - WARNING - Strategy BollingerWidth_Expansion failed: 'IndicatorResult' object has no attribute 'get'
2026-02-05 15:02:53,040 - __main__ - WARNING - Strategy CCI_Mean_Reversion failed: 'IndicatorResult' object has no attribute 'get'
2026-02-05 15:02:53,040 - __main__ - WARNING - Strategy Chaikin_Volume_Oscillator failed: 'IndicatorResult' object has no attribute 'get'
2026-02-05 15:02:53,040 - __main__ - WARNING - Strategy End_of_Day_Reversion failed: 'IndicatorResult' object has no attribute 'get'
2026-02-05 15:02:53,040 - __main__ - WARNING - Strategy HistoricalVolatility_Range failed: 'IndicatorResult' object has no attribute 'get'
2026-02-05 15:02:53,040 - __main__ - WARNING - Strategy Keltner_Bollinger_Squeeze failed: 'IndicatorResult' object has no attribute 'get'
2026-02-05 15:02:53,040 - __main__ - WARNING - Strategy MACD_Zero_Cross failed: 'IndicatorResult' object has no attribute 'get'
2026-02-05 15:02:53,040 - __main__ - WARNING - Strategy Momentum_ADX_Strength failed: 'IndicatorResult' object has no attribute 'get'
2026-02-05 15:02:53,040 - __main__ - WARNING - Strategy Momentum_Exhaustion failed: 'IndicatorResult' object has no attribute 'get'
2026-02-05 15:02:53,040 - __main__ - WARNING - Strategy Momentum_RateOfChange failed: 'IndicatorResult' object has no attribute 'get'
2026-02-05 15:02:53,040 - __main__ - WARNING - Strategy Momentum_Volume_Rally failed: 'IndicatorResult' object has no attribute 'get'
2026-02-05 15:02:53,040 - __main__ - WARNING - Strategy OBV_Trend_Follow failed: 'IndicatorResult' object has no attribute 'get'
2026-02-05 15:02:53,040 - __main__ - WARNING - Strategy Opening_Gap failed: 'IndicatorResult' object has no attribute 'get'
2026-02-05 15:02:53,040 - __main__ - WARNING - Strategy Overbought_Decline failed: 'IndicatorResult' object has no attribute 'get'
2026-02-05 15:02:53,040 - __main__ - WARNING - Strategy Oversold_Bounce failed: 'IndicatorResult' object has no attribute 'get'
2026-02-05 15:02:53,040 - __main__ - WARNING - Strategy RSI_Divergence failed: 'IndicatorResult' object has no attribute 'get'
2026-02-05 15:02:53,040 - __main__ - WARNING - Strategy RSI_SMA_Strategy failed: 'IndicatorResult' object has no attribute 'get'
2026-02-05 15:02:53,040 - __main__ - WARNING - Strategy Stochastic_Momentum failed: 'IndicatorResult' object has no attribute 'get'
2026-02-05 15:02:53,040 - __main__ - WARNING - Strategy Stochastic_RSI_Oscillator failed: 'IndicatorResult' object has no attribute 'get'
2026-02-05 15:02:53,041 - __main__ - WARNING - Strategy Three_MA_Trend failed: SignalResult.__init__() missing 2 required positional arguments: 'price' and 'reason'
2026-02-05 15:02:53,041 - __main__ - WARNING - Strategy Trend_Filter_RSI failed: 'IndicatorResult' object has no attribute 'get'
2026-02-05 15:02:53,041 - __main__ - WARNING - Strategy Trend_Pullback failed: 'IndicatorResult' object has no attribute 'get'
2026-02-05 15:02:53,041 - __main__ - WARNING - Strategy Trend_Volume_Alignment failed: 'IndicatorResult' object has no attribute 'get'
2026-02-05 15:02:53,041 - __main__ - WARNING - Strategy Triple_Indicator_Confirm failed: 'IndicatorResult' object has no attribute 'get'
2026-02-05 15:02:53,041 - __main__ - WARNING - Strategy VWAP_Reversal failed: 'IndicatorResult' object has no attribute 'get'
2026-02-05 15:02:53,041 - __main__ - WARNING - Strategy Volatility_Contraction failed: 'IndicatorResult' object has no attribute 'get'
2026-02-05 15:02:53,041 - __main__ - WARNING - Strategy VolatilityRatio_Trend failed: 'IndicatorResult' object has no attribute 'get'
2026-02-05 15:02:53,041 - __main__ - WARNING - Strategy Volume_Price_Confirmation failed: 'IndicatorResult' object has no attribute 'get'
2026-02-05 15:02:53,041 - __main__ - WARNING - Strategy Volume_Trend_Divergence failed: 'IndicatorResult' object has no attribute 'get'
2026-02-05 15:02:53,041 - __main__ - WARNING - Strategy WilliamsR_Momentum failed: 'IndicatorResult' object has no attribute 'get'
2026-02-05 15:02:53,041 - __main__ - WARNING - Strategy RSI_Reversal failed: 'IndicatorResult' object has no attribute 'get'
