,Date,Open,High,Low,Close,Volume
0,2018-12-31,22.4955,24.1623,22.4955,24.1623,11769005.176033
1,2019-01-02,23.8449,24.2754,22.7727,23.2965,12355639.718666
2,2019-01-03,23.0193,23.2365,22.1397,22.3127,13961284.292946
3,2019-01-04,22.5751,23.2179,22.179,22.753,18014944.662106
4,2019-01-07,22.7078,23.4253,22.5112,22.9014,9963105.7793447
5,2019-01-08,23.3063,23.6425,22.9358,23.1726,14737365.847876
6,2019-01-09,23.272,23.4301,23.1284,23.2081,6673591.7728149
7,2019-01-10,23.2081,23.4301,22.1996,22.3421,7207907.8454694
8,2019-01-11,22.2243,22.6046,21.952,21.9864,5460935.5354677
9,2019-01-14,21.7889,21.8773,21.1402,21.1609,7414484.351574
10,2019-01-15,21.2837,21.6061,21.0026,21.2641,5722224.6724613
11,2019-01-16,21.1609,21.3653,20.7756,21.0724,4971153.0942339
12,2019-01-17,21.1156,21.6159,21.0469,21.611,7164907.5759238
13,2019-01-18,21.6454,21.6502,21.3142,21.4321,6586550.3384364
14,2019-01-22,21.6945,22.0758,21.4124,21.7839,6413561.2746001
15,2019-01-23,22.3373,22.6881,21.9608,22.0611,6374608.5920083
16,2019-01-24,22.2046,22.3176,21.8576,22.2291,7184444.4580503
17,2019-01-25,22.3628,22.7432,22.3579,22.6979,5295609.2110353
18,2019-01-28,22.693,23.4272,22.5545,23.1884,12036923.279594
19,2019-01-29,23.2866,23.4006,22.9899,23.1628,7197813.2979158
20,2019-01-30,23.4105,23.7319,23.3161,23.7319,8053399.7169463
21,2019-01-31,23.6473,24.4738,23.5884,24.0238,7566769.4688705
22,2019-02-01,24.2154,24.5967,23.9785,24.5476,3673497.530858
23,2019-02-04,24.7255,25.6149,24.7255,25.1314,6452868.0447384
24,2019-02-05,25.3476,25.5117,25.037,25.2493,5571671.328165
25,2019-02-06,25.2896,25.665,25.1363,25.1845,5736591.6729104
26,2019-02-07,25.0174,25.1206,24.6125,24.9377,3605249.1912596
27,2019-02-08,24.7451,25.5068,24.5476,25.4576,3628238.4269642
28,2019-02-11,25.6444,25.7447,25.2395,25.7191,5501613.8861021
29,2019-02-12,25.9167,26.5938,25.8135,26.5004,6834607.9971126
30,2019-02-13,26.6488,27.0056,26.3913,26.6734,3592323.9783201
31,2019-02-14,26.5398,26.9899,26.4601,26.8857,5257033.0008348
32,2019-02-15,27.0892,27.6326,26.6979,27.1924,4643539.6968098
33,2019-02-19,27.2375,27.4292,26.9702,27.212,2543487.1583468
34,2019-02-20,27.326,27.5874,27.0095,27.4597,2795427.5701189
35,2019-02-21,27.4695,27.726,27.3309,27.4597,3930552.8796881
36,2019-02-22,27.6022,27.7761,27.4645,27.7761,3736334.8429501
37,2019-02-25,27.9147,28.1368,27.841,28.0031,4728075.0460533
38,2019-02-26,27.836,28.2361,27.499,28.0474,4735514.9545012
39,2019-02-27,27.954,28.0827,27.7811,27.8105,3419795.83879
40,2019-02-28,27.7859,27.9334,27.2768,27.5972,8357735.9281611
41,2019-03-01,28.5181,29.1648,27.7811,28.0081,7109135.7348742
42,2019-03-04,28.2165,28.2508,26.9456,27.3604,6024197.2475541
43,2019-03-05,27.3162,27.608,26.925,27.2523,5641208.8313306
44,2019-03-06,27.1039,27.1039,26.1299,26.5653,5087451.520887
45,2019-03-07,26.5102,26.9005,26.1152,26.2685,3744097.2966631
46,2019-03-08,25.9962,26.0994,25.5019,25.8832,3871773.3294792
47,2019-03-11,25.9068,26.8119,25.838,26.7717,3605682.6432561
48,2019-03-12,26.8169,27.4154,26.7874,27.0439,5019060.7322756
49,2019-03-13,27.267,27.4695,27.0734,27.1678,4186644.6626948
50,2019-03-14,27.6877,28.6764,27.5344,28.2704,7825398.8792938
51,2019-03-15,28.641,29.7988,28.6262,29.7781,11521410.476648
52,2019-03-18,29.8371,30.238,29.5353,29.9068,5388839.0375337
53,2019-03-19,30.1594,30.2479,29.8223,29.8823,4081821.5215279
54,2019-03-20,29.8518,30.0405,29.2935,29.4813,5260089.5496557
55,2019-03-21,29.4125,30.127,29.3682,30.016,3339046.5808122
56,2019-03-22,29.6149,30.243,29.4223,29.442,3045028.7655998
57,2019-03-25,29.4174,29.4174,28.241,28.3245,3803169.8848414
58,2019-03-26,28.6361,29.1599,28.3678,29.1157,3616992.0773916
59,2019-03-27,29.1747,29.61,28.3943,28.4483,3719957.2764324
60,2019-03-28,28.409,28.6213,28.0139,28.1417,3488827.6479596
61,2019-03-29,28.2901,29.0665,28.2557,29.0164,3841623.9958879
62,2019-04-01,29.555,29.8823,29.4273,29.8774,3612559.8781029
63,2019-04-02,29.7683,30.3127,29.5353,30.2921,4764492.1362145
64,2019-04-03,30.2871,30.4808,29.9855,30.4504,4247995.4175875
65,2019-04-04,30.4159,30.4504,29.2788,29.8321,4368896.9823448
66,2019-04-05,29.8823,30.8464,29.8823,30.752,4459054.9976282
67,2019-04-08,30.7324,30.9791,30.3865,30.8956,2703781.9801431
68,2019-04-09,30.7963,30.8513,30.3127,30.5191,2594396.40059
69,2019-04-10,30.5447,31.4597,30.5241,31.2916,3394261.8532184
70,2019-04-11,31.3801,31.5776,31.0292,31.5727,3939762.2083754
71,2019-04-12,31.6622,31.9285,31.2326,31.3997,2438333.3319713
72,2019-04-15,31.445,31.6258,31.1825,31.5825,2348633.1885153
73,2019-04-16,31.8203,31.8646,30.9898,31.0439,2276868.3932829
74,2019-04-17,31.2022,31.3938,30.9054,31.0243,2090917.4867609
75,2019-04-18,31.0194,31.1432,30.6145,31.0744,2118839.5282855
76,2019-04-22,31.0391,31.2709,30.9123,31.2709,2185957.4332168
77,2019-04-23,31.2563,32.2547,31.1924,32.1369,3115849.3273749
78,2019-04-24,32.127,32.8533,32.0179,32.755,3134804.2035341
79,2019-04-25,32.7304,33.2287,32.4435,33.1255,3270982.4074376
80,2019-04-26,32.6607,32.9526,32.0277,32.3147,3094047.5059426
81,2019-04-29,32.3344,32.5221,32.1467,32.408,2510714.7279312
82,2019-04-30,32.4583,33.3722,32.4583,33.3279,2445772.2229263
83,2019-05-01,33.5707,34.2125,33.3279,33.9059,4228228.5820545
84,2019-05-02,33.8371,34.0897,32.8484,33.6887,3973510.4145297
85,2019-05-03,33.9805,34.2616,33.7427,33.9659,1906914.0617445
86,2019-05-06,33.2445,33.8725,33.1708,33.7142,1364755.1534341
87,2019-05-07,33.3978,33.7575,32.7402,33.3673,2870744.4332386
88,2019-05-08,33.1452,33.274,32.8837,33.1756,2073356.5759427
89,2019-05-09,32.6557,33.269,32.4583,33.1708,2805203.6423793
90,2019-05-10,33.0115,33.3191,32.408,33.2041,1447542.4497901
91,2019-05-13,32.2705,32.5821,31.4941,31.6622,5311543.150627
92,2019-05-14,31.7712,32.9919,31.6917,32.7049,2007646.8812538
93,2019-05-15,32.4631,33.7525,32.3835,33.5707,2103699.2331945
94,2019-05-16,33.6445,34.7226,33.5727,34.5093,2093158.006236
95,2019-05-17,34.1093,34.8818,33.8725,34.3265,3012223.7754098
96,2019-05-20,33.9108,34.0945,33.1658,33.6199,2717204.747135
97,2019-05-21,34.0749,34.6832,33.8272,34.4356,2380425.7732203
98,2019-05-22,34.7363,34.8012,33.9482,34.1142,3170066.4391975
99,2019-05-23,33.4429,33.4429,31.9147,32.4818,6358559.6757133
100,2019-05-24,32.641,33.2189,32.2852,32.6901,3829678.6286588
101,2019-05-28,32.7206,33.556,32.6302,32.8336,3619637.5590607
102,2019-05-29,32.5221,32.7412,31.9884,32.7304,4879312.1456118
103,2019-05-30,32.8887,33.2788,32.3934,32.8336,4216478.5734717
104,2019-05-31,29.9904,30.7324,28.2361,29.442,16012990.653906
105,2019-06-03,29.3682,29.4321,27.4164,27.6178,6525721.5574269
106,2019-06-04,28.1761,28.5565,27.6523,28.5181,5205144.9303741
107,2019-06-05,28.5712,28.7,26.5771,26.9456,7573987.5638554
108,2019-06-06,27.1678,27.2071,25.7682,26.3166,7836684.9110914
109,2019-06-07,26.4012,27.267,26.2086,26.8464,4634252.0211652
110,2019-06-10,27.099,27.4537,26.7137,26.7973,3751560.6074488
111,2019-06-11,26.9309,27.1383,26.4955,26.867,3593879.7250401
112,2019-06-12,26.8021,27.1501,26.1791,26.2184,2590656.096507
113,2019-06-13,26.1987,26.7088,25.9668,26.6135,4180462.3755327
114,2019-06-14,26.1791,26.4552,25.096,25.3731,3725993.0446097
115,2019-06-17,25.4576,25.5462,25.0026,25.0321,3381674.4479381
116,2019-06-18,25.3142,26.0307,25.1707,25.4665,4603947.0111526
117,2019-06-19,25.7141,26.4749,25.4861,26.412,4272997.2543464
118,2019-06-20,27.1924,28.3098,26.3619,26.9005,5063717.4803432
119,2019-06-21,26.7324,26.9997,26.4503,26.6931,5099104.8676394
120,2019-06-24,26.6931,26.8444,26.2331,26.352,3675239.4787879
121,2019-06-25,26.352,26.6341,25.8085,25.8626,4647342.0679626
122,2019-06-26,26.184,26.5751,26.0946,26.3166,1953495.9064729
123,2019-06-27,25.9313,26.1348,25.0026,25.8135,9809362.5946513
124,2019-06-28,26.0355,26.0847,25.0419,25.1156,14243072.860396
125,2019-07-01,25.8135,25.8281,25.3328,25.4911,7159011.2042806
126,2019-07-02,25.324,25.8036,25.0174,25.7977,5099534.2496642
127,2019-07-03,25.6444,26.184,25.328,26.1643,5269624.4760869
128,2019-07-05,25.7732,26.0307,25.6031,25.892,4234783.2716362
129,2019-07-08,25.6101,25.7486,25.2051,25.3584,6068201.7826409
130,2019-07-09,25.1943,25.3781,25.0321,25.2641,5432250.3742309
131,2019-07-10,25.4763,26.2036,25.2847,25.8528,9320828.6172667
132,2019-07-11,25.838,26.4414,25.7908,26.4414,6044261.1910284
133,2019-07-12,26.6233,26.8621,26.3166,26.5889,7398458.8376168
134,2019-07-15,26.6979,27.3309,26.6734,27.3004,8151801.4601079
135,2019-07-16,27.4489,28.1761,27.2572,27.6926,7297670.0559954
136,2019-07-17,27.6877,27.9442,27.3732,27.9344,3643742.9845312
137,2019-07-18,27.8056,28.5692,27.5687,28.3746,4472728.0678857
138,2019-07-19,28.6509,29.2532,27.9845,28.0827,6057270.8558828
139,2019-07-22,28.2115,28.3698,27.8793,27.8941,3352014.5284556
140,2019-07-23,28.0326,28.0326,27.0115,27.4204,4653519.26766
141,2019-07-24,27.2768,27.8498,27.2768,27.7957,2932807.433196
142,2019-07-25,27.8459,28.0129,27.0784,27.2267,3786789.2658449
143,2019-07-26,27.2572,27.4341,27.0892,27.3309,3350918.6885487
144,2019-07-29,27.5972,27.8056,26.9201,27.6719,3929346.1330498
145,2019-07-30,27.554,28.3746,27.4292,28.295,4133656.6823554
146,2019-07-31,28.3196,28.6715,27.9688,28.5477,5524904.2997198
147,2019-08-01,28.6459,29.2444,28.3285,28.5231,5095527.3624284
148,2019-08-02,27.1186,27.439,25.438,25.9117,21292458.356788
149,2019-08-05,25.2198,25.2591,23.8705,24.9279,11474076.704631
150,2019-08-06,25.1707,25.4714,24.4483,25.1009,7426573.1853089
151,2019-08-07,24.6557,25.0076,24.3588,24.9082,3745430.2124271
152,2019-08-08,25.0272,25.7299,25.0272,25.3781,4903867.3029658
153,2019-08-09,25.3584,25.3584,24.6223,24.9329,2585395.6579574
154,2019-08-12,24.7451,24.8395,24.3157,24.4542,2712358.4282158
155,2019-08-13,24.349,25.1707,24.0877,24.4827,7249310.651084
156,2019-08-14,24.0719,24.2203,23.2179,24.0286,8326883.5069416
157,2019-08-15,23.8006,23.9127,22.8611,23.1884,5871913.1477504
158,2019-08-16,23.4301,24.3205,23.3604,23.9442,5032602.5459427
159,2019-08-19,24.3795,24.5377,24.1171,24.2508,4058789.5511195
160,2019-08-20,24.0877,24.3736,23.8252,23.9638,3727033.9398973
161,2019-08-21,24.0621,24.5918,24.0041,24.2154,2811557.8858499
162,2019-08-22,24.4385,24.5024,23.9372,24.2458,3281417.8151293
163,2019-08-23,23.608,23.7024,22.6095,22.6498,7426335.0919586
164,2019-08-26,22.7432,23.2738,22.7176,22.9446,4128816.4683939
165,2019-08-27,23.2129,23.3211,22.3815,22.5446,3953834.1358692
166,2019-08-28,22.5063,22.5545,21.9274,22.3962,4231403.1600573
167,2019-08-29,22.6194,23.2031,22.5692,23.1235,7557091.0759334
168,2019-08-30,25.1314,26.3029,24.5476,25.4763,32387337.823925
169,2019-09-03,25.2296,25.6493,25.0184,25.2493,8446331.0742739
170,2019-09-04,25.4626,25.6484,24.8543,25.3142,5653524.5659933
171,2019-09-05,25.4911,26.4503,25.2689,26.1643,9305861.2959772
172,2019-09-06,26.2036,26.5938,25.838,26.3815,7003429.4098271
173,2019-09-09,26.6979,26.9201,26.2734,26.8414,7348567.0883232
174,2019-09-10,26.639,27.613,26.3264,27.4292,6456817.9523689
175,2019-09-11,27.2523,27.439,27.0439,27.3407,6065001.7673142
176,2019-09-12,27.4645,27.6523,26.7235,26.7717,5802613.737935
177,2019-09-13,26.7235,27.0193,26.4218,26.4552,2855351.7998962
178,2019-09-16,26.2036,26.9702,26.1447,26.7472,3097002.3054684
179,2019-09-17,26.6979,26.7472,26.2587,26.6233,2914031.635796
180,2019-09-18,26.6636,26.6636,25.7141,26.1054,3879486.9435306
181,2019-09-19,26.0847,26.525,25.9864,26.2233,5847689.6930979
182,2019-09-20,26.298,26.3717,25.5638,25.6346,6188448.0819387
183,2019-09-23,25.6149,26.2036,25.2218,26.1731,5026061.0837693
184,2019-09-24,26.2331,26.525,25.5382,25.8085,6786038.9886535
185,2019-09-25,25.8036,26.7088,25.7348,26.5702,6218137.5087168
186,2019-09-26,26.2036,26.2036,25.3731,25.783,6225890.8049932
187,2019-09-27,25.9167,26.1447,24.9132,25.1893,4492452.1687148
188,2019-09-30,25.1893,25.724,25.151,25.6395,2699855.4748504
189,2019-10-01,25.7732,26.1495,25.4105,25.5314,3919449.9966214
190,2019-10-02,25.4626,25.4665,24.7992,25.1058,3222604.6876531
191,2019-10-03,25.1206,25.3977,24.4189,25.2444,2729616.1261349
192,2019-10-04,25.328,25.4626,24.8188,24.8543,3926193.9398918
193,2019-10-07,24.7697,25.2493,24.7157,24.9781,3213815.583554
194,2019-10-08,24.8139,24.9034,24.122,24.1318,3096194.4160663
195,2019-10-09,24.3009,24.5869,24.1024,24.4542,2672272.2584781
196,2019-10-10,24.4287,24.5171,24.1722,24.2262,4631571.9447358
197,2019-10-11,24.6557,25.4007,24.6046,24.869,3090630.7646176
198,2019-10-14,24.8444,25.0911,24.7746,25.0567,1590923.4862843
199,2019-10-15,24.9673,25.5815,24.8936,25.2797,2113060.1683314
200,2019-10-16,25.1757,25.1805,24.8041,24.9879,2038133.0050114
201,2019-10-17,25.1363,25.3378,24.8739,24.9034,2035666.6021014
202,2019-10-18,24.8984,24.9377,24.4758,24.6557,3572084.0085655
203,2019-10-21,24.6704,24.9721,24.5201,24.7157,2449651.9235433
204,2019-10-22,24.7894,25.0321,24.6125,24.7107,2101135.1509614
205,2019-10-23,24.6655,24.924,24.354,24.869,2535198.6607789
206,2019-10-24,25.0459,25.3378,24.6862,25.2198,3094932.7248088
207,2019-10-25,25.2689,25.8675,25.1893,25.551,3274636.2246198
208,2019-10-28,25.6748,25.9313,25.4478,25.5068,3199601.2070472
209,2019-10-29,25.5363,26.3373,25.4911,26.3264,5358429.2257472
210,2019-10-30,26.3068,26.7717,26.07,26.5751,3442665.0103266
211,2019-10-31,26.525,26.5987,25.7634,26.1495,3116810.8582123
212,2019-11-01,26.293,26.3963,26.0994,26.3216,2459307.9316356
213,2019-11-04,26.6233,26.7648,26.4414,26.6184,2097672.6224536
214,2019-11-05,26.6538,27.1186,26.4699,26.9103,4182664.2302758
215,2019-11-06,27.1924,27.1924,26.5496,26.8621,2866828.1028754
216,2019-11-07,27.0784,27.1678,26.7618,26.8513,2984381.0983354
217,2019-11-08,26.8758,26.9899,26.4749,26.8513,2011706.6781229
218,2019-11-11,26.6085,27.1285,26.525,26.9554,1876912.2646309
219,2019-11-12,27.0892,27.5776,27.0193,27.4056,5600838.7810599
220,2019-11-13,27.1924,27.3908,26.9653,27.0842,2351432.3116198
221,2019-11-14,26.8955,27.7811,26.7825,27.2169,3454993.9723976
222,2019-11-15,27.5137,27.613,27.2719,27.5088,2883258.5790265
223,2019-11-18,27.5137,27.6326,27.2267,27.4744,1980406.5600054
224,2019-11-19,27.5186,28.0228,27.3309,27.7909,2891483.9920315
225,2019-11-20,27.5972,27.8252,27.1619,27.326,2903957.4381013
226,2019-11-21,27.3112,27.4891,26.5446,26.5555,3258410.2645517
227,2019-11-22,26.5496,26.6961,26.2036,26.5053,2923536.0374387
228,2019-11-25,26.6979,27.495,26.6979,27.2218,3866059.0890739
229,2019-11-26,27.5236,27.6552,26.2783,26.298,9477344.470248
230,2019-11-27,25.2395,25.7879,24.5967,24.8788,26543992.825723
231,2019-11-29,24.869,24.9457,23.9491,23.9737,6543392.3574836
232,2019-12-02,23.9048,24.0621,23.4006,23.5932,7593906.005838
233,2019-12-03,23.1382,23.4802,22.9554,23.4351,7941469.3875261
234,2019-12-04,23.6817,23.781,23.5038,23.5736,4236955.6190837
235,2019-12-05,23.5383,23.5962,23.0498,23.4056,4177162.6458969
236,2019-12-06,23.4852,24.0778,23.2522,23.2965,6087998.1254695
237,2019-12-09,23.148,23.7171,22.9653,23.5589,7684294.9920209
238,2019-12-10,23.4399,23.722,23.3014,23.4154,6269247.1970711
239,2019-12-11,23.3948,23.608,23.1884,23.5884,4482998.6417196
240,2019-12-12,23.3948,24.5525,23.2768,24.4738,5352808.5946933
241,2019-12-13,24.4385,24.7609,24.241,24.3992,5343787.5022016
242,2019-12-16,24.7157,24.7942,24.3588,24.469,6805774.2819052
243,2019-12-17,24.582,24.8238,24.5024,24.6862,4786916.6633321
244,2019-12-18,24.7205,25.0124,24.5329,24.7205,4657751.0208376
245,2019-12-19,24.7501,24.8837,24.6125,24.6655,3070399.9522995
246,2019-12-20,24.869,24.9928,24.4788,24.5329,5470200.8262672
247,2019-12-23,24.5525,25.3043,24.5329,24.9476,3294036.762691
248,2019-12-24,24.9427,25.3781,24.8444,25.1314,1939520.6408093
249,2019-12-26,25.3426,25.8479,25.2689,25.7141,3111073.2154692
250,2019-12-27,25.8085,25.8085,25.0635,25.2051,3187131.8309491
251,2019-12-30,25.1559,25.4891,24.9673,25.1707,2688371.0319276
252,2019-12-31,25.1156,25.6602,24.9928,25.4075,3345265.4977204
253,2020-01-02,25.7397,26.0159,25.4861,25.8528,4385894.2020689
254,2020-01-03,25.4125,25.6995,24.9289,25.0026,4559855.9891651
255,2020-01-06,24.7648,25.3584,24.7648,25.2542,5109876.0480045
256,2020-01-07,25.2346,25.3682,24.5073,24.6223,6349297.4373926
257,2020-01-08,24.4738,24.7403,24.3009,24.7205,7114470.4504093
258,2020-01-09,24.8188,24.8493,24.236,24.5329,7338900.9053015
259,2020-01-10,24.5329,24.691,24.4287,24.4788,4987934.6054526
260,2020-01-13,24.5672,24.7157,24.067,24.6361,6905760.2615893
261,2020-01-14,24.6361,25.4763,24.6263,25.1461,6720475.8129494
262,2020-01-15,25.0715,25.2847,24.9181,25.0174,4004397.4305096
263,2020-01-16,25.2198,25.5756,25.0616,25.3829,4558205.6156006
264,2020-01-17,25.4626,25.4626,24.7451,24.8886,6665830.3365949
265,2020-01-21,24.7942,24.8041,24.1771,24.3687,5532905.864276
266,2020-01-22,24.4738,24.7796,24.4738,24.691,2773211.6290561
267,2020-01-23,24.7304,24.9505,24.4091,24.9034,2243179.2017196
268,2020-01-24,24.9928,25.2346,24.4876,24.7107,4047382.4376609
269,2020-01-27,24.0582,24.1722,23.7171,23.8056,6297628.1279159
270,2020-01-28,23.9835,24.3255,23.9048,24.067,4331876.5188644
271,2020-01-29,24.2017,24.3255,23.9982,24.2017,2858921.1651636
272,2020-01-30,23.9294,24.4592,23.8104,24.4139,4861992.3806227
273,2020-01-31,24.2901,24.351,23.8056,24.1122,4744292.8661779
274,2020-02-03,24.122,24.4237,24.0336,24.3157,3347228.2416203
275,2020-02-04,24.7205,25.4528,24.4434,25.2296,5993482.1878827
276,2020-02-05,25.4528,25.9019,25.0174,25.1108,7522560.4177009
277,2020-02-06,25.2945,26.1683,25.2444,26.1299,6747128.0232727
278,2020-02-07,25.9569,25.9569,25.2149,25.5215,9552415.1000738
279,2020-02-10,25.2149,25.7928,24.9977,25.7634,5461042.3722274
280,2020-02-11,25.7584,26.2537,25.7093,25.838,8904354.5080699
281,2020-02-12,26.07,26.4601,25.9962,26.352,7047503.1344346
282,2020-02-13,25.6847,26.1201,25.4282,25.9815,6930564.7047161
283,2020-02-14,26.1545,26.4749,26.0208,26.1447,4262836.5697512
284,2020-02-18,25.8577,26.1791,25.6493,26.0896,5269168.6392454
285,2020-02-19,26.1545,26.4955,26.0798,26.3717,5651394.9532496
286,2020-02-20,26.3717,26.4012,25.8528,26.1791,5444338.1904728
287,2020-02-21,26.0552,26.1102,25.3191,25.5707,4514139.0134439
288,2020-02-24,24.6075,24.6557,23.4449,23.8852,7448458.4411631
289,2020-02-25,24.2508,24.3225,22.8248,22.8512,6970938.8249585
290,2020-02-26,23.0989,23.4056,22.3962,22.7078,7026975.2141751
291,2020-02-27,22.0011,22.5162,21.21,21.5362,11327880.265145
292,2020-02-28,20.3697,21.3142,19.381,20.003,17433263.275152
293,2020-03-02,20.1328,21.0075,19.4792,20.9584,8107682.9658107
294,2020-03-03,21.097,21.611,20.4739,20.6566,9448268.5917185
295,2020-03-04,21.0075,21.4478,20.3648,21.4478,6159697.8011531
296,2020-03-05,20.7805,21.0419,20.0188,20.1967,7318859.346672
297,2020-03-06,19.2827,20.2114,19.094,19.5884,8612124.4279702
298,2020-03-09,18.0355,18.1937,17.5313,17.9225,11236404.596492
299,2020-03-10,18.6389,19.4694,17.5519,19.3514,10194702.437081
300,2020-03-11,18.6094,19.0596,18.0807,18.2636,9653534.5669039
301,2020-03-12,16.8001,17.265,15.9746,16.1868,13664762.427584
302,2020-03-13,17.3938,17.7741,16.3844,17.7741,9885429.3500748
303,2020-03-16,14.4267,16.9632,14.4267,15.9245,10354310.451137
304,2020-03-17,16.2212,16.5426,14.9505,15.4851,10227140.112317
305,2020-03-18,14.3382,14.9062,12.6124,14.2733,9295938.7047321
306,2020-03-19,14.3382,16.1721,13.9323,15.8006,8607551.8146544
307,2020-03-20,16.236,18.2389,15.8311,16.064,13858722.021113
308,2020-03-23,16.3156,17.6649,15.5893,16.7795,7525669.876155
309,2020-03-24,18.0267,19.2129,17.0714,19.208,7263233.0071142
310,2020-03-25,19.4646,20.9633,18.8709,19.4498,7575126.1384661
311,2020-03-26,19.7465,21.21,19.5293,21.0321,6485982.352785
312,2020-03-27,19.89,20.2665,18.921,19.1579,6468885.4187519
313,2020-03-30,19.6325,20.3549,19.1726,19.6778,7103304.4827798
314,2020-03-31,19.5097,20.2714,19.2276,19.554,3584310.2038485
315,2020-04-01,18.6635,19.2149,18.0502,18.2439,4988494.226575
316,2020-04-02,18.0856,18.812,17.8831,18.3618,3992219.0573951
317,2020-04-03,18.2782,18.6291,17.5667,18.0168,4188266.5464566
318,2020-04-06,19.0193,19.3514,18.7431,19.2374,6620587.5125884
319,2020-04-07,19.7367,20.1613,18.8621,18.9711,7386606.0622462
320,2020-04-08,19.1825,20.118,19.0841,19.9647,6889128.3218342
321,2020-04-09,20.6017,21.1353,20.3412,20.5486,8558341.7856371
322,2020-04-13,20.1034,20.4286,19.7367,20.003,3520437.0839337
323,2020-04-14,20.3648,20.9387,20.1721,20.4384,5130552.5222345
324,2020-04-15,19.7908,20.2026,19.5786,19.9982,4223015.9656733
325,2020-04-16,20.1417,20.3648,19.7122,20.3206,3118582.3134376
326,2020-04-17,20.8385,20.8984,20.2714,20.523,6558556.0549124
327,2020-04-20,19.9451,20.6468,19.8507,20.2517,4172250.189936
328,2020-04-21,19.7417,19.8507,18.3922,18.4906,7188865.4649166
329,2020-04-22,18.9358,19.381,18.7323,19.1579,7809583.9863773
330,2020-04-23,19.3859,19.668,19.1342,19.2374,2917856.3917937
331,2020-04-24,19.4448,19.7643,19.034,19.6227,3581820.3986008
332,2020-04-27,19.8547,20.0797,19.781,19.8704,3090577.8549843
333,2020-04-28,20.2665,20.4483,19.8753,20.1918,5184105.211161
334,2020-04-29,20.5378,21.5903,20.468,21.4527,6745637.3961015
335,2020-04-30,21.2591,21.4705,20.9319,21.1068,3519291.3868724
336,2020-05-01,20.5623,20.7598,19.668,19.776,3796042.346729
337,2020-05-04,19.6129,20.0581,19.1775,20.0483,2578163.3180712
338,2020-05-05,20.2714,20.5967,19.8507,19.8704,2203781.8747089
339,2020-05-06,20.0729,20.3352,19.8802,20.0188,2322219.0715421
340,2020-05-07,20.2999,20.6812,20.2016,20.6419,2266248.8193673
341,2020-05-08,20.9633,21.6552,20.8935,21.5805,4248474.6567668
342,2020-05-11,21.3889,21.6404,21.0271,21.4419,3221310.4366212
343,2020-05-12,21.5274,21.6502,20.8886,20.8886,4389541.9142934
344,2020-05-13,20.9387,21.1117,19.9501,20.2851,4399458.4005807
345,2020-05-14,19.8547,20.7157,19.4311,20.696,3344908.3576951
346,2020-05-15,20.35,20.8935,20.0581,20.8099,3146761.7806785
347,2020-05-18,21.1952,21.9402,21.037,21.6454,3757619.777964
348,2020-05-19,21.551,22.2193,21.551,21.7741,4360483.333144
349,2020-05-20,21.9608,22.2291,21.6356,22.0808,4248699.5227086
350,2020-05-21,22.0955,22.2675,21.5274,21.9471,3564381.5869366
351,2020-05-22,21.4577,21.6552,20.7107,21.2935,5555050.5808323
352,2020-05-26,22.1397,22.298,21.9471,21.9815,3928266.5730302
353,2020-05-27,22.2479,22.5299,21.5962,22.5299,5802015.4520806
354,2020-05-28,22.3815,22.8366,22.3677,22.5348,8803736.6652641
355,2020-05-29,24.2262,24.7205,23.7319,24.5427,24039246.711435
356,2020-06-01,24.3442,24.6223,23.8705,24.4091,7717702.3380371
357,2020-06-02,24.4237,24.5427,24.0385,24.3009,5975013.6733534
358,2020-06-03,24.4738,24.5024,24.0827,24.1318,5329393.0294428
359,2020-06-04,23.9491,24.3442,23.8056,24.3255,5378113.6443514
360,2020-06-05,24.4434,25.3879,24.4434,24.9781,8408920.9109937
361,2020-06-08,25.2149,25.7269,25.1156,25.5412,7295100.8862975
362,2020-06-09,25.3633,25.3633,24.6655,24.7353,4850550.6724037
363,2020-06-10,24.7559,24.8345,24.2055,24.4189,2956005.2549552
364,2020-06-11,23.727,23.8557,22.9653,23.035,6300255.2947119
365,2020-06-12,23.9146,24.067,22.7873,23.1884,3880511.5589309
366,2020-06-15,22.6439,23.4399,22.5545,23.267,4445420.5921028
367,2020-06-16,23.9883,24.0778,23.3014,23.5736,3240063.8491764
368,2020-06-17,23.6178,24.0385,23.4694,23.495,4207470.7083884
369,2020-06-18,23.3564,23.5038,23.1039,23.4449,4600292.1764774
370,2020-06-19,23.8999,24.4808,23.7613,24.1869,6212514.8426769
371,2020-06-22,24.0336,24.352,23.6523,23.8753,3685305.5365388
372,2020-06-23,24.1416,24.4827,23.8999,24.2311,10473940.149707
373,2020-06-24,27.1186,27.1432,25.5658,26.2537,32267914.676424
374,2020-06-25,25.9215,25.9766,25.1058,25.5117,7586798.8175846
375,2020-06-26,25.3191,26.1643,25.1156,25.8331,10303327.949401
376,2020-06-29,26.0405,26.6586,25.6199,26.5801,7978459.326218
377,2020-06-30,26.6085,27.3064,26.412,27.1628,6197800.8771319
378,2020-07-01,27.2218,27.4744,26.7324,26.8366,5634909.5324793
379,2020-07-02,27.2719,27.5589,26.5604,26.5751,3763930.2692378
380,2020-07-06,26.9456,27.0291,26.5801,26.7275,3453206.237285
381,2020-07-07,26.5053,26.6734,26.1447,26.1791,3670172.3638985
382,2020-07-08,26.298,26.7717,26.1545,26.7717,4188031.5055852
383,2020-07-09,26.8955,26.8955,26.2036,26.5446,2816255.6507984
384,2020-07-10,26.4503,26.5427,26.1643,26.4169,2342620.8226757
385,2020-07-13,26.4503,26.5446,25.5864,25.5963,4254577.5794788
386,2020-07-14,25.3879,25.9864,25.2542,25.9569,2696584.2350172
387,2020-07-15,26.0503,26.3963,25.7879,26.0453,3942950.0137868
388,2020-07-16,28.9821,30.471,28.9476,29.2199,51273645.133246
389,2020-07-17,29.0518,29.9805,28.6459,29.8469,11492540.131696
390,2020-07-20,29.8135,30.5791,29.7535,30.3805,6278366.9863789
391,2020-07-21,30.5053,30.9004,30.184,30.1889,5592253.1755507
392,2020-07-22,30.3275,30.9054,30.2528,30.5348,5838634.0058459
393,2020-07-23,30.5348,31.0931,30.1192,30.4159,4334795.706137
394,2020-07-24,29.9855,30.2626,29.7781,30.0601,2602183.2741337
395,2020-07-27,30.0857,30.3275,29.8872,30.1388,2870444.2728184
396,2020-07-28,29.9805,30.124,29.2837,29.3536,3363633.2804477
397,2020-07-29,29.383,29.7683,29.2641,29.5117,3621846.5362545
398,2020-07-30,29.2149,29.4174,28.7294,29.2494,3763505.9746778
399,2020-07-31,29.4872,29.6247,28.923,29.5806,3507419.2791358
400,2020-08-03,29.6199,30.0798,29.3536,29.902,3410848.0057907
401,2020-08-04,29.8872,29.9904,29.5708,29.8223,3419632.0224252
402,2020-08-05,30.0356,30.243,29.8469,29.9658,2333748.2841547
403,2020-08-06,29.7938,30.2773,29.6199,30.1338,3819931.0462011
404,2020-08-07,30.0454,30.1142,29.6906,30.0601,2125042.1653065
405,2020-08-10,30.243,30.6823,30.1388,30.5692,3169894.482889
406,2020-08-11,30.7726,31.2415,30.3442,30.4258,4210878.2922769
407,2020-08-12,30.7029,30.7963,30.3069,30.5692,2004128.3906338
408,2020-08-13,30.2626,30.466,29.4174,29.4469,5485803.0631573
409,2020-08-14,29.555,29.8371,29.4567,29.6199,2193581.5078885
410,2020-08-17,29.7633,30.0052,29.4842,29.5117,1918577.5834265
411,2020-08-18,29.4764,29.8419,29.4764,29.6739,1672342.2546231
412,2020-08-19,29.8223,30.0002,29.5265,29.5904,3662973.6012797
413,2020-08-20,29.5452,29.6454,29.326,29.497,1954525.609338
414,2020-08-21,29.3437,30.0002,29.3231,29.8921,4481121.3672275
415,2020-08-24,30.6037,30.752,30.238,30.4356,2587609.7226158
416,2020-08-25,30.4356,30.6037,29.8872,29.9805,2748532.3375621
417,2020-08-26,30.5644,30.7874,30.0798,30.7177,4202588.777216
418,2020-08-27,30.9496,31.2366,30.3913,30.866,7568631.4809685
419,2020-08-28,32.3982,33.4321,32.0385,32.7354,18432222.590733
420,2020-08-31,32.4189,33.3083,32.3491,32.6705,6066330.6131065
421,2020-09-01,32.8386,33.046,32.4877,32.814,4664228.3809551
422,2020-09-02,33.0911,33.9186,32.7993,33.8528,4692917.6121638
423,2020-09-03,33.1845,33.4548,31.84,32.4032,4106071.4309972
424,2020-09-04,32.3049,32.7304,31.213,31.9638,4680867.4431609
425,2020-09-08,31.1727,32.4238,31.0046,31.7162,5979315.6335446
426,2020-09-09,32.1918,33.3133,32.0385,33.046,6588267.8665354
427,2020-09-10,33.1658,33.2848,32.1565,32.3541,4063511.7358988
428,2020-09-11,32.4926,33.0017,32.2754,32.8238,3472845.8861993
429,2020-09-14,33.1255,33.5128,32.87,33.0508,4303279.8795142
430,2020-09-15,33.3722,33.6838,32.9919,33.1756,2947696.4075283
431,2020-09-16,33.4567,33.8961,33.2887,33.3083,4479369.2443681
432,2020-09-17,32.7943,33.4469,32.3786,32.9073,4583633.7819056
433,2020-09-18,32.9428,33.2041,32.5398,32.814,22428460.745279
434,2020-09-21,32.0229,32.3934,31.5039,32.3835,4382852.9156423
435,2020-09-22,32.6901,32.7963,32.1221,32.7835,2202824.4138432
436,2020-09-23,33.2337,33.2936,32.3098,32.4385,4298817.155437
437,2020-09-24,32.2007,32.6164,31.8155,32.3196,3287032.3412256
438,2020-09-25,32.1369,32.5614,31.958,32.4926,2474430.9293464
439,2020-09-28,33.0322,33.442,32.8641,33.2788,3879057.5615058
440,2020-09-29,33.3673,33.8627,33.0705,33.8174,2781686.3278338
441,2020-09-30,33.8126,34.0533,33.2091,33.4666,3368865.2291948
442,2020-10-01,33.7094,33.8725,33.1845,33.3928,2238543.503841
443,2020-10-02,32.5771,33.4371,32.4926,33.2041,2025448.9379009
444,2020-10-05,33.5658,33.7732,33.274,33.724,5106245.6331601
445,2020-10-06,33.6641,34.0543,33.2239,33.3624,3888589.4354583
446,2020-10-07,33.7732,33.7978,33.16,33.3279,4326234.5204586
447,2020-10-08,33.3722,34.2253,33.3427,33.9462,5018307.7874929
448,2020-10-09,34.1594,34.3314,33.7879,33.8126,2355334.3970818
449,2020-10-12,33.9412,34.3668,33.8675,34.2381,1601429.1009896
450,2020-10-13,34.6086,35.1236,34.3865,34.8611,3247087.6030078
451,2020-10-14,34.9801,35.325,34.7471,34.93,2130011.6008727
452,2020-10-15,34.3766,34.8062,34.0396,34.6283,2622587.0602533
453,2020-10-16,35.0136,35.2071,34.6686,34.6832,3068062.7709942
454,2020-10-19,34.8062,35.0587,34.2282,34.361,2140412.4138041
455,2020-10-20,34.6734,34.8012,34.2981,34.3167,1517510.3524735
456,2020-10-21,34.47,34.8848,34.2901,34.5251,3862438.849159
457,2020-10-22,34.817,34.817,33.5088,34.0061,2051516.0897782
458,2020-10-23,33.9855,34.0425,33.5413,33.7094,2668432.240086
459,2020-10-26,33.2985,33.3654,31.613,32.0081,4009360.761118
460,2020-10-27,32.0385,32.1319,31.3899,31.4292,1914688.7253729
461,2020-10-28,30.6724,30.871,29.9953,30.011,3544383.7805039
462,2020-10-29,29.9068,30.1741,29.5756,29.9216,3639576.3509023
463,2020-10-30,29.8823,30.0946,29.1117,29.7938,3650751.4759684
464,2020-11-02,30.2528,30.3865,29.6936,29.8086,2262292.8067791
465,2020-11-03,30.1938,31.0832,30.1643,30.529,1716684.5973692
466,2020-11-04,30.8858,31.1727,30.3275,30.7678,3450744.9218398
467,2020-11-05,31.2464,31.9383,31.1481,31.8951,3078847.1787676
468,2020-11-06,31.9983,32.0768,31.3457,31.9334,1539573.6695939
469,2020-11-09,32.5968,32.6557,31.7358,31.7614,3048277.6205881
470,2020-11-10,31.7113,32.2302,31.2808,31.9432,3530927.4362448
471,2020-11-11,32.2705,32.2705,31.6769,32.0768,2020401.1553777
472,2020-11-12,32.0622,32.3491,31.613,31.8498,2471498.5146655
473,2020-11-13,32.1172,32.7256,32.0229,32.6853,3050370.6035855
474,2020-11-16,32.8935,33.3772,32.4385,33.2985,2904015.4351995
475,2020-11-17,33.046,33.7192,32.9073,33.5511,2016011.6907929
476,2020-11-18,33.843,34.0012,33.3447,33.4223,2591020.358983
477,2020-11-19,33.3526,33.9757,32.9821,33.8675,4678917.9266693
478,2020-11-20,33.9609,34.2076,33.7683,33.7879,2915239.3999272
479,2020-11-23,33.9167,34.5299,33.8863,34.3029,3005016.8728474
480,2020-11-24,34.6086,34.8563,34.3117,34.7717,5932509.9403673
481,2020-11-25,34.5251,34.5988,33.2494,34.2872,8988859.332525
482,2020-11-27,34.2931,34.7177,34.129,34.5201,2849185.7926212
483,2020-11-30,34.7265,34.817,33.6248,34.129,4859054.878477
484,2020-12-01,34.5349,34.9899,34.1448,34.8651,6984951.7378613
485,2020-12-02,34.9054,35.1521,34.4454,34.8651,4812037.5467662
486,2020-12-03,35.0136,35.3556,34.6528,35.0587,4537939.1910293
487,2020-12-04,35.1236,35.7359,34.93,35.6474,5188827.3959404
488,2020-12-07,35.7103,35.9138,34.588,34.7964,6377906.2866581
489,2020-12-08,34.7668,35.558,34.6784,35.5334,3716795.9258378
490,2020-12-09,35.667,36.0769,35.1078,35.3654,4778882.5390016
491,2020-12-10,35.0783,35.7153,34.7619,35.6769,5026048.8738539
492,2020-12-11,35.4538,35.8656,35.1767,35.4204,2959668.229574
493,2020-12-14,35.5973,36.0769,35.558,35.8106,4366434.6494066
494,2020-12-15,36.2509,36.527,35.785,36.4573,4063113.8961556
495,2020-12-16,36.5614,36.7295,36.411,36.5221,3282742.5909498
496,2020-12-17,36.6705,36.9909,36.6518,36.9379,3724232.7818069
497,2020-12-18,37.0814,37.273,35.785,36.0523,10212426.146771
498,2020-12-21,35.7555,36.2607,35.1186,36.1221,3532784.3608778
499,2020-12-22,36.4376,36.5221,35.8696,35.959,2630091.070757
500,2020-12-23,36.0425,36.5123,35.79,36.2892,3334344.7458918
501,2020-12-24,36.4671,36.532,35.9659,36.0868,3377172.0416358
502,2020-12-28,36.3639,36.4622,35.8125,36.017,6451185.1113996
503,2020-12-29,36.0621,36.4474,35.2769,35.3506,8407472.0010334
504,2020-12-30,35.439,36.1172,35.3604,35.8449,8902317.4871847
505,2020-12-31,35.9491,36.2745,35.5845,36.2351,2517915.5255359
506,2021-01-04,36.532,36.532,35.444,35.8401,7101889.1500867
507,2021-01-05,35.5482,36.5762,35.3506,36.3196,4153515.0922539
508,2021-01-06,36.2509,37.1944,36.0445,36.6214,5285464.8063271
509,2021-01-07,37.0814,37.7486,36.8484,37.7428,4656779.3150707
510,2021-01-08,37.8715,38.2725,37.4519,38.1782,5437535.2326114
511,2021-01-11,37.7084,37.9905,37.3919,37.3919,3011414.8685149
512,2021-01-12,37.5059,37.9512,37.3703,37.9462,2808781.1475903
513,2021-01-13,36.9575,37.0715,34.698,35.217,15478714.263477
514,2021-01-14,35.2514,36.5123,35.2316,36.2154,8872772.5444054
515,2021-01-15,36.1653,37.0313,36.0278,36.7147,6693728.9757817
516,2021-01-19,36.868,37.0961,36.7344,37.0115,5021470.1555804
517,2021-01-20,37.5452,38.1585,37.0411,38.0936,7133674.6123412
518,2021-01-21,38.3462,38.4258,37.5266,38.0199,4892022.6675389
519,2021-01-22,37.4813,37.6641,37.0961,37.5452,2305979.8840655
520,2021-01-25,37.7428,37.7605,36.3442,37.4164,2754020.6945326
521,2021-01-26,37.5747,37.8165,37.0558,37.5944,2583799.2115194
522,2021-01-27,36.8877,37.4469,36.1958,36.5172,5779962.3098897
523,2021-01-28,36.5074,37.1747,36.0327,36.5476,5359555.5904425
524,2021-01-29,36.3088,36.873,35.7801,36.0376,3814336.8699639
525,2021-02-01,36.413,36.9428,35.9443,36.5614,3312642.6387685
526,2021-02-02,38.0602,38.4307,37.7831,38.1536,8261039.5031832
527,2021-02-03,37.9462,38.7276,37.9462,38.4405,2790296.3531737
528,2021-02-04,38.6489,39.2258,38.588,39.2121,3017795.5668022
529,2021-02-05,39.3055,39.5924,39.1522,39.3594,3624961.0821733
530,2021-02-08,39.5531,39.904,39.3055,39.5227,10124473.03871
531,2021-02-09,39.2071,39.5177,38.9595,39.3506,8665162.2654641
532,2021-02-10,39.4686,39.5531,38.7717,39.3457,9845412.3698576
533,2021-02-11,39.4744,39.6121,38.4906,39.3055,3154438.7649837
534,2021-02-12,39.3261,39.5826,38.9841,39.5776,3585337.8717277
535,2021-02-16,39.9334,40.0032,38.7954,39.276,6326160.6652103
536,2021-02-17,38.9791,39.5373,38.8631,39.1875,3684181.2068294
537,2021-02-18,38.9202,39.8145,38.6489,39.3998,3103286.3419255
538,2021-02-19,39.8794,40.2047,39.5728,39.9334,3352294.3390167
539,2021-02-22,39.8843,40.532,39.3261,39.9334,5890528.1812644
540,2021-02-23,39.5531,39.9855,38.0858,39.8293,5171496.4385288
541,2021-02-24,39.9433,40.5015,39.7555,40.3885,4069544.4515974
542,2021-02-25,40.0475,40.3432,39.044,39.3939,5734714.3984183
543,2021-02-26,39.8892,41.1305,39.5531,40.0819,7118510.9149124
544,2021-03-01,40.0867,41.2533,40.0867,41.0804,4738527.7511252
545,2021-03-02,41.0361,41.3182,40.6115,40.8926,3011066.8859261
546,2021-03-03,41.0755,41.6141,40.8081,41.332,5996103.249721
547,2021-03-04,41.2435,41.729,40.2647,40.9369,5559072.7304623
548,2021-03-05,41.4657,42.3659,41.219,42.1978,7104936.541471
549,2021-03-08,42.4799,42.8612,41.9954,42.079,7058200.0378143
550,2021-03-09,42.5645,43.4381,42.5192,42.761,4427627.6928921
551,2021-03-10,42.9792,43.5629,42.8897,43.3497,4519754.557033
552,2021-03-11,43.5079,44.2352,43.5079,43.8146,7634534.4993178
553,2021-03-12,43.7655,43.9236,43.3399,43.9138,2929982.8727678
554,2021-03-15,43.8735,44.1605,43.617,44.1506,5788553.0028636
555,2021-03-16,44.25,44.3934,43.6367,44.0416,6028257.0444232
556,2021-03-17,43.8932,45.2436,43.5718,45.1296,6317449.9080683
557,2021-03-18,44.7237,44.7237,43.5335,43.5629,6357758.9087619
558,2021-03-19,43.3694,43.8833,43.2848,43.3251,7987766.3342286
559,2021-03-22,43.2259,43.6465,42.9792,43.1866,6369089.7102494
560,2021-03-23,43.0528,43.4804,41.9285,42.3954,5382837.8641166
561,2021-03-24,42.6823,43.2111,42.4406,42.6922,5583196.4708057
562,2021-03-25,42.1045,42.9644,41.9758,42.5143,3502968.764974
563,2021-03-26,42.8504,44.0023,42.6224,43.9973,5299124.6491764
564,2021-03-29,43.8401,44.3139,43.3949,43.6121,4197573.5544671
565,2021-03-30,43.3497,44.0268,43.3153,43.7998,4716780.8743121
566,2021-03-31,43.8293,44.0023,43.4784,43.5816,3320938.2587871
567,2021-04-01,43.6465,44.1654,43.5531,44.0416,3901682.5347345
568,2021-04-05,44.1212,44.4072,43.9777,44.1802,5146012.3101117
569,2021-04-06,44.2155,44.4818,44.0023,44.2401,5067878.0090144
570,2021-04-07,44.3089,45.6878,44.3089,45.2436,5755394.9426202
571,2021-04-08,45.6347,45.9207,44.7866,45.7723,7138353.0449237
572,2021-04-09,45.6347,46.4799,45.5542,46.415,4135893.1318587
573,2021-04-12,45.8559,46.4947,45.7566,46.2028,4128545.8152692
574,2021-04-13,46.3168,46.3168,45.673,45.7477,3376543.2309929
575,2021-04-14,45.8165,46.2313,45.7576,45.8313,5761936.4047935
576,2021-04-15,48.4809,50.0485,47.1315,48.9065,27215298.044162
577,2021-04-16,49.3075,50.5133,49.0549,50.1438,11618532.213679
578,2021-04-19,50.133,51.3192,49.8667,51.1325,7655632.2156291
579,2021-04-20,51.1463,51.1807,50.0102,50.1723,5610227.1885064
580,2021-04-21,50.0691,50.5871,49.9502,50.138,4870169.9714591
581,2021-04-22,50.1282,50.4348,49.4952,49.6829,3226106.8983858
582,2021-04-23,49.9256,50.3256,49.6829,50.138,5853533.1551077
583,2021-04-26,50.1586,50.2971,49.5197,49.6289,5131190.490314
584,2021-04-27,49.5797,50.0986,49.5453,49.792,3910568.3006638
585,2021-04-28,49.91,49.91,49.1296,49.1542,1837749.9784915
586,2021-04-29,49.5149,49.8068,49.1748,49.4411,2969016.9547955
587,2021-04-30,49.2534,49.3025,48.5261,48.6146,2510411.5150323
588,2021-05-03,49.045,49.1983,48.2794,48.3433,5297598.4097519
589,2021-05-04,47.957,48.0612,47.394,47.7202,4164058.3541983
590,2021-05-05,48.0908,48.8082,48.0908,48.6499,3111665.3963659
591,2021-05-06,48.7345,49.3566,48.3286,49.3271,3690479.4881878
592,2021-05-07,49.4411,50.2815,49.3271,49.9649,4252031.8121187
593,2021-05-10,49.9601,50.0583,49.2387,49.2829,3258244.4132009
594,2021-05-11,47.8293,48.5114,47.449,48.363,7249727.8231934
595,2021-05-12,47.963,48.1998,46.4603,46.5183,5049618.0805399
596,2021-05-13,46.9536,47.9325,46.7816,47.6613,3037490.1603357
597,2021-05-14,48.2647,48.7148,48.0672,48.6647,1928411.6527849
598,2021-05-17,48.4525,48.8731,48.2844,48.6451,2370142.9894711
599,2021-05-18,48.8258,48.9615,48.3581,48.5261,1916204.7898679
600,2021-05-19,47.6711,48.2391,47.1669,47.8588,3097822.4047858
601,2021-05-20,48.0073,48.991,47.9826,48.7541,2872956.4629111
602,2021-05-21,49.159,49.2927,48.6058,48.6844,2355195.0005477
603,2021-05-24,49.1001,49.7674,49.0136,49.5099,3748607.8429089
604,2021-05-25,49.7871,49.905,49.165,49.1983,4181459.5186234
605,2021-05-26,49.2682,49.6633,49.1247,49.273,3402059.9191845
606,2021-05-27,49.5453,49.6662,48.9418,49.2927,6696425.3320983
607,2021-05-28,48.7856,49.3075,47.0873,48.7679,6672753.3586244
608,2021-06-01,49.2387,50.9144,49.159,50.8505,8461056.2322413
609,2021-06-02,50.8996,51.0873,49.8313,49.8313,4866987.2535126
610,2021-06-03,49.5797,50.4101,49.0843,50.2618,5232410.6889461
611,2021-06-04,50.4594,51.2062,50.3207,51.1856,4446488.9596999
612,2021-06-07,51.508,51.6161,50.6323,50.8455,2499723.769089
613,2021-06-08,50.8888,51.5031,50.8407,51.3743,2794442.6369437
614,2021-06-09,51.5227,51.5983,51.0579,51.3989,2324706.841804
615,2021-06-10,51.3694,51.7252,51.1611,51.3144,3526479.9745618
616,2021-06-11,51.1709,51.4726,50.3355,51.4087,3884268.1429011
617,2021-06-14,51.4195,51.5276,50.5507,50.7954,3774226.2803954
618,2021-06-15,50.8642,51.0775,50.6146,50.8554,2127570.6352864
619,2021-06-16,50.7807,51.1276,50.4298,50.8004,3373678.9883397
620,2021-06-17,50.8004,50.8004,49.1748,49.2682,5182997.1613388
621,2021-06-18,48.5713,48.8731,48.1261,48.7345,5686806.7603766
622,2021-06-21,49.0647,49.5197,48.9811,49.4411,3744255.0080703
623,2021-06-22,49.4411,49.4411,48.9468,49.3222,2262440.3432567
624,2021-06-23,49.2927,49.3616,48.9468,49.0549,2447243.5177315
625,2021-06-24,49.4411,49.4411,48.7492,48.9861,7532333.4374823
626,2021-06-25,49.1935,49.3419,49.0745,49.1935,9481938.4509157
627,2021-06-28,49.1935,49.5404,49.1099,49.3173,8146952.0887097
628,2021-06-29,49.3419,50.5782,49.1296,50.5291,8398353.2292185
629,2021-06-30,50.0839,50.2667,49.2436,49.278,5904561.4440261
630,2021-07-01,48.9959,49.1542,48.4023,48.7935,5744775.3687046
631,2021-07-02,49.0215,49.2927,48.4023,49.1296,4123982.35939
632,2021-07-06,49.1001,49.5404,48.5064,48.6342,3679314.5380512
633,2021-07-07,48.9262,49.4756,48.6195,49.1885,3117427.4589398
634,2021-07-08,48.4623,49.2878,48.2716,48.9468,3632242.2617211
635,2021-07-09,49.0951,49.8667,49.0549,49.565,5266377.6560845
636,2021-07-12,49.4952,49.4952,48.0121,48.0219,4189922.0074856
637,2021-07-13,47.8342,47.849,46.3414,46.3561,7152928.6314276
638,2021-07-14,46.7718,47.3763,46.0495,46.1782,5293480.6157846
639,2021-07-15,45.9502,46.3335,45.5993,46.2961,5322649.0861725
640,2021-07-16,46.5782,46.6234,45.5944,45.6288,3982357.515727
641,2021-07-19,44.9074,46.1134,44.7836,45.9207,4467825.7868542
642,2021-07-20,46.1831,47.4332,46.1527,47.1521,5053495.746171
643,2021-07-21,47.3153,47.8087,47.0283,47.5669,3389336.169849
644,2021-07-22,47.7006,47.7703,47.0706,47.4332,2806380.8817221
645,2021-07-23,47.4637,47.8087,47.2603,47.735,2114839.7635003
646,2021-07-26,47.8195,48.0023,47.5974,47.6907,2525600.6497847
647,2021-07-27,47.275,47.6504,46.9438,47.5128,1778711.9850734
648,2021-07-28,47.5875,47.7605,47.3693,47.4086,1169272.3729597
649,2021-07-29,47.6318,47.9139,47.2455,47.8539,1616571.4310664
650,2021-07-30,47.6456,48.0908,47.4834,47.7703,1626791.1302528
651,2021-08-02,47.9974,48.0219,47.4559,47.6072,2466339.8254106
652,2021-08-03,47.8392,48.8524,47.5226,48.6647,3219464.7044105
653,2021-08-04,48.4475,48.5016,48.0318,48.1507,1695093.3969774
654,2021-08-05,48.4525,48.7492,48.2441,48.6195,1772710.8116563
655,2021-08-06,48.6401,48.8554,48.4858,48.7198,1501302.7072784
656,2021-08-09,48.3826,48.8278,48.2588,48.6991,2179197.2100592
657,2021-08-10,48.9212,49.0284,48.5212,48.6598,1760490.7213309
658,2021-08-11,48.6598,49.678,48.6598,49.6239,2494263.9019211
659,2021-08-12,49.6534,49.8362,49.2436,49.6938,2093907.8985399
660,2021-08-13,49.6938,49.8519,49.2682,49.4559,2616159.5572903
661,2021-08-16,49.2033,49.3714,48.7198,49.2682,1818425.7523915
662,2021-08-17,49.0264,49.0745,48.0073,48.363,2465495.3062625
663,2021-08-18,48.1556,48.5016,47.9276,47.9374,1605453.2856055
664,2021-08-19,47.4637,47.9325,47.221,47.5719,2305107.8926078
665,2021-08-20,48.1409,48.9163,47.9679,48.6991,3114177.5864586
666,2021-08-23,48.9262,49.6682,48.6598,49.5001,3334638.8013542
667,2021-08-24,49.9355,50.0789,49.3861,49.8068,4966023.9122747
668,2021-08-25,49.6534,50.6421,49.5149,50.4594,3563920.6626304
669,2021-08-26,50.6775,50.7679,49.9905,50.2067,4260768.0065845
670,2021-08-27,48.7777,50.1625,46.9733,47.9325,10901390.972845
671,2021-08-30,48.2343,48.9763,47.6613,48.5261,5866551.9773986
672,2021-08-31,48.5114,48.6745,48.0564,48.1851,4969881.2280468
673,2021-09-01,48.2195,48.4377,47.8195,47.8342,3657935.9936859
674,2021-09-02,47.9728,48.3679,47.7104,47.9925,4403594.5094211
675,2021-09-03,47.9925,48.4455,47.9089,48.0269,5156452.8052681
676,2021-09-07,47.8588,48.0564,47.389,47.4687,5240306.4342354
677,2021-09-08,47.389,47.5767,46.5556,46.9153,3978714.8909673
678,2021-09-09,46.7364,47.8588,46.7364,47.6504,3746777.3730925
679,2021-09-10,47.9227,48.0475,46.9782,47.0873,4165042.2698806
680,2021-09-13,48.6451,49.1444,48.2353,48.8927,12026742.245139
681,2021-09-14,48.8623,48.8967,48.0426,48.1752,5694599.7388781
682,2021-09-15,48.2588,49.8068,48.0858,49.6583,5953160.9772736
683,2021-09-16,49.5453,50.2274,49.3812,50.133,5615836.6271378
684,2021-09-17,50.138,50.4987,48.7296,49.7036,9293495.70416
685,2021-09-20,48.8731,50.474,48.8475,49.8716,8423799.7103966
686,2021-09-21,50.4298,50.5291,48.8623,49.1149,5613409.9064529
687,2021-09-22,49.3075,49.392,48.418,49.0795,5901776.5658229
688,2021-09-23,49.8264,52.0269,48.9468,50.7708,11942147.881305
689,2021-09-24,50.7414,51.4677,50.7257,51.3596,6475019.8837454
690,2021-09-27,51.1375,51.9581,51.1119,51.848,4400799.4562884
691,2021-09-28,51.5178,52.2499,51.4332,52.0564,4206772.708225
692,2021-09-29,52.2097,52.534,51.3743,52.1016,4898310.7739678
693,2021-09-30,52.2343,52.3335,50.7807,51.4382,4981761.475727
694,2021-10-01,51.7095,52.531,51.4825,52.2982,3863712.750332
695,2021-10-04,52.4318,52.6883,51.6259,52.0319,4194956.5626006
696,2021-10-05,52.3631,52.6304,51.7792,52.3729,3437474.7787903
697,2021-10-06,51.7045,52.2599,51.3891,52.1596,3141264.2662715
698,2021-10-07,52.4819,53.1385,52.1998,52.9271,4208519.7436195
699,2021-10-08,53.1385,53.3468,51.5472,51.9433,5420151.3655665
700,2021-10-11,51.9728,52.5409,51.7498,52.0112,2842075.551889
701,2021-10-12,51.9778,52.1753,51.1119,51.2947,3926979.4444489
702,2021-10-13,51.4234,51.7399,50.8996,51.2603,5512246.687426
703,2021-10-14,51.5374,52.6244,51.5031,52.4072,3709611.4081202
704,2021-10-15,52.7738,53.3822,52.536,53.2525,3429210.7010532
705,2021-10-18,53.619,54.2313,53.4952,53.7174,5130939.1695554
706,2021-10-19,53.9895,54.8545,53.7174,54.7856,7623902.7154869
707,2021-10-20,54.9685,55.3586,54.7414,55.1915,7621694.7557861
708,2021-10-21,55.1266,56.1154,54.9144,55.8589,7514108.103768
709,2021-10-22,55.789,56.7434,55.6948,56.6294,5383367.9779434
710,2021-10-25,56.7582,56.8574,55.4736,55.5169,13722526.519829
711,2021-10-26,55.68,55.794,54.4544,54.4888,6006078.7505995
712,2021-10-27,54.2814,54.484,53.3567,53.5886,7283763.9798524
713,2021-10-28,54.2658,54.598,53.7871,54.4249,6709797.2244427
714,2021-10-29,53.9994,55.2997,53.9994,54.3798,9137672.7638774
715,2021-11-01,54.0642,55.1611,54.0642,55.1316,6801989.2081324
716,2021-11-02,55.2987,55.9621,51.736,53.2976,18687336.563015
717,2021-11-03,53.6878,54.0102,52.9654,53.8736,10167357.314059
718,2021-11-04,53.6977,54.1173,52.4681,53.2584,6127833.9919416
719,2021-11-05,53.4932,55.0736,53.278,55.0058,7812834.8763514
720,2021-11-08,55.0156,55.3566,53.9424,54.1959,4560173.4469653
721,2021-11-09,54.1173,54.9282,53.6878,54.7326,4078041.53522
722,2021-11-10,54.6058,55.8058,54.5714,55.2594,5333464.0187344
723,2021-11-11,55.3665,55.8009,54.6353,54.8397,3786287.6418206
724,2021-11-12,55.0058,55.22,54.4938,54.6539,4042768.1071341
725,2021-11-15,55.1129,56.1577,54.9282,55.338,7299329.5869962
726,2021-11-16,55.3861,55.7478,55.1522,55.338,6460939.8163081
727,2021-11-17,55.5326,55.8255,54.6058,54.6539,3654386.9782775
728,2021-11-18,54.5665,55.3183,54.2057,54.5567,5143882.697368
729,2021-11-19,54.5173,54.6539,53.6446,53.6977,3924800.9920437
730,2021-11-22,54.0003,54.3424,53.0097,53.8058,6382968.3140827
731,2021-11-23,53.6495,53.8933,52.8987,53.3567,4761095.7447486
732,2021-11-24,54.02,56.6067,53.4834,55.9227,13345757.020515
733,2021-11-26,55.1424,56.3424,54.6451,54.8299,3953621.4798427
734,2021-11-29,55.679,56.479,55.1001,56.1871,5485422.5207942
735,2021-11-30,56.1478,56.4603,54.3808,55.1129,10000895.467495
736,2021-12-01,55.6211,55.8746,54.2392,54.362,6457303.2965059
737,2021-12-02,54.1664,55.8942,54.1664,55.7763,6835327.364628
738,2021-12-03,56.1184,57.2309,56.0505,57.0746,8306813.4585095
739,2021-12-06,57.338,57.8746,56.7434,57.338,5292212.8195694
740,2021-12-07,57.8264,58.0604,56.8014,57.4943,4300875.5436742
741,2021-12-08,57.5827,57.5827,56.5282,56.997,3592213.0715886
742,2021-12-09,56.9478,57.1729,56.2058,56.2647,4554420.541828
743,2021-12-10,56.2745,56.6746,55.7379,56.2156,3112176.1778266
744,2021-12-13,55.7763,56.1085,54.3227,54.3808,3629606.9549815
745,2021-12-14,53.3763,53.8342,52.9566,53.3173,4889016.9933656
746,2021-12-15,53.7174,54.7227,53.1414,54.6932,3604753.6721931
747,2021-12-16,54.8986,55.0805,53.6298,53.6681,2933839.1710469
748,2021-12-17,53.6004,53.7075,52.761,53.3369,5521657.4797175
749,2021-12-20,52.7119,52.8682,51.8048,52.3119,3788490.5140567
750,2021-12-21,53.0147,54.1468,52.6441,54.1173,3655053.4361596
751,2021-12-22,53.9905,54.4102,53.5227,54.0396,3880605.1682823
752,2021-12-23,54.2638,54.8938,54.0977,54.5369,2956932.1910324
753,2021-12-27,54.703,55.4107,54.703,55.2396,2058880.7037479
754,2021-12-28,55.1915,55.9621,55.1915,55.5817,2411731.9962954
755,2021-12-29,55.6397,56.4112,55.6211,55.679,2262190.0399911
756,2021-12-30,55.6397,55.7478,55.1031,55.1522,1620254.7555442
757,2021-12-31,55.0736,55.3183,54.8052,54.82,1283791.2044439
758,2022-01-03,54.8102,55.7233,54.8004,55.6112,2978343.2951721
759,2022-01-04,55.8746,57.5827,55.8746,57.0844,5887114.4924183
760,2022-01-05,56.9674,58.0702,56.4741,56.5871,6198015.5681443
761,2022-01-06,56.5871,57.2898,56.196,56.6451,3843644.7368859
762,2022-01-07,56.7041,57.0648,55.9424,56.5969,3602761.4209977
763,2022-01-10,57.743,58.5685,57.2014,58.4407,10770418.262871
764,2022-01-11,58.5587,59.2191,58.2952,58.8024,7493540.5012836
765,2022-01-12,58.9979,59.056,57.6997,58.5095,3174334.8221213
766,2022-01-13,59.0462,59.2712,58.4319,58.7238,4234758.8518054
767,2022-01-14,58.539,59.3095,58.2068,59.0756,5933192.6781365
768,2022-01-18,58.8318,59.3488,57.9729,58.0505,5178669.7638239
769,2022-01-19,58.5587,59.0068,56.538,56.5675,4054975.9875442
770,2022-01-20,56.8309,57.626,55.967,56.021,2965130.1317278
771,2022-01-21,55.8549,55.8746,53.9326,54.2343,4315819.4626258
772,2022-01-24,53.4637,54.254,52.1459,54.0879,5659736.360451
773,2022-01-25,53.5316,54.6834,52.3119,54.1075,4530789.2680721
774,2022-01-26,54.8397,55.3665,53.6298,54.0102,3203639.6365645
775,2022-01-27,54.4938,56.2156,53.7272,54.1173,4467080.9820151
776,2022-01-28,54.1173,55.0254,53.396,54.8888,4017070.3051976
777,2022-01-31,54.8691,55.4451,54.6008,55.4451,3400707.6710544
778,2022-02-01,55.5129,57.2112,55.1326,57.1631,3478775.83511
779,2022-02-02,57.5729,58.2756,57.2505,57.9729,3982383.9705437
780,2022-02-03,57.4943,58.6559,57.4264,57.7773,2884200.7774979
781,2022-02-04,57.6604,57.8844,56.8505,57.3282,2000144.9057359
782,2022-02-07,57.6604,58.197,57.4264,57.5434,2185029.4796466
783,2022-02-08,57.6899,58.5871,57.2112,58.5095,3005711.820532
784,2022-02-09,58.8417,59.5345,58.6118,59.3095,3429282.9430526
785,2022-02-10,58.9881,60.0613,58.6952,59.2614,3767278.8385351
786,2022-02-11,59.2898,59.8274,57.9237,58.08,2510255.838611
787,2022-02-14,57.7773,58.2166,56.8309,57.1916,2974002.6702489
788,2022-02-15,57.4845,58.9783,57.4461,58.3827,3484809.5683014
789,2022-02-16,57.9336,59.0805,57.9041,58.8417,3075597.3062864
790,2022-02-17,58.7729,58.9193,57.8166,57.8363,2783208.4972864
791,2022-02-18,57.8264,58.4702,57.3478,57.4845,3276751.5924621
792,2022-02-22,56.9478,57.6112,55.5424,55.7576,3398120.1864835
793,2022-02-23,56.3041,56.9773,55.1915,55.4156,3563054.7761302
794,2022-02-24,53.7665,54.6156,53.0638,54.4986,6676440.753074
795,2022-02-25,49.5305,51.7753,47.9787,50.2234,15073249.427995
796,2022-02-28,49.5896,50.76,49.1011,49.7359,7012914.4791038
797,2022-03-01,48.818,49.3251,48.4082,48.6814,5491777.7817578
798,2022-03-02,49.2574,52.5557,49.0618,52.3119,6221768.9410541
799,2022-03-03,52.0976,52.6539,51.2043,51.3262,4102832.7509384
800,2022-03-04,50.8289,51.2288,50.1645,50.7119,3058096.4275523
801,2022-03-07,50.1841,50.4967,47.8028,48.1448,4764275.4102162
802,2022-03-08,48.5547,50.2824,47.8716,49.0332,6066575.8289074
803,2022-03-09,50.2136,51.2917,49.9011,50.7305,4303189.3226417
804,2022-03-10,50.0771,50.9459,49.8038,50.7207,3678833.2638861
805,2022-03-11,50.7502,51.4628,50.3011,50.76,3050792.8631596
806,2022-03-14,50.6137,51.2967,49.1699,49.5207,3490260.2780328
807,2022-03-15,49.5207,50.9459,49.3448,50.8289,2538433.2708658
808,2022-03-16,50.2824,51.1699,49.4038,50.7207,5256990.266131
809,2022-03-17,50.1939,50.2234,48.3305,49.2967,5772969.0808467
810,2022-03-18,49.1983,50.6431,48.8278,50.5841,5027995.3378666
811,2022-03-21,50.5065,51.6977,50.4387,51.0627,3948324.4115468
812,2022-03-22,51.1797,52.0485,51.0431,51.7163,2832994.4273133
813,2022-03-23,51.3065,52.1075,51.2387,51.336,2967155.9601906
814,2022-03-24,51.3655,52.5557,51.1699,52.2244,2875168.4925837
815,2022-03-25,52.2146,53.5611,52.078,53.4736,3806872.5416852
816,2022-03-28,52.9468,53.2682,52.4288,52.9949,2963288.4694889
817,2022-03-29,53.4736,53.9709,53.0048,53.7075,3501987.9017705
818,2022-03-30,53.3852,53.9228,52.878,53.0147,2898667.4922561
819,2022-03-31,50.0671,50.4259,48.9645,48.9841,6618366.3254792
820,2022-04-01,47.4028,47.8224,46.4662,47.6278,8285428.8091866
821,2022-04-04,47.7645,48.6421,47.5787,48.194,3409089.7779737
822,2022-04-05,47.6859,48.3984,47.4863,47.4912,3417325.3659082
823,2022-04-06,47.0804,47.276,45.6269,45.9876,6983056.1484961
824,2022-04-07,46.3777,47.5394,45.8028,46.5438,6335106.4632237
825,2022-04-08,46.3001,46.9438,45.9876,46.2509,3798994.093776
826,2022-04-11,45.8028,46.876,45.6269,45.8215,3753233.3658581
827,2022-04-12,45.9,46.6322,45.8804,45.9679,4067944.9526805
828,2022-04-13,45.8116,46.5733,45.7832,46.1733,3279056.2139932
829,2022-04-14,46.0269,46.5438,45.7634,45.8116,3768791.8505513
830,2022-04-18,45.5777,46.6706,45.5099,46.3001,3653012.3453025
831,2022-04-19,46.3394,47.3222,46.2607,47.1649,4471008.5048008
832,2022-04-20,47.6662,48.7684,47.6662,48.1576,3093275.2287938
833,2022-04-21,48.3148,48.6342,47.0765,47.3812,3153023.4322907
834,2022-04-22,47.1846,47.1846,46.0249,46.0642,4183819.0847736
835,2022-04-25,45.7399,46.477,45.1453,46.4573,6651599.680201
836,2022-04-26,46.1723,46.8602,45.671,45.7104,4186534.7734562
837,2022-04-27,45.7104,46.5065,44.9438,45.7497,3463934.6829462
838,2022-04-28,46.3198,47.5974,46.0495,47.2927,2650618.9910164
839,2022-04-29,46.9193,48.3738,46.1232,46.2018,4196164.3267319
840,2022-05-02,45.9561,46.7227,45.6023,46.6834,3635835.0293263
841,2022-05-03,46.8308,47.4303,46.4082,47.0273,2995089.1941376
842,2022-05-04,47.3419,48.1969,46.418,47.9708,4239525.8062745
843,2022-05-05,47.8136,48.02,46.1036,46.4475,3322414.641057
844,2022-05-06,45.9463,46.1232,44.5802,44.7964,5639879.9855383
845,2022-05-09,44.1969,45.0322,43.9118,44.4131,4396223.7904938
846,2022-05-10,45.2583,45.4548,43.961,44.7178,5253432.093286
847,2022-05-11,44.59,45.4352,43.5777,43.6465,4632008.4492112
848,2022-05-12,43.4106,44.1281,42.4229,42.988,5934889.8563765
849,2022-05-13,43.4892,44.8259,43.4205,44.3148,4172296.9946117
850,2022-05-16,44.2362,44.5605,43.6956,44.2558,5217430.1402482
851,2022-05-17,45.1993,45.9222,44.6784,45.8087,4746388.9016542
852,2022-05-18,45.1404,45.3516,42.4917,42.5654,4640372.2412575
853,2022-05-19,41.7792,41.8185,40.1771,40.3934,7196600.4463198
854,2022-05-20,40.6489,40.7668,37.6661,39.3614,9616236.3278483
855,2022-05-23,39.5776,40.8259,39.5776,40.5113,9117746.1819513
856,2022-05-24,40.0593,40.7374,39.2141,40.1771,6716023.2638017
857,2022-05-25,40.2362,42.9241,40.1771,42.5556,6151190.542601
858,2022-05-26,41.6612,43.5974,41.2779,43.1748,7020643.3555494
859,2022-05-27,49.5237,51.6957,47.617,48.7276,16164506.546533
860,2022-05-31,48.5802,49.5924,47.5384,49.0814,13486041.825962
861,2022-06-01,49.3959,50.6539,49.0422,49.7988,5682141.5552024
862,2022-06-02,49.1404,50.4574,49.0716,50.3983,3815621.9635594
863,2022-06-03,50.0839,50.8603,49.8087,50.1428,2769636.158831
864,2022-06-06,50.2315,50.4082,49.0814,49.1797,2770511.2027676
865,2022-06-07,48.9045,50.3787,48.5212,50.2706,2494773.665889
866,2022-06-08,50.3001,50.4181,49.4647,49.4647,2555141.5225922
867,2022-06-09,49.3369,50.5163,49.1404,49.4844,3197961.0084124
868,2022-06-10,48.7473,49.4353,48.1822,48.3148,2592713.4672513
869,2022-06-13,47.0175,47.5384,46.2705,46.4376,2658371.2697999
870,2022-06-14,46.7816,47.106,46.2067,46.536,2393575.8521017
871,2022-06-15,46.9389,47.7448,46.3198,47.0864,2559385.4856852
872,2022-06-16,46.0838,46.2804,44.6195,45.101,2880365.8465705
873,2022-06-17,45.789,47.106,45.5384,46.7718,5183987.1819788
874,2022-06-21,47.9905,48.5998,47.4991,48.3836,5363666.2619591
875,2022-06-22,47.8332,48.9144,47.5777,47.7743,3802280.5960034
876,2022-06-23,47.7841,48.7178,47.4893,48.1969,3066708.4878781
877,2022-06-24,48.4525,49.8284,48.2067,49.3861,9365579.9921786
878,2022-06-27,49.4057,49.6023,49.052,49.3762,3388062.268676
879,2022-06-28,49.504,49.7782,48.0423,48.0986,3205387.6894519
880,2022-06-29,48.1478,48.187,46.4376,46.5753,3404905.8469647
881,2022-06-30,45.8578,46.477,45.1206,45.4155,4046628.4753852
882,2022-07-01,45.0126,45.6416,41.6841,42.0052,6496033.1481418
883,2022-07-05,41.2877,42.4671,40.8553,42.3984,3917130.1126962
884,2022-07-06,42.0052,42.3689,40.818,41.4745,3749917.3563351
885,2022-07-07,41.9758,42.7226,41.9069,42.2018,3035687.162829
886,2022-07-08,41.6809,42.5015,41.3959,42.1821,3372979.9706833
887,2022-07-11,41.671,42.3,41.5826,41.7496,2443098.2514545
888,2022-07-12,41.7005,42.9487,41.6416,42.3098,4597261.0649804
889,2022-07-13,41.7694,42.8308,41.6809,42.3984,3647400.8716852
890,2022-07-14,41.8873,42.074,40.6293,41.9659,3637436.5632291
891,2022-07-15,42.3197,42.7226,41.8971,42.7128,2247393.6575171
892,2022-07-18,43.2337,43.3812,42.0593,42.1625,2221179.9866551
893,2022-07-19,42.5982,43.7174,42.5982,43.6184,2343928.7002503
894,2022-07-20,43.5788,44.272,43.0538,43.7471,2583754.6844227
895,2022-07-21,43.6778,44.3067,43.3213,44.2225,2198658.9542109
896,2022-07-22,43.8561,44.173,42.7815,42.9251,3397881.7643524
897,2022-07-25,43.2321,43.861,42.8211,43.4302,2284141.3232757
898,2022-07-26,43.4302,43.7075,42.8657,43.0142,2331612.7933967
899,2022-07-27,43.1727,44.0591,42.9548,43.866,1907274.3716224
900,2022-07-28,43.8066,44.4355,43.4599,44.074,1641420.205553
901,2022-07-29,44.0839,44.6583,43.5986,44.6286,2141857.1598372
902,2022-08-01,44.3414,45.3021,44.1631,44.9852,1824901.7740864
903,2022-08-02,44.5692,44.8069,43.6976,43.8363,2263882.3733645
904,2022-08-03,43.7868,44.4404,43.0142,44.0245,3086818.7898492
905,2022-08-04,44.0641,44.0641,43.1331,43.7768,3182614.8979294
906,2022-08-05,43.4401,45.005,43.3807,44.9753,3252568.6026715
907,2022-08-08,45.1981,45.9954,44.7673,45.0149,2848713.2766784
908,2022-08-09,44.8861,44.9852,44.1433,44.6583,2794266.0236052
909,2022-08-10,45.5596,46.7877,45.4507,46.7778,1986275.6941146
910,2022-08-11,46.9561,48.0258,46.867,47.1443,2365263.9542037
911,2022-08-12,47.4414,47.8277,47.1938,47.7584,2006484.1607218
912,2022-08-15,47.59,48.2338,47.5207,47.8376,2280293.4858418
913,2022-08-16,47.8475,48.7686,47.6989,48.1248,2279031.4032408
914,2022-08-17,47.8178,47.8178,46.7234,47.3721,2107100.4146718
915,2022-08-18,47.9961,48.5656,47.3523,48.4715,2168111.5069363
916,2022-08-19,47.7088,47.8178,46.8769,47.2136,2143559.4568495
917,2022-08-22,46.5302,46.7679,46.1044,46.3916,2911074.292493
918,2022-08-23,46.1539,47.3622,46.1539,46.4906,2764153.7424114
919,2022-08-24,46.3619,46.7778,45.7478,46.1737,2000563.478824
920,2022-08-25,46.9363,47.5504,46.6986,47.4414,3835069.196671
921,2022-08-26,45.421,45.421,40.7858,41.0334,12543920.754292
922,2022-08-29,40.5183,41.9644,40.1321,40.2014,6376241.214136
923,2022-08-30,40.4441,40.9393,39.31,39.31,4664339.2484805
924,2022-08-31,38.7801,39.2407,37.8145,37.9234,6885842.9074356
925,2022-09-01,37.5669,37.6659,36.7399,37.2896,4339947.6720446
926,2022-09-02,37.9333,38.1017,37.1014,37.4282,3455628.6061777
927,2022-09-06,37.448,37.4827,36.4378,36.933,4033239.3873479
928,2022-09-07,36.8142,37.7838,36.3833,37.6164,3606059.7652222
929,2022-09-08,37.2499,38.1413,37.0816,38.1314,3932337.397897
930,2022-09-09,38.4979,39.5576,38.4979,39.4091,3134961.6879139
931,2022-09-12,39.6171,40.37,39.6171,39.9142,2636892.4005892
932,2022-09-13,38.894,39.1218,37.7749,37.9333,3956753.1430629
933,2022-09-14,38.1017,38.28,37.4381,37.765,3299382.7801739
934,2022-09-15,37.4579,37.7551,36.933,37.2896,3505574.7678627
935,2022-09-16,36.8439,37.76,36.5764,37.5966,5975660.2352429
936,2022-09-19,37.0221,37.6213,36.8142,37.4579,2807314.9480335
937,2022-09-20,37.032,37.1113,36.3685,36.5963,2626932.0447021
938,2022-09-21,36.8241,37.448,36.4031,36.4279,2557779.005162
939,2022-09-22,36.2001,36.5269,35.8534,35.9327,2593330.357533
940,2022-09-23,35.3186,35.8138,34.4668,35.1799,2909294.2511925
941,2022-09-26,34.7343,35.3186,34.3031,34.3678,3646404.0024788
942,2022-09-27,34.972,35.3384,34.2192,34.3876,3338622.4427381
943,2022-09-28,34.1796,35.0561,34.1796,34.9521,2936537.0613847
944,2022-09-29,34.348,34.5956,33.4814,33.8627,4748987.6333627
945,2022-09-30,34.0013,34.6253,33.7636,33.8429,3070937.7520643
946,2022-10-03,34.1895,35.7891,33.8726,35.5365,4159540.5367273
947,2022-10-04,36.2298,37.1311,36.1704,37.1014,2696173.9348572
948,2022-10-05,36.5963,37.7551,36.4081,37.4975,2536721.4093808
949,2022-10-06,37.5471,37.9482,37.0172,37.1212,2784376.3443438
950,2022-10-07,35.7049,36.1407,34.2093,34.2688,5669274.0340259
951,2022-10-10,34.5758,34.7045,33.3675,34.1499,3298169.1615448
952,2022-10-11,34.0707,34.4074,33.412,33.5457,3120549.7142765
953,2022-10-12,33.4368,33.7934,33.2585,33.4467,2901073.5499626
954,2022-10-13,32.7534,34.9224,32.5801,34.655,3065648.111467
955,2022-10-14,34.7343,34.9026,33.6943,33.932,2310345.1870707
956,2022-10-17,34.1103,34.8333,33.7636,34.14,3445388.5727862
957,2022-10-18,34.855,35.2,34.01,34.56,2468792.0
958,2022-10-19,34.03,34.99,33.9,34.49,2225809.0
959,2022-10-20,34.52,35.73,34.52,34.86,2122346.0
960,2022-10-21,35.36,36.975,35.26,36.85,2964701.0
961,2022-10-24,37.03,37.51,36.65,37.28,2346568.0
962,2022-10-25,37.21,37.97,37.09,37.74,2434329.0
963,2022-10-26,37.45,38.22,37.1875,37.79,2339668.0
964,2022-10-27,38.1,38.45,37.49,37.76,3395825.0
965,2022-10-28,37.97,39.39,37.97,39.16,3062272.0
966,2022-10-31,38.68,38.895,38.29,38.4,2578877.0
967,2022-11-01,38.94,39.25,38.07,39.15,2227383.0
968,2022-11-02,39.01,39.305,37.655,37.67,2865666.0
969,2022-11-03,37.16,37.83,37.02,37.35,2385273.0
970,2022-11-04,38.26,39.33,38.12,39.0,2816412.0
971,2022-11-07,39.09,39.99,38.94,39.87,2497915.0
972,2022-11-08,40.17,41.05,40.05,40.42,2523887.0
973,2022-11-09,39.89,40.3,39.22,39.33,2106542.0
974,2022-11-10,41.03,41.73,40.49,41.72,3582249.0
975,2022-11-11,41.71,43.07,41.56,42.68,2524199.0
976,2022-11-14,41.67,42.93,41.67,42.25,2741701.0
977,2022-11-15,43.2,43.4297,42.18,42.35,2967423.0
978,2022-11-16,41.98,41.98,41.045,41.18,2679940.0
979,2022-11-17,40.67,41.91,40.35,41.76,2382283.0
980,2022-11-18,41.84,42.14,41.365,42.04,3992255.0
981,2022-11-21,41.56,41.7137,39.9,41.07,7317528.0
982,2022-11-22,41.73,43.955,40.4,43.85,12566150.0
983,2022-11-23,43.85,45.33,43.54,44.61,4938485.0
984,2022-11-25,44.5,45.07,44.42,44.63,2034711.0
985,2022-11-28,44.2,44.295,43.555,43.58,2959955.0
986,2022-11-29,43.65,43.94,43.4,43.52,3448805.0
987,2022-11-30,43.45,44.81,42.745,44.79,6805667.0
988,2022-12-01,45.0,45.36,44.37,44.9,2331442.0
989,2022-12-02,44.275,44.73,43.93,44.54,2517994.0
990,2022-12-05,43.89,44.07,42.9499,43.07,2304252.0
991,2022-12-06,43.01,43.15,42.07,42.47,2844578.0
992,2022-12-07,42.04,42.27,41.49,41.92,2905988.0
993,2022-12-08,42.05,42.45,41.715,42.23,3438584.0
994,2022-12-09,41.89,42.52,41.76,41.83,1835156.0
995,2022-12-12,41.64,42.875,41.38,42.87,3319745.0
996,2022-12-13,44.315,44.35,42.59,42.85,2816461.0
997,2022-12-14,42.59,42.9,41.5,41.68,3367885.0
998,2022-12-15,40.91,40.91,39.29,39.38,4463554.0
999,2022-12-16,38.96,39.45,38.7081,39.25,4646060.0
1000,2022-12-19,39.34,39.415,38.64,39.0,2648649.0
1001,2022-12-20,38.75,39.14,38.67,38.95,1893357.0
1002,2022-12-21,39.15,39.55,39.03,39.12,2864114.0
1003,2022-12-22,38.46,39.15,38.02,39.14,2285887.0
1004,2022-12-23,39.2,39.28,38.63,39.12,1466543.0
1005,2022-12-27,39.22,39.59,38.93,39.41,1832561.0
1006,2022-12-28,39.38,39.5,38.595,38.76,1822909.0
1007,2022-12-29,39.11,39.925,39.0,39.82,1582784.0
1008,2022-12-30,39.49,40.22,39.38,40.22,1582438.0
1009,2023-01-03,40.56,40.975,39.97,40.9,2679283.0
1010,2023-01-04,41.39,41.6,40.575,40.94,2790006.0
1011,2023-01-05,40.75,41.1,40.28,40.87,2483742.0
1012,2023-01-06,41.17,42.59,40.82,42.42,3179732.0
1013,2023-01-09,42.7,43.1,42.185,42.28,2966450.0
1014,2023-01-10,42.08,42.63,41.8245,42.49,2780326.0
1015,2023-01-11,42.08,42.2,39.68,40.77,5620313.0
1016,2023-01-12,40.52,40.71,39.7802,39.93,4410091.0
1017,2023-01-13,39.36,40.21,38.99,40.18,3383656.0
1018,2023-01-17,40.13,40.19,39.45,40.03,2691621.0
1019,2023-01-18,40.27,40.5,39.69,40.02,2757552.0
1020,2023-01-19,39.42,39.86,39.03,39.46,3341651.0
1021,2023-01-20,39.85,40.29,39.3998,40.26,2908047.0
1022,2023-01-23,40.76,41.62,40.59,41.04,2745210.0
1023,2023-01-24,40.2,41.07,40.11,40.59,1903050.0
1024,2023-01-25,40.0,40.78,39.775,40.52,2705810.0
1025,2023-01-26,40.95,41.05,40.22,40.99,1645296.0
1026,2023-01-27,40.7,41.17,40.3,40.31,2677282.0
1027,2023-01-30,39.96,40.41,39.84,40.01,2444028.0
1028,2023-01-31,39.95,40.62,39.5,40.62,2562550.0
1029,2023-02-01,40.5,41.44,40.34,41.23,3476465.0
1030,2023-02-02,41.5,43.08,41.485,42.42,4623225.0
1031,2023-02-03,41.96,42.78,41.7,42.24,2936717.0
1032,2023-02-06,42.18,42.18,40.3101,40.96,4299348.0
1033,2023-02-07,40.86,42.195,40.795,41.99,3268817.0
1034,2023-02-08,41.68,42.24,41.57,41.84,2643279.0
1035,2023-02-09,42.6,42.97,41.915,42.04,2878379.0
1036,2023-02-10,41.88,43.25,41.72,42.72,3964177.0
1037,2023-02-13,42.81,43.82,42.64,43.4,3705241.0
1038,2023-02-14,43.25,43.8,42.93,43.03,2277181.0
1039,2023-02-15,42.55,43.05,42.47,42.8,2139952.0
1040,2023-02-16,42.47,43.72,42.34,42.72,2961076.0
1041,2023-02-17,42.59,42.97,42.32,42.48,2728395.0
1042,2023-02-21,41.91,42.44,41.69,41.89,3973160.0
1043,2023-02-22,42.06,42.2601,41.6,41.81,2240581.0
1044,2023-02-23,42.2,42.43,41.4373,42.03,3414212.0
1045,2023-02-24,41.32,41.8,41.11,41.61,3712849.0
1046,2023-02-27,42.13,42.19,40.871,41.0,5148218.0
1047,2023-02-28,40.86,41.675,40.51,40.64,7672583.0
1048,2023-03-01,40.84,40.95,39.97,40.44,7083437.0
1049,2023-03-02,40.2,40.25,38.895,40.17,9094204.0
1050,2023-03-03,39.06,40.99,38.82,39.79,7775747.0
1051,2023-03-06,40.26,40.31,39.07,39.07,5330225.0
1052,2023-03-07,39.12,39.53,37.99,38.0,4812983.0
1053,2023-03-08,38.2,38.8,38.03,38.77,3010007.0
1054,2023-03-09,38.58,38.92,37.72,37.8,2731224.0
1055,2023-03-10,37.67,37.7399,36.285,36.72,3661893.0
1056,2023-03-13,36.17,36.82,35.96,36.57,5580849.0
1057,2023-03-14,37.49,38.295,37.16,37.55,4433854.0
1058,2023-03-15,36.92,38.13,36.85,37.51,5072606.0
1059,2023-03-16,36.52,38.11,36.45,38.05,5952214.0
1060,2023-03-17,37.86,38.19,36.875,37.22,13488374.0
1061,2023-03-20,37.59,38.84,37.49,38.55,5994133.0
1062,2023-03-21,39.0,39.35,38.735,39.15,3619390.0
1063,2023-03-22,39.22,39.48,38.05,38.08,3286304.0
1064,2023-03-23,38.32,38.61,37.38,37.82,3215967.0
1065,2023-03-24,37.63,37.68,36.81,37.38,4261601.0
1066,2023-03-27,37.79,38.155,37.63,37.99,3018936.0
1067,2023-03-28,37.88,38.32,37.56,38.31,3981934.0
1068,2023-03-29,38.9,39.24,38.64,39.12,3746590.0
1069,2023-03-30,39.47,39.95,39.44,39.86,4139649.0
1070,2023-03-31,39.94,40.39,39.935,40.21,3915755.0
1071,2023-04-03,40.14,41.15,40.06,40.97,4756258.0
1072,2023-04-04,41.24,41.35,40.49,40.87,3749333.0
1073,2023-04-05,40.73,41.13,40.34,40.8,3046654.0
1074,2023-04-06,40.59,40.79,40.225,40.23,2186483.0
1075,2023-04-10,39.9,41.44,39.9,41.43,3470222.0
1076,2023-04-11,41.42,41.945,41.4,41.6,2897808.0
1077,2023-04-12,41.8,41.99,41.15,41.87,3519191.0
1078,2023-04-13,41.96,42.765,41.762,42.65,4411866.0
1079,2023-04-14,42.74,43.73,42.69,43.28,7116928.0
1080,2023-04-17,42.75,43.995,42.71,43.93,6329647.0
1081,2023-04-18,44.24,45.65,44.2,45.5,9277745.0
1082,2023-04-19,44.47,45.31,43.82,43.83,7267044.0
1083,2023-04-20,43.41,43.57,42.75,42.92,4489175.0
1084,2023-04-21,42.73,43.14,42.52,43.11,4905007.0
1085,2023-04-24,42.7,42.87,42.365,42.68,2814398.0
1086,2023-04-25,42.6,42.67,41.7,41.71,2395956.0
1087,2023-04-26,41.75,42.19,41.465,41.67,2501488.0
1088,2023-04-27,41.825,42.81,41.79,42.8,2988541.0
1089,2023-04-28,42.9,43.635,42.815,43.49,3792385.0
1090,2023-05-01,43.49,44.109,43.385,43.82,4516203.0
1091,2023-05-02,45.01,45.65,43.88,44.76,6777968.0
1092,2023-05-03,45.05,45.745,44.795,45.16,5124861.0
1093,2023-05-04,45.03,45.15,44.085,44.18,3549730.0
1094,2023-05-05,44.74,45.795,44.61,45.39,3699659.0
1095,2023-05-08,45.52,46.185,45.17,46.02,3888001.0
1096,2023-05-09,46.09,46.215,45.265,45.98,3220612.0
1097,2023-05-10,46.42,46.56,45.445,45.83,3062185.0
1098,2023-05-11,45.62,45.71,44.48,44.7,3737472.0
1099,2023-05-12,44.72,44.8,44.19,44.76,2397273.0
1100,2023-05-15,44.8,44.995,44.445,44.93,2996359.0
1101,2023-05-16,44.84,46.13,44.675,45.38,3910213.0
1102,2023-05-17,45.8,46.17,45.24,45.85,2404596.0
1103,2023-05-18,45.77,47.31,45.65,47.12,3923440.0
1104,2023-05-19,47.36,48.19,47.36,47.75,5111045.0
1105,2023-05-22,46.75,47.94,46.37,47.54,3805579.0
1106,2023-05-23,47.34,47.6,46.34,46.35,4141058.0
1107,2023-05-24,46.06,46.06,45.25,45.91,3230722.0
1108,2023-05-25,46.8,48.32,46.555,48.08,4081727.0
1109,2023-05-26,48.15,48.55,47.48,48.51,4297112.0
1110,2023-05-30,48.79,49.1,47.17,47.32,5464420.0
1111,2023-05-31,45.98,46.17,44.45,44.81,9937448.0
1112,2023-06-01,45.005,47.5,44.71,45.46,14458270.0
1113,2023-06-02,45.5,47.8448,45.37,47.27,7914735.0
1114,2023-06-05,47.26,47.26,45.3,45.48,5765686.0
1115,2023-06-06,45.38,47.08,45.16,46.85,5466201.0
1116,2023-06-07,46.86,47.779,46.77,47.66,4095959.0
1117,2023-06-08,47.99,48.1,47.2,47.89,3976290.0
1118,2023-06-09,48.09,48.67,47.59,47.61,3293572.0
1119,2023-06-12,47.72,48.12,47.615,48.07,3596854.0
1120,2023-06-13,48.28,48.82,48.25,48.8,2805666.0
1121,2023-06-14,48.63,49.69,48.63,49.38,4013664.0
1122,2023-06-15,49.35,50.46,49.175,50.2,3216611.0
1123,2023-06-16,50.195,50.3,49.53,49.67,9363258.0
1124,2023-06-20,49.51,49.58,48.74,49.33,4213507.0
1125,2023-06-21,49.88,50.59,49.405,50.06,5943345.0
1126,2023-06-22,49.84,51.44,49.76,51.28,6326781.0
1127,2023-06-23,50.59,51.66,50.51,50.87,18291804.0
1128,2023-06-26,51.12,51.58,50.721,51.32,3404548.0
1129,2023-06-27,51.32,51.57,50.85,51.39,3496000.0
1130,2023-06-28,51.03,51.92,50.91,51.77,2946842.0
1131,2023-06-29,52.0,53.15,51.8,53.1,4033421.0
1132,2023-06-30,53.94,54.61,53.76,54.11,5182432.0
1133,2023-07-03,54.0,54.78,53.74,54.61,1828579.0
1134,2023-07-05,54.08,54.675,53.86,54.21,2639962.0
1135,2023-07-06,53.65,54.325,53.34,53.8,3596194.0
1136,2023-07-07,53.92,54.52,53.47,53.53,5404221.0
1137,2023-07-10,53.27,54.88,53.22,54.87,3238466.0
1138,2023-07-11,55.0,55.86,54.88,55.74,4597127.0
1139,2023-07-12,55.5,55.69,54.15,54.17,5882103.0
1140,2023-07-13,54.56,55.66,54.22,55.64,5375814.0
1141,2023-07-14,55.58,56.1,54.84,55.42,4227961.0
1142,2023-07-17,55.58,55.66,54.69,54.7,4146549.0
1143,2023-07-18,54.98,55.05,53.12,53.83,5677942.0
1144,2023-07-19,53.97,54.52,53.95,54.3,3292656.0
1145,2023-07-20,53.85,54.23,53.24,53.6,3414902.0
1146,2023-07-21,53.44,54.28,53.43,53.56,2875677.0
1147,2023-07-24,53.77,54.225,53.575,53.73,2937705.0
1148,2023-07-25,54.0,54.66,54.0,54.37,2395580.0
1149,2023-07-26,54.24,54.545,53.76,53.92,1931326.0
1150,2023-07-27,54.43,54.78,53.59,53.71,2957525.0
1151,2023-07-28,54.14,54.42,52.525,52.61,4748122.0
1152,2023-07-31,52.54,53.16,52.36,52.92,3865564.0
1153,2023-08-01,52.78,53.675,52.78,53.37,3681357.0
1154,2023-08-02,53.045,53.26,52.465,52.95,2789083.0
1155,2023-08-03,52.5,53.955,52.05,53.51,2615546.0
1156,2023-08-04,53.59,54.56,53.06,53.24,2533645.0
1157,2023-08-07,53.53,54.64,53.53,54.57,2738380.0
1158,2023-08-08,55.04,58.72,54.82,57.58,8257969.0
1159,2023-08-09,57.47,57.87,56.545,56.57,2754278.0
1160,2023-08-10,57.19,57.38,55.42,56.0,3189129.0
1161,2023-08-11,56.07,57.58,55.7501,56.84,3118060.0
1162,2023-08-14,56.52,56.96,56.29,56.76,2253876.0
1163,2023-08-15,56.56,56.69,55.69,55.73,2279395.0
1164,2023-08-16,55.68,56.305,55.16,55.22,1834689.0
1165,2023-08-17,55.3,55.83,54.625,54.86,3966952.0
1166,2023-08-18,54.51,55.35,54.33,54.93,2324635.0
1167,2023-08-21,55.08,56.45,55.08,56.05,4076048.0
1168,2023-08-22,56.43,56.56,55.55,55.8,2188497.0
1169,2023-08-23,56.22,56.92,55.71,56.83,2643684.0
1170,2023-08-24,57.44,57.66,56.22,56.71,3925955.0
1171,2023-08-25,56.78,56.875,55.62,56.21,2680980.0
1172,2023-08-28,56.36,57.5,56.07,57.19,3252569.0
1173,2023-08-29,57.18,57.28,56.32,56.5,4939372.0
1174,2023-08-30,54.68,55.95,53.62,55.69,6340577.0
1175,2023-08-31,55.99,56.799,55.56,56.24,7050346.0
1176,2023-09-01,64.09,70.28,63.86,68.19,32070501.0
1177,2023-09-05,68.05,69.83,67.54,68.1,9466373.0
1178,2023-09-06,68.0,70.48,67.83,70.47,7585616.0
1179,2023-09-07,69.47,70.6197,68.57,68.98,7649325.0
1180,2023-09-08,69.37,70.89,69.09,70.5,5550484.0
1181,2023-09-11,71.12,72.82,70.56,72.16,7449202.0
1182,2023-09-12,71.65,72.27,70.59,70.73,4782518.0
1183,2023-09-13,70.92,71.2,69.76,70.45,2801459.0
1184,2023-09-14,70.47,71.16,70.12,71.16,5116847.0
1185,2023-09-15,70.8999,71.09,68.65,69.29,6093460.0
1186,2023-09-18,69.01,69.45,68.4001,69.15,3527363.0
1187,2023-09-19,69.805,70.41,69.28,69.9,3844194.0
1188,2023-09-20,69.91,70.4543,68.87,68.94,3091710.0
1189,2023-09-21,68.26,69.2,68.04,68.44,3924650.0
1190,2023-09-22,68.73,70.59,68.62,70.05,4495031.0
1191,2023-09-25,70.19,70.98,69.4,70.03,3643708.0
1192,2023-09-26,69.8,70.035,68.93,68.93,3214382.0
1193,2023-09-27,69.8,69.98,67.23,67.95,5517393.0
1194,2023-09-28,68.21,69.27,68.06,68.5,3375091.0
1195,2023-09-29,69.1,69.6,68.55,68.9,6379819.0
1196,2023-10-02,68.61,69.33,67.34,67.7,3902534.0
1197,2023-10-03,68.74,68.94,66.82,67.24,4329670.0
1198,2023-10-04,67.31,67.87,66.46,67.2,6075271.0
1199,2023-10-05,66.29,67.06,64.32,66.19,7329844.0
1200,2023-10-06,66.72,67.07,65.89,66.41,8053994.0
1201,2023-10-09,66.24,67.455,66.0,67.18,6012462.0
1202,2023-10-10,67.34,68.545,67.34,67.98,8039459.0
1203,2023-10-11,68.24,70.35,68.08,70.34,5088644.0
1204,2023-10-12,70.03,70.77,68.65,69.05,4301745.0
1205,2023-10-13,69.42,70.64,67.755,68.04,4635966.0
1206,2023-10-16,67.88,68.61,67.26,67.76,5387491.0
1207,2023-10-17,67.26,68.645,66.7,67.9,4220108.0
1208,2023-10-18,67.25,68.335,66.87,66.89,3434594.0
1209,2023-10-19,67.24,68.68,66.785,67.03,4750767.0
1210,2023-10-20,66.82,67.25,65.35,65.91,4617030.0
1211,2023-10-23,65.45,66.27,64.69,65.54,2945050.0
1212,2023-10-24,66.39,67.16,66.02,66.95,4078472.0
1213,2023-10-25,66.83,67.54,66.08,66.34,4581168.0
1214,2023-10-26,66.14,66.6,63.9,64.51,4406117.0
1215,2023-10-27,65.0,66.16,65.0,65.96,5273279.0
1216,2023-10-30,65.95,66.79,65.843,66.43,3741991.0
1217,2023-10-31,66.03,66.96,65.73,66.91,3114202.0
1218,2023-11-01,67.29,68.74,66.75,68.67,3407637.0
1219,2023-11-02,69.38,69.93,68.31,68.65,3747186.0
1220,2023-11-03,68.985,70.06,68.64,69.51,3924642.0
1221,2023-11-06,69.76,72.3,69.76,71.97,6350272.0
1222,2023-11-07,71.6,72.31,71.15,71.61,5657491.0
1223,2023-11-08,71.66,72.5,71.03,72.48,3526275.0
1224,2023-11-09,72.63,73.27,71.66,72.24,3555690.0
1225,2023-11-10,72.71,73.79,72.41,73.5,2560282.0
1226,2023-11-13,72.85,74.05,72.35,73.77,3234680.0
1227,2023-11-14,74.435,74.46,73.325,73.89,5171966.0
1228,2023-11-15,73.02,74.12,72.5101,72.94,5266956.0
1229,2023-11-16,72.8,73.08,71.81,72.54,4044292.0
1230,2023-11-17,72.8,74.01,72.61,73.6,4052671.0
1231,2023-11-20,73.89,74.02,73.11,73.36,3241972.0
1232,2023-11-21,73.83,74.05,72.91,73.62,3737309.0
1233,2023-11-22,74.25,75.38,74.01,74.68,3522211.0
1234,2023-11-24,74.63,75.05,74.17,74.41,1695892.0
1235,2023-11-27,74.32,75.13,73.34,74.46,3686196.0
1236,2023-11-28,74.0,74.91,73.85,74.03,3126675.0
1237,2023-11-29,74.45,76.09,74.415,75.06,5427845.0
1238,2023-11-30,75.105,75.98,74.64,75.87,10519936.0
1239,2023-12-01,71.86,73.059,68.5,71.93,14361161.0
1240,2023-12-04,70.87,71.06,68.67,69.32,7444068.0
1241,2023-12-05,69.21,70.32,69.11,69.29,4977393.0
1242,2023-12-06,69.48,69.82,67.51,67.63,5260180.0
1243,2023-12-07,67.57,68.81,67.57,68.59,5460703.0
1244,2023-12-08,68.43,69.31,68.43,68.7,3003413.0
1245,2023-12-11,68.59,69.76,68.49,69.24,3945464.0
1246,2023-12-12,69.1,70.31,68.94,69.99,3436413.0
1247,2023-12-13,69.99,70.48,69.265,69.87,4234223.0
1248,2023-12-14,71.0,72.46,70.89,72.43,7684324.0
1249,2023-12-15,72.02,72.985,71.39,71.62,5539384.0
1250,2023-12-18,71.62,73.68,71.045,73.37,4810275.0
1251,2023-12-19,73.7,74.01,72.8567,73.53,2684002.0
1252,2023-12-20,73.54,74.28,72.31,72.42,4336856.0
1253,2023-12-21,73.39,75.395,73.39,75.32,4381829.0
1254,2023-12-22,75.68,76.15,75.05,75.71,4244001.0
1255,2023-12-26,75.99,77.2998,75.87,77.0,3001170.0
1256,2023-12-27,77.02,77.45,76.92,77.26,2050387.0
1257,2023-12-28,77.0,77.18,76.65,76.68,1546653.0
1258,2023-12-29,76.82,76.93,76.2,76.5,2293493.0
1259,2024-01-02,75.45,76.0,74.32,74.79,2955102.0
1260,2024-01-03,74.83,76.81,74.555,76.6,4194296.0
1261,2024-01-04,76.67,77.13,75.84,75.97,3029462.0
1262,2024-01-05,75.44,76.45,75.33,75.84,2951058.0
1263,2024-01-08,78.0,79.67,77.36,79.36,6552446.0
1264,2024-01-09,79.17,79.45,77.06,77.11,4849080.0
1265,2024-01-10,77.83,78.76,77.68,78.25,3054735.0
1266,2024-01-11,78.77,79.8,77.54,79.71,4024026.0
1267,2024-01-12,79.94,80.27,79.19,79.31,4843533.0
1268,2024-01-16,79.0,79.57,78.5,79.52,4348315.0
1269,2024-01-17,78.5,78.8,76.9,77.66,4928394.0
1270,2024-01-18,78.71,79.0,77.7,78.41,3076497.0
1271,2024-01-19,79.12,84.755,79.12,83.19,9448917.0
1272,2024-01-22,83.74,83.79,81.0,81.14,4248243.0
1273,2024-01-23,81.0,82.47,80.54,82.43,2673329.0
1274,2024-01-24,83.5,84.92,83.0,83.71,3637823.0
1275,2024-01-25,84.495,85.04,83.01,83.04,2723305.0
1276,2024-01-26,82.51,84.38,82.1164,84.22,2927466.0
1277,2024-01-29,84.38,84.67,83.345,83.41,2710308.0
1278,2024-01-30,85.72,86.45,84.32,84.8,3838911.0
1279,2024-01-31,83.28,83.59,81.8159,82.88,3587173.0
1280,2024-02-01,83.6,85.98,83.0,85.78,2729313.0
1281,2024-02-02,85.63,86.9,85.22,86.32,3683936.0
1282,2024-02-05,86.53,86.87,84.76,85.71,2204220.0
1283,2024-02-06,85.73,85.99,82.16,82.68,5015052.0
1284,2024-02-07,83.44,83.83,82.78,83.74,2964177.0
1285,2024-02-08,83.61,85.14,83.51,84.8,2993875.0
1286,2024-02-09,85.25,86.65,85.01,86.2,2315688.0
1287,2024-02-12,86.5,86.89,85.83,86.62,2979121.0
1288,2024-02-13,84.985,85.185,83.45,83.98,3144457.0
1289,2024-02-14,85.06,86.23,84.72,86.04,2361315.0
1290,2024-02-15,85.48,85.91,82.42,82.72,4418498.0
1291,2024-02-16,83.3,85.32,82.79,84.21,4841750.0
1292,2024-02-20,83.88,83.99,81.22,82.46,3111062.0
1293,2024-02-21,81.29,81.81,80.49,81.39,3365285.0
1294,2024-02-22,85.96,89.12,85.4,87.79,8284115.0
1295,2024-02-23,89.055,92.68,88.0,90.35,6997290.0
1296,2024-02-26,92.62,94.99,91.8,92.77,8175396.0
1297,2024-02-27,93.0,93.48,90.73,91.56,5888086.0
1298,2024-02-28,92.1,94.37,91.2718,93.25,5909825.0
1299,2024-02-29,91.0,94.795,91.0,94.66,14317003.0
1300,2024-03-01,124.67,131.06,116.45,124.59,62169006.0
1301,2024-03-04,123.95,129.05,120.8,121.78,23835958.0
1302,2024-03-05,120.75,121.52,113.89,117.75,15019166.0
1303,2024-03-06,119.445,120.56,116.96,118.5,10569122.0
1304,2024-03-07,120.0,122.02,119.31,120.5,9644266.0
1305,2024-03-08,120.29,120.77,114.945,116.25,11015227.0
1306,2024-03-11,115.48,116.8308,113.63,115.86,5936758.0
1307,2024-03-12,117.3,118.29,113.4,113.55,6569996.0
1308,2024-03-13,113.5,114.33,109.33,110.0,7161959.0
1309,2024-03-14,110.7,111.41,105.0,106.45,8069808.0
1310,2024-03-15,107.044,108.98,105.64,107.0,9159679.0
1311,2024-03-18,106.99,107.87,104.66,106.63,7403774.0
1312,2024-03-19,107.02,108.88,105.045,107.52,7971732.0
1313,2024-03-20,107.91,111.33,106.06,111.07,9600219.0
1314,2024-03-21,113.18,115.77,112.25,114.04,11678008.0
1315,2024-03-22,112.905,113.8,111.79,112.24,4711422.0
1316,2024-03-25,111.27,114.81,110.312,113.0,6152280.0
1317,2024-03-26,113.35,116.85,113.25,114.65,7389230.0
1318,2024-03-27,114.01,115.23,110.93,111.68,4375982.0
1319,2024-03-28,112.25,114.45,111.89,114.11,4153353.0
1320,2024-04-01,114.25,119.71,114.25,119.64,8064085.0
1321,2024-04-02,117.39,118.79,115.31,118.44,5503125.0
1322,2024-04-03,117.79,129.76,117.66,128.58,19390813.0
1323,2024-04-04,129.85,136.16,126.675,127.16,19494763.0
1324,2024-04-05,128.0,132.92,123.51,132.72,10813487.0
1325,2024-04-08,132.95,133.4399,125.56,127.15,11952250.0
1326,2024-04-09,126.43,126.75,120.45,123.73,9993308.0
1327,2024-04-10,121.19,126.07,121.1,123.37,5944974.0
1328,2024-04-11,123.61,125.78,123.14,124.04,5058307.0
1329,2024-04-12,121.49,122.35,117.61,117.76,7501738.0
1330,2024-04-15,119.0,122.5,117.27,117.81,6764095.0
1331,2024-04-16,116.66,121.74,115.68,121.08,7596734.0
1332,2024-04-17,122.62,123.67,118.31,119.62,5346021.0
1333,2024-04-18,119.61,119.65,115.51,118.37,5053748.0
1334,2024-04-19,116.36,119.18,114.3,114.87,9418221.0
1335,2024-04-22,115.0,118.34,114.25,115.54,5410000.0
1336,2024-04-23,116.38,121.0793,115.7,120.63,5086925.0
1337,2024-04-24,126.01,126.01,119.31,120.2,5815884.0
1338,2024-04-25,118.33,125.28,117.0,124.91,6822999.0
1339,2024-04-26,125.62,126.55,123.04,125.06,5512196.0
1340,2024-04-29,125.2,127.73,123.2701,127.7,5004467.0
1341,2024-04-30,126.25,126.99,123.8401,124.64,5054483.0
1342,2024-05-01,122.91,124.16,117.43,118.78,7204532.0
1343,2024-05-02,121.64,123.91,118.363,123.39,4856908.0
1344,2024-05-03,125.49,127.5899,124.71,125.1,3942765.0
1345,2024-05-06,125.0,129.3915,124.2511,129.33,5025217.0
1346,2024-05-07,128.22,129.7,126.25,127.55,3247051.0
1347,2024-05-08,127.16,131.88,126.0,131.61,4921451.0
1348,2024-05-09,131.17,132.4199,129.27,131.68,6675427.0
1349,2024-05-10,133.93,134.6,131.42,132.77,4536936.0
1350,2024-05-13,133.3,134.9,130.68,131.01,4105780.0
1351,2024-05-14,129.49,134.69,128.6,134.12,4175759.0
1352,2024-05-15,139.9,150.28,138.66,149.16,16982539.0
1353,2024-05-16,150.5,150.84,143.5,146.3,9411534.0
1354,2024-05-17,148.63,150.2809,145.88,149.52,9893472.0
1355,2024-05-20,150.9,154.59,145.02,145.45,10586921.0
1356,2024-05-21,145.05,149.9,144.0,147.24,6665689.0
1357,2024-05-22,147.91,148.99,145.865,147.78,4708365.0
1358,2024-05-23,158.99,162.71,150.13,153.57,16843126.0
1359,2024-05-24,156.02,166.77,154.61,160.18,17563663.0
1360,2024-05-28,168.43,169.69,161.01,166.08,18692642.0
1361,2024-05-29,165.56,179.7,164.3,179.21,23215889.0
1362,2024-05-30,178.8,178.84,165.11,169.92,44465961.0
1363,2024-05-31,143.8,144.8,131.01,139.56,67192834.0
1364,2024-06-03,140.55,140.74,128.6,132.03,41199155.0
1365,2024-06-04,132.2,138.98,131.88,135.76,21568415.0
1366,2024-06-05,135.95,139.4,132.95,137.66,19148565.0
1367,2024-06-06,136.25,136.7,132.1548,133.96,13929139.0
1368,2024-06-07,131.5,134.06,127.59,129.97,19597621.0
1369,2024-06-10,129.0,135.46,128.4,132.45,14011897.0
1370,2024-06-11,131.5,134.85,130.02,131.64,9176373.0
1371,2024-06-12,132.83,132.94,130.1,131.81,11427925.0
1372,2024-06-13,131.99,136.19,131.8,135.02,16066821.0
1373,2024-06-14,133.37,135.53,131.29,134.98,12995281.0
1374,2024-06-17,137.13,144.74,137.03,142.03,26911431.0
1375,2024-06-18,143.58,154.14,143.3,149.15,33500098.0
1376,2024-06-20,156.625,161.5192,145.02,148.52,39976432.0
1377,2024-06-21,145.78,147.19,140.64,145.06,16788886.0
1378,2024-06-24,143.305,143.56,137.56,137.56,14014982.0
1379,2024-06-25,139.315,141.75,137.61,140.35,8466362.0
1380,2024-06-26,138.52,141.31,135.09,138.24,12714062.0
1381,2024-06-27,137.83,141.8299,137.6,139.43,9483004.0
1382,2024-06-28,139.53,141.77,136.21,137.91,20573566.0
1383,2024-07-01,137.48,144.6872,133.63,142.82,11565656.0
1384,2024-07-02,140.22,143.54,139.92,143.47,7748248.0
1385,2024-07-03,147.6893,149.47,140.5914,142.67,13173317.0
1386,2024-07-05,142.2,142.76,138.31,138.96,8901174.0
1387,2024-07-08,140.0,147.1237,139.2,145.97,12355619.0
1388,2024-07-09,146.06,150.23,143.8332,145.74,11414730.0
1389,2024-07-10,146.29,147.23,141.83,145.77,7387342.0
1390,2024-07-11,145.56,146.4499,139.42,140.72,8248942.0
1391,2024-07-12,139.6,141.54,137.5001,139.57,7376405.0
1392,2024-07-15,140.75,141.09,136.52,137.22,8064648.0
1393,2024-07-16,137.72,137.73,132.39,134.26,10254525.0
1394,2024-07-17,128.14,129.77,124.67,125.17,18887631.0
1395,2024-07-18,126.63,126.94,122.03,125.34,9659432.0
1396,2024-07-19,125.41,127.88,124.27,125.79,6932821.0
1397,2024-07-22,128.17,129.87,127.08,128.74,6255215.0
1398,2024-07-23,126.95,128.15,125.35,125.85,5944621.0
1399,2024-07-24,123.53,123.53,115.89,116.12,15611376.0
1400,2024-07-25,116.0,116.0,110.33,111.43,17363730.0
1401,2024-07-26,114.25,114.7199,111.5501,113.56,8419931.0
1402,2024-07-29,114.36,115.5,110.95,111.2,7552248.0
1403,2024-07-30,112.31,113.25,105.77,108.61,11938442.0
1404,2024-07-31,114.76,116.6,112.2,113.68,11327262.0
1405,2024-08-01,112.93,115.21,107.53,108.43,8570016.0
1406,2024-08-02,101.7,103.8,99.93,102.29,11832725.0
1407,2024-08-05,90.48,99.89,90.13,98.18,13137819.0
1408,2024-08-06,98.66,99.27,93.34,94.67,15500550.0
1409,2024-08-07,90.37,93.03,86.93,87.89,21545502.0
1410,2024-08-08,89.77,91.7,88.45,91.46,10242826.0
1411,2024-08-09,89.48,93.43,88.57,92.55,8405010.0
1412,2024-08-12,92.2,97.9,91.835,95.27,9875263.0
1413,2024-08-13,97.1,101.49,96.57,99.94,14928421.0
1414,2024-08-14,101.06,104.37,100.31,102.95,12141042.0
1415,2024-08-15,107.06,110.96,105.41,110.21,17713179.0
1416,2024-08-16,108.9,112.16,108.06,111.3,11632608.0
1417,2024-08-19,111.0,112.0625,108.38,111.87,8374892.0
1418,2024-08-20,111.75,112.48,109.56,110.71,6189043.0
1419,2024-08-21,110.85,111.9,108.86,111.7,6714402.0
1420,2024-08-22,112.55,114.02,108.67,108.98,7018286.0
1421,2024-08-23,110.35,112.66,110.0701,112.01,6023382.0
1422,2024-08-26,112.01,114.15,110.35,111.67,7307783.0
1423,2024-08-27,110.33,112.37,109.71,111.86,6271647.0
1424,2024-08-28,110.3,112.07,108.21,111.56,9527976.0
1425,2024-08-29,108.28,114.44,108.1,110.74,23836598.0
1426,2024-08-30,115.36,117.72,110.65,115.54,33433633.0
1427,2024-09-03,114.88,116.69,109.1204,110.77,14158993.0
1428,2024-09-04,109.0,110.55,107.3101,109.06,8113585.0
1429,2024-09-05,107.0,108.3,105.13,107.16,9362447.0
1430,2024-09-06,106.52,108.21,101.41,102.0,11962617.0
1431,2024-09-09,107.35,107.65,105.1,105.89,18742653.0
1432,2024-09-10,106.15,107.53,105.42,106.64,9367424.0
1433,2024-09-11,107.15,108.9,105.55,108.8,9715098.0
1434,2024-09-12,108.7,113.23,108.6,112.15,9908506.0
1435,2024-09-13,112.18,114.65,111.395,114.3,7353335.0
1436,2024-09-16,112.38,115.8,112.225,115.4,8618921.0
1437,2024-09-17,117.71,118.31,115.04,116.82,9412731.0
1438,2024-09-18,117.58,119.62,115.94,115.99,10783555.0
1439,2024-09-19,120.07,120.07,117.36,117.77,10630519.0
1440,2024-09-20,116.5,119.05,115.08,117.5,75332831.0
1441,2024-09-23,117.55,118.1,116.58,117.57,8067756.0
1442,2024-09-24,118.17,118.44,116.0,117.31,6851833.0
1443,2024-09-25,117.27,120.24,117.07,120.17,8534983.0
1444,2024-09-26,122.375,127.0,121.39,126.49,13420524.0
1445,2024-09-27,124.0,124.41,120.07,120.22,13544967.0
1446,2024-09-30,119.0,119.9631,116.95,118.54,8647750.0
1447,2024-10-01,117.39,117.78,112.91,113.16,9641850.0
1448,2024-10-02,112.97,116.56,112.12,113.46,6047118.0
1449,2024-10-03,114.02,116.75,113.62,115.67,6872528.0
1450,2024-10-04,117.5,120.84,117.0601,120.42,8185053.0
1451,2024-10-07,119.68,120.85,118.18,119.09,5208144.0
1452,2024-10-08,119.4,121.94,118.7,121.93,5681505.0
1453,2024-10-09,121.63,123.13,120.5,122.34,5979890.0
1454,2024-10-10,121.46,124.86,121.2,124.8,5947184.0
1455,2024-10-11,124.0,128.3,123.5013,127.73,7811938.0
1456,2024-10-14,129.0,130.26,127.4,128.35,5932985.0
1457,2024-10-15,128.84,131.13,125.66,125.83,6016641.0
1458,2024-10-16,126.89,127.51,124.8,126.73,3833057.0
1459,2024-10-17,129.1,131.6,128.0,129.18,5603585.0
1460,2024-10-18,129.2,129.58,125.2,126.46,5491711.0
1461,2024-10-21,126.5,126.98,125.17,125.66,4405016.0
1462,2024-10-22,124.1,124.3,119.35,120.4,7093039.0
1463,2024-10-23,118.97,121.56,117.82,119.49,4558926.0
1464,2024-10-24,120.61,121.39,119.36,120.57,3638107.0
1465,2024-10-25,121.9,124.79,121.75,122.55,4040156.0
1466,2024-10-28,123.0,123.61,120.55,120.66,3582942.0
1467,2024-10-29,120.68,122.54,120.1,121.63,3909752.0
1468,2024-10-30,130.99,133.9699,125.44,129.4,17073703.0
1469,2024-10-31,127.0,127.585,122.59,123.63,7312424.0
1470,2024-11-01,124.625,132.62,124.3,130.87,13048446.0
1471,2024-11-04,132.82,135.71,129.7,129.85,10608792.0
1472,2024-11-05,131.0,134.28,129.75,133.46,6998599.0
1473,2024-11-06,136.969,139.6,134.32,138.35,8857948.0
1474,2024-11-07,138.945,139.4158,136.02,137.87,6297479.0
1475,2024-11-08,138.22,139.15,134.08,134.23,6325400.0
1476,2024-11-11,138.385,140.745,135.0,138.51,7210941.0
1477,2024-11-12,138.75,141.33,135.94,136.47,6667818.0
1478,2024-11-13,137.71,139.04,134.47,134.53,4701399.0
1479,2024-11-14,135.88,136.91,133.3301,134.43,3510654.0
1480,2024-11-15,132.26,133.87,130.75,131.64,5010102.0
1481,2024-11-18,135.77,138.0,134.4689,136.01,6620991.0
1482,2024-11-19,133.85,136.24,132.2352,135.9,5767480.0
1483,2024-11-20,137.51,138.17,132.54,133.96,4814244.0
1484,2024-11-21,136.11,140.1399,134.45,138.92,6619719.0
1485,2024-11-22,142.65,144.5,140.5,144.21,7688618.0
1486,2024-11-25,147.4,147.66,142.63,144.16,12208161.0
1487,2024-11-26,144.055,144.4299,141.21,141.74,12796248.0
1488,2024-11-27,124.92,127.16,121.3,124.38,38089688.0
1489,2024-11-29,125.61,128.47,124.99,127.59,9534508.0
1490,2024-12-02,126.1,129.65,123.28,125.84,13328005.0
1491,2024-12-03,125.165,126.02,124.175,125.56,6989907.0
1492,2024-12-04,125.25,127.33,123.92,126.1,6264548.0
1493,2024-12-05,126.56,128.68,125.04,125.07,8115782.0
1494,2024-12-06,125.62,126.3136,122.75,123.4,10464351.0
1495,2024-12-09,122.84,124.2,121.1,123.81,8318589.0
1496,2024-12-10,123.15,123.24,116.55,116.79,12659524.0
1497,2024-12-11,117.8,119.18,115.6,118.69,8156109.0
1498,2024-12-12,117.5,120.4,117.3366,119.18,5403795.0
1499,2024-12-13,120.275,121.27,116.52,118.45,5941904.0
1500,2024-12-16,118.86,122.09,118.45,119.27,6730489.0
1501,2024-12-17,118.22,120.2,117.89,118.28,5166312.0
1502,2024-12-18,119.53,119.99,111.9303,112.67,7336887.0
1503,2024-12-19,114.23,115.51,111.28,111.96,9248377.0
1504,2024-12-20,110.75,116.46,110.17,115.77,12228156.0
1505,2024-12-23,116.665,119.139,116.2608,118.82,5324214.0
1506,2024-12-24,119.0,119.42,118.18,118.94,2077431.0
1507,2024-12-26,118.4,119.88,118.23,119.28,2744871.0
1508,2024-12-27,118.385,118.89,116.51,117.33,4881875.0
1509,2024-12-30,115.31,115.92,112.6207,114.82,5517940.0
1510,2024-12-31,115.33,116.09,114.1579,115.24,3874670.0
1511,2025-01-02,115.26,117.4583,113.53,116.53,4580909.0
1512,2025-01-03,117.39,120.82,117.37,119.91,5601022.0
1513,2025-01-06,121.81,125.01,121.21,124.66,8361847.0
1514,2025-01-07,125.58,125.77,120.95,121.27,6081910.0
1515,2025-01-08,119.98,120.61,117.75,119.31,5137723.0
1516,2025-01-10,117.92,117.985,114.59,114.77,8213353.0
1517,2025-01-13,110.01,110.56,106.69,110.17,11518132.0
1518,2025-01-14,111.3,111.805,107.2028,109.06,8366186.0
1519,2025-01-15,112.0,112.0,108.04,109.23,9106148.0
1520,2025-01-16,109.05,111.36,108.415,110.11,6073456.0
1521,2025-01-17,111.75,111.76,109.54,109.64,6344472.0
1522,2025-01-21,110.425,112.38,107.91,111.55,8635963.0
1523,2025-01-22,116.85,120.965,114.94,115.12,12846400.0
1524,2025-01-23,112.7,114.7,111.96,114.22,5864066.0
1525,2025-01-24,114.81,116.79,112.77,113.73,5500019.0
1526,2025-01-27,106.61,107.73,100.0388,103.84,17922259.0
1527,2025-01-28,104.13,104.13,100.5,101.29,15042675.0
1528,2025-01-29,102.0,103.86,101.47,103.1,8362610.0
1529,2025-01-30,103.31,105.96,103.3,105.35,7952735.0
1530,2025-01-31,106.33,107.24,103.53,103.6,6088844.0
1531,2025-02-03,99.38,101.01,98.365,100.09,12114300.0
1532,2025-02-04,100.24,102.46,99.81,101.67,7241445.0
1533,2025-02-05,102.58,105.7,101.19,104.45,7901794.0
1534,2025-02-06,104.94,107.25,104.73,105.92,5017384.0
1535,2025-02-07,107.5,109.35,105.9701,106.37,7997277.0
1536,2025-02-10,107.53,112.81,107.35,112.31,9084111.0
1537,2025-02-11,110.1123,112.07,109.85,111.44,4397056.0
1538,2025-02-12,110.0,114.0,110.0,112.92,5423724.0
1539,2025-02-13,111.09,111.75,108.74,110.26,6806235.0
1540,2025-02-14,111.04,117.16,109.71,114.38,16971706.0
1541,2025-02-18,116.51,120.92,116.26,120.34,13510027.0
1542,2025-02-19,118.81,122.26,118.25,120.96,6728608.0
1543,2025-02-20,120.5,121.21,116.7729,119.89,5480404.0
1544,2025-02-21,120.85,121.29,117.2904,117.6,5662294.0
1545,2025-02-24,116.11,116.36,111.0301,114.14,7327788.0
1546,2025-02-25,113.509,114.11,109.66,110.65,6582053.0
1547,2025-02-26,111.8,117.28,111.8,115.65,8657995.0
1548,2025-02-27,117.0,117.45,107.43,107.83,15737173.0
1549,2025-02-28,100.96,103.9,99.0,102.76,20366155.0
1550,2025-03-03,103.7,103.77,94.51,95.56,13096845.0
1551,2025-03-04,93.08,96.8531,92.41,94.07,12789368.0
1552,2025-03-05,94.65,97.88,93.21,97.25,6059440.0
1553,2025-03-06,94.25,95.855,92.92,93.02,8560539.0
1554,2025-03-07,91.715,92.66,88.3301,91.46,10162084.0
1555,2025-03-10,88.995,91.77,88.69,90.34,8384863.0
1556,2025-03-11,90.54,92.8699,90.08,91.57,6282338.0
1557,2025-03-12,94.66,95.98,93.17,94.58,7873046.0
1558,2025-03-13,93.95,94.86,91.55,92.45,4543443.0
1559,2025-03-14,94.6,97.2987,94.4,95.67,5933435.0
1560,2025-03-17,97.76,98.82,96.66,97.66,5283185.0
1561,2025-03-18,96.92,97.2,94.77,96.44,5791995.0
1562,2025-03-19,97.0,100.43,96.845,98.72,5460052.0
1563,2025-03-20,97.96,101.42,97.9,98.92,4924513.0
1564,2025-03-21,98.08,98.42,96.4019,97.57,8911079.0
1565,2025-03-24,100.0,101.52,99.29,99.81,6491786.0
1566,2025-03-25,100.31,101.3,98.5101,98.86,4807330.0
1567,2025-03-26,98.74,100.5519,95.6,96.26,5814156.0
1568,2025-03-27,95.02,98.37,93.6,97.1,7537769.0
1569,2025-03-28,94.38,95.56,91.51,92.29,7225203.0
1570,2025-03-31,89.27,91.21,88.4,91.15,7286218.0
1571,2025-04-01,91.28,92.8,89.71,91.96,5716711.0
1572,2025-04-02,89.97,95.72,89.83,95.33,6245790.0
1573,2025-04-03,85.75,86.2099,76.721,77.23,30868525.0
1574,2025-04-04,74.66,74.94,69.421,71.63,17449146.0
1575,2025-04-07,68.0,77.3,66.245,75.0,15538442.0
1576,2025-04-08,77.5,79.46,71.0,72.59,12924067.0
1577,2025-04-09,72.56,85.47,71.12,84.19,18159954.0
1578,2025-04-10,80.2,81.025,75.94,78.94,11279260.0
1579,2025-04-11,79.045,82.92,77.96,81.93,8667626.0
1580,2025-04-14,89.17,89.29,84.01,85.19,12355193.0
1581,2025-04-15,84.62,86.8975,84.3205,85.49,5728840.0
1582,2025-04-16,82.805,85.3,81.68,83.36,5842293.0
1583,2025-04-17,83.875,85.42,82.9,84.8,6238336.0
1584,2025-04-21,83.381,84.36,80.74,82.39,5595271.0
1585,2025-04-22,82.9,85.39,82.46,84.08,4471564.0
1586,2025-04-23,89.075,91.89,88.59,89.16,8413053.0
1587,2025-04-24,89.88,94.675,89.44,94.4,6367166.0
1588,2025-04-25,94.455,95.45,93.94,94.89,4466690.0
1589,2025-04-28,94.54,95.64,93.11,94.47,3920233.0
1590,2025-04-29,93.66,94.56,93.11,93.78,4474033.0
1591,2025-04-30,86.82,92.09,86.76,91.76,9891218.0
1592,2025-05-01,93.57,95.2,91.79,91.95,6333050.0
1593,2025-05-02,94.23,95.84,93.84,94.59,5970475.0
1594,2025-05-05,93.9,95.637,93.525,94.36,4937957.0
1595,2025-05-06,92.55,94.73,92.53,93.95,5015423.0
1596,2025-05-07,93.86,96.04,92.8807,95.79,5215633.0
1597,2025-05-08,97.44,97.48,95.675,96.22,4575909.0
1598,2025-05-09,97.45,97.94,95.64,95.91,4367390.0
1599,2025-05-12,101.0,104.08,101.0,103.42,7927699.0
1600,2025-05-13,103.89,108.5,103.89,107.85,7063523.0
1601,2025-05-14,109.51,111.75,109.5,111.02,7639089.0
1602,2025-05-15,108.95,111.505,108.5736,110.87,4488787.0
1603,2025-05-16,111.51,114.6,111.09,114.19,5466640.0
1604,2025-05-19,111.42,115.07,111.42,114.28,4594717.0
1605,2025-05-20,113.96,115.5,113.1901,114.23,4150630.0
1606,2025-05-21,113.5,116.13,111.56,111.93,5859850.0
1607,2025-05-22,112.3999,112.98,110.66,111.95,4013723.0
1608,2025-05-23,109.39,112.685,108.81,112.11,3916881.0
1609,2025-05-27,114.305,115.0547,113.19,113.99,5512085.0
1610,2025-05-28,114.15,115.29,113.31,113.77,4618411.0
1611,2025-05-29,115.19,115.46,111.3,113.63,14682692.0
1612,2025-05-30,112.48,116.97,109.2,111.27,19208004.0
1613,2025-06-02,110.99,111.67,106.38,108.08,9027602.0
1614,2025-06-03,108.5,112.44,108.01,111.9,6643941.0
1615,2025-06-04,112.87,114.25,111.3028,112.7,4536209.0
1616,2025-06-05,113.0,114.22,111.18,111.82,5454944.0
1617,2025-06-06,112.83,115.24,112.83,113.75,4037456.0
1618,2025-06-09,114.51,116.63,114.21,114.22,5123656.0
1619,2025-06-10,114.8,115.05,111.7607,113.25,8661402.0
1620,2025-06-11,114.425,114.45,110.91,111.24,5436451.0
1621,2025-06-12,112.02,113.515,110.57,113.4,5597707.0
1622,2025-06-13,111.05,111.75,109.17,109.56,5137534.0
1623,2025-06-16,111.24,114.365,111.0,113.74,5292302.0
1624,2025-06-17,112.79,117.71,112.68,115.93,5968230.0
1625,2025-06-18,115.805,118.82,115.55,116.56,4671234.0
1626,2025-06-20,118.2,119.75,117.6231,119.37,9568390.0
1627,2025-06-23,118.85,119.38,115.96,118.02,5987393.0
1628,2025-06-24,119.795,121.83,119.16,120.59,5034451.0
1629,2025-06-25,120.81,122.3,120.25,120.46,3977595.0
1630,2025-06-26,122.7,127.145,122.265,125.98,9434781.0
1631,2025-06-27,123.78,125.06,122.52,123.99,7362045.0
1632,2025-06-30,124.4,124.49,122.13,122.6,5427012.0
1633,2025-07-01,122.08,123.1553,120.11,121.73,4105007.0
1634,2025-07-02,121.355,124.32,120.11,123.48,3937763.0
1635,2025-07-03,124.06,126.18,123.6901,125.22,3725609.0
1636,2025-07-07,125.07,127.025,123.78,124.77,4070215.0
1637,2025-07-08,126.12,126.75,122.29,124.39,3317273.0
1638,2025-07-09,124.585,127.0,124.5425,126.63,3966168.0
1639,2025-07-10,126.875,128.32,126.34,127.91,5371349.0
1640,2025-07-11,127.155,127.63,125.7,126.83,3560249.0
1641,2025-07-14,126.2,126.5,123.78,125.67,3626919.0
1642,2025-07-15,127.18,128.61,125.01,125.69,4041727.0
1643,2025-07-16,125.5,125.5,120.66,123.57,5955938.0
1644,2025-07-17,123.73,124.435,121.87,123.88,3763654.0
1645,2025-07-18,125.28,131.99,124.83,131.24,11025208.0
1646,2025-07-21,130.62,130.98,128.59,128.96,5560236.0
1647,2025-07-22,128.0,128.07,123.18,124.33,6278006.0
1648,2025-07-23,125.54,127.9,125.2835,127.22,4175675.0
1649,2025-07-24,127.61,129.47,127.15,128.35,3785008.0
1650,2025-07-25,127.96,131.83,127.71,131.22,4300969.0
1651,2025-07-28,131.95,133.9,131.1557,133.86,4846577.0
1652,2025-07-29,134.91,136.02,132.52,133.51,4013237.0
1653,2025-07-30,133.43,135.19,132.6,133.54,3765782.0
1654,2025-07-31,135.2,136.14,132.21,132.69,3876200.0
1655,2025-08-01,128.38,129.25,125.41,127.32,5520996.0
1656,2025-08-04,128.64,130.71,127.89,130.23,2765311.0
1657,2025-08-05,130.9,131.8808,126.7011,130.48,4754756.0
1658,2025-08-06,127.99,129.8,123.88,128.14,6250887.0
1659,2025-08-07,130.105,134.0,130.105,133.93,5691229.0
1660,2025-08-08,134.9952,138.86,134.0,137.61,5458586.0
1661,2025-08-11,137.99,140.48,137.02,138.32,4402805.0
1662,2025-08-12,139.95,142.11,138.6678,141.64,4859427.0
1663,2025-08-13,140.32,140.6,136.06,139.14,6025185.0
1664,2025-08-14,137.0,139.82,136.75,138.86,3813770.0
1665,2025-08-15,140.485,141.15,137.43,138.28,3448196.0
1666,2025-08-18,138.28,139.38,137.72,138.13,3202498.0
1667,2025-08-19,137.88,138.705,134.58,135.2,3570149.0
1668,2025-08-20,133.4503,134.0,126.84,128.48,7222713.0
1669,2025-08-21,129.31,130.3142,127.55,127.83,4057774.0
1670,2025-08-22,128.84,132.05,128.12,130.84,3785951.0
1671,2025-08-25,130.2,132.145,129.77,131.01,3202732.0
1672,2025-08-26,131.36,132.5,130.27,130.99,3735748.0
1673,2025-08-27,131.115,132.6679,130.6541,132.5,3799268.0
1674,2025-08-28,133.7,135.18,132.74,134.05,11144072.0
1675,2025-08-29,124.03,124.9,119.63,122.15,24363215.0
1676,2025-09-02,119.11,121.38,117.7,120.96,8969874.0
1677,2025-09-03,121.89,124.03,120.9,124.02,5966804.0
1678,2025-09-04,124.015,127.35,122.9225,126.67,7053769.0
1679,2025-09-05,127.175,128.42,123.28,124.83,6413059.0
1680,2025-09-08,125.19,125.605,122.79,123.0,5187097.0
1681,2025-09-09,120.87,121.71,118.15,121.29,10704358.0
1682,2025-09-10,123.43,127.12,123.42,124.45,8447197.0
1683,2025-09-11,124.905,128.76,124.52,125.37,6159381.0
1684,2025-09-12,125.9,127.64,124.97,125.04,4365666.0
1685,2025-09-15,126.39,128.305,125.01,126.8,5734417.0
1686,2025-09-16,127.64,128.6899,125.9018,127.68,4461322.0
1687,2025-09-17,128.1,133.0,127.9,130.34,8236969.0
1688,2025-09-18,131.965,133.649,131.46,132.11,5528870.0
1689,2025-09-19,132.945,133.9687,131.94,131.94,9051982.0
1690,2025-09-22,132.62,137.98,131.81,135.69,10255248.0
1691,2025-09-23,136.08,137.345,133.25,134.34,4750827.0
1692,2025-09-24,135.0,135.5,131.72,132.09,3921892.0
1693,2025-09-25,129.375,131.2592,127.1201,130.96,4758872.0
1694,2025-09-26,128.01,131.11,127.6,130.76,3841026.0
1695,2025-09-29,132.125,134.59,132.125,133.9,3833449.0
1696,2025-09-30,134.04,141.77,134.0,141.77,9934552.0
1697,2025-10-01,140.91,149.68,140.395,149.68,13611989.0
1698,2025-10-02,150.49,152.1,144.61,147.37,7490815.0
1699,2025-10-03,148.26,149.2,140.41,140.74,6526655.0
1700,2025-10-06,145.52,149.28,144.26,145.76,10454686.0
1701,2025-10-07,152.8,154.7,144.4,150.87,18683188.0
1702,2025-10-08,154.71,166.1,154.0,164.53,18937941.0
1703,2025-10-09,164.32,164.94,155.15,155.95,13275627.0
1704,2025-10-10,157.57,159.28,150.42,150.57,11749106.0
1705,2025-10-13,155.55,155.55,151.11,153.4,6800939.0
1706,2025-10-14,149.975,152.56,148.1,148.77,7096445.0
1707,2025-10-15,152.165,155.7799,151.415,153.7,5804509.0
1708,2025-10-16,155.295,158.5,149.67,151.31,6947603.0
1709,2025-10-17,150.415,151.2399,147.29,149.59,5301468.0
1710,2025-10-20,150.19,151.41,147.13,147.87,5829581.0
1711,2025-10-21,147.95,151.3,145.09,149.43,5191375.0
1712,2025-10-22,150.195,151.39,145.25,150.13,6136709.0
1713,2025-10-23,150.0,155.34,149.6,154.23,5817217.0
1714,2025-10-24,157.6,159.94,156.8001,158.64,5081468.0
1715,2025-10-27,160.5,162.37,159.1601,162.19,5480028.0
1716,2025-10-28,162.42,167.0,160.6801,164.88,6446412.0
1717,2025-10-29,167.19,167.94,161.97,163.6,4511493.0
1718,2025-10-30,160.89,164.07,160.21,161.01,3105193.0
1719,2025-10-31,162.94,163.384,158.0,162.01,4079199.0
1720,2025-11-03,167.15,168.08,159.86,160.11,4614614.0
1721,2025-11-04,155.47,157.9165,153.31,154.64,5330224.0
1722,2025-11-05,152.1,154.93,149.15,152.41,7326542.0
1723,2025-11-06,152.735,155.0,148.82,149.18,4255086.0
1724,2025-11-07,147.24,147.99,143.08,146.7,5780820.0
1725,2025-11-10,149.74,150.045,141.09,142.69,8203558.0
1726,2025-11-11,140.3,141.0,136.29,138.76,7116087.0
1727,2025-11-12,140.65,143.785,139.75,140.71,5502993.0
1728,2025-11-13,139.8,140.15,132.3,133.94,6911959.0
1729,2025-11-14,130.18,137.1825,129.33,133.76,5573277.0
1730,2025-11-17,124.0,128.41,120.0103,122.48,15291144.0
1731,2025-11-18,120.815,126.04,119.3901,122.69,10147079.0
1732,2025-11-19,122.59,123.585,118.87,119.38,6729224.0
1733,2025-11-20,123.65,125.68,116.75,117.4,8855023.0
1734,2025-11-21,118.235,123.455,116.56,122.51,8401641.0
1735,2025-11-24,124.8,129.41,124.275,127.22,8985949.0
1736,2025-11-25,123.09,127.12,123.05,125.92,14794070.0
1737,2025-11-26,133.58,135.35,128.0801,133.26,16424919.0
1738,2025-11-28,134.25,134.5,130.01,133.35,5612640.0
1739,2025-12-01,131.71,132.14,127.765,132.09,6720096.0
1740,2025-12-02,135.01,138.04,134.813,135.95,6981599.0
1741,2025-12-03,135.4,136.105,133.24,133.63,5630736.0
1742,2025-12-04,134.0,139.31,132.61,138.99,6857097.0
1743,2025-12-05,138.95,139.2,136.11,138.91,5001590.0
1744,2025-12-08,138.615,142.34,138.6,140.41,3915438.0
1745,2025-12-09,139.04,139.92,137.12,138.22,3464821.0
1746,2025-12-10,137.77,141.13,136.26,140.63,4576003.0
1747,2025-12-11,138.825,139.06,134.68,138.6,4933520.0
1748,2025-12-12,137.86,139.49,129.44,129.98,9299012.0
1749,2025-12-15,131.3,133.4299,129.61,130.51,5336226.0
1750,2025-12-16,130.285,135.0,130.02,133.75,5365614.0
1751,2025-12-17,133.465,133.74,126.61,127.89,6125680.0
1752,2025-12-18,128.01,128.6925,122.1,122.94,9344794.0
1753,2025-12-19,123.96,127.15,123.7,126.42,9715400.0
1754,2025-12-22,128.77,128.85,125.36,126.61,4852725.0
1755,2025-12-23,126.33,128.63,126.33,127.62,3494371.0
1756,2025-12-24,126.89,129.05,126.21,128.38,1755985.0
1757,2025-12-26,128.65,129.67,128.0,129.24,2733190.0
1758,2025-12-29,128.125,129.345,127.11,127.46,3111973.0
1759,2025-12-30,126.9,128.45,126.9,127.92,2754523.0
1760,2025-12-31,128.13,128.41,125.78,125.88,2925715.0
1761,2026-01-02,128.35,129.35,125.75,127.8,4959254.0
1762,2026-01-05,129.56,131.19,122.09,124.01,8471012.0
1763,2026-01-06,125.1,126.2,121.83,123.93,6595593.0
1764,2026-01-07,123.0,123.295,118.75,120.07,10343405.0
1765,2026-01-08,117.555,119.365,114.79,118.5,11522059.0
1766,2026-01-09,119.02,121.01,117.32,120.62,7001487.0
1767,2026-01-12,118.75,122.08,118.71,120.47,5203381.0
1768,2026-01-13,121.5,121.88,118.91,119.66,5641635.0
1769,2026-01-14,119.1,122.07,117.93,118.69,4788293.0
1770,2026-01-15,121.81,123.65,119.48,119.66,6834002.0
1771,2026-01-16,120.205,122.99,119.2178,120.53,9023326.0
1772,2026-01-20,116.51,117.05,110.835,111.07,11625652.0
1773,2026-01-21,112.33,114.419,110.22,113.26,9162264.0
1774,2026-01-22,114.225,119.59,113.98,117.17,8372247.0
1775,2026-01-23,115.25,115.99,113.76,115.43,6342803.0
1776,2026-01-26,115.01,117.29,115.01,115.93,6309421.0
1777,2026-01-27,116.78,117.84,114.48,114.66,5058330.0
1778,2026-01-28,115.4,118.5,114.221,117.32,5300447.0
1779,2026-01-29,115.7,119.0992,115.31,118.49,6246442.0
1780,2026-01-30,116.82,116.9,112.26,114.44,10734697.0
1781,2026-02-02,114.54,119.295,114.39,119.16,8019704.0
1782,2026-02-03,119.98,121.2,116.2,117.15,8764644.0
1783,2026-02-04,118.155,123.043,116.82,122.04,10914510.0
1784,2026-02-05,120.25,122.72,113.0501,115.39,9298445.0
1785,2026-02-06,116.9,122.565,116.5,121.05,7918021.0
