,Date,Open,High,Low,Close,Volume
0,2004-08-19,2.49097,2.59211,2.39033,2.49944,897317115
1,2004-08-20,2.51614,2.71715,2.50342,2.69798,458801193
2,2004-08-23,2.75876,2.82675,2.7164,2.72512,366812930
3,2004-08-24,2.77095,2.77992,2.57989,2.61228,306358569
4,2004-08-25,2.61452,2.69025,2.58761,2.64042,184622859
5,2004-08-26,2.61427,2.68901,2.60705,2.68801,142554909
6,2004-08-27,2.69273,2.7057,2.6327,2.64417,124810817
7,2004-08-30,2.62249,2.62773,2.54104,2.54104,104417155
8,2004-08-31,2.54826,2.58339,2.54477,2.55001,98812912
9,2004-09-01,2.55823,2.56495,2.48274,2.4972,183611205
10,2004-09-02,2.4708,2.55001,2.46457,2.52858,303773231
11,2004-09-03,2.51464,2.53431,2.47402,2.49121,103525936
12,2004-09-07,2.51614,2.54079,2.48126,2.53033,117492383
13,2004-09-08,2.5094,2.56645,2.50342,2.54826,100173828
14,2004-09-09,2.55399,2.55848,2.51589,2.54851,81610778
15,2004-09-10,2.53083,2.65438,2.52336,2.62373,174783318
16,2004-09-13,2.65612,2.70046,2.65189,2.67779,157609285
17,2004-09-14,2.67654,2.78988,2.66011,2.77718,217581907
18,2004-09-15,2.75401,2.84544,2.74504,2.78988,215253497
19,2004-09-16,2.79835,2.88454,2.78117,2.83896,186184499
20,2004-09-17,2.85016,2.92664,2.8285,2.92664,190327464
21,2004-09-20,2.91319,3.02902,2.90871,2.97322,213559378
22,2004-09-21,2.98444,2.99963,2.92714,2.93536,145244624
23,2004-09-22,2.9244,2.98094,2.9097,2.94881,152326203
24,2004-09-23,2.96027,3.05468,2.91494,3.00959,171503471
25,2004-09-24,3.01258,3.09129,2.98319,2.98493,183314131
26,2004-09-27,2.9782,3.01109,2.93436,2.94582,141976821
27,2004-09-28,3.02155,3.17349,2.99439,3.16004,340148619
28,2004-09-29,3.15606,3.36331,3.14435,3.26516,613154719
29,2004-09-30,3.23577,3.29555,3.21335,3.2283,276434483
30,2004-10-01,3.25819,3.34388,3.21086,3.30253,303897680
31,2004-10-04,3.36903,3.40939,3.33864,3.3643,261661121
32,2004-10-05,3.35434,3.45075,3.29405,3.44675,300850674
33,2004-10-06,3.42633,3.44875,3.38772,3.41462,268867150
34,2004-10-07,3.41064,3.48437,3.40142,3.45872,283608395
35,2004-10-08,3.45547,3.47939,3.41313,3.43081,222415365
36,2004-10-11,3.41263,3.45896,3.33416,3.36928,210412009
37,2004-10-12,3.34886,3.42783,3.32296,3.42259,234390620
38,2004-10-13,3.57006,3.57579,3.48935,3.50978,397154525
39,2004-10-14,3.51251,3.54665,3.45148,3.53718,209809834
40,2004-10-15,3.61016,3.62437,3.53593,3.58974,265117606
41,2004-10-18,3.56707,3.71652,3.5175,3.71553,282026682
42,2004-10-19,3.74891,3.79624,3.67044,3.68514,363874316
43,2004-10-20,3.68738,3.7113,3.47739,3.49956,456557087
44,2004-10-21,3.59696,3.73969,3.52771,3.72102,585695536
45,2004-10-22,4.2481,4.48799,4.08719,4.29518,1481025474
46,2004-10-25,4.39406,4.8432,4.29816,4.66808,1315318941
47,2004-10-26,4.64167,4.79861,4.48374,4.52858,895518619
48,2004-10-27,4.55149,4.72089,4.52783,4.63246,536196746
49,2004-10-28,4.65014,4.8422,4.62324,4.81504,596024846
50,2004-10-29,4.95429,4.98094,4.74779,4.74879,849568648
51,2004-11-01,4.82127,4.9239,4.76448,4.88304,490768659
52,2004-11-02,4.95155,4.96301,4.81604,4.85416,455497259
53,2004-11-03,4.9366,5.02179,4.75152,4.77445,557561917
54,2004-11-04,4.69398,4.7428,4.5672,4.60083,578473450
55,2004-11-05,4.53306,4.54105,4.19853,4.21847,796199879
56,2004-11-08,4.25781,4.37015,4.2197,4.29816,449294856
57,2004-11-09,4.33678,4.36418,4.11682,4.20227,444172353
58,2004-11-10,4.25134,4.29742,4.14323,4.18135,427303423
59,2004-11-11,4.21297,4.57715,4.17412,4.55897,601592958
60,2004-11-12,4.61402,4.72786,4.41899,4.53356,672272252
61,2004-11-15,4.49496,4.69099,4.45261,4.60505,477785765
62,2004-11-16,4.42147,4.47055,4.25532,4.29792,839729107
63,2004-11-17,4.21024,4.42147,4.20975,4.29693,727945343
64,2004-11-18,4.24187,4.34475,4.12829,4.17338,667595359
65,2004-11-19,4.21222,4.23415,4.14797,4.2197,352043583
66,2004-11-22,4.0969,4.22219,4.01818,4.1126,496521439
67,2004-11-23,4.18408,4.25532,4.14747,4.17288,498331978
68,2004-11-24,4.35471,4.41425,4.29718,4.35322,613455806
69,2004-11-26,4.37912,4.48449,4.36717,4.46855,260143640
70,2004-11-29,4.49271,4.55724,4.42172,4.5099,428210700
71,2004-11-30,4.50143,4.55848,4.48997,4.53306,309116531
72,2004-12-01,4.53233,4.54602,4.47253,4.48274,315704326
73,2004-12-02,4.48125,4.52136,4.44762,4.4688,251343855
74,2004-12-03,4.4825,4.51015,4.42396,4.49371,235619057
75,2004-12-06,4.46208,4.50118,4.38461,4.39134,251066855
76,2004-12-07,4.38412,4.38909,4.24835,4.27028,275832308
77,2004-12-08,4.24337,4.32631,4.20301,4.23415,302765591
78,2004-12-09,4.24088,4.32184,4.19653,4.32009,307269860
79,2004-12-10,4.32009,4.35621,4.26678,4.27575,173314011
80,2004-12-13,4.2887,4.31387,4.22094,4.24585,193442716
81,2004-12-14,4.25956,4.45436,4.22469,4.45112,445143862
82,2004-12-15,4.43368,4.50093,4.40055,4.47827,460503341
83,2004-12-16,4.40777,4.49596,4.38287,4.39581,344155090
84,2004-12-17,4.40303,4.49621,4.39781,4.48574,296519028
85,2004-12-20,4.53356,4.69448,4.53033,4.6088,394806042
86,2004-12-21,4.64092,4.68004,4.56843,4.57715,221451885
87,2004-12-22,4.58089,4.65438,4.55872,4.64067,156846530
88,2004-12-23,4.66933,4.69797,4.6332,4.68053,145108131
89,2004-12-27,4.71167,4.81504,4.71042,4.78042,245049119
90,2004-12-28,4.7854,4.82127,4.75801,4.8016,166433157
91,2004-12-29,4.77718,4.82053,4.77718,4.80508,107512335
92,2004-12-30,4.80682,4.93785,4.77892,4.92216,237028147
93,2004-12-31,4.96301,4.97895,4.79661,4.80234,307851963
94,2005-01-03,4.91717,5.07261,4.86885,5.04969,636065473
95,2005-01-04,5.01682,5.05467,4.81953,4.84494,552230661
96,2005-01-05,4.81879,4.90472,4.78839,4.82028,330658340
97,2005-01-06,4.85938,4.87982,4.67605,4.69673,416990171
98,2005-01-07,4.74879,4.8387,4.70245,4.82875,387917159
99,2005-01-10,4.84494,4.9346,4.77842,4.85889,302677272
100,2005-01-11,4.87284,4.9249,4.81206,4.82102,279357039
101,2005-01-12,4.8407,4.88056,4.7453,4.86685,328297814
102,2005-01-13,4.86685,4.91692,4.83373,4.86561,274969190
103,2005-01-14,4.88229,4.98194,4.83573,4.98094,387009882
104,2005-01-18,5.00585,5.10699,4.94857,5.07909,528814080
105,2005-01-19,5.09753,5.11397,4.89998,4.91469,451940412
106,2005-01-20,4.79511,4.88854,4.78267,4.83048,361369268
107,2005-01-21,4.84593,4.86636,4.68601,4.68999,371678505
108,2005-01-24,4.70021,4.71614,4.49171,4.50168,562941348
109,2005-01-25,4.53208,4.53955,4.39134,4.412,427913627
110,2005-01-26,4.46556,4.71814,4.46258,4.71392,494100695
111,2005-01-27,4.70195,4.70445,4.61327,4.68502,266056999
112,2005-01-28,4.73334,4.84992,4.64167,4.74131,490098238
113,2005-01-31,4.82476,4.89126,4.7757,4.87284,385259560
114,2005-02-01,4.84195,4.89874,4.74854,4.78017,756291731
115,2005-02-02,5.36954,5.40043,5.07311,5.1304,1316728031
116,2005-02-03,5.1314,5.31474,5.12641,5.25246,521407327
117,2005-02-04,5.14336,5.17524,5.04671,5.09055,594920858
118,2005-02-07,5.11297,5.14136,4.8701,4.88304,520295310
119,2005-02-08,4.90622,4.98244,4.84568,4.94807,460864646
120,2005-02-09,5.00088,5.02179,4.71939,4.7722,689349936
121,2005-02-10,4.78192,4.78789,4.61452,4.68252,762060568
122,2005-02-11,4.64964,4.79064,4.63495,4.66808,526541873
123,2005-02-14,4.55474,4.80957,4.50865,4.80732,1548079675
124,2005-02-15,4.82251,4.97795,4.80957,4.86312,1035050610
125,2005-02-16,4.84992,4.965,4.83995,4.94233,663689250
126,2005-02-17,4.92788,4.97596,4.90248,4.92963,418086130
127,2005-02-18,4.94482,4.95304,4.89874,4.93088,340666489
128,2005-02-22,4.89476,4.95454,4.74255,4.76698,541303191
129,2005-02-23,4.81504,4.84444,4.69946,4.83123,625700033
130,2005-02-24,4.56769,4.72911,4.5393,4.7052,1036315177
131,2005-02-25,4.71167,4.73086,4.62099,4.62996,400386197
132,2005-02-28,4.6332,4.72961,4.62946,4.68277,313869699
133,2005-03-01,4.71516,4.72661,4.53356,4.6347,373798161
134,2005-03-02,4.63196,4.6748,4.59236,4.61277,292476426
135,2005-03-03,4.63645,4.6768,4.59111,4.65836,305447277
136,2005-03-04,4.65064,4.66433,4.61005,4.63071,271946271
137,2005-03-07,4.67755,4.72289,4.65886,4.7032,347952808
138,2005-03-08,4.71042,4.72911,4.60755,4.61327,323010717
139,2005-03-09,4.58861,4.59958,4.48774,4.51737,456063303
140,2005-03-10,4.5089,4.51364,4.41899,4.48324,440009316
141,2005-03-11,4.49471,4.5074,4.41275,4.42894,322296135
142,2005-03-14,4.44215,4.4439,4.29866,4.35894,447480302
143,2005-03-15,4.36668,4.48374,4.33953,4.44912,418395246
144,2005-03-16,4.40155,4.44912,4.35944,4.37415,285282442
145,2005-03-17,4.41225,4.47478,4.37912,4.46606,331621820
146,2005-03-18,4.45411,4.49371,4.44165,4.48474,284628078
147,2005-03-21,4.46556,4.5378,4.41524,4.50567,300433166
148,2005-03-22,4.51314,4.53208,4.43018,4.44887,226084619
149,2005-03-23,4.43318,4.48972,4.43318,4.45834,194502544
150,2005-03-24,4.50118,4.50517,4.46381,4.46506,148745268
151,2005-03-28,4.52559,4.6033,4.5074,4.51912,350787045
152,2005-03-29,4.5099,4.56545,4.43568,4.47303,259858611
153,2005-03-30,4.49968,4.51987,4.47378,4.49496,250348259
154,2005-03-31,4.43268,4.51837,4.42496,4.49646,271725474
155,2005-04-01,4.52759,4.55724,4.48349,4.48474,248176415
156,2005-04-04,4.4825,4.61627,4.47977,4.61552,324227110
157,2005-04-05,4.6763,4.73932,4.67231,4.69723,350734856
158,2005-04-06,4.71392,4.72412,4.67255,4.71342,210865648
159,2005-04-07,4.70245,4.84792,4.69896,4.82651,389093408
160,2005-04-08,4.82476,4.85988,4.76895,4.78391,205405927
161,2005-04-11,4.80982,4.85241,4.79064,4.8133,217204544
162,2005-04-12,4.80757,4.84295,4.71814,4.83148,293845371
163,2005-04-13,4.81929,4.84045,4.72611,4.80583,263182617
164,2005-04-14,4.81429,4.84145,4.73533,4.76895,247000166
165,2005-04-15,4.73533,4.74131,4.59983,4.6083,464774769
166,2005-04-18,4.59783,4.68004,4.57068,4.65736,262961820
167,2005-04-19,4.71614,4.78267,4.68377,4.76772,338422384
168,2005-04-20,4.94657,4.9944,4.88007,4.9346,620300530
169,2005-04-21,4.99241,5.10649,4.965,5.08706,712650097
170,2005-04-22,5.55237,5.57978,5.33715,5.37552,1333018873
171,2005-04-25,5.42583,5.5982,5.41836,5.56781,796476880
172,2005-04-26,5.48561,5.52995,5.43729,5.44924,693384509
173,2005-04-27,5.43032,5.50106,5.39893,5.47466,412080437
174,2005-04-28,5.46768,5.53195,5.42334,5.46619,348571041
175,2005-04-29,5.52796,5.53594,5.42583,5.48013,368137716
176,2005-05-02,5.53095,5.5723,5.48511,5.53692,392112312
177,2005-05-03,5.52597,5.6834,5.51302,5.63457,713786200
178,2005-05-04,5.66048,5.72624,5.6545,5.69187,485092156
179,2005-05-05,5.69485,5.69485,5.62661,5.654,301472922
180,2005-05-06,5.68937,5.7103,5.64155,5.6799,271536792
181,2005-05-09,5.67941,5.69187,5.61564,5.63009,222274858
182,2005-05-10,5.61664,5.67443,5.5977,5.67443,254752166
183,2005-05-11,5.70332,5.77855,5.67742,5.76112,460816472
184,2005-05-12,5.74916,5.78502,5.6844,5.69734,359225525
185,2005-05-13,5.70881,5.75613,5.66248,5.7103,297695277
186,2005-05-16,5.72126,5.76959,5.69337,5.75513,228079825
187,2005-05-17,5.74318,5.81492,5.73421,5.80695,313488322
188,2005-05-18,5.81891,5.97733,5.81691,5.95741,494265289
189,2005-05-19,5.9868,6.00723,5.93548,5.95791,390068931
190,2005-05-20,6.00822,6.02017,5.96936,6.01818,327723740
191,2005-05-23,6.05704,6.42919,6.04608,6.36294,858633390
192,2005-05-24,6.4008,6.61203,6.3146,6.37688,1165935367
193,2005-05-25,6.29519,6.50093,6.24337,6.49645,724934468
194,2005-05-26,6.50043,6.57018,6.43418,6.45659,543828311
195,2005-05-27,6.48798,6.62699,6.45759,6.62599,489130743
196,2005-05-31,6.71167,6.93486,6.70968,6.90695,892696425
197,2005-06-01,7.05443,7.29556,7.02504,7.174,1412770938
198,2005-06-02,7.19194,7.21833,7.0893,7.1715,721570317
199,2005-06-03,7.1441,7.20638,6.91045,6.9812,754015509
200,2005-06-06,7.0345,7.31747,7.02054,7.24722,904302346
201,2005-06-07,7.40068,7.46245,7.23128,7.30153,976446933
202,2005-06-08,7.29506,7.30353,6.92489,6.96376,1031762734
203,2005-06-09,7.09229,7.18644,6.98867,7.13215,660028026
204,2005-06-10,7.14908,7.15606,6.97521,7.03699,509705058
205,2005-06-13,6.97023,7.07934,6.88803,7.04347,513984515
206,2005-06-14,6.93935,7.0056,6.91892,6.93386,405139366
207,2005-06-15,6.85017,6.90745,6.66186,6.84518,838352133
208,2005-06-16,6.83173,6.93237,6.80233,6.91095,500303098
209,2005-06-17,6.94981,6.98219,6.87258,6.98219,418889030
210,2005-06-20,6.87707,7.16603,6.76846,7.14161,844036666
211,2005-06-21,7.17599,7.23128,7.09876,7.17,607486244
212,2005-06-22,7.21584,7.2816,7.19094,7.20638,420478772
213,2005-06-23,7.174,7.34337,7.13663,7.21634,564294234
214,2005-06-24,7.24623,7.42309,7.21335,7.40415,713424895
215,2005-06-27,7.44551,7.5845,7.31997,7.57504,714697492
216,2005-06-28,7.62934,7.70308,7.52273,7.52273,764220369
217,2005-06-29,7.53518,7.58202,7.27712,7.29156,734601385
218,2005-06-30,7.33192,7.44601,7.24972,7.32694,605964749
219,2005-07-01,7.34936,7.37925,7.20438,7.2547,370442039
220,2005-07-05,7.27612,7.37278,7.22979,7.3658,300846660
221,2005-07-06,7.40565,7.41312,7.25819,7.26168,321172075
222,2005-07-07,7.20887,7.36829,7.18694,7.36181,428431497
223,2005-07-08,7.37925,7.41064,7.32445,7.37925,299385382
224,2005-07-11,7.38324,7.38821,7.24922,7.30751,336828627
225,2005-07-12,7.3085,7.33342,7.24672,7.26815,235446434
226,2005-07-13,7.28659,7.45398,7.27612,7.44451,459174541
227,2005-07-14,7.60593,7.6413,7.4749,7.49483,428254859
228,2005-07-15,7.5038,7.5576,7.46743,7.5028,338759602
229,2005-07-18,7.47291,7.52024,7.41712,7.46146,249212156
230,2005-07-19,7.52522,7.73098,7.51774,7.71951,506686154
231,2005-07-20,7.61141,7.78678,7.51774,7.77183,574491065
232,2005-07-21,7.82264,7.9163,7.7519,7.82015,794445543
233,2005-07-22,7.63133,7.70308,7.38124,7.53269,938863180
234,2005-07-25,7.53269,7.55511,7.34737,7.36978,387752565
235,2005-07-26,7.34837,7.42309,7.27562,7.37526,394099490
236,2005-07-27,7.41662,7.42907,7.28359,7.39618,289762624
237,2005-07-28,7.40865,7.40865,7.30551,7.311,237883235
238,2005-07-29,7.27712,7.29456,7.14908,7.16801,335744712
239,2005-08-01,7.17698,7.28609,7.17649,7.26367,227317070
240,2005-08-02,7.26367,7.46096,7.25172,7.45298,292665108
241,2005-08-03,7.42309,7.46593,7.36331,7.40565,238083960
242,2005-08-04,7.36231,7.448,7.35434,7.41612,210219313
243,2005-08-05,7.41064,7.43604,7.25669,7.2826,238449280
244,2005-08-08,7.31349,7.36431,7.23577,7.2547,179921879
245,2005-08-09,7.27264,7.29056,7.18694,7.26267,232010021
246,2005-08-10,7.25619,7.2816,7.09628,7.1162,276157482
247,2005-08-11,7.12119,7.13863,6.99016,7.07535,301685690
248,2005-08-12,7.05841,7.2288,7.01557,7.21684,264390982
249,2005-08-15,7.21883,7.29256,7.06838,7.07435,328173364
250,2005-08-16,7.09628,7.16901,7.05791,7.11521,285398862
251,2005-08-17,7.11222,7.13813,7.07435,7.10176,155895094
252,2005-08-18,6.87308,6.98717,6.85017,6.97472,476633604
253,2005-08-19,6.99963,7.01059,6.96526,6.97472,222519742
254,2005-08-22,7.0056,7.01158,6.80932,6.82526,273507912
255,2005-08-23,6.87907,6.96823,6.82824,6.96426,233712170
256,2005-08-24,6.91394,7.09329,6.88604,7.03848,344970034
257,2005-08-25,7.03848,7.07435,6.97422,7.03898,175698624
258,2005-08-26,7.06141,7.09976,7.04098,7.06389,150756533
259,2005-08-29,7.03051,7.20189,7.03051,7.18495,236975958
260,2005-08-30,7.15905,7.21185,7.12119,7.15606,192374859
261,2005-08-31,7.17997,7.18644,7.08332,7.12418,202089950
262,2005-09-01,7.12219,7.16154,7.09926,7.13016,110081615
263,2005-09-02,7.13713,7.22381,7.13513,7.18495,137878016
264,2005-09-06,7.19891,7.20887,7.1441,7.15207,169102800
265,2005-09-07,7.12119,7.36081,7.10624,7.34537,301067457
266,2005-09-08,7.34437,7.45498,7.30751,7.35832,265490955
267,2005-09-09,7.40515,7.45049,7.38722,7.44999,176256640
268,2005-09-12,7.51675,7.75737,7.49782,7.71553,416966084
269,2005-09-13,7.69709,7.85951,7.62636,7.76386,413489527
270,2005-09-14,7.69012,7.80371,7.48038,7.54764,452667036
271,2005-09-15,7.46096,7.6413,7.42109,7.53818,620890661
272,2005-09-16,7.57305,7.585,7.46993,7.4779,304291101
273,2005-09-19,7.49782,7.62236,7.49035,7.56757,231311498
274,2005-09-20,7.62586,7.75439,7.60344,7.6702,375395932
275,2005-09-21,7.68265,7.81567,7.62138,7.76934,406255397
276,2005-09-22,7.75937,7.95168,7.726,7.75589,522141980
277,2005-09-23,7.79673,7.90135,7.78628,7.85552,340582185
278,2005-09-26,7.95865,7.99502,7.78578,7.82862,397210728
279,2005-09-27,7.84556,7.93174,7.8062,7.82015,275920627
280,2005-09-28,7.82712,7.84904,7.61241,7.62236,321055655
281,2005-09-29,7.6393,7.73994,7.62436,7.71254,225366023
282,2005-09-30,7.82712,7.90883,7.7793,7.88293,367378975
283,2005-10-03,7.81268,7.9741,7.79176,7.93822,367740280
284,2005-10-04,7.97011,8.00299,7.74044,7.74692,367097960
285,2005-10-05,7.78876,7.84407,7.67219,7.73945,334343651
286,2005-10-06,7.82513,7.8336,7.724,7.79076,320911133
287,2005-10-07,7.84157,7.8884,7.73545,7.79673,271793720
288,2005-10-10,7.80471,7.84207,7.70058,7.73795,223695991
289,2005-10-11,7.73695,7.78776,7.59397,7.62486,342942711
290,2005-10-12,7.60244,7.65226,7.448,7.49732,373597436
291,2005-10-13,7.52273,7.52273,7.24075,7.40915,424240359
292,2005-10-14,7.47042,7.47889,7.28709,7.37676,341999303
293,2005-10-17,7.41064,7.60244,7.3374,7.59746,303765202
294,2005-10-18,7.59646,7.67119,7.54116,7.55461,284138309
295,2005-10-19,7.57255,7.71902,7.57155,7.68962,281444579
296,2005-10-20,7.72201,7.7499,7.5028,7.55262,558485252
297,2005-10-21,8.61378,8.62972,8.29493,8.46681,919015490
298,2005-10-24,8.553,8.70096,8.5241,8.68452,378635634
299,2005-10-25,8.61328,8.65362,8.54053,8.64168,276129381
300,2005-10-26,8.62573,8.86786,8.62374,8.8539,357591623
301,2005-10-27,8.8828,8.89476,8.76024,8.79462,206120508
302,2005-10-28,8.84992,8.94158,8.84344,8.92167,236996031
303,2005-10-31,8.97348,9.33516,8.95554,9.2699,575795778
304,2005-11-01,9.26291,9.56284,9.19168,9.45025,656615700
305,2005-11-02,9.50803,9.59024,9.39494,9.45772,424148025
306,2005-11-03,9.52547,9.62959,9.50006,9.61415,299016048
307,2005-11-04,9.71428,9.75961,9.60119,9.72574,354275646
308,2005-11-07,9.84183,9.90111,9.76858,9.84033,385050806
309,2005-11-08,9.8204,9.85428,9.67941,9.7123,317045169
310,2005-11-09,9.63208,9.67194,9.41687,9.44476,420193742
311,2005-11-10,9.42484,9.74866,9.40191,9.74218,366471698
312,2005-11-11,9.84232,9.88666,9.68589,9.72474,283580294
313,2005-11-14,9.76759,9.91954,9.75264,9.88815,313448177
314,2005-11-15,9.82389,9.88915,9.7387,9.78453,346246645
315,2005-11-16,9.86922,9.93498,9.81741,9.91804,349068839
316,2005-11-17,10.0087,10.0585,9.95192,10.0495,369823806
317,2005-11-18,10.0505,10.076,9.9599,9.96887,282046754
318,2005-11-21,9.94295,10.2125,9.80147,10.1971,414902631
319,2005-11-22,10.1791,10.3953,10.1194,10.3744,385231458
320,2005-11-23,10.3883,10.5796,10.3569,10.5333,404862365
321,2005-11-25,10.606,10.6803,10.5941,10.6768,194305834
322,2005-11-28,10.7067,10.742,10.5228,10.5488,441932262
323,2005-11-29,10.5732,10.6215,10.0172,10.052,862948977
324,2005-11-30,10.07,10.1741,9.85328,10.0864,626125570
325,2005-12-01,10.1931,10.3485,10.1701,10.3146,391209049
326,2005-12-02,10.3859,10.4501,10.3091,10.4048,302833838
327,2005-12-05,10.3873,10.3998,10.0705,10.1094,413068004
328,2005-12-06,10.1806,10.3724,10.0062,10.077,606779692
329,2005-12-07,10.1174,10.1307,9.93897,10.069,468327602
330,2005-12-08,10.0959,10.2289,10.0297,10.2289,357696000
331,2005-12-09,10.3376,10.3569,10.1771,10.1931,306844323
332,2005-12-12,10.3286,10.3425,10.212,10.2777,279011792
333,2005-12-13,10.2752,10.4123,10.2538,10.3993,327462798
334,2005-12-14,10.3883,10.4551,10.3495,10.4361,266177434
335,2005-12-15,10.4401,10.5403,10.3749,10.5258,242708665
336,2005-12-16,10.5951,10.7735,10.5308,10.7152,655587988
337,2005-12-19,10.766,11.1147,10.4651,10.5766,880652924
338,2005-12-20,10.6578,10.766,10.5786,10.7047,404850322
339,2005-12-21,10.7999,10.882,10.48,10.6195,450503220
340,2005-12-22,10.755,10.7824,10.6095,10.762,302958287
341,2005-12-23,10.765,10.7735,10.6808,10.734,184470308
342,2005-12-27,10.7575,10.7575,10.5308,10.5776,269083933
343,2005-12-28,10.5702,10.6558,10.4935,10.6285,285748124
344,2005-12-29,10.6608,10.6793,10.4411,10.4661,278839169
345,2005-12-30,10.3943,10.4173,10.3061,10.3341,304584160
346,2006-01-03,10.5248,10.8527,10.4178,10.8417,526750627
347,2006-01-04,11.0574,11.1834,10.9542,11.0908,613672589
348,2006-01-05,11.1097,11.2483,10.9976,11.2403,433899247
349,2006-01-06,11.3808,11.72,11.2901,11.5995,712850822
350,2006-01-09,11.6179,11.7922,11.4818,11.6303,513530877
351,2006-01-10,11.5685,11.7135,11.5093,11.7016,365203116
352,2006-01-11,11.7394,11.8351,11.6872,11.7484,361602109
353,2006-01-12,11.8002,11.8321,11.4958,11.5492,406480209
354,2006-01-13,11.566,11.6298,11.4983,11.6139,307374237
355,2006-01-17,11.5347,11.7051,11.5212,11.6358,332011226
356,2006-01-18,11.1421,11.3927,11.0409,11.0828,822398509
357,2006-01-19,11.2383,11.2961,10.7859,10.8716,583599967
358,2006-01-20,10.9279,10.9612,9.83286,9.95043,1650630087
359,2006-01-23,10.1477,10.6713,10.1064,10.6489,912953595
360,2006-01-24,10.8617,11.0838,10.8227,11.036,620826429
361,2006-01-25,11.2408,11.315,10.6917,10.7859,752309346
362,2006-01-26,10.9489,10.9602,10.5508,10.8178,518918336
363,2006-01-27,10.8357,10.9159,10.6858,10.7979,339313603
364,2006-01-30,10.6922,10.7929,10.5866,10.632,344801425
365,2006-01-31,10.7252,10.9504,10.5607,10.7774,885839659
366,2006-02-01,9.69087,10.0137,9.65301,10.0082,1088832872
367,2006-02-02,10.059,10.1257,9.86375,9.86523,474020164
368,2006-02-03,9.80495,9.81193,9.28035,9.50454,733922934
369,2006-02-06,9.59821,9.7123,9.45472,9.59273,358912394
370,2006-02-07,9.54042,9.55785,9.0512,9.16478,667619446
371,2006-02-08,9.17873,9.23353,8.83496,9.19367,835180678
372,2006-02-09,9.24648,9.32619,8.87084,8.93661,478223346
373,2006-02-10,9.01632,9.07958,8.79661,9.03226,611147469
374,2006-02-13,8.6347,8.73334,8.51613,8.61128,791571160
375,2006-02-14,8.60181,8.76024,8.52909,8.552,588284889
376,2006-02-15,8.50119,8.61875,8.4155,8.52859,519757367
377,2006-02-16,8.61078,9.14186,8.5809,9.12841,855710833
378,2006-02-17,9.2131,9.2699,9.05767,9.1857,574884486
379,2006-02-21,9.12791,9.30477,9.09504,9.13189,348699505
380,2006-02-22,9.14585,9.19069,9.06364,9.10401,259987075
381,2006-02-23,9.10698,9.49657,9.10201,9.41786,503884032
382,2006-02-24,9.39843,9.46768,9.30328,9.40092,260312249
383,2006-02-27,9.49757,9.75713,9.47266,9.72425,409968810
384,2006-02-28,9.79449,9.9026,8.43244,9.03276,1583222611
385,2006-03-01,9.18072,9.20263,8.99988,9.08706,484196922
386,2006-03-02,9.07411,9.49309,9.02229,9.377,735869967
387,2006-03-03,9.5728,9.64604,9.36007,9.42035,480214538
388,2006-03-06,9.4886,9.55037,9.14535,9.16926,358884292
389,2006-03-07,9.09254,9.17773,8.92167,9.0781,416656967
390,2006-03-08,8.81605,8.96849,8.73184,8.81505,471527159
391,2006-03-09,8.8529,8.93062,8.50666,8.54403,558433064
392,2006-03-10,8.55648,8.5814,8.25906,8.40702,775826290
393,2006-03-13,8.49222,8.62125,8.35571,8.39607,547674203
394,2006-03-14,8.39806,8.77718,8.28546,8.7473,740703426
395,2006-03-15,8.73733,8.77568,8.48225,8.5814,512603527
396,2006-03-16,8.68352,8.6875,8.41699,8.43841,402120462
397,2006-03-17,8.43941,8.51363,8.34276,8.46432,343308031
398,2006-03-20,8.52759,8.7204,8.50766,8.67356,417813144
399,2006-03-21,8.7184,8.75974,8.44638,8.46731,394669549
400,2006-03-22,8.46332,8.57143,8.40702,8.47478,304941450
401,2006-03-23,8.52809,8.61278,8.47428,8.51613,298466061
402,2006-03-24,9.18222,9.21857,9.03026,9.11197,609425248
403,2006-03-27,9.14385,9.25944,9.09204,9.20863,281966464
404,2006-03-28,9.25944,9.41238,9.24548,9.39594,359129177
405,2006-03-29,9.46419,9.93897,9.45373,9.83883,763859064
406,2006-03-30,9.69486,9.80197,9.55537,9.67593,590601256
407,2006-03-31,9.6834,9.76161,9.56632,9.71478,1466151750
408,2006-04-03,9.70283,9.77656,9.66297,9.7073,326085824
409,2006-04-04,9.7123,10.0859,9.66846,10.072,630906840
410,2006-04-05,10.1681,10.3266,10.0342,10.1632,538364576
411,2006-04-06,10.1253,10.3096,10.0994,10.2424,345186817
412,2006-04-07,10.2728,10.2837,10.064,10.1174,282054783
413,2006-04-10,10.1402,10.3913,10.0944,10.3719,374155452
414,2006-04-11,10.3729,10.4396,10.1189,10.2045,445898588
415,2006-04-12,10.1881,10.2459,10.0934,10.1871,241552489
416,2006-04-13,10.1791,10.207,9.97632,10.0177,263066197
417,2006-04-17,10.0495,10.2752,9.9848,10.1337,331577660
418,2006-04-18,10.1612,10.209,10.0012,10.0695,326683984
419,2006-04-19,10.2767,10.3036,10.1312,10.2254,272251373
420,2006-04-20,10.2379,10.3624,10.1681,10.3376,492639417
421,2006-04-21,11.1819,11.2273,10.8646,10.888,905322029
422,2006-04-24,10.9454,11.0774,10.8736,10.9727,354737313
423,2006-04-25,10.9513,10.9862,10.6115,10.6405,384147543
424,2006-04-26,10.6548,10.7122,10.5498,10.6105,292167310
425,2006-04-27,10.5348,10.6345,10.4471,10.4631,334725029
426,2006-04-28,10.4281,10.6045,10.3699,10.4108,297928118
427,2006-05-01,10.4243,10.4481,9.92801,9.93648,415950415
428,2006-05-02,9.99075,10.0257,9.67493,9.83436,526072176
429,2006-05-03,9.8732,10.0012,9.7367,9.81841,324058501
430,2006-05-04,9.84033,9.93598,9.76958,9.83336,186754558
431,2006-05-05,9.90409,9.9808,9.75913,9.82189,243479449
432,2006-05-08,9.84232,9.89214,9.71578,9.83386,205486217
433,2006-05-09,9.85677,10.1881,9.80844,10.1831,366949423
434,2006-05-10,10.1711,10.2558,10.0102,10.0382,248385169
435,2006-05-11,10.0491,10.0814,9.58974,9.64005,357001491
436,2006-05-12,9.55387,9.58724,9.30527,9.31922,404966742
437,2006-05-15,9.36406,9.46967,9.17275,9.37103,344849599
438,2006-05-16,9.36605,9.38747,9.2136,9.24897,260585235
439,2006-05-17,9.23154,9.4617,9.22207,9.32869,427295394
440,2006-05-18,9.4353,9.51053,9.23453,9.2415,234246098
441,2006-05-19,9.29829,9.32869,8.98145,9.2171,457580785
442,2006-05-22,9.16279,9.29232,9.09801,9.2405,345423672
443,2006-05-23,9.32122,9.56234,9.30527,9.35559,360622571
444,2006-05-24,9.39992,9.55137,9.25644,9.49657,383537339
445,2006-05-25,9.44278,9.54042,9.27438,9.54042,328972250
446,2006-05-26,9.57927,9.61215,9.46668,9.49956,147211729
447,2006-05-30,9.42284,9.49059,9.25246,9.26491,173265837
448,2006-05-31,9.31125,9.42184,9.13638,9.26193,320409320
449,2006-06-01,9.30477,9.54042,9.25644,9.53095,252030335
450,2006-06-02,9.63607,9.64205,9.40191,9.45174,256382053
451,2006-06-05,9.37053,9.50156,9.32022,9.32719,223146004
452,2006-06-06,9.3805,9.71478,9.37353,9.71478,411879712
453,2006-06-07,9.79549,9.83584,9.6276,9.6281,357744174
454,2006-06-08,9.65899,9.82139,9.43081,9.79698,415882169
455,2006-06-09,9.76958,9.85029,9.59921,9.62909,247192862
456,2006-06-12,9.67343,9.72674,9.49059,9.50405,201491789
457,2006-06-13,9.48811,9.64005,9.41886,9.6281,307474600
458,2006-06-14,9.7108,9.74218,9.42881,9.57529,312006971
459,2006-06-15,9.63059,9.77058,9.54042,9.73969,272411953
460,2006-06-16,9.69236,9.7377,9.66496,9.73222,212953188
461,2006-06-19,9.73571,9.83436,9.63955,9.66846,306430830
462,2006-06-20,9.66596,9.76161,9.6281,9.64404,162181801
463,2006-06-21,9.74119,10.0635,9.7088,10.0167,351043973
464,2006-06-22,10.0032,10.1134,9.66496,9.96288,237333249
465,2006-06-23,10.0327,10.207,9.9823,10.0849,213362667
466,2006-06-26,10.1322,10.1706,10.0446,10.069,142562938
467,2006-06-27,10.1064,10.1632,9.98875,10.0217,164879546
468,2006-06-28,10.0635,10.1253,9.99175,10.1164,148958037
469,2006-06-29,10.1632,10.4173,10.1089,10.4073,267293465
470,2006-06-30,10.3524,10.4451,10.2708,10.4451,251227435
471,2006-07-03,10.4631,10.5558,10.4481,10.5418,86580730
472,2006-07-05,10.5,10.5318,10.3534,10.4985,200146932
473,2006-07-06,10.5463,10.5961,10.5114,10.5418,148018644
474,2006-07-07,10.6125,10.6583,10.3594,10.4731,242552099
475,2006-07-10,10.5478,10.5926,10.3719,10.4173,178099295
476,2006-07-11,10.4253,10.5876,10.2887,10.5757,239717862
477,2006-07-12,10.5139,10.5303,10.3804,10.3933,196979491
478,2006-07-13,10.3126,10.4208,10.1342,10.1841,277984080
479,2006-07-14,10.2209,10.2499,9.92901,10.051,303179085
480,2006-07-17,10.0794,10.2379,10.0565,10.1602,233318749
481,2006-07-18,10.207,10.2269,9.90759,10.0396,342709870
482,2006-07-19,9.83933,9.99225,9.83086,9.93897,341975216
483,2006-07-20,10.0705,10.0745,9.60668,9.64305,503366162
484,2006-07-21,9.61863,9.75863,9.4079,9.71777,471888464
485,2006-07-24,9.78503,9.81144,9.49558,9.7372,324616517
486,2006-07-25,9.59074,9.74766,9.56034,9.69884,231279382
487,2006-07-26,9.66994,9.76261,9.54042,9.60268,222078147
488,2006-07-27,9.64902,9.65201,9.41487,9.52547,226461982
489,2006-07-28,9.5155,9.70383,9.50853,9.66796,163936138
490,2006-07-31,9.66496,9.69386,9.54839,9.63009,184478337
491,2006-08-01,9.59323,9.60916,9.35409,9.35409,219320186
492,2006-08-02,9.35609,9.39494,9.09701,9.14784,284941209
493,2006-08-03,9.09154,9.41387,9.0512,9.3511,253997440
494,2006-08-04,9.45472,9.48262,9.26044,9.31225,204546824
495,2006-08-07,9.25395,9.45871,9.24548,9.41487,158448316
496,2006-08-08,9.53593,9.57778,9.44278,9.49059,230560787
497,2006-08-09,9.53543,9.58227,9.37502,9.38947,173065112
498,2006-08-10,9.31324,9.4079,9.27787,9.32122,171093992
499,2006-08-11,9.32619,9.34811,9.16676,9.17923,151206157
500,2006-08-14,9.25395,9.34413,9.1837,9.20263,199452423
501,2006-08-15,9.31922,9.50753,9.28135,9.48959,268899266
502,2006-08-16,9.55237,9.67593,9.51849,9.65799,234976737
503,2006-08-17,9.62511,9.71478,9.56334,9.61016,203944649
504,2006-08-18,9.62312,9.64205,9.48462,9.54938,198806089
505,2006-08-21,9.41836,9.44078,9.34662,9.39843,161515394
506,2006-08-22,9.40889,9.44725,9.33716,9.42284,167167811
507,2006-08-23,9.4069,9.42284,9.28285,9.30228,146220148
508,2006-08-24,9.32719,9.376,9.27288,9.30925,139804976
509,2006-08-25,9.29331,9.34911,9.27886,9.29779,99025681
510,2006-08-28,9.35609,9.48959,9.34113,9.48959,167163796
511,2006-08-29,9.48512,9.52348,9.39594,9.43978,179046718
512,2006-08-30,9.44575,9.58127,9.42881,9.48462,162362454
513,2006-08-31,9.50256,9.51949,9.42084,9.42881,118825197
514,2006-09-01,9.49059,9.49757,9.39594,9.43081,107303581
515,2006-09-05,9.4627,9.6002,9.40191,9.57429,163562789
516,2006-09-06,9.518,9.5454,9.45722,9.46918,149504009
517,2006-09-07,9.45074,9.50953,9.40092,9.42783,154237105
518,2006-09-08,9.38398,9.48562,9.38398,9.41188,123783105
519,2006-09-11,9.42234,9.58227,9.40989,9.56732,181824752
520,2006-09-12,9.59024,9.78253,9.58724,9.76211,218477141
521,2006-09-13,9.84331,10.1322,9.84183,10.1272,392144428
522,2006-09-14,10.071,10.1204,10.0117,10.063,215422106
523,2006-09-15,10.1502,10.2139,10.1317,10.21,314664570
524,2006-09-18,10.2129,10.4291,10.2,10.3296,285298500
525,2006-09-19,10.349,10.3495,9.78303,10.0585,573788528
526,2006-09-20,10.1407,10.1482,9.82986,9.88915,367238468
527,2006-09-21,9.97135,10.1741,9.96039,10.1342,429234397
528,2006-09-22,10.0879,10.1492,9.99774,10.058,186658210
529,2006-09-25,10.1029,10.1991,10.0262,10.063,230323931
530,2006-09-26,10.1009,10.1552,10.0077,10.1352,212342984
531,2006-09-27,10.1209,10.2434,10.0227,10.0367,235920145
532,2006-09-28,10.0655,10.1377,9.97732,10.053,205036593
533,2006-09-29,10.0914,10.1039,9.99874,10.0112,132916093
534,2006-10-02,10.0112,10.1134,9.9838,9.99974,146605540
535,2006-10-03,9.99574,10.1248,9.91904,10.0645,219380403
536,2006-10-04,10.0874,10.3564,10.0396,10.3549,267437987
537,2006-10-05,10.3301,10.4183,10.2344,10.2578,232431544
538,2006-10-06,10.2184,10.5099,10.207,10.4745,294523822
539,2006-10-09,10.5816,10.76,10.5473,10.6863,304431609
540,2006-10-10,10.75,10.9065,10.5218,10.6275,392963386
541,2006-10-11,10.5871,10.7092,10.5558,10.624,226233155
542,2006-10-12,10.6753,10.7032,10.5617,10.6474,194462399
543,2006-10-13,10.6553,10.6987,10.6006,10.644,145425277
544,2006-10-16,10.6538,10.6912,10.4955,10.5059,173402330
545,2006-10-17,10.4696,10.5558,10.3799,10.478,209195616
546,2006-10-18,10.5368,10.5806,10.3998,10.4451,241564532
547,2006-10-19,10.4681,10.6987,10.4511,10.613,461808054
548,2006-10-20,11.4335,11.461,11.2991,11.4505,467604992
549,2006-10-23,11.5153,12.0723,11.4675,11.9761,606370213
550,2006-10-24,11.8639,11.9034,11.7424,11.7902,347663764
551,2006-10-25,11.8939,12.1684,11.8351,12.1211,368832224
552,2006-10-26,12.148,12.2546,12.0613,12.0837,282287624
553,2006-10-27,12.0538,12.0871,11.7694,11.8371,265117606
554,2006-10-30,11.8276,11.9681,11.7075,11.8709,263475676
555,2006-10-31,11.9084,12.0104,11.8032,11.8669,252327408
556,2006-11-01,11.9258,11.9347,11.5895,11.6453,217838835
557,2006-11-02,11.6453,11.8002,11.6174,11.7055,210227342
558,2006-11-03,11.7634,11.8012,11.5845,11.7524,197019636
559,2006-11-06,11.8012,11.9482,11.7654,11.8809,200383787
560,2006-11-07,11.8809,11.9322,11.7514,11.7714,196594099
561,2006-11-08,11.7165,12.0,11.6727,11.8321,319754957
562,2006-11-09,11.8694,11.9437,11.7539,11.7734,195875503
563,2006-11-10,11.8017,11.8251,11.7145,11.7962,112273532
564,2006-11-13,11.8296,11.9856,11.8107,11.9826,174305593
565,2006-11-14,11.9741,12.2048,11.9691,12.1883,289983422
566,2006-11-15,12.2915,12.4509,12.2536,12.2536,336041785
567,2006-11-16,12.3303,12.397,12.2695,12.3527,204442447
568,2006-11-17,12.2865,12.4464,12.2805,12.425,221239117
569,2006-11-20,12.415,12.415,12.2715,12.3313,205723073
570,2006-11-21,12.3687,12.7039,12.3512,12.695,338322021
571,2006-11-22,12.7279,12.7787,12.5989,12.6541,180680619
572,2006-11-24,12.5669,12.6417,12.5545,12.5794,69559248
573,2006-11-27,12.4887,12.4992,12.0753,12.0753,294050111
574,2006-11-28,11.9846,12.2023,11.8829,12.1933,313034683
575,2006-11-29,12.3113,12.3238,12.0124,12.0723,253527744
576,2006-11-30,12.0613,12.2157,11.9956,12.0763,223908760
577,2006-12-01,12.1056,12.1659,11.9193,11.9766,226072575
578,2006-12-04,12.0314,12.142,11.9407,12.0773,196706505
579,2006-12-05,12.141,12.1918,12.0783,12.131,164714951
580,2006-12-06,12.13,12.2655,12.0693,12.1738,178657311
581,2006-12-07,12.2117,12.2506,12.0169,12.0224,187248342
582,2006-12-08,12.005,12.1709,11.9566,12.0593,159572376
583,2006-12-11,12.0793,12.1783,12.0513,12.0543,131009206
584,2006-12-12,12.0523,12.1151,11.9636,12.001,167846261
585,2006-12-13,12.0733,12.0936,11.8824,11.9317,187160023
586,2006-12-14,11.9626,12.0503,11.8884,12.0094,190644609
587,2006-12-15,12.0224,12.0593,11.9526,11.9641,208384687
588,2006-12-18,12.0194,12.0249,11.4764,11.5282,321826439
589,2006-12-19,11.5013,11.6906,11.4211,11.6737,264435141
590,2006-12-20,11.7075,11.7449,11.5162,11.5307,175345348
591,2006-12-21,11.5625,11.589,11.2676,11.3638,279140256
592,2006-12-22,11.3962,11.4246,11.2771,11.3483,160110319
593,2006-12-26,11.3718,11.4455,11.324,11.3967,83272781
594,2006-12-27,11.4585,11.6597,11.436,11.6587,169873584
595,2006-12-28,11.6358,11.6722,11.5143,11.5222,125099861
596,2006-12-29,11.5108,11.57,11.455,11.4705,102739094
597,2007-01-03,11.6079,11.8734,11.4863,11.6478,309377473
598,2007-01-04,11.6827,12.0553,11.6667,12.0378,316647733
599,2007-01-05,12.0189,12.1435,11.9099,12.136,275880482
600,2007-01-08,12.148,12.2028,12.0114,12.0458,190865407
601,2007-01-09,12.0921,12.1619,11.9866,12.0936,216036324
602,2007-01-10,12.0673,12.2945,12.0074,12.1923,239605456
603,2007-01-11,12.3851,12.4987,12.3597,12.4479,289373218
604,2007-01-12,12.5047,12.5794,12.4549,12.5794,179596704
605,2007-01-16,12.6432,12.7787,12.537,12.5614,303853521
606,2007-01-17,12.5395,12.6481,12.3148,12.387,268935396
607,2007-01-18,12.3183,12.3672,12.142,12.152,238140164
608,2007-01-19,12.1555,12.2247,12.1246,12.1998,199853873
609,2007-01-22,12.268,12.2715,11.9193,11.9776,216955645
610,2007-01-23,11.9766,12.0753,11.8889,11.9327,187296516
611,2007-01-24,12.0673,12.4434,12.0383,12.432,243250623
612,2007-01-25,12.4797,12.5669,12.0976,12.1579,255663458
613,2007-01-26,12.2287,12.4025,12.132,12.3512,220657014
614,2007-01-29,12.405,12.424,12.2182,12.2675,191720495
615,2007-01-30,12.3054,12.405,12.2361,12.3133,167826189
616,2007-01-31,12.3672,12.5794,12.3433,12.4922,490013933
617,2007-02-01,12.6044,12.6044,11.9946,12.0005,628618574
618,2007-02-02,12.0214,12.0813,11.9019,11.9941,252371567
619,2007-02-05,11.8944,11.9069,11.6129,11.6368,289321029
620,2007-02-06,11.6602,11.7897,11.6393,11.7444,213647697
621,2007-02-07,11.8027,11.8162,11.6772,11.7075,165389387
622,2007-02-08,11.6587,11.8012,11.587,11.7335,163659137
623,2007-02-09,11.7484,11.7744,11.4958,11.5053,195048516
624,2007-02-12,11.4754,11.5182,11.3344,11.4156,231014425
625,2007-02-13,11.4375,11.5277,11.3902,11.436,163093093
626,2007-02-14,11.4585,11.6857,11.439,11.6059,228778349
627,2007-02-15,11.6079,11.6109,11.4764,11.4953,162282164
628,2007-02-16,11.5282,11.7115,11.5098,11.706,247975689
629,2007-02-20,11.6697,11.7764,11.576,11.7599,163293818
630,2007-02-21,11.7036,11.9238,11.6512,11.8536,226441909
631,2007-02-22,11.9238,12.0623,11.8172,11.8531,230588888
632,2007-02-23,11.8511,11.8809,11.6527,11.723,155866992
633,2007-02-26,11.7783,11.8381,11.5522,11.581,159371651
634,2007-02-27,11.3339,11.4535,11.1386,11.1784,373862393
635,2007-02-28,11.2193,11.301,11.036,11.1954,322456716
636,2007-03-01,11.0271,11.2696,10.9602,11.1656,348667389
637,2007-03-02,11.0878,11.177,10.9274,10.9274,264298648
638,2007-03-05,10.886,11.0973,10.8855,10.9842,255125515
639,2007-03-06,11.1466,11.4335,11.1441,11.3977,302440416
640,2007-03-07,11.5252,11.5367,11.316,11.3498,262311470
641,2007-03-08,11.439,11.5955,11.3115,11.327,215289627
642,2007-03-09,11.4086,11.4186,11.2119,11.2831,199829786
643,2007-03-12,11.2731,11.3399,11.2373,11.328,139118497
644,2007-03-13,11.2123,11.2571,11.031,11.036,256016734
645,2007-03-14,11.0409,11.176,10.9354,11.1596,321838482
646,2007-03-15,11.1561,11.2049,11.0584,11.1147,158339924
647,2007-03-16,11.1008,11.1271,10.9572,10.9812,227184592
648,2007-03-19,11.0409,11.172,10.9762,11.1406,208661687
649,2007-03-20,11.1047,11.1496,11.0499,11.0918,137356131
650,2007-03-21,11.0923,11.3728,11.0898,11.3728,232772776
651,2007-03-22,11.3488,11.5123,11.2721,11.5093,228051724
652,2007-03-23,11.4943,11.5432,11.3858,11.5043,165048155
653,2007-03-26,11.4725,11.583,11.3493,11.583,189095012
654,2007-03-27,11.5472,11.589,11.467,11.5487,150190489
655,2007-03-28,11.5053,11.594,11.4625,11.5053,184329800
656,2007-03-29,11.572,11.6079,11.3339,11.4813,160118348
657,2007-03-30,11.5108,11.5432,11.3623,11.4126,135698142
658,2007-04-02,11.4027,11.4216,11.2621,11.4216,138440046
659,2007-04-03,11.5591,11.8132,11.5581,11.7724,261014787
660,2007-04-04,11.7609,11.7822,11.6971,11.733,151699941
661,2007-04-05,11.7399,11.7594,11.6981,11.7454,109025801
662,2007-04-09,11.7817,11.7822,11.598,11.6627,122928016
663,2007-04-10,11.6348,11.7275,11.587,11.6204,119604010
664,2007-04-11,11.6094,11.6926,11.5232,11.571,153032755
665,2007-04-12,11.5581,11.6577,11.5143,11.6428,108708656
666,2007-04-13,11.6687,11.6767,11.5422,11.6149,112197257
667,2007-04-16,11.6692,11.8819,11.6617,11.8142,203852316
668,2007-04-17,11.8022,11.8669,11.7474,11.7773,128869477
669,2007-04-18,11.7389,11.9541,11.6956,11.857,227642245
670,2007-04-19,11.8197,12.0055,11.6976,11.7484,441980436
671,2007-04-20,12.2187,12.268,12.0069,12.0184,488223466
672,2007-04-23,11.9591,12.0813,11.9133,11.9337,227806839
673,2007-04-24,11.9218,11.9561,11.8461,11.8949,148323746
674,2007-04-25,11.9566,11.9906,11.86,11.9069,159247202
675,2007-04-26,11.9094,12.0673,11.8849,11.9861,165594127
676,2007-04-27,11.9586,12.0164,11.9148,11.9317,117452238
677,2007-04-30,11.9357,11.9906,11.7419,11.7419,146175988
678,2007-05-01,11.7624,11.7773,11.562,11.6827,146858453
679,2007-05-02,11.6737,11.7345,11.601,11.6025,122952103
680,2007-05-03,11.6134,11.8092,11.59,11.7882,144289173
681,2007-05-04,11.7105,11.8281,11.6049,11.7355,158572765
682,2007-05-07,11.7609,11.7778,11.6199,11.6398,121241926
683,2007-05-08,11.6109,11.6617,11.576,11.6279,116625251
684,2007-05-09,11.6119,11.7504,11.5551,11.6887,156160051
685,2007-05-10,11.6338,11.6946,11.4838,11.4953,147986528
686,2007-05-11,11.5043,11.6328,11.4833,11.6264,118190906
687,2007-05-14,11.595,11.6458,11.4585,11.5028,155469557
688,2007-05-15,11.5073,11.5217,11.3937,11.4086,165357271
689,2007-05-16,11.5083,11.7857,11.434,11.7724,263118385
690,2007-05-17,11.7689,11.8376,11.7275,11.7315,187099805
691,2007-05-18,11.7584,11.7749,11.7016,11.7155,148371920
692,2007-05-21,11.6956,11.9367,11.6259,11.7225,247265123
693,2007-05-22,11.7822,11.9317,11.7822,11.8536,154116670
694,2007-05-23,11.9771,12.0413,11.8012,11.8062,203141749
695,2007-05-24,11.8361,11.9367,11.7449,11.8152,167549188
696,2007-05-25,11.9492,12.0803,11.8889,12.0443,214715554
697,2007-05-29,12.0813,12.2506,12.0563,12.134,209476631
698,2007-05-30,12.0688,12.426,12.0314,12.42,290882670
699,2007-05-31,12.4688,12.6736,12.3817,12.403,358266059
700,2007-06-01,12.4797,12.5799,12.403,12.4648,192655874
701,2007-06-04,12.403,12.7169,12.395,12.6312,285069673
702,2007-06-05,12.6979,12.9281,12.6192,12.9241,419398871
703,2007-06-06,12.8723,12.9725,12.8349,12.9092,316611603
704,2007-06-07,12.9471,13.115,12.7667,12.83,426761465
705,2007-06-08,12.8584,12.9441,12.6905,12.8404,255249964
706,2007-06-11,12.8041,12.9092,12.7039,12.7373,186581935
707,2007-06-12,12.6721,12.7458,12.5335,12.5734,257710853
708,2007-06-13,12.6312,12.6676,12.422,12.5854,282379958
709,2007-06-14,12.5889,12.6014,12.4972,12.5256,185518092
710,2007-06-15,12.6591,12.6791,12.4857,12.6014,247859269
711,2007-06-18,12.6087,12.8534,12.5604,12.8335,194137225
712,2007-06-19,12.8036,12.8843,12.7423,12.8111,174843536
713,2007-06-20,12.8773,12.9221,12.6806,12.7029,174157056
714,2007-06-21,12.7284,12.8354,12.6112,12.8066,177027424
715,2007-06-22,12.8639,13.0776,12.8559,13.0771,289192565
716,2007-06-25,13.1767,13.3267,13.0373,13.1378,318149157
717,2007-06-26,13.2699,13.2819,13.1085,13.2087,228405000
718,2007-06-27,13.0776,13.1523,12.9421,13.1095,245811874
719,2007-06-28,13.0746,13.1897,13.0477,13.0776,167340434
720,2007-06-29,13.103,13.1373,12.9396,13.0203,155786702
721,2007-07-02,13.0895,13.248,13.0577,13.2116,140009716
722,2007-07-03,13.2285,13.3117,13.1398,13.3102,75143418
723,2007-07-05,13.3407,13.5609,13.2559,13.4921,198432740
724,2007-07-06,13.4821,13.5479,13.4194,13.4363,110278326
725,2007-07-09,13.5259,13.6689,13.4577,13.515,149732836
726,2007-07-10,13.5459,13.6256,13.4921,13.5344,154799135
727,2007-07-11,13.5409,13.6131,13.4512,13.5629,132851861
728,2007-07-12,13.5972,13.6336,13.4567,13.5843,138163045
729,2007-07-13,13.6486,13.7666,13.6316,13.7541,210243400
730,2007-07-16,13.7078,13.9141,13.6829,13.7751,264936954
731,2007-07-17,13.8259,13.8926,13.7596,13.8249,173771664
732,2007-07-18,13.797,13.8125,13.5459,13.6879,244081624
733,2007-07-19,13.7865,13.788,13.5071,13.6654,446701489
734,2007-07-20,12.7513,13.0323,12.6915,12.9561,713469055
735,2007-07-23,12.9281,12.9531,12.7578,12.7667,255189747
736,2007-07-24,12.6865,12.9206,12.6322,12.8036,223691977
737,2007-07-25,12.8778,12.8788,12.5934,12.6979,222604047
738,2007-07-26,12.6726,12.7687,12.427,12.6541,276334120
739,2007-07-27,12.6671,12.8689,12.5919,12.7508,221162841
740,2007-07-30,12.7767,12.9366,12.7164,12.8564,159106694
741,2007-07-31,12.959,12.964,12.7039,12.7039,171439239
742,2007-08-01,12.7164,12.8664,12.6576,12.7772,177501135
743,2007-08-02,12.7966,12.8285,12.6791,12.7289,126653473
744,2007-08-03,12.7049,12.7836,12.5296,12.5296,127508561
745,2007-08-06,12.5296,12.7079,12.5172,12.7039,146589482
746,2007-08-07,12.6979,12.9501,12.6801,12.8539,171190340
747,2007-08-08,12.9366,13.097,12.8803,13.097,163341992
748,2007-08-09,12.973,13.123,12.8196,12.8215,194562762
749,2007-08-10,12.7084,12.9211,12.5954,12.8474,235859927
750,2007-08-13,12.9416,12.9471,12.7797,12.8409,127633011
751,2007-08-14,12.8464,12.8883,12.6541,12.6691,145874901
752,2007-08-15,12.6791,12.7458,12.3732,12.394,217164399
753,2007-08-16,12.2561,12.3662,11.9681,12.2436,347077646
754,2007-08-17,12.391,12.4797,12.2466,12.4559,219970535
755,2007-08-20,12.5162,12.5187,12.3552,12.403,108283119
756,2007-08-21,12.4285,12.6581,12.399,12.6192,144947551
757,2007-08-22,12.7029,12.8594,12.685,12.7727,130579654
758,2007-08-23,12.8534,12.8564,12.6292,12.7588,123514133
759,2007-08-24,12.7687,12.8419,12.6666,12.8285,99266551
760,2007-08-27,12.8141,12.8898,12.7388,12.7851,93341148
761,2007-08-28,12.7418,12.828,12.5994,12.6142,131430728
762,2007-08-29,12.6501,12.7861,12.6352,12.7757,102341658
763,2007-08-30,12.7627,12.8384,12.7184,12.7388,106452507
764,2007-08-31,12.7812,12.8659,12.7408,12.8344,119535764
765,2007-09-04,12.829,13.1523,12.8191,13.0815,148283601
766,2007-09-05,13.0378,13.1892,13.0088,13.1473,132996383
767,2007-09-06,13.1862,13.1982,12.9092,13.0408,145561770
768,2007-09-07,12.8998,12.984,12.8733,12.9371,147075236
769,2007-09-10,12.9849,13.0048,12.7259,12.8156,129499754
770,2007-09-11,12.8783,12.9938,12.8464,12.9864,108536032
771,2007-09-12,12.966,13.1518,12.9281,13.0188,119872982
772,2007-09-13,13.0542,13.1324,13.0333,13.0721,75918217
773,2007-09-14,13.0328,13.2092,13.0083,13.1712,110996921
774,2007-09-17,13.1155,13.1842,13.0547,13.085,88218646
775,2007-09-18,13.1155,13.3825,13.0597,13.3337,169239293
776,2007-09-19,13.4333,13.6869,13.4229,13.6216,221877422
777,2007-09-20,13.6256,13.8697,13.6017,13.7711,221801147
778,2007-09-21,13.8583,13.9693,13.7711,13.9519,321629728
779,2007-09-24,13.9743,14.2349,13.9495,14.1492,212648086
780,2007-09-25,14.049,14.1876,14.0207,14.1737,109619948
781,2007-09-26,14.2085,14.2434,14.044,14.1527,134329198
782,2007-09-27,14.2414,14.2419,14.0934,14.1362,82550171
783,2007-09-28,14.1237,14.1871,14.052,14.1307,105962738
784,2007-10-01,14.1975,14.5563,14.1886,14.5109,189135157
785,2007-10-02,14.5318,14.8662,14.4476,14.5573,283724816
786,2007-10-03,14.6031,14.6718,14.4566,14.5478,155742543
787,2007-10-04,14.5741,14.5741,14.3744,14.4237,119901083
788,2007-10-05,14.625,14.8462,14.622,14.7973,203482982
789,2007-10-08,14.8212,15.2014,14.7953,15.1854,201849080
790,2007-10-09,15.3224,15.5382,15.1551,15.3239,351983366
791,2007-10-10,15.4779,15.5855,15.3643,15.5785,216204933
792,2007-10-11,15.7837,15.9771,15.1699,15.4938,473670902
793,2007-10-12,15.5432,15.9024,15.4002,15.8774,273937464
794,2007-10-15,15.9044,15.9387,15.3329,15.447,278758879
795,2007-10-16,15.4061,15.5915,15.2447,15.3443,241885692
796,2007-10-17,15.7045,15.7927,15.4839,15.7797,242094446
797,2007-10-18,15.8277,15.9761,15.6558,15.9327,493349983
798,2007-10-19,16.3048,16.4025,16.0229,16.0598,633849468
799,2007-10-22,15.9089,16.3158,15.8495,16.2102,267542364
800,2007-10-23,16.4712,16.8789,16.4405,16.8329,272733113
801,2007-10-24,16.7572,16.8759,16.4295,16.8344,297241638
802,2007-10-25,16.9056,16.9126,16.5291,16.6526,232660370
803,2007-10-26,16.7902,16.8524,16.6412,16.8041,134642329
804,2007-10-29,16.8829,16.9386,16.7413,16.9196,123096625
805,2007-10-30,16.8769,17.4347,16.8769,17.3063,277024614
806,2007-10-31,17.4537,17.6111,17.3382,17.6111,276069163
807,2007-11-01,17.5065,17.7785,17.4812,17.5164,262034470
808,2007-11-02,17.6988,17.775,17.3705,17.7168,234507041
809,2007-11-05,17.6111,18.1901,17.5882,18.0755,356636172
810,2007-11-06,18.3724,18.478,18.0595,18.478,338675297
811,2007-11-07,18.4611,18.6136,18.0133,18.2573,331312703
812,2007-11-08,18.2986,18.3056,16.8684,17.2833,662882335
813,2007-11-09,16.8334,16.9854,16.4703,16.539,457175320
814,2007-11-12,16.384,16.6875,15.5985,15.745,410574999
815,2007-11-13,16.0668,16.4633,15.745,16.4543,338265818
816,2007-11-14,16.7712,16.8259,15.8495,15.9841,324961764
817,2007-11-15,15.9069,16.129,15.5437,15.6842,279718344
818,2007-11-16,15.7912,15.8297,15.3448,15.7837,363023242
819,2007-11-19,15.6832,15.8615,15.4066,15.5895,221897495
820,2007-11-20,15.8545,16.418,15.7649,16.1549,395050926
821,2007-11-21,16.0358,16.6885,15.9941,16.4533,281556985
822,2007-11-23,16.6895,16.8958,16.6427,16.8564,109945122
823,2007-11-26,16.9436,17.2724,16.5649,16.5899,272588591
824,2007-11-27,16.8091,16.8499,16.1978,16.7782,357471188
825,2007-11-28,16.9914,17.2948,16.7428,17.244,317807924
826,2007-11-29,17.2066,17.5065,17.1319,17.362,249220185
827,2007-11-30,17.7108,17.7123,16.9914,17.2624,316964879
828,2007-12-03,17.2126,17.3123,16.9671,16.9764,173631157
829,2007-12-04,16.8968,17.2375,16.8669,17.0423,169885628
830,2007-12-05,17.2554,17.4099,17.1254,17.4,168994409
831,2007-12-06,17.382,17.8493,17.362,17.8169,197071824
832,2007-12-07,17.8104,17.8851,17.6983,17.8074,154642570
833,2007-12-10,17.8354,18.0545,17.7855,17.8956,154807164
834,2007-12-11,17.9335,17.9598,17.4065,17.4169,246454194
835,2007-12-12,17.7855,17.7935,17.1503,17.4209,247257094
836,2007-12-13,17.3451,17.3775,16.9686,17.2883,202362936
837,2007-12-14,17.1259,17.4292,17.1195,17.1867,147472672
838,2007-12-17,17.1379,17.3227,16.5321,16.6706,220235492
839,2007-12-18,16.7932,16.8569,16.2536,16.7732,287707200
840,2007-12-19,16.7942,16.9261,16.6646,16.8729,177485077
841,2007-12-20,17.084,17.2126,16.9536,17.1797,177529236
842,2007-12-21,17.384,17.4184,17.2684,17.354,216060411
843,2007-12-24,17.3123,17.4547,17.2639,17.4547,65372124
844,2007-12-26,17.4119,17.7661,17.392,17.7068,101566860
845,2007-12-27,17.6131,17.8354,17.4552,17.4552,118126674
846,2007-12-28,17.5594,17.6351,17.3506,17.4996,102879601
847,2007-12-31,17.401,17.4986,17.2021,17.2246,95392558
848,2008-01-02,17.2594,17.371,16.8819,17.0681,172900517
849,2008-01-03,17.0696,17.109,16.8519,17.0711,130571625
850,2008-01-04,16.9306,16.9626,16.3158,16.3657,215169192
851,2008-01-07,16.2895,16.4972,15.8764,16.1724,257064518
852,2008-01-08,16.2661,16.4395,15.718,15.735,214338191
853,2008-01-09,15.6941,16.2745,15.5068,16.2711,270565283
854,2008-01-10,16.0668,16.3707,15.9452,16.1096,254286484
855,2008-01-11,16.0095,16.1784,15.696,15.8984,199801685
856,2008-01-14,16.2197,16.3756,16.0727,16.2865,178544905
857,2008-01-15,16.0892,16.1674,15.8272,15.8834,223535411
858,2008-01-16,15.6672,15.9422,14.9936,15.3433,423931242
859,2008-01-17,15.463,15.587,14.896,14.9657,329863469
860,2008-01-18,15.1541,15.1949,14.9074,14.9518,342822276
861,2008-01-22,14.0003,14.8835,13.9793,14.5563,381437755
862,2008-01-23,13.9673,14.1487,12.9281,13.6659,681088095
863,2008-01-24,13.9195,14.4402,13.8035,14.3101,377399168
864,2008-01-25,14.7415,14.8212,14.1034,14.1089,279650098
865,2008-01-28,14.2224,14.2544,13.6654,13.8493,233511445
866,2008-01-29,13.9614,13.9828,13.4677,13.7133,252231060
867,2008-01-30,13.6804,13.9599,13.5389,13.6575,318735274
868,2008-01-31,13.4264,14.2732,13.3087,14.0565,597008398
869,2008-02-01,13.1687,13.368,12.7039,12.8509,706572143
870,2008-02-04,12.6811,12.7732,12.2695,12.3413,528191832
871,2008-02-05,12.1918,12.6791,12.1689,12.6242,449756523
872,2008-02-06,12.7324,12.7329,12.403,12.4977,306563308
873,2008-02-07,12.3767,12.8086,12.3243,12.5784,318305722
874,2008-02-08,12.689,12.8963,12.6716,12.8708,274146218
875,2008-02-11,12.966,13.0457,12.7886,12.982,233884793
876,2008-02-12,13.0378,13.2171,12.7797,12.9053,267458060
877,2008-02-13,13.0153,13.3267,12.9206,13.3172,265948608
878,2008-02-14,13.4104,13.4772,13.227,13.2579,260007147
879,2008-02-15,13.1598,13.2684,13.0611,13.1932,210363835
880,2008-02-19,13.3252,13.3282,12.6167,12.6781,254936833
881,2008-02-20,12.5425,12.7289,12.4255,12.6791,267454045
882,2008-02-21,12.7747,12.7836,12.4424,12.5261,227935303
883,2008-02-22,12.5062,12.6791,12.394,12.6491,221435827
884,2008-02-25,12.6034,12.6167,12.0996,12.1171,336126089
885,2008-02-26,11.4883,11.6199,11.1306,11.563,934868752
886,2008-02-27,11.4615,11.8441,11.4495,11.7788,406343716
887,2008-02-28,11.72,11.9337,11.6418,11.8421,264431127
888,2008-02-29,11.7544,11.9502,11.574,11.7369,378382721
889,2008-03-03,11.7454,11.7754,11.2123,11.3843,303275433
890,2008-03-04,11.2333,11.2931,10.8552,11.0749,546843201
891,2008-03-05,11.0908,11.313,11.0599,11.1521,298542337
892,2008-03-06,11.1516,11.2916,10.7405,10.7784,299887194
893,2008-03-07,10.6833,10.9602,10.6175,10.7949,324042443
894,2008-03-10,10.6823,10.736,10.2887,10.3031,320662234
895,2008-03-11,10.5931,10.9642,10.5776,10.9562,354355936
896,2008-03-12,10.9602,11.1566,10.9124,10.9647,267040552
897,2008-03-13,10.7779,11.1341,10.6808,11.035,310184388
898,2008-03-14,11.0345,11.1929,10.7266,10.9084,263929314
899,2008-03-17,10.6613,10.8038,10.2658,10.4591,316671820
900,2008-03-18,10.6858,10.9812,10.5996,10.9394,290537423
901,2008-03-19,10.9882,11.1471,10.753,10.761,248055980
902,2008-03-20,10.6445,10.8532,10.3998,10.7999,397973483
903,2008-03-24,10.9214,11.6025,10.9035,11.4725,271520734
904,2008-03-25,11.3952,11.3957,11.1097,11.2288,234109605
905,2008-03-26,11.2741,11.5302,11.1914,11.4136,209785747
906,2008-03-27,11.1097,11.1745,10.9722,11.0619,234133692
907,2008-03-28,11.1461,11.2981,10.8188,10.9124,175682566
908,2008-03-31,10.8517,11.0271,10.761,10.9722,178500745
909,2008-04-01,11.1531,11.6204,11.1316,11.601,244607524
910,2008-04-02,11.7051,11.8506,11.4685,11.6005,240829879
911,2008-04-03,11.5013,11.5402,11.1626,11.3369,272118895
912,2008-04-04,11.3838,11.9029,11.3638,11.7345,236743117
913,2008-04-07,11.8829,12.0921,11.7952,11.8774,238601831
914,2008-04-08,11.7832,11.8107,11.5083,11.6527,182539333
915,2008-04-09,11.6857,11.7574,11.3972,11.563,242800998
916,2008-04-10,11.582,11.8037,11.5043,11.6847,203631518
917,2008-04-11,11.5601,11.6393,11.3339,11.3947,167392623
918,2008-04-14,11.3877,11.3947,11.2133,11.2508,154261192
919,2008-04-15,11.4116,11.4515,11.0529,11.1306,183767770
920,2008-04-16,11.0699,11.4156,10.9852,11.3349,306334482
921,2008-04-17,11.3498,11.4425,11.1227,11.1979,536056239
922,2008-04-18,13.3317,13.6431,13.0716,13.4363,732068235
923,2008-04-21,13.4363,13.5159,13.2092,13.3964,298666786
924,2008-04-22,13.391,13.9703,13.3905,13.8249,318691114
925,2008-04-23,13.8981,13.932,13.4752,13.6126,197573637
926,2008-04-24,13.7323,13.812,13.4517,13.5269,166003606
927,2008-04-25,13.6759,13.7751,13.5189,13.5524,167179854
928,2008-04-28,13.5977,13.8697,13.4264,13.7531,160925263
929,2008-04-29,13.7213,14.0342,13.7003,13.9116,174470187
930,2008-04-30,14.0043,14.5686,13.9116,14.3051,317265966
931,2008-05-01,14.4053,14.8192,14.3719,14.7735,265069432
932,2008-05-02,14.9079,15.0071,14.4302,14.4795,280966854
933,2008-05-05,14.9174,14.9209,14.625,14.8188,252150770
934,2008-05-06,14.7216,14.7465,14.5224,14.6061,185843267
935,2008-05-07,14.7037,14.9329,14.3584,14.4227,265478911
936,2008-05-08,14.6021,14.6793,14.4207,14.5224,205658841
937,2008-05-09,14.4227,14.5721,14.2309,14.2782,180046328
938,2008-05-12,14.3171,14.616,14.1717,14.5706,195261285
939,2008-05-13,14.6031,14.6458,14.4113,14.5224,207288728
940,2008-05-14,14.6091,14.7266,14.3291,14.3554,175666508
941,2008-05-15,14.4227,14.5214,14.3381,14.4725,174337709
942,2008-05-16,14.483,14.5642,14.4058,14.4496,171583761
943,2008-05-19,14.4113,14.6688,14.2862,14.3858,224992675
944,2008-05-20,14.3141,14.5094,14.2712,14.4128,133024485
945,2008-05-21,14.4108,14.4825,13.6476,13.7003,259661900
946,2008-05-22,13.7491,13.805,13.4572,13.6869,203788084
947,2008-05-23,13.6246,13.7751,13.3964,13.5664,177902585
948,2008-05-27,13.5748,14.0142,13.5469,13.9718,155180513
949,2008-05-28,14.1472,14.2354,13.9768,14.1547,162603324
950,2008-05-29,14.3181,14.5941,14.2782,14.5224,194502544
951,2008-05-30,14.5343,14.6948,14.48,14.5921,129475667
952,2008-06-02,14.5099,14.5443,14.2304,14.3231,147500773
953,2008-06-03,14.3604,14.4601,13.9643,14.1312,172836285
954,2008-06-04,14.0825,14.3978,14.0625,14.2539,135015677
955,2008-06-05,14.3749,14.6478,14.353,14.6046,157235937
956,2008-06-06,14.4416,14.4656,14.1237,14.1237,190066521
957,2008-06-09,14.1502,14.1985,13.5858,13.8966,212298824
958,2008-06-10,13.6893,13.92,13.6201,13.804,146826337
959,2008-06-11,13.8558,13.8832,13.5624,13.5808,153068885
960,2008-06-12,13.6694,13.8996,13.6226,13.7741,220460304
961,2008-06-13,13.9863,14.3405,13.9828,14.2364,248272763
962,2008-06-16,14.1114,14.4252,14.1114,14.2682,142225720
963,2008-06-17,14.3569,14.3998,14.1582,14.1851,139018134
964,2008-06-18,14.062,14.1737,13.9285,14.0087,135738287
965,2008-06-19,13.8338,14.0435,13.7203,13.9544,228148072
966,2008-06-20,13.8742,13.8742,13.5639,13.6111,240191573
967,2008-06-23,13.5848,13.779,13.5016,13.5808,145963220
968,2008-06-24,13.5793,13.7303,13.3292,13.5086,187581545
969,2008-06-25,13.5748,13.8946,13.5424,13.7253,165485735
970,2008-06-26,13.5534,13.5738,13.1588,13.1727,227200650
971,2008-06-27,13.1443,13.2022,12.8305,13.1543,218689909
972,2008-06-30,13.2639,13.4014,13.0293,13.113,151157983
973,2008-07-01,12.9426,13.3695,12.8783,13.3197,199115205
974,2008-07-02,13.3645,13.4607,13.104,13.1285,169532352
975,2008-07-03,13.224,13.4323,13.1398,13.3765,96368082
976,2008-07-07,13.5086,13.6754,13.3416,13.5489,170825021
977,2008-07-08,13.6007,13.8299,13.4512,13.8129,198011217
978,2008-07-09,13.7193,13.8418,13.4692,13.4896,166762346
979,2008-07-10,13.5758,13.6879,13.22,13.4657,173896114
980,2008-07-11,13.364,13.4387,12.9386,13.2968,199978323
981,2008-07-14,13.4264,13.4527,12.8399,12.9934,177633613
982,2008-07-15,12.8604,13.1398,12.4822,12.8554,243720319
983,2008-07-16,12.8046,13.364,12.7189,13.3416,190375638
984,2008-07-17,13.3058,13.3775,13.0651,13.2878,352770208
985,2008-07-18,12.414,12.4295,11.9118,11.9896,453333443
986,2008-07-21,11.9786,12.0583,11.6005,11.6777,236915741
987,2008-07-22,11.6259,11.9626,11.598,11.8849,188340286
988,2008-07-23,11.9966,12.386,11.9094,12.1863,196473664
989,2008-07-24,12.3727,12.3772,11.8476,11.8476,142149444
990,2008-07-25,12.1181,12.2835,11.9941,12.2551,127801620
991,2008-07-28,12.2576,12.2576,11.8351,11.8849,126858212
992,2008-07-29,11.9392,12.1375,11.9069,12.0344,112518417
993,2008-07-30,12.0936,12.1066,11.7773,12.0239,140134165
994,2008-07-31,11.8212,11.9786,11.7434,11.8012,115019451
995,2008-08-01,11.7704,11.7877,11.5207,11.6542,120752157
996,2008-08-04,11.6607,11.7822,11.5058,11.5332,99840625
997,2008-08-05,11.6478,11.9586,11.6159,11.9526,143899767
998,2008-08-06,11.9158,12.1998,11.7704,12.1146,135521504
999,2008-08-07,12.0064,12.0563,11.8669,11.9347,111354212
1000,2008-08-08,11.9606,12.3492,11.8491,12.3303,150114213
1001,2008-08-11,12.2675,12.6761,12.2501,12.4757,170186715
1002,2008-08-12,12.5047,12.6074,12.405,12.5197,110627587
1003,2008-08-13,12.4947,12.543,12.3024,12.4559,145545712
1004,2008-08-14,12.3975,12.6442,12.3622,12.5914,117167208
1005,2008-08-15,12.6292,12.7204,12.5919,12.7079,142342140
1006,2008-08-18,12.6999,12.7039,12.3433,12.4125,133839428
1007,2008-08-19,12.2167,12.412,12.1221,12.2182,122301754
1008,2008-08-20,12.3233,12.3722,12.0204,12.0813,159861420
1009,2008-08-21,12.0294,12.2033,11.9387,12.1191,141073558
1010,2008-08-22,12.2431,12.3273,12.1928,12.2207,92221103
1011,2008-08-25,12.1091,12.3802,11.9941,12.0314,80864081
1012,2008-08-26,12.0428,12.0428,11.7225,11.8112,132807702
1013,2008-08-27,11.8002,11.8281,11.579,11.6722,176120147
1014,2008-08-28,11.7694,11.8679,11.7155,11.8017,121627318
1015,2008-08-29,11.7016,11.7325,11.5162,11.5402,154486004
1016,2008-09-02,11.8759,12.0109,11.4938,11.589,245346192
1017,2008-09-03,11.6757,11.8142,11.448,11.568,173209634
1018,2008-09-04,11.4585,11.5392,11.1944,11.2158,194643052
1019,2008-09-05,11.0968,11.2706,10.9622,11.0659,182029491
1020,2008-09-08,11.2596,11.2826,10.4013,10.4611,362023631
1021,2008-09-09,10.5408,10.7705,10.3376,10.4286,290232321
1022,2008-09-10,10.5737,10.5737,10.205,10.3166,249974911
1023,2008-09-11,10.1721,10.8377,10.1229,10.8048,259794379
1024,2008-09-12,10.7162,11.0101,10.6863,10.902,241994084
1025,2008-09-15,10.5617,11.0091,10.5548,10.8073,263648299
1026,2008-09-16,10.6105,11.1914,10.5986,11.033,280641679
1027,2008-09-17,10.9224,10.9389,10.2987,10.3246,366399437
1028,2008-09-18,10.5278,10.9399,10.2254,10.9374,344821497
1029,2008-09-19,11.4833,11.5103,11.0419,11.1884,401690910
1030,2008-09-22,11.312,11.312,10.6863,10.7147,176931076
1031,2008-09-23,10.7919,10.9802,10.6045,10.6932,208922630
1032,2008-09-24,10.7197,11.0848,10.7142,10.8387,170295107
1033,2008-09-25,10.9314,11.2094,10.8602,10.9504,201539963
1034,2008-09-26,10.6613,10.8895,10.488,10.737,212467433
1035,2008-09-29,10.4501,10.5498,9.48362,9.49059,432076664
1036,2008-09-30,9.86375,10.5886,9.77258,9.97682,123899525
1037,2008-10-01,10.2419,10.3868,10.0411,10.2558,250296071
1038,2008-10-02,10.208,10.2125,9.61515,9.72674,240263834
1039,2008-10-03,9.89812,10.2752,9.5424,9.63806,320875002
1040,2008-10-06,9.31572,9.36605,8.89674,9.24648,450451032
1041,2008-10-07,9.29929,9.34064,8.60281,8.61875,443778932
1042,2008-10-08,8.22418,8.94258,8.12355,8.42247,474770875
1043,2008-10-09,8.58189,8.68253,8.01295,8.19479,324170907
1044,2008-10-10,7.80072,8.51613,7.72948,8.27001,425448723
1045,2008-10-13,8.86287,9.51451,8.61278,9.49109,357511333
1046,2008-10-14,9.80247,9.82688,8.89277,9.03525,312520827
1047,2008-10-15,8.83398,8.94258,8.44041,8.44838,269830630
1048,2008-10-16,8.28895,8.8803,7.70806,8.79362,651942822
1049,2008-10-17,9.43978,9.61515,9.05617,9.27985,572034191
1050,2008-10-20,9.45971,9.49009,8.95752,9.44875,271115270
1051,2008-10-21,9.27638,9.55984,9.01732,9.03624,232118413
1052,2008-10-22,8.89277,9.20863,8.56894,8.85989,263351226
1053,2008-10-23,8.80906,8.91767,8.41947,8.77618,260095466
1054,2008-10-24,8.13252,8.73035,8.08917,8.45136,295427084
1055,2008-10-27,8.33976,8.54403,8.1106,8.20725,248927126
1056,2008-10-28,8.44538,9.19966,8.18333,9.1857,325391315
1057,2008-10-29,9.11197,9.2415,8.77718,8.91767,391678746
1058,2008-10-30,9.17823,9.26641,8.92664,8.95952,320714422
1059,2008-10-31,8.87183,9.26541,8.82502,8.95155,298008408
1060,2008-11-03,8.90721,9.04223,8.50516,8.63071,239043426
1061,2008-11-04,8.80408,9.27538,8.60631,9.14036,295061765
1062,2008-11-05,9.0213,9.18869,8.50218,8.52509,278867270
1063,2008-11-06,8.4683,8.5794,8.11558,8.25059,344235380
1064,2008-11-07,8.29792,8.49819,8.10362,8.2486,187930807
1065,2008-11-10,8.17039,8.20626,7.70905,7.94071,324375647
1066,2008-11-11,7.68913,7.87893,7.48587,7.75837,407335298
1067,2008-11-12,7.52372,7.78378,7.16801,7.24872,403501450
1068,2008-11-13,7.26766,7.79673,6.97472,7.77382,531307085
1069,2008-11-14,7.55362,8.09566,7.53668,7.7225,382064018
1070,2008-11-17,7.54764,7.726,7.42209,7.4759,302845881
1071,2008-11-18,7.51177,7.56558,7.10823,7.40865,335054218
1072,2008-11-19,7.35832,7.4779,6.93935,6.9792,314520048
1073,2008-11-20,6.84717,7.04795,6.45261,6.46556,392594052
1074,2008-11-21,6.5393,6.70968,6.16017,6.53731,411265493
1075,2008-11-24,6.70718,6.72462,6.20251,6.41275,403645972
1076,2008-11-25,6.69274,7.14061,6.65886,7.02554,432409867
1077,2008-11-26,6.98169,7.35982,6.88006,7.27562,255185732
1078,2008-11-28,7.23825,7.38423,7.18097,7.29755,102992007
1079,2008-12-01,7.14111,7.15855,6.62549,6.62599,229276147
1080,2008-12-02,6.71864,6.91942,6.54078,6.85317,234434780
1081,2008-12-03,6.72214,7.0086,6.60955,6.96076,237048219
1082,2008-12-04,6.88803,7.06141,6.69474,6.83373,196172576
1083,2008-12-05,6.75102,7.08033,6.57665,7.07435,261793600
1084,2008-12-08,7.22381,7.70806,7.02454,7.52572,326952956
1085,2008-12-09,7.41512,7.92129,7.39818,7.62186,276595063
1086,2008-12-10,7.70308,7.84407,7.5855,7.69261,210239386
1087,2008-12-11,7.57653,7.79375,7.41812,7.4784,248064009
1088,2008-12-12,7.3658,7.88343,7.32345,7.86549,229713727
1089,2008-12-15,7.82165,7.93324,7.60045,7.73895,270493022
1090,2008-12-16,7.8346,8.20775,7.75389,8.10263,283407670
1091,2008-12-17,7.93723,8.02391,7.78229,7.85254,232427529
1092,2008-12-18,7.8889,7.98007,7.70009,7.72898,191230726
1093,2008-12-19,7.74692,7.9163,7.69709,7.726,225317849
1094,2008-12-22,7.68614,7.70955,7.23975,7.40117,157272067
1095,2008-12-23,7.48387,7.55561,7.39021,7.42359,151655781
1096,2008-12-24,7.50977,7.63083,7.43256,7.54664,77138625
1097,2008-12-26,7.57455,7.60394,7.43106,7.48188,78648077
1098,2008-12-29,7.4784,7.50729,7.26317,7.40865,148612790
1099,2008-12-30,7.49284,7.6423,7.44053,7.55063,154297323
1100,2008-12-31,7.57753,7.74692,7.53768,7.66322,115890597
1101,2009-01-02,7.68714,8.01644,7.60991,8.00399,144943537
1102,2009-01-05,7.99602,8.25109,7.84656,8.17138,196268924
1103,2009-01-06,8.29443,8.48922,8.13053,8.32134,257939679
1104,2009-01-07,8.17836,8.24312,7.94021,8.02092,180431720
1105,2009-01-08,7.92826,8.10064,7.90485,8.10064,144550116
1106,2009-01-09,8.15792,8.15792,7.8067,7.84855,174249390
1107,2009-01-12,7.87943,7.94519,7.72798,7.78876,132651136
1108,2009-01-13,7.76585,7.98605,7.73197,7.82962,177942730
1109,2009-01-14,7.72201,7.81667,7.41712,7.49732,219508867
1110,2009-01-15,7.41213,7.56208,7.1441,7.448,238240526
1111,2009-01-16,7.59796,7.67817,7.3658,7.46493,209733559
1112,2009-01-20,7.45149,7.46046,7.04347,7.04347,202660009
1113,2009-01-21,7.18297,7.5601,7.18297,7.54963,197694072
1114,2009-01-22,7.42409,7.70606,7.35184,7.63483,331878748
1115,2009-01-23,7.70408,8.26902,7.57803,8.08817,430868299
1116,2009-01-26,8.09217,8.17039,7.98505,8.06775,185096570
1117,2009-01-27,8.13152,8.31685,8.07772,8.25707,197806478
1118,2009-01-28,8.41898,8.77618,8.37763,8.68552,308771284
1119,2009-01-29,8.58239,8.59484,8.47228,8.552,292408180
1120,2009-01-30,8.58587,8.6885,8.36966,8.43244,187557458
1121,2009-02-02,8.32682,8.59384,8.27001,8.48325,209031021
1122,2009-02-03,8.53306,8.54403,8.31585,8.48025,263210719
1123,2009-02-04,8.47129,8.82899,8.44838,8.54403,273684550
1124,2009-02-05,8.49222,8.8524,8.39457,8.81105,291629367
1125,2009-02-06,8.8793,9.31125,8.8539,9.24847,282544552
1126,2009-02-09,9.24847,9.49059,9.14933,9.4348,199813728
1127,2009-02-10,9.36555,9.40341,8.91468,8.93062,285178065
1128,2009-02-11,8.94158,9.09204,8.79312,8.91867,210022603
1129,2009-02-12,8.79711,9.05767,8.75527,9.04323,222816815
1130,2009-02-13,9.02229,9.04223,8.84892,8.9097,166469288
1131,2009-02-17,8.63171,8.64565,8.46132,8.53556,228039680
1132,2009-02-18,8.64965,8.80259,8.48225,8.79611,241853576
1133,2009-02-19,8.90471,8.96251,8.50417,8.53506,200271381
1134,2009-02-20,8.42047,8.69149,8.34475,8.62972,249585504
1135,2009-02-23,8.64367,8.7134,8.20923,8.2217,209601080
1136,2009-02-24,8.24561,8.70893,8.24212,8.60481,244719930
1137,2009-02-25,8.5231,8.77568,8.44239,8.51015,258497695
1138,2009-02-26,8.61775,8.78018,8.39855,8.39905,225036834
1139,2009-02-27,8.29393,8.56445,8.2481,8.41947,217585921
1140,2009-03-02,8.3029,8.48674,8.12056,8.14945,232379355
1141,2009-03-03,8.2222,8.31187,8.02989,8.10761,261938122
1142,2009-03-04,8.04982,8.19529,7.85602,7.94421,313869699
1143,2009-03-05,7.88343,7.94819,7.53867,7.6134,262142861
1144,2009-03-06,7.65276,7.72698,7.32943,7.68614,290416988
1145,2009-03-09,7.47241,7.63632,7.20986,7.24573,259790364
1146,2009-03-10,7.42907,7.73446,7.32943,7.67617,270183906
1147,2009-03-11,7.7245,7.9711,7.61489,7.91929,237802945
1148,2009-03-12,7.90982,8.09566,7.81268,8.05878,201692514
1149,2009-03-13,8.12305,8.15693,7.94669,8.0812,156822443
1150,2009-03-16,8.12056,8.21323,7.93574,7.96313,198589306
1151,2009-03-17,7.97558,8.35322,7.94819,8.35322,189183331
1152,2009-03-18,8.33976,8.4693,8.17138,8.29742,201214789
1153,2009-03-19,8.26204,8.36966,8.15494,8.2187,165044140
1154,2009-03-20,8.22767,8.29493,8.12903,8.22418,190203014
1155,2009-03-23,8.30888,8.70445,8.29593,8.68352,171479384
1156,2009-03-24,8.63121,8.81405,8.56894,8.64765,153353915
1157,2009-03-25,8.72836,8.75177,8.37563,8.57093,174080781
1158,2009-03-26,8.79611,8.94657,8.68103,8.8001,241002502
1159,2009-03-27,8.7184,8.76821,8.60581,8.66109,133393819
1160,2009-03-30,8.53306,8.56396,8.37066,8.53606,124212657
1161,2009-03-31,8.69149,8.80608,8.62324,8.67006,146742033
1162,2009-04-01,8.56346,8.84892,8.48425,8.82002,132526687
1163,2009-04-02,9.0502,9.2106,8.97546,9.02976,180170778
1164,2009-04-03,9.07958,9.25944,8.91767,9.2111,152141536
1165,2009-04-06,9.14186,9.2121,9.00236,9.17275,131687656
1166,2009-04-07,9.03226,9.06115,8.85092,8.93361,147737629
1167,2009-04-08,9.05467,9.09204,8.87283,9.01732,111008965
1168,2009-04-09,9.20413,9.32519,9.12292,9.27886,135794490
1169,2009-04-13,9.24947,9.44327,9.22407,9.41886,122446276
1170,2009-04-14,9.38947,9.39096,9.10698,9.18969,137641160
1171,2009-04-15,9.14435,9.49209,9.07111,9.45323,197942971
1172,2009-04-16,9.50306,9.78702,9.49109,9.6834,408880880
1173,2009-04-17,9.61565,9.9594,9.58525,9.77058,430788009
1174,2009-04-20,9.61913,9.73072,9.36306,9.44825,177798208
1175,2009-04-21,9.37003,9.5728,9.36853,9.50256,148351847
1176,2009-04-22,9.50953,9.71478,9.44078,9.56184,140579775
1177,2009-04-23,9.65301,9.7088,9.49359,9.58227,104738315
1178,2009-04-24,9.61615,9.794,9.47814,9.70183,135906896
1179,2009-04-27,9.57379,9.70183,9.53443,9.61415,91956146
1180,2009-04-28,9.55934,9.69087,9.50405,9.55835,118170833
1181,2009-04-29,9.61415,9.83833,9.61115,9.75165,144923464
1182,2009-04-30,9.85826,10.0575,9.83436,9.86325,174859594
1183,2009-05-01,9.84033,9.90409,9.75364,9.80645,97460026
1184,2009-05-04,9.91804,10.0237,9.83436,10.0132,128584447
1185,2009-05-05,9.96338,10.0884,9.89513,10.0387,96380125
1186,2009-05-06,10.1332,10.1701,9.98875,10.0505,105697781
1187,2009-05-07,10.066,10.0884,9.77705,9.87919,120426983
1188,2009-05-08,10.0347,10.2159,9.83933,10.1462,155164455
1189,2009-05-11,10.0337,10.2628,9.99375,10.1627,102743108
1190,2009-05-12,10.2129,10.2379,9.84232,9.93897,152181681
1191,2009-05-13,9.81642,9.8742,9.67393,9.70333,114124217
1192,2009-05-14,9.68489,9.76958,9.58227,9.65251,117905876
1193,2009-05-15,9.74218,9.81741,9.69186,9.71478,120784273
1194,2009-05-18,9.83236,9.89712,9.6002,9.88517,134554010
1195,2009-05-19,9.86673,10.0047,9.78951,9.93598,113911448
1196,2009-05-20,10.0157,10.1054,9.83933,9.89364,91691189
1197,2009-05-21,9.87172,10.0347,9.81044,9.8767,109186382
1198,2009-05-22,9.88068,9.93001,9.76461,9.80197,68993203
1199,2009-05-26,9.76361,10.0884,9.71478,10.0725,124630165
1200,2009-05-27,10.1044,10.2593,10.0834,10.1024,121811985
1201,2009-05-28,10.1801,10.2533,10.0784,10.2229,107138986
1202,2009-05-29,10.2658,10.3933,10.2304,10.3933,106311999
1203,2009-06-01,10.4301,10.7012,10.4253,10.6255,133377761
1204,2009-06-02,10.6175,10.7102,10.5468,10.6713,105324432
1205,2009-06-03,10.6115,10.7725,10.5617,10.752,141824270
1206,2009-06-04,10.8432,10.9912,10.8232,10.9672,146051539
1207,2009-06-05,11.0868,11.1431,10.9469,11.0679,147765730
1208,2009-06-08,10.9479,10.9832,10.8138,10.9294,124397324
1209,2009-06-09,10.9249,10.9727,10.755,10.8512,130667973
1210,2009-06-10,10.8666,10.9075,10.6285,10.776,134843054
1211,2009-06-11,10.755,10.8038,10.6703,10.6863,115023465
1212,2009-06-12,10.633,10.6538,10.492,10.5826,117159179
1213,2009-06-15,10.4995,10.4995,10.3126,10.3814,150017865
1214,2009-06-16,10.4451,10.489,10.348,10.3624,122430218
1215,2009-06-17,10.3674,10.4551,10.2519,10.3415,140110078
1216,2009-06-18,10.3544,10.4291,10.2877,10.3141,123855366
1217,2009-06-19,10.4173,10.4735,10.3271,10.4641,170981586
1218,2009-06-22,10.3863,10.3993,10.0107,10.1472,165574054
1219,2009-06-23,10.1292,10.1881,10.0277,10.1054,116404453
1220,2009-06-24,10.1816,10.2688,10.1272,10.1951,98668390
1221,2009-06-25,10.1382,10.3599,10.1262,10.3564,122221464
1222,2009-06-26,10.3046,10.6673,10.2907,10.5946,130740234
1223,2009-06-29,10.6115,10.6563,10.5178,10.5652,87086557
1224,2009-06-30,10.5617,10.6415,10.4178,10.5019,104132125
1225,2009-07-01,10.5667,10.6215,10.4163,10.4371,92767075
1226,2009-07-02,10.3475,10.3475,10.1332,10.1751,101069062
1227,2009-07-06,10.1257,10.2289,10.0052,10.203,90832086
1228,2009-07-07,10.1691,10.1931,9.86375,9.88018,130844611
1229,2009-07-08,9.96388,10.1134,9.91556,10.0257,138146987
1230,2009-07-09,10.1164,10.3236,10.1084,10.2229,131498975
1231,2009-07-10,10.2025,10.3963,10.1806,10.3226,117488368
1232,2009-07-13,10.3664,10.5747,10.342,10.5692,162414642
1233,2009-07-14,10.5548,10.6295,10.484,10.5786,116251902
1234,2009-07-15,10.7027,10.9274,10.6733,10.9144,151627680
1235,2009-07-16,10.8775,11.1037,10.8133,11.0251,263130429
1236,2009-07-17,10.7859,10.8477,10.629,10.7172,275157872
1237,2009-07-20,10.7082,10.7819,10.6175,10.7152,126597270
1238,2009-07-21,10.7345,10.7585,10.6045,10.6588,119158401
1239,2009-07-22,10.6613,10.7162,10.5493,10.6533,103843081
1240,2009-07-23,10.6783,10.9902,10.5991,10.894,139632353
1241,2009-07-24,10.8557,11.2213,10.8357,11.1276,145601915
1242,2009-07-27,11.1107,11.1286,10.9005,11.0799,100539148
1243,2009-07-28,10.9852,11.03,10.8632,10.9562,101667222
1244,2009-07-29,10.8915,10.9055,10.758,10.8666,79768123
1245,2009-07-30,11.0251,11.2463,11.0251,11.1008,128407809
1246,2009-07-31,11.2089,11.2766,11.0211,11.036,114830769
1247,2009-08-03,11.178,11.3065,11.1506,11.2641,103987603
1248,2009-08-04,11.1934,11.309,11.1705,11.302,95938530
1249,2009-08-05,11.3588,11.3818,11.1566,11.2378,94019599
1250,2009-08-06,11.3165,11.3309,11.1725,11.2183,84742089
1251,2009-08-07,11.3508,11.444,11.3339,11.3863,102092759
1252,2009-08-10,11.3374,11.4186,11.304,11.3738,69932597
1253,2009-08-11,11.301,11.3897,11.2686,11.3075,68748319
1254,2009-08-12,11.3438,11.5023,11.3319,11.4231,93995512
1255,2009-08-13,11.5123,11.576,11.4315,11.5153,80097312
1256,2009-08-14,11.5277,11.5377,11.3808,11.4585,67246896
1257,2009-08-17,11.2468,11.2591,11.0379,11.0818,105187939
1258,2009-08-18,11.0873,11.1521,11.0181,11.0918,94384919
1259,2009-08-19,10.9602,11.0848,10.9244,11.0589,90526984
1260,2009-08-20,11.2591,11.5128,11.2403,11.4685,160535856
1261,2009-08-21,11.5965,11.6099,11.5242,11.589,142936286
1262,2009-08-24,11.6418,11.7095,11.5685,11.6757,98491752
1263,2009-08-25,11.6857,11.8162,11.6757,11.7414,93979454
1264,2009-08-26,11.7764,11.7822,11.6254,11.6577,79800239
1265,2009-08-27,11.6722,11.6722,11.4764,11.6094,80245848
1266,2009-08-28,11.6892,11.7664,11.5427,11.577,71120889
1267,2009-08-31,11.4535,11.5048,11.4086,11.5003,78599903
1268,2009-09-01,11.4505,11.6284,11.3195,11.3528,104172270
1269,2009-09-02,11.3543,11.4166,11.2741,11.2841,72453703
1270,2009-09-03,11.3543,11.4146,11.3339,11.3967,66086705
1271,2009-09-04,11.3977,11.5232,11.3533,11.4908,60185390
1272,2009-09-08,11.565,11.6328,11.3548,11.4241,106653232
1273,2009-09-09,11.435,11.6149,11.4286,11.5571,88134341
1274,2009-09-10,11.6239,11.731,11.5083,11.731,101751527
1275,2009-09-11,11.7175,11.7897,11.6487,11.7609,76391928
1276,2009-09-14,11.7205,11.8769,11.7085,11.8351,79314484
1277,2009-09-15,11.8341,11.9298,11.7754,11.8954,96271734
1278,2009-09-16,11.9516,12.1898,11.9188,12.1629,103786878
1279,2009-09-17,12.2197,12.389,12.135,12.2486,179974067
1280,2009-09-18,12.3742,12.3797,12.2366,12.2421,131816120
1281,2009-09-21,12.1495,12.4275,12.1116,12.3802,84962886
1282,2009-09-22,12.4777,12.5047,12.4,12.4315,122088986
1283,2009-09-23,12.4742,12.6292,12.398,12.4165,108560119
1284,2009-09-24,12.4668,12.4897,12.2805,12.3742,101470512
1285,2009-09-25,12.3123,12.4529,12.2556,12.2675,82281200
1286,2009-09-28,12.3263,12.4922,12.288,12.418,73838705
1287,2009-09-29,12.4429,12.4489,12.2805,12.418,84272392
1288,2009-09-30,12.4549,12.4583,12.137,12.3512,126123559
1289,2009-10-01,12.2805,12.3672,12.131,12.136,112935925
1290,2009-10-02,12.0498,12.2491,12.0214,12.0708,104409126
1291,2009-10-05,12.147,12.2665,12.0398,12.1689,86094975
1292,2009-10-06,12.2481,12.4389,12.2481,12.4235,109688194
1293,2009-10-07,12.43,12.9281,12.4,12.8918,195674778
1294,2009-10-08,12.9426,13.0338,12.7871,12.8081,172776068
1295,2009-10-09,12.8694,12.9909,12.8161,12.8594,109921035
1296,2009-10-12,13.0383,13.0965,12.9361,13.0537,133369732
1297,2009-10-13,13.0626,13.1388,12.9874,13.1055,121936435
1298,2009-10-14,13.2634,13.3412,13.2022,13.3347,130808481
1299,2009-10-15,13.2958,13.374,13.1344,13.2002,244900582
1300,2009-10-16,13.6341,13.8189,13.5639,13.6963,354958111
1301,2009-10-19,13.7676,13.79,13.6684,13.7521,129182608
1302,2009-10-20,13.7412,13.7741,13.4687,13.7431,162334352
1303,2009-10-21,13.6983,13.9335,13.6754,13.7278,147356251
1304,2009-10-22,13.7003,13.8249,13.6506,13.802,93798801
1305,2009-10-23,13.8308,13.8966,13.7303,13.7925,96054951
1306,2009-10-26,13.8438,13.9903,13.7223,13.805,119246720
1307,2009-10-27,13.7243,13.8139,13.5549,13.6575,129126405
1308,2009-10-28,13.6476,13.7003,13.4074,13.4587,103084341
1309,2009-10-29,13.5259,13.7461,13.4762,13.7263,101269787
1310,2009-10-30,13.7003,13.7043,13.3077,13.3546,139242946
1311,2009-11-02,13.3785,13.4377,13.1583,13.3018,128548317
1312,2009-11-03,13.2022,13.389,13.1598,13.3835,95553138
1313,2009-11-04,13.4712,13.5882,13.362,13.4597,93646250
1314,2009-11-05,13.5379,13.6943,13.5174,13.6664,74175923
1315,2009-11-06,13.6436,13.7446,13.5882,13.7278,73332878
1316,2009-11-09,13.8363,14.0137,13.806,14.0122,106380246
1317,2009-11-10,14.0172,14.1682,13.9993,14.1178,89555475
1318,2009-11-11,14.2105,14.2857,14.0954,14.2124,93124365
1319,2009-11-12,14.1876,14.2707,14.0865,14.1447,75725521
1320,2009-11-13,14.1806,14.2614,14.1138,14.2494,66913692
1321,2009-11-16,14.3231,14.3729,14.2677,14.3549,88286892
1322,2009-11-17,14.3201,14.3853,14.2912,14.3848,76945929
1323,2009-11-18,14.3639,14.4172,14.2504,14.3639,62208698
1324,2009-11-19,14.2922,14.2981,14.1985,14.2732,87034368
1325,2009-11-20,14.1861,14.2384,14.1836,14.1975,80538907
1326,2009-11-23,14.3599,14.6121,14.3445,14.5064,102269397
1327,2009-11-24,14.5104,14.5543,14.3614,14.5244,64440760
1328,2009-11-25,14.6071,14.6235,14.5149,14.5906,58659879
1329,2009-11-27,14.2484,14.5089,14.2224,14.4416,55584772
1330,2009-11-30,14.4636,14.5388,14.3759,14.5224,69254146
1331,2009-12-01,14.6498,14.7271,14.5224,14.6938,93148452
1332,2009-12-02,14.7216,14.7715,14.6026,14.635,66769170
1333,2009-12-03,14.6728,14.733,14.5721,14.5906,57355167
1334,2009-12-04,14.772,14.8173,14.4272,14.5721,100908482
1335,2009-12-07,14.5523,14.6643,14.4725,14.6031,65685255
1336,2009-12-08,14.5348,14.7132,14.4974,14.623,61180986
1337,2009-12-09,14.6345,14.6803,14.5368,14.6723,71498252
1338,2009-12-10,14.7077,14.8143,14.7067,14.734,66973910
1339,2009-12-11,14.8133,14.8153,14.64,14.7097,69049406
1340,2009-12-14,14.8302,14.8785,14.7615,14.8392,76813450
1341,2009-12-15,14.779,14.8557,14.7216,14.775,91546667
1342,2009-12-16,14.9109,14.9548,14.8622,14.89,112783374
1343,2009-12-17,14.8572,14.887,14.7904,14.7948,105934636
1344,2009-12-18,14.8472,14.9189,14.8212,14.8567,141772081
1345,2009-12-21,14.886,14.9419,14.8377,14.9129,103220834
1346,2009-12-22,14.9792,14.9832,14.9169,14.9737,75504723
1347,2009-12-23,15.033,15.2666,15.0166,15.2368,83208549
1348,2009-12-24,15.2676,15.432,15.2517,15.4061,34472514
1349,2009-12-28,15.4854,15.5935,15.4061,15.5157,68162202
1350,2009-12-29,15.5621,15.5646,15.4011,15.429,57198601
1351,2009-12-30,15.4066,15.5118,15.3942,15.5118,58836517
1352,2009-12-31,15.5626,15.5785,15.4435,15.4435,48968875
1353,2010-01-04,15.6174,15.6812,15.5496,15.6124,78531656
1354,2010-01-05,15.6228,15.6393,15.4824,15.5437,120623693
1355,2010-01-06,15.59,15.59,15.1042,15.1516,159724927
1356,2010-01-07,15.1799,15.1949,14.7625,14.7988,257502099
1357,2010-01-08,14.7465,15.0265,14.6748,14.9961,189657042
1358,2010-01-11,15.0569,15.0569,14.7973,14.9737,289561899
1359,2010-01-12,14.887,14.9,14.6468,14.7087,194835748
1360,2010-01-13,14.3599,14.6563,14.2957,14.624,260806033
1361,2010-01-14,14.5448,14.8013,14.5174,14.6928,170218831
1362,2010-01-15,14.78,14.7855,14.3988,14.4476,218168024
1363,2010-01-19,14.4775,14.7072,14.3549,14.6375,173293938
1364,2010-01-20,14.5966,14.5966,14.3301,14.4576,130499364
1365,2010-01-21,14.5333,14.6175,14.2544,14.5219,253222642
1366,2010-01-22,14.0615,14.2134,13.3232,13.7003,273002085
1367,2010-01-25,13.6156,13.6973,13.3397,13.4512,177436903
1368,2010-01-26,13.4004,13.6903,13.3586,13.5116,174851565
1369,2010-01-27,13.4831,13.6416,13.3342,13.5036,159150854
1370,2010-01-28,13.5629,13.6256,13.2171,13.3087,129632232
1371,2010-01-29,13.4134,13.4762,13.0925,13.2007,166220389
1372,2010-02-01,13.3167,13.3466,13.2097,13.2774,90358375
1373,2010-02-02,13.3257,13.3257,13.1423,13.23,164441965
1374,2010-02-03,13.1687,13.5036,13.1583,13.4717,120398881
1375,2010-02-04,13.3765,13.4014,13.0915,13.122,135597780
1376,2010-02-05,13.1623,13.2893,13.0143,13.234,126697632
1377,2010-02-08,13.2644,13.5011,13.24,13.2888,108162684
1378,2010-02-09,13.4397,13.4891,13.3287,13.3625,113192853
1379,2010-02-10,13.3038,13.3964,13.1448,13.3132,107367813
1380,2010-02-11,13.2849,13.4632,13.1897,13.3615,96749459
1381,2010-02-12,13.2759,13.3805,13.2146,13.2799,91518565
1382,2010-02-16,13.3735,13.5539,13.3092,13.4836,146705902
1383,2010-02-17,13.512,13.5359,13.3925,13.4264,81482314
1384,2010-02-18,13.39,13.5758,13.3551,13.5304,93814859
1385,2010-02-19,13.4632,13.5509,13.4472,13.4802,102494209
1386,2010-02-22,13.6306,13.6381,13.4876,13.5209,86094975
1387,2010-02-23,13.5299,13.5419,13.2599,13.3287,115320538
1388,2010-02-24,13.3117,13.4089,13.2151,13.239,93401366
1389,2010-02-25,13.1215,13.1643,12.9531,13.113,132847847
1390,2010-02-26,13.1275,13.245,12.9531,13.1225,82269156
1391,2010-03-01,13.2042,13.2839,13.1463,13.2694,89840504
1392,2010-03-02,13.3272,13.5922,13.3272,13.4777,174903753
1393,2010-03-03,13.5071,13.6536,13.4328,13.5838,124023975
1394,2010-03-04,13.6056,13.8528,13.6056,13.8149,127813663
1395,2010-03-05,13.9838,14.1387,13.9485,14.054,157055284
1396,2010-03-08,14.0685,14.0785,13.9793,14.0112,95802037
1397,2010-03-09,13.9455,14.064,13.8628,13.9544,127524619
1398,2010-03-10,14.043,14.4098,14.0067,14.3594,227015983
1399,2010-03-11,14.3211,14.6001,14.3131,14.476,169945845
1400,2010-03-12,14.6395,14.6468,14.4277,14.4332,110535254
1401,2010-03-15,14.1074,14.1826,13.8498,14.0287,186830834
1402,2010-03-16,13.9843,14.1587,13.9703,14.079,137757581
1403,2010-03-17,14.1452,14.2334,14.056,14.088,133345645
1404,2010-03-18,14.0665,14.1562,14.0232,14.1089,71345701
1405,2010-03-19,14.1188,14.1487,13.8817,13.9504,192390917
1406,2010-03-22,13.8453,14.1198,13.807,13.8872,160772712
1407,2010-03-23,13.8872,13.9051,13.5026,13.6754,220849710
1408,2010-03-24,13.5887,13.9445,13.4437,13.8832,263559980
1409,2010-03-25,13.9345,14.2484,13.9161,14.0212,157805996
1410,2010-03-26,14.067,14.1322,13.9534,14.0112,108238959
1411,2010-03-29,14.0197,14.064,13.9638,14.0107,124630165
1412,2010-03-30,14.0232,14.1397,13.9594,14.1163,79402803
1413,2010-03-31,14.075,14.1915,14.0232,14.1237,121671478
1414,2010-04-01,14.2194,14.2847,14.089,14.1687,84412900
1415,2010-04-05,14.2299,14.3196,14.1737,14.2234,76335725
1416,2010-04-06,14.1547,14.2194,14.084,14.1542,82702722
1417,2010-04-07,14.1163,14.1652,13.9958,14.0376,103614255
1418,2010-04-08,14.0322,14.1945,13.9534,14.1357,78182395
1419,2010-04-09,14.1213,14.1677,14.049,14.1044,82562215
1420,2010-04-12,14.1327,14.2981,14.1178,14.2662,94437107
1421,2010-04-13,14.2289,14.6678,14.2264,14.616,157059299
1422,2010-04-14,14.7465,14.755,14.5483,14.6718,136601405
1423,2010-04-15,14.6718,14.892,14.6548,14.8287,271452488
1424,2010-04-16,14.0242,14.1687,13.6913,13.7078,491194197
1425,2010-04-19,13.6754,13.799,13.5758,13.7028,156324645
1426,2010-04-20,13.8219,13.9395,13.7268,13.8259,119527735
1427,2010-04-21,13.8682,13.9554,13.7551,13.8075,96006777
1428,2010-04-22,13.7293,13.7601,13.5349,13.6271,131703714
1429,2010-04-23,13.6506,13.6824,13.5081,13.5758,83878971
1430,2010-04-26,13.5634,13.5669,13.1822,13.243,175385493
1431,2010-04-27,13.1757,13.4064,13.1344,13.1787,154345497
1432,2010-04-28,13.252,13.3182,12.979,13.1822,136737898
1433,2010-04-29,13.2854,13.3635,13.1245,13.252,122799552
1434,2010-04-30,13.234,13.393,13.0885,13.0885,97769142
1435,2010-05-03,13.115,13.2749,13.0835,13.2171,74581388
1436,2010-05-04,13.1155,13.1155,12.5594,12.6132,243933088
1437,2010-05-05,12.4688,12.8464,12.4673,12.6979,183338218
1438,2010-05-06,12.6731,12.8903,11.4585,12.422,200187077
1439,2010-05-07,12.4549,12.5874,11.9896,12.284,204297925
1440,2010-05-10,12.8061,13.0218,12.7737,12.9845,165718576
1441,2010-05-11,12.8409,12.9481,12.6596,12.6801,133385790
1442,2010-05-12,12.7453,12.7513,12.5047,12.5894,154630526
1443,2010-05-13,12.8589,13.0023,12.7139,12.7259,133514254
1444,2010-05-14,12.6801,12.7039,12.3612,12.6422,165236836
1445,2010-05-17,12.6237,12.6626,12.414,12.6531,112157112
1446,2010-05-18,12.7109,12.7279,12.387,12.414,113429708
1447,2010-05-19,12.386,12.4409,12.1495,12.3163,138327640
1448,2010-05-20,12.0817,12.0951,11.8027,11.8281,197244448
1449,2010-05-21,11.6901,12.0813,11.571,11.7744,389037205
1450,2010-05-24,12.1669,12.2008,11.8859,11.8859,174454129
1451,2010-05-25,11.6468,11.8929,11.563,11.8839,121133535
1452,2010-05-26,12.1808,12.1878,11.8351,11.8441,139527976
1453,2010-05-27,12.0778,12.2576,11.9866,12.2172,112771330
1454,2010-05-28,12.1768,12.1983,12.0324,12.0856,116211757
1455,2010-06-01,12.1918,12.2317,11.9956,12.0154,107058696
1456,2010-06-02,12.1216,12.3014,11.9946,12.2895,101081105
1457,2010-06-03,12.3333,12.6541,12.3268,12.5789,146557366
1458,2010-06-04,12.4524,12.685,12.3727,12.4349,157380459
1459,2010-06-07,12.4315,12.4653,12.0354,12.0941,145834756
1460,2010-06-08,12.152,12.1768,11.8959,12.0758,107323653
1461,2010-06-09,12.137,12.1728,11.7589,11.8077,109555716
1462,2010-06-10,11.9656,12.1684,11.8531,12.1241,103489805
1463,2010-06-11,12.0189,12.1738,11.9971,12.1684,71526353
1464,2010-06-14,12.2994,12.3178,12.0364,12.0364,81911866
1465,2010-06-15,12.0364,12.399,12.0184,12.396,171001659
1466,2010-06-16,12.3592,12.5545,12.3582,12.4867,91903957
1467,2010-06-17,12.5405,12.6014,12.3722,12.4569,79378716
1468,2010-06-18,12.5177,12.5415,12.408,12.4559,115332582
1469,2010-06-21,12.4504,12.4777,12.0783,12.1699,119772619
1470,2010-06-22,12.2033,12.3692,12.0991,12.1051,89109865
1471,2010-06-23,12.0981,12.1041,11.9128,12.0074,81458227
1472,2010-06-24,11.9208,12.0254,11.7912,11.8346,76018579
1473,2010-06-25,11.8834,11.8839,11.7215,11.7744,90133563
1474,2010-06-28,11.7714,11.8939,11.6852,11.7604,70747540
1475,2010-06-29,11.5452,11.57,11.2373,11.3155,140591818
1476,2010-06-30,11.2916,11.4007,11.0789,11.0838,144650478
1477,2010-07-01,11.0903,11.1676,10.8018,10.9474,141053486
1478,2010-07-02,11.0006,11.0166,10.8607,10.8746,77720727
1479,2010-07-06,11.0599,11.1496,10.8018,10.8627,102775224
1480,2010-07-07,10.9189,11.2413,10.8477,11.2084,125641819
1481,2010-07-08,11.2971,11.3897,11.2034,11.3728,107143001
1482,2010-07-09,11.7574,11.7847,11.5307,11.6443,173888085
1483,2010-07-12,11.7664,11.9387,11.7359,11.8531,133859501
1484,2010-07-13,12.0124,12.2795,11.9656,12.1858,159628579
1485,2010-07-14,12.2028,12.2985,12.1176,12.2426,125172122
1486,2010-07-15,12.2486,12.3188,12.0274,12.3059,194506559
1487,2010-07-16,11.6842,11.7215,11.4465,11.4555,314126627
1488,2010-07-19,11.4833,11.6951,11.3977,11.6124,182671811
1489,2010-07-20,11.4843,12.0314,11.4764,11.9966,162767918
1490,2010-07-21,12.0563,12.0971,11.8441,11.8944,131659555
1491,2010-07-22,12.0284,12.1758,12.0184,12.0763,86219425
1492,2010-07-23,11.9756,12.2207,11.9676,12.2073,0
1493,2010-07-26,12.1828,12.2152,12.0783,12.1798,80097312
1494,2010-07-27,12.2202,12.3925,12.2098,12.2715,98403433
1495,2010-07-28,12.3288,12.3363,12.0234,12.0653,99265387
1496,2010-07-29,12.1051,12.1778,11.9397,12.0813,101614672
1497,2010-07-30,11.9477,12.14,11.9352,12.0773,78956270
1498,2010-08-02,12.1808,12.2875,12.1295,12.2157,74786128
1499,2010-08-03,12.2182,12.267,12.125,12.2018,72384854
1500,2010-08-04,12.26,12.6292,12.2317,12.6122,153101804
1501,2010-08-05,12.6014,12.6691,12.5435,12.6566,97166405
1502,2010-08-06,12.5894,12.5979,12.3562,12.4603,130505587
1503,2010-08-09,12.5107,12.5919,12.4887,12.5884,75128805
1504,2010-08-10,12.5137,12.6044,12.419,12.5475,83254997
1505,2010-08-11,12.398,12.405,12.2431,12.2491,88293436
1506,2010-08-12,12.0548,12.3243,12.0194,12.2556,87291617
1507,2010-08-13,12.1808,12.2356,12.1061,12.1151,75445750
1508,2010-08-16,12.0483,12.2028,11.9691,12.0961,52436882
1509,2010-08-17,12.1689,12.3228,12.1071,12.2187,75355103
1510,2010-08-18,12.2167,12.2277,11.9956,12.0104,107267731
1511,2010-08-19,11.9816,12.0194,11.6388,11.6567,157553203
1512,2010-08-20,11.6567,11.7474,11.4838,11.5088,153613171
1513,2010-08-23,11.4958,11.6637,11.4017,11.5601,119286463
1514,2010-08-24,11.4012,11.4176,11.2323,11.2443,110597519
1515,2010-08-25,11.2094,11.4037,11.2094,11.3245,104056011
1516,2010-08-26,11.3603,11.3902,11.2203,11.2338,71422418
1517,2010-08-27,11.2731,11.4585,11.1506,11.4295,90284909
1518,2010-08-30,11.4375,11.4525,11.2696,11.2761,49542347
1519,2010-08-31,11.2123,11.3309,11.1596,11.2099,78154213
1520,2010-09-01,11.3334,11.5815,11.2716,11.4665,129564668
1521,2010-09-02,11.5292,11.569,11.4665,11.5377,67659747
1522,2010-09-03,11.7205,11.7544,11.6438,11.715,98120251
1523,2010-09-07,11.5705,11.6478,11.5337,11.568,68666383
1524,2010-09-08,11.588,11.7699,11.571,11.722,96702409
1525,2010-09-09,11.9029,11.9666,11.722,11.8615,97765088
1526,2010-09-10,11.9322,11.9516,11.8341,11.8605,77333208
1527,2010-09-13,11.9791,12.0653,11.9447,12.0134,89961300
1528,2010-09-14,12.0064,12.0753,11.9586,11.9676,88989631
1529,2010-09-15,11.9556,12.0035,11.9193,11.9726,96490323
1530,2010-09-16,11.9556,12.0174,11.9417,11.9831,79181724
1531,2010-09-17,12.0503,12.2356,11.9861,12.2098,193865965
1532,2010-09-20,12.268,12.7139,12.2571,12.6611,177163796
1533,2010-09-21,12.6959,12.9526,12.6771,12.7901,179318660
1534,2010-09-22,12.7752,12.8978,12.7458,12.8534,101879148
1535,2010-09-23,12.8186,12.9456,12.7363,12.7906,93035524
1536,2010-09-24,12.9963,13.1483,12.9096,13.1344,129983461
1537,2010-09-27,13.1732,13.3725,13.1732,13.2121,124612501
1538,2010-09-28,13.2888,13.2918,12.9146,13.1315,146716782
1539,2010-09-29,13.1483,13.2754,13.0706,13.1448,87270341
1540,2010-09-30,13.1812,13.249,12.9261,13.0975,130249060
1541,2010-10-01,13.2022,13.2176,13.0278,13.093,86626013
1542,2010-10-04,13.0766,13.1583,12.9241,13.0118,77893110
1543,2010-10-05,13.1618,13.4512,13.116,13.4074,140670583
1544,2010-10-06,13.4328,13.4502,13.2007,13.3107,111068781
1545,2010-10-07,13.3566,13.3815,13.1807,13.2022,96258486
1546,2010-10-08,13.2709,13.3915,13.1428,13.3606,111819974
1547,2010-10-11,13.4134,13.5659,13.3805,13.4224,105590915
1548,2010-10-12,13.4542,13.6007,13.3964,13.4861,150679696
1549,2010-10-13,13.6256,13.6376,13.5096,13.5334,122737850
1550,2010-10-14,13.5554,13.5818,13.3795,13.4742,265800995
1551,2010-10-15,14.9279,14.9867,14.7365,14.9822,550978538
1552,2010-10-18,14.9593,15.4365,14.9593,15.3873,285183404
1553,2010-10-19,15.1661,15.315,15.0171,15.1411,184187847
1554,2010-10-20,15.1486,15.3788,15.1327,15.1446,141582436
1555,2010-10-21,15.2328,15.3443,15.0952,15.2447,117243765
1556,2010-10-22,15.2428,15.315,15.1959,15.2576,86109468
1557,2010-10-25,15.3344,15.5621,15.3184,15.3568,126797955
1558,2010-10-26,15.2721,15.4749,15.2209,15.4091,100884676
1559,2010-10-27,15.3384,15.444,15.2532,15.3563,89909032
1560,2010-10-28,15.445,15.4689,15.2771,15.4086,87699531
1561,2010-10-29,15.3713,15.4191,15.2696,15.2871,88628888
1562,2010-11-01,15.3374,15.4605,15.2249,15.3194,123984512
1563,2010-11-02,15.4106,15.444,15.3091,15.3344,80250344
1564,2010-11-03,15.3818,15.4898,15.2821,15.4485,135697460
1565,2010-11-04,15.5596,15.6911,15.4963,15.5506,143364754
1566,2010-11-05,15.5232,15.5805,15.4719,15.5706,68678667
1567,2010-11-08,15.5441,15.6802,15.5217,15.6124,84300694
1568,2010-11-09,15.6931,15.714,15.457,15.5641,89907787
1569,2010-11-10,15.4958,15.5187,15.3823,15.5157,100321883
1570,2010-11-11,15.4365,15.44,15.2996,15.3743,90792182
1571,2010-11-12,15.2946,15.3668,14.9842,15.0275,123272019
1572,2010-11-15,15.0225,15.0455,14.7973,14.8332,139705416
1573,2010-11-16,14.7655,14.893,14.5338,14.5403,132670727
1574,2010-11-17,14.5721,14.6843,14.4815,14.5358,97775244
1575,2010-11-18,14.6718,14.9453,14.6608,14.8602,103866566
1576,2010-11-19,14.8711,14.893,14.7052,14.7176,89740021
1577,2010-11-22,14.634,14.7825,14.5164,14.7271,87698969
1578,2010-11-23,14.622,14.6718,14.4028,14.5224,86982220
1579,2010-11-24,14.6295,14.8612,14.623,14.8202,96350498
1580,2010-11-26,14.7082,14.771,14.622,14.6968,50868617
1581,2010-11-29,14.6758,14.6918,14.4466,14.5004,114800781
1582,2010-11-30,14.3061,14.3061,13.7825,13.8428,285662735
1583,2010-12-01,14.0242,14.2379,14.0092,14.058,150832367
1584,2010-12-02,14.1652,14.2817,14.083,14.2439,102382727
1585,2010-12-03,14.1851,14.3599,14.1487,14.2732,92817096
1586,2010-12-06,14.4621,14.4974,14.3629,14.4068,84103101
1587,2010-12-07,14.7286,14.7715,14.5971,14.6255,122164057
1588,2010-12-08,14.7455,14.7595,14.5398,14.7102,70539830
1589,2010-12-09,14.7933,14.8357,14.6718,14.734,75025874
1590,2010-12-10,14.775,14.7963,14.7037,14.7515,67033324
1591,2010-12-13,14.8741,15.0205,14.7983,14.8118,96399315
1592,2010-12-14,14.8731,14.903,14.7585,14.8192,65968398
1593,2010-12-15,14.7555,14.8577,14.6758,14.7042,87035613
1594,2010-12-16,14.7675,14.7904,14.6488,14.7395,64104345
1595,2010-12-17,14.7216,14.7605,14.6385,14.7166,89377512
1596,2010-12-20,14.8013,14.893,14.6633,14.8227,79162013
1597,2010-12-21,14.9104,15.0634,14.886,15.0225,75532343
1598,2010-12-22,15.0455,15.1202,15.0275,15.0823,48475293
1599,2010-12-23,15.0789,15.0952,14.9966,15.0515,44608807
1600,2010-12-27,15.0141,15.04,14.9334,15.0051,48500303
1601,2010-12-28,14.9966,15.0425,14.896,14.9189,42744232
1602,2010-12-29,14.9956,15.0056,14.9189,14.9707,40936583
1603,2010-12-30,14.896,14.9792,14.881,14.9174,39722638
1604,2010-12-31,14.8522,14.891,14.7475,14.7953,53560781
1605,2011-01-03,14.8582,15.0853,14.8582,15.0544,94907486
1606,2011-01-04,15.0858,15.0997,14.9488,14.9986,73244519
1607,2011-01-05,14.9478,15.2034,14.9468,15.1719,101164286
1608,2011-01-06,15.2119,15.4046,15.1959,15.2821,82607699
1609,2011-01-07,15.3423,15.4002,15.1979,15.3553,76100154
1610,2011-01-10,15.3145,15.3294,15.1591,15.2996,63448375
1611,2011-01-11,15.3873,15.4141,15.3071,15.3443,57848589
1612,2011-01-12,15.428,15.428,15.3135,15.3663,65544667
1613,2011-01-13,15.3683,15.4355,15.2986,15.3618,53551307
1614,2011-01-14,15.3793,15.5506,15.3713,15.5481,83999888
1615,2011-01-18,15.6109,15.9921,15.5755,15.9332,145252212
1616,2011-01-19,15.9951,16.0159,15.6847,15.737,136877442
1617,2011-01-20,15.748,15.7947,15.5257,15.6124,219774667
1618,2011-01-21,15.9317,15.9851,15.2288,15.2408,322624562
1619,2011-01-24,15.1332,15.2566,14.9767,15.2219,184501741
1620,2011-01-25,15.1501,15.4615,15.1082,15.442,146414610
1621,2011-01-26,15.4525,15.5058,15.3264,15.3568,81934708
1622,2011-01-27,15.3913,15.4365,15.2756,15.3643,81069905
1623,2011-01-28,15.4211,15.453,14.9399,14.9707,155243621
1624,2011-01-31,15.0355,15.0574,14.8347,14.9548,112786144
1625,2011-02-01,15.0574,15.2786,15.0235,15.2209,110099560
1626,2011-02-02,15.2199,15.3031,15.1332,15.2447,70681502
1627,2011-02-03,15.1819,15.2313,15.0982,15.1989,60116099
1628,2011-02-04,15.1989,15.2308,15.1102,15.2194,54155971
1629,2011-02-07,15.1989,15.4041,15.1749,15.3016,72333589
1630,2011-02-08,15.3175,15.435,15.3076,15.4036,68044617
1631,2011-02-09,15.3628,15.4305,15.2532,15.3568,73933006
1632,2011-02-10,15.2921,15.3818,15.2338,15.3553,93783426
1633,2011-02-11,15.2896,15.5686,15.2696,15.5561,97743008
1634,2011-02-14,15.5272,15.6842,15.445,15.6473,85574254
1635,2011-02-15,15.6263,15.695,15.5212,15.5476,83979895
1636,2011-02-16,15.583,15.6059,15.4963,15.5491,67723136
1637,2011-02-17,15.4699,15.6243,15.451,15.575,59362537
1638,2011-02-18,15.5935,15.7225,15.5481,15.695,108872809
1639,2011-02-22,15.4515,15.5666,15.1391,15.1999,146190681
1640,2011-02-23,15.2009,15.3121,15.0455,15.2278,116094454
1641,2011-02-24,15.2298,15.2716,14.9797,15.1656,108868313
1642,2011-02-25,15.2323,15.3126,15.1824,15.1959,77575402
1643,2011-02-28,15.1939,15.3563,15.1451,15.2796,91679868
1644,2011-03-01,15.3888,15.4246,14.9284,14.9647,133307909
1645,2011-03-02,14.9478,15.0952,14.8262,14.9657,81359270
1646,2011-03-03,15.1047,15.2318,15.0704,15.1839,78248032
1647,2011-03-04,15.1536,15.1694,14.9508,14.9613,120881103
1648,2011-03-07,15.019,15.038,14.622,14.738,138931341
1649,2011-03-08,14.7695,14.8955,14.7018,14.754,91811423
1650,2011-03-09,14.7216,14.8093,14.5911,14.7405,86351542
1651,2011-03-10,14.5831,14.6126,14.4342,14.4551,125594086
1652,2011-03-11,14.4033,14.4476,14.2817,14.3659,121719692
1653,2011-03-14,14.2682,14.4048,14.1492,14.1985,112966796
1654,2011-03-15,13.8782,14.2234,13.8373,14.1876,160900413
1655,2011-03-16,14.1487,14.1935,13.7323,13.8772,152579598
1656,2011-03-17,14.061,14.1737,13.9629,13.9833,116404212
1657,2011-03-18,14.065,14.1487,13.943,13.9758,132572854
1658,2011-03-21,14.1821,14.4426,14.1742,14.3604,121308446
1659,2011-03-22,14.3853,14.4287,14.2614,14.3809,75761049
1660,2011-03-23,14.3281,14.5089,14.2484,14.5014,72909911
1661,2011-03-24,14.5881,14.6568,14.4177,14.619,84223335
1662,2011-03-25,14.5991,14.62,14.4287,14.4411,114737552
1663,2011-03-28,14.4994,14.5721,14.3161,14.3321,88984211
1664,2011-03-29,14.348,14.4944,14.2732,14.4904,64438271
1665,2011-03-30,14.5696,14.5846,14.4621,14.4934,57095228
1666,2011-03-31,14.5398,14.6508,14.4909,14.616,76123317
1667,2011-04-01,14.6723,14.8262,14.6658,14.7415,104905559
1668,2011-04-04,14.7655,14.8148,14.5249,14.639,82486622
1669,2011-04-05,14.4745,14.4845,14.091,14.1757,242788955
1670,2011-04-06,14.2539,14.3271,14.1487,14.3026,107118312
1671,2011-04-07,14.341,14.4636,14.3031,14.4476,101626154
1672,2011-04-08,14.5691,14.5691,14.3993,14.4018,76379121
1673,2011-04-11,14.353,14.4003,14.2732,14.3819,74604752
1674,2011-04-12,14.3231,14.3709,14.1497,14.2134,83602693
1675,2011-04-13,14.3361,14.3878,14.2424,14.3549,83116698
1676,2011-04-14,14.3386,14.4342,14.2509,14.4108,218390186
1677,2011-04-15,13.5788,13.5947,13.2037,13.2195,563888569
1678,2011-04-18,13.113,13.1438,12.9281,13.1235,202327046
1679,2011-04-19,13.2012,13.224,12.9755,12.9909,107801178
1680,2011-04-20,13.1,13.123,12.9879,13.0955,121655420
1681,2011-04-21,13.1393,13.1593,13.0128,13.0801,98725236
1682,2011-04-25,13.087,13.1275,13.0028,13.0786,65477826
1683,2011-04-26,13.1155,13.3875,13.0825,13.2724,141924753
1684,2011-04-27,13.3984,13.4044,13.3107,13.3954,92272207
1685,2011-04-28,13.4029,13.4323,13.3038,13.4004,81662927
1686,2011-04-29,13.4512,13.5534,13.4144,13.5534,169725730
1687,2011-05-02,13.5828,13.5937,13.3795,13.4154,85668314
1688,2011-05-03,13.3795,13.5011,13.1932,13.2988,83393257
1689,2011-05-04,13.3307,13.4264,13.2774,13.3466,84958872
1690,2011-05-05,13.2888,13.4367,13.2395,13.3087,80064754
1691,2011-05-06,13.4054,13.4876,13.3312,13.3342,82545595
1692,2011-05-09,13.3352,13.4134,13.2295,13.3935,78227317
1693,2011-05-10,13.4512,13.5614,13.39,13.5174,81950204
1694,2011-05-11,13.4547,13.5394,13.2943,13.3382,93755686
1695,2011-05-12,13.3327,13.375,13.225,13.3277,58068584
1696,2011-05-13,13.3182,13.3496,13.1782,13.1907,84476128
1697,2011-05-16,13.11,13.1344,12.8634,12.9136,118755104
1698,2011-05-17,12.8295,13.2325,12.8295,13.2136,132658122
1699,2011-05-18,13.1907,13.2106,13.095,13.1972,78455100
1700,2011-05-19,13.2739,13.365,13.1952,13.233,99131503
1701,2011-05-20,13.247,13.2485,13.0308,13.0537,75389507
1702,2011-05-23,12.8684,12.9531,12.7886,12.9131,90432161
1703,2011-05-24,12.964,13.0517,12.9072,12.9096,75815365
1704,2011-05-25,12.8993,13.0218,12.8843,12.9446,52251412
1705,2011-05-26,12.8958,13.0058,12.8285,12.9063,85055581
1706,2011-05-27,12.9151,12.9978,12.8609,12.9755,70093297
1707,2011-05-31,13.083,13.1782,13.0403,13.1777,107882070
1708,2011-06-01,13.1533,13.2819,13.085,13.0925,118519292
1709,2011-06-02,13.1418,13.2097,13.0148,13.1538,88496530
1710,2011-06-03,13.0028,13.1423,12.9904,13.0298,69686187
1711,2011-06-06,13.0413,13.123,12.9341,12.9795,77965130
1712,2011-06-07,13.0203,13.0686,12.9281,12.9291,76576956
1713,2011-06-08,12.8669,12.984,12.8479,12.9321,66326050
1714,2011-06-09,12.9531,12.9531,12.8444,12.8713,67808364
1715,2011-06-10,12.8056,12.8708,12.686,12.692,97520243
1716,2011-06-13,12.7039,12.7089,12.5087,12.5724,97440274
1717,2011-06-14,12.6581,12.8056,12.6292,12.6631,93997961
1718,2011-06-15,12.5804,12.6631,12.4698,12.5286,83208108
1719,2011-06-16,12.5246,12.6182,12.3722,12.4638,110680418
1720,2011-06-17,12.6087,12.6212,12.0763,12.0817,208874014
1721,2011-06-20,12.0813,12.1121,11.9377,12.0708,121584724
1722,2011-06-21,12.136,12.3039,12.0743,12.2805,111015267
1723,2011-06-22,12.2416,12.2645,12.1241,12.131,96664031
1724,2011-06-23,12.0069,12.0279,11.8002,11.9621,192788433
1725,2011-06-24,11.9746,11.9756,11.7827,11.8291,152679519
1726,2011-06-27,11.8072,12.1659,11.7972,12.0264,138284805
1727,2011-06-28,12.0803,12.3602,12.0568,12.2965,109068516
1728,2011-06-29,12.3542,12.4608,12.265,12.394,94056532
1729,2011-06-30,12.5047,12.6212,12.4922,12.6137,97484916
1730,2011-07-01,12.6227,12.9825,12.6137,12.979,145993007
1731,2011-07-05,13.085,13.3367,13.085,13.2629,154540240
1732,2011-07-06,13.2893,13.4144,13.2779,13.3357,108214110
1733,2011-07-07,13.4762,13.7173,13.3486,13.6156,144434418
1734,2011-07-08,13.2759,13.3925,13.1344,13.252,191494479
1735,2011-07-11,13.1568,13.3511,13.09,13.1344,113691735
1736,2011-07-12,13.1563,13.4367,13.1025,13.3018,114057938
1737,2011-07-13,13.3765,13.5509,13.3635,13.4079,111955223
1738,2011-07-14,13.4293,13.5011,13.1205,13.1757,265536359
1739,2011-07-15,14.8835,14.9518,14.6508,14.8865,551371638
1740,2011-07-18,14.7585,14.9966,14.7465,14.8197,179409508
1741,2011-07-19,14.8497,15.0624,14.8342,15.0091,118797778
1742,2011-07-20,15.0001,15.0166,14.8302,14.8302,89462980
1743,2011-07-21,14.7973,15.1466,14.7963,15.1202,139285098
1744,2011-07-22,15.0803,15.4315,15.0524,15.4002,141742816
1745,2011-07-25,15.2786,15.5785,15.2696,15.4186,125732225
1746,2011-07-26,15.3952,15.6308,15.3748,15.5068,94066569
1747,2011-07-27,15.3738,15.468,15.0644,15.1257,157946142
1748,2011-07-28,15.0754,15.3438,15.0205,15.2184,124807405
1749,2011-07-29,15.0515,15.3184,15.038,15.038,166099994
1750,2011-08-01,15.2204,15.3319,14.9254,15.1142,159239895
1751,2011-08-02,15.0952,15.1864,14.736,14.7565,128512307
1752,2011-08-03,14.8033,15.0205,14.5383,14.9747,153583143
1753,2011-08-04,14.8212,14.9169,14.3848,14.3858,196449577
1754,2011-08-05,14.5109,14.6968,13.9993,14.4237,203609478
1755,2011-08-08,14.0043,14.1737,13.5599,13.6012,300826306
1756,2011-08-09,13.9743,14.3131,13.4762,14.2832,259735366
1757,2011-08-10,13.9838,14.052,13.6436,13.6754,215669560
1758,2011-08-11,13.8,14.1612,13.6605,14.0023,193969378
1759,2011-08-12,14.1861,14.2109,13.9594,14.043,126667564
1760,2011-08-15,13.787,14.074,13.6017,13.8807,220745012
1761,2011-08-16,13.7606,13.7611,13.2097,13.4264,278588182
1762,2011-08-17,13.4512,13.5434,13.221,13.2809,162800075
1763,2011-08-18,13.0398,13.0746,12.4668,12.5764,252538892
1764,2011-08-19,12.4469,12.8255,12.2272,12.2287,217186760
1765,2011-08-22,12.5545,12.6292,12.3183,12.409,196994144
1766,2011-08-23,12.542,12.9879,12.4315,12.9236,174181665
1767,2011-08-24,12.9366,13.2022,12.8843,13.0348,144405353
1768,2011-08-25,13.2166,13.3835,12.9106,12.9541,131966263
1769,2011-08-26,12.9521,13.2136,12.7822,13.124,144134615
1770,2011-08-29,13.3157,13.4377,13.2908,13.4284,93821443
1771,2011-08-30,13.4059,13.5259,13.222,13.4687,119996468
1772,2011-08-31,13.5793,13.6081,13.3516,13.4752,108122137
1773,2011-09-01,13.4702,13.5469,13.2325,13.2644,96969655
1774,2011-09-02,13.0771,13.1503,12.971,13.0736,60017864
1775,2011-09-06,12.7458,13.0218,12.7164,13.0073,109032907
1776,2011-09-07,13.2136,13.3501,13.1373,13.3028,110684593
1777,2011-09-08,13.2968,13.4288,13.2495,13.3257,95578229
1778,2011-09-09,13.237,13.3177,12.983,13.0736,131228759
1779,2011-09-12,12.9023,13.252,12.8908,13.2052,107206069
1780,2011-09-13,13.252,13.2988,13.0378,13.1902,94507361
1781,2011-09-14,13.2669,13.3755,13.098,13.254,108164250
1782,2011-09-15,13.3392,13.5753,13.3157,13.515,118908177
1783,2011-09-16,13.5708,13.6216,13.5294,13.6176,141899702
1784,2011-09-19,13.4587,13.6978,13.3362,13.6171,78183037
1785,2011-09-20,13.6854,13.9126,13.5174,13.6166,111566097
1786,2011-09-21,13.6426,13.8249,13.4229,13.4313,100986483
1787,2011-09-22,13.1085,13.1717,12.8036,12.9695,176661542
1788,2011-09-23,12.8674,13.113,12.8161,13.0905,111517602
1789,2011-09-26,13.1334,13.2749,12.7846,13.249,105751334
1790,2011-09-27,13.4064,13.6266,13.3526,13.4348,120873596
1791,2011-09-28,13.4886,13.5514,13.1448,13.1732,90864322
1792,2011-09-29,13.3526,13.384,12.9381,13.1398,116688720
1793,2011-09-30,12.958,13.0527,12.8131,12.8295,109360651
1794,2011-10-03,12.6875,12.7538,12.3303,12.3433,179599233
1795,2011-10-04,12.2068,12.5405,11.9716,12.5022,166964276
1796,2011-10-05,12.3552,12.6491,11.9756,12.5719,182031579
1797,2011-10-06,12.6516,12.8344,12.5197,12.8215,137477489
1798,2011-10-07,12.8743,12.9655,12.7114,12.8315,77134891
1799,2011-10-10,13.082,13.3885,13.0328,13.3805,93224848
1800,2011-10-11,13.2883,13.6206,13.2883,13.5304,114556860
1801,2011-10-12,13.6536,13.8308,13.5669,13.6629,127577169
1802,2011-10-13,13.7013,13.9245,13.6511,13.9245,227492263
1803,2011-10-14,14.9329,14.9359,14.6365,14.7385,342458683
1804,2011-10-17,14.5403,14.7425,14.3978,14.5074,160913300
1805,2011-10-18,14.4526,14.7605,14.3829,14.7097,152583010
1806,2011-10-19,14.6305,14.748,14.4282,14.4651,117683232
1807,2011-10-20,14.4959,14.6688,14.4357,14.5388,135648724
1808,2011-10-21,14.6848,14.7655,14.6146,14.7087,136190240
1809,2011-10-24,14.616,14.9448,14.6096,14.8567,137570425
1810,2011-10-25,14.7715,14.8212,14.5184,14.5264,101986174
1811,2011-10-26,14.6853,14.7013,14.2697,14.6046,115338202
1812,2011-10-27,14.9064,15.0131,14.779,14.9124,151757027
1813,2011-10-28,14.8093,15.0031,14.8023,14.9493,100681542
1814,2011-10-31,14.8232,14.9384,14.738,14.7625,102680402
1815,2011-11-01,14.4501,14.5851,14.3669,14.4138,125461126
1816,2011-11-02,14.5696,14.6458,14.4596,14.5676,85183643
1817,2011-11-03,14.622,14.8835,14.5403,14.8835,107176923
1818,2011-11-04,14.784,14.9394,14.757,14.8497,113826301
1819,2011-11-07,14.7795,15.1646,14.7525,15.1536,134833700
1820,2011-11-08,15.1819,15.3036,15.0355,15.2532,121545342
1821,2011-11-09,15.0519,15.1799,14.9124,14.9697,148964942
1822,2011-11-10,15.0932,15.0942,14.7355,14.8232,115154378
1823,2011-11-11,14.9832,15.2467,14.9109,15.1541,159657483
1824,2011-11-14,15.1476,15.3962,15.1396,15.2696,128007443
1825,2011-11-15,15.2646,15.3962,15.2074,15.3583,107426465
1826,2011-11-16,15.2467,15.4016,15.2099,15.2318,104725469
1827,2011-11-17,15.1959,15.2517,14.8657,14.9677,140237619
1828,2011-11-18,14.9956,15.0579,14.7904,14.8183,131981437
1829,2011-11-21,14.6405,14.6593,14.2504,14.4711,120483828
1830,2011-11-22,14.4476,14.5711,14.3291,14.4476,96559975
1831,2011-11-23,14.3276,14.4536,14.2015,14.2015,93372702
1832,2011-11-25,14.079,14.3051,13.9828,13.9833,57105545
1833,2011-11-28,14.4317,14.6673,14.3604,14.6518,113564877
1834,2011-11-29,14.6414,14.7057,14.481,14.5204,73534366
1835,2011-11-30,14.895,14.9339,14.7485,14.9309,127623657
1836,2011-12-01,14.9458,15.3443,14.9209,15.2886,145348760
1837,2011-12-02,15.3783,15.5437,15.3508,15.453,164019599
1838,2011-12-05,15.6343,15.7405,15.5038,15.5845,128372723
1839,2011-12-06,15.5187,15.6588,15.45,15.5377,93394060
1840,2011-12-07,15.4859,15.585,15.3967,15.5287,90637382
1841,2011-12-08,15.4699,15.6298,15.3269,15.3453,96910039
1842,2011-12-09,15.3893,15.6712,15.3693,15.6288,111128517
1843,2011-12-12,15.4938,15.598,15.451,15.5785,87706155
1844,2011-12-13,15.6623,15.8565,15.5147,15.5845,161723024
1845,2011-12-14,15.5157,15.5516,15.2566,15.3962,156725373
1846,2011-12-15,15.5068,15.5437,15.4116,15.4325,96724770
1847,2011-12-16,15.5516,15.6762,15.4809,15.5925,179022791
1848,2011-12-19,15.6433,15.6558,15.444,15.4898,86054389
1849,2011-12-20,15.6433,15.739,15.6433,15.702,95873656
1850,2011-12-21,15.6931,15.7385,15.4181,15.589,100284387
1851,2011-12-22,15.6313,15.736,15.6184,15.6857,73220914
1852,2011-12-23,15.743,15.8097,15.707,15.7713,58359715
1853,2011-12-27,15.744,16.0538,15.743,15.9482,64491022
1854,2011-12-28,16.0209,16.0668,15.8949,15.9347,85393642
1855,2011-12-29,15.9731,16.0169,15.8227,16.002,63248253
1856,2011-12-30,15.9926,16.1106,15.9926,16.0892,71572881
1857,2012-01-03,16.2511,16.6437,16.2501,16.5749,147619201
1858,2012-01-04,16.5709,16.6955,16.4558,16.6466,114974488
1859,2012-01-05,16.4932,16.539,16.3468,16.4155,131788661
1860,2012-01-06,16.4365,16.4405,16.1863,16.1918,108114470
1861,2012-01-09,16.1041,16.1166,15.4749,15.5053,233775117
1862,2012-01-10,15.6891,15.7877,15.3673,15.5222,176457967
1863,2012-01-11,15.5312,15.6782,15.4719,15.5925,96358447
1864,2012-01-12,15.723,15.7649,15.6059,15.6842,75277141
1865,2012-01-13,15.6,15.6174,15.4704,15.5686,92624078
1866,2012-01-17,15.719,15.7425,15.5855,15.6578,76648615
1867,2012-01-18,15.6094,15.7927,15.4968,15.7659,110923857
1868,2012-01-19,15.9661,15.9671,15.7295,15.9317,252627532
1869,2012-01-20,14.7097,14.7216,14.49,14.5971,424579664
1870,2012-01-23,14.5971,14.6633,14.5264,14.5851,137010884
1871,2012-01-24,14.5861,14.639,14.3978,14.4706,122688672
1872,2012-01-25,14.3858,14.4157,14.1084,14.1856,181385365
1873,2012-01-26,14.2484,14.3101,14.0625,14.1512,129513724
1874,2012-01-27,14.2179,14.4556,14.1821,14.4471,145221822
1875,2012-01-30,14.4227,14.4476,14.2832,14.3903,93567887
1876,2012-01-31,14.5224,14.5473,14.3271,14.4506,86003284
1877,2012-02-01,14.5701,14.5846,14.4262,14.4686,93162503
1878,2012-02-02,14.5691,14.6071,14.4994,14.5751,96937017
1879,2012-02-03,14.7132,14.8731,14.6478,14.8547,127214419
1880,2012-02-06,14.8272,15.2159,14.7963,15.1719,147714546
1881,2012-02-07,15.1242,15.1799,15.0395,15.1142,83984753
1882,2012-02-08,15.1616,15.2288,15.0639,15.1909,73705946
1883,2012-02-09,15.2452,15.3071,15.1699,15.2313,90928032
1884,2012-02-10,15.1411,15.1481,15.0455,15.0932,93354918
1885,2012-02-13,15.1959,15.2906,15.1954,15.2497,72913724
1886,2012-02-14,15.2333,15.2447,15.0644,15.1889,72411591
1887,2012-02-15,15.2447,15.2676,15.0096,15.0843,97406232
1888,2012-02-16,15.0161,15.1651,14.889,15.1082,101601425
1889,2012-02-17,15.0694,15.1362,15.0056,15.0614,98316279
1890,2012-02-21,15.0425,15.3913,15.0175,15.2946,99589277
1891,2012-02-22,15.2358,15.3638,15.1132,15.1436,78964620
1892,2012-02-23,15.1132,15.1436,14.9548,15.0982,82495173
1893,2012-02-24,15.1292,15.2358,15.0833,15.1924,77759829
1894,2012-02-27,15.1102,15.2536,15.0719,15.1774,72843832
1895,2012-02-28,15.1949,15.438,15.1372,15.4041,114320807
1896,2012-02-29,15.3982,15.5835,15.3319,15.4002,125928334
1897,2012-03-01,15.5003,15.586,15.3982,15.5038,89832877
1898,2012-03-02,15.4839,15.5437,15.452,15.4749,63156682
1899,2012-03-05,15.454,15.5058,15.2293,15.3006,63961027
1900,2012-03-06,15.1471,15.1651,14.7923,15.0694,127432928
1901,2012-03-07,15.1764,15.2249,15.0918,15.1152,34374360
1902,2012-03-08,15.1949,15.2323,15.1042,15.1237,54012212
1903,2012-03-09,15.1401,15.2423,14.9458,14.9518,107207674
1904,2012-03-12,14.9458,15.1202,14.9274,15.0744,67017106
1905,2012-03-13,15.1641,15.3903,15.0838,15.3888,90220035
1906,2012-03-14,15.3194,15.5133,15.2811,15.3443,117900136
1907,2012-03-15,15.3578,15.5312,15.3155,15.4719,97766734
1908,2012-03-16,15.466,15.5915,15.445,15.5696,122460608
1909,2012-03-19,15.5217,15.8744,15.4749,15.7922,87233929
1910,2012-03-20,15.716,15.8441,15.6253,15.7797,61854539
1911,2012-03-21,15.8077,16.1265,15.7559,15.9417,99143587
1912,2012-03-22,15.8879,16.1614,15.718,16.0927,96762306
1913,2012-03-23,16.1066,16.1539,15.9646,16.007,77894756
1914,2012-03-26,16.0907,16.1784,15.9307,16.1749,73048732
1915,2012-03-27,16.1176,16.2785,16.0618,16.1171,80643444
1916,2012-03-28,16.2441,16.4055,16.2182,16.3348,101920457
1917,2012-03-29,16.277,16.3558,16.0493,16.1514,77247618
1918,2012-03-30,16.2351,16.278,15.9671,15.9731,92764867
1919,2012-04-02,15.9611,16.129,15.8137,16.1146,91696729
1920,2012-04-03,16.0767,16.1405,15.9084,16.0075,82090792
1921,2012-04-04,15.9039,15.9174,15.7205,15.8217,65362971
1922,2012-04-05,15.749,15.853,15.6578,15.7509,93112804
1923,2012-04-09,15.6553,15.8262,15.5755,15.714,77915390
1924,2012-04-10,15.7807,15.8052,15.5571,15.6149,99755437
1925,2012-04-11,15.7917,15.8426,15.7255,15.8416,88292473
1926,2012-04-12,16.001,16.2696,15.9487,16.2162,230398521
1927,2012-04-13,16.13,16.1664,15.5322,15.5586,327635903
1928,2012-04-16,15.5307,15.5387,14.9872,15.0972,228519855
1929,2012-04-17,15.1591,15.3868,15.1202,15.1844,121399054
1930,2012-04-18,15.1461,15.2646,15.0156,15.1317,107202415
1931,2012-04-19,15.0878,15.3508,14.9209,14.9284,132271846
1932,2012-04-20,15.0515,15.1661,14.8422,14.8477,122777914
1933,2012-04-23,14.769,14.9074,14.7018,14.886,88228000
1934,2012-04-24,14.902,15.1112,14.879,14.9777,77451234
1935,2012-04-25,15.0455,15.2288,15.0175,15.1879,73105738
1936,2012-04-26,15.2179,15.3942,15.1874,15.3314,84028471
1937,2012-04-27,15.3199,15.3628,15.2099,15.3189,65693244
1938,2012-04-30,15.2696,15.3463,14.9608,15.0664,106992457
1939,2012-05-01,15.0405,15.2348,14.9508,15.0559,80387319
1940,2012-05-02,14.9757,15.1481,14.9608,15.1267,64691024
1941,2012-05-03,15.1854,15.3155,15.1689,15.2204,74998374
1942,2012-05-04,15.0932,15.1421,14.8662,14.8701,88614476
1943,2012-05-07,14.8212,15.2094,14.8212,15.1337,82190753
1944,2012-05-08,15.0833,15.3668,14.9633,15.2646,107484715
1945,2012-05-09,15.1157,15.3538,14.9907,15.1739,93511604
1946,2012-05-10,15.2686,15.3493,15.2009,15.2861,62386179
1947,2012-05-11,15.2039,15.3081,15.0644,15.0764,86621999
1948,2012-05-14,14.9652,15.1576,14.9603,15.0455,80317788
1949,2012-05-15,15.0794,15.3194,15.0395,15.2229,84386364
1950,2012-05-16,15.3913,15.6955,15.3428,15.6662,197387083
1951,2012-05-17,15.7877,15.8864,15.4749,15.5197,109044991
1952,2012-05-18,15.5711,15.7534,14.8637,14.9558,239809393
1953,2012-05-21,14.9588,15.3369,14.9458,15.2976,126414048
1954,2012-05-22,15.2806,15.2896,14.8462,14.9657,122515848
1955,2012-05-23,14.9867,15.1849,14.8741,15.1814,127367090
1956,2012-05-24,15.1739,15.2428,14.9179,15.037,63114811
1957,2012-05-25,14.9707,14.9887,14.6538,14.7345,143804221
1958,2012-05-29,14.8412,14.9239,14.6548,14.8048,104613464
1959,2012-05-30,14.6508,14.744,14.5353,14.6528,76541628
1960,2012-05-31,14.6648,14.6968,14.4227,14.4691,119159605
1961,2012-06-01,14.2434,14.2644,14.1577,14.2229,122776027
1962,2012-06-04,14.204,14.4596,14.1985,14.4128,97658182
1963,2012-06-05,14.3346,14.4008,14.1109,14.2085,93946415
1964,2012-06-06,14.3599,14.4964,14.2882,14.4621,71926840
1965,2012-06-07,14.637,14.6439,14.3789,14.4038,70562753
1966,2012-06-08,14.344,14.4725,14.3126,14.4591,56619148
1967,2012-06-11,14.5523,14.5801,14.1163,14.1612,106848617
1968,2012-06-12,14.1925,14.206,13.9141,14.0765,129433193
1969,2012-06-13,13.9923,14.1237,13.9166,13.9763,78463691
1970,2012-06-14,13.9818,14.076,13.8628,13.9255,94132286
1971,2012-06-15,13.9579,14.062,13.8767,14.062,120507955
1972,2012-06-18,14.0147,14.3031,13.9305,14.2194,100236615
1973,2012-06-19,14.2882,14.5543,14.2762,14.4855,83358250
1974,2012-06-20,14.4426,14.4476,14.2862,14.3858,94208200
1975,2012-06-21,14.4436,14.4436,14.042,14.079,80740515
1976,2012-06-22,14.1487,14.2354,14.0944,14.2354,89468962
1977,2012-06-25,14.1322,14.1507,13.8837,13.9668,59020462
1978,2012-06-26,14.0182,14.1138,13.9365,14.066,54241962
1979,2012-06-27,14.1412,14.2981,14.0994,14.1811,67899092
1980,2012-06-28,14.0964,14.1049,13.8797,14.0565,77109319
1981,2012-06-29,14.3221,14.4506,14.2534,14.4496,101254210
1982,2012-07-02,14.4929,14.5224,14.3604,14.4596,66458568
1983,2012-07-03,14.4476,14.6568,14.3978,14.6429,47793630
1984,2012-07-05,14.6658,14.9473,14.6603,14.8442,94176205
1985,2012-07-06,14.758,14.7845,14.5179,14.5966,86782177
1986,2012-07-09,14.5711,14.6618,14.4785,14.5971,68849484
1987,2012-07-10,14.7018,14.757,14.4162,14.49,77199444
1988,2012-07-11,14.3554,14.3938,14.0725,14.2284,140480295
1989,2012-07-12,14.1267,14.2464,14.0013,14.2105,92738732
1990,2012-07-13,14.2524,14.4267,14.1622,14.3609,79336162
1991,2012-07-16,14.3569,14.4277,14.2429,14.3211,58724111
1992,2012-07-17,14.4083,14.4641,14.1587,14.3659,67502539
1993,2012-07-18,14.3724,14.5398,14.351,14.4666,62218734
1994,2012-07-19,14.6006,14.9079,14.5971,14.773,187244368
1995,2012-07-20,15.1641,15.2681,14.9005,15.2154,259487189
1996,2012-07-23,14.9578,15.4031,14.902,15.3324,142981169
1997,2012-07-24,15.3194,15.3923,15.0539,15.1347,80677367
1998,2012-07-25,15.1531,15.2791,15.0794,15.1451,73183258
1999,2012-07-26,15.3194,15.3663,15.1959,15.2786,67691100
2000,2012-07-27,15.4161,15.8177,15.3818,15.8167,142501677
2001,2012-07-30,15.8436,16.007,15.6807,15.7504,87781346
2002,2012-07-31,15.6498,15.855,15.6488,15.7669,74906161
2003,2012-08-01,15.8749,15.9302,15.7275,15.7599,74049708
2004,2012-08-02,15.5815,15.8934,15.5287,15.6623,79394373
2005,2012-08-03,15.9422,16.0349,15.846,15.9756,76166232
2006,2012-08-06,15.9322,16.1759,15.9228,16.0124,71554214
2007,2012-08-07,15.9871,16.0483,15.8545,15.9556,79591284
2008,2012-08-08,15.9184,16.0887,15.9049,15.998,53079162
2009,2012-08-09,16.0548,16.1006,15.9801,16.001,42966716
2010,2012-08-10,15.9074,15.998,15.8455,15.9921,57584314
2011,2012-08-13,16.127,16.4445,16.1086,16.4405,131180665
2012,2012-08-14,16.4215,16.7602,16.4155,16.6561,147006107
2013,2012-08-15,16.6965,16.7952,16.5425,16.6282,96776758
2014,2012-08-16,16.6277,16.8051,16.6168,16.7612,68956712
2015,2012-08-17,16.7922,16.8699,16.7318,16.8674,87431643
2016,2012-08-20,16.8264,16.9106,16.7557,16.8274,70575157
2017,2012-08-21,16.7672,16.8888,16.4942,16.6775,89190356
2018,2012-08-22,16.6242,16.9536,16.6073,16.8684,76647330
2019,2012-08-23,16.7962,16.9506,16.7144,16.8589,71624829
2020,2012-08-24,16.8289,16.9496,16.7912,16.9047,57338707
2021,2012-08-27,16.5152,16.7393,16.4215,16.6701,104923263
2022,2012-08-28,16.5649,16.8794,16.5584,16.8699,82640016
2023,2012-08-29,16.8729,17.1628,16.8429,17.1379,120063148
2024,2012-08-30,17.0443,17.123,16.9431,16.9804,65320698
2025,2012-08-31,17.0383,17.1523,16.9396,17.0651,85393441
2026,2012-09-04,17.0522,17.0631,16.7767,16.9646,75854507
2027,2012-09-05,16.9386,17.1005,16.9171,16.9566,68574451
2028,2012-09-06,17.087,17.4337,17.0562,17.4219,122215443
2029,2012-09-07,17.4367,17.7417,17.379,17.5902,129878241
2030,2012-09-10,17.6799,17.7557,17.397,17.4557,102773900
2031,2012-09-11,17.386,17.4527,17.2126,17.2425,75227883
2032,2012-09-12,17.1727,17.3103,16.9606,17.2096,106073538
2033,2012-09-13,17.2644,17.661,17.2011,17.5872,106744762
2034,2012-09-14,17.6759,17.7606,17.6111,17.6779,105118649
2035,2012-09-17,17.66,17.7576,17.5614,17.6854,60550709
2036,2012-09-18,17.6306,17.9016,17.6056,17.8921,82969646
2037,2012-09-19,17.8727,18.1482,17.8453,18.1217,124400615
2038,2012-09-20,18.0465,18.2184,17.9653,18.1372,116715738
2039,2012-09-21,18.2389,18.3066,18.1871,18.2837,255283365
2040,2012-09-24,18.2089,18.6833,18.1901,18.6668,143074265
2041,2012-09-25,18.758,19.053,18.6241,18.6613,243255962
2042,2012-09-26,18.6783,18.9623,18.4581,18.7685,227742005
2043,2012-09-27,18.9304,19.0021,18.7231,18.8442,157830685
2044,2012-09-28,18.7859,18.9139,18.7112,18.7944,111751246
2045,2012-10-01,18.9074,19.056,18.8367,18.9758,127198521
2046,2012-10-02,19.061,19.0808,18.6893,18.8566,112015601
2047,2012-10-03,18.8247,19.029,18.737,18.9936,88665821
2048,2012-10-04,19.0001,19.1774,18.9164,19.1317,98525715
2049,2012-10-05,19.1984,19.2896,19.056,19.1217,109834362
2050,2012-10-08,18.9563,19.0205,18.7859,18.8776,78624994
2051,2012-10-09,18.9234,18.9643,18.4959,18.5349,120578891
2052,2012-10-10,18.4795,18.6206,18.3903,18.5468,81934066
2053,2012-10-11,18.7545,18.894,18.6893,18.7191,95697138
2054,2012-10-12,18.7281,18.8038,18.5354,18.5518,96612444
2055,2012-10-15,18.4814,18.5289,18.2015,18.4576,121221773
2056,2012-10-16,18.4362,18.6076,18.345,18.5503,82625162
2057,2012-10-17,18.5319,18.8402,18.4397,18.8187,92045228
2058,2012-10-18,18.8202,18.9169,16.8389,17.3123,499056676
2059,2012-10-19,17.5759,17.6036,16.7393,16.9834,460955374
2060,2012-10-22,16.9636,17.0542,16.682,16.9056,162865671
2061,2012-10-23,16.7393,17.121,16.7393,16.9476,117102093
2062,2012-10-24,17.079,17.113,16.821,16.8714,100218429
2063,2012-10-25,16.9386,16.9884,16.7772,16.8829,96451262
2064,2012-10-26,16.8514,17.0143,16.7194,16.8181,78313468
2065,2012-10-31,16.9351,16.9636,16.8141,16.9461,61702911
2066,2012-11-01,16.9261,17.2101,16.9066,17.1279,82316166
2067,2012-11-02,17.3073,17.3262,17.122,17.1359,93319831
2068,2012-11-05,17.0507,17.1095,16.8279,17.0123,65672971
2069,2012-11-06,17.0751,17.1005,16.8779,16.9814,63546972
2070,2012-11-07,16.823,16.8948,16.6018,16.6178,89617218
2071,2012-11-08,16.6995,16.7264,16.2221,16.2481,104254166
2072,2012-11-09,16.3068,16.6481,16.1988,16.5162,125014914
2073,2012-11-12,16.5341,16.6845,16.4623,16.5874,56438656
2074,2012-11-13,16.5152,16.6297,16.3965,16.4165,63997118
2075,2012-11-14,16.4568,16.4947,16.2038,16.2546,66974793
2076,2012-11-15,16.1913,16.4405,16.0393,16.123,74221649
2077,2012-11-16,16.0917,16.2666,15.8426,16.1211,138038596
2078,2012-11-19,16.3333,16.6626,16.3288,16.6446,95067544
2079,2012-11-20,16.6775,16.8888,16.554,16.6885,83854322
2080,2012-11-21,16.6646,16.6845,16.4503,16.5869,84791708
2081,2012-11-23,16.6885,16.6895,16.5924,16.6387,37032842
2082,2012-11-26,16.6008,16.6148,16.416,16.4693,88532861
2083,2012-11-27,16.4445,16.8141,16.3905,16.7075,100720924
2084,2012-11-28,16.6397,17.0611,16.537,17.0303,122118693
2085,2012-11-29,17.1259,17.2848,16.9884,17.2345,111523383
2086,2012-11-30,17.2206,17.4174,17.08,17.396,127024573
2087,2012-12-03,17.4927,17.5832,17.2903,17.3183,88031891
2088,2012-12-04,17.3123,17.3252,17.0805,17.2136,79952990
2089,2012-12-05,17.2415,17.2998,16.9963,17.1334,74763446
2090,2012-12-06,17.1279,17.3272,17.0512,17.2156,58700667
2091,2012-12-07,17.3123,17.359,16.9988,17.0433,77057371
2092,2012-12-10,17.0731,17.2286,17.0333,17.0736,54868826
2093,2012-12-11,17.1877,17.4847,17.1309,17.359,107873961
2094,2012-12-12,17.4179,17.5244,17.2744,17.376,97391739
2095,2012-12-13,17.8334,17.8473,17.4258,17.504,138347953
2096,2012-12-14,17.4159,17.6316,17.398,17.4857,85528730
2097,2012-12-17,17.5739,18.3903,17.5369,17.9543,121865097
2098,2012-12-18,17.8503,18.1617,17.8114,17.9618,120637262
2099,2012-12-19,17.9528,18.0098,17.8523,17.938,77066324
2100,2012-12-20,18.0163,18.0505,17.8593,17.9938,66518384
2101,2012-12-21,17.7845,17.9056,17.6988,17.8264,141563287
2102,2012-12-24,17.7985,17.8149,17.6231,17.6734,33799323
2103,2012-12-26,17.6381,17.7576,17.4966,17.658,47464120
2104,2012-12-27,17.6146,17.657,17.402,17.5932,66134558
2105,2012-12-28,17.4787,17.6091,17.4367,17.4367,56280324
2106,2012-12-31,17.4367,17.6998,17.3372,17.6206,80181777
2107,2013-01-02,17.9206,18.1093,17.8493,18.0158,102039286
2108,2013-01-03,18.0505,18.2319,17.9528,18.0267,93061739
2109,2013-01-04,18.1677,18.47,18.1262,18.3824,110942806
2110,2013-01-07,18.3196,18.4177,18.1985,18.3026,66470772
2111,2013-01-08,18.3221,18.341,18.0455,18.2663,67284512
2112,2013-01-09,18.2588,18.3923,18.1492,18.3863,81319767
2113,2013-01-10,18.5039,18.5576,18.2713,18.47,73697395
2114,2013-01-11,18.4829,18.4939,18.341,18.4332,51591348
2115,2013-01-14,18.3595,18.4879,17.9938,18.0158,114967503
2116,2013-01-15,17.9181,18.3086,17.7382,18.0575,157689174
2117,2013-01-16,17.9948,18.043,17.7775,17.8154,81275126
2118,2013-01-17,17.8781,17.9261,17.7113,17.7188,88808537
2119,2013-01-18,17.6948,17.7547,17.4697,17.5494,129543833
2120,2013-01-22,17.5529,17.5699,17.3252,17.5085,151919253
2121,2013-01-23,18.3335,18.6573,18.3286,18.4705,237272831
2122,2013-01-24,18.4641,18.8527,18.4462,18.778,135822431
2123,2013-01-25,18.7013,18.8935,18.6883,18.774,89355191
2124,2013-01-28,18.7261,18.8217,18.6295,18.7003,65321260
2125,2013-01-29,18.6016,18.8557,18.5961,18.774,70147292
2126,2013-01-30,18.7755,18.9553,18.755,18.778,69570167
2127,2013-01-31,18.6953,18.8721,18.6883,18.8237,65610064
2128,2013-02-01,18.8866,19.3448,18.8841,19.32,150385794
2129,2013-02-04,19.1227,19.1924,18.8886,18.9069,122086657
2130,2013-02-05,18.9593,19.2084,18.9184,19.0744,75099901
2131,2013-02-06,18.9084,19.2541,18.894,19.1844,83456927
2132,2013-02-07,19.1729,19.3997,19.0684,19.2791,114016066
2133,2013-02-08,19.4325,19.596,19.4186,19.5631,121332855
2134,2013-02-11,19.3897,19.5043,19.2741,19.4899,87016544
2135,2013-02-12,19.4584,19.6263,19.4137,19.447,74627354
2136,2013-02-13,19.4325,19.5631,19.4285,19.5009,48100539
2137,2013-02-14,19.4226,19.6473,19.3738,19.6243,69660373
2138,2013-02-15,19.6138,19.7599,19.6059,19.7505,109584500
2139,2013-02-19,19.8282,20.1022,19.8102,20.0982,117738231
2140,2013-02-20,20.0598,20.1509,19.7235,19.74,110982911
2141,2013-02-21,19.8779,20.0632,19.709,19.8162,140826104
2142,2013-02-22,19.9094,19.9586,19.7732,19.9208,82459845
2143,2013-02-25,19.9851,20.1369,19.6905,19.6975,92606053
2144,2013-02-26,19.8032,19.8272,19.5391,19.6817,88482358
2145,2013-02-27,19.7982,20.0463,19.7065,19.9223,81349876
2146,2013-02-28,19.9551,20.1022,19.9536,19.9576,90957499
2147,2013-03-01,19.8749,20.1057,19.8322,20.0822,87332445
2148,2013-03-04,20.0598,20.4967,20.0523,20.4633,111429885
2149,2013-03-05,20.6501,20.9281,20.6476,20.8893,162355790
2150,2013-03-06,20.9501,21.0238,20.6451,20.7095,115354581
2151,2013-03-07,20.7762,20.8399,20.6645,20.7397,82439291
2152,2013-03-08,20.7872,20.7977,20.5515,20.713,116899562
2153,2013-03-11,20.717,20.9166,20.7125,20.7952,64058499
2154,2013-03-12,20.693,20.722,20.5176,20.6153,80650470
2155,2013-03-13,20.6228,20.692,20.4837,20.5584,65894009
2156,2013-03-14,20.5794,20.6003,20.3613,20.4643,66283857
2157,2013-03-15,20.3885,20.4335,20.2601,20.2841,124441122
2158,2013-03-18,20.0523,20.2456,19.9646,20.122,73808677
2159,2013-03-19,20.2077,20.407,20.0882,20.2097,84231284
2160,2013-03-20,20.3473,20.3642,20.2126,20.2944,58777183
2161,2013-03-21,20.2087,20.3493,20.1729,20.2082,59317856
2162,2013-03-22,20.2948,20.3073,20.1679,20.1849,59883419
2163,2013-03-25,20.2366,20.407,20.0977,20.1679,68755706
2164,2013-03-26,20.2641,20.2766,20.122,20.2371,47849312
2165,2013-03-27,20.0932,20.1022,19.9606,19.994,86845486
2166,2013-03-28,20.0274,20.0612,19.7609,19.7832,91840207
2167,2013-04-01,19.8032,19.9836,19.7594,19.9576,72553262
2168,2013-04-02,20.0408,20.2973,20.0274,20.2526,81959076
2169,2013-04-03,20.2631,20.2816,19.9447,20.0822,69794217
2170,2013-04-04,20.0637,20.0712,19.711,19.8052,98275050
2171,2013-04-05,19.5806,19.6039,19.3398,19.5053,137853688
2172,2013-04-08,19.4007,19.4186,19.1407,19.3011,113703417
2173,2013-04-09,19.3175,19.5232,19.2581,19.3708,86606342
2174,2013-04-10,19.5014,19.7375,19.3299,19.6832,79437408
2175,2013-04-11,19.7505,19.756,19.5307,19.6885,81444819
2176,2013-04-12,19.7275,19.731,19.5023,19.6797,65702477
2177,2013-04-15,19.5781,19.853,19.3553,19.4774,98516522
2178,2013-04-16,19.594,19.8282,19.5272,19.7624,69931553
2179,2013-04-17,19.6029,19.6995,19.3823,19.4934,81774490
2180,2013-04-18,19.5631,19.5741,18.9628,19.0788,133498116
2181,2013-04-19,19.1595,20.0135,19.0872,19.9248,232992008
2182,2013-04-22,19.9427,20.0264,19.3051,19.9308,115754385
2183,2013-04-23,19.9526,20.3138,19.9368,20.1245,92064537
2184,2013-04-24,20.1479,20.3761,20.127,20.2626,73431274
2185,2013-04-25,20.3323,20.3383,20.1181,20.1544,79980931
2186,2013-04-26,20.1181,20.1206,19.8426,19.9631,99866197
2187,2013-04-29,20.0085,20.4932,20.0025,20.4025,92399106
2188,2013-04-30,20.401,20.6163,20.3682,20.5396,97289008
2189,2013-05-01,20.5072,20.5436,20.3353,20.4369,59271007
2190,2013-05-02,20.4285,20.7887,20.402,20.665,81030522
2191,2013-05-03,20.8484,21.0935,20.8244,21.0667,102925005
2192,2013-05-06,21.1299,21.4682,21.1299,21.4612,85983934
2193,2013-05-07,21.4971,21.5189,21.1901,21.3535,79004805
2194,2013-05-08,21.3475,21.7682,21.2461,21.7622,99086019
2195,2013-05-09,21.6923,21.9121,21.6276,21.7083,88341409
2196,2013-05-10,21.8039,21.9341,21.7252,21.9266,76202403
2197,2013-05-13,21.8926,21.9823,21.7557,21.8588,58151242
2198,2013-05-14,21.8583,22.1367,21.8494,22.0974,63453032
2199,2013-05-15,22.3066,22.8267,22.2698,22.8144,160225013
2200,2013-05-16,22.8921,22.9164,22.4685,22.5154,128868473
2201,2013-05-17,22.6683,22.7545,22.4317,22.6473,112080957
2202,2013-05-20,22.5434,22.9318,22.5434,22.631,91237349
2203,2013-05-21,22.6186,22.7092,22.359,22.5921,79622998
2204,2013-05-22,22.4824,22.6508,22.092,22.1552,102823157
2205,2013-05-23,21.8459,22.1686,21.7711,21.9903,91500380
2206,2013-05-24,21.8024,21.8911,21.6963,21.7542,92203439
2207,2013-05-28,22.0078,22.2229,21.9306,21.9523,90623733
2208,2013-05-29,21.8139,21.8706,21.5289,21.6296,80857899
2209,2013-05-30,21.6695,21.8931,21.5818,21.6903,85139002
2210,2013-05-31,21.6246,21.8459,21.6096,21.7018,79067873
2211,2013-06-03,21.7462,21.7701,21.2983,21.6126,99430985
2212,2013-06-04,21.6176,21.6863,21.2748,21.4,76284861
2213,2013-06-05,21.4852,21.6575,21.3505,21.415,84583154
2214,2013-06-06,21.5294,21.5798,21.104,21.5379,103550224
2215,2013-06-07,21.682,21.9206,21.5549,21.9136,107370583
2216,2013-06-10,21.9728,22.1946,21.9226,22.1751,93857132
2217,2013-06-11,22.0192,22.0949,21.9086,21.9156,70558377
2218,2013-06-12,22.0565,22.07,21.6625,21.7207,88509657
2219,2013-06-13,21.646,21.9121,21.5594,21.8459,83131431
2220,2013-06-14,21.9231,22.0375,21.774,21.7969,90124369
2221,2013-06-17,21.9016,22.1557,21.8776,22.076,86172776
2222,2013-06-18,22.1357,22.4437,22.1287,22.4342,86996552
2223,2013-06-19,22.4527,22.6888,22.3565,22.4357,117096633
2224,2013-06-20,22.2693,22.4437,22.0033,22.0385,135551854
2225,2013-06-21,22.1282,22.1667,21.7482,21.9435,159865997
2226,2013-06-24,21.7182,21.8289,21.5031,21.6665,121115951
2227,2013-06-25,21.8524,21.9126,21.5349,21.5768,102505811
2228,2013-06-26,21.7652,21.8706,21.6853,21.7622,73522684
2229,2013-06-27,21.8906,22.037,21.8369,21.8479,77341518
2230,2013-06-28,21.7934,21.9663,21.776,21.9296,94318639
2231,2013-07-01,22.081,22.2214,22.045,22.1169,69281445
2232,2013-07-02,22.1826,22.1946,21.8529,21.9783,75942785
2233,2013-07-03,21.9181,22.1487,21.8831,22.081,42097175
2234,2013-07-05,22.1696,22.3041,22.1034,22.2563,68319972
2235,2013-07-08,22.3938,22.5751,22.346,22.5453,79063578
2236,2013-07-09,22.6928,22.7415,22.3685,22.5493,79452503
2237,2013-07-10,22.5044,22.6962,22.4282,22.5681,68855627
2238,2013-07-11,22.7425,22.9368,22.631,22.9228,103748901
2239,2013-07-12,22.9169,22.9917,22.7984,22.9917,103116738
2240,2013-07-15,23.024,23.1162,22.8262,23.0335,78738845
2241,2013-07-16,23.0942,23.1152,22.765,22.9069,79624684
2242,2013-07-17,22.9418,23.0877,22.8247,22.8811,60461105
2243,2013-07-18,22.8921,22.9169,22.4984,22.6848,145532022
2244,2013-07-19,22.085,22.4924,21.8109,22.334,295450649
2245,2013-07-22,22.4685,22.7345,22.344,22.6853,116548975
2246,2013-07-23,22.6853,22.7425,22.4077,22.5134,82135955
2247,2013-07-24,22.5996,22.6753,22.4362,22.4909,83476638
2248,2013-07-25,22.2663,22.34,22.072,22.1124,120581862
2249,2013-07-26,22.0949,22.1696,21.9703,22.054,71379583
2250,2013-07-29,22.0425,22.2898,21.9425,21.9773,75980120
2251,2013-07-30,22.0565,22.3091,21.9425,22.1926,70499283
2252,2013-07-31,22.2443,22.332,22.0745,22.1139,87252998
2253,2013-08-01,22.2996,22.5324,22.2941,22.5239,85818858
2254,2013-08-02,22.5044,22.5931,22.4392,22.5821,68955668
2255,2013-08-05,22.5533,22.5561,22.3987,22.5434,52586783
2256,2013-08-06,22.5354,22.6608,22.3121,22.333,60477444
2257,2013-08-07,22.2951,22.38,22.1467,22.1856,55389828
2258,2013-08-08,22.3061,22.3151,22.052,22.2359,59737572
2259,2013-08-09,22.1836,22.3071,22.1696,22.1796,53142390
2260,2013-08-12,22.0925,22.0949,21.9613,22.058,55293881
2261,2013-08-13,22.091,22.1322,21.8259,21.9513,57016423
2262,2013-08-14,21.8796,21.9266,21.6006,21.6665,83609116
2263,2013-08-15,21.5329,21.5449,21.3725,21.414,75103755
2264,2013-08-16,21.4542,21.4832,21.3362,21.3455,67258417
2265,2013-08-19,21.3655,21.7212,21.3585,21.5629,72715649
2266,2013-08-20,21.6306,21.7242,21.5105,21.5574,49629622
2267,2013-08-21,21.6873,21.8439,21.5843,21.6545,70655046
2268,2013-08-22,21.7272,21.79,21.6775,21.7642,34945864
2269,2013-08-23,21.8667,21.8706,21.6655,21.6765,43235888
2270,2013-08-26,21.6715,21.7934,21.5728,21.5818,42400510
2271,2013-08-27,21.413,21.5149,21.1209,21.1772,69604772
2272,2013-08-28,21.1792,21.3078,21.1174,21.1374,53393176
2273,2013-08-29,21.1504,21.4317,21.1384,21.3088,59316009
2274,2013-08-30,21.3168,21.3735,21.0627,21.096,74706119
2275,2013-09-03,21.2818,21.5768,21.2718,21.4317,82202355
2276,2013-09-04,21.4312,21.7587,21.3018,21.7123,81957350
2277,2013-09-05,21.7587,21.9176,21.7113,21.9096,51891472
2278,2013-09-06,21.9813,22.0148,21.7647,21.9101,62696660
2279,2013-09-09,22.0133,22.1637,21.9808,22.1207,49577634
2280,2013-09-10,22.1696,22.2194,22.0202,22.1367,51696166
2281,2013-09-11,22.1332,22.343,22.072,22.324,64660634
2282,2013-09-12,22.354,22.3665,22.1696,22.2458,43977446
2283,2013-09-13,22.2818,22.3111,22.041,22.1467,53243756
2284,2013-09-16,22.324,22.344,22.042,22.1139,53842921
2285,2013-09-17,22.1049,22.1297,21.9454,22.073,50589007
2286,2013-09-18,22.079,22.5174,21.9973,22.5014,77709125
2287,2013-09-19,22.5681,22.5681,22.3041,22.379,64159785
2288,2013-09-20,22.379,22.5214,22.3096,22.4964,174542167
2289,2013-09-23,22.333,22.4587,22.05,22.0825,71380948
2290,2013-09-24,22.0825,22.1721,21.9553,22.091,59056632
2291,2013-09-25,22.084,22.084,21.8109,21.8519,66399836
2292,2013-09-26,21.8781,21.9893,21.7959,21.8746,50578690
2293,2013-09-27,21.7915,21.8588,21.7043,21.8309,50534531
2294,2013-09-30,21.6485,21.9416,21.6296,21.8189,69200352
2295,2013-10-01,21.9266,22.1119,21.9216,22.0949,67647663
2296,2013-10-02,21.9883,22.1537,21.8662,22.1198,60030189
2297,2013-10-03,22.1198,22.2718,21.7237,21.8229,85063249
2298,2013-10-04,21.7959,21.8588,21.6715,21.7302,54516915
2299,2013-10-07,21.6076,21.7711,21.5249,21.5654,51948317
2300,2013-10-08,21.5549,21.5713,21.2141,21.2648,78089780
2301,2013-10-09,21.3298,21.4882,20.9983,21.3193,106500600
2302,2013-10-10,21.5179,21.6425,21.4272,21.6276,90647419
2303,2013-10-11,21.5728,21.7582,21.5544,21.7212,56552267
2304,2013-10-14,21.5883,21.8269,21.5569,21.8239,49920312
2305,2013-10-15,21.8149,22.061,21.7711,21.9703,64012814
2306,2013-10-16,22.069,22.377,22.0202,22.37,80763157
2307,2013-10-17,22.2443,22.3415,22.063,22.1397,169336083
2308,2013-10-18,24.3388,25.2948,24.2621,25.1936,464971761
2309,2013-10-21,25.1951,25.383,24.8988,24.9919,145838208
2310,2013-10-22,25.0342,25.2336,24.8051,25.0841,88735794
2311,2013-10-23,24.9346,25.7756,24.9256,25.6924,107026580
2312,2013-10-24,25.7033,25.9201,25.5274,25.5464,83991377
2313,2013-10-25,25.6276,25.6276,25.1772,25.2883,81524828
2314,2013-10-28,25.2958,25.4936,25.2331,25.2833,46824329
2315,2013-10-29,25.3855,25.8299,25.2461,25.8124,64562881
2316,2013-10-30,25.8314,25.8444,25.5573,25.6675,53253913
2317,2013-10-31,25.6301,25.944,25.5066,25.6715,65839211
2318,2013-11-01,25.7018,25.8064,25.5349,25.5833,51542170
2319,2013-11-04,25.6944,25.7157,25.4587,25.5598,45717130
2320,2013-11-05,25.4169,25.6983,25.3436,25.4457,47426223
2321,2013-11-06,25.5474,25.5823,25.2923,25.4767,36716620
2322,2013-11-07,25.4727,25.5056,25.1,25.1079,67431563
2323,2013-11-08,25.1279,25.3705,25.1214,25.3093,51951649
2324,2013-11-11,25.1469,25.3063,25.1089,25.1737,44671353
2325,2013-11-12,25.1015,25.3471,25.0342,25.2031,48932745
2326,2013-11-13,25.0781,25.7277,25.0717,25.7187,63476477
2327,2013-11-14,25.7547,25.9001,25.6655,25.7874,46906948
2328,2013-11-15,25.7781,25.8564,25.665,25.7457,51233054
2329,2013-11-18,25.8004,26.1238,25.638,25.6959,70662674
2330,2013-11-19,25.6998,25.7756,25.4836,25.5374,45381919
2331,2013-11-20,25.656,25.7407,25.4169,25.4657,38757391
2332,2013-11-21,25.5573,25.8642,25.5573,25.7587,43858095
2333,2013-11-22,25.7422,25.8104,25.6375,25.7043,50349864
2334,2013-11-25,25.8354,26.2348,25.782,26.0535,64753891
2335,2013-11-26,26.1203,26.4417,25.9793,26.365,91811624
2336,2013-11-27,26.4552,26.6036,26.4042,26.4815,45102912
2337,2013-11-29,26.4582,26.5691,26.3903,26.3938,47883876
2338,2013-12-02,26.4919,26.5622,26.1741,26.2668,55199380
2339,2013-12-03,26.1776,26.4899,26.1308,26.2363,67323171
2340,2013-12-04,26.1891,26.5034,26.1552,26.359,47856538
2341,2013-12-05,26.3345,26.3957,26.1821,26.338,45552536
2342,2013-12-06,26.6484,26.6534,26.4062,26.6499,57387283
2343,2013-12-09,26.6783,26.9603,26.6041,26.8561,59522074
2344,2013-12-10,26.7944,27.2094,26.7944,27.0185,74440439
2345,2013-12-11,27.0868,27.1844,26.7819,26.8347,68652613
2346,2013-12-12,26.8916,26.9758,26.6285,26.6524,64079455
2347,2013-12-13,26.7879,26.8099,26.352,26.4242,86861945
2348,2013-12-16,26.5039,26.7699,26.4542,26.7276,64374159
2349,2013-12-17,26.7281,26.9213,26.613,26.6499,61721980
2350,2013-12-18,26.6992,27.026,26.3804,27.021,88754983
2351,2013-12-19,26.9213,27.2014,26.8796,27.0575,66871098
2352,2013-12-20,27.1092,27.4296,27.1017,27.4162,130997885
2353,2013-12-23,27.5959,27.7942,27.5282,27.7768,69118255
2354,2013-12-24,27.7733,27.7803,27.6024,27.6956,29473257
2355,2013-12-26,27.7494,27.874,27.6168,27.8356,53706347
2356,2013-12-27,27.8988,27.9058,27.723,27.859,63023722
2357,2013-12-30,27.9073,27.9113,27.6253,27.6363,49615210
2358,2013-12-31,27.7055,27.9238,27.5566,27.9168,54515149
2359,2014-01-02,27.7858,27.8431,27.6064,27.7275,73168886
2360,2014-01-03,27.7743,27.8221,27.5232,27.5252,66950304
2361,2014-01-06,27.6996,27.8705,27.5611,27.8321,71074842
2362,2014-01-07,28.0235,28.3891,27.9278,28.3687,102514804
2363,2014-01-08,28.5466,28.5793,28.2296,28.4279,90032076
2364,2014-01-09,28.4828,28.5021,28.0374,28.1539,83708796
2365,2014-01-10,28.3742,28.3742,27.9547,28.1524,86098307
2366,2014-01-13,28.0602,28.5694,27.8281,27.973,97296515
2367,2014-01-14,28.3462,28.671,28.1002,28.6313,99704573
2368,2014-01-15,28.7209,28.7707,28.4916,28.6118,78311863
2369,2014-01-16,28.6238,28.8434,28.5963,28.8011,67607037
2370,2014-01-17,28.8165,28.9112,28.5016,28.6591,111041081
2371,2014-01-21,28.9192,28.9949,28.6785,28.9874,79524603
2372,2014-01-22,29.0597,29.0921,28.8669,29.0202,63141387
2373,2014-01-23,28.8933,28.957,28.7547,28.8978,78320293
2374,2014-01-24,28.671,28.7348,27.9735,27.9945,157487847
2375,2014-01-27,28.0508,28.0607,26.9593,27.4316,175065297
2376,2014-01-28,27.6578,28.0423,27.6483,27.9735,88928329
2377,2014-01-29,27.877,27.9428,27.3862,27.5731,96328780
2378,2014-01-30,28.5201,28.708,28.0792,28.2825,206042828
2379,2014-01-31,29.1777,29.5563,28.6745,29.4174,223565279
2380,2014-02-03,29.3735,29.4363,28.1978,28.2336,183644485
2381,2014-02-04,28.3233,28.7707,28.3223,28.3512,112993292
2382,2014-02-05,28.5081,28.665,28.0987,28.4768,96259048
2383,2014-02-06,28.6745,28.8992,28.5853,28.8943,78175811
2384,2014-02-07,29.0856,29.3411,28.9092,29.3297,107872757
2385,2014-02-10,29.1891,29.4532,29.1199,29.2171,78101101
2386,2014-02-11,29.394,29.6889,29.1991,29.647,82361972
2387,2014-02-12,29.6177,29.6425,29.4278,29.5598,69271328
2388,2014-02-13,29.4124,29.8891,29.385,29.8891,73734890
2389,2014-02-14,29.782,30.0012,29.7122,29.9614,88077737
2390,2014-02-18,29.9285,30.212,29.8916,30.1626,84675087
2391,2014-02-19,30.0237,30.1213,29.8294,29.9499,84517437
2392,2014-02-20,29.9699,30.0635,29.8971,29.9938,68290987
2393,2014-02-21,30.0859,30.1373,29.9624,29.9863,74768102
2394,2014-02-24,30.0252,30.3938,30.0187,30.2035,67248742
2395,2014-02-25,30.2653,30.5019,30.1511,30.3898,57964688
2396,2014-02-26,30.4895,30.611,30.2343,30.3938,79620188
2397,2014-02-27,30.3225,30.4955,30.3151,30.37,50586358
2398,2014-02-28,30.3983,30.4945,30.0466,30.2818,92909349
2399,2014-03-03,30.0476,30.0869,29.6958,29.9584,84576972
2400,2014-03-04,30.2653,30.2902,30.1283,30.2633,59051695
2401,2014-03-05,30.2653,30.4665,30.1761,30.3465,49616495
2402,2014-03-06,30.4467,30.5433,30.355,30.3798,50959225
2403,2014-03-07,30.5493,30.5642,30.1766,30.2603,60831323
2404,2014-03-10,30.2823,30.331,29.9933,30.1796,48793964
2405,2014-03-11,30.2165,30.2483,29.8079,29.8916,68865663
2406,2014-03-12,29.7497,30.0869,29.4981,30.0734,78962292
2407,2014-03-13,30.0899,30.1531,29.512,29.6192,94165767
2408,2014-03-14,29.4463,29.664,29.2071,29.2141,92405168
2409,2014-03-17,29.3745,29.8189,29.3461,29.6949,86976038
2410,2014-03-18,29.7672,30.1786,29.7187,30.1721,73128380
2411,2014-03-19,30.1856,30.1906,29.7527,29.8727,64745019
2412,2014-03-20,29.8797,30.1308,29.776,29.8209,67643328
2413,2014-03-21,30.0491,30.1318,29.4542,29.4692,128891155
2414,2014-03-24,29.4981,29.5155,28.5456,28.8434,122006729
2415,2014-03-25,29.0447,29.1404,28.5714,28.8634,96871701
2416,2014-03-26,28.9475,29.1832,28.1854,28.1968,103575033
2417,2014-03-27,28.1689,28.1963,27.4529,27.7564,153622084
2418,2014-03-28,27.874,28.2276,27.8431,27.9028,90684272
2419,2014-03-31,28.1579,28.2725,27.7205,27.7624,77939357
2420,2014-04-01,27.9058,28.3348,27.8491,28.27,87610048
2421,2014-04-02,28.4634,28.5166,27.9985,28.275,83837100
2422,2014-04-03,28.3896,29.2579,28.1047,28.3841,102082241
2423,2014-04-04,28.6288,28.7842,27.052,27.059,127477830
2424,2014-04-07,27.1411,27.3932,26.4307,26.9338,79334235
2425,2014-04-08,27.1516,27.8928,27.1366,27.7748,70003994
2426,2014-04-09,28.2606,28.2875,27.6687,28.2496,60885639
2427,2014-04-10,28.2974,28.3079,27.1765,27.2358,66168882
2428,2014-04-11,26.7874,27.2806,26.5736,26.7909,63731137
2429,2014-04-14,27.0848,27.5511,26.9283,27.1615,51008583
2430,2014-04-15,27.4504,27.5446,26.4362,27.3359,80277763
2431,2014-04-16,27.7843,28.0982,27.5551,28.0932,92008334
2432,2014-04-17,27.7155,27.7494,26.8726,27.0689,112708724
2433,2014-04-21,27.1012,27.1017,26.6036,26.8711,48677182
2434,2014-04-22,26.7032,27.3005,26.7032,27.1765,46791230
2435,2014-04-23,27.1087,27.1416,26.311,26.7784,39312517
2436,2014-04-24,26.9867,27.027,26.4542,26.6255,41534723
2437,2014-04-25,26.5169,26.5966,26.0307,26.0605,47606876
2438,2014-04-28,26.1951,26.2001,25.4577,26.0545,75317868
2439,2014-04-29,26.0999,26.7909,26.0555,26.7197,50892303
2440,2014-04-30,26.7182,26.7202,26.359,26.6474,40916791
2441,2014-05-01,26.616,26.8981,26.5468,26.8293,40232018
2442,2014-05-02,26.9743,27.022,26.5672,26.5971,35746496
2443,2014-05-05,26.4162,26.6892,26.2838,26.6698,24661517
2444,2014-05-06,26.5741,26.631,26.0187,26.0341,36834667
2445,2014-05-07,26.068,26.1268,25.4622,25.8064,61708270
2446,2014-05-08,25.6929,26.2723,25.6301,25.9146,49218196
2447,2014-05-09,25.8444,26.2723,25.6211,26.2358,45389908
2448,2014-05-12,26.4959,26.8401,26.2803,26.8243,39114381
2449,2014-05-13,26.8816,27.1012,26.7979,26.9793,40383927
2450,2014-05-14,26.9931,26.9931,26.5592,26.624,25714240
2451,2014-05-15,26.5602,26.6036,26.1706,26.3605,36792775
2452,2014-05-16,26.3918,26.4462,26.0839,26.3195,38292573
2453,2014-05-19,26.3485,26.8701,26.1881,26.8441,39700197
2454,2014-05-20,26.9025,27.2188,26.7316,26.9218,48681277
2455,2014-05-21,27.047,27.3882,27.0075,27.3857,31407865
2456,2014-05-22,27.5103,27.7972,27.4504,27.6722,43149215
2457,2014-05-23,27.7992,28.1479,27.6084,28.0882,53645548
2458,2014-05-27,28.2875,28.6397,28.1057,28.6397,43993003
2459,2014-05-28,28.6248,28.7787,28.3946,28.4194,31745826
2460,2014-05-29,28.566,28.5704,28.3198,28.4249,28326274
2461,2014-05-30,28.4788,28.5256,28.1874,28.4793,37569702
2462,2014-06-02,28.3846,28.4174,27.7345,28.1151,33387355
2463,2014-06-03,27.9423,28.0185,27.5267,27.6253,40779997
2464,2014-06-04,27.4764,27.8281,27.329,27.588,34709029
2465,2014-06-05,27.7494,28.1479,27.6523,28.1444,36054167
2466,2014-06-06,28.3069,28.3373,27.878,28.1993,34942893
2467,2014-06-09,28.2351,28.4966,28.1589,28.4334,30697981
2468,2014-06-10,28.3363,28.4966,28.2042,28.3124,29809472
2469,2014-06-11,28.1978,28.3457,28.0822,28.2725,22663721
2470,2014-06-12,28.2077,28.2476,27.7569,27.874,31089595
2471,2014-06-13,27.9028,27.9313,27.5861,27.9163,27164779
2472,2014-06-16,27.7907,27.7987,27.4007,27.5152,39577694
2473,2014-06-17,27.5182,27.5871,27.2746,27.4311,29740703
2474,2014-06-18,27.5476,27.9685,27.4794,27.9318,41360996
2475,2014-06-19,27.9562,28.1479,27.733,28.1474,52799492
2476,2014-06-20,28.2202,28.2361,27.8675,28.2237,63451406
2477,2014-06-23,28.1156,28.6183,28.0732,28.6108,34599935
2478,2014-06-24,28.6068,29.0074,28.3552,28.5236,57092117
2479,2014-06-25,28.564,29.2589,28.5595,29.1906,42446577
2480,2014-06-26,29.3586,29.3735,28.8753,29.1329,40391594
2481,2014-06-27,29.1668,29.2878,29.0257,29.1787,40584310
2482,2014-06-30,29.2321,29.2793,29.0592,29.1279,29686066
2483,2014-07-01,29.2763,29.5758,29.2086,29.4677,33007382
2484,2014-07-02,29.4981,29.6002,29.3491,29.4323,24026784
2485,2014-07-03,29.4781,29.6052,29.3436,29.5468,18042208
2486,2014-07-07,29.5683,29.675,29.2908,29.4313,26838601
2487,2014-07-08,29.2121,29.2923,28.5963,28.8155,42745677
2488,2014-07-09,28.83,29.0995,28.7458,29.0627,27556775
2489,2014-07-10,28.5466,29.1569,28.5016,28.8973,28828649
2490,2014-07-11,28.945,29.3053,28.9242,29.2266,30394986
2491,2014-07-14,29.4283,29.6355,29.2286,29.6057,39233250
2492,2014-07-15,29.65,29.6575,29.1599,29.5458,33598658
2493,2014-07-16,29.7367,29.7422,29.4059,29.4243,28942982
2494,2014-07-17,29.3421,29.3685,28.7383,28.9361,59003802
2495,2014-07-18,30.0416,30.2254,29.4393,30.1463,97835562
2496,2014-07-21,29.9589,30.0989,29.6152,29.8139,44958911
2497,2014-07-22,29.8767,30.3345,29.8548,30.0695,37768720
2498,2014-07-23,29.9938,30.2428,29.9589,30.1501,22202395
2499,2014-07-24,30.1671,30.3355,29.9415,30.0416,27216787
2500,2014-07-25,29.8543,29.9415,29.68,29.796,27336961
2501,2014-07-28,29.7795,29.9464,29.5225,29.8429,27259882
2502,2014-07-29,29.777,29.8164,29.5016,29.5903,27432486
2503,2014-07-30,29.6829,29.8144,29.528,29.6645,24396038
2504,2014-07-31,29.3416,29.4926,28.7797,28.8728,46370329
2505,2014-08-01,28.8021,29.0662,28.412,28.5763,44426007
2506,2014-08-04,28.7214,29.0856,28.5096,29.0084,30594969
2507,2014-08-05,28.8953,28.9052,28.4125,28.5535,33145040
2508,2014-08-06,28.3722,28.8275,28.27,28.6208,26551905
2509,2014-08-07,28.6985,28.8111,28.3687,28.4873,23344661
2510,2014-08-08,28.4976,28.8733,28.3482,28.7926,30008791
2511,2014-08-11,28.8454,28.8798,28.6611,28.7582,24154245
2512,2014-08-12,28.6461,28.691,28.3926,28.5026,27999313
2513,2014-08-13,28.7184,29.2006,28.6561,29.1224,38201785
2514,2014-08-14,29.2286,29.2838,28.9411,29.1269,25549866
2515,2014-08-15,29.2534,29.367,28.9331,29.0801,34630244
2516,2014-08-18,29.2489,29.645,29.2216,29.528,29517617
2517,2014-08-19,29.672,29.7825,29.6147,29.7477,20974500
2518,2014-08-20,29.7397,29.7417,29.5429,29.663,19415227
2519,2014-08-21,29.6375,29.655,29.4483,29.514,22754047
2520,2014-08-22,29.5563,29.642,29.3835,29.52,17612235
2521,2014-08-25,29.631,29.6715,29.3566,29.4218,26048607
2522,2014-08-26,29.4931,29.4956,29.2664,29.2998,29543872
2523,2014-08-27,29.2843,29.362,28.9401,29.0447,27445252
2524,2014-08-28,28.8963,29.1299,28.7897,28.9112,28220934
2525,2014-08-29,29.0049,29.0397,28.8076,29.0128,24221167
2526,2014-09-02,29.0422,29.3586,29.0148,29.3252,31812828
2527,2014-09-03,29.4796,29.6172,29.2191,29.3695,31697210
2528,2014-09-04,29.4731,29.792,29.4233,29.5498,32809548
2529,2014-09-05,29.649,29.8169,29.5703,29.781,36123879
2530,2014-09-08,29.8488,30.067,29.793,29.9728,32139207
2531,2014-09-09,29.8916,29.9215,29.4174,29.4916,31584764
2532,2014-09-10,29.4801,29.5788,29.2509,29.5638,23287454
2533,2014-09-11,29.3935,29.4906,29.1961,29.4487,30137075
2534,2014-09-12,29.4129,29.4672,29.0587,29.1394,37167609
2535,2014-09-15,29.0069,29.0906,28.7463,28.977,31113542
2536,2014-09-16,28.9426,29.4009,28.9426,29.3327,31740366
2537,2014-09-17,29.369,29.6958,29.2499,29.5573,34537108
2538,2014-09-18,29.645,29.7701,29.5439,29.7557,29997531
2539,2014-09-19,29.8662,30.1606,29.78,30.1606,84140837
2540,2014-09-22,30.0386,30.0809,29.5488,29.7557,35830941
2541,2014-09-23,29.6425,29.7247,29.4054,29.4522,28180508
2542,2014-09-24,29.4716,29.8971,29.4084,29.8129,35342718
2543,2014-09-25,29.7417,29.7955,29.1314,29.1569,33629951
2544,2014-09-26,29.1906,29.372,29.1444,29.2888,25875261
2545,2014-09-29,28.9864,29.3591,28.9735,29.2843,22980987
2546,2014-09-30,29.2684,29.4433,29.1194,29.3143,31547469
2547,2014-10-01,29.2341,29.3297,28.7966,28.8768,29095432
2548,2014-10-02,28.8061,29.0567,28.5988,28.9391,30847822
2549,2014-10-03,29.0995,29.3083,29.0697,29.2066,24379880
2550,2014-10-06,29.391,29.513,29.1643,29.2828,25815847
2551,2014-10-07,29.1394,29.1867,28.6013,28.6013,31028254
2552,2014-10-08,28.6566,29.1289,28.2795,29.0816,44363039
2553,2014-10-09,28.9755,29.0212,28.3487,28.4374,48441691
2554,2014-10-10,28.2825,28.6576,27.6503,27.6593,59801041
2555,2014-10-13,27.6563,27.9428,27.1232,27.1391,55324653
2556,2014-10-14,27.4077,27.8306,27.1267,27.3354,52387965
2557,2014-10-15,27.006,27.0972,26.3255,26.9388,77001570
2558,2014-10-16,26.2548,26.9518,26.1527,26.749,76310795
2559,2014-10-17,26.9248,27.0743,25.8269,26.054,120406649
2560,2014-10-20,25.9286,26.5617,25.8632,26.5229,55190347
2561,2014-10-21,26.7664,26.8411,26.4142,26.8044,49380964
2562,2014-10-22,26.9388,27.4385,26.9139,27.0365,59706018
2563,2014-10-23,27.315,27.7693,27.1765,27.5826,43226474
2564,2014-10-24,27.6488,27.6498,27.1596,27.3459,43671762
2565,2014-10-27,27.289,27.5999,27.2612,27.3947,32084067
2566,2014-10-28,27.4859,27.859,27.4221,27.8461,34919449
2567,2014-10-29,27.9413,28.1464,27.6986,27.8216,41215972
2568,2014-10-30,27.8117,28.0235,27.5069,27.9123,32366287
2569,2014-10-31,28.3124,28.3338,28.1385,28.2909,47000546
2570,2014-11-03,28.1609,28.2551,27.98,28.0867,30994110
2571,2014-11-04,27.9567,28.1375,27.8141,28.1077,27827693
2572,2014-11-05,28.2381,28.2426,27.6074,27.6971,33024364
2573,2014-11-06,27.6747,27.7394,27.4296,27.4849,33122619
2574,2014-11-07,27.6797,27.6797,27.3682,27.4914,31897072
2575,2014-11-10,27.5202,27.9303,27.4814,27.8107,26184197
2576,2014-11-11,27.8251,28.0235,27.7115,27.9632,22083345
2577,2014-11-12,27.9587,27.9612,27.6747,27.8117,21961324
2578,2014-11-13,27.9348,27.9398,27.6044,27.7215,30314375
2579,2014-11-14,27.7992,27.7992,27.5257,27.6593,28603576
2580,2014-11-17,27.6593,27.6593,27.1237,27.2333,33733164
2581,2014-11-18,27.2975,27.5396,27.0918,27.1272,36573503
2582,2014-11-19,27.1391,27.312,26.8621,27.2612,30453719
2583,2014-11-20,27.0065,27.1705,26.9773,27.0898,35136473
2584,2014-11-21,27.4524,27.4524,27.1516,27.1959,50301449
2585,2014-11-24,27.1889,27.4599,27.1092,27.2751,33195261
2586,2014-11-25,27.2617,27.5252,27.2468,27.3622,38209794
2587,2014-11-26,27.3622,27.3947,27.163,27.2875,29711839
2588,2014-11-28,27.2512,27.3807,27.1257,27.3548,24288951
2589,2014-12-01,27.1561,27.3404,26.8337,26.8851,40032557
2590,2014-12-02,26.9001,26.9946,26.6365,26.8322,41629365
2591,2014-12-03,26.7639,26.9728,26.6638,26.7515,32597281
2592,2014-12-04,26.7849,27.0365,26.6479,27.031,32787729
2593,2014-12-05,26.7381,26.8129,26.2678,26.3085,61597269
2594,2014-12-08,26.3655,26.5946,26.2548,26.4407,64870332
2595,2014-12-09,26.2195,26.7356,26.076,26.7087,43533503
2596,2014-12-10,26.6982,26.8706,26.2793,26.3067,46490624
2597,2014-12-11,26.3972,26.755,26.3625,26.5094,41609895
2598,2014-12-12,26.2768,26.5159,25.9788,25.9813,47587325
2599,2014-12-15,26.0934,26.1736,25.677,25.6988,52627631
2600,2014-12-16,25.5873,25.6859,24.7697,24.818,87179773
2601,2014-12-17,24.9027,25.3615,24.8654,25.2311,73051321
2602,2014-12-18,25.7062,25.7192,25.2366,25.638,77814948
2603,2014-12-19,25.7562,25.9464,25.351,25.9081,97794414
2604,2014-12-22,25.9365,26.5523,25.9355,26.5189,66629887
2605,2014-12-23,26.629,27.017,26.5896,26.8411,57752763
2606,2014-12-24,26.8436,26.9169,26.6583,26.7495,14810455
2607,2014-12-26,26.7495,27.0644,26.6778,26.9783,22350008
2608,2014-12-29,26.9273,27.0982,26.7609,26.7684,44532913
2609,2014-12-30,26.6559,26.7949,26.5841,26.6673,21040217
2610,2014-12-31,26.7664,26.8228,26.4142,26.4372,24809512
2611,2015-01-02,26.5339,26.6932,26.2987,26.3819,26649558
2612,2015-01-05,26.2623,26.3042,25.7939,25.8791,41290923
2613,2015-01-06,25.9311,25.9663,25.1861,25.2406,54832615
2614,2015-01-07,25.4552,25.4821,25.0915,25.1663,47086536
2615,2015-01-08,24.9675,25.2833,24.6615,25.254,73508894
2616,2015-01-09,25.3173,25.3381,24.8424,24.9456,42149484
2617,2015-01-12,24.8848,24.9236,24.4569,24.7632,57345893
2618,2015-01-13,25.0223,25.3381,24.7732,24.9993,61227052
2619,2015-01-14,24.9306,25.3213,24.818,25.2051,52990582
2620,2015-01-15,25.3525,25.3955,25.0098,25.1094,51318603
2621,2015-01-16,25.0667,25.4502,25.0637,25.4303,49837172
2622,2015-01-20,25.5459,25.6874,25.3765,25.4049,71394557
2623,2015-01-21,25.4497,25.9983,25.3875,25.9256,76160271
2624,2015-01-22,26.0555,26.8446,26.0013,26.7679,104803290
2625,2015-01-23,26.8327,27.172,26.6907,26.9996,102298001
2626,2015-01-26,26.9738,26.9773,26.5074,26.7391,31043388
2627,2015-01-27,26.477,26.5428,25.9489,25.9653,39282689
2628,2015-01-28,26.1552,26.1896,25.5249,25.5289,37210785
2629,2015-01-29,25.5524,25.6665,25.0831,25.5688,79190175
2630,2015-01-30,25.8564,27.057,25.8154,26.7804,121545443
2631,2015-02-02,26.6195,26.7281,25.9918,26.5139,75643906
2632,2015-02-03,26.4012,26.7754,26.2453,26.5687,47232323
2633,2015-02-04,26.5607,26.7406,26.1567,26.21,34018474
2634,2015-02-05,26.3012,26.4387,26.1871,26.3957,33295102
2635,2015-02-06,26.4547,26.9134,26.337,26.5976,43094056
2636,2015-02-09,26.4839,26.5976,26.2823,26.3685,30415300
2637,2015-02-10,26.5114,26.9523,26.363,26.9104,47595073
2638,2015-02-11,26.8891,26.9996,26.7032,26.8029,38445585
2639,2015-02-12,26.8856,27.318,26.753,27.2019,48766545
2640,2015-02-13,27.2766,27.5272,27.2313,27.4584,47547863
2641,2015-02-17,27.4584,27.5501,27.0649,27.1521,39315387
2642,2015-02-18,27.0927,27.2786,26.8801,27.0345,31276029
2643,2015-02-19,27.0255,27.2443,26.9398,27.2238,30945154
2644,2015-02-20,27.2801,27.2801,26.8079,26.9921,38373124
2645,2015-02-23,26.8461,26.8676,26.5039,26.6534,33015773
2646,2015-02-24,26.4815,26.8726,26.4542,26.8351,28530311
2647,2015-02-25,26.8248,27.3792,26.8034,27.2676,40980521
2648,2015-02-26,27.1884,27.9053,27.1561,27.8635,54215807
2649,2015-02-27,27.8067,28.3682,27.7509,28.03,68576599
2650,2015-03-02,28.2476,28.6955,28.0557,28.6471,50588726
2651,2015-03-03,28.7135,28.9376,28.4219,28.835,50707154
2652,2015-03-04,28.7443,28.9765,28.5226,28.8121,38099616
2653,2015-03-05,28.8504,29.0547,28.8071,28.9665,36046199
2654,2015-03-06,28.9949,29.0337,28.4996,28.5416,37728274
2655,2015-03-09,28.4429,28.6685,28.3497,28.6013,23569131
2656,2015-03-10,28.3208,28.3851,27.8898,27.8913,40225294
2657,2015-03-11,27.8889,28.1072,27.6702,27.6841,40668896
2658,2015-03-12,27.8231,27.9905,27.6762,27.9665,35754405
2659,2015-03-13,27.8605,28.1161,27.4172,27.5501,35554422
2660,2015-03-16,27.7459,28.0857,27.4664,27.9805,36987599
2661,2015-03-17,27.8072,27.9308,27.6203,27.7798,28994729
2662,2015-03-18,27.7858,28.2232,27.5751,28.2057,35452053
2663,2015-03-19,28.124,28.2456,28.0045,28.0817,24747387
2664,2015-03-20,28.2331,28.2526,28.122,28.1454,44480664
2665,2015-03-23,28.1978,28.3791,28.0513,28.1664,30341594
2666,2015-03-24,28.3243,28.9889,28.3019,28.7727,79442948
2667,2015-03-25,28.7742,28.8988,28.2476,28.2476,53260376
2668,2015-03-26,28.1305,28.2571,27.8146,28.0802,50022682
2669,2015-03-27,27.99,28.1017,27.7459,27.7768,34677254
2670,2015-03-30,27.9113,28.0065,27.7389,27.9557,24875851
2671,2015-03-31,27.8097,28.021,27.6333,27.6348,35059073
2672,2015-04-01,27.6642,27.8241,27.2029,27.3752,39041016
2673,2015-04-02,27.2716,27.301,26.9243,26.9678,47933134
2674,2015-04-06,26.8446,27.1785,26.6882,27.0992,33838223
2675,2015-04-07,27.1591,27.4087,27.0813,27.1446,27417150
2676,2015-04-08,27.2074,27.4754,27.2014,27.3429,28488902
2677,2015-04-09,27.3613,27.3692,26.9996,27.302,32475200
2678,2015-04-10,27.3792,27.3932,27.1506,27.328,26198629
2679,2015-04-13,27.297,27.5636,27.2163,27.333,29430302
2680,2015-04-14,27.2109,27.2298,26.6902,26.8916,47377126
2681,2015-04-15,26.8009,27.0614,26.5224,26.9543,47094766
2682,2015-04-16,26.8203,27.163,26.8079,27.0778,31836754
2683,2015-04-17,26.7535,26.8926,26.3545,26.5408,49410470
2684,2015-04-20,26.5911,27.1914,26.5711,27.1282,38660903
2685,2015-04-21,27.2009,27.2895,27.0125,27.048,29233331
2686,2015-04-22,27.0649,27.4504,26.9683,27.3598,31910942
2687,2015-04-23,27.4261,27.9572,27.4047,27.7723,78465417
2688,2015-04-24,28.8978,29.1294,28.3148,28.5793,92502178
2689,2015-04-27,28.5191,28.672,28.0135,28.2038,48236229
2690,2015-04-28,28.1142,28.289,27.9467,28.1166,37330578
2691,2015-04-29,27.9243,28.1899,27.8491,27.968,33741875
2692,2015-04-30,27.8271,27.9542,27.2373,27.3394,47411249
2693,2015-05-01,27.3967,27.4614,27.0942,27.4584,36702569
2694,2015-05-04,27.4301,27.734,27.2706,27.5421,35385813
2695,2015-05-05,27.4087,27.5306,27.0205,27.054,28631416
2696,2015-05-06,27.034,27.0982,26.5154,26.6573,39174578
2697,2015-05-07,26.6982,27.1615,26.5761,27.0041,31915338
2698,2015-05-08,27.3444,27.5401,27.3025,27.3484,28326314
2699,2015-05-11,27.3255,27.5686,27.1814,27.1904,21937237
2700,2015-05-12,27.0095,27.05,26.6534,26.8391,35410362
2701,2015-05-13,26.9258,27.0937,26.8516,26.8771,24326266
2702,2015-05-14,27.1002,27.3852,27.027,27.3608,31851046
2703,2015-05-15,27.4202,27.4306,27.027,27.2258,33560320
2704,2015-05-18,27.0927,27.318,27.0145,27.2348,26790487
2705,2015-05-19,27.301,27.5701,27.2572,27.3647,47296314
2706,2015-05-20,27.4464,27.7031,27.1566,27.5257,30951035
2707,2015-05-21,27.4192,27.7798,27.3657,27.7399,34293869
2708,2015-05-22,27.6228,27.8112,27.5811,27.6258,24351959
2709,2015-05-26,27.5291,27.5666,27.0505,27.2607,37469821
2710,2015-05-27,27.3349,27.6642,27.2303,27.6124,34970313
2711,2015-05-28,27.5895,27.6876,27.4405,27.6089,23631717
2712,2015-05-29,27.5601,27.5969,27.1536,27.1675,43601488
2713,2015-06-01,27.3374,27.4291,27.0808,27.3613,33330389
2714,2015-06-02,27.2726,27.8386,27.2288,27.5974,31971641
2715,2015-06-03,27.6548,27.7987,27.5079,27.6642,26804819
2716,2015-06-04,27.5093,27.6976,27.3568,27.4849,26963391
2717,2015-06-05,27.5004,27.5666,27.2701,27.3772,24484437
2718,2015-06-08,27.3812,27.3942,27.0495,27.0758,27435095
2719,2015-06-09,27.0729,27.1436,26.8451,27.01,30121619
2720,2015-06-10,27.1864,27.6388,27.1571,27.5301,30425396
2721,2015-06-11,27.6413,27.6413,27.3593,27.4027,25964483
2722,2015-06-12,27.2851,27.3434,27.1829,27.2746,25534229
2723,2015-06-15,27.0385,27.1042,26.8631,27.052,27246414
2724,2015-06-16,27.1147,27.2358,26.9808,27.1451,32643910
2725,2015-06-17,27.2143,27.319,26.9926,27.2313,24528597
2726,2015-06-18,27.301,27.7619,27.301,27.7085,41341325
2727,2015-06-19,27.7255,27.7947,27.5132,27.7753,59502924
2728,2015-06-22,27.8695,28.1784,27.8446,27.8829,34875972
2729,2015-06-23,27.8884,28.1429,27.7569,28.0677,31509974
2730,2015-06-24,28.0225,28.0304,27.7399,27.8276,29026845
2731,2015-06-25,27.9138,28.0552,27.7723,27.7967,26800804
2732,2015-06-26,27.8844,27.8988,27.4929,27.5531,43832322
2733,2015-06-29,27.2388,27.4454,26.9144,26.9648,37892869
2734,2015-06-30,27.1561,27.1964,26.8796,26.9045,34634379
2735,2015-07-01,27.0848,27.1919,26.8906,27.0669,30869500
2736,2015-07-02,27.1386,27.301,27.0803,27.2681,28225952
2737,2015-07-06,27.0145,27.33,27.0065,27.1824,25704846
2738,2015-07-07,27.2726,27.4504,26.8951,27.4022,33715781
2739,2015-07-08,27.1814,27.315,26.9623,26.9871,27760270
2740,2015-07-09,27.327,27.3449,27.1327,27.1342,29873904
2741,2015-07-10,27.5856,27.8635,27.5004,27.705,43591452
2742,2015-07-13,27.8745,28.5391,27.8341,28.4833,41943500
2743,2015-07-14,28.6213,29.379,28.6048,29.1034,75100905
2744,2015-07-15,29.0816,29.3282,28.9057,29.0926,41604014
2745,2015-07-16,29.367,30.1159,29.2898,29.9803,113048331
2746,2015-07-17,33.8772,35.0231,33.7775,34.8547,258094238
2747,2015-07-20,34.3246,34.764,33.9654,34.5168,102805333
2748,2015-07-21,34.1203,35.1526,34.0839,34.6419,75878072
2749,2015-07-22,34.5757,35.5377,34.4561,34.6295,83399238
2750,2015-07-23,34.4675,34.6778,33.4583,33.6146,76506341
2751,2015-07-24,33.7417,33.767,32.5411,32.6203,82921513
2752,2015-07-27,32.4609,33.2331,32.4599,32.7946,58593640
2753,2015-07-28,32.9685,33.085,32.5525,32.8638,34486565
2754,2015-07-29,32.9934,33.0467,32.5241,32.952,36889344
2755,2015-07-30,32.7533,33.2819,32.4668,33.108,39749575
2756,2015-07-31,33.1149,33.1299,32.7413,32.7563,35046588
2757,2015-08-03,32.7643,33.2131,32.7643,33.1159,31461780
2758,2015-08-04,33.097,33.2794,32.9062,32.9445,26282934
2759,2015-08-05,33.1672,33.8727,33.1587,33.5429,36578120
2760,2015-08-06,33.5778,33.6156,32.9172,33.3864,40799748
2761,2015-08-07,33.2684,33.3187,32.8245,33.0995,27641842
2762,2015-08-10,33.234,33.4597,32.8923,33.0372,34582913
2763,2015-08-11,34.8527,35.0728,34.0924,34.3903,110243500
2764,2015-08-12,34.599,34.6743,33.9026,34.4486,58858597
2765,2015-08-13,34.3355,34.5762,33.9858,34.2015,36485786
2766,2015-08-14,34.0784,34.488,34.0217,34.344,27696038
2767,2015-08-17,34.2778,34.6115,34.0296,34.5802,24767460
2768,2015-08-18,34.4287,34.6624,34.1422,34.3121,27810451
2769,2015-08-19,34.3808,34.8836,34.2159,34.5767,50373951
2770,2015-08-20,34.3306,34.6823,33.642,33.8513,58005516
2771,2015-08-21,33.4308,33.523,32.0388,32.0852,92211067
2772,2015-08-24,29.9215,32.1002,29.5473,30.7939,130256166
2773,2015-08-25,32.2217,32.2332,30.473,30.5129,71686933
2774,2015-08-26,32.0388,33.0044,31.4047,32.8678,88056059
2775,2015-08-27,33.4781,33.5773,32.4374,33.2774,59187786
2776,2015-08-28,33.1677,33.2296,32.5694,32.8653,38976784
2777,2015-08-31,32.5988,33.1005,32.2008,32.274,39077146
2778,2015-09-01,31.5761,32.1056,31.1401,31.3643,51642533
2779,2015-09-02,31.7848,32.1365,31.4182,32.129,37764405
2780,2015-09-03,32.2795,32.4449,31.5761,31.7374,34695319
2781,2015-09-04,31.3712,31.6104,31.2118,31.3344,40644809
2782,2015-09-08,31.9343,32.1355,31.5307,32.0777,39233712
2783,2015-09-09,32.4763,32.7493,31.9293,32.0543,41126549
2784,2015-09-10,32.0787,32.6268,31.9691,32.4364,27947526
2785,2015-09-11,32.3931,32.6471,32.2536,32.6466,35018487
2786,2015-09-14,32.6631,32.6775,32.3577,32.5056,30060579
2787,2015-09-15,32.7169,33.3217,32.5491,33.1334,35674857
2788,2015-09-16,33.1574,33.2829,32.9904,33.1559,26345158
2789,2015-09-17,33.2539,33.9764,33.1299,33.4622,47925206
2790,2015-09-18,33.1329,33.3711,32.8823,32.9267,72806979
2791,2015-09-21,33.1554,33.3292,32.7812,33.2286,39233712
2792,2015-09-22,32.7548,32.822,32.135,32.5421,54557060
2793,2015-09-23,32.5271,32.8948,32.4189,32.5466,29265607
2794,2015-09-24,32.3312,32.7199,31.992,32.6273,38825277
2795,2015-09-25,32.8101,32.8101,31.8675,31.8918,48653737
2796,2015-09-28,31.8371,32.0265,30.7804,31.0998,47818239
2797,2015-09-29,31.162,31.6194,30.7899,31.0181,42280718
2798,2015-09-30,31.4774,31.8501,31.3439,31.8032,53143956
2799,2015-10-01,31.7818,32.0757,31.4415,31.984,42660088
2800,2015-10-02,31.7853,32.7941,31.5606,32.7308,48964861
2801,2015-10-05,32.9605,33.53,32.6751,33.4626,38096846
2802,2015-10-06,33.3466,33.8174,33.0342,33.4607,43304415
2803,2015-10-07,33.7477,33.8144,32.7866,33.379,44514225
2804,2015-10-08,33.3516,33.4731,32.6063,33.2296,39448488
2805,2015-10-09,33.2539,33.5828,32.9984,33.4408,32232423
2806,2015-10-12,33.3386,33.7765,33.2415,33.6993,26780932
2807,2015-10-13,33.5863,34.2986,33.534,34.0351,42599871
2808,2015-10-14,34.066,34.3773,33.8224,33.8977,31403429
2809,2015-10-15,34.1387,34.5827,34.0959,34.5258,47326945
2810,2015-10-16,34.6444,34.6852,34.3306,34.6404,36445641
2811,2015-10-19,34.5747,34.8856,34.4855,34.8711,30281075
2812,2015-10-20,34.7685,34.7739,33.5623,33.8772,52624459
2813,2015-10-21,34.0371,34.1213,33.4139,33.4686,32284612
2814,2015-10-22,33.65,34.2783,33.4636,33.934,88951292
2815,2015-10-23,37.3676,37.4891,35.7673,35.8366,127185394
2816,2015-10-26,35.8709,36.6148,35.8709,36.424,48952817
2817,2015-10-27,36.1973,36.6651,36.0763,36.5087,38918574
2818,2015-10-28,36.5176,36.7353,36.2322,36.7129,39745561
2819,2015-10-29,36.6984,37.2047,36.6252,37.108,36650381
2820,2015-10-30,37.1434,37.1807,36.6935,36.7363,40126938
2821,2015-11-02,36.7608,37.2739,36.4404,37.2519,40053092
2822,2015-11-03,37.1369,37.4492,36.9241,37.3057,36437612
2823,2015-11-04,37.3596,37.8577,37.3247,37.6291,41985491
2824,2015-11-05,37.8035,38.1791,37.7368,37.8962,45650891
2825,2015-11-06,37.8323,38.0132,37.6151,37.9424,33663593
2826,2015-11-09,37.789,38.0271,37.3202,37.6021,35662633
2827,2015-11-10,37.5379,37.8927,37.2854,37.776,29906020
2828,2015-11-11,37.9813,38.3151,37.8503,38.1243,42069956
2829,2015-11-12,37.8717,38.1517,37.6565,37.6898,35578509
2830,2015-11-13,37.5658,37.6301,36.84,36.8698,48360679
2831,2015-11-16,36.8768,37.4497,36.5839,37.3855,50885799
2832,2015-11-17,37.4876,37.6111,37.0682,37.1642,39002878
2833,2015-11-18,37.3431,37.9175,37.2345,37.8632,36397467
2834,2015-11-19,37.8517,38.0237,37.7248,37.8597,28179785
2835,2015-11-20,38.3261,38.8252,38.067,38.7097,55679113
2836,2015-11-23,38.733,39.0036,38.5358,38.6948,34773602
2837,2015-11-24,38.5084,38.6593,37.7685,38.3426,48051562
2838,2015-11-25,38.4451,38.5104,38.1881,38.3241,23697595
2839,2015-11-27,38.3191,38.5602,38.2114,38.4591,14498368
2840,2015-11-30,38.4541,38.6115,37.9185,38.0047,33707752
2841,2015-12-01,38.2084,39.1082,38.1592,39.0479,40543523
2842,2015-12-02,39.1207,39.5092,38.6813,38.752,46871861
2843,2015-12-03,38.887,39.0823,37.9848,38.2713,42100346
2844,2015-12-04,38.3466,38.9797,38.1372,38.8197,49978522
2845,2015-12-07,38.8622,38.9089,38.1976,38.5099,36756765
2846,2015-12-08,38.0869,38.7919,37.9883,38.617,31195096
2847,2015-12-09,38.4158,38.6643,37.4647,37.9898,46716741
2848,2015-12-10,38.0416,38.1652,37.6136,37.8647,32575663
2849,2015-12-11,37.3147,37.7353,37.2974,37.3855,43338539
2850,2015-12-14,37.4273,38.0695,36.6801,37.9893,54337346
2851,2015-12-15,38.2509,38.5976,37.7631,37.8672,49565029
2852,2015-12-16,38.1901,38.9339,37.7153,38.6893,53312565
2853,2015-12-17,38.9169,38.9384,38.3261,38.3524,36642352
2854,2015-12-18,38.2229,38.5672,37.6928,37.7058,68039760
2855,2015-12-21,38.0147,38.1791,37.5713,37.9026,34972320
2856,2015-12-22,38.0755,38.3778,37.9225,38.2179,36468624
2857,2015-12-23,38.3953,38.4556,37.7457,38.2866,30704906
2858,2015-12-24,38.2871,38.3211,38.0815,38.1537,10460603
2859,2015-12-28,38.3609,38.9996,38.2479,38.9707,31268040
2860,2015-12-29,39.2074,39.7902,39.168,39.5547,38568911
2861,2015-12-30,39.5547,39.6789,39.2179,39.3723,19391462
2862,2015-12-31,39.2487,39.2741,38.7256,38.76,23217521
2863,2016-01-04,37.9724,37.9724,37.242,37.8348,62954793
2864,2016-01-05,38.067,38.3211,37.6461,37.9389,31994002
2865,2016-01-06,37.383,38.1482,37.2649,37.8293,33501868
2866,2016-01-07,37.1897,37.6291,36.6312,36.9162,48141186
2867,2016-01-08,37.2549,37.3706,36.3144,36.4135,42956398
2868,2016-01-11,36.4653,36.6212,35.8481,36.5211,51080623
2869,2016-01-12,36.9037,37.2819,36.6886,37.1324,38366821
2870,2016-01-13,37.3316,37.514,35.7096,35.8486,36203928
2871,2016-01-14,36.0912,36.8609,35.1226,36.4374,38401928
2872,2016-01-15,35.3713,36.0772,34.9488,35.3962,53578827
2873,2016-01-19,35.8774,36.1365,35.3643,35.8241,48900629
2874,2016-01-20,35.1675,36.2162,34.2648,35.7982,56667202
2875,2016-01-21,35.8784,36.7503,35.427,36.2022,33128299
2876,2016-01-22,36.966,37.2929,36.8913,37.1384,42481182
2877,2016-01-25,37.0577,37.4871,36.4927,36.5484,28393336
2878,2016-01-26,36.6277,36.8395,36.2172,36.5569,21097243
2879,2016-01-27,36.6616,36.6616,35.5437,35.7494,29375263
2880,2016-01-28,36.7762,37.4223,36.398,37.2799,44469885
2881,2016-01-29,37.3127,38.1171,37.0755,37.8592,61751988
2882,2016-02-01,38.4238,38.739,37.9315,38.3993,57161688
2883,2016-02-02,39.8804,40.3712,38.889,38.9044,100606792
2884,2016-02-03,39.172,39.4285,36.6801,37.3336,129871135
2885,2016-02-04,37.095,37.1274,35.9995,36.3697,91512885
2886,2016-02-05,36.144,36.2047,34.8806,35.0609,98354095
2887,2016-02-08,34.2598,35.0988,33.9774,35.0808,75676484
2888,2016-02-09,34.5223,35.9178,34.3006,34.9244,76525691
2889,2016-02-10,35.461,36.0303,35.1421,35.2148,46313585
2890,2016-02-11,34.6912,35.4872,34.4347,35.1905,58384224
2891,2016-02-12,35.4819,35.6707,34.9523,35.2168,41302886
2892,2016-02-16,35.8027,36.0135,35.3808,35.7524,31953114
2893,2016-02-17,36.2187,36.5554,35.7011,36.4663,35596996
2894,2016-02-18,36.5654,36.6671,35.6482,35.7459,33056279
2895,2016-02-19,35.6657,36.0708,35.5272,35.9751,32610971
2896,2016-02-22,36.3437,36.6095,36.0418,36.3208,26809435
2897,2016-02-23,36.1738,36.413,35.6542,35.7349,29873443
2898,2016-02-24,35.4022,35.9308,34.9742,35.9148,24659028
2899,2016-02-25,36.016,36.3437,35.5327,36.3243,25926326
2900,2016-02-26,36.5475,36.6751,35.9666,36.1121,30651914
2901,2016-02-29,35.9198,36.398,35.7126,35.7319,30457994
2902,2016-03-01,35.9348,36.9824,35.8022,36.9745,41602849
2903,2016-03-02,37.0093,37.0218,36.5301,36.8405,25293359
2904,2016-03-03,36.8405,36.9162,36.3497,36.4474,27734718
2905,2016-03-04,36.6073,36.6173,36.15,36.3791,46531552
2906,2016-03-07,36.1265,36.2292,35.1296,35.5112,50861933
2907,2016-03-08,35.2916,35.9821,35.0728,35.5477,43341248
2908,2016-03-09,35.6291,36.1808,35.5043,36.1395,27092919
2909,2016-03-10,36.258,36.694,36.0338,36.4762,44777958
2910,2016-03-11,36.8639,37.1105,36.7019,37.109,24002356
2911,2016-03-14,37.114,37.5768,37.0489,37.3765,32942769
2912,2016-03-15,37.1662,37.5145,37.0078,37.3929,29939702
2913,2016-03-16,37.3172,37.813,37.1902,37.7313,29411936
2914,2016-03-17,37.7457,38.1287,37.7313,37.787,44726432
2915,2016-03-18,37.9439,37.9694,37.4552,37.6341,56434200
2916,2016-03-21,37.5594,38.0291,37.4278,37.9704,28877465
2917,2016-03-22,37.785,38.1119,37.7569,37.8652,22175779
2918,2016-03-23,38.0296,38.1312,37.665,37.7412,24766536
2919,2016-03-24,37.4243,37.741,37.3894,37.6056,31229681
2920,2016-03-28,37.672,37.778,37.4662,37.5279,14861359
2921,2016-03-29,37.5479,38.2204,37.2794,38.1562,34360048
2922,2016-03-30,38.2718,38.7251,38.2404,38.2782,29834100
2923,2016-03-31,38.2782,38.3153,37.7755,38.0072,21080864
2924,2016-04-01,37.7213,38.3629,37.6236,38.3446,28425914
2925,2016-04-04,38.3366,38.4825,37.9516,38.1178,21088030
2926,2016-04-05,37.7695,38.0057,37.6436,37.7915,17141053
2927,2016-04-06,37.7551,38.2822,37.6783,38.2648,23278040
2928,2016-04-07,38.1277,38.3291,37.7382,37.8687,16306238
2929,2016-04-08,38.1552,38.2179,37.652,37.8363,17542543
2930,2016-04-11,38.1342,38.2224,37.7303,37.7402,22832551
2931,2016-04-12,37.7845,38.1079,37.4426,38.078,19331545
2932,2016-04-13,38.3763,38.6474,38.0915,38.4561,26656864
2933,2016-04-14,38.628,38.8397,38.5214,38.6295,19434015
2934,2016-04-15,38.6349,38.9054,38.6066,38.8592,22021120
2935,2016-04-18,38.8687,39.2851,38.74,39.2418,23071976
2936,2016-04-19,39.3823,39.4047,38.3743,38.6723,30525478
2937,2016-04-20,38.8172,38.8422,38.4243,38.6061,23950870
2938,2016-04-21,38.7251,38.9429,38.4381,38.9159,34256414
2939,2016-04-22,37.0612,37.5599,36.3866,36.7553,130147292
2940,2016-04-25,36.6346,37.1095,36.6222,36.9765,43783385
2941,2016-04-26,37.0865,37.1449,35.8859,36.1375,39208822
2942,2016-04-27,36.135,36.2262,35.326,35.9427,57688772
2943,2016-04-28,36.0338,36.3313,35.033,35.1226,42763823
2944,2016-04-29,35.0788,35.4769,35.0619,35.2661,46178938
2945,2016-05-02,35.4675,35.6414,35.1905,35.5915,22825124
2946,2016-05-03,35.4963,35.5397,35.2388,35.2941,35581721
2947,2016-05-04,35.2108,35.6234,35.0753,35.44,21073899
2948,2016-05-05,35.6209,35.7479,35.3443,35.6064,20059876
2949,2016-05-06,35.4814,36.1684,35.469,36.128,26730912
2950,2016-05-09,36.2037,36.5819,36.0443,36.3248,34982858
2951,2016-05-10,36.6153,36.8663,36.4484,36.8355,23172258
2952,2016-05-11,36.8923,36.9062,36.2637,36.3955,20223527
2953,2016-05-12,36.4678,36.6356,36.0827,36.272,17687969
2954,2016-05-13,36.1998,36.4324,36.0448,36.1106,16406259
2955,2016-05-16,36.0852,36.5017,35.8699,36.3831,14374219
2956,2016-05-17,36.421,36.6596,35.7703,35.8764,17991083
2957,2016-05-18,35.7952,36.1475,35.6219,35.9586,21694018
2958,2016-05-19,35.7853,35.8949,35.3869,35.6364,19819608
2959,2016-05-20,35.6936,36.2536,35.6214,35.9551,23939268
2960,2016-05-23,35.8689,36.0443,35.7175,35.7329,17302878
2961,2016-05-24,35.8625,36.5774,35.8523,36.5191,25780599
2962,2016-05-25,36.6173,36.8609,36.4977,36.7717,22023850
2963,2016-05-26,36.6671,36.9212,36.5176,36.7134,17769603
2964,2016-05-27,36.7423,37.2604,36.7174,37.2469,21121892
2965,2016-05-31,37.3027,37.5379,37.1439,37.3072,28283881
2966,2016-06-01,37.2884,37.4328,37.0825,37.2879,13191166
2967,2016-06-02,37.1702,37.23,36.7169,37.079,24408724
2968,2016-06-03,36.9406,36.9406,36.5629,36.6601,15773895
2969,2016-06-06,36.7916,36.7916,36.283,36.3712,20458235
2970,2016-06-07,36.5311,36.7024,36.408,36.4225,16379563
2971,2016-06-08,36.8415,37.0562,36.6553,37.0123,22021281
2972,2016-06-09,36.7204,37.0622,36.692,36.9919,12431522
2973,2016-06-10,36.6646,36.8484,36.3936,36.5271,24933098
2974,2016-06-13,36.3592,36.8165,36.3592,36.4618,14990244
2975,2016-06-14,36.3338,36.6671,36.1938,36.5301,17608883
2976,2016-06-15,36.6133,36.7149,36.4334,36.4772,14688374
2977,2016-06-16,36.2665,36.3876,35.6477,36.0817,30634612
2978,2016-06-17,35.9393,35.9393,34.9294,35.0858,60871949
2979,2016-06-20,35.3872,35.6642,35.1431,35.179,25140788
2980,2016-06-21,35.3743,35.6399,35.1058,35.316,23873190
2981,2016-06-22,35.5735,35.5815,35.1665,35.4127,20429732
2982,2016-06-23,35.3992,35.6144,34.8861,35.6144,27761374
2983,2016-06-24,34.3838,35.1226,34.1218,34.1402,61831395
2984,2016-06-27,34.0012,34.0429,33.5115,33.934,45623913
2985,2016-06-28,34.4436,34.5119,34.1188,34.4381,26019582
2986,2016-06-29,34.5877,34.8487,34.5092,34.634,39323998
2987,2016-06-30,34.7565,35.0614,34.6196,35.0494,29440599
2988,2016-07-01,35.1276,35.4978,35.0594,35.3842,21548613
2989,2016-07-05,35.1231,35.2781,34.8302,35.1172,25072060
2990,2016-07-06,34.8656,35.5212,34.8237,35.3205,18340746
2991,2016-07-07,35.3773,35.3803,34.9069,35.2353,12874442
2992,2016-07-08,35.3997,35.7654,35.2776,35.7594,21003946
2993,2016-07-11,35.8411,36.3148,35.8134,36.2207,20543503
2994,2016-07-12,36.4638,36.6471,36.2437,36.4932,16827240
2995,2016-07-13,36.6431,36.6431,36.3194,36.3422,13431093
2996,2016-07-14,36.5644,36.6741,36.3975,36.6561,12467713
2997,2016-07-15,36.9162,36.9162,36.5994,36.6486,23973151
2998,2016-07-18,36.7623,37.6204,36.6925,37.524,35957257
2999,2016-07-19,37.3581,37.6928,37.2893,37.5344,21425629
3000,2016-07-20,37.5663,37.8947,37.5663,37.7173,18577542
3001,2016-07-21,37.7133,37.7705,37.4403,37.5843,12724159
3002,2016-07-22,37.7293,37.8353,37.4969,37.8268,14242624
3003,2016-07-25,37.7472,37.8539,37.5673,37.7392,16765356
3004,2016-07-26,37.7392,37.8258,37.5016,37.7457,16174803
3005,2016-07-27,37.8115,38.0845,37.66,37.9609,20876506
3006,2016-07-28,38.3031,38.3096,37.8175,38.1537,36909758
3007,2016-07-29,39.7415,40.0518,39.3573,39.424,86100415
3008,2016-08-01,39.1914,40.2287,39.1102,39.9169,50217224
3009,2016-08-02,39.7225,39.9711,39.583,39.8614,28206361
3010,2016-08-03,39.6796,39.8326,39.5077,39.7967,18039900
3011,2016-08-04,39.7678,39.8654,39.5527,39.7185,15135268
3012,2016-08-05,39.8609,40.2152,39.7464,40.2007,23382517
3013,2016-08-08,40.1545,40.2341,39.9396,40.116,17572793
3014,2016-08-09,40.0793,40.5197,40.0578,40.2282,20178304
3015,2016-08-10,40.2067,40.3975,40.1789,40.2785,16591267
3016,2016-08-11,40.3771,40.5469,40.1545,40.2641,17243062
3017,2016-08-12,40.1091,40.2137,40.0368,40.2067,14995865
3018,2016-08-15,40.2147,40.4215,40.0563,40.1525,12667956
3019,2016-08-16,40.0298,40.0678,39.7061,39.9149,13801290
3020,2016-08-17,39.8555,40.136,39.6712,40.1255,14566353
3021,2016-08-18,40.1225,40.2541,39.9367,39.9926,15052369
3022,2016-08-19,39.8451,39.9169,39.7001,39.8381,16932199
3023,2016-08-22,39.7813,39.8207,39.573,39.7036,11904017
3024,2016-08-23,39.8794,39.9054,39.6558,39.6856,15857196
3025,2016-08-24,39.6991,39.7788,39.3953,39.5367,17887469
3026,2016-08-25,39.457,39.5924,39.2194,39.422,18094397
3027,2016-08-26,39.4814,39.8257,39.3279,39.5177,22363657
3028,2016-08-29,39.5092,39.7818,39.3733,39.6473,13309734
3029,2016-08-30,39.5008,39.7559,39.3308,39.453,19177710
3030,2016-08-31,39.3373,39.4355,39.2179,39.3498,14978823
3031,2016-09-01,39.456,39.5013,39.1745,39.427,18605623
3032,2016-09-02,39.6199,39.711,39.5197,39.6996,18823330
3033,2016-09-06,39.7753,40.398,39.6279,40.2551,35352152
3034,2016-09-07,40.2506,40.3836,40.0408,40.2536,16339277
3035,2016-09-08,40.1155,40.275,39.9059,39.9971,14854032
3036,2016-09-09,39.7942,39.9426,39.2601,39.2816,30857156
3037,2016-09-12,39.0843,39.8639,39.0335,39.8057,22539593
3038,2016-09-13,39.5571,39.6458,39.0748,39.2936,24009944
3039,2016-09-14,39.2343,39.6727,39.2343,39.3825,16302023
3040,2016-09-15,39.3578,40.037,39.2906,39.9198,25304520
3041,2016-09-16,39.8067,39.8067,39.5377,39.7544,30903704
3042,2016-09-19,39.9109,40.0543,39.5347,39.6259,16236345
3043,2016-09-20,39.8555,39.9926,39.7688,39.8446,13159231
3044,2016-09-21,39.9184,40.15,39.6577,40.0828,24354829
3045,2016-09-22,40.3538,40.8051,40.2396,40.6501,32719824
3046,2016-09-23,40.6099,40.7025,40.4897,40.6009,22711052
3047,2016-09-26,40.3448,40.3577,39.8779,39.9811,17985062
3048,2016-09-27,39.9466,40.5277,39.9466,40.39,18745810
3049,2016-09-28,40.0588,40.3662,39.9941,40.3567,26808070
3050,2016-09-29,40.2157,40.5484,39.8982,39.9871,19158681
3051,2016-09-30,40.0348,40.2586,39.9303,40.0578,23288337
3052,2016-10-03,39.9826,40.0318,39.6677,39.8744,21236687
3053,2016-10-04,40.1046,40.1794,39.8391,39.9946,20997141
3054,2016-10-05,40.1545,40.279,39.8909,39.9169,16651686
3055,2016-10-06,40.0588,40.2014,39.8809,40.0089,16004789
3056,2016-10-07,40.151,40.1515,39.6971,39.8909,21643697
3057,2016-10-10,40.0513,40.7213,39.9671,40.5719,24632532
3058,2016-10-11,40.5614,40.8449,40.2227,40.3323,24052236
3059,2016-10-12,40.4514,40.5779,40.2817,40.442,14604913
3060,2016-10-13,40.158,40.1823,39.7867,40.0588,23306824
3061,2016-10-14,40.2267,40.3582,39.9711,40.0847,15833651
3062,2016-10-17,40.154,40.5277,40.0463,40.1963,14325423
3063,2016-10-18,40.5634,41.2908,40.5197,40.9261,31012517
3064,2016-10-19,41.077,41.3406,41.0116,41.2052,24151896
3065,2016-10-20,41.2285,41.2737,40.8793,40.9331,17996302
3066,2016-10-21,40.8519,41.0656,40.7677,41.0542,27807380
3067,2016-10-24,41.3546,41.7457,41.3023,41.6361,28218846
3068,2016-10-25,41.7735,41.7735,41.116,41.2779,37077403
3069,2016-10-26,41.2067,41.236,40.6701,40.9566,34927056
3070,2016-10-27,41.0018,41.1797,40.5834,40.7198,44808829
3071,2016-10-28,41.3471,41.7985,40.7025,40.83,85941059
3072,2016-10-31,40.973,40.9829,40.2541,40.3488,45016178
3073,2016-11-01,40.397,40.5509,39.7688,40.1285,47288606
3074,2016-11-02,40.1923,40.1923,39.1082,39.2786,47185153
3075,2016-11-03,39.0833,39.3573,38.7909,38.9682,43662027
3076,2016-11-04,38.4258,39.2816,38.411,38.9139,39554932
3077,2016-11-07,39.6039,40.1046,39.5018,39.9566,38983970
3078,2016-11-08,39.9566,40.6546,39.8366,40.4524,32646940
3079,2016-11-09,39.9466,40.439,39.4587,40.134,61391767
3080,2016-11-10,40.3538,40.3567,38.2826,38.8736,116366055
3081,2016-11-11,38.7002,38.7241,38.1387,38.4481,71487292
3082,2016-11-14,38.4486,38.4496,37.0452,37.5249,74032887
3083,2016-11-15,38.1352,38.8711,38.1228,38.618,59091217
3084,2016-11-16,38.3818,39.0335,38.1781,38.8582,35789491
3085,2016-11-17,38.9836,39.3026,38.8517,39.166,29959935
3086,2016-11-18,39.2164,39.4215,38.6275,38.6583,35282882
3087,2016-11-21,38.7645,39.1854,38.6748,39.1287,29454469
3088,2016-11-22,39.3071,39.5452,39.0455,39.1082,27671911
3089,2016-11-23,39.3333,39.3333,38.493,38.8092,25839893
3090,2016-11-25,38.9891,39.0036,38.769,38.8667,10828633
3091,2016-11-28,38.777,39.8426,38.7645,39.1476,47584595
3092,2016-11-29,39.2766,39.6781,39.1252,39.3294,30257289
3093,2016-11-30,39.3125,39.4325,38.5176,38.6538,43283219
3094,2016-12-01,38.7869,38.7894,37.5319,38.0785,56509954
3095,2016-12-02,37.9574,38.3858,37.813,38.085,33509315
3096,2016-12-05,38.3609,38.8592,38.2098,38.7705,33117761
3097,2016-12-06,38.8687,39.1222,38.5263,38.6688,33650867
3098,2016-12-07,38.8567,39.457,38.5368,39.4305,39727556
3099,2016-12-08,39.5042,39.8057,39.2529,39.6134,29293769
3100,2016-12-09,39.8207,40.3513,39.7584,40.3263,36760338
3101,2016-12-12,40.0956,40.421,40.0813,40.2204,28268245
3102,2016-12-13,40.4727,41.0661,40.4504,40.6197,41180845
3103,2016-12-14,40.6486,41.0641,40.4922,40.7468,33428323
3104,2016-12-15,40.7203,41.0013,40.4534,40.6351,33943925
3105,2016-12-16,40.7677,40.812,40.2601,40.3458,44649534
3106,2016-12-19,40.3178,40.6636,40.0798,40.4787,22222387
3107,2016-12-20,40.5217,40.6771,40.4035,40.6128,24209003
3108,2016-12-21,40.6386,40.6386,40.1096,40.4632,28855747
3109,2016-12-22,40.3089,40.407,40.156,40.3378,22015018
3110,2016-12-23,40.2546,40.402,40.1101,40.2441,15068126
3111,2016-12-27,40.2879,40.6526,40.1445,40.3503,18995331
3112,2016-12-28,40.5197,40.5197,39.9771,40.0833,23279967
3113,2016-12-29,39.9716,40.142,39.7631,39.9966,20037475
3114,2016-12-30,40.0154,40.0191,39.3383,39.4795,34843434
3115,2017-01-03,39.8864,40.4252,39.7006,40.2546,38793662
3116,2017-01-04,40.3483,40.5247,40.0603,40.2426,29841527
3117,2017-01-05,40.2292,40.54,40.1505,40.5042,26195859
3118,2017-01-06,40.6024,41.2983,40.4285,41.1115,39660112
3119,2017-01-09,41.1692,41.3715,40.9326,41.2097,27405870
3120,2017-01-10,41.2042,41.3207,41.0083,41.1513,22314239
3121,2017-01-11,41.1817,41.3451,40.9251,41.3431,24450174
3122,2017-01-12,41.2694,41.369,40.9022,41.3267,25405243
3123,2017-01-13,41.4,41.5818,41.3262,41.3965,22016624
3124,2017-01-17,41.3501,41.3591,41.0113,41.2236,24113437
3125,2017-01-18,41.3401,41.3406,41.0552,41.3013,19309947
3126,2017-01-19,41.3003,41.4996,41.0493,41.0695,21184900
3127,2017-01-20,41.3048,41.3123,41.081,41.2589,24627916
3128,2017-01-23,41.4303,42.1244,41.2854,42.069,48574872
3129,2017-01-24,42.196,42.4222,41.9619,42.3231,33061679
3130,2017-01-25,42.5234,42.7847,42.3336,42.7675,32461049
3131,2017-01-26,42.7974,42.8915,42.3723,42.6943,52425039
3132,2017-01-27,42.7949,43.1934,41.9429,42.099,74506598
3133,2017-01-30,41.7018,41.7103,40.9032,41.0428,68877606
3134,2017-01-31,40.827,41.0048,40.5232,40.8614,39256454
3135,2017-02-01,41.0513,41.0513,40.4657,40.6148,44137344
3136,2017-02-02,40.6029,41.079,40.456,40.7652,32253841
3137,2017-02-03,41.0078,41.1572,40.8195,40.8584,30672689
3138,2017-02-06,40.8977,40.971,40.5674,40.9326,25104939
3139,2017-02-07,41.126,41.4457,41.0447,41.3118,32601557
3140,2017-02-08,41.3765,41.5619,41.1065,41.3441,24231122
3141,2017-02-09,41.4363,41.4487,41.1757,41.3531,23353673
3142,2017-02-10,41.4971,41.7063,41.3755,41.5916,27954230
3143,2017-02-13,41.7338,41.9348,41.6614,41.7965,24586446
3144,2017-02-14,41.8369,41.9479,41.6406,41.8527,19689358
3145,2017-02-15,41.789,41.9365,41.6601,41.7148,26157561
3146,2017-02-16,41.7735,41.9823,41.7118,41.9564,18483000
3147,2017-02-17,41.9136,42.194,41.8374,42.1747,28235747
3148,2017-02-21,42.2464,42.4561,42.1747,42.3101,23654881
3149,2017-02-22,42.2469,42.5354,42.1827,42.4143,23949284
3150,2017-02-23,42.4003,42.477,41.9728,42.3963,25312970
3151,2017-02-24,42.2294,42.2649,41.9958,42.2374,26260051
3152,2017-02-27,42.095,42.3798,41.9983,42.3301,19696062
3153,2017-02-28,42.2144,42.2881,41.9202,42.094,25566606
3154,2017-03-01,42.4153,42.745,42.2976,42.6758,33199215
3155,2017-03-02,42.6608,42.6698,42.2827,42.3391,24432771
3156,2017-03-03,42.2936,42.3873,42.0827,42.3006,19973343
3157,2017-03-06,42.1901,42.2936,41.9066,42.2104,20312127
3158,2017-03-07,42.2099,42.5124,42.1232,42.4038,19612741
3159,2017-03-08,42.5019,42.6918,42.4088,42.5279,19984403
3160,2017-03-09,42.5304,42.8801,42.4795,42.737,24904515
3161,2017-03-10,42.9792,43.0554,42.7255,42.9146,26029217
3162,2017-03-13,43.1277,43.1999,42.8856,43.0728,23416681
3163,2017-03-14,43.0315,43.2224,42.8512,43.1392,21310814
3164,2017-03-15,43.2402,43.3368,42.9091,43.2626,26754336
3165,2017-03-16,43.3693,43.4779,43.2194,43.3428,22169115
3166,2017-03-17,43.5262,43.5631,43.2616,43.461,33800106
3167,2017-03-20,43.3171,43.3598,43.077,43.2388,30955792
3168,2017-03-21,43.3458,43.5157,42.2313,42.3535,50943568
3169,2017-03-22,42.3206,42.6131,42.197,42.3366,27434072
3170,2017-03-23,41.9176,41.9325,41.4996,41.8309,65991742
3171,2017-03-24,41.9479,42.0475,41.3053,41.6066,39682493
3172,2017-03-27,41.2549,41.9171,41.0661,41.774,37647784
3173,2017-03-28,41.8329,42.1172,41.4629,41.8797,29639176
3174,2017-03-29,41.9853,42.4254,41.9171,42.3401,27741060
3175,2017-03-30,42.4452,42.4462,42.1857,42.3206,18398917
3176,2017-03-31,42.1886,42.3246,42.1096,42.2369,26513747
3177,2017-04-03,42.2841,42.7949,42.2234,42.6828,39530825
3178,2017-04-04,42.2469,42.4959,42.2221,42.4745,26677559
3179,2017-04-05,42.5811,42.8741,42.2229,42.2921,35468111
3180,2017-04-06,42.3216,42.5254,42.0475,42.1022,26393292
3181,2017-04-07,42.0975,42.1412,41.7138,41.9529,22312793
3182,2017-04-10,41.9251,42.184,41.8877,41.933,19151053
3183,2017-04-11,41.933,42.079,41.5793,41.8423,19557501
3184,2017-04-12,41.7715,42.0336,41.7283,41.9211,20389567
3185,2017-04-13,41.9001,42.0341,41.7412,41.8572,20584671
3186,2017-04-17,41.9171,42.6275,41.8996,42.6021,20171118
3187,2017-04-18,42.473,42.7147,42.4088,42.5452,18622685
3188,2017-04-19,42.7144,42.8547,42.5223,42.6708,20923254
3189,2017-04-20,42.8317,43.0405,42.72,42.8492,21327153
3190,2017-04-21,42.8756,42.9663,42.7315,42.7925,21730711
3191,2017-04-24,43.2651,43.8392,43.1491,43.7877,33970581
3192,2017-04-25,43.9536,44.4514,43.8052,44.2816,40816188
3193,2017-04-26,44.4085,44.4882,44.0977,44.2964,26519910
3194,2017-04-27,44.3393,44.5075,44.1987,44.411,46343774
3195,2017-04-28,46.2822,46.6261,45.9943,46.059,77195972
3196,2017-05-01,46.0405,46.6221,45.8737,46.4725,46701506
3197,2017-05-02,46.4949,46.9789,46.3818,46.6853,35115497
3198,2017-05-03,46.6334,47.3383,46.5916,47.2511,36576454
3199,2017-05-04,47.3428,47.7837,47.1974,47.5636,38900629
3200,2017-05-05,47.6633,47.749,47.2339,47.3423,32428090
3201,2017-05-08,47.2014,47.8759,47.1986,47.7613,37642143
3202,2017-05-09,47.8929,47.9362,47.5476,47.6618,33857734
3203,2017-05-10,47.6383,47.6628,47.3205,47.5696,23000538
3204,2017-05-11,47.3927,47.7265,47.2591,47.6218,20695030
3205,2017-05-12,47.7195,47.726,47.431,47.5846,24380341
3206,2017-05-15,47.592,47.9611,47.4689,47.7877,26737917
3207,2017-05-16,48.0035,48.1204,47.8441,48.0563,22078387
3208,2017-05-17,47.8117,47.8759,46.8332,46.9383,49117773
3209,2017-05-18,46.9896,47.5366,46.8935,47.3533,36139837
3210,2017-05-19,47.4689,47.8047,47.428,47.5601,27294427
3211,2017-05-22,47.6772,48.0667,47.6553,48.0294,27798588
3212,2017-05-23,48.3228,48.5495,48.0508,48.3523,31010670
3213,2017-05-24,48.5869,48.7292,48.406,48.704,22840198
3214,2017-05-25,48.7732,49.6091,48.7145,49.4139,39198224
3215,2017-05-26,49.4208,49.6396,49.1897,49.4842,32763120
3216,2017-05-30,49.4457,49.7008,49.389,49.6286,30441013
3217,2017-05-31,49.6306,49.7994,48.9066,49.1762,34640280
3218,2017-06-01,49.369,49.4777,48.8874,49.2361,26198428
3219,2017-06-02,49.251,49.644,49.1752,49.6261,34808990
3220,2017-06-05,49.7143,50.1881,49.5927,50.0128,27659104
3221,2017-06-06,49.9843,50.2483,49.5604,49.654,31129078
3222,2017-06-07,49.7606,50.0143,49.6106,49.8986,27545494
3223,2017-06-08,50.0301,50.0984,49.651,50.0326,33750125
3224,2017-06-09,50.093,50.0935,47.4964,48.3308,73125369
3225,2017-06-12,47.7628,48.2251,46.6705,47.9168,84253223
3226,2017-06-13,48.4265,48.7189,47.9268,48.3498,40229208
3227,2017-06-14,48.5988,48.8081,47.8022,48.2216,30104879
3228,2017-06-15,47.2299,47.8603,46.8487,47.8357,47558842
3229,2017-06-16,47.7225,47.8242,47.2636,47.758,51103626
3230,2017-06-19,48.3073,48.7882,48.2351,48.5849,29427351
3231,2017-06-20,48.5893,48.8624,48.2351,48.2746,26034416
3232,2017-06-21,48.3642,48.8066,48.283,48.7527,23316358
3233,2017-06-22,48.667,48.8479,48.49,48.6546,20089322
3234,2017-06-23,48.5988,49.1528,48.547,49.1264,31057861
3235,2017-06-26,49.3213,49.5199,48.3413,48.429,30444365
3236,2017-06-27,47.9064,48.1864,47.1834,47.2334,49013758
3237,2017-06-28,47.3613,47.988,46.6388,47.8769,54978482
3238,2017-06-29,47.3957,47.4112,46.3121,46.7216,64299369
3239,2017-06-30,47.029,47.0793,46.3126,46.3126,45865907
3240,2017-07-03,46.4924,46.5433,45.6001,45.8069,34019097
3241,2017-07-05,46.043,46.6453,45.7656,46.4447,41985431
3242,2017-07-06,46.083,46.6378,45.8264,46.2169,40425035
3243,2017-07-07,46.381,47.0625,46.3216,46.8706,32704247
3244,2017-07-10,46.9274,47.4844,46.9274,47.3783,28974857
3245,2017-07-11,47.3543,47.5721,47.0852,47.5043,29317916
3246,2017-07-12,47.8694,48.3063,47.6792,48.2083,32115300
3247,2017-07-13,48.3647,48.7582,48.0657,48.2676,30577967
3248,2017-07-14,48.5241,48.7005,48.3323,48.669,21617643
3249,2017-07-17,48.6397,48.9899,48.3647,48.6218,33237895
3250,2017-07-18,48.4922,49.3635,48.4265,49.1692,28339361
3251,2017-07-19,49.3218,49.6002,49.1722,49.4592,28110997
3252,2017-07-20,49.67,49.7537,49.0532,49.4302,28423746
3253,2017-07-21,49.2713,49.5758,49.0308,49.5125,29337928
3254,2017-07-24,49.5254,50.1278,49.3348,49.7352,78585993
3255,2017-07-25,48.3598,48.6601,48.016,48.2766,119032546
3256,2017-07-26,48.4633,48.5216,47.8381,48.0912,44413722
3257,2017-07-27,48.284,48.3008,46.6838,47.4535,74505915
3258,2017-07-28,47.2284,47.9158,47.0947,47.737,36405878
3259,2017-07-31,47.8267,47.886,46.9161,47.1042,45984135
3260,2017-08-01,47.2194,47.5521,47.0773,47.1571,26640666
3261,2017-08-02,47.2472,47.2836,46.4576,47.2109,40914583
3262,2017-08-03,47.2836,47.3284,46.8024,46.8452,22549027
3263,2017-08-04,47.0195,47.2059,46.82,47.1187,25177661
3264,2017-08-07,47.2049,47.2766,47.0046,47.1167,28988486
3265,2017-08-08,47.044,47.4525,46.9538,47.039,30112325
3266,2017-08-09,46.753,47.0175,46.5274,46.8342,28065914
3267,2017-08-10,46.5811,46.6458,45.9224,46.0128,54287386
3268,2017-08-11,46.0188,46.4994,45.8946,46.3365,32443747
3269,2017-08-14,46.7839,46.8821,46.5554,46.777,23075930
3270,2017-08-15,46.8816,46.9832,46.6628,46.7345,22153859
3271,2017-08-16,46.8925,47.3235,46.8322,47.043,26965238
3272,2017-08-17,46.9773,47.02,46.2144,46.2154,33599080
3273,2017-08-18,46.1816,46.3828,46.0058,46.1417,26809034
3274,2017-08-21,46.1212,46.2449,45.7641,45.8772,26092225
3275,2017-08-22,46.1806,46.928,46.1412,46.8502,35321300
3276,2017-08-23,46.6808,47.1004,46.5931,46.9588,22744493
3277,2017-08-24,47.015,47.1447,46.369,46.6753,25975985
3278,2017-08-25,46.7909,46.8666,46.337,46.357,23777745
3279,2017-08-28,46.4257,46.5736,46.1382,46.2389,20990036
3280,2017-08-29,45.8314,46.74,45.7995,46.6186,23251303
3281,2017-08-30,46.6146,47.1222,46.5339,47.011,22470563
3282,2017-08-31,47.1442,47.6868,47.1417,47.5895,33965624
3283,2017-09-01,47.7005,47.7435,47.3423,47.4275,20929316
3284,2017-09-05,47.1719,47.3974,46.6111,46.9039,29279578
3285,2017-09-06,47.023,47.0545,46.4655,46.9309,27925165
3286,2017-09-07,47.042,47.3531,46.7073,47.323,22406452
3287,2017-09-08,47.3135,47.3633,46.8307,46.8776,20068146
3288,2017-09-11,47.1889,47.4619,46.8801,46.9941,26821780
3289,2017-09-12,47.1749,47.2332,46.7058,47.1614,25772952
3290,2017-09-13,47.1042,47.4704,47.0664,47.3503,21974070
3291,2017-09-14,47.1292,47.2304,46.7483,46.8367,28596711
3292,2017-09-15,46.8347,46.9174,46.3943,46.5956,39273255
3293,2017-09-18,46.5816,46.6738,46.103,46.3196,29230019
3294,2017-09-19,46.5019,46.7275,46.1657,46.6738,24736106
3295,2017-09-20,46.7171,47.3284,46.7058,47.2059,38599702
3296,2017-09-21,47.2353,47.4679,46.7994,47.2064,27080434
3297,2017-09-22,46.9683,47.3284,46.8719,46.9926,21563527
3298,2017-09-25,46.8029,46.8177,46.0585,46.5453,37544390
3299,2017-09-26,46.6653,47.0335,46.5871,46.7023,33549199
3300,2017-09-27,46.9668,48.0972,46.9274,47.8217,46815477
3301,2017-09-28,47.6398,48.1345,47.6049,48.0662,28109612
3302,2017-09-29,48.1255,48.6143,48.1255,48.4922,40743024
3303,2017-10-02,48.6063,48.7105,47.9238,48.1988,30844470
3304,2017-10-03,48.2033,48.4464,47.9613,48.4285,21755541
3305,2017-10-04,48.4125,48.544,48.1062,48.1644,21202001
3306,2017-10-05,48.4638,49.1474,48.3383,49.0815,35722429
3307,2017-10-06,48.8229,49.5334,48.7487,49.5025,31156678
3308,2017-10-09,49.5703,49.8424,49.396,49.4362,25994010
3309,2017-10-10,49.5852,49.6933,48.8784,49.2116,23351003
3310,2017-10-11,49.2733,50.1965,49.2186,50.1009,36395721
3311,2017-10-12,50.0108,50.3943,49.8741,50.1009,30918658
3312,2017-10-13,50.2733,50.5547,50.1711,50.2115,26639461
3313,2017-10-16,50.2992,50.4172,49.8951,50.2852,21464770
3314,2017-10-17,50.1901,50.5448,50.1208,50.3674,20211664
3315,2017-10-18,50.3699,50.6319,50.0845,50.4542,25667310
3316,2017-10-19,50.056,50.1841,49.6849,49.9111,33774975
3317,2017-10-20,50.1706,50.2503,49.9326,50.072,32220018
3318,2017-10-23,50.0775,50.1078,48.9774,49.099,32873258
3319,2017-10-24,49.1469,49.2843,48.6775,49.246,28882985
3320,2017-10-25,49.1354,49.5419,48.7096,49.394,28066978
3321,2017-10-26,49.7432,50.1437,49.3445,49.392,47277486
3322,2017-10-27,51.3633,52.9889,51.1874,51.4969,104033309
3323,2017-10-30,51.2721,51.8037,50.9318,51.4699,46973107
3324,2017-10-31,51.4634,51.862,51.1297,51.4654,30435493
3325,2017-11-01,51.6288,52.2037,51.5133,51.9417,43418287
3326,2017-11-02,51.8117,52.0872,51.2472,51.9602,26790708
3327,2017-11-03,51.9492,52.3433,51.6951,52.3098,27869886
3328,2017-11-06,52.2656,52.4394,51.9118,51.9457,18345343
3329,2017-11-07,52.2929,52.4803,51.9616,52.4294,26171170
3330,2017-11-08,52.3128,52.9426,52.1634,52.7234,24377431
3331,2017-11-09,52.2107,52.3542,51.6054,52.1968,36009948
3332,2017-11-10,52.005,52.1424,51.873,52.0189,19480323
3333,2017-11-13,51.852,52.2476,51.7753,51.872,18870420
3334,2017-11-14,51.6986,51.9268,51.2806,51.8939,21083754
3335,2017-11-15,51.5631,51.7937,51.3518,51.6333,18153610
3336,2017-11-16,51.75,52.398,51.7125,52.2341,22834899
3337,2017-11-17,52.3004,52.3602,51.4998,51.5965,26784606
3338,2017-11-20,51.6128,51.7475,51.4475,51.5461,17587787
3339,2017-11-21,51.8142,52.3298,51.7693,52.3253,21695825
3340,2017-11-22,52.3681,52.5808,52.1734,52.406,14581287
3341,2017-11-24,52.5291,52.812,52.406,52.6352,16567220
3342,2017-11-27,52.7373,53.4582,52.548,53.4069,35552957
3343,2017-11-28,53.5055,53.8049,52.5366,52.9725,36537614
3344,2017-11-29,52.6183,52.7472,51.2966,51.6816,56010951
3345,2017-11-30,51.8092,52.0185,51.3175,51.6213,44832374
3346,2017-12-01,51.3344,51.6752,50.6613,51.0684,37478894
3347,2017-12-04,51.2044,51.3807,50.2788,50.4107,38905988
3348,2017-12-05,50.367,51.6468,49.935,50.7959,39120925
3349,2017-12-06,50.6424,51.7912,50.5821,51.4495,27713561
3350,2017-12-07,51.6163,52.2566,51.5811,52.0399,30953624
3351,2017-12-08,52.4005,52.6302,52.1042,52.2794,29948393
3352,2017-12-11,52.3657,52.6093,52.0175,52.414,23324066
3353,2017-12-12,52.3103,52.9331,52.0547,52.2491,33978731
3354,2017-12-13,52.414,52.5833,52.1399,52.3796,27779058
3355,2017-12-14,52.5838,53.1613,52.4897,52.6825,31023497
3356,2017-12-15,52.9969,53.5683,52.813,53.4065,63929393
3357,2017-12-18,53.6281,54.1283,53.3252,54.0585,30363212
3358,2017-12-19,53.9554,54.0531,53.4198,53.7696,25925924
3359,2017-12-20,53.8508,53.8667,53.237,53.4841,28818613
3360,2017-12-21,53.5753,53.6814,53.2569,53.3491,25043417
3361,2017-12-22,53.3068,53.3925,53.1891,53.25,17770045
3362,2017-12-26,53.239,53.25,52.7408,53.1,18431675
3363,2017-12-27,53.1374,53.2206,52.7279,52.8185,22398764
3364,2017-12-28,52.9206,53.0497,52.4788,52.6068,19950963
3365,2017-12-29,52.5838,52.7115,52.4449,52.4798,23677101
3366,2018-01-02,52.4608,53.6047,52.4608,53.4782,31868649
3367,2018-01-03,53.5025,54.6071,53.4777,54.3789,31419286
3368,2018-01-04,54.6564,55.0046,54.5154,54.6021,26144393
3369,2018-01-05,54.9733,55.4779,54.891,55.314,30348217
3370,2018-01-08,55.3494,55.7559,55.2995,55.5093,24716195
3371,2018-01-09,55.72,55.72,55.2099,55.4386,26898517
3372,2018-01-10,55.15,55.4381,54.9996,55.3065,20802438
3373,2018-01-11,55.4146,55.5411,55.1242,55.4017,22495393
3374,2018-01-12,55.3045,56.3607,55.2004,56.3283,38679831
3375,2018-01-16,56.8095,57.2365,56.1295,56.3308,36192045
3376,2018-01-17,56.6128,56.7602,55.9716,56.7493,27884980
3377,2018-01-18,56.7617,56.8235,56.0204,56.5933,27540396
3378,2018-01-19,56.696,56.9824,56.4204,56.9685,29394774
3379,2018-01-22,56.9844,58.1333,56.8848,57.9978,29635021
3380,2018-01-23,58.3196,58.7126,58.1517,58.5961,39106854
3381,2018-01-24,59.035,59.1381,58.1591,58.353,37051490
3382,2018-01-25,58.8223,59.036,58.3803,58.8935,29841447
3383,2018-01-26,59.162,59.1635,58.1905,59.1635,42174936
3384,2018-01-29,59.1855,59.6836,58.9891,59.1098,31522579
3385,2018-01-30,58.6734,59.182,58.5134,58.6559,36472980
3386,2018-01-31,58.9767,59.1018,58.3933,58.8975,35959746
3387,2018-02-01,58.5872,59.158,58.2568,58.8661,73089459
3388,2018-02-02,56.1674,56.3607,55.3579,55.7578,117107613
3389,2018-02-05,54.8318,55.5481,52.6462,52.9521,83348535
3390,2018-02-06,51.5123,54.1724,51.3145,54.0256,76908273
3391,2018-02-07,54.0526,54.1303,52.5405,52.5798,51928385
3392,2018-02-08,52.8021,53.0044,50.0745,50.2035,66852331
3393,2018-02-09,51.1087,52.3961,49.67,52.1246,98625496
3394,2018-02-12,52.6427,53.0861,52.0857,52.5759,56303729
3395,2018-02-13,52.3103,52.8694,52.1569,52.5201,31634805
3396,2018-02-14,52.5256,53.5793,52.3004,53.4413,41433819
3397,2018-02-15,53.9768,54.5074,53.1688,54.3709,37315042
3398,2018-02-16,54.4715,55.2153,54.3804,54.5772,40007547
3399,2018-02-20,54.4407,55.6129,54.3032,54.9802,33863615
3400,2018-02-21,55.2547,56.6048,55.1755,55.4864,41589160
3401,2018-02-22,55.7563,56.0697,55.058,55.2945,28076954
3402,2018-02-23,55.731,56.2461,55.2218,56.2007,25353256
3403,2018-02-26,56.3886,56.9934,56.2631,56.9784,30174891
3404,2018-02-27,56.9784,57.0059,55.6378,55.6736,43118925
3405,2018-02-28,55.8973,56.1789,54.9508,54.9966,49471069
3406,2018-03-01,55.2766,55.3629,53.1718,53.377,55537722
3407,2018-03-02,52.708,54.1482,52.3158,54.0112,50344745
3408,2018-03-05,53.7117,54.8601,53.4198,54.5402,28751229
3409,2018-03-06,54.906,55.0818,54.5274,54.8461,23466119
3410,2018-03-07,54.4437,55.6084,54.2987,55.5506,30860046
3411,2018-03-08,55.6583,56.3676,55.6583,56.2651,33985415
3412,2018-03-09,56.7692,57.8404,56.5096,57.8324,42816393
3413,2018-03-12,58.0421,58.6952,57.7507,58.0859,44466694
3414,2018-03-13,58.3798,58.6872,56.5236,56.7897,43296366
3415,2018-03-14,57.0831,57.7785,56.9112,57.237,42021421
3416,2018-03-15,57.2709,57.9151,56.5779,57.3226,33502892
3417,2018-03-16,57.5588,57.6316,56.3637,56.5161,58867810
3418,2018-03-19,55.6861,55.7663,54.2493,54.8048,63886679
3419,2018-03-20,54.7216,55.0778,53.9256,54.5921,54795060
3420,2018-03-21,54.4312,55.2347,54.1641,54.5024,45060057
3421,2018-03-22,53.8054,54.0003,52.2924,52.4673,69563423
3422,2018-03-23,52.3786,53.1464,51.0585,51.1422,50060237
3423,2018-03-26,52.3403,52.7722,50.3465,52.5141,66222215
3424,2018-03-27,53.0029,53.0347,49.7008,50.1652,61036644
3425,2018-03-28,49.9146,51.0644,49.0223,50.0775,77980526
3426,2018-03-29,50.3779,52.2132,50.0206,51.6698,69588875
3427,2018-04-02,51.1954,51.7887,49.5329,50.4487,65303617
3428,2018-04-03,50.624,51.0649,49.6822,50.75,51508970
3429,2018-04-04,49.7312,51.4504,49.6455,51.2995,50907839
3430,2018-04-05,52.1305,52.1464,51.015,51.4455,35965126
3431,2018-04-06,50.9703,51.6128,50.1307,50.3151,40279148
3432,2018-04-09,50.8178,52.0409,50.7759,50.8203,33340666
3433,2018-04-10,51.3269,51.8725,50.5871,51.6378,36866722
3434,2018-04-11,51.0679,51.6064,50.7914,51.0679,33118604
3435,2018-04-12,51.3872,52.0439,51.1172,51.6771,33015130
3436,2018-04-13,52.1554,52.4588,51.3215,51.6148,25501330
3437,2018-04-16,52.0887,52.3816,51.5093,52.1161,29884382
3438,2018-04-17,52.8684,54.0541,52.6635,53.7731,54781812
3439,2018-04-18,53.7557,53.9046,53.3326,53.5753,31238794
3440,2018-04-19,53.2579,54.6773,53.2579,54.2758,40029526
3441,2018-04-20,54.0176,54.5397,53.4113,53.6714,42587666
3442,2018-04-23,53.9534,54.2035,53.1414,53.4965,69842190
3443,2018-04-24,52.7687,53.0322,50.4601,50.9473,128685573
3444,2018-04-25,51.3015,51.6163,50.6668,50.9648,58070691
3445,2018-04-26,51.4744,52.411,50.8382,51.977,51111254
3446,2018-04-27,52.0882,52.3951,51.1939,51.3862,40892965
3447,2018-04-30,50.745,51.731,50.7311,50.745,34617679
3448,2018-05-01,50.6314,51.8984,50.348,51.8495,35453177
3449,2018-05-02,51.5133,52.0105,50.9733,51.1172,34823221
3450,2018-05-03,51.0833,51.3484,50.2125,51.1297,39423718
3451,2018-05-04,50.7964,52.404,50.7186,52.3602,37025737
3452,2018-05-07,52.5041,53.0577,52.3238,52.7817,34524121
3453,2018-05-08,53.0387,53.0691,52.3921,52.7383,26124843
3454,2018-05-09,53.0128,54.5024,52.9137,54.2508,47330538
3455,2018-05-10,54.5522,55.2702,54.4964,55.0738,36545522
3456,2018-05-11,54.8218,55.2502,54.6629,54.9698,30614941
3457,2018-05-14,55.0788,55.7056,55.0405,55.1302,39480463
3458,2018-05-15,54.6469,54.7575,53.7442,54.0476,35868075
3459,2018-05-16,54.0585,54.5214,53.8861,54.0088,25721024
3460,2018-05-17,53.8777,54.353,53.6266,53.8677,25831443
3461,2018-05-18,53.1074,53.4926,53.0417,53.2888,35611609
3462,2018-05-21,53.7552,54.4675,53.7054,54.0048,25271259
3463,2018-05-22,54.2932,54.3928,53.4193,53.5713,22306551
3464,2018-05-23,53.3068,54.2035,53.1553,54.1019,23826019
3465,2018-05-24,54.1487,54.1596,53.4213,54.0765,20678571
3466,2018-05-25,54.1313,54.2817,53.9344,54.0083,22303781
3467,2018-05-29,53.6057,53.8717,52.962,53.2106,36206879
3468,2018-05-30,53.4802,53.7547,53.1349,53.6789,28789628
3469,2018-05-31,53.9046,55.2995,53.7054,54.8013,79654954
3470,2018-06-01,55.4425,56.7025,55.3997,56.545,63431113
3471,2018-06-04,56.7193,57.6839,56.6446,57.4438,44916257
3472,2018-06-05,57.5245,57.8453,57.1658,57.3431,33083939
3473,2018-06-06,57.4303,57.527,56.6108,57.1404,35061020
3474,2018-06-07,57.0222,57.0866,56.1027,56.5161,36238654
3475,2018-06-08,56.3562,56.7333,55.9587,56.4309,27383429
3476,2018-06-11,56.4424,57.1797,56.3656,56.839,24885285
3477,2018-06-12,56.845,57.2301,56.845,57.2021,26186827
3478,2018-06-13,57.4059,57.5733,56.9625,57.0049,34425826
3479,2018-06-14,57.4024,58.0889,57.3221,57.796,35550809
3480,2018-06-15,57.7865,57.9853,57.4761,57.7542,44598911
3481,2018-06-18,57.4263,58.9926,57.3421,58.9653,33158027
3482,2018-06-19,58.2942,58.9269,57.8707,58.7216,47453943
3483,2018-06-20,58.9513,59.8575,58.888,58.9896,51872564
3484,2018-06-21,59.0613,59.3015,57.9639,58.2608,45128544
3485,2018-06-22,58.3634,58.5377,57.773,58.2533,34344111
3486,2018-06-25,57.5415,57.5907,55.7928,56.7583,57891725
3487,2018-06-26,57.0004,57.1364,56.2461,56.4264,34814028
3488,2018-06-27,56.5948,57.1035,55.6333,55.6453,34662521
3489,2018-06-28,55.4186,56.4952,55.1037,56.1355,29841286
3490,2018-06-29,56.411,56.8619,56.1475,56.2556,31676736
3491,2018-07-02,55.5661,56.9431,55.1302,56.8992,23304977
3492,2018-07-03,57.2634,57.2878,55.5202,55.6124,16507505
3493,2018-07-05,56.0269,57.0004,55.9532,56.8584,28697856
3494,2018-07-06,56.8823,57.6012,56.6566,57.5454,21898437
3495,2018-07-09,57.7905,58.1856,57.6525,58.1532,21662264
3496,2018-07-10,58.2882,58.463,57.9181,58.1463,21411418
3497,2018-07-11,57.5723,58.8088,57.5598,58.3615,33373204
3498,2018-07-12,58.5308,59.8824,58.4432,59.846,44308663
3499,2018-07-13,59.9228,60.3034,59.5487,60.0035,32755452
3500,2018-07-16,59.9731,60.2172,59.4545,59.6094,26881837
3501,2018-07-17,58.9234,60.7178,58.8865,60.4349,40308253
3502,2018-07-18,60.2082,60.8589,60.0105,60.4264,39089130
3503,2018-07-19,60.1145,60.6043,59.6701,59.7384,38476818
3504,2018-07-20,59.7454,60.3199,59.6134,59.6776,38105156
3505,2018-07-23,59.5671,60.5356,59.3852,60.3314,65683328
3506,2018-07-24,63.3204,63.5197,61.9824,62.6803,107990703
3507,2018-07-25,62.4048,63.6811,62.2269,63.5666,51695464
3508,2018-07-26,63.1301,64.1375,62.9219,64.0428,54884282
3509,2018-07-27,64.2232,64.3388,62.0002,62.4183,48537116
3510,2018-07-30,62.0276,62.4183,60.9874,61.2799,44055870
3511,2018-07-31,61.3631,61.8364,60.5899,61.1394,39524984
3512,2018-08-01,61.7318,62.07,61.0258,61.4268,37128909
3513,2018-08-02,60.705,61.9957,60.6831,61.8324,34829404
3514,2018-08-03,62.0341,62.1008,61.2489,61.6844,21341967
3515,2018-08-06,61.8562,61.8987,61.3043,61.66,22198501
3516,2018-08-07,62.3743,63.0753,62.3639,62.5652,42659205
3517,2018-08-08,62.609,63.3563,62.3798,62.8387,34497886
3518,2018-08-09,62.9084,63.3683,62.7775,62.9946,27425420
3519,2018-08-10,62.7316,62.8322,62.1328,62.3993,26784485
3520,2018-08-13,62.3341,63.0698,62.1263,62.2065,27717756
3521,2018-08-14,62.3988,62.8018,61.7531,62.6798,28181612
3522,2018-08-15,61.9893,62.3728,61.091,61.3884,37185474
3523,2018-08-16,61.8752,61.9604,60.7613,60.9819,32292621
3524,2018-08-17,60.8813,61.1259,59.9826,60.5729,33212543
3525,2018-08-20,60.8125,61.0741,60.2167,60.8768,22304022
3526,2018-08-21,60.9302,61.4153,60.5321,60.6506,23165534
3527,2018-08-22,60.4917,61.105,60.4419,60.8668,22377467
3528,2018-08-23,60.7737,61.5355,60.7473,60.8375,24756360
3529,2018-08-24,61.0786,61.6465,60.8505,61.6141,24541704
3530,2018-08-27,61.9824,62.6663,61.81,62.5867,28683444
3531,2018-08-28,62.5682,62.6011,61.924,62.068,27429395
3532,2018-08-29,62.5233,63.1296,62.4138,63.0041,37066183
3533,2018-08-30,62.9419,63.2452,62.1353,62.4955,30213511
3534,2018-08-31,62.3843,62.4013,61.0661,61.3676,42461852
3535,2018-09-04,60.9052,61.1717,60.11,60.3467,41607667
3536,2018-09-05,60.2427,60.5241,58.5547,59.7384,54183591
3537,2018-09-06,59.7121,59.7329,57.9704,58.9856,47024292
3538,2018-09-07,58.3883,59.2128,58.2523,58.6669,32782209
3539,2018-09-10,58.9961,59.1187,58.3191,58.5407,27779098
3540,2018-09-11,58.3435,59.3319,58.0869,59.2846,29359807
3541,2018-09-12,58.8865,59.3194,58.0974,58.3684,35846136
3542,2018-09-13,58.7719,59.1785,58.2498,58.8935,40213611
3543,2018-09-14,59.1855,59.1855,58.464,58.6862,24262978
3544,2018-09-17,58.6759,58.8776,57.7138,57.782,34219400
3545,2018-09-18,57.9231,58.8532,57.8617,58.1448,32431161
3546,2018-09-19,58.2369,58.601,57.7217,58.5015,26055793
3547,2018-09-20,58.8203,59.4844,58.6001,59.3633,29355130
3548,2018-09-21,59.5302,59.6129,58.3913,58.3943,91553070
3549,2018-09-24,57.7611,59.0455,57.3671,58.765,31262500
3550,2018-09-25,58.9986,59.6269,58.4925,59.4789,33276374
3551,2018-09-26,59.4689,60.144,59.0559,59.4874,37786966
3552,2018-09-27,59.7833,60.6232,59.6861,60.15,36404533
3553,2018-09-28,59.9871,60.2042,59.6751,60.136,35744288
3554,2018-10-01,60.4309,60.9889,59.9422,60.2082,33307587
3555,2018-10-02,60.1155,61.0049,59.7663,60.1639,40324773
3556,2018-10-03,60.3811,60.4897,59.8904,60.3577,26348892
3557,2018-10-04,60.0338,60.0772,57.9823,58.6409,46744401
3558,2018-10-05,58.5877,58.8865,57.5075,58.1806,31975736
3559,2018-10-08,57.7905,58.5807,56.565,57.5872,46358226
3560,2018-10-09,57.3576,57.8677,57.0019,57.0517,33816706
3561,2018-10-10,56.6148,56.6456,54.3784,54.4107,59193928
3562,2018-10-11,53.7571,55.6014,53.6002,54.34,67940903
3563,2018-10-12,55.7798,56.0882,54.5537,55.8246,49557401
3564,2018-10-15,55.6981,55.8874,54.7127,54.9229,30188159
3565,2018-10-16,55.4729,56.6133,55.3867,56.4494,38516702
3566,2018-10-17,56.7941,57.1429,55.4988,56.1759,35781523
3567,2018-10-18,56.2959,56.413,54.1208,54.6972,46319225
3568,2018-10-19,54.9862,55.845,54.6534,55.0595,41435445
3569,2018-10-22,55.4246,55.882,54.8013,55.3677,27215141
3570,2018-10-23,54.3674,55.6981,53.7557,55.5441,37821712
3571,2018-10-24,55.5486,55.6293,52.5625,52.665,49464566
3572,2018-10-25,53.8199,55.6891,53.5832,54.9802,73220753
3573,2018-10-26,52.2271,55.6483,51.9233,53.9918,106823507
3574,2018-10-29,54.6289,55.2412,50.1781,51.5496,81583720
3575,2018-10-30,50.8163,52.3552,50.5154,52.2859,59985026
3576,2018-10-31,53.2171,55.1999,53.2171,54.332,71173499
3577,2018-11-01,54.3729,54.7964,53.6964,54.1029,40276980
3578,2018-11-02,54.2533,54.7017,53.1901,53.381,43601789
3579,2018-11-05,53.4328,53.4737,51.5133,52.5958,45521825
3580,2018-11-06,52.5605,53.7959,52.4902,53.2853,28764156
3581,2018-11-07,53.9788,55.296,53.8344,55.2119,43545125
3582,2018-11-08,55.165,55.2109,54.0221,54.5339,33826039
3583,2018-11-09,54.0053,54.221,53.0208,53.6565,34992352
3584,2018-11-12,53.4627,53.511,51.8296,52.2785,34125080
3585,2018-11-13,52.55,53.1409,51.8321,52.2092,25842844
3586,2018-11-14,52.8085,53.097,51.8675,52.5386,34791707
3587,2018-11-15,52.3831,53.7487,51.8764,53.359,41733822
3588,2018-11-16,53.0691,53.4283,52.5545,53.2206,35494365
3589,2018-11-19,52.9774,53.2071,50.9588,51.1854,45849428
3590,2018-11-20,50.1826,51.6801,49.9296,51.3364,54656098
3591,2018-11-21,52.0767,52.545,51.7853,51.983,29811117
3592,2018-11-23,51.4884,51.9616,51.2402,51.319,14228573
3593,2018-11-26,52.0115,52.659,51.8007,52.6063,31673223
3594,2018-11-27,52.3771,53.1454,52.0862,52.424,33168464
3595,2018-11-28,52.682,54.4457,51.9592,54.3923,46209328
3596,2018-11-29,53.9808,54.8088,53.9046,54.5314,31122876
3597,2018-11-30,54.5836,55.2821,53.9634,55.2821,59883098
3598,2018-12-03,56.4036,56.545,55.3857,55.6164,57737528
3599,2018-12-04,55.4485,55.5108,52.8474,52.9316,45795112
3600,2018-12-06,52.0612,53.7761,51.9357,53.7092,47608462
3601,2018-12-07,53.4178,54.0555,51.7808,52.1399,42836947
3602,2018-12-10,51.9587,52.7887,51.4634,52.4688,33774915
3603,2018-12-11,53.1543,53.3267,52.3153,52.8907,33974235
3604,2018-12-12,53.6595,54.3893,53.405,53.4926,29064440
3605,2018-12-13,53.5892,54.2245,53.0572,53.4831,25078644
3606,2018-12-14,52.8095,53.3925,52.279,52.3956,36490784
3607,2018-12-17,52.1614,52.9271,50.6479,51.0972,50112024
3608,2018-12-18,51.5133,52.7932,51.3379,51.982,43798580
3609,2018-12-19,52.1754,53.5912,50.7874,51.586,58475955
3610,2018-12-20,51.1147,52.1829,50.211,50.9942,53867971
3611,2018-12-21,51.4156,51.6961,48.8824,49.3835,105029166
3612,2018-12-24,49.0383,50.4232,48.7065,49.0557,36490905
3613,2018-12-26,49.7192,52.2331,49.4529,52.2032,46485144
3614,2018-12-27,51.1247,52.4768,50.1682,52.4548,46162860
3615,2018-12-28,52.7837,53.0193,51.9118,52.1449,34491623
3616,2018-12-31,52.7005,52.9575,51.4654,52.0592,33230107
3617,2019-01-02,51.1745,52.8479,51.0788,52.5435,31983424
3618,2019-01-03,52.3438,53.1204,50.9338,51.0882,42111246
3619,2019-01-04,51.9397,53.8049,51.6558,53.7087,46195418
3620,2019-01-07,53.8533,53.9394,52.9401,53.6017,47625363
3621,2019-01-08,54.1039,54.47,53.2246,54.0725,35541455
3622,2019-01-09,54.203,54.3849,53.5245,53.8871,27096111
3623,2019-01-10,53.5529,53.7954,53.0417,53.7467,26693637
3624,2019-01-11,53.3018,53.4747,52.6307,53.0312,30976647
3625,2019-01-14,52.4768,52.7313,52.2381,52.3856,28592998
3626,2019-01-15,52.7095,54.217,52.5316,54.1293,37653043
3627,2019-01-16,54.3032,54.9189,54.204,54.2787,38419591
3628,2019-01-17,54.203,54.8363,53.9673,54.7575,24986270
3629,2019-01-18,55.2293,55.6981,54.7654,55.165,45054115
3630,2019-01-22,54.6021,54.7501,53.3511,53.7367,39775549
3631,2019-01-23,54.1467,54.4502,53.1856,54.0246,25286093
3632,2019-01-24,53.9301,54.2035,53.3078,54.0043,29224519
3633,2019-01-25,54.5139,54.9688,54.3928,54.8766,23360136
3634,2019-01-28,54.3067,54.471,53.5364,53.7979,29440619
3635,2019-01-29,53.8568,54.0406,53.1084,53.3098,19776392
3636,2019-01-30,53.6734,54.7774,53.6375,54.7012,29559709
3637,2019-01-31,55.4111,56.1799,55.0628,56.0912,40377283
3638,2019-02-01,55.9118,56.5151,55.5113,55.729,33236309
3639,2019-02-04,55.7484,56.9107,55.6736,56.8649,78696070
3640,2019-02-05,56.2774,57.4303,55.977,57.3855,82594130
3641,2019-02-06,57.2559,57.4916,55.716,55.9417,48431334
3642,2019-02-07,55.3902,55.3987,54.482,55.0958,38436372
3643,2019-02-08,54.5462,55.0555,54.5144,54.9199,21845445
3644,2019-02-11,54.9881,55.4704,54.8013,54.907,18564675
3645,2019-02-12,55.3499,56.4384,55.3499,56.1754,35162426
3646,2019-02-13,56.4474,56.9361,56.0967,56.2277,28143394
3647,2019-02-14,56.0468,56.6013,55.6528,56.2561,21182451
3648,2019-02-15,56.7593,56.7593,55.6343,55.7793,27927835
3649,2019-02-19,55.6303,56.2779,55.6303,56.122,22064878
3650,2019-02-20,56.2401,56.3423,55.3867,55.8271,24177991
3651,2019-02-21,55.737,55.7554,54.7007,55.0111,33400241
3652,2019-02-22,55.2846,55.6608,54.8263,55.6263,29542367
3653,2019-02-25,55.8938,56.0667,55.5043,55.6648,26302243
3654,2019-02-26,55.5172,56.1185,55.1352,55.8978,35152189
3655,2019-02-27,55.4993,56.0832,55.2278,55.9417,22177726
3656,2019-02-28,55.7479,56.4947,55.7185,56.124,27526526
3657,2019-03-01,56.3457,57.2923,56.3457,57.2186,34208722
3658,2019-03-04,57.5195,58.0656,56.707,57.4627,35617992
3659,2019-03-05,57.5912,58.612,57.4428,58.2483,40239806
3660,2019-03-06,58.3763,58.5249,57.9424,58.0366,23686596
3661,2019-03-07,57.8154,57.9689,56.8798,57.3346,30195626
3662,2019-03-08,56.4903,57.4642,56.3059,57.2908,23780535
3663,2019-03-11,57.392,58.7824,57.3705,58.7501,30141531
3664,2019-03-12,58.9015,60.0678,58.9015,59.6463,42372630
3665,2019-03-13,60.0787,60.138,59.6791,59.7364,25980923
3666,2019-03-14,59.7344,60.0174,59.3464,59.4111,27400410
3667,2019-03-15,59.6836,59.8695,59.1361,59.3,52054782
3668,2019-03-18,59.2697,59.5317,58.8606,59.2128,24532672
3669,2019-03-19,59.3708,59.9532,59.2582,59.9058,29896125
3670,2019-03-20,59.853,61.2774,59.7628,61.1,41659313
3671,2019-03-21,60.7797,61.5987,60.6093,61.5832,28251645
3672,2019-03-22,61.2206,61.4588,60.0822,60.1644,34547445
3673,2019-03-25,59.7613,60.2536,59.2851,59.6528,27676949
3674,2019-03-26,60.0418,60.1644,58.8746,59.2772,30863599
3675,2019-03-27,59.3807,59.3807,58.0012,58.6877,29534719
3676,2019-03-28,58.5627,58.6499,57.9614,58.4018,22483651
3677,2019-03-29,58.7959,58.9846,58.1083,58.6319,31004287
3678,2019-04-01,59.1625,59.7933,59.1038,59.7324,27812358
3679,2019-04-02,59.7858,60.0728,59.3469,60.0593,18354556
3680,2019-04-03,60.416,60.8095,60.0363,60.3219,22272729
3681,2019-04-04,60.3457,60.807,60.2337,60.7523,21097986
3682,2019-04-05,60.7448,60.799,60.2829,60.3537,20093457
3683,2019-04-08,60.3368,60.4783,60.0174,60.1957,21830612
3684,2019-04-09,59.8775,60.1395,59.7026,59.9173,19748130
3685,2019-04-10,60.0368,60.2287,59.8161,60.1046,15565342
3686,2019-04-11,60.2267,60.418,60.0095,60.261,17060562
3687,2019-04-12,60.5614,60.9317,60.4454,60.9157,24400334
3688,2019-04-15,60.9834,61.2429,60.5087,61.105,23885755
3689,2019-04-16,61.2779,61.5758,61.0308,61.3731,22703986
3690,2019-04-17,61.6266,62.0301,61.4223,61.783,30475798
3691,2019-04-18,62.0251,62.072,61.7467,61.8492,24845502
3692,2019-04-22,61.6102,62.4905,61.4458,62.4615,19157577
3693,2019-04-23,62.6051,63.4914,62.3728,63.3001,31984508
3694,2019-04-24,63.3001,63.47,62.763,62.775,23480752
3695,2019-04-25,63.2856,63.4101,62.6728,63.1381,31456842
3696,2019-04-26,63.439,63.7146,63.0216,63.6404,27327085
3697,2019-04-29,63.7943,64.6148,63.3558,64.5759,72629578
3698,2019-04-30,59.3165,59.8321,58.9364,59.7314,133659880
3699,2019-05-01,59.6587,59.7459,58.3724,58.454,74609851
3700,2019-05-02,58.4182,58.756,57.7073,58.1148,45261284
3701,2019-05-03,58.6579,59.3548,58.4655,59.2627,41738278
3702,2019-05-06,58.3883,59.5556,58.3465,59.4575,31888862
3703,2019-05-07,59.0763,59.5227,58.0396,58.7301,36737455
3704,2019-05-08,58.6519,58.9996,58.1706,58.3276,25612954
3705,2019-05-09,57.9201,58.4915,57.5235,58.1876,29662180
3706,2019-05-10,58.2309,58.6015,57.1114,58.1711,31763931
3707,2019-05-13,57.0552,57.3905,56.0717,56.6243,45799146
3708,2019-05-14,56.9097,57.0367,55.9736,56.0399,40537421
3709,2019-05-15,55.9248,58.7022,55.8675,58.3286,59517316
3710,2019-05-16,58.3803,59.4924,58.2115,59.0111,35435754
3711,2019-05-17,58.5792,59.1003,58.1103,58.2279,25452936
3712,2019-05-20,57.4418,57.4418,56.7015,57.0262,30713457
3713,2019-05-21,57.5155,57.6909,56.959,57.5135,20639510
3714,2019-05-22,57.3546,57.9789,57.3421,57.5837,18893824
3715,2019-05-23,57.0965,57.2948,56.4533,57.0601,25304540
3716,2019-05-24,57.392,57.5095,56.6302,56.7248,18620276
3717,2019-05-28,56.8679,57.6157,56.7278,56.7722,21027029
3718,2019-05-29,56.4304,56.545,55.3967,55.7948,36361538
3719,2019-05-30,55.8052,56.1365,55.5934,55.868,18153952
3720,2019-05-31,55.0823,55.4689,54.9683,55.1252,31704135
3721,2019-06-03,53.1538,53.1573,51.166,51.7495,97240834
3722,2019-06-04,52.0359,52.7308,51.6143,52.5341,60730639
3723,2019-06-05,52.5595,52.6497,51.4634,52.0434,47159058
3724,2019-06-06,52.1216,52.3103,51.5885,52.1988,29125722
3725,2019-06-07,52.5236,53.4777,52.3676,53.2256,43986017
3726,2019-06-10,53.6555,54.5442,53.5698,53.9424,28612629
3727,2019-06-11,54.6514,55.0011,53.7835,53.8568,33637840
3728,2019-06-12,53.8024,53.9306,53.2868,53.7601,23758817
3729,2019-06-13,54.0396,54.6314,53.933,54.3535,20888670
3730,2019-06-14,54.2902,54.5402,53.8787,54.1188,24675207
3731,2019-06-17,54.2583,54.8651,54.2035,54.4969,19841487
3732,2019-06-18,55.3742,55.737,54.8406,55.0624,34651401
3733,2019-06-19,55.162,55.2712,54.6036,55.026,26817163
3734,2019-06-20,55.8825,55.9332,55.15,55.4589,24105228
3735,2019-06-21,55.2925,56.125,55.2856,56.0652,50961513
3736,2019-06-24,55.7978,55.9755,55.4644,55.6333,24325724
3737,2019-06-25,55.5526,55.5835,54.0341,54.1826,31759053
3738,2019-06-26,54.353,54.5582,53.4906,53.8209,34823241
3739,2019-06-27,54.1413,54.227,53.5982,53.637,24165566
3740,2019-06-28,53.667,53.9444,53.4961,53.9444,33793422
3741,2019-07-01,54.8531,55.2293,54.5687,54.8013,29395155
3742,2019-07-02,55.042,55.4435,54.7849,55.4291,20713196
3743,2019-07-03,55.723,56.1957,55.5411,55.9467,20227421
3744,2019-07-05,55.7663,56.5276,55.6731,56.4289,29901564
3745,2019-07-08,56.0902,56.1569,55.3872,55.6378,29995764
3746,2019-07-09,55.3155,56.1894,55.1575,56.0115,29579280
3747,2019-07-10,56.4115,56.9107,56.3288,56.8395,30822250
3748,2019-07-11,57.101,57.4538,56.7707,56.9974,26104870
3749,2019-07-12,56.9401,57.1678,56.7223,57.0601,21957972
3750,2019-07-15,57.0601,57.3261,56.7941,57.3178,21245358
3751,2019-07-16,57.1294,57.7197,57.1294,57.4647,25444726
3752,2019-07-17,57.3381,57.7128,57.1239,57.1299,19608706
3753,2019-07-18,56.8937,57.2011,56.4384,57.1548,25567730
3754,2019-07-19,57.2584,57.371,56.3582,56.3731,23267100
3755,2019-07-22,56.5684,56.7951,56.0573,56.7548,29040032
3756,2019-07-23,56.966,57.2355,56.4379,57.1952,20723613
3757,2019-07-24,56.4264,57.0661,56.2217,56.7807,27297719
3758,2019-07-25,56.7418,56.9729,55.9825,56.5918,54961300
3759,2019-07-26,61.1782,63.1905,61.1782,62.0361,121655319
3760,2019-07-29,61.9007,62.2244,61.2879,61.8677,41532555
3761,2019-07-30,61.1284,61.6221,61.0447,61.1782,28719234
3762,2019-07-31,61.0223,61.5225,60.1907,60.69,40104838
3763,2019-08-01,60.6616,61.5917,60.132,60.3701,35553840
3764,2019-08-02,59.9327,60.2566,59.2851,59.5999,35035548
3765,2019-08-05,58.4367,58.6314,56.9312,57.529,48012862
3766,2019-08-06,58.0656,58.8566,57.8667,58.3425,36144694
3767,2019-08-07,57.6809,58.7804,57.3341,58.5832,30798183
3768,2019-08-08,59.1073,60.0962,58.488,60.0917,30226137
3769,2019-08-09,59.7833,60.0055,59.0305,59.2303,20492920
3770,2019-08-12,58.7869,59.0663,58.2249,58.5129,22144847
3771,2019-08-13,58.5054,60.0538,58.4382,59.6204,28708495
3772,2019-08-14,58.5912,58.9259,57.8438,58.0022,35558457
3773,2019-08-15,58.0047,58.6085,57.9399,58.2548,28718029
3774,2019-08-16,58.8263,58.9781,58.4382,58.7476,25395468
3775,2019-08-19,59.3763,60.2511,59.305,59.8052,24545739
3776,2019-08-20,59.5516,59.6836,58.9389,58.9628,20284588
3777,2019-08-21,59.5751,59.8112,59.1815,59.3638,14216791
3778,2019-08-22,59.4744,59.7226,58.7326,59.3608,17421225
3779,2019-08-23,59.0445,59.5676,57.2923,57.4707,36394276
3780,2019-08-26,57.7631,58.3813,57.534,58.3475,21255294
3781,2019-08-27,58.9364,59.036,58.0176,58.3296,23554860
3782,2019-08-28,58.0331,58.7121,57.803,58.4755,16877541
3783,2019-08-29,59.1068,59.7429,59.05,59.4963,19713164
3784,2019-08-30,59.8008,59.8008,59.0718,59.3115,18132996
3785,2019-09-03,58.8791,59.2392,57.9759,58.2663,26016291
3786,2019-09-04,58.7595,59.03,58.3649,58.9,21390582
3787,2019-09-05,59.4674,60.4808,59.4191,60.3906,26508870
3788,2019-09-06,60.2387,60.4284,59.9457,60.0982,19040373
3789,2019-09-09,60.0653,60.807,59.443,60.0458,31974652
3790,2019-09-10,59.5884,60.2814,59.5844,60.0673,28022758
3791,2019-09-11,59.9771,60.9027,59.8969,60.7797,23606587
3792,2019-09-12,60.9525,61.8967,60.9072,61.5255,31759314
3793,2019-09-13,61.3831,61.8284,61.1324,61.7775,23761065
3794,2019-09-16,61.2998,61.7273,61.0382,61.3591,28319891
3795,2019-09-17,61.3591,61.527,60.9466,61.2719,21019944
3796,2019-09-18,61.2899,61.5887,60.6038,61.4098,17920488
3797,2019-09-19,61.3934,61.9923,61.3929,61.7138,17001449
3798,2019-09-20,61.4593,61.9155,60.958,61.2699,38895350
3799,2019-09-23,61.107,61.7601,60.968,61.5115,24028169
3800,2019-09-24,61.776,62.1303,60.3134,60.6965,36847332
3801,2019-09-25,60.5809,62.1756,60.2417,62.072,27201491
3802,2019-09-26,61.8827,62.0087,61.3686,61.8902,23516481
3803,2019-09-27,61.917,62.0246,60.5405,61.0761,34574503
3804,2019-09-30,60.8095,61.1488,60.4518,60.8365,25986041
3805,2019-10-01,60.9037,61.4203,60.0598,60.0822,25747700
3806,2019-10-02,59.6089,59.7216,58.4197,58.6832,33616904
3807,2019-10-03,58.9533,59.3349,57.9469,59.2567,29494795
3808,2019-10-04,59.4988,60.4041,59.3334,60.3294,24662802
3809,2019-10-07,60.1575,60.7253,60.0005,60.1942,17644130
3810,2019-10-08,59.7221,60.1255,59.2592,59.2915,20723372
3811,2019-10-09,59.8495,60.2047,59.6896,59.9028,16323279
3812,2019-10-10,59.7136,60.5614,59.6766,60.2551,13413329
3813,2019-10-11,60.9804,61.2156,60.4628,60.5659,22610710
3814,2019-10-14,60.4753,61.0726,60.3751,60.6686,13728106
3815,2019-10-15,60.8545,62.1313,60.8255,61.8877,30655046
3816,2019-10-16,61.8662,62.483,61.7028,61.9255,23104011
3817,2019-10-17,62.344,62.9593,62.2678,62.4138,21356760
3818,2019-10-18,62.508,62.6783,61.783,61.9957,31761121
3819,2019-10-21,62.2095,62.449,61.7755,61.9893,20676383
3820,2019-10-22,61.9992,62.211,61.7685,61.8359,25729354
3821,2019-10-23,61.7865,62.6748,61.7865,62.6544,23610902
3822,2019-10-24,62.7281,62.9169,62.3913,62.7281,22892246
3823,2019-10-25,62.3738,63.171,62.2319,62.9866,27203218
3824,2019-10-28,63.5197,64.7273,63.3858,64.2162,65665403
3825,2019-10-29,63.5695,63.8087,62.5537,62.8053,52845177
3826,2019-10-30,62.5308,63.172,62.3066,62.8073,29309726
3827,2019-10-31,62.7725,63.0973,62.2484,62.7126,32018731
3828,2019-11-01,63.0613,63.42,62.758,63.3828,28916586
3829,2019-11-04,63.575,64.3916,63.575,64.2476,30743485
3830,2019-11-05,64.3268,64.6276,64.2362,64.3388,25239706
3831,2019-11-06,64.2715,64.416,63.8819,64.3174,24714569
3832,2019-11-07,64.4802,65.8937,64.4538,65.111,45303737
3833,2019-11-08,64.841,65.6176,64.841,65.2137,30548180
3834,2019-11-11,64.9645,65.0093,64.5594,64.6796,17299686
3835,2019-11-12,64.6941,65.2309,64.4782,64.6261,28991557
3836,2019-11-13,64.4255,64.8907,64.3741,64.5749,18789568
3837,2019-11-14,64.5162,65.5484,64.4633,65.2212,29105910
3838,2019-11-15,65.515,66.4362,65.3576,66.4362,39441563
3839,2019-11-18,66.3763,66.455,65.5704,65.7535,28088937
3840,2019-11-19,66.092,66.092,65.3516,65.3925,21951870
3841,2019-11-20,65.3311,65.4233,64.2277,64.8579,29022228
3842,2019-11-21,64.7278,65.3191,64.3044,64.7723,25639369
3843,2019-11-22,64.9147,65.109,64.2352,64.4498,27878938
3844,2019-11-25,64.5789,65.2839,64.5465,65.0463,23678687
3845,2019-11-26,65.2589,65.4632,64.9665,65.4128,22021321
3846,2019-11-27,65.5334,65.6441,65.2369,65.3696,18859380
3847,2019-11-29,65.094,65.2609,64.9261,64.9689,12847786
3848,2019-12-02,64.8927,65.0363,63.7878,64.2102,26674127
3849,2019-12-03,63.7021,64.6271,63.6219,64.5032,29707824
3850,2019-12-04,65.0691,65.9744,64.9172,65.7088,35656632
3851,2019-12-05,66.1103,66.1592,65.4787,66.1083,24501118
3852,2019-12-06,66.3968,66.881,66.3211,66.7276,33094116
3853,2019-12-09,66.7013,67.6324,66.5622,66.9069,31250657
3854,2019-12-10,66.755,67.1565,66.459,66.9019,17672432
3855,2019-12-11,67.1715,67.2507,66.8127,66.9696,20560424
3856,2019-12-12,66.9179,67.4844,66.6683,67.181,29234916
3857,2019-12-13,67.1515,67.3234,66.8407,67.1003,33293937
3858,2019-12-16,67.5052,67.9302,67.2866,67.7892,28231110
3859,2019-12-17,67.8744,67.9701,67.2946,67.4997,33090503
3860,2019-12-18,67.6049,67.726,67.2791,67.3513,23419250
3861,2019-12-19,67.3513,67.6314,67.1939,67.577,30531921
3862,2019-12-20,67.9089,67.9536,67.2926,67.317,50459239
3863,2019-12-23,67.6911,67.8465,67.1565,67.2876,20011622
3864,2019-12-24,67.2666,67.3563,66.9658,66.9786,13517023
3865,2019-12-26,67.0843,67.9139,67.0325,67.8774,23761827
3866,2019-12-27,67.9536,68.1065,67.4056,67.4874,23301625
3867,2019-12-30,67.5954,67.6049,66.6504,66.7435,20084384
3868,2019-12-31,66.5482,66.791,66.3658,66.7276,19591986
3869,2020-01-02,67.177,68.1868,67.0813,68.1868,27384211
3870,2020-01-03,67.1565,68.4395,67.1227,67.8302,23497452
3871,2020-01-06,67.3373,69.6635,67.3061,69.6381,46956467
3872,2020-01-07,69.77,69.9216,69.3266,69.5035,34654291
3873,2020-01-08,69.4891,70.3376,69.38,69.9983,35453538
3874,2020-01-09,70.8397,71.1759,70.2559,70.733,33349217
3875,2020-01-10,71.2154,71.4878,70.7235,71.1899,26358768
3876,2020-01-13,71.5033,71.8137,71.0111,71.7415,30857798
3877,2020-01-14,71.74,71.8709,71.1307,71.2711,26207381
3878,2020-01-15,71.3923,71.7787,71.3244,71.7,21628502
3879,2020-01-16,72.0114,72.273,71.74,72.2461,26175345
3880,2020-01-17,72.8629,73.7601,72.5644,73.7088,52613540
3881,2020-01-21,73.6829,74.2249,73.245,73.8448,49109403
3882,2020-01-22,74.2174,74.758,73.8652,73.9405,28562086
3883,2020-01-23,74.1088,74.4053,73.7486,73.9663,26747853
3884,2020-01-24,74.3714,74.4402,72.8948,73.0438,29893575
3885,2020-01-27,71.3185,71.5696,70.7187,71.3279,34255049
3886,2020-01-28,71.8267,72.4772,71.2596,72.2631,29839500
3887,2020-01-29,72.6596,72.9426,72.0085,72.5719,21717724
3888,2020-01-30,71.6453,72.4997,71.4908,72.4499,27207714
3889,2020-01-31,73.128,73.2181,71.0953,71.3803,43980357
3890,2020-02-03,72.8185,74.0465,72.5674,73.8622,72436842
3891,2020-02-04,72.4618,73.102,70.8447,72.0094,96226912
3892,2020-02-05,72.9161,72.9646,71.2259,72.0413,36507726
3893,2020-02-06,72.3368,73.8104,72.2621,73.5319,37958687
3894,2020-02-07,73.1045,73.9943,73.0058,73.6883,28463791
3895,2020-02-10,73.5947,75.1714,73.4936,75.1606,38440286
3896,2020-02-11,75.3902,76.2176,75.0006,75.2303,34979285
3897,2020-02-12,75.5192,75.7405,75.161,75.6573,31155253
3898,2020-02-13,75.2273,76.0219,74.9284,75.3962,22996222
3899,2020-02-14,75.453,75.728,75.0056,75.6622,23281231
3900,2020-02-18,75.4435,76.2516,75.2776,75.6975,25773313
3901,2020-02-19,76.0842,76.2606,75.7743,75.9681,22829219
3902,2020-02-20,75.6762,76.0777,74.9413,75.5755,26061855
3903,2020-02-21,74.9573,75.2746,73.6575,73.9051,42691060
3904,2020-02-24,70.8954,71.5596,70.0855,70.7365,49740442
3905,2020-02-25,71.2916,71.583,68.7717,69.0655,51766300
3906,2020-02-26,69.4163,70.4282,68.5789,69.2724,49984102
3907,2020-02-27,67.7115,68.2227,65.4747,65.51,62515325
3908,2020-02-28,63.3658,66.8802,63.1815,66.7206,80508798
3909,2020-03-02,67.3254,69.123,66.0206,69.0655,55630196
3910,2020-03-03,69.6316,70.1552,66.2219,66.6444,56807428
3911,2020-03-04,67.7026,68.8892,66.6086,68.8305,47769664
3912,2020-03-05,67.0345,67.437,64.847,65.5005,54576771
3913,2020-03-06,63.3453,64.9022,62.6334,64.5529,64880649
3914,2020-03-09,60.0304,62.4103,59.6856,60.5699,69502603
3915,2020-03-10,62.493,63.5622,60.5062,63.5282,55070234
3916,2020-03-11,62.188,62.6195,59.3419,60.3264,55032658
3917,2020-03-12,55.9283,59.2228,55.2233,55.3767,94667800
3918,2020-03-13,58.5372,60.5007,55.4136,60.4942,79687291
3919,2020-03-16,54.2837,57.0666,53.1613,53.4562,96869513
3920,2020-03-17,54.335,56.0967,52.2656,55.7011,83495305
3921,2020-03-18,52.8055,55.05,51.6628,54.3625,93382056
3922,2020-03-19,54.2145,57.4223,52.5868,55.3827,74333452
3923,2020-03-20,56.3408,56.7183,52.9132,53.2176,83178380
3924,2020-03-23,52.6277,53.1528,50.2613,52.5161,83975901
3925,2020-03-24,54.9996,56.4618,54.1253,56.2964,72731406
3926,2020-03-25,56.0259,57.1015,53.9549,54.8821,90650670
3927,2020-03-26,55.5347,58.3625,54.4042,57.9359,76966443
3928,2020-03-27,56.1699,57.3446,55.0007,55.3125,63020851
3929,2020-03-30,56.4274,57.3421,54.7261,57.1084,58949465
3930,2020-03-31,57.2291,58.458,56.6307,57.8877,65516064
3931,2020-04-01,55.997,56.2671,54.477,54.906,52158777
3932,2020-04-02,54.8013,55.9357,54.4591,55.6498,56615174
3933,2020-04-03,55.5342,55.7375,53.5598,54.4377,51560115
3934,2020-04-06,56.4454,59.3226,56.0468,58.9458,63549360
3935,2020-04-07,60.6307,60.8183,58.6499,58.9144,61842475
3936,2020-04-08,59.9377,60.5256,58.9838,60.132,40480475
3937,2020-04-09,60.689,60.8788,59.4055,60.1105,54224318
3938,2020-04-13,59.858,60.5067,58.903,60.3019,38842860
3939,2020-04-14,61.7747,63.5572,61.2053,63.0331,63586916
3940,2020-04-15,62.1004,63.5252,61.4771,62.6379,42389952
3941,2020-04-16,63.1282,63.4379,61.6864,62.6444,58105015
3942,2020-04-17,63.8535,64.267,63.0713,63.7191,51241564
3943,2020-04-20,63.2652,63.6104,62.5951,62.8297,35420097
3944,2020-04-21,61.9111,62.2743,60.0323,60.3891,49828059
3945,2020-04-22,61.8314,63.7628,61.6366,62.6932,46483739
3946,2020-04-23,63.0583,64.1749,62.7988,63.3289,34326427
3947,2020-04-24,62.5233,63.6547,61.9754,63.5994,37575804
3948,2020-04-27,64.3666,64.4713,63.0246,63.3135,44346841
3949,2020-04-28,63.9282,64.006,61.2968,61.4068,80992686
3950,2020-04-29,67.0071,67.7618,66.0969,66.8667,108750567
3951,2020-04-30,66.3276,67.2562,65.8363,67.0918,56044914
3952,2020-05-01,65.9654,67.3274,65.2464,65.6281,49048242
3953,2020-05-04,65.1702,65.9843,64.5664,65.9061,30918618
3954,2020-05-05,66.6334,68.3029,66.5104,67.2074,39810154
3955,2020-05-06,67.6548,68.1873,67.0136,67.0286,31847613
3956,2020-05-07,67.8197,68.5514,67.3828,68.2167,30827729
3957,2020-05-08,68.8414,69.5798,68.3528,68.9671,33450563
3958,2020-05-11,68.5909,70.5209,68.5267,69.926,32835722
3959,2020-05-12,70.1567,70.461,68.4772,68.5107,34040434
3960,2020-05-13,68.5594,69.0163,66.1607,67.173,40514418
3961,2020-05-14,66.4352,67.6234,65.9259,67.5979,36793237
3962,2020-05-15,67.1695,68.4807,66.7081,68.405,41694581
3963,2020-05-18,67.8332,69.3865,67.4655,69.0088,47299827
3964,2020-05-19,69.0238,69.373,68.44,68.4717,31699498
3965,2020-05-20,69.2072,70.3463,69.1205,70.2034,38401366
3966,2020-05-21,70.2946,70.5672,69.4677,70.0835,31011533
3967,2020-05-22,69.9414,70.5941,69.5454,70.4068,28647595
3968,2020-05-26,71.8376,71.9946,70.7135,70.8117,44751402
3969,2020-05-27,70.7435,71.0098,69.4782,70.7575,31798556
3970,2020-05-28,69.7472,71.9621,69.7011,70.6558,35323328
3971,2020-05-29,70.765,71.577,70.5433,71.4171,37184751
3972,2020-06-01,71.0275,71.8187,70.8572,71.4844,25276378
3973,2020-06-02,71.4908,71.8894,70.8237,71.8549,23526357
3974,2020-06-03,71.8744,72.1888,71.3224,71.7025,27833334
3975,2020-06-04,71.5795,71.8057,70.0465,70.4595,27079912
3976,2020-06-05,70.5264,72.0538,70.1268,71.741,42801599
3977,2020-06-08,71.0564,72.1883,70.9667,72.1405,34000429
3978,2020-06-09,72.001,73.125,71.8574,72.3418,33744987
3979,2020-06-10,72.8116,73.3725,72.4551,72.9705,31877461
3980,2020-06-11,71.7912,72.318,69.6679,69.8418,47315764
3981,2020-06-12,71.0355,71.4662,69.0398,70.3908,36808071
3982,2020-06-15,69.2236,70.9926,69.1093,70.7805,30663797
3983,2020-06-16,72.1883,72.5954,71.1914,72.0623,30807797
3984,2020-06-17,72.3845,72.8459,71.497,72.3647,30720964
3985,2020-06-18,72.2306,72.386,71.0541,71.447,34987796
3986,2020-06-19,71.74,71.9641,70.6938,70.9747,52974684
3987,2020-06-22,70.9931,72.2855,70.7033,72.271,29548168
3988,2020-06-23,72.3378,73.4936,71.9891,72.9346,37888513
3989,2020-06-24,72.8998,73.5229,71.2418,71.3763,31706102
3990,2020-06-25,71.3026,71.8554,70.7205,71.7947,24044990
3991,2020-06-26,71.3728,71.5915,67.5052,67.8809,97994235
3992,2020-06-29,67.7713,69.6476,67.3383,69.6061,45236956
3993,2020-06-30,69.5916,70.9429,69.096,70.6463,40432442
3994,2020-07-01,70.7023,72.1624,70.4536,71.8396,42335395
3995,2020-07-02,72.3298,74.1572,72.2911,73.231,57425722
3996,2020-07-06,74.1387,75.2273,73.582,74.7116,44874687
3997,2020-07-07,74.5363,75.7912,74.2159,74.2269,42517453
3998,2020-07-08,74.769,75.2856,74.3455,74.9084,31880994
3999,2020-07-09,75.2239,76.1809,74.5094,75.6588,41988322
4000,2020-07-10,75.3892,76.7887,74.765,76.6725,36051478
4001,2020-07-13,77.2171,78.5333,75.0559,75.3384,43110274
4002,2020-07-14,74.3699,75.865,74.0279,75.7683,38246145
4003,2020-07-15,75.8864,76.539,74.621,75.5701,31138974
4004,2020-07-16,74.8038,75.5217,74.1447,75.4724,26580549
4005,2020-07-17,75.5716,75.8964,74.6344,75.5686,34388832
4006,2020-07-20,75.4764,78.1672,74.8634,77.9096,30274893
4007,2020-07-21,78.9652,79.0659,77.3506,77.515,27654247
4008,2020-07-22,77.5045,78.066,76.8828,77.9599,24570749
4009,2020-07-23,78.0137,78.2339,75.1571,75.5636,34032887
4010,2020-07-24,74.6888,75.4977,74.1108,75.1381,30016038
4011,2020-07-27,75.3897,76.6003,75.3434,76.1953,27222026
4012,2020-07-28,75.9746,76.0249,74.755,74.9109,31022734
4013,2020-07-29,74.9782,76.3896,74.879,75.9004,22757660
4014,2020-07-30,74.628,76.7662,74.4884,76.6407,36173077
4015,2020-07-31,74.5821,74.9792,72.4375,74.1287,91859436
4016,2020-08-03,74.2807,74.6161,73.3202,73.8702,45686720
4017,2020-08-04,74.067,74.3858,72.9371,73.399,37347077
4018,2020-08-05,73.5743,74.2309,73.2951,73.6873,29256033
4019,2020-08-06,73.5409,75.0415,73.3292,74.9757,33425954
4020,2020-08-07,75.1794,75.73,74.045,74.6478,27826389
4021,2020-08-10,74.2707,75.0853,73.6076,74.5706,20621063
4022,2020-08-11,74.4302,75.2492,73.6426,73.7596,31209789
4023,2020-08-12,74.0877,75.3106,73.9818,75.0897,22612877
4024,2020-08-13,75.1381,76.5711,75.1381,75.5586,22475401
4025,2020-08-14,75.4071,75.7147,74.6793,74.9598,22020718
4026,2020-08-17,75.5247,75.9138,74.9782,75.5381,20071177
4027,2020-08-18,76.0304,77.5872,75.8084,77.508,28479869
4028,2020-08-19,77.3441,78.1597,76.7219,76.9516,30582303
4029,2020-08-20,76.7204,78.7231,76.4458,78.5278,26478259
4030,2020-08-21,78.3062,79.3065,77.8333,78.4939,34971818
4031,2020-08-24,79.3359,80.1484,78.4676,78.9712,25730799
4032,2020-08-25,78.7196,80.1534,78.6091,80.0025,25240428
4033,2020-08-26,80.0249,82.341,79.7596,81.9096,52376444
4034,2020-08-27,82.0331,82.1018,80.6484,81.1319,31463707
4035,2020-08-28,81.1793,81.7711,80.9866,81.6754,22505188
4036,2020-08-31,81.8817,81.928,80.9729,81.1823,26517722
4037,2020-09-01,81.3132,82.6614,81.1823,82.4551,22757520
4038,2020-09-02,83.0993,85.9934,82.7096,85.5593,49700960
4039,2020-09-03,84.6691,84.693,80.0951,81.1813,63956752
4040,2020-09-04,80.1594,81.4542,76.6207,78.7749,56053124
4041,2020-09-08,75.9746,77.4965,75.5511,75.9049,54227590
4042,2020-09-09,77.1653,77.6545,75.9831,77.0821,39383814
4043,2020-09-10,77.229,78.3987,75.7255,76.0269,33143594
4044,2020-09-11,76.1315,76.6568,74.3814,75.5143,30818055
4045,2020-09-14,76.3057,77.5689,74.9837,75.169,42814787
4046,2020-09-15,76.1186,77.2693,75.8302,76.4788,23124626
4047,2020-09-16,76.8454,77.4378,75.3066,75.3314,22223651
4048,2020-09-17,74.0222,74.6623,72.8589,74.0835,40152149
4049,2020-09-18,74.1462,74.4899,71.3224,72.2924,63284343
4050,2020-09-21,71.3224,71.743,69.8807,71.2486,57114397
4051,2020-09-22,72.2541,72.9341,71.2167,72.7273,34073915
4052,2020-09-23,72.3423,72.3915,69.8807,70.2149,37862740
4053,2020-09-24,69.8807,71.6398,69.8542,70.886,34677475
4054,2020-09-25,70.9951,72.0358,70.1297,71.6931,30443502
4055,2020-09-28,73.3337,73.3835,72.0528,72.6696,30896317
4056,2020-09-29,72.9311,73.3342,72.4375,73.0363,31937598
4057,2020-09-30,72.783,74.0414,72.525,73.0153,41071751
4058,2020-10-01,73.9151,74.4834,73.5734,74.1262,33003629
4059,2020-10-02,72.7179,73.6844,72.1061,72.5172,31335825
4060,2020-10-05,72.8684,73.9668,72.7408,73.8737,21679466
4061,2020-10-06,73.5085,73.9578,71.9896,72.289,26189637
4062,2020-10-07,72.702,73.1832,71.4026,72.6935,36239858
4063,2020-10-08,73.0078,74.1326,73.0078,73.9036,26170568
4064,2020-10-09,74.3734,75.3194,74.0815,75.2497,33086307
4065,2020-10-12,76.6222,79.1342,76.1888,77.9469,55543904
4066,2020-10-13,78.5657,78.9717,77.65,78.0705,39213820
4067,2020-10-14,78.3814,78.9065,77.0155,77.8896,33304857
4068,2020-10-15,76.9461,78.286,76.7782,77.4926,31342910
4069,2020-10-16,77.8094,78.6006,77.6017,78.1018,34330502
4070,2020-10-19,78.5119,78.9102,75.8709,76.2211,29840825
4071,2020-10-20,75.8804,78.4077,75.7504,77.2738,41869533
4072,2020-10-21,78.209,80.4653,78.0738,79.013,60539729
4073,2020-10-22,78.9637,80.3796,78.5891,80.0429,30626081
4074,2020-10-23,80.4608,81.4108,80.3044,81.3541,30658779
4075,2020-10-26,80.4583,81.1847,78.1058,78.9283,35956214
4076,2020-10-27,79.1596,79.8107,78.5647,79.6553,25996660
4077,2020-10-28,77.2206,77.4099,75.1516,75.2671,45337258
4078,2020-10-29,75.577,79.1498,75.5536,77.5629,55607715
4079,2020-10-30,83.0708,83.7621,79.7893,80.5136,100286174
4080,2020-11-02,80.8837,82.6126,80.4205,80.9227,44389314
4081,2020-11-03,81.2435,82.6504,80.3143,81.9858,31546767
4082,2020-11-04,84.9709,88.1818,84.8425,86.9772,71601605
4083,2020-11-05,88.2027,89.2673,86.7371,87.8068,39902267
4084,2020-11-06,87.2507,88.1053,86.5204,87.6686,28725436
4085,2020-11-09,89.4747,90.5165,87.5599,87.7528,53634207
4086,2020-11-10,86.1761,87.6513,85.496,86.5722,43177116
4087,2020-11-11,87.1043,87.8266,86.8382,87.0459,31953536
4088,2020-11-12,86.7853,87.9302,86.5847,86.8263,26583278
4089,2020-11-13,87.0843,88.5355,86.4855,88.2929,29865414
4090,2020-11-16,87.8884,89.3928,87.7483,88.3811,25560183
4091,2020-11-17,88.0738,88.536,87.6566,87.7648,21397969
4092,2020-11-18,87.5147,87.9312,86.6142,86.7176,20180431
4093,2020-11-19,86.3485,87.856,86.1885,87.6109,20179689
4094,2020-11-20,87.7818,88.0987,86.4367,86.5055,27806878
4095,2020-11-23,86.6967,86.9841,85.2002,86.0661,22634114
4096,2020-11-24,86.0631,88.0046,85.7258,87.8765,28107645
4097,2020-11-25,88.0713,88.1992,87.1023,87.8879,19670188
4098,2020-11-27,87.9084,89.526,87.9084,89.0283,14843755
4099,2020-11-30,88.4618,88.6953,87.0763,87.4031,32535257
4100,2020-12-01,88.0137,90.757,87.833,89.4438,37498123
4101,2020-12-02,89.4438,91.306,88.9361,90.9189,29531367
4102,2020-12-03,90.6982,91.8585,90.5219,90.763,24816959
4103,2020-12-04,90.6823,91.1445,90.352,90.8587,20619317
4104,2020-12-07,90.4495,91.1341,89.8265,90.5233,22358298
4105,2020-12-08,90.0993,90.4705,89.2404,90.2394,19998574
4106,2020-12-09,90.191,91.0883,87.7818,88.5719,31826517
4107,2020-12-10,87.8117,88.429,86.3633,88.0633,28792217
4108,2020-12-11,87.6821,88.5445,87.3204,88.4195,18696150
4109,2020-12-14,88.2162,89.1667,87.1405,87.2966,33169227
4110,2020-12-15,87.6751,87.8815,86.769,87.7359,21443293
4111,2020-12-16,88.136,88.136,87.137,87.5422,24766175
4112,2020-12-17,87.878,88.0164,86.2449,86.7111,35006543
4113,2020-12-18,86.9931,87.1023,85.4403,85.9993,85565804
4114,2020-12-21,85.1478,86.5362,84.3941,86.4148,34097299
4115,2020-12-22,86.1542,86.3177,84.9809,85.7003,20450447
4116,2020-12-23,85.8852,86.8905,85.7491,86.0993,23056961
4117,2020-12-24,86.1378,86.8058,85.9061,86.3948,9346519
4118,2020-12-28,86.9304,89.0273,86.7764,88.3776,27750976
4119,2020-12-29,89.0388,89.1005,87.4385,87.5705,19797247
4120,2020-12-30,87.9312,88.0688,86.0879,86.499,21102381
4121,2020-12-31,86.5497,87.5577,86.491,87.3154,21145959
4122,2021-01-04,87.6821,87.8063,85.0486,85.9948,37459202
4123,2021-01-05,85.9429,87.0261,85.535,86.6882,20433044
4124,2021-01-06,84.7057,86.8832,84.4988,85.8328,46756906
4125,2021-01-07,86.0261,88.5699,86.0261,88.3966,42088604
4126,2021-01-08,88.537,89.6429,87.7428,89.5668,35613154
4127,2021-01-11,88.53,88.8967,87.2906,87.4973,34938558
4128,2021-01-12,86.9528,88.0758,85.5088,86.5577,29641364
4129,2021-01-13,86.0541,87.5023,86.0541,87.0469,23516742
4130,2021-01-14,87.1277,88.0583,85.9918,86.2334,29318237
4131,2021-01-15,86.1388,87.0653,85.2764,86.0691,31558268
4132,2021-01-19,86.8352,89.8662,86.3286,88.9012,41810038
4133,2021-01-20,90.9886,94.6431,90.6469,93.664,64383955
4134,2021-01-21,94.3406,96.2551,93.6311,93.8672,58872106
4135,2021-01-22,94.2314,94.8756,93.4859,94.2861,32862599
4136,2021-01-25,95.2916,95.7439,92.6222,94.3718,50770302
4137,2021-01-26,93.9589,95.4415,93.4677,95.0529,31575611
4138,2021-01-27,93.4068,93.6838,89.5394,90.6184,82811736
4139,2021-01-28,91.2193,94.0585,91.2193,92.3253,55478488
4140,2021-01-29,91.3698,92.0431,89.7526,91.0381,44691606
4141,2021-02-01,91.8962,95.431,91.8962,94.3116,40397977
4142,2021-02-02,95.311,97.1165,94.9742,95.6094,66572861
4143,2021-02-03,102.907,104.951,100.315,102.572,98236470
4144,2021-02-04,102.659,103.091,101.387,102.311,48771763
4145,2021-02-05,102.606,104.418,102.129,104.064,29973384
4146,2021-02-08,104.621,105.368,102.794,103.85,28933367
4147,2021-02-09,103.366,104.547,103.126,103.396,21971019
4148,2021-02-10,103.781,104.565,102.241,103.947,25192595
4149,2021-02-11,104.173,104.321,103.069,104.061,20554824
4150,2021-02-12,103.612,104.596,103.305,104.373,19059342
4151,2021-02-16,104.211,106.87,104.211,105.153,31116292
4152,2021-02-17,104.32,105.739,104.04,105.549,20377142
4153,2021-02-18,104.87,105.716,104.287,104.91,22652802
4154,2021-02-19,105.009,105.547,103.796,104.063,38076311
4155,2021-02-22,102.309,103.64,102.03,102.342,29573158
4156,2021-02-23,100.337,103.251,99.1521,102.634,34783618
4157,2021-02-24,101.136,104.039,101.01,103.814,22690698
4158,2021-02-25,102.425,103.774,99.9614,100.434,41698796
4159,2021-02-26,101.132,102.455,99.6887,100.731,40186433
4160,2021-03-01,102.03,103.437,101.353,103.109,26156256
4161,2021-03-02,102.869,104.358,102.463,102.851,25656350
4162,2021-03-03,102.227,103.425,99.3398,100.208,34015765
4163,2021-03-04,100.38,103.356,99.9095,101.328,49394131
4164,2021-03-05,102.686,104.93,101.023,104.475,53292031
4165,2021-03-08,103.827,105.305,99.8975,100.012,37001068
4166,2021-03-09,102.118,102.823,101.412,101.65,34043585
4167,2021-03-10,102.698,102.698,100.601,101.442,27198320
4168,2021-03-11,102.539,105.182,102.451,104.648,27803024
4169,2021-03-12,103.445,103.505,101.254,102.129,33940573
4170,2021-03-15,101.88,102.378,101.024,102.351,26309851
4171,2021-03-16,102.927,105.302,102.592,103.818,32015941
4172,2021-03-17,103.049,104.571,101.837,103.735,26478159
4173,2021-03-18,102.039,103.063,100.594,100.702,31827922
4174,2021-03-19,101.12,101.484,99.784,100.982,46238935
4175,2021-03-22,101.016,102.047,100.337,101.169,33656989
4176,2021-03-23,101.63,102.833,101.034,101.697,28612468
4177,2021-03-24,102.217,103.006,101.084,101.258,25308474
4178,2021-03-25,101.086,101.913,99.444,101.255,35744850
4179,2021-03-26,101.224,101.601,99.83,100.87,28078921
4180,2021-03-29,100.743,102.09,99.9105,101.921,26588658
4181,2021-03-30,102.278,102.761,101.44,101.955,27416147
4182,2021-03-31,102.349,103.936,101.981,102.753,42723959
4183,2021-04-01,104.235,106.403,104.194,106.104,40024669
4184,2021-04-05,106.97,111.046,106.873,110.547,48685452
4185,2021-04-06,110.147,110.998,109.692,110.064,35368531
4186,2021-04-07,110.256,111.819,110.256,111.548,24221407
4187,2021-04-08,112.791,113.179,111.746,112.115,28768190
4188,2021-04-09,111.866,113.287,111.459,113.124,26240079
4189,2021-04-12,112.299,112.437,110.989,111.825,25114373
4190,2021-04-13,112.143,112.764,111.747,112.314,25774658
4191,2021-04-14,112.963,112.963,111.397,111.69,21078997
4192,2021-04-15,112.689,114.385,112.152,113.85,29280742
4193,2021-04-16,114.048,114.297,113.136,113.726,26378057
4194,2021-04-19,113.099,114.789,113.099,114.074,30399202
4195,2021-04-20,114.459,114.535,112.449,113.538,22369117
4196,2021-04-21,113.192,113.588,111.835,113.505,23288297
4197,2021-04-22,113.359,114.031,111.612,112.219,24233049
4198,2021-04-23,112.941,114.889,112.653,114.581,29216610
4199,2021-04-26,114.809,115.807,114.451,115.079,32153980
4200,2021-04-27,115.464,115.504,113.895,114.135,44546502
4201,2021-04-28,119.193,121.13,117.236,117.526,81400820
4202,2021-04-29,119.031,119.774,118.263,119.206,41382554
4203,2021-04-30,117.973,118.661,116.904,117.25,45019370
4204,2021-05-03,117.818,118.647,116.353,116.731,28345162
4205,2021-05-04,115.26,115.829,112.427,114.925,44981112
4206,2021-05-05,116.012,116.328,114.997,115.32,26732738
4207,2021-05-06,114.899,116.445,114.238,116.445,25281777
4208,2021-05-07,117.768,118.134,116.885,117.171,29001995
4209,2021-05-10,115.987,116.129,113.815,114.174,31026648
4210,2021-05-11,111.749,113.602,111.292,113.093,34309767
4211,2021-05-12,110.908,111.993,109.285,109.614,46543595
4212,2021-05-13,110.904,111.568,109.938,111.049,33340827
4213,2021-05-14,112.52,113.824,112.094,113.507,32112570
4214,2021-05-17,112.77,114.075,112.369,114.033,21675672
4215,2021-05-18,114.702,114.967,112.701,112.715,22284190
4216,2021-05-19,111.02,113.338,110.87,113.165,23769957
4217,2021-05-20,114.136,115.182,113.764,114.931,32468275
4218,2021-05-21,115.452,115.526,114.051,114.292,40779094
4219,2021-05-24,115.326,117.85,115.18,117.626,31947594
4220,2021-05-25,118.172,118.769,117.325,117.717,22520985
4221,2021-05-26,117.898,119.018,117.895,118.586,21650160
4222,2021-05-27,119.022,119.022,117.387,117.708,35351710
4223,2021-05-28,118.292,118.375,117.217,117.416,21568706
4224,2021-06-01,118.293,118.855,117.289,118.629,23442695
4225,2021-06-02,119.027,119.25,117.193,118.102,21239637
4226,2021-06-03,116.863,117.425,116.055,116.955,18763694
4227,2021-06-04,118.036,119.518,117.694,119.247,24546863
4228,2021-06-07,119.041,119.791,118.62,119.681,24206754
4229,2021-06-08,120.165,120.539,119.307,119.489,24327711
4230,2021-06-09,120.135,120.208,119.412,119.963,18006078
4231,2021-06-10,119.912,121.36,119.755,121.316,26001417
4232,2021-06-11,121.56,121.645,120.511,121.071,22037740
4233,2021-06-14,121.174,122.004,120.463,122.004,22177665
4234,2021-06-15,122.008,122.332,120.619,120.981,21640304
4235,2021-06-16,121.133,121.446,119.039,120.336,26567823
4236,2021-06-17,120.261,122.08,120.064,121.304,25942584
4237,2021-06-18,120.928,121.164,119.581,119.677,46282372
4238,2021-06-21,120.065,121.56,119.465,121.372,27513037
4239,2021-06-22,121.31,121.958,120.627,121.888,22471366
4240,2021-06-23,121.652,122.65,121.394,121.686,19223595
4241,2021-06-24,122.257,122.611,121.858,122.058,21442590
4242,2021-06-25,121.56,122.19,121.126,122.066,34721795
4243,2021-06-28,122.236,122.341,120.967,122.094,28628827
4244,2021-06-29,122.227,122.577,121.251,121.83,23192491
4245,2021-06-30,121.554,121.815,120.915,121.649,24562700
4246,2021-07-01,121.285,122.144,121.093,122.002,18178480
4247,2021-07-02,122.705,124.951,122.615,124.805,26096440
4248,2021-07-06,125.195,125.972,124.133,125.734,26499295
4249,2021-07-07,126.703,126.825,125.697,126.018,24146236
4250,2021-07-08,123.578,125.142,123.574,124.592,23875578
4251,2021-07-09,124.574,125.28,124.101,125.065,18699221
4252,2021-07-12,125.722,126.61,125.158,126.517,17731827
4253,2021-07-13,126.579,127.595,126.216,126.882,19316712
4254,2021-07-14,127.496,128.859,127.452,127.774,23831740
4255,2021-07-15,128.185,128.235,126.074,126.546,24306595
4256,2021-07-16,127.202,127.35,125.698,126.511,20498581
4257,2021-07-19,125.634,125.749,123.059,124.128,28068965
4258,2021-07-20,125.075,126.584,123.901,125.754,26411839
4259,2021-07-21,125.678,127.135,125.568,127.088,20821387
4260,2021-07-22,127.382,128.019,127.038,127.957,14353725
4261,2021-07-23,129.958,132.917,129.331,132.535,41656884
4262,2021-07-26,132.847,133.752,131.824,133.551,30682304
4263,2021-07-27,133.766,133.914,129.634,131.423,54907807
4264,2021-07-28,135.82,137.797,134.79,135.603,95475458
4265,2021-07-29,135.659,136.167,135.054,135.287,31830692
4266,2021-07-30,134.547,134.816,133.77,134.241,25668494
4267,2021-08-02,134.629,134.847,133.311,134.366,21712626
4268,2021-08-03,134.647,135.241,132.839,135.14,20837143
4269,2021-08-04,134.86,135.159,134.001,134.638,19747347
4270,2021-08-05,135.189,135.858,134.359,135.76,17933776
4271,2021-08-06,135.551,135.979,134.722,135.247,20562391
4272,2021-08-09,135.451,136.688,134.85,136.419,17830403
4273,2021-08-10,136.846,137.275,135.871,136.313,19484458
4274,2021-08-11,136.686,137.185,135.78,135.787,15407652
4275,2021-08-12,135.485,136.804,134.937,136.698,16578742
4276,2021-08-13,136.754,137.359,136.539,137.231,16005251
4277,2021-08-16,137.028,137.862,134.81,137.81,22479556
4278,2021-08-17,137.253,137.766,135.591,136.168,21793919
4279,2021-08-18,136.007,136.609,134.833,134.96,19328755
4280,2021-08-19,133.95,135.861,133.765,135.189,21861503
4281,2021-08-20,135.509,137.057,134.762,136.933,31306238
4282,2021-08-23,137.47,140.366,137.111,139.535,28556546
4283,2021-08-24,140.104,141.567,139.831,140.752,19337065
4284,2021-08-25,141.114,141.676,140.866,141.566,15908943
4285,2021-08-26,141.237,141.903,140.847,140.929,20684030
4286,2021-08-27,141.14,143.99,140.986,143.484,28884531
4287,2021-08-30,143.878,145.443,143.642,144.068,24522776
4288,2021-08-31,144.623,144.647,143.76,144.175,22530139
4289,2021-09-01,144.476,145.725,144.361,144.692,22015620
4290,2021-09-02,144.692,144.993,142.667,142.769,32475441
4291,2021-09-03,142.564,143.634,141.887,143.221,19926334
4292,2021-09-07,143.315,144.043,143.1,143.76,20204880
4293,2021-09-08,143.579,143.878,142.484,143.172,18416741
4294,2021-09-09,143.321,143.789,142.661,143.022,15372626
4295,2021-09-10,143.691,144.195,140.23,140.368,36972886
4296,2021-09-13,141.437,142.434,140.74,141.818,22173932
4297,2021-09-14,142.479,142.845,141.237,142.029,19745179
4298,2021-09-15,142.256,143.928,140.838,143.908,27506935
4299,2021-09-16,143.43,143.779,141.888,143.091,26290381
4300,2021-09-17,142.515,142.932,139.963,140.292,53577984
4301,2021-09-20,137.663,138.498,135.83,138.218,46686672
4302,2021-09-21,139.244,139.506,137.778,138.531,25423730
4303,2021-09-22,138.801,140.378,138.052,139.777,25146388
4304,2021-09-23,140.478,141.184,139.895,140.706,21026949
4305,2021-09-24,140.031,141.816,139.734,141.702,23067218
4306,2021-09-27,140.296,141.425,139.562,140.562,21961284
4307,2021-09-28,138.154,138.594,134.871,135.339,45938128
4308,2021-09-29,136.486,136.655,133.382,133.869,30960529
4309,2021-09-30,133.777,135.053,133.073,133.193,38166658
4310,2021-10-01,133.962,136.416,133.589,136.049,35488364
4311,2021-10-04,135.469,135.469,130.577,133.177,51387552
4312,2021-10-05,133.557,136.728,133.557,135.532,32520725
4313,2021-10-06,134.264,137.253,134.064,137.068,24452602
4314,2021-10-07,138.39,139.536,138.15,138.722,25201166
4315,2021-10-08,139.073,139.824,138.715,139.281,26621998
4316,2021-10-11,138.789,140.204,138.357,138.412,18018703
4317,2021-10-12,138.976,139.003,135.269,135.956,36463948
4318,2021-10-13,136.905,137.501,136.025,137.085,19733597
4319,2021-10-14,138.97,140.827,138.323,140.641,32043682
4320,2021-10-15,141.103,141.206,140.247,140.858,30384187
4321,2021-10-18,140.566,142.28,140.559,142.262,20470098
4322,2021-10-19,142.87,143.143,142.085,142.719,20236092
4323,2021-10-20,142.82,143.027,140.867,141.256,23372481
4324,2021-10-21,141.256,141.643,139.993,141.373,26387572
4325,2021-10-22,138.647,140.075,135.565,137.069,50772350
4326,2021-10-25,137.053,137.501,134.935,136.95,34537007
4327,2021-10-26,138.761,139.577,137.805,138.805,49413501
4328,2021-10-27,138.901,148.113,138.901,145.689,86092366
4329,2021-10-28,146.602,146.626,144.105,145.322,36337631
4330,2021-10-29,144.554,147.707,144.128,147.511,43477340
4331,2021-11-01,147.511,147.511,142.708,142.978,47093341
4332,2021-11-02,144.058,146.08,143.815,144.906,33603616
4333,2021-11-03,145.374,146.14,144.069,146.069,27592905
4334,2021-11-04,146.592,149.193,145.779,147.732,38550504
4335,2021-11-05,148.632,149.785,147.662,148.314,38493779
4336,2021-11-08,149.284,150.071,147.895,148.493,23136067
4337,2021-11-09,148.694,149.293,146.713,148.38,19600537
4338,2021-11-10,146.968,147.535,144.016,145.367,30078443
4339,2021-11-11,145.961,147.004,145.074,145.24,16577357
4340,2021-11-12,146.087,148.312,144.886,148.141,22441057
4341,2021-11-15,148.363,149.01,147.042,147.915,23592255
4342,2021-11-16,147.615,148.224,146.78,147.341,18972528
4343,2021-11-17,147.493,148.023,146.708,147.512,19670550
4344,2021-11-18,147.707,150.036,147.349,149.297,35757375
4345,2021-11-19,149.433,150.421,148.361,148.388,33821543
4346,2021-11-22,148.792,149.289,145.619,145.773,30740233
4347,2021-11-23,145.625,146.131,143.594,145.256,27329875
4348,2021-11-24,144.948,145.72,143.851,145.592,18105537
4349,2021-11-26,143.827,144.036,141.329,141.67,30579694
4350,2021-11-29,143.48,145.768,143.375,145.005,32713200
4351,2021-11-30,144.484,145.473,141.091,141.384,42219717
4352,2021-12-01,143.48,145.423,140.402,140.542,34178693
4353,2021-12-02,140.74,143.345,139.707,142.45,29300674
4354,2021-12-03,143.162,143.878,139.794,141.489,41379623
4355,2021-12-06,142.524,143.334,139.643,142.639,30729093
4356,2021-12-07,145.07,146.999,144.704,146.738,32357174
4357,2021-12-08,147.063,147.858,145.877,147.651,24358302
4358,2021-12-09,147.058,148.562,146.583,147.105,23354075
4359,2021-12-10,148.163,148.44,146.174,147.467,24551439
4360,2021-12-13,147.248,147.435,144.991,145.299,27167529
4361,2021-12-14,143.448,143.958,140.705,143.388,38585611
4362,2021-12-15,142.891,146.191,141.166,145.912,36502306
4363,2021-12-16,146.638,147.144,143.088,143.923,33772366
4364,2021-12-17,141.985,143.315,140.79,141.213,51202824
4365,2021-12-20,139.614,141.261,138.818,141.096,27290935
4366,2021-12-21,141.541,143.35,139.995,142.954,28859601
4367,2021-12-22,142.552,145.971,142.552,145.886,26417801
4368,2021-12-23,145.971,147.708,145.923,146.386,26479082
4369,2021-12-27,146.724,147.809,146.637,147.371,16042405
4370,2021-12-28,147.701,147.764,145.527,146.157,18320473
4371,2021-12-29,146.115,146.885,145.121,146.126,17851941
4372,2021-12-30,146.164,146.768,145.467,145.671,15744589
4373,2021-12-31,145.523,146.168,144.329,144.329,18200921
4374,2022-01-03,144.531,145.324,143.194,144.468,28782904
4375,2022-01-04,144.871,145.956,143.197,143.878,28502390
4376,2022-01-05,143.898,143.977,137.191,137.278,54816276
4377,2022-01-06,136.504,139.435,136.064,137.251,37482808
4378,2022-01-07,137.647,137.948,135.275,136.523,29868445
4379,2022-01-10,134.59,138.318,132.683,138.169,44569103
4380,2022-01-11,137.508,139.709,136.198,139.231,28833848
4381,2022-01-12,140.64,142.093,140.186,140.919,26206698
4382,2022-01-13,141.029,142.334,137.909,138.087,31550560
4383,2022-01-14,136.584,140.234,136.504,138.976,29768805
4384,2022-01-18,135.683,136.636,134.949,135.507,35014572
4385,2022-01-19,136.029,137.461,134.528,134.628,28751490
4386,2022-01-20,135.758,137.129,132.485,132.827,30015556
4387,2022-01-21,132.115,134.378,129.616,129.881,55853162
4388,2022-01-24,125.523,130.729,124.05,130.332,76972264
4389,2022-01-25,128.275,128.932,126.045,126.476,47130796
4390,2022-01-26,130.645,132.52,126.683,128.766,49307599
4391,2022-01-27,130.829,132.173,128.466,128.539,32134851
4392,2022-01-28,129.19,132.874,128.021,132.869,34486043
4393,2022-01-31,133.677,134.984,131.732,134.815,40130953
4394,2022-02-01,137.097,137.296,133.883,137.147,68892480
4395,2022-02-02,150.704,150.999,144.997,147.465,123645829
4396,2022-02-03,145.18,149.134,142.149,142.574,71776477
4397,2022-02-04,142.927,144.352,140.008,142.775,58208469
4398,2022-02-07,143.729,143.729,138.398,138.698,55172583
4399,2022-02-08,138.524,139.495,136.52,138.895,54480383
4400,2022-02-09,140.454,142.009,139.68,141.081,40289405
4401,2022-02-10,139.199,140.973,137.458,138.12,39473237
4402,2022-02-11,138.1,138.653,132.918,133.797,40103193
4403,2022-02-14,132.776,135.808,132.776,135.037,34425424
4404,2022-02-15,137.073,137.609,135.331,136.114,26808091
4405,2022-02-16,136.152,137.587,134.436,137.241,25112004
4406,2022-02-17,135.751,136.618,132.0,132.061,39090695
4407,2022-02-18,132.985,133.586,129.726,129.932,45784815
4408,2022-02-22,129.369,131.702,127.76,129.345,45153835
4409,2022-02-23,131.173,131.574,127.067,127.127,32904872
4410,2022-02-24,124.502,132.52,124.502,132.211,54652485
4411,2022-02-25,133.069,134.784,131.277,133.974,36537955
4412,2022-02-28,132.569,135.261,132.113,134.569,39005307
4413,2022-03-01,134.39,135.764,132.737,133.578,26591408
4414,2022-03-02,134.142,134.774,132.591,134.086,23605061
4415,2022-03-03,135.519,135.946,132.545,133.416,24692429
4416,2022-03-04,132.448,133.369,129.867,131.429,30561026
4417,2022-03-07,131.013,131.26,125.839,125.922,45276478
4418,2022-03-08,125.794,130.776,125.221,126.645,40573652
4419,2022-03-09,130.776,133.253,129.432,132.938,37159620
4420,2022-03-10,130.792,132.791,130.44,131.952,27199645
4421,2022-03-11,133.006,133.313,129.163,129.401,31640726
4422,2022-03-14,129.78,129.937,124.822,125.496,38951954
4423,2022-03-15,126.517,129.385,125.266,128.731,31031606
4424,2022-03-16,130.261,132.852,128.269,132.8,35705950
4425,2022-03-17,132.668,133.596,131.707,133.356,28366379
4426,2022-03-18,132.942,135.752,131.78,135.635,44728459
4427,2022-03-21,135.673,136.555,133.608,135.611,26928947
4428,2022-03-22,135.611,140.54,135.611,139.363,35624214
4429,2022-03-23,138.202,139.084,137.338,137.776,25244583
4430,2022-03-24,138.697,141.108,137.254,141.061,26492250
4431,2022-03-25,141.403,141.522,139.233,141.161,24230601
4432,2022-03-28,140.391,141.489,139.306,140.945,35176317
4433,2022-03-29,142.131,143.275,141.525,141.991,34441422
4434,2022-03-30,141.945,142.204,141.089,141.425,19956844
4435,2022-03-31,141.54,141.595,138.522,138.566,37660750
4436,2022-04-01,138.996,139.964,137.808,139.644,26035480
4437,2022-04-04,139.851,143.193,139.803,142.456,26064986
4438,2022-04-05,142.353,142.474,139.875,140.083,21495762
4439,2022-04-06,138.249,138.857,135.028,136.054,32586181
4440,2022-04-07,135.519,136.668,133.742,135.397,26328699
4441,2022-04-08,135.095,135.179,132.486,132.807,25233945
4442,2022-04-11,131.348,131.615,128.203,128.358,37016764
4443,2022-04-12,131.125,131.125,126.331,127.253,32829279
4444,2022-04-13,127.538,129.863,127.28,129.425,28028479
4445,2022-04-14,130.008,130.008,126.143,126.272,31712525
4446,2022-04-18,126.541,127.749,125.726,127.215,20884093
4447,2022-04-19,127.23,129.862,126.54,129.54,26585788
4448,2022-04-20,130.42,130.924,127.039,127.578,31810359
4449,2022-04-21,128.783,129.628,124.077,124.363,36577277
4450,2022-04-22,124.549,124.949,118.496,119.204,57089929
4451,2022-04-25,118.67,122.833,118.083,122.629,46295479
4452,2022-04-26,121.852,122.068,118.083,118.222,73319711
4453,2022-04-27,114.055,116.819,112.33,113.881,92153438
4454,2022-04-28,115.995,119.217,113.703,118.094,49061851
4455,2022-04-29,116.312,117.494,113.403,113.698,42830704
4456,2022-05-02,112.995,116.324,112.193,116.162,35661830
4457,2022-05-03,116.011,118.014,115.615,116.91,25057869
4458,2022-05-04,116.609,122.41,114.701,121.819,50096227
4459,2022-05-05,119.77,120.602,114.591,116.085,46006756
4460,2022-05-06,114.768,117.146,113.604,115.328,39853531
4461,2022-05-09,112.841,114.662,111.597,112.105,40950774
4462,2022-05-10,115.091,115.83,112.494,113.982,40045022
4463,2022-05-11,112.827,115.944,112.827,113.192,37670807
4464,2022-05-12,110.976,113.882,109.428,112.437,54031341
4465,2022-05-13,114.119,117.449,113.195,115.631,35165498
4466,2022-05-16,114.541,115.75,113.478,114.032,26084657
4467,2022-05-17,116.418,116.478,114.455,116.052,23136730
4468,2022-05-18,114.585,114.983,111.153,111.495,35253315
4469,2022-05-19,111.029,112.601,109.602,109.985,34268176
4470,2022-05-20,111.547,111.779,105.414,108.515,49140455
4471,2022-05-23,109.192,111.743,108.348,111.085,37319739
4472,2022-05-24,105.39,106.073,101.517,105.588,77058114
4473,2022-05-25,104.607,106.115,103.482,105.423,40403276
4474,2022-05-26,105.295,108.256,104.845,107.402,38084782
4475,2022-05-27,109.087,111.912,108.744,111.91,38051562
4476,2022-05-31,112.339,115.317,111.674,113.351,50193559
4477,2022-06-01,114.44,116.679,112.841,113.48,36738218
4478,2022-06-02,113.588,117.473,112.538,117.197,38130005
4479,2022-06-03,115.642,115.902,113.108,114.127,26230203
4480,2022-06-06,116.284,118.916,115.744,116.398,33663131
4481,2022-06-07,115.063,117.266,114.637,116.726,31704978
4482,2022-06-08,116.34,118.142,116.179,116.771,26202383
4483,2022-06-09,115.908,117.871,114.361,114.421,25891480
4484,2022-06-10,112.039,112.87,109.967,110.761,41632215
4485,2022-06-13,106.401,108.399,105.736,106.008,47423212
4486,2022-06-14,106.15,107.534,105.418,106.33,33828448
4487,2022-06-15,108.153,111.021,107.281,109.368,39842089
4488,2022-06-16,106.834,108.255,104.758,105.651,51872323
4489,2022-06-17,105.651,108.306,104.667,106.756,51562765
4490,2022-06-21,108.537,112.083,108.208,111.141,47587687
4491,2022-06-22,110.157,112.937,109.983,111.085,30885699
4492,2022-06-23,111.826,112.335,110.102,111.836,28464734
4493,2022-06-24,112.586,117.653,112.545,117.549,41312902
4494,2022-06-27,117.845,118.152,114.764,115.416,36552788
4495,2022-06-28,115.385,116.887,111.444,111.604,36011032
4496,2022-06-29,111.149,112.751,110.472,111.298,24806420
4497,2022-06-30,109.602,110.487,106.365,108.57,43325552
4498,2022-07-01,107.543,108.855,106.345,108.345,35604262
4499,2022-07-05,106.714,112.968,105.35,112.854,39542467
4500,2022-07-06,112.893,115.172,111.073,114.158,37567072
4501,2022-07-07,114.665,118.759,114.419,118.354,41084276
4502,2022-07-08,116.827,119.253,116.479,118.923,38376777
4503,2022-07-11,117.572,117.572,114.913,115.258,31356961
4504,2022-07-12,115.795,116.551,113.28,113.608,30068306
4505,2022-07-13,111.297,113.784,110.801,110.952,43880516
4506,2022-07-14,109.812,110.692,107.982,109.968,37137179
4507,2022-07-15,111.597,112.731,110.499,111.374,46938662
4508,2022-07-18,112.233,113.27,107.979,108.636,43321063
4509,2022-07-19,110.449,113.608,109.164,113.399,36663373
4510,2022-07-20,112.761,114.983,112.074,113.488,35729481
4511,2022-07-21,113.868,114.136,110.712,113.927,32794620
4512,2022-07-22,110.599,111.934,106.115,107.51,49078455
4513,2022-07-25,108.018,109.474,105.916,107.122,34816651
4514,2022-07-26,106.215,106.813,103.694,104.641,48164935
4515,2022-07-27,108.865,113.498,107.62,112.651,60075488
4516,2022-07-28,111.964,113.927,111.057,113.808,32935531
4517,2022-07-29,112.671,116.284,112.651,115.9,37358329
4518,2022-08-01,114.883,116.298,113.927,114.445,26128664
4519,2022-08-02,113.588,115.93,113.309,114.715,20309386
4520,2022-08-03,115.292,118.192,115.063,117.654,28602325
4521,2022-08-04,117.055,118.351,116.468,117.764,21681237
4522,2022-08-05,115.81,117.679,115.581,117.046,19228975
4523,2022-08-08,117.962,119.716,116.458,116.877,19238970
4524,2022-08-09,116.712,116.897,115.292,116.209,19155655
4525,2022-08-10,118.351,120.483,117.982,119.268,31042475
4526,2022-08-11,120.842,121.051,118.132,118.411,24381720
4527,2022-08-12,119.826,121.241,119.029,121.241,19165493
4528,2022-08-15,120.693,121.858,120.174,121.639,19565495
4529,2022-08-16,121.081,121.988,120.204,121.26,19110256
4530,2022-08-17,119.686,120.851,118.949,119.118,22929780
4531,2022-08-18,118.999,120.383,118.291,119.736,18052867
4532,2022-08-19,118.63,118.719,116.338,116.787,21888589
4533,2022-08-22,114.784,115.212,113.438,113.828,21534430
4534,2022-08-23,113.065,114.595,113.02,113.448,15927904
4535,2022-08-24,113.09,114.365,112.463,113.28,17798913
4536,2022-08-25,113.823,116.298,113.698,116.229,17018264
4537,2022-08-26,114.305,114.705,109.792,109.942,37380716
4538,2022-08-29,109.592,110.549,108.407,109.025,21267977
4539,2022-08-30,109.772,110.101,107.41,108.547,27612993
4540,2022-08-31,110.251,110.449,107.74,107.829,28730747
4541,2022-09-01,107.889,110.046,106.972,109.344,28463737
4542,2022-09-02,110.191,110.34,106.873,107.46,24248296
4543,2022-09-06,106.912,107.64,105.398,106.425,25159155
4544,2022-09-07,106.673,109.582,106.513,109.055,23250949
4545,2022-09-08,107.65,109.204,106.773,107.989,24326159
4546,2022-09-09,108.671,110.589,108.627,110.251,23297736
4547,2022-09-12,110.589,111.217,109.532,110.459,23050008
4548,2022-09-13,107.41,107.909,103.714,103.943,38311251
4549,2022-09-14,104.193,104.895,103.286,104.621,26490819
4550,2022-09-15,103.654,104.89,101.981,102.538,34312219
4551,2022-09-16,101.701,102.757,100.575,102.429,42952316
4552,2022-09-19,101.382,102.957,101.184,102.698,23120321
4553,2022-09-20,101.711,102.0,100.157,100.775,26613250
4554,2022-09-21,101.302,102.509,98.9114,98.9214,31601409
4555,2022-09-22,98.4631,100.874,98.4331,99.778,34422954
4556,2022-09-23,99.2701,99.3001,97.118,98.3833,31740082
4557,2022-09-26,97.7456,99.5192,97.4467,97.8155,27170803
4558,2022-09-27,99.0709,99.6388,96.5221,97.1478,30181797
4559,2022-09-28,97.2973,100.337,96.7593,99.6887,32584016
4560,2022-09-29,98.2837,98.2837,95.6134,97.0681,31159773
4561,2022-09-30,96.6994,98.5428,95.2149,95.3045,33060909
4562,2022-10-03,96.4105,98.9286,96.1723,98.2837,28083468
4563,2022-10-04,100.077,101.472,100.017,101.272,28955359
4564,2022-10-05,99.4645,101.562,98.4431,101.064,22257296
4565,2022-10-06,100.317,102.553,100.227,101.054,22404915
4566,2022-10-07,99.4893,100.167,97.94,98.3236,27602465
4567,2022-10-10,98.6424,98.737,96.6596,97.5066,18291161
4568,2022-10-11,97.078,98.8865,95.9621,96.829,26603193
4569,2022-10-12,96.9486,98.3933,96.3856,97.2077,21955666
4570,2022-10-13,94.8063,99.4146,94.0427,98.7022,34699885
4571,2022-10-14,99.6288,100.327,96.0219,96.2112,25502790
4572,2022-10-17,98.5029,100.565,98.473,99.6089,28522214
4573,2022-10-18,102.757,103.096,99.6089,100.406,24147893
4574,2022-10-19,99.6487,100.653,98.5628,99.2701,23897381
4575,2022-10-20,99.6388,101.951,99.031,99.6089,25415001
4576,2022-10-21,97.4916,100.944,97.367,100.765,32576388
4577,2022-10-24,101.432,102.379,99.6189,102.149,27274934
4578,2022-10-25,102.528,104.441,102.349,104.103,40758595
4579,2022-10-26,96.0818,97.9549,94.348,94.5871,88599062
4580,2022-10-27,94.1786,95.0853,91.4685,91.8869,60930942
4581,2022-10-28,91.9367,96.2012,91.7972,95.9421,43855693
4582,2022-10-31,95.0753,95.6831,93.6406,94.1687,31789861
4583,2022-11-01,95.1053,95.6831,90.0436,90.1432,47332315
4584,2022-11-02,90.6115,90.8507,86.5662,86.6559,57245051
4585,2022-11-03,86.0081,86.2075,83.039,83.1287,61510194
4586,2022-11-04,85.0916,86.3271,83.4076,86.2672,51310236
4587,2022-11-07,86.9647,88.5789,86.5362,88.1705,34202451
4588,2022-11-08,88.5789,89.9938,87.2738,88.5789,30539333
4589,2022-11-09,88.1305,89.112,86.9647,87.0046,31884265
4590,2022-11-10,91.9168,94.0491,91.2791,93.6007,51807264
4591,2022-11-11,94.348,96.5799,93.5808,96.0618,33210438
4592,2022-11-14,94.7465,96.4404,94.1687,95.3543,30288942
4593,2022-11-15,97.9051,99.778,96.3607,98.0844,41791768
4594,2022-11-16,97.5464,99.2776,97.2874,98.493,29210663
4595,2022-11-17,96.6197,98.9214,96.4404,98.0047,26147042
4596,2022-11-18,98.4133,98.5428,96.0219,97.078,28445040
4597,2022-11-21,96.9386,98.0445,95.0106,95.2547,21725860
4598,2022-11-22,95.6034,96.8688,93.7103,96.6994,23523446
4599,2022-11-23,96.7393,98.4033,96.7393,98.1044,18936490
4600,2022-11-25,97.8852,98.2837,97.0482,97.108,9736609
4601,2022-11-28,96.6859,97.2275,95.2646,95.7031,26347600
4602,2022-11-29,95.3843,95.7728,93.77,94.8462,20134445
4603,2022-11-30,94.4775,100.675,94.079,100.625,43805707
4604,2022-12-01,100.655,101.881,99.8875,100.625,28791089
4605,2022-12-02,98.6922,100.406,98.5428,100.077,21558572
4606,2022-12-05,99.0409,101.014,98.6424,99.1207,24493557
4607,2022-12-06,98.9414,99.4196,96.0718,96.6297,25000958
4608,2022-12-07,96.0618,96.5312,94.3728,94.5971,31157991
4609,2022-12-08,95.0355,95.2348,93.1125,93.3716,32330064
4610,2022-12-09,93.4313,93.9195,92.415,92.4947,28327768
4611,2022-12-12,92.3751,93.2221,91.2791,92.9729,29114173
4612,2022-12-13,97.4069,99.1705,94.6868,95.2846,40740812
4613,2022-12-14,94.8562,96.5201,93.2619,94.7266,28837761
4614,2022-12-15,92.7936,93.3018,89.6849,90.5317,40252425
4615,2022-12-16,90.4323,91.0001,89.1967,89.9339,58222145
4616,2022-12-19,89.9289,90.2329,87.8914,88.1205,29599945
4617,2022-12-20,87.7918,88.853,87.1243,88.6984,23538858
4618,2022-12-21,88.7583,89.8942,88.001,89.2564,24835342
4619,2022-12-22,87.8415,88.2202,86.0081,87.443,27758557
4620,2022-12-23,86.7953,89.2215,86.7555,88.9077,23086423
4621,2022-12-27,88.4743,88.6187,86.6957,87.0743,20170200
4622,2022-12-28,86.6659,87.7221,85.6296,85.7093,19593949
4623,2022-12-29,86.3071,88.524,86.2972,88.1305,23418123
4624,2022-12-30,86.6659,87.9811,86.2573,87.9113,24073249
4625,2023-01-03,89.2614,90.7211,88.2002,88.798,28233202
4626,2023-01-04,90.0236,90.3226,86.9558,87.7618,34981128
4627,2023-01-05,87.154,87.2537,85.5897,85.8887,27292957
4628,2023-01-06,86.4765,87.3733,84.5535,87.0246,41531507
4629,2023-01-09,88.0408,89.7248,87.5427,87.7021,29109043
4630,2023-01-10,85.6694,88.3496,85.52,88.1006,30578203
4631,2023-01-11,88.858,91.2692,88.6886,91.1895,26959346
4632,2023-01-12,91.1495,91.5382,89.4258,90.8008,30367823
4633,2023-01-13,90.5219,91.857,89.8044,91.7873,26424658
4634,2023-01-17,91.7275,91.9168,89.7248,90.9603,32720610
4635,2023-01-18,91.8072,92.4647,90.3126,90.7908,29222241
4636,2023-01-19,90.3923,93.2669,90.3026,92.7138,37134525
4637,2023-01-20,94.7565,97.9449,94.6768,97.666,63420152
4638,2023-01-23,97.5961,99.6787,97.1478,99.4295,40150077
4639,2023-01-24,97.7456,99.2502,96.8489,97.3471,33198424
4640,2023-01-25,95.2248,95.8147,93.4213,94.8761,42483402
4641,2023-01-26,96.1515,97.2175,95.0355,97.1677,30223140
4642,2023-01-27,96.9585,99.9574,96.9585,99.0111,34002570
4643,2023-01-30,97.1279,97.935,96.0468,96.5899,27324895
4644,2023-01-31,96.5201,98.5228,96.4702,98.483,29978953
4645,2023-02-01,98.3534,100.824,97.2275,100.067,35659907
4646,2023-02-02,105.418,107.46,105.228,107.35,70137097
4647,2023-02-03,102.558,107.42,102.209,104.401,65546013
4648,2023-02-06,102.03,103.983,101.512,102.528,32115563
4649,2023-02-07,102.847,107.789,102.748,107.252,49187897
4650,2023-02-08,101.681,102.767,97.6809,99.0111,95086969
4651,2023-02-09,99.6388,99.6687,93.2919,94.6668,119888056
4652,2023-02-10,95.1053,96.4005,93.9096,94.2284,55180006
4653,2023-02-13,94.3978,94.8562,93.501,94.2683,50257651
4654,2023-02-14,94.0889,94.5025,91.9267,94.3381,54924507
4655,2023-02-15,94.1487,96.7692,93.81,96.5899,50480818
4656,2023-02-16,95.0256,97.3272,94.3978,95.165,42616549
4657,2023-02-17,94.5074,95.2148,92.8733,94.0092,34408401
4658,2023-02-21,92.6641,92.7638,91.3888,91.4585,33751165
4659,2023-02-22,91.3688,91.7773,90.2827,91.3189,30995974
4660,2023-02-23,91.5879,91.6079,89.4358,90.5617,41355757
4661,2023-02-24,89.117,89.5654,88.2552,88.808,36717717
4662,2023-02-27,89.5454,89.8343,89.0123,89.5454,27602000
4663,2023-02-28,89.0074,90.9004,88.9974,89.7348,30251306
4664,2023-03-01,89.6549,90.7012,89.3461,90.0336,31224006
4665,2023-03-02,89.3361,91.9417,89.2664,91.6676,32343052
4666,2023-03-03,92.146,93.3914,92.116,93.3117,35287563
4667,2023-03-06,93.6754,95.6234,93.6605,94.7864,32757633
4668,2023-03-07,94.6369,95.3245,93.1922,93.521,27936382
4669,2023-03-08,93.78,95.6084,93.6605,93.9096,34226892
4670,2023-03-09,93.7103,95.1849,91.5681,91.9866,28917983
4671,2023-03-10,91.837,92.4548,90.0685,90.3026,36071335
4672,2023-03-13,89.7645,92.2357,89.097,90.781,37470918
4673,2023-03-14,92.2257,94.0191,92.106,93.6306,36180899
4674,2023-03-15,92.8832,96.5799,92.3054,95.7628,50805560
4675,2023-03-16,95.8525,100.824,95.155,99.9574,65805345
4676,2023-03-17,99.8975,102.464,99.7384,101.253,61249781
4677,2023-03-20,99.7582,101.382,99.5093,100.854,33079924
4678,2023-03-21,100.884,104.721,100.854,104.541,42262933
4679,2023-03-22,103.893,106.205,102.957,102.996,43584847
4680,2023-03-23,104.681,105.916,104.083,105.218,40945665
4681,2023-03-24,104.611,105.109,103.465,105.059,30521286
4682,2023-03-27,104.238,104.381,101.559,102.09,31233680
4683,2023-03-28,102.07,102.08,99.3798,100.665,32174078
4684,2023-03-29,101.911,102.12,100.287,101.024,28883900
4685,2023-03-30,100.545,100.789,99.4196,100.525,33206123
4686,2023-03-31,100.934,103.514,100.675,103.356,36997002
4687,2023-04-03,102.02,104.153,101.562,103.983,25126154
4688,2023-04-04,103.953,105.198,103.664,104.341,24508604
4689,2023-04-05,105.398,105.717,103.286,104.093,28393058
4690,2023-04-06,104.88,108.775,103.953,108.028,48888064
4691,2023-04-10,106.593,107.202,104.74,106.055,27165476
4692,2023-04-11,106.165,106.345,104.301,104.97,26407185
4693,2023-04-12,106.195,106.365,103.963,104.262,24458618
4694,2023-04-13,105.458,107.102,105.458,107.042,24933639
4695,2023-04-14,106.504,108.547,106.455,108.477,26674349
4696,2023-04-17,104.279,105.776,104.143,105.588,37707417
4697,2023-04-18,106.105,106.155,103.694,104.123,26692859
4698,2023-04-19,103.206,104.601,102.698,103.804,20981469
4699,2023-04-20,103.534,105.866,103.493,104.91,27921647
4700,2023-04-21,105.089,105.617,104.401,105.029,25893609
4701,2023-04-24,105.109,106.245,104.321,105.588,23628174
4702,2023-04-25,105.443,106.305,103.465,103.475,46833266
4703,2023-04-26,104.541,105.966,102.259,103.336,53540950
4704,2023-04-27,104.073,107.979,103.166,107.202,50270765
4705,2023-04-28,106.653,106.962,104.711,106.952,36270857
4706,2023-05-01,106.455,107.6,106.435,106.813,26778403
4707,2023-05-02,106.753,106.813,103.336,104.94,31109613
4708,2023-05-03,105.148,107.102,104.581,105.029,21874415
4709,2023-05-04,105.104,105.218,103.594,104.311,23504404
4710,2023-05-05,104.441,105.498,103.734,105.188,26735823
4711,2023-05-08,104.8,107.57,104.78,107.38,26607551
4712,2023-05-09,107.999,109.752,106.803,106.962,36491950
4713,2023-05-10,107.58,112.533,107.54,111.346,63382304
4714,2023-05-11,114.978,117.494,113.997,116.149,79186049
4715,2023-05-12,116.259,117.604,115.69,117.085,41251330
4716,2023-05-15,115.69,118.052,115.591,116.089,36398235
4717,2023-05-16,116.069,120.314,116.01,119.079,45198816
4718,2023-05-17,119.178,121.231,118.461,120.403,33444389
4719,2023-05-18,120.513,122.865,120.393,122.386,35361960
4720,2023-05-19,123.103,125.515,121.709,122.317,41503355
4721,2023-05-22,122.496,125.974,122.297,124.598,35380829
4722,2023-05-23,123.712,124.175,121.768,122.117,34169672
4723,2023-05-24,120.683,121.47,119.427,120.463,34306550
4724,2023-05-25,124.07,124.867,121.52,123.034,42470389
4725,2023-05-26,122.725,124.807,122.008,124.16,35765120
4726,2023-05-30,125.187,125.207,121.56,123.223,35203814
4727,2023-05-31,122.307,123.612,122.058,122.426,37461096
4728,2023-06-01,122.371,123.97,122.177,123.273,30884237
4729,2023-06-02,123.542,125.694,123.313,124.22,27077952
4730,2023-06-05,123.562,126.969,123.393,125.555,32422641
4731,2023-06-06,125.555,127.827,124.907,126.85,26734861
4732,2023-06-07,126.511,128.574,121.679,122.058,52729445
4733,2023-06-08,121.783,122.78,120.803,121.699,29495705
4734,2023-06-09,121.808,123.308,121.47,121.788,23864517
4735,2023-06-12,122.341,123.602,121.221,123.193,28441473
4736,2023-06-13,124.529,124.708,122.735,123.383,22359074
4737,2023-06-14,122.655,123.602,121.011,123.223,30703197
4738,2023-06-15,122.695,125.007,121.958,124.638,35374039
4739,2023-06-16,125.475,125.652,122.835,123.083,45700623
4740,2023-06-20,122.486,124.12,121.699,122.655,26192098
4741,2023-06-21,121.958,122.217,119.666,120.114,30416199
4742,2023-06-22,119.566,122.795,118.401,122.705,27049950
4743,2023-06-23,120.941,122.344,120.623,121.898,35040202
4744,2023-06-26,120.783,121.56,117.837,117.912,34093041
4745,2023-06-27,116.657,118.649,115.68,117.902,39679257
4746,2023-06-28,116.667,119.956,116.428,119.746,27189658
4747,2023-06-29,118.809,119.626,117.867,118.669,24178233
4748,2023-06-30,119.736,120.643,119.258,119.268,29639298
4749,2023-07-03,118.809,119.756,118.389,119.467,14520297
4750,2023-07-05,118.809,122.167,118.799,121.31,27684806
4751,2023-07-06,119.362,119.866,117.972,119.676,24868626
4752,2023-07-07,119.666,120.613,118.969,119.049,21788248
4753,2023-07-10,117.872,117.877,115.715,116.03,35443256
4754,2023-07-11,115.87,117.285,114.933,116.717,23162444
4755,2023-07-12,118.371,119.896,117.987,118.501,30514628
4756,2023-07-13,120.493,124.379,120.015,124.09,44458499
4757,2023-07-14,124.349,126.317,123.044,124.967,33403730
4758,2023-07-17,125.485,126.641,123.747,124.2,25809438
4759,2023-07-18,124.15,124.23,122.516,123.313,26321520
4760,2023-07-19,124.15,124.727,121.36,121.589,37358973
4761,2023-07-20,120.981,123.642,117.793,118.769,38044178
4762,2023-07-21,120.184,120.553,118.301,119.586,71866054
4763,2023-07-24,121.221,122.556,120.543,121.091,29831418
4764,2023-07-25,120.921,122.7,120.583,121.768,52699903
4765,2023-07-26,129.6,130.507,127.856,128.803,61905696
4766,2023-07-27,131.195,132.759,128.325,128.933,45115029
4767,2023-07-28,130.308,133.257,130.098,132.102,36723804
4768,2023-07-31,132.25,133.043,131.3,132.24,28157235
4769,2023-08-01,130.303,132.151,130.208,131.075,23360819
4770,2023-08-02,128.983,129.62,127.099,127.916,26368501
4771,2023-08-03,127.508,128.918,126.959,127.986,20232608
4772,2023-08-04,128.813,131.035,127.448,127.647,26241944
4773,2023-08-07,128.694,131.135,128.554,131.055,22828747
4774,2023-08-08,130.148,131.035,129.077,130.925,23620498
4775,2023-08-09,131.185,131.563,128.534,129.191,25003229
4776,2023-08-10,130.845,131.573,128.983,129.221,20933365
4777,2023-08-11,128.196,129.461,127.707,129.092,19662099
4778,2023-08-14,128.923,130.895,128.494,130.855,24785132
4779,2023-08-15,130.626,130.945,128.813,129.311,19842402
4780,2023-08-16,128.235,129.811,127.403,128.235,25307478
4781,2023-08-17,129.331,131.513,128.823,129.451,33567526
4782,2023-08-18,128.046,128.783,125.927,126.999,30615351
4783,2023-08-21,126.716,128.26,126.102,127.906,25340258
4784,2023-08-22,128.046,129.808,127.856,128.614,22147516
4785,2023-08-23,129.71,132.928,129.401,131.892,27920562
4786,2023-08-24,133.466,133.765,129.101,129.311,28604011
4787,2023-08-25,129.072,130.288,126.791,129.411,26859909
4788,2023-08-28,130.835,132.062,129.67,130.537,20617737
4789,2023-08-29,131.762,136.076,131.762,134.084,43231709
4790,2023-08-30,134.293,135.783,133.586,135.389,28418416
4791,2023-08-31,135.519,137.501,135.299,135.679,30162748
4792,2023-09-01,136.958,136.958,134.363,135.169,21621785
4793,2023-09-05,134.951,135.927,134.094,135.279,19473450
4794,2023-09-06,135.529,136.036,133.182,133.974,18752267
4795,2023-09-07,133.107,135.091,132.47,134.772,18912654
4796,2023-09-08,134.422,136.166,134.363,135.887,23669683
4797,2023-09-11,136.046,136.983,135.294,136.426,20838619
4798,2023-09-12,135.768,136.376,134.702,134.851,18472226
4799,2023-09-13,134.602,136.406,133.665,136.216,20824715
4800,2023-09-14,137.103,138.194,135.748,137.601,24840692
4801,2023-09-15,137.481,138.02,135.987,136.903,39060701
4802,2023-09-18,136.116,138.657,136.116,137.711,21940595
4803,2023-09-19,136.923,137.91,136.126,137.541,20427437
4804,2023-09-20,137.581,137.581,133.137,133.257,30035965
4805,2023-09-21,130.965,131.752,129.6,129.968,31618114
4806,2023-09-22,130.288,131.548,129.131,129.78,26493030
4807,2023-09-25,129.361,130.696,128.494,130.636,20167488
4808,2023-09-26,129.301,129.893,126.761,128.101,25811936
4809,2023-09-27,128.106,130.423,128.106,130.068,22828910
4810,2023-09-28,129.371,132.819,129.321,131.832,22594744
4811,2023-09-29,132.799,133.566,129.889,130.388,30971659
4812,2023-10-02,130.736,133.935,130.696,133.685,22368834
4813,2023-10-03,133.456,133.775,131.363,131.952,23072739
4814,2023-10-04,132.31,135.081,132.052,134.752,26849274
4815,2023-10-05,134.582,135.001,132.968,134.582,19904510
4816,2023-10-06,133.526,137.656,133.526,137.083,27697642
4817,2023-10-09,136.446,138.438,135.12,137.92,19347954
4818,2023-10-10,138.0,139.215,136.834,137.561,27887342
4819,2023-10-11,138.08,140.6,138.08,140.043,25978136
4820,2023-10-12,140.54,140.71,137.76,138.468,24855314
4821,2023-10-13,138.877,139.495,136.121,136.864,23520555
4822,2023-10-16,137.671,139.126,137.491,138.593,28605193
4823,2023-10-17,138.129,139.395,136.684,139.215,23601027
4824,2023-10-18,138.941,140.212,136.884,137.461,23459734
4825,2023-10-19,138.0,139.156,136.884,137.253,26160502
4826,2023-10-20,136.834,137.373,134.592,135.111,26431142
4827,2023-10-23,134.552,137.163,133.466,136.007,26413335
4828,2023-10-24,137.333,138.857,136.923,138.308,44976777
4829,2023-10-25,127.697,127.846,124.618,125.157,84672044
4830,2023-10-26,122.825,123.88,120.832,121.838,57267992
4831,2023-10-27,122.436,122.865,119.772,121.728,44728064
4832,2023-10-30,122.765,124.947,122.307,124.01,29044991
4833,2023-10-31,124.608,124.917,122.242,123.632,26387654
4834,2023-11-01,123.622,126.034,123.268,125.994,30191489
4835,2023-11-02,127.956,128.514,126.471,127.029,27222976
4836,2023-11-03,127.558,129.058,127.398,128.634,26488786
4837,2023-11-06,128.584,129.869,128.205,129.78,19121808
4838,2023-11-07,130.238,131.433,129.411,130.497,29865149
4839,2023-11-08,130.497,131.732,130.308,131.363,26521645
4840,2023-11-09,131.483,132.072,129.595,129.77,23833861
4841,2023-11-10,129.635,132.32,128.943,132.111,27025442
4842,2023-11-13,131.305,132.111,130.776,131.613,18391180
4843,2023-11-14,133.705,135.209,132.839,133.137,32512613
4844,2023-11-15,134.382,134.542,133.087,134.134,23948015
4845,2023-11-16,134.702,136.724,133.835,136.436,28114729
4846,2023-11-17,135.509,135.569,133.167,134.821,37422862
4847,2023-11-20,133.207,136.166,133.137,135.758,27951723
4848,2023-11-21,135.798,136.684,135.469,136.476,22717327
4849,2023-11-22,136.973,138.916,136.973,137.99,17885056
4850,2023-11-24,137.531,137.631,135.499,136.196,12559687
4851,2023-11-27,135.539,137.92,135.509,135.917,23521485
4852,2023-11-28,135.589,136.754,134.933,136.704,18797930
4853,2023-11-29,137.073,137.788,134.353,134.502,24054105
4854,2023-11-30,134.562,135.061,130.806,132.052,39129599
4855,2023-12-01,131.383,131.633,130.193,131.383,31556244
4856,2023-12-04,129.411,129.561,127.438,128.803,36802808
4857,2023-12-05,128.484,131.663,127.787,130.517,27484056
4858,2023-12-06,130.965,131.363,129.406,129.551,23661642
4859,2023-12-07,134.552,138.06,134.214,136.436,56972886
4860,2023-12-08,133.715,135.907,133.541,134.502,32377058
4861,2023-12-11,131.902,132.854,130.885,132.809,31250889
4862,2023-12-12,131.334,132.52,130.786,132.042,29138077
4863,2023-12-13,132.898,133.018,131.095,132.092,30213907
4864,2023-12-14,132.898,133.237,129.216,131.463,38862785
4865,2023-12-15,131.145,133.028,130.706,132.121,51031438
4866,2023-12-18,132.151,136.652,131.952,135.309,32374905
4867,2023-12-19,136.346,136.973,135.589,136.156,25569108
4868,2023-12-20,138.468,141.183,137.566,137.84,49285197
4869,2023-12-21,138.986,140.177,138.677,139.913,27587931
4870,2023-12-22,140.262,141.477,140.202,140.979,26628380
4871,2023-12-26,141.079,142.164,140.68,141.009,16841163
4872,2023-12-27,141.079,141.567,139.381,139.863,19699773
4873,2023-12-28,140.272,140.63,139.245,139.723,16103879
4874,2023-12-29,139.126,139.853,138.279,139.185,18800926
4875,2024-01-02,138.05,138.946,135.987,137.671,23797175
4876,2024-01-03,136.754,139.126,136.585,138.418,24299918
4877,2024-01-04,137.92,138.657,135.858,135.897,27236112
4878,2024-01-05,136.251,136.66,134.662,135.239,22595468
4879,2024-01-08,135.798,138.508,135.768,138.338,21481573
4880,2024-01-09,138.0,140.974,137.651,140.44,24849354
4881,2024-01-10,140.49,142.484,140.4,141.767,21397490
4882,2024-01-11,142.972,144.696,140.127,141.567,24095756
4883,2024-01-12,142.154,142.677,141.307,142.134,18853613
4884,2024-01-16,141.487,143.829,140.939,141.975,22752649
4885,2024-01-17,140.835,141.327,138.398,140.959,21044662
4886,2024-01-18,141.537,143.689,141.477,142.962,25839750
4887,2024-01-19,144.217,145.921,143.858,145.851,34396105
4888,2024-01-22,146.568,147.855,145.313,145.463,32317098
4889,2024-01-23,145.363,146.65,144.974,146.508,21714562
4890,2024-01-24,148.003,149.314,147.565,148.163,25324923
4891,2024-01-25,149.523,152.497,149.0,151.322,29254737
4892,2024-01-26,150.554,151.984,150.465,151.636,26210165
4893,2024-01-29,151.511,153.224,150.883,152.956,27884979
4894,2024-01-30,152.249,153.066,150.639,150.913,36463539
4895,2024-01-31,143.101,143.48,139.365,139.594,72170725
4896,2024-02-01,141.607,142.544,140.282,140.65,40613244
4897,2024-02-02,138.757,142.105,136.007,141.866,62726141
4898,2024-02-05,142.304,144.944,142.264,143.161,38644990
4899,2024-02-06,144.128,144.835,142.672,143.579,29233793
4900,2024-02-07,144.237,145.089,143.405,145.014,25300246
4901,2024-02-08,145.303,145.801,144.581,145.383,22645559
4902,2024-02-09,146.151,148.9,145.652,148.462,26926763
4903,2024-02-12,147.885,148.795,146.838,146.998,21642256
4904,2024-02-13,144.397,146.141,143.171,144.616,27938644
4905,2024-02-14,145.553,145.991,143.573,145.413,22786470
4906,2024-02-15,142.624,143.001,139.953,142.254,37726965
4907,2024-02-16,142.474,142.672,139.633,140.013,31583004
4908,2024-02-20,139.151,141.567,138.986,140.61,25026104
4909,2024-02-21,140.939,142.174,140.167,142.035,23400208
4910,2024-02-22,144.407,144.476,142.284,143.569,27290465
4911,2024-02-23,143.151,144.157,142.912,143.44,19564418
4912,2024-02-26,141.627,141.925,136.893,137.073,53836251
4913,2024-02-27,137.521,138.747,136.595,138.378,33219177
4914,2024-02-28,137.402,137.511,134.921,135.887,37463877
4915,2024-02-29,136.784,138.358,135.907,137.96,42285689
4916,2024-03-01,137.93,138.368,136.426,136.644,31264041
4917,2024-03-04,135.169,135.169,131.433,132.868,56202418
4918,2024-03-05,131.403,132.759,130.193,132.191,40340467
4919,2024-03-06,132.639,133.097,130.378,130.925,35446643
4920,2024-03-07,132.315,134.452,131.135,133.895,37875013
4921,2024-03-08,133.725,137.586,133.516,134.921,39513113
4922,2024-03-11,135.639,138.593,135.639,137.173,32555362
4923,2024-03-12,136.536,138.872,136.536,138.0,27663273
4924,2024-03-13,138.498,140.58,138.488,139.285,23431843
4925,2024-03-14,140.68,143.066,139.948,142.584,42908372
4926,2024-03-15,141.985,142.662,139.524,140.67,49654770
4927,2024-03-18,148.073,151.601,146.638,147.147,69524823
4928,2024-03-19,147.625,148.254,145.553,146.498,24157692
4929,2024-03-20,147.465,148.322,146.205,148.202,21388757
4930,2024-03-21,148.93,149.827,146.37,147.067,24845338
4931,2024-03-22,148.582,151.032,148.442,150.225,29317664
4932,2024-03-25,149.399,149.832,147.286,149.528,19298993
4933,2024-03-26,149.677,151.705,149.438,150.126,22229429
4934,2024-03-27,150.634,151.087,148.362,150.325,22962117
4935,2024-03-28,150.305,150.883,149.628,150.385,24574152
4936,2024-04-01,150.146,155.177,150.066,154.928,31845875
4937,2024-04-02,152.946,154.141,151.601,154.002,24675111
4938,2024-04-03,153.046,154.52,152.179,154.36,24794549
4939,2024-04-04,152.946,154.211,149.907,149.986,34850618
4940,2024-04-05,149.488,152.866,149.059,151.949,23544288
4941,2024-04-08,152.229,154.709,152.059,154.29,20777020
4942,2024-04-09,155.521,157.987,154.63,156.034,31225800
4943,2024-04-10,155.646,156.044,154.121,155.576,22921421
4944,2024-04-11,156.343,159.104,155.895,158.834,27264912
4945,2024-04-12,157.39,159.644,156.573,157.16,25445655
4946,2024-04-15,158.287,158.664,154.031,154.3,27234844
4947,2024-04-16,153.633,155.088,152.876,153.843,20854822
4948,2024-04-17,155.058,156.513,154.021,154.908,21842023
4949,2024-04-18,154.779,156.373,154.061,155.446,19955122
4950,2024-04-19,155.636,155.795,151.749,153.553,32704731
4951,2024-04-22,153.753,157.07,153.503,155.716,26542076
4952,2024-04-23,156.393,158.396,155.716,157.689,21228244
4953,2024-04-24,156.921,158.989,156.598,158.555,22861688
4954,2024-04-25,150.784,155.925,150.325,155.437,57316758
4955,2024-04-26,173.74,174.079,169.037,171.329,64899717
4956,2024-04-29,168.447,168.938,164.613,165.55,45775364
4957,2024-04-30,165.014,167.492,162.013,162.192,33684529
4958,2024-05-01,163.707,166.516,162.501,163.268,33614567
4959,2024-05-02,164.19,166.128,163.298,166.018,24382619
4960,2024-05-03,166.955,167.353,162.461,166.636,34788086
4961,2024-05-06,166.855,167.532,165.43,167.492,21950568
4962,2024-05-07,167.892,171.14,167.782,170.631,28141342
4963,2024-05-08,168.389,169.536,168.126,168.769,19640086
4964,2024-05-09,168.779,170.073,167.572,169.346,15402333
4965,2024-05-10,167.418,169.236,165.589,168.041,29907958
4966,2024-05-13,163.667,168.669,163.408,168.529,31441167
4967,2024-05-14,169.156,170.631,168.19,169.725,25218226
4968,2024-05-15,170.013,172.026,169.894,171.887,27046060
4969,2024-05-16,172.664,174.482,172.066,173.55,27968971
4970,2024-05-17,173.55,175.629,173.063,175.424,24568001
4971,2024-05-20,175.556,178.124,175.444,176.281,22636161
4972,2024-05-21,176.261,177.507,175.174,177.208,17050957
4973,2024-05-22,176.005,176.511,174.577,175.744,17944858
4974,2024-05-23,176.431,177.606,172.326,172.923,21101152
4975,2024-05-24,174.347,175.134,173.023,174.357,16639540
4976,2024-05-28,173.82,176.63,173.735,175.764,20646733
4977,2024-05-29,174.797,176.197,174.089,175.264,23473479
4978,2024-05-30,174.567,174.587,171.17,171.488,23041904
4979,2024-05-31,171.24,172.435,168.829,171.877,37775320
4980,2024-06-03,171.917,173.895,170.542,172.544,27558660
4981,2024-06-04,172.654,173.217,171.269,173.163,26977037
4982,2024-06-05,174.567,176.006,173.306,174.777,22148519
4983,2024-06-06,175.259,176.511,175.115,176.091,23335300
4984,2024-06-07,176.411,177.228,173.67,173.83,19732673
4985,2024-06-10,174.538,176.623,172.333,174.578,23838060
4986,2024-06-11,175.785,176.404,173.341,176.184,21593885
4987,2024-06-12,177.81,179.965,175.676,177.351,27933689
4988,2024-06-13,175.676,176.304,174.448,174.728,20965050
4989,2024-06-14,173.79,176.626,173.72,176.354,18108254
4990,2024-06-17,175.026,177.92,174.378,176.802,19667043
4991,2024-06-18,176.702,176.947,173.674,174.658,21923975
4992,2024-06-20,174.938,176.852,174.558,175.864,20209972
4993,2024-06-21,176.563,180.403,176.174,179.187,58727708
4994,2024-06-24,179.715,180.443,178.229,178.777,18343291
4995,2024-06-25,179.177,183.835,178.977,183.576,23293086
4996,2024-06-26,182.179,184.054,182.029,183.426,19888064
4997,2024-06-27,183.725,185.59,183.566,184.952,18895526
4998,2024-06-28,183.865,184.673,181.511,181.701,29228793
4999,2024-07-01,182.578,183.426,180.853,182.539,16045735
5000,2024-07-02,181.601,185.112,181.111,184.783,17415474
5001,2024-07-03,184.394,185.63,183.546,185.362,10267470
5002,2024-07-05,185.397,190.389,185.342,190.129,21019335
5003,2024-07-08,189.426,189.701,187.316,188.563,21087940
5004,2024-07-09,189.84,190.887,188.254,188.514,15178779
5005,2024-07-10,188.683,191.277,188.563,190.708,15991929
5006,2024-07-11,189.376,190.389,184.623,185.112,25689196
5007,2024-07-12,184.623,186.648,184.035,184.613,22955069
5008,2024-07-15,184.464,187.776,184.464,186.07,16514808
5009,2024-07-16,186.898,188.214,182.921,183.466,18335983
5010,2024-07-17,182.514,183.097,179.456,180.573,20785378
5011,2024-07-18,181.481,182.049,176.034,177.252,25378372
5012,2024-07-19,178.438,179.845,176.692,177.222,18928609
5013,2024-07-22,180.145,182.249,179.785,181.221,24159982
5014,2024-07-23,181.601,183.157,181.091,181.341,36442670
5015,2024-07-24,173.172,175.756,171.396,172.204,49707904
5016,2024-07-25,172.094,172.992,166.777,166.867,44962961
5017,2024-07-26,166.737,167.675,163.655,166.588,41439176
5018,2024-07-29,168.413,170.009,167.575,169.111,20344040
5019,2024-07-30,169.819,170.807,168.024,169.869,19006602
5020,2024-07-31,172.812,173.815,169.591,171.117,25792757
5021,2024-08-01,169.829,173.62,168.463,170.339,24592096
5022,2024-08-02,166.029,168.094,164.264,166.248,29202185
5023,2024-08-05,155.116,164.024,154.548,158.857,53763384
5024,2024-08-06,158.937,160.173,156.024,157.899,49125825
5025,2024-08-07,160.852,162.578,158.079,158.547,25200779
5026,2024-08-08,160.113,163.286,159.815,161.63,25642135
5027,2024-08-09,159.615,163.386,158.667,163.266,28673062
5028,2024-08-12,163.944,164.492,161.441,161.889,15934619
5029,2024-08-13,163.006,164.324,162.568,163.754,18597597
5030,2024-08-14,161.999,162.817,157.321,159.974,40691570
5031,2024-08-15,160.104,161.236,159.216,160.902,31602260
5032,2024-08-16,161.071,164.652,160.732,162.558,24268552
5033,2024-08-19,164.872,166.278,163.854,166.258,22471654
5034,2024-08-20,166.488,168.224,166.408,166.767,18386920
5035,2024-08-21,164.742,166.438,164.264,165.44,22958669
5036,2024-08-22,166.847,167.176,162.907,163.396,22548935
5037,2024-08-23,164.314,165.77,163.426,165.212,13990275
5038,2024-08-26,165.97,167.136,164.049,165.75,14225531
5039,2024-08-27,165.425,166.032,164.054,164.274,11851194
5040,2024-08-28,164.627,165.192,161.129,162.448,16448045
5041,2024-08-29,163.904,165.56,159.855,161.381,19748515
5042,2024-08-30,162.214,163.256,161.293,162.976,22178557
5043,2024-09-03,161.321,161.451,156.094,156.971,39041673
5044,2024-09-04,156.268,158.607,155.577,156.064,19401650
5045,2024-09-05,155.914,159.057,155.596,156.852,18734993
5046,2024-09-06,156.912,157.441,150.178,150.547,38005945
5047,2024-09-09,152.335,153.224,147.046,148.54,39305446
5048,2024-09-10,150.278,151.097,148.17,148.49,31154429
5049,2024-09-11,149.748,151.327,147.351,150.987,29641625
5050,2024-09-12,153.624,154.643,152.475,154.513,29729080
5051,2024-09-13,155.252,158.199,155.032,157.28,29625065
5052,2024-09-16,157.13,158.069,156.421,157.879,18400839
5053,2024-09-17,158.838,160.366,158.194,159.138,20739353
5054,2024-09-18,159.677,160.316,158.413,159.627,23704450
5055,2024-09-19,163.523,163.603,161.155,161.954,26618204
5056,2024-09-20,163.313,163.543,161.874,163.403,40943308
5057,2024-09-23,164.162,165.301,161.485,161.665,24178530
5058,2024-09-24,162.843,163.029,160.506,162.104,23358887
5059,2024-09-25,161.285,162.624,161.115,161.305,18890824
5060,2024-09-26,163.453,163.892,162.094,162.544,20342623
5061,2024-09-27,162.624,165.51,162.44,163.762,21125490
5062,2024-09-30,163.133,165.96,163.073,165.66,20504775
5063,2024-10-01,167.493,168.966,164.392,166.799,28370600
5064,2024-10-02,166.229,167.328,164.541,165.67,17780533
5065,2024-10-03,164.222,166.449,163.735,165.67,15090375
5066,2024-10-04,167.868,168.037,165.291,166.869,19115606
5067,2024-10-07,167.528,168.287,162.564,162.793,22488884
5068,2024-10-08,163.752,164.536,162.684,164.192,23099175
5069,2024-10-09,163.263,164.651,159.557,161.675,31217510
5070,2024-10-10,160.686,162.883,160.211,161.894,14160278
5071,2024-10-11,161.944,163.712,161.05,163.053,15361836
5072,2024-10-14,163.453,166.036,163.213,164.771,19037934
5073,2024-10-15,165.595,167.488,164.437,165.271,20270399
5074,2024-10-16,164.342,165.61,163.553,164.971,16424832
5075,2024-10-17,165.54,166.18,162.574,162.743,21477982
5076,2024-10-18,163.003,164.521,162.893,163.233,19780304
5077,2024-10-21,162.763,164.312,162.434,163.882,20970461
5078,2024-10-22,162.793,165.58,162.793,164.951,16587109
5079,2024-10-23,164.571,165.63,161.74,162.594,18301468
5080,2024-10-24,162.644,163.143,160.826,162.534,22438213
5081,2024-10-25,163.483,165.4,163.233,165.081,19851609
5082,2024-10-28,168.557,168.557,163.762,166.529,32175474
5083,2024-10-29,167.538,170.185,166.898,169.486,42217353
5084,2024-10-30,180.473,181.812,173.861,174.26,68969740
5085,2024-10-31,172.932,176.618,170.804,170.914,44820289
5086,2024-11-01,169.875,172.123,168.687,171.094,31832917
5087,2024-11-04,169.735,170.535,167.819,169.046,21517376
5088,2024-11-05,169.236,170.335,168.647,169.546,18262956
5089,2024-11-06,173.601,176.737,173.301,176.308,33734155
5090,2024-11-07,177.207,180.873,176.987,180.543,25381995
5091,2024-11-08,180.438,180.693,177.876,178.146,22031402
5092,2024-11-11,178.376,180.338,178.266,180.144,17470353
5093,2024-11-12,179.614,182.281,179.185,181.412,25163711
5094,2024-11-13,180.253,180.753,178.336,178.675,23210573
5095,2024-11-14,178.076,178.615,174.122,175.379,31042993
5096,2024-11-15,173.531,173.941,171.024,172.293,32541901
5097,2024-11-18,173.221,175.237,172.702,175.099,20229771
5098,2024-11-19,173.521,178.665,173.361,177.916,23461782
5099,2024-11-20,177.137,177.472,173.581,175.779,19018882
5100,2024-11-21,173.701,173.931,163.513,167.438,59802838
5101,2024-11-22,165.66,166.269,163.712,164.571,38648830
5102,2024-11-25,165.9,168.437,165.418,167.458,33173238
5103,2024-11-26,167.438,169.626,167.388,168.926,20510199
5104,2024-11-27,168.807,169.289,167.828,169.036,19288591
5105,2024-11-29,168.307,169.236,166.969,168.757,14273583
5106,2024-12-02,168.572,171.878,168.377,171.294,23816347
5107,2024-12-03,171.294,172.482,170.654,171.144,22274203
5108,2024-12-04,170.949,174.71,170.864,174.17,31651370
5109,2024-12-05,175.159,175.858,172.133,172.442,21380718
5110,2024-12-06,171.833,174.88,171.663,174.51,21486990
5111,2024-12-09,173.96,176.26,173.65,175.37,25389631
5112,2024-12-10,182.845,186.36,181.05,185.17,54813022
5113,2024-12-11,185.31,195.61,184.85,195.4,67894071
5114,2024-12-12,195.0,195.18,191.71,191.96,34817486
5115,2024-12-13,191.01,192.73,189.64,189.82,25143495
5116,2024-12-16,192.87,199.0,192.62,196.66,44934901
5117,2024-12-17,197.25,201.42,194.98,195.42,43504025
5118,2024-12-18,195.22,197.0,187.74,188.4,34166074
5119,2024-12-19,191.625,193.03,188.38,188.51,32265241
5120,2024-12-20,185.78,192.89,185.22,191.41,63462934
5121,2024-12-23,192.62,195.1,190.15,194.63,25675014
5122,2024-12-24,194.84,196.11,193.78,196.11,10403259
5123,2024-12-26,195.15,196.748,194.375,195.6,12057210
5124,2024-12-27,194.95,195.32,190.65,192.76,18891362
5125,2024-12-30,189.8,192.55,189.12,191.24,14264659
5126,2024-12-31,191.075,191.96,188.51,189.3,17466919
5127,2025-01-02,190.65,192.0,187.5,189.43,20370828
5128,2025-01-03,191.37,193.21,189.975,191.79,18596159
5129,2025-01-06,193.98,198.222,193.85,196.87,29563638
5130,2025-01-07,197.11,201.0,194.6,195.49,26487244
5131,2025-01-08,192.57,196.29,192.38,193.95,24864766
5132,2025-01-10,194.295,196.52,190.31,192.04,26665206
5133,2025-01-13,190.07,191.18,187.36,191.01,21823699
5134,2025-01-14,191.24,191.98,188.308,189.66,17174854
5135,2025-01-15,193.09,196.36,191.86,195.55,21775969
5136,2025-01-16,194.14,195.48,192.81,192.91,17815432
5137,2025-01-17,196.53,197.23,193.75,196.0,27735089
5138,2025-01-21,198.985,202.29,197.87,198.05,29971292
5139,2025-01-22,199.06,200.48,197.53,198.37,26200617
5140,2025-01-23,198.14,200.3,195.2,197.98,26951357
5141,2025-01-24,198.1,200.9,198.0,200.21,23877521
5142,2025-01-27,192.41,196.88,190.73,191.81,41728893
5143,2025-01-28,192.745,195.48,190.68,195.3,24157929
5144,2025-01-29,195.555,196.785,193.43,195.41,18218256
5145,2025-01-30,198.0,201.4,197.67,200.87,24354684
5146,2025-01-31,202.0,205.48,201.8,204.02,32041952
5147,2025-02-03,200.69,203.75,200.1,201.23,27838348
5148,2025-02-04,203.39,207.05,202.81,206.38,43856425
5149,2025-02-05,191.07,192.75,188.03,191.33,70461770
5150,2025-02-06,189.5,192.1,188.72,191.6,29297442
5151,2025-02-07,191.05,191.18,183.24,185.34,49314961
5152,2025-02-10,187.35,188.2,185.86,186.47,23105649
5153,2025-02-11,185.03,186.94,184.28,185.32,21239519
5154,2025-02-12,183.22,185.11,181.83,183.61,22072559
5155,2025-02-13,184.32,186.28,183.14,186.14,21402523
5156,2025-02-14,185.055,186.4,184.32,185.23,20448437
5157,2025-02-18,185.6,185.96,181.74,183.77,29916675
5158,2025-02-19,184.07,185.46,183.59,185.27,19549396
5159,2025-02-20,184.8,185.31,182.72,184.56,20441462
5160,2025-02-21,185.15,185.34,179.08,179.66,35199239
5161,2025-02-24,182.05,183.12,178.885,179.32,29854206
5162,2025-02-25,178.04,178.74,174.693,175.42,41913411
5163,2025-02-26,175.07,176.08,171.58,172.73,35431268
5164,2025-02-27,173.99,174.56,167.94,168.5,39991015
5165,2025-02-28,168.68,170.61,166.77,170.28,48130565
5166,2025-03-03,171.925,173.37,165.93,167.01,40770451
5167,2025-03-04,166.24,173.2946,165.8,170.92,45387996
5168,2025-03-05,170.52,173.78,169.06,173.02,30954922
5169,2025-03-06,170.53,174.81,170.5,172.35,28301953
5170,2025-03-07,171.26,174.97,170.27,173.86,27385813
5171,2025-03-10,168.26,168.46,163.69,165.87,43604027
5172,2025-03-11,164.91,166.75,161.37,164.04,39587414
5173,2025-03-12,166.58,167.6399,163.53,167.11,28372396
5174,2025-03-13,166.035,166.13,162.11,162.76,31756214
5175,2025-03-14,163.27,166.49,162.45,165.49,31995894
5176,2025-03-17,165.03,166.3,163.67,164.29,31184335
5177,2025-03-18,163.675,164.25,156.72,160.67,42074751
5178,2025-03-19,161.76,165.87,161.0,163.89,34275582
5179,2025-03-20,161.57,164.89,160.96,162.8,28138464
5180,2025-03-21,161.205,164.24,160.8901,163.99,36625764
5181,2025-03-24,167.065,168.32,165.14,167.68,30879129
5182,2025-03-25,168.98,170.63,168.315,170.56,24174373
5183,2025-03-26,169.0,169.61,164.84,165.06,28939326
5184,2025-03-27,164.63,165.42,162.0,162.24,24508273
5185,2025-03-28,160.49,161.82,153.63,154.33,48669335
5186,2025-03-31,153.11,155.54,150.662,154.64,54603464
5187,2025-04-01,153.62,158.1,153.62,157.07,30672899
5188,2025-04-02,155.15,158.4052,154.7,157.04,25041730
5189,2025-04-03,151.11,152.7799,150.39,150.72,46883371
5190,2025-04-04,148.01,151.07,145.38,145.6,62259539
5191,2025-04-07,141.55,152.85,140.53,146.75,76794136
5192,2025-04-08,151.22,152.24,143.03,144.7,52200208
5193,2025-04-09,144.415,159.55,143.905,158.71,70406232
5194,2025-04-10,156.54,157.72,149.93,152.82,48021972
5195,2025-04-11,152.9,157.67,152.82,157.14,33636239
5196,2025-04-14,159.995,161.72,157.56,159.07,30332957
5197,2025-04-15,159.125,159.65,155.21,156.31,27551534
5198,2025-04-16,153.1,155.89,151.51,153.33,28187421
5199,2025-04-17,154.29,154.68,148.5,151.16,33046576
5200,2025-04-21,148.88,148.945,146.1,147.67,26049115
5201,2025-04-22,148.89,152.19,148.54,151.47,26971774
5202,2025-04-23,155.61,157.525,153.81,155.35,31128833
5203,2025-04-24,156.15,159.59,155.79,159.28,45893951
5204,2025-04-25,165.07,166.1,161.04,161.96,56033995
5205,2025-04-28,162.425,163.15,158.6,160.61,29745782
5206,2025-04-29,160.325,160.74,157.52,160.16,26808958
5207,2025-04-30,157.975,159.27,155.4,158.8,34981059
5208,2025-05-01,160.45,161.95,158.91,161.3,30203248
5209,2025-05-02,163.405,164.97,161.87,164.03,25715005
5210,2025-05-05,163.0,165.39,162.72,164.21,21341814
5211,2025-05-06,162.17,164.8,161.19,163.23,21277210
5212,2025-05-07,164.08,165.0,147.84,151.38,127747554
5213,2025-05-08,155.0,155.93,152.9,154.28,57498692
5214,2025-05-09,154.17,155.05,152.2,152.75,32435281
5215,2025-05-12,157.485,159.1,156.25,158.46,44138818
5216,2025-05-13,158.79,160.57,156.16,159.53,42382126
5217,2025-05-14,159.96,167.0,159.61,165.37,48755869
5218,2025-05-15,165.84,166.205,162.3732,163.96,33146669
5219,2025-05-16,167.725,169.35,165.62,166.19,42846925
5220,2025-05-19,164.51,166.64,164.22,166.54,30426097
5221,2025-05-20,166.43,168.5,162.9,163.98,46607656
5222,2025-05-21,163.69,173.14,163.56,168.56,73415956
5223,2025-05-22,171.85,176.77,170.71,170.87,74864418
5224,2025-05-23,169.055,169.96,167.89,168.47,35211439
5225,2025-05-27,170.16,173.17,170.0,172.9,37995670
5226,2025-05-28,173.16,175.265,171.9107,172.36,34783997
5227,2025-05-29,174.0,174.4193,170.63,171.86,29373803
5228,2025-05-30,171.35,172.205,167.44,171.74,52639911
5229,2025-06-02,167.84,169.87,167.39,169.03,38612272
5230,2025-06-03,167.49,168.475,165.28,166.18,45084903
5231,2025-06-04,166.735,168.215,166.36,168.05,26900838
5232,2025-06-05,170.34,170.93,167.59,168.21,36444564
5233,2025-06-06,170.83,174.5,170.83,173.68,35731832
5234,2025-06-09,174.54,176.47,174.37,176.09,28935906
5235,2025-06-10,176.2,181.105,174.91,178.6,61766121
5236,2025-06-11,179.77,180.37,176.75,177.35,31646757
5237,2025-06-12,176.18,176.72,174.745,175.7,20941873
5238,2025-06-13,172.44,177.13,172.385,174.67,27663107
5239,2025-06-16,174.73,176.94,174.65,176.77,27389208
5240,2025-06-17,175.7,177.3648,174.58,175.95,24973043
5241,2025-06-18,176.01,176.56,173.2,173.32,28707524
5242,2025-06-20,173.945,174.34,165.46,166.64,75659917
5243,2025-06-23,166.27,167.34,162.0,165.19,57670985
5244,2025-06-24,166.92,168.22,166.13,166.77,40524312
5245,2025-06-25,167.63,172.36,167.55,170.68,35478989
5246,2025-06-26,172.43,173.69,169.94,173.54,31796690
5247,2025-06-27,173.54,178.68,171.73,178.53,108140200
5248,2025-06-30,180.78,181.23,174.58,176.23,63378856
5249,2025-07-01,175.735,176.09,173.53,175.84,35904526
5250,2025-07-02,175.54,178.86,175.07,178.64,29128947
5251,2025-07-03,178.5,179.67,177.05,179.53,21689729
5252,2025-07-07,179.06,179.297,175.68,176.79,34175648
5253,2025-07-08,177.85,177.95,172.81,174.36,40442535
5254,2025-07-09,175.25,179.44,172.77,176.62,43025594
5255,2025-07-10,175.63,178.429,174.38,177.62,29252386
5256,2025-07-11,176.785,181.43,176.48,180.19,34282922
5257,2025-07-14,181.01,183.67,179.68,181.56,32536632
5258,2025-07-15,182.81,184.22,181.6,182.0,33448251
5259,2025-07-16,183.235,184.327,182.03,182.97,33104193
5260,2025-07-17,182.14,184.06,180.48,183.58,31992565
5261,2025-07-18,185.4,186.42,183.71,185.06,34014509
5262,2025-07-21,186.25,190.285,186.15,190.1,45803129
5263,2025-07-22,191.495,191.645,187.46,191.34,44660215
5264,2025-07-23,191.5,192.53,189.18,190.23,58681948
5265,2025-07-24,197.03,197.95,191.0,192.17,74881687
5266,2025-07-25,191.98,194.33,191.26,193.18,39785863
5267,2025-07-28,193.65,194.05,190.84,192.58,38139504
5268,2025-07-29,192.43,195.92,192.08,195.75,41389153
5269,2025-07-30,195.6,197.5999,194.685,196.53,32445405
5270,2025-07-31,195.71,195.99,191.09,191.9,51329163
5271,2025-08-01,189.025,190.83,187.82,189.13,34832181
5272,2025-08-04,190.29,195.27,190.12,195.04,31547350
5273,2025-08-05,194.71,197.8599,193.885,194.67,31602340
5274,2025-08-06,194.5,196.63,193.67,196.09,21562908
5275,2025-08-07,197.06,197.54,194.33,196.52,26321811
5276,2025-08-08,197.22,202.61,197.17,201.42,39161826
5277,2025-08-11,200.935,201.475,199.07,201.0,25832435
5278,2025-08-12,201.365,204.5,200.59,203.34,30424452
5279,2025-08-13,204.13,204.53,197.5101,201.96,28342922
5280,2025-08-14,201.5,204.44,201.225,202.94,25230427
5281,2025-08-15,203.85,206.44,201.28,203.9,34931422
5282,2025-08-18,204.2,205.265,202.49,203.5,18526594
5283,2025-08-19,203.03,203.44,199.96,201.57,24240233
5284,2025-08-20,200.73,201.28,196.595,199.32,28955498
5285,2025-08-21,199.745,202.48,199.43,199.75,19774633
5286,2025-08-22,202.73,208.54,201.3,206.09,42827040
5287,2025-08-25,206.43,210.52,205.28,208.49,29928878
5288,2025-08-26,207.51,207.85,205.7,207.14,28464130
5289,2025-08-27,205.7,208.91,205.65,207.48,23022850
5290,2025-08-28,207.25,212.22,206.9,211.64,32339307
5291,2025-08-29,210.51,214.645,210.2,212.91,39728364
5292,2025-09-02,208.44,211.675,206.195,211.35,47523037
5293,2025-09-03,226.21,231.31,224.79,230.66,103336125
5294,2025-09-04,229.65,232.37,226.11,232.3,51684167
5295,2025-09-05,232.2,235.76,231.9,235.0,46588925
5296,2025-09-08,235.47,238.13,233.67,234.04,32474743
5297,2025-09-09,234.165,240.47,233.229,239.63,38060959
5298,2025-09-10,238.9,241.66,237.85,239.17,35141074
5299,2025-09-11,239.88,242.25,236.25,240.37,30599328
5300,2025-09-12,240.37,242.075,238.0,240.8,26771610
5301,2025-09-15,244.66,252.4099,244.66,251.61,58383796
5302,2025-09-16,252.08,253.04,249.47,251.16,34109720
5303,2025-09-17,251.22,251.6,246.28,249.53,34107992
5304,2025-09-18,251.68,253.99,249.8,252.03,31239474
5305,2025-09-19,253.25,256.0,251.81,254.72,55571424
5306,2025-09-22,254.43,255.78,250.3,252.53,32290538
5307,2025-09-23,253.04,254.36,250.48,251.66,26628016
5308,2025-09-24,251.66,252.3501,246.44,247.14,28201003
5309,2025-09-25,244.4,246.49,240.74,245.79,31020383
5310,2025-09-26,247.065,249.42,245.97,246.54,18503194
5311,2025-09-29,247.85,251.1486,242.77,244.05,32505777
5312,2025-09-30,242.81,243.29,239.245,243.1,34724346
5313,2025-10-01,240.75,246.3,238.61,244.9,31658234
5314,2025-10-02,245.15,246.81,242.3,245.69,25483298
5315,2025-10-03,244.49,246.3,241.655,245.35,30249559
5316,2025-10-06,244.78,251.32,244.58,250.43,28894653
5317,2025-10-07,248.27,250.44,245.52,245.76,23181285
5318,2025-10-08,244.96,246.005,243.82,244.62,21307104
5319,2025-10-09,244.47,244.76,239.15,241.53,27892086
5320,2025-10-10,241.43,244.09,235.84,236.57,33180323
5321,2025-10-13,240.21,244.5,239.71,244.15,24995028
5322,2025-10-14,241.23,247.12,240.51,245.45,22111572
5323,2025-10-15,247.245,252.11,245.99,251.03,27007690
5324,2025-10-16,251.765,256.96,250.101,251.46,27997159
5325,2025-10-17,250.76,254.22,247.81,253.3,29671629
5326,2025-10-20,254.69,257.33,254.23,256.55,22350155
5327,2025-10-21,254.74,254.88,244.15,250.46,47312098
5328,2025-10-22,254.37,256.36,249.29,251.69,35029370
5329,2025-10-23,252.98,255.04,251.85,253.08,19901425
5330,2025-10-24,256.58,261.68,255.315,259.92,28655126
5331,2025-10-27,264.815,270.14,264.28,269.27,35235231
5332,2025-10-28,269.69,270.73,266.5,267.47,29738564
5333,2025-10-29,267.75,275.336,267.67,274.57,43580277
5334,2025-10-30,291.59,291.59,280.06,281.48,74875990
5335,2025-10-31,283.21,286.0,277.03,281.19,39267945
5336,2025-11-03,282.175,285.53,279.8,283.72,29785996
5337,2025-11-04,276.75,281.27,276.26,277.54,30078369
5338,2025-11-05,278.87,286.415,277.34,284.31,31010302
5339,2025-11-06,285.33,288.35,281.14,284.75,37173648
5340,2025-11-07,283.205,283.78,275.19,278.83,34479588
5341,2025-11-10,284.42,290.8,282.855,290.1,29557309
5342,2025-11-11,287.745,291.915,287.32,291.31,19842136
5343,2025-11-12,291.675,292.005,283.69,286.71,24829923
5344,2025-11-13,282.34,282.84,277.24,278.57,29494040
5345,2025-11-14,271.405,278.56,270.7,276.41,31647227
5346,2025-11-17,285.775,293.95,283.57,285.02,52670192
5347,2025-11-18,287.915,288.8,278.2,284.28,49158743
5348,2025-11-19,287.16,303.81,286.63,292.81,68198944
5349,2025-11-20,304.54,306.42,288.67,289.45,62025218
5350,2025-11-21,296.415,303.92,293.845,299.66,74137697
5351,2025-11-24,311.13,319.48,309.595,318.58,85165123
5352,2025-11-25,326.21,328.83,317.65,323.44,88632074
5353,2025-11-26,320.68,324.5,316.79,319.95,51373361
5354,2025-11-28,323.365,326.85,316.79,320.18,26018568
5355,2025-12-01,317.7,319.85,313.89,314.89,41182956
5356,2025-12-02,316.74,318.38,313.91,315.81,35854744
5357,2025-12-03,315.89,321.58,314.1,319.63,41838317
5358,2025-12-04,322.225,322.36,314.7,317.62,31240924
5359,2025-12-05,319.49,323.16,319.165,321.27,28851705
5360,2025-12-08,320.05,320.44,311.2219,313.72,33909433
5361,2025-12-09,312.37,317.99,311.895,317.08,30194027
5362,2025-12-10,315.83,321.31,314.68,320.21,33428923
5363,2025-12-11,320.08,321.12,308.6,312.43,42353697
5364,2025-12-12,313.7,314.87,305.56,309.29,35940170
5365,2025-12-15,311.315,311.42,304.88,308.22,29151889
5366,2025-12-16,304.945,310.77,302.59,306.57,30585020
5367,2025-12-17,308.01,308.09,296.12,296.72,43930358
5368,2025-12-18,301.72,303.96,299.2308,302.46,33518048
5369,2025-12-19,301.73,307.25,300.97,307.16,59943239
5370,2025-12-22,309.875,310.13,305.3,309.78,26429937
5371,2025-12-23,309.625,314.94,309.32,314.35,25478670
5372,2025-12-24,314.77,315.08,311.92,314.09,10097361
5373,2025-12-26,314.48,315.085,312.275,313.51,10899017
5374,2025-12-29,311.365,314.02,310.62,313.56,19621777
5375,2025-12-30,312.5,316.95,312.46,313.85,17380888
5376,2025-12-31,312.845,314.58,311.44,313.0,16377689
5377,2026-01-02,316.9,322.5,310.33,315.15,32009385
5378,2026-01-05,317.655,319.015,314.63,316.54,30195597
5379,2026-01-06,316.4,320.94,311.78,314.34,31212101
5380,2026-01-07,314.36,326.15,314.19,321.98,35104425
5381,2026-01-08,328.965,330.3196,321.5,325.44,31896101
5382,2026-01-09,327.09,330.83,325.8,328.57,26214166
5383,2026-01-12,325.8,334.04,325.0,331.86,33923928
5384,2026-01-13,334.95,340.49,333.62,335.97,33517607
5385,2026-01-14,335.06,336.52,330.48,335.84,28525571
5386,2026-01-15,337.65,337.69,330.74,332.78,28442406
5387,2026-01-16,334.41,334.65,327.7,330.0,40341637
5388,2026-01-20,320.87,327.73,320.43,322.0,35361045
5389,2026-01-21,320.92,332.4799,319.3518,328.38,35386603
5390,2026-01-22,334.45,335.15,328.75,330.54,26253640
5391,2026-01-23,332.485,333.6889,327.45,327.93,27279974
5392,2026-01-26,327.805,335.84,327.0,333.26,26042120
5393,2026-01-27,335.365,337.91,333.48,334.55,21636164
5394,2026-01-28,336.06,337.535,331.94,336.01,27434434
5395,2026-01-29,340.3,342.29,326.54,338.25,39785612
5396,2026-01-30,340.0,340.0,332.285,338.0,31023954
5397,2026-02-02,336.22,344.83,335.63,343.69,32006052
5398,2026-02-03,347.34,349.0,337.4745,339.71,36506709
5399,2026-02-04,342.96,343.31,328.52,333.04,70618398
