,Date,Open,High,Low,Close,Volume
0,1972-01-07,0.0131726,0.0131726,0.0131726,0.0131726,4579082
1,1972-01-14,0.00654447,0.00654447,0.00654447,0.00654447,9524506
2,1972-01-21,0.00654447,0.00654447,0.00654447,0.00654447,1282138
3,1972-01-24,0.00654447,0.00654447,0.00654447,0.00654447,7326546
4,1972-01-25,0.00654447,0.00654447,0.00654447,0.00654447,1282138
5,1972-01-26,0.00654447,0.00654447,0.00654447,0.00654447,1282138
6,1972-01-27,0.0131726,0.0131726,0.0131726,0.0131726,19232171
7,1972-01-28,0.0131726,0.0131726,0.0131726,0.0131726,12455127
8,1972-01-31,0.0131726,0.0131726,0.0131726,0.0131726,10989815
9,1972-02-01,0.0131726,0.0131726,0.0131726,0.0131726,7143375
10,1972-02-02,0.0131726,0.0131726,0.0131726,0.0131726,11172973
11,1972-02-03,0.0131726,0.0131726,0.0131726,0.0131726,3663268
12,1972-02-04,0.0131726,0.0131726,0.0131726,0.0131726,2747449
13,1972-02-07,0.0131726,0.0131726,0.0131726,0.0131726,9707666
14,1972-02-08,0.0131726,0.0131726,0.0131726,0.0131726,2747449
15,1972-02-09,0.0131726,0.0131726,0.0131726,0.0131726,3296942
16,1972-02-10,0.0131726,0.0131726,0.0131726,0.0131726,4762252
17,1972-02-11,0.0131726,0.0131726,0.0131726,0.0131726,6227563
18,1972-02-14,0.0131726,0.0131726,0.0131726,0.0131726,2014796
19,1972-02-15,0.0131726,0.0131726,0.0131726,0.0131726,9524506
20,1972-02-16,0.0131726,0.0131726,0.0131726,0.0131726,14653089
21,1972-02-17,0.0131726,0.0131726,0.0131726,0.0131726,7692873
22,1972-02-18,0.0131726,0.0131726,0.0131726,0.0131726,20880653
23,1972-02-22,0.0131726,0.0131726,0.0131726,0.0131726,22162793
24,1972-02-23,0.0131726,0.0131726,0.0131726,0.0131726,19232171
25,1972-02-24,0.0131726,0.0131726,0.0131726,0.0131726,12821453
26,1972-02-25,0.0131726,0.0131726,0.0131726,0.0131726,7692873
27,1972-02-28,0.0131726,0.0131726,0.0131726,0.0131726,10806650
28,1972-02-29,0.0131726,0.0131726,0.0131726,0.0131726,8608689
29,1972-03-01,0.0131726,0.0131726,0.0131726,0.0131726,27657701
30,1972-03-02,0.0131726,0.0131726,0.0131726,0.0131726,5678064
31,1972-03-03,0.0131726,0.0131726,0.0131726,0.0131726,9890834
32,1972-03-06,0.0131726,0.0131726,0.0131726,0.0131726,7326546
33,1972-03-07,0.0131726,0.0131726,0.0131726,0.0131726,4395922
34,1972-03-08,0.0131726,0.0131726,0.0131726,0.0131726,6044390
35,1972-03-09,0.0131726,0.0131726,0.0131726,0.0131726,4395922
36,1972-03-10,0.0131726,0.0131726,0.0131726,0.0131726,2197962
37,1972-03-13,0.0131726,0.0131726,0.0131726,0.0131726,1465306
38,1972-03-14,0.0131726,0.0131726,0.0131726,0.0131726,7692873
39,1972-03-15,0.0131726,0.0131726,0.0131726,0.0131726,1831638
40,1972-03-16,0.0131726,0.0131726,0.0131726,0.0131726,1831638
41,1972-03-17,0.0131726,0.0131726,0.0131726,0.0131726,1648469
42,1972-03-20,0.0131726,0.0131726,0.0131726,0.0131726,366328
43,1972-03-21,0.0131726,0.0131726,0.0131726,0.0131726,2930620
44,1972-03-22,0.0131726,0.0131726,0.0131726,0.0131726,14836255
45,1972-03-23,0.0131726,0.0131726,0.0131726,0.0131726,6227563
46,1972-03-24,0.0131726,0.0131726,0.0131726,0.0131726,6593893
47,1972-03-27,0.0131726,0.0131726,0.0131726,0.0131726,4945411
48,1972-03-28,0.0131726,0.0131726,0.0131726,0.0131726,2381123
49,1972-03-29,0.0131726,0.0131726,0.0131726,0.0131726,2197962
50,1972-03-30,0.0131726,0.0131726,0.0131726,0.0131726,183154
51,1972-04-03,0.0131726,0.0131726,0.0131726,0.0131726,2381123
52,1972-04-04,0.0131726,0.0131726,0.0131726,0.0131726,4579082
53,1972-04-05,0.0131726,0.0131726,0.0131726,0.0131726,3296942
54,1972-04-06,0.0131726,0.0131726,0.0131726,0.0131726,8242356
55,1972-04-07,0.0131726,0.0131726,0.0131726,0.0131726,6593893
56,1972-04-10,0.0131726,0.0131726,0.0131726,0.0131726,5128574
57,1972-04-11,0.0131726,0.0131726,0.0131726,0.0131726,5311741
58,1972-04-12,0.0131726,0.0131726,0.0131726,0.0131726,2014796
59,1972-04-13,0.0131726,0.0131726,0.0131726,0.0131726,1648469
60,1972-04-14,0.0131726,0.0131726,0.0131726,0.0131726,5678064
61,1972-04-17,0.0131726,0.0131726,0.0131726,0.0131726,10257165
62,1972-04-18,0.0131726,0.0131726,0.0131726,0.0131726,21613307
63,1972-04-19,0.0131726,0.0131726,0.0131726,0.0131726,2014796
64,1972-04-20,0.0131726,0.0131726,0.0131726,0.0131726,3663268
65,1972-04-21,0.0131726,0.0131726,0.0131726,0.0131726,2930620
66,1972-04-24,0.0131726,0.0131726,0.0131726,0.0131726,2564292
67,1972-04-25,0.0131726,0.0131726,0.0131726,0.0131726,5128574
68,1972-04-26,0.0131726,0.0131726,0.0131726,0.0131726,11356143
69,1972-04-27,0.0131726,0.0131726,0.0131726,0.0131726,3663268
70,1972-04-28,0.0131726,0.0131726,0.0131726,0.0131726,2381123
71,1972-05-01,0.0131726,0.0131726,0.0131726,0.0131726,2014796
72,1972-05-02,0.0131726,0.0131726,0.0131726,0.0131726,2564292
73,1972-05-03,0.0131726,0.0131726,0.0131726,0.0131726,1282138
74,1972-05-04,0.0131726,0.0131726,0.0131726,0.0131726,2930620
75,1972-05-05,0.0131726,0.0131726,0.0131726,0.0131726,1648469
76,1972-05-08,0.0131726,0.0131726,0.0131726,0.0131726,732649
77,1972-05-09,0.0131726,0.0131726,0.0131726,0.0131726,3113774
78,1972-05-10,0.0131726,0.0131726,0.0131726,0.0131726,1282138
79,1972-05-11,0.0131726,0.0131726,0.0131726,0.0131726,549486
80,1972-05-12,0.0131726,0.0131726,0.0131726,0.0131726,4579082
81,1972-05-15,0.0131726,0.0131726,0.0131726,0.0131726,17034210
82,1972-05-16,0.0131726,0.0131726,0.0131726,0.0131726,3846430
83,1972-05-17,0.0131726,0.0131726,0.0131726,0.0131726,16484726
84,1972-05-18,0.0131726,0.0131726,0.0131726,0.0131726,8608689
85,1972-05-19,0.0131726,0.0131726,0.0131726,0.0131726,1098981
86,1972-05-22,0.0131726,0.0131726,0.0131726,0.0131726,2747449
87,1972-05-23,0.0131726,0.0131726,0.0131726,0.0131726,7509700
88,1972-05-24,0.0131726,0.0131726,0.0131726,0.0131726,4945411
89,1972-05-25,0.0131726,0.0131726,0.0131726,0.0131726,5678064
90,1972-05-26,0.0131726,0.0131726,0.0131726,0.0131726,41394970
91,1972-05-30,0.0131726,0.0131726,0.0131726,0.0131726,4945411
92,1972-05-31,0.0131726,0.0131726,0.0131726,0.0131726,3113774
93,1972-06-01,0.0131726,0.0131726,0.0131726,0.0131726,20514330
94,1972-06-02,0.0131726,0.0131726,0.0131726,0.0131726,8975009
95,1972-06-05,0.0131726,0.0131726,0.0131726,0.0131726,4029598
96,1972-06-06,0.0131726,0.0131726,0.0131726,0.0131726,6777051
97,1972-06-07,0.0131726,0.0131726,0.0131726,0.0131726,2564292
98,1972-06-08,0.0131726,0.0131726,0.0131726,0.0131726,2747449
99,1972-06-09,0.0131726,0.0131726,0.0131726,0.0131726,8242356
100,1972-06-12,0.0131726,0.0131726,0.0131726,0.0131726,31320974
101,1972-06-13,0.0131726,0.0131726,0.0131726,0.0131726,18682690
102,1972-06-14,0.0131726,0.0131726,0.0131726,0.0131726,6044390
103,1972-06-15,0.0131726,0.0131726,0.0131726,0.0131726,2381123
104,1972-06-16,0.0131726,0.0131726,0.0131726,0.0131726,4579082
105,1972-06-19,0.0131726,0.0131726,0.0131726,0.0131726,11356143
106,1972-06-20,0.0131726,0.0131726,0.0131726,0.0131726,9524506
107,1972-06-21,0.0131726,0.0131726,0.0131726,0.0131726,19781669
108,1972-06-22,0.0198376,0.0198376,0.0198376,0.0198376,15202573
109,1972-06-23,0.0198376,0.0198376,0.0198376,0.0198376,9707666
110,1972-06-26,0.0198376,0.0198376,0.0198376,0.0198376,11539304
111,1972-06-27,0.0198376,0.0198376,0.0198376,0.0198376,6593893
112,1972-06-28,0.0198376,0.0198376,0.0198376,0.0198376,30588318
113,1972-06-29,0.0198376,0.0198376,0.0198376,0.0198376,8059203
114,1972-06-30,0.0198376,0.0198376,0.0198376,0.0198376,11172973
115,1972-07-03,0.0198376,0.0198376,0.0198376,0.0198376,2197962
116,1972-07-05,0.0198376,0.0198376,0.0198376,0.0198376,10806650
117,1972-07-06,0.0198376,0.0198376,0.0198376,0.0198376,26375560
118,1972-07-07,0.0198376,0.0198376,0.0198376,0.0198376,16851059
119,1972-07-10,0.0198376,0.0198376,0.0198376,0.0198376,5128574
120,1972-07-11,0.0198376,0.0198376,0.0198376,0.0198376,29855665
121,1972-07-12,0.0198376,0.026605,0.0198376,0.0198376,22529125
122,1972-07-13,0.0198376,0.0198376,0.0198376,0.0198376,42310787
123,1972-07-14,0.0198376,0.0198376,0.0198376,0.0198376,4945411
124,1972-07-17,0.0198376,0.0198376,0.0198376,0.0198376,17950038
125,1972-07-18,0.0198376,0.0198376,0.0198376,0.0198376,6227563
126,1972-07-19,0.0198376,0.0198376,0.0198376,0.0198376,10806650
127,1972-07-20,0.0198376,0.0198376,0.0198376,0.0198376,3846430
128,1972-07-21,0.0198376,0.0198376,0.0198376,0.0198376,5128574
129,1972-07-24,0.0198376,0.026605,0.0198376,0.0198376,7692873
130,1972-07-25,0.0198376,0.0198376,0.0198376,0.0198376,13004615
131,1972-07-26,0.0198376,0.0198376,0.0198376,0.0198376,4212757
132,1972-07-27,0.0198376,0.0198376,0.0198376,0.0198376,7876024
133,1972-07-28,0.0198376,0.0198376,0.0198376,0.0198376,915811
134,1972-07-31,0.0198376,0.026605,0.0198376,0.0198376,59894501
135,1972-08-01,0.0198376,0.026605,0.0198376,0.0198376,7692873
136,1972-08-02,0.0198376,0.026605,0.0198376,0.0198376,9524506
137,1972-08-03,0.0198376,0.026605,0.0198376,0.0198376,2381123
138,1972-08-04,0.0198376,0.026605,0.0198376,0.0198376,4762252
139,1972-08-07,0.0198376,0.026605,0.0198376,0.0198376,2747449
140,1972-08-08,0.0198376,0.026605,0.0198376,0.0198376,5861241
141,1972-08-09,0.0198376,0.026605,0.0198376,0.0198376,4212757
142,1972-08-10,0.0198376,0.026605,0.0198376,0.0198376,11356143
143,1972-08-11,0.0198376,0.026605,0.0198376,0.0198376,9341336
144,1972-08-14,0.0198376,0.026605,0.0198376,0.0198376,6227563
145,1972-08-15,0.026605,0.026605,0.026605,0.026605,3846430
146,1972-08-16,0.026605,0.026605,0.026605,0.026605,11539304
147,1972-08-17,0.026605,0.026605,0.026605,0.026605,4762252
148,1972-08-18,0.026605,0.026605,0.026605,0.026605,10806650
149,1972-08-21,0.026605,0.026605,0.026605,0.026605,16851059
150,1972-08-22,0.026605,0.026605,0.026605,0.026605,2930620
151,1972-08-23,0.026605,0.026605,0.026605,0.026605,16851059
152,1972-08-24,0.026605,0.026605,0.0198376,0.0198376,14103591
153,1972-08-25,0.026605,0.026605,0.026605,0.026605,17950038
154,1972-08-28,0.026605,0.026605,0.026605,0.026605,9707666
155,1972-08-29,0.026605,0.026605,0.026605,0.026605,10440320
156,1972-08-30,0.026605,0.026605,0.026605,0.026605,549486
157,1972-08-31,0.026605,0.026605,0.026605,0.026605,2197962
158,1972-09-01,0.026605,0.026605,0.026605,0.026605,549486
159,1972-09-05,0.026605,0.026605,0.026605,0.026605,3663268
160,1972-09-06,0.026605,0.026605,0.026605,0.026605,4579082
161,1972-09-07,0.026605,0.026605,0.026605,0.026605,1831638
162,1972-09-08,0.026605,0.026605,0.026605,0.026605,3663268
163,1972-09-11,0.026605,0.026605,0.026605,0.026605,6960219
164,1972-09-12,0.026605,0.026605,0.0198376,0.0198376,5861241
165,1972-09-13,0.026605,0.026605,0.026605,0.026605,6777051
166,1972-09-14,0.026605,0.026605,0.026605,0.026605,6777051
167,1972-09-15,0.026605,0.026605,0.026605,0.026605,7143375
168,1972-09-18,0.026605,0.026605,0.026605,0.026605,2564292
169,1972-09-19,0.026605,0.026605,0.026605,0.026605,2564292
170,1972-09-20,0.026605,0.026605,0.026605,0.026605,915811
171,1972-09-21,0.026605,0.026605,0.026605,0.026605,4945411
172,1972-09-22,0.026605,0.026605,0.026605,0.026605,2381123
173,1972-09-25,0.026605,0.026605,0.026605,0.026605,1282138
174,1972-09-26,0.026605,0.026605,0.026605,0.026605,1465306
175,1972-09-27,0.026605,0.026605,0.0198376,0.0198376,5128574
176,1972-09-28,0.026605,0.026605,0.026605,0.026605,20331157
177,1972-09-29,0.026605,0.026605,0.026605,0.026605,3846430
178,1972-10-02,0.026605,0.026605,0.026605,0.026605,1831638
179,1972-10-03,0.026605,0.026605,0.026605,0.026605,2747449
180,1972-10-04,0.026605,0.026605,0.026605,0.026605,9707666
181,1972-10-05,0.026605,0.026605,0.026605,0.026605,10073991
182,1972-10-06,0.026605,0.026605,0.026605,0.026605,13737267
183,1972-10-09,0.026605,0.026605,0.026605,0.026605,7326546
184,1972-10-10,0.026605,0.026605,0.026605,0.026605,20697482
185,1972-10-11,0.026605,0.026605,0.026605,0.026605,18865845
186,1972-10-12,0.033233,0.033233,0.033233,0.033233,9524506
187,1972-10-13,0.033233,0.033233,0.026605,0.026605,4945411
188,1972-10-16,0.026605,0.033233,0.026605,0.026605,2930620
189,1972-10-17,0.026605,0.026605,0.026605,0.026605,12271958
190,1972-10-18,0.026605,0.026605,0.026605,0.026605,7876024
191,1972-10-19,0.026605,0.026605,0.026605,0.026605,4762252
192,1972-10-20,0.026605,0.026605,0.026605,0.026605,2564292
193,1972-10-23,0.033233,0.033233,0.033233,0.033233,6044390
194,1972-10-24,0.033233,0.033233,0.026605,0.026605,11539304
195,1972-10-25,0.033233,0.033233,0.033233,0.033233,5311741
196,1972-10-26,0.033233,0.033233,0.033233,0.033233,4395922
197,1972-10-27,0.026605,0.026605,0.026605,0.026605,4395922
198,1972-10-30,0.026605,0.026605,0.026605,0.026605,2197962
199,1972-10-31,0.026605,0.026605,0.026605,0.026605,4029598
200,1972-11-01,0.026605,0.026605,0.026605,0.026605,4212757
201,1972-11-02,0.026605,0.026605,0.026605,0.026605,1098981
202,1972-11-03,0.026605,0.026605,0.026605,0.026605,915811
203,1972-11-06,0.026605,0.026605,0.026605,0.026605,915811
204,1972-11-08,0.026605,0.026605,0.026605,0.026605,1282138
205,1972-11-09,0.026605,0.026605,0.026605,0.026605,1831638
206,1972-11-10,0.026605,0.026605,0.026605,0.026605,2381123
207,1972-11-13,0.026605,0.026605,0.026605,0.026605,5861241
208,1972-11-14,0.026605,0.026605,0.026605,0.026605,9524506
209,1972-11-15,0.026605,0.026605,0.026605,0.026605,2930620
210,1972-11-16,0.026605,0.026605,0.026605,0.026605,11905631
211,1972-11-17,0.026605,0.026605,0.026605,0.026605,6593893
212,1972-11-20,0.026605,0.026605,0.026605,0.026605,11539304
213,1972-11-21,0.026605,0.026605,0.026605,0.026605,2381123
214,1972-11-22,0.026605,0.026605,0.026605,0.026605,5861241
215,1972-11-24,0.026605,0.026605,0.026605,0.026605,19598500
216,1972-11-27,0.026605,0.026605,0.026605,0.026605,3480104
217,1972-11-28,0.026605,0.026605,0.026605,0.026605,5861241
218,1972-11-29,0.026605,0.026605,0.026605,0.026605,7876024
219,1972-11-30,0.026605,0.026605,0.026605,0.026605,7326546
220,1972-12-01,0.026605,0.026605,0.026605,0.026605,4762252
221,1972-12-04,0.026605,0.026605,0.026605,0.026605,5128574
222,1972-12-05,0.026605,0.026605,0.026605,0.026605,2014796
223,1972-12-06,0.026605,0.026605,0.026605,0.026605,3846430
224,1972-12-07,0.026605,0.026605,0.026605,0.026605,2014796
225,1972-12-08,0.026605,0.026605,0.026605,0.026605,10623496
226,1972-12-11,0.026605,0.026605,0.026605,0.026605,13004615
227,1972-12-12,0.026605,0.026605,0.026605,0.026605,732649
228,1972-12-13,0.026605,0.026605,0.026605,0.026605,366328
229,1972-12-14,0.026605,0.026605,0.026605,0.026605,366328
230,1972-12-15,0.026605,0.033233,0.026605,0.026605,30221988
231,1972-12-18,0.026605,0.026605,0.026605,0.026605,22529125
232,1972-12-19,0.026605,0.026605,0.026605,0.026605,6777051
233,1972-12-20,0.026605,0.026605,0.026605,0.026605,6410719
234,1972-12-21,0.026605,0.026605,0.026605,0.026605,4212757
235,1972-12-22,0.026605,0.026605,0.026605,0.026605,2381123
236,1972-12-26,0.026605,0.026605,0.026605,0.026605,9341336
237,1972-12-27,0.026605,0.026605,0.026605,0.026605,17034210
238,1972-12-29,0.026605,0.026605,0.026605,0.026605,7509700
239,1973-01-02,0.026605,0.026605,0.026605,0.026605,31137814
240,1973-01-03,0.026605,0.026605,0.026605,0.026605,5128574
241,1973-01-04,0.026605,0.026605,0.026605,0.026605,6777051
242,1973-01-05,0.026605,0.026605,0.026605,0.026605,1282138
243,1973-01-08,0.026605,0.026605,0.026605,0.026605,88284860
244,1973-01-09,0.026605,0.026605,0.026605,0.026605,15935231
245,1973-01-10,0.026605,0.026605,0.026605,0.026605,3113774
246,1973-01-11,0.026605,0.026605,0.026605,0.026605,2381123
247,1973-01-12,0.026605,0.026605,0.026605,0.026605,18865845
248,1973-01-15,0.026605,0.026605,0.026605,0.026605,6410719
249,1973-01-16,0.026605,0.026605,0.026605,0.026605,8608689
250,1973-01-17,0.026605,0.026605,0.026605,0.026605,11539304
251,1973-01-18,0.026605,0.026605,0.026605,0.026605,32786280
252,1973-01-19,0.026605,0.026605,0.026605,0.026605,6777051
253,1973-01-22,0.026605,0.026605,0.026605,0.026605,11539304
254,1973-01-23,0.026605,0.026605,0.026605,0.026605,4395922
255,1973-01-24,0.026605,0.026605,0.026605,0.026605,14469919
256,1973-01-26,0.026605,0.026605,0.026605,0.026605,4579082
257,1973-01-29,0.026605,0.026605,0.026605,0.026605,1465306
258,1973-01-30,0.026605,0.026605,0.026605,0.026605,549486
259,1973-01-31,0.026605,0.026605,0.026605,0.026605,4212757
260,1973-02-01,0.026605,0.026605,0.026605,0.026605,29489336
261,1973-02-02,0.026605,0.026605,0.026605,0.026605,5861241
262,1973-02-05,0.026605,0.026605,0.026605,0.026605,5494911
263,1973-02-06,0.026605,0.026605,0.026605,0.026605,27840878
264,1973-02-07,0.026605,0.026605,0.026605,0.026605,6410719
265,1973-02-08,0.026605,0.026605,0.026605,0.026605,3663268
266,1973-02-09,0.026605,0.026605,0.026605,0.026605,732649
267,1973-02-12,0.026605,0.026605,0.026605,0.026605,12638286
268,1973-02-13,0.026605,0.026605,0.026605,0.026605,22895450
269,1973-02-14,0.026605,0.026605,0.026605,0.026605,41944463
270,1973-02-15,0.026605,0.026605,0.026605,0.026605,12821453
271,1973-02-16,0.026605,0.026605,0.026605,0.026605,12455127
272,1973-02-20,0.026605,0.026605,0.026605,0.026605,2014796
273,1973-02-21,0.026605,0.026605,0.026605,0.026605,915811
274,1973-02-22,0.026605,0.026605,0.026605,0.026605,4212757
275,1973-02-23,0.026605,0.026605,0.026605,0.026605,366328
276,1973-02-26,0.026605,0.026605,0.026605,0.026605,11356143
277,1973-02-27,0.026605,0.026605,0.026605,0.026605,10257165
278,1973-02-28,0.026605,0.026605,0.026605,0.026605,6044390
279,1973-03-01,0.026605,0.026605,0.0198376,0.0198376,5678064
280,1973-03-02,0.0198376,0.026605,0.0198376,0.0198376,7143375
281,1973-03-05,0.0198376,0.026605,0.0198376,0.0198376,5861241
282,1973-03-06,0.026605,0.026605,0.026605,0.026605,33885266
283,1973-03-07,0.026605,0.026605,0.026605,0.026605,20697482
284,1973-03-08,0.026605,0.026605,0.026605,0.026605,732649
285,1973-03-09,0.026605,0.026605,0.026605,0.026605,3846430
286,1973-03-12,0.026605,0.026605,0.026605,0.026605,4395922
287,1973-03-13,0.026605,0.026605,0.026605,0.026605,1282138
288,1973-03-14,0.026605,0.026605,0.026605,0.026605,549486
289,1973-03-15,0.026605,0.026605,0.026605,0.026605,6410719
290,1973-03-16,0.026605,0.026605,0.026605,0.026605,26925049
291,1973-03-19,0.026605,0.026605,0.026605,0.026605,3113774
292,1973-03-20,0.026605,0.026605,0.026605,0.026605,4762252
293,1973-03-21,0.0198376,0.0198376,0.0198376,0.0198376,14103591
294,1973-03-22,0.0198376,0.026605,0.0198376,0.0198376,6593893
295,1973-03-23,0.026605,0.026605,0.026605,0.026605,10073991
296,1973-03-26,0.026605,0.026605,0.026605,0.026605,3846430
297,1973-03-27,0.026605,0.026605,0.026605,0.026605,1648469
298,1973-03-28,0.026605,0.026605,0.026605,0.026605,1831638
299,1973-03-29,0.026605,0.026605,0.026605,0.026605,3846430
300,1973-03-30,0.026605,0.026605,0.026605,0.026605,7509700
301,1973-04-02,0.026605,0.026605,0.026605,0.026605,14653089
302,1973-04-03,0.026605,0.026605,0.026605,0.026605,4395922
303,1973-04-04,0.026605,0.026605,0.026605,0.026605,6227563
304,1973-04-05,0.026605,0.026605,0.026605,0.026605,30954647
305,1973-04-06,0.026605,0.026605,0.026605,0.026605,1098981
306,1973-04-09,0.026605,0.026605,0.026605,0.026605,3113774
307,1973-04-10,0.026605,0.026605,0.026605,0.026605,10379276
308,1973-04-11,0.026605,0.026605,0.026605,0.026605,7082328
309,1973-04-12,0.026605,0.026605,0.026605,0.026605,4273816
310,1973-04-13,0.026605,0.026605,0.026605,0.026605,8303417
311,1973-04-16,0.026605,0.026605,0.026605,0.026605,5861241
312,1973-04-17,0.026605,0.026605,0.026605,0.026605,1343202
313,1973-04-18,0.026605,0.026605,0.026605,0.026605,2320068
314,1973-04-19,0.026605,0.026605,0.026605,0.026605,2075850
315,1973-04-23,0.033233,0.033233,0.033233,0.033233,9890834
316,1973-04-24,0.026605,0.026605,0.026605,0.026605,14897308
317,1973-04-25,0.026605,0.026605,0.026605,0.026605,6715996
318,1973-04-26,0.026605,0.026605,0.026605,0.026605,9646619
319,1973-04-27,0.026605,0.026605,0.026605,0.026605,3907489
320,1973-04-30,0.026605,0.026605,0.026605,0.026605,6838106
321,1973-05-01,0.026605,0.026605,0.026605,0.026605,11722473
322,1973-05-02,0.026605,0.026605,0.026605,0.026605,1221089
323,1973-05-03,0.026605,0.026605,0.026605,0.026605,4273816
324,1973-05-04,0.026605,0.033233,0.026605,0.026605,7814979
325,1973-05-07,0.026605,0.033233,0.026605,0.026605,4029598
326,1973-05-08,0.026605,0.033233,0.026605,0.026605,3541166
327,1973-05-09,0.026605,0.033233,0.026605,0.026605,13065670
328,1973-05-10,0.026605,0.033233,0.026605,0.026605,7570764
329,1973-05-11,0.033233,0.033233,0.033233,0.033233,5739124
330,1973-05-14,0.033233,0.033233,0.033233,0.033233,6715996
331,1973-05-15,0.033233,0.033233,0.033233,0.033233,26253450
332,1973-05-16,0.033233,0.033233,0.033233,0.033233,7326546
333,1973-05-17,0.033233,0.033233,0.026605,0.026605,6227563
334,1973-05-18,0.026605,0.033233,0.026605,0.026605,3541166
335,1973-05-21,0.026605,0.026605,0.026605,0.026605,15019416
336,1973-05-22,0.026605,0.026605,0.026605,0.026605,4151711
337,1973-05-23,0.026605,0.026605,0.026605,0.026605,2564292
338,1973-05-24,0.026605,0.026605,0.026605,0.026605,3907489
339,1973-05-25,0.026605,0.026605,0.026605,0.026605,17950038
340,1973-05-29,0.026605,0.026605,0.026605,0.026605,5617019
341,1973-05-30,0.026605,0.026605,0.026605,0.026605,3907489
342,1973-05-31,0.026605,0.026605,0.026605,0.026605,9524506
343,1973-06-01,0.026605,0.026605,0.026605,0.026605,3663268
344,1973-06-04,0.026605,0.026605,0.0198376,0.0198376,4640145
345,1973-06-05,0.0198376,0.026605,0.0198376,0.0198376,5494911
346,1973-06-06,0.026605,0.026605,0.026605,0.026605,22590175
347,1973-06-07,0.026605,0.026605,0.026605,0.026605,17461599
348,1973-06-08,0.026605,0.026605,0.026605,0.026605,2930620
349,1973-06-11,0.026605,0.026605,0.026605,0.026605,2442181
350,1973-06-12,0.026605,0.033233,0.026605,0.026605,13920434
351,1973-06-13,0.026605,0.026605,0.026605,0.026605,13920434
352,1973-06-14,0.026605,0.026605,0.026605,0.026605,5494911
353,1973-06-15,0.026605,0.026605,0.026605,0.026605,3541166
354,1973-06-18,0.026605,0.026605,0.026605,0.026605,3174838
355,1973-06-19,0.026605,0.026605,0.026605,0.026605,6593893
356,1973-06-20,0.026605,0.026605,0.026605,0.026605,7692873
357,1973-06-21,0.026605,0.026605,0.026605,0.026605,2320068
358,1973-06-22,0.026605,0.026605,0.026605,0.026605,13065670
359,1973-06-25,0.026605,0.026605,0.026605,0.026605,5861241
360,1973-06-26,0.026605,0.026605,0.026605,0.026605,20270107
361,1973-06-27,0.026605,0.026605,0.026605,0.026605,1465306
362,1973-06-28,0.026605,0.026605,0.026605,0.026605,5617019
363,1973-06-29,0.026605,0.026605,0.026605,0.026605,854768
364,1973-07-02,0.026605,0.026605,0.026605,0.026605,6960219
365,1973-07-03,0.026605,0.026605,0.026605,0.026605,4151711
366,1973-07-05,0.026605,0.033233,0.026605,0.026605,12455127
367,1973-07-06,0.033233,0.033233,0.033233,0.033233,24177598
368,1973-07-09,0.033233,0.033233,0.033233,0.033233,29794616
369,1973-07-10,0.033233,0.033233,0.033233,0.033233,38830694
370,1973-07-11,0.033233,0.033233,0.033233,0.033233,12333016
371,1973-07-12,0.033233,0.033233,0.033233,0.033233,19049023
372,1973-07-13,0.033233,0.033233,0.033233,0.033233,3663268
373,1973-07-16,0.033233,0.033233,0.033233,0.033233,8791856
374,1973-07-17,0.033233,0.033233,0.033233,0.033233,8669746
375,1973-07-18,0.033233,0.0397679,0.033233,0.033233,10012943
376,1973-07-19,0.0397679,0.0397679,0.0397679,0.0397679,22101745
377,1973-07-20,0.0397679,0.0464334,0.0397679,0.0397679,20392220
378,1973-07-23,0.0397679,0.0464334,0.0397679,0.0397679,47134110
379,1973-07-24,0.0397679,0.0464334,0.0397679,0.0397679,33702103
380,1973-07-25,0.0464334,0.0464334,0.0464334,0.0464334,18316363
381,1973-07-26,0.0464334,0.0464334,0.0464334,0.0464334,18926907
382,1973-07-27,0.0464334,0.0464334,0.0397679,0.0397679,23689166
383,1973-07-30,0.0464334,0.0464334,0.0464334,0.0464334,6471781
384,1973-07-31,0.0464334,0.0464334,0.0464334,0.0464334,44203489
385,1973-08-01,0.0464334,0.0464334,0.0464334,0.0464334,17217379
386,1973-08-02,0.0464334,0.0464334,0.0397679,0.0397679,12821453
387,1973-08-03,0.0464334,0.0464334,0.0464334,0.0464334,10623496
388,1973-08-06,0.0464334,0.0464334,0.0464334,0.0464334,35655854
389,1973-08-07,0.0464334,0.0529963,0.0464334,0.0464334,23200724
390,1973-08-08,0.0529963,0.0529963,0.0529963,0.0529963,40295999
391,1973-08-09,0.0464334,0.0464334,0.0464334,0.0464334,18682690
392,1973-08-10,0.0464334,0.0464334,0.0464334,0.0464334,13065670
393,1973-08-13,0.0464334,0.0464334,0.0464334,0.0464334,11844580
394,1973-08-14,0.0464334,0.0464334,0.0464334,0.0464334,10867709
395,1973-08-15,0.0464334,0.0464334,0.0464334,0.0464334,10012943
396,1973-08-16,0.0464334,0.0464334,0.0464334,0.0464334,18072145
397,1973-08-17,0.0464334,0.0464334,0.0464334,0.0464334,5372798
398,1973-08-20,0.0464334,0.0464334,0.0464334,0.0464334,4151711
399,1973-08-21,0.0464334,0.0464334,0.0397679,0.0397679,7937090
400,1973-08-22,0.0464334,0.0464334,0.0464334,0.0464334,15629968
401,1973-08-23,0.0464334,0.0464334,0.0464334,0.0464334,16728947
402,1973-08-24,0.0464334,0.0464334,0.0464334,0.0464334,11234037
403,1973-08-27,0.0464334,0.0464334,0.0464334,0.0464334,22712291
404,1973-08-28,0.0464334,0.0464334,0.0464334,0.0464334,9036069
405,1973-08-29,0.0464334,0.0464334,0.0464334,0.0464334,19659562
406,1973-08-30,0.0464334,0.0464334,0.0464334,0.0464334,20514330
407,1973-08-31,0.0529963,0.0529963,0.0529963,0.0529963,27596656
408,1973-09-04,0.0529963,0.0529963,0.0529963,0.0529963,29061965
409,1973-09-05,0.0529963,0.0529963,0.0529963,0.0529963,15752072
410,1973-09-06,0.0529963,0.0529963,0.0529963,0.0529963,9280294
411,1973-09-07,0.0529963,0.0529963,0.0529963,0.0529963,20148000
412,1973-09-10,0.0529963,0.0529963,0.0529963,0.0529963,12333016
413,1973-09-11,0.0596799,0.0596799,0.0596799,0.0596799,11111927
414,1973-09-12,0.0596799,0.0596799,0.0529963,0.0529963,12210906
415,1973-09-13,0.0596799,0.0596799,0.0596799,0.0596799,22956507
416,1973-09-14,0.0596799,0.0596799,0.0596799,0.0596799,17461599
417,1973-09-17,0.0596799,0.0662337,0.0596799,0.0596799,21857520
418,1973-09-18,0.0596799,0.0662337,0.0596799,0.0596799,25765017
419,1973-09-19,0.0662337,0.0662337,0.0662337,0.0662337,38830694
420,1973-09-20,0.0662337,0.0662337,0.0662337,0.0662337,20514330
421,1973-09-21,0.0662337,0.0662337,0.0596799,0.0596799,48355193
422,1973-09-24,0.0596799,0.0596799,0.0596799,0.0596799,4762252
423,1973-09-25,0.0596799,0.0596799,0.0596799,0.0596799,12455127
424,1973-09-26,0.0596799,0.0596799,0.0596799,0.0596799,14042544
425,1973-09-27,0.0596799,0.0596799,0.0596799,0.0596799,8547637
426,1973-09-28,0.0596799,0.0662337,0.0596799,0.0596799,20880653
427,1973-10-01,0.0596799,0.0662337,0.0596799,0.0596799,5739124
428,1973-10-02,0.0662337,0.0662337,0.0662337,0.0662337,45058242
429,1973-10-03,0.0662337,0.0662337,0.0662337,0.0662337,19415345
430,1973-10-04,0.0662337,0.0662337,0.0662337,0.0662337,29916724
431,1973-10-05,0.0662337,0.0728341,0.0662337,0.0662337,32725231
432,1973-10-08,0.0728341,0.0728341,0.0728341,0.0728341,37731693
433,1973-10-09,0.0662337,0.0662337,0.0662337,0.0662337,15385746
434,1973-10-10,0.0662337,0.0728341,0.0662337,0.0662337,33091549
435,1973-10-11,0.0728341,0.0728341,0.0728341,0.0728341,4029598
436,1973-10-12,0.0728341,0.0728341,0.0728341,0.0728341,18438470
437,1973-10-15,0.0728341,0.0728341,0.0662337,0.0662337,14530976
438,1973-10-16,0.0662337,0.0728341,0.0662337,0.0662337,8425525
439,1973-10-17,0.0662337,0.0662337,0.0662337,0.0662337,17339486
440,1973-10-18,0.0662337,0.0728341,0.0662337,0.0662337,13676216
441,1973-10-19,0.0662337,0.0728341,0.0662337,0.0662337,18682690
442,1973-10-22,0.0662337,0.0662337,0.0662337,0.0662337,9646619
443,1973-10-23,0.0662337,0.0662337,0.0662337,0.0662337,25642910
444,1973-10-24,0.0728341,0.0728341,0.0728341,0.0728341,16240509
445,1973-10-25,0.0728341,0.0728341,0.0728341,0.0728341,15507855
446,1973-10-26,0.0728341,0.0796756,0.0728341,0.0728341,13554105
447,1973-10-29,0.0796756,0.0796756,0.0796756,0.0796756,21369092
448,1973-10-30,0.0796756,0.0796756,0.0728341,0.0728341,30160944
449,1973-10-31,0.0728341,0.0728341,0.0728341,0.0728341,34312644
450,1973-11-01,0.0728341,0.0728341,0.0662337,0.0662337,64107259
451,1973-11-02,0.0662337,0.0728341,0.0662337,0.0662337,15874183
452,1973-11-05,0.0662337,0.0662337,0.0662337,0.0662337,20392220
453,1973-11-06,0.0662337,0.0662337,0.0662337,0.0662337,27840878
454,1973-11-07,0.0662337,0.0662337,0.0596799,0.0596799,36754817
455,1973-11-08,0.0728341,0.0728341,0.0728341,0.0728341,40540216
456,1973-11-09,0.0662337,0.0662337,0.0662337,0.0662337,27718766
457,1973-11-12,0.0662337,0.0728341,0.0662337,0.0662337,15019416
458,1973-11-13,0.0728341,0.0728341,0.0728341,0.0728341,19293234
459,1973-11-14,0.0662337,0.0662337,0.0662337,0.0662337,35655854
460,1973-11-15,0.0662337,0.0662337,0.0662337,0.0662337,41517090
461,1973-11-16,0.0662337,0.0662337,0.0662337,0.0662337,39807559
462,1973-11-19,0.0662337,0.0662337,0.0596799,0.0596799,21613307
463,1973-11-20,0.0596799,0.0596799,0.0596799,0.0596799,36876945
464,1973-11-21,0.0662337,0.0662337,0.0662337,0.0662337,27840878
465,1973-11-23,0.0596799,0.0596799,0.0596799,0.0596799,16484726
466,1973-11-26,0.0596799,0.0596799,0.0596799,0.0596799,29184068
467,1973-11-27,0.0529963,0.0529963,0.0529963,0.0529963,46523550
468,1973-11-28,0.0529963,0.0529963,0.0529963,0.0529963,73998092
469,1973-11-29,0.0529963,0.0596799,0.0529963,0.0529963,50308939
470,1973-11-30,0.0529963,0.0529963,0.0529963,0.0529963,26741890
471,1973-12-03,0.0529963,0.0529963,0.0529963,0.0529963,26497673
472,1973-12-04,0.0529963,0.0529963,0.0529963,0.0529963,37487480
473,1973-12-05,0.0529963,0.0529963,0.0529963,0.0529963,34678978
474,1973-12-06,0.0529963,0.0529963,0.0529963,0.0529963,22101745
475,1973-12-07,0.0529963,0.0529963,0.0464334,0.0464334,38708569
476,1973-12-10,0.0464334,0.0464334,0.0464334,0.0464334,41883407
477,1973-12-11,0.0397679,0.0397679,0.0397679,0.0397679,47134110
478,1973-12-12,0.0397679,0.0464334,0.0397679,0.0397679,44691922
479,1973-12-13,0.0464334,0.0464334,0.0464334,0.0464334,31015707
480,1973-12-14,0.0529963,0.0529963,0.0529963,0.0529963,58734459
481,1973-12-17,0.0529963,0.0529963,0.0529963,0.0529963,10379276
482,1973-12-18,0.0596799,0.0596799,0.0596799,0.0596799,21735414
483,1973-12-19,0.0596799,0.0596799,0.0596799,0.0596799,49087854
484,1973-12-20,0.0596799,0.0596799,0.0596799,0.0596799,13187777
485,1973-12-21,0.0596799,0.0596799,0.0596799,0.0596799,15019416
486,1973-12-24,0.0596799,0.0596799,0.0529963,0.0529963,14653089
487,1973-12-26,0.0662337,0.0662337,0.0662337,0.0662337,36388509
488,1973-12-27,0.0662337,0.0662337,0.0662337,0.0662337,15629968
489,1973-12-28,0.0662337,0.0662337,0.0662337,0.0662337,20270107
490,1973-12-31,0.0662337,0.0662337,0.0662337,0.0662337,30771492
491,1974-01-02,0.0662337,0.0662337,0.0662337,0.0662337,27596656
492,1974-01-03,0.0728341,0.0728341,0.0728341,0.0728341,48721514
493,1974-01-04,0.0662337,0.0662337,0.0662337,0.0662337,38098034
494,1974-01-07,0.0662337,0.0662337,0.0662337,0.0662337,36876945
495,1974-01-08,0.0662337,0.0662337,0.0662337,0.0662337,16240509
496,1974-01-09,0.0662337,0.0662337,0.0596799,0.0596799,32481014
497,1974-01-10,0.0596799,0.0596799,0.0596799,0.0596799,32969454
498,1974-01-11,0.0596799,0.0662337,0.0596799,0.0596799,51163691
499,1974-01-14,0.0662337,0.0662337,0.0662337,0.0662337,42493961
500,1974-01-15,0.0728341,0.0728341,0.0728341,0.0728341,32481014
501,1974-01-16,0.0728341,0.0728341,0.0728341,0.0728341,29184068
502,1974-01-17,0.0728341,0.0796756,0.0728341,0.0728341,68258965
503,1974-01-18,0.0796756,0.0796756,0.0796756,0.0796756,53239564
504,1974-01-21,0.0796756,0.0796756,0.0796756,0.0796756,33579983
505,1974-01-22,0.0796756,0.0796756,0.0796756,0.0796756,28451417
506,1974-01-23,0.0796756,0.0796756,0.0796756,0.0796756,27230325
507,1974-01-24,0.0796756,0.0796756,0.0796756,0.0796756,27352437
508,1974-01-25,0.0796756,0.0796756,0.0796756,0.0796756,21613307
509,1974-01-28,0.0796756,0.0796756,0.0796756,0.0796756,11111927
510,1974-01-29,0.0728341,0.0728341,0.0728341,0.0728341,35411637
511,1974-01-30,0.0796756,0.0796756,0.0796756,0.0796756,12821453
512,1974-01-31,0.0728341,0.0728341,0.0728341,0.0728341,19659562
513,1974-02-01,0.0728341,0.0728341,0.0728341,0.0728341,16606834
514,1974-02-04,0.0662337,0.0662337,0.0662337,0.0662337,21613307
515,1974-02-05,0.0662337,0.0662337,0.0662337,0.0662337,52873219
516,1974-02-06,0.0728341,0.0728341,0.0728341,0.0728341,12699346
517,1974-02-07,0.0728341,0.0728341,0.0728341,0.0728341,15752072
518,1974-02-08,0.0662337,0.0662337,0.0662337,0.0662337,13309892
519,1974-02-11,0.0662337,0.0662337,0.0662337,0.0662337,18682690
520,1974-02-12,0.0662337,0.0662337,0.0662337,0.0662337,29428288
521,1974-02-13,0.0662337,0.0662337,0.0662337,0.0662337,24910248
522,1974-02-14,0.0662337,0.0662337,0.0662337,0.0662337,13676216
523,1974-02-15,0.0728341,0.0728341,0.0728341,0.0728341,14653089
524,1974-02-19,0.0728341,0.0728341,0.0728341,0.0728341,25276579
525,1974-02-20,0.0796756,0.0796756,0.0796756,0.0796756,38098034
526,1974-02-21,0.0796756,0.0796756,0.0796756,0.0796756,21369092
527,1974-02-22,0.0796756,0.0863129,0.0796756,0.0796756,35777947
528,1974-02-25,0.0796756,0.0796756,0.0796756,0.0796756,14897308
529,1974-02-26,0.0863129,0.0863129,0.0863129,0.0863129,21246978
530,1974-02-27,0.0863129,0.0863129,0.0796756,0.0796756,36632726
531,1974-02-28,0.0863129,0.0863129,0.0863129,0.0863129,21613307
532,1974-03-01,0.0863129,0.0863129,0.0863129,0.0863129,21246978
533,1974-03-04,0.0863129,0.0863129,0.0863129,0.0863129,24177598
534,1974-03-05,0.0863129,0.0863129,0.0863129,0.0863129,40906536
535,1974-03-06,0.0863129,0.0863129,0.0863129,0.0863129,10501377
536,1974-03-07,0.0863129,0.0863129,0.0863129,0.0863129,19781669
537,1974-03-08,0.0863129,0.0863129,0.0863129,0.0863129,14164652
538,1974-03-11,0.0863129,0.0863129,0.0863129,0.0863129,29428288
539,1974-03-12,0.0796756,0.0796756,0.0796756,0.0796756,20636432
540,1974-03-13,0.0796756,0.0796756,0.0796756,0.0796756,23689166
541,1974-03-14,0.0796756,0.0863129,0.0796756,0.0796756,25154471
542,1974-03-15,0.0863129,0.0863129,0.0863129,0.0863129,19049023
543,1974-03-18,0.0863129,0.0863129,0.0796756,0.0796756,18804795
544,1974-03-19,0.0796756,0.0863129,0.0796756,0.0796756,10257165
545,1974-03-20,0.0863129,0.0863129,0.0863129,0.0863129,14042544
546,1974-03-21,0.0863129,0.0863129,0.0863129,0.0863129,9158184
547,1974-03-22,0.0796756,0.0796756,0.0796756,0.0796756,16728947
548,1974-03-25,0.0796756,0.0796756,0.0796756,0.0796756,8913965
549,1974-03-26,0.0796756,0.0796756,0.0796756,0.0796756,17339486
550,1974-03-27,0.0728341,0.0728341,0.0728341,0.0728341,35777947
551,1974-03-28,0.0728341,0.0728341,0.0662337,0.0662337,32725231
552,1974-03-29,0.0728341,0.0728341,0.0728341,0.0728341,25642910
553,1974-04-01,0.0728341,0.0728341,0.0728341,0.0728341,13798326
554,1974-04-02,0.0728341,0.0796756,0.0728341,0.0728341,30405165
555,1974-04-03,0.0728341,0.0796756,0.0728341,0.0728341,21491197
556,1974-04-04,0.0728341,0.0796756,0.0728341,0.0728341,14897308
557,1974-04-05,0.0728341,0.0796756,0.0728341,0.0728341,26986110
558,1974-04-08,0.0796756,0.0796756,0.0796756,0.0796756,10664197
559,1974-04-09,0.0796756,0.0796756,0.0796756,0.0796756,18316363
560,1974-04-10,0.0796756,0.0863129,0.0796756,0.0796756,13920434
561,1974-04-11,0.0863129,0.0863129,0.0863129,0.0863129,11803879
562,1974-04-15,0.0863129,0.0863129,0.0796756,0.0796756,16851059
563,1974-04-16,0.0863129,0.0863129,0.0863129,0.0863129,25805724
564,1974-04-17,0.0796756,0.0796756,0.0796756,0.0796756,17013864
565,1974-04-18,0.0796756,0.0863129,0.0796756,0.0796756,13676216
566,1974-04-19,0.0796756,0.0796756,0.0796756,0.0796756,12129502
567,1974-04-22,0.0796756,0.0796756,0.0796756,0.0796756,18153550
568,1974-04-23,0.0796756,0.0796756,0.0796756,0.0796756,7814979
569,1974-04-24,0.0796756,0.0796756,0.0728341,0.0728341,9524506
570,1974-04-25,0.0728341,0.0796756,0.0728341,0.0728341,26863993
571,1974-04-26,0.0796756,0.0796756,0.0796756,0.0796756,20107295
572,1974-04-29,0.0796756,0.0863129,0.0796756,0.0796756,12943566
573,1974-04-30,0.0796756,0.0863129,0.0796756,0.0796756,8791856
574,1974-05-01,0.0863129,0.0863129,0.0863129,0.0863129,13350590
575,1974-05-02,0.0863129,0.0863129,0.0863129,0.0863129,22956507
576,1974-05-03,0.0863129,0.0863129,0.0863129,0.0863129,11803879
577,1974-05-06,0.0863129,0.0863129,0.0863129,0.0863129,10908408
578,1974-05-07,0.0863129,0.0863129,0.0863129,0.0863129,19456050
579,1974-05-08,0.0863129,0.0863129,0.0863129,0.0863129,21654012
580,1974-05-09,0.0928294,0.0928294,0.0928294,0.0928294,19293234
581,1974-05-10,0.0928294,0.0928294,0.0928294,0.0928294,30445863
582,1974-05-13,0.0928294,0.0928294,0.0863129,0.0863129,15385746
583,1974-05-14,0.0928294,0.0928294,0.0928294,0.0928294,15222932
584,1974-05-15,0.0928294,0.0928294,0.0928294,0.0928294,17095272
585,1974-05-16,0.0928294,0.0995137,0.0928294,0.0928294,29631808
586,1974-05-17,0.0928294,0.0995137,0.0928294,0.0928294,25642910
587,1974-05-20,0.0995137,0.0995137,0.0995137,0.0995137,22956507
588,1974-05-21,0.0995137,0.106187,0.0995137,0.0995137,34190542
589,1974-05-22,0.0995137,0.0995137,0.0995137,0.0995137,29631808
590,1974-05-23,0.0995137,0.0995137,0.0995137,0.0995137,44691922
591,1974-05-24,0.0995137,0.0995137,0.0995137,0.0995137,24503219
592,1974-05-28,0.0995137,0.0995137,0.0995137,0.0995137,9036069
593,1974-05-29,0.0928294,0.0928294,0.0928294,0.0928294,13839028
594,1974-05-30,0.0928294,0.0995137,0.0928294,0.0928294,32236797
595,1974-05-31,0.0928294,0.0928294,0.0928294,0.0928294,18560581
596,1974-06-03,0.0928294,0.0928294,0.0928294,0.0928294,32725231
597,1974-06-04,0.0928294,0.0928294,0.0863129,0.0863129,57065646
598,1974-06-05,0.0863129,0.0928294,0.0863129,0.0863129,59345017
599,1974-06-06,0.0928294,0.0928294,0.0928294,0.0928294,106234896
600,1974-06-07,0.0863129,0.0863129,0.0796756,0.0796756,79940750
601,1974-06-10,0.0863129,0.0863129,0.0863129,0.0863129,36225701
602,1974-06-11,0.0863129,0.0863129,0.0796756,0.0796756,34271947
603,1974-06-12,0.0863129,0.0863129,0.0863129,0.0863129,44284898
604,1974-06-13,0.0863129,0.0863129,0.0863129,0.0863129,25317287
605,1974-06-14,0.0863129,0.0863129,0.0863129,0.0863129,10419972
606,1974-06-17,0.0728341,0.0728341,0.0728341,0.0728341,48680825
607,1974-06-18,0.0728341,0.0728341,0.0728341,0.0728341,42412555
608,1974-06-19,0.0728341,0.0796756,0.0728341,0.0728341,21328386
609,1974-06-20,0.0728341,0.0796756,0.0728341,0.0728341,34597570
610,1974-06-21,0.0728341,0.0728341,0.0728341,0.0728341,25561500
611,1974-06-24,0.0796756,0.0796756,0.0796756,0.0796756,12617936
612,1974-06-25,0.0796756,0.0863129,0.0796756,0.0796756,14815903
613,1974-06-26,0.0796756,0.0796756,0.0796756,0.0796756,27189621
614,1974-06-27,0.0796756,0.0796756,0.0796756,0.0796756,12048098
615,1974-06-28,0.0796756,0.0796756,0.0796756,0.0796756,11478254
616,1974-07-01,0.0796756,0.0796756,0.0796756,0.0796756,11559663
617,1974-07-02,0.0796756,0.0796756,0.0728341,0.0728341,26212751
618,1974-07-03,0.0796756,0.0796756,0.0796756,0.0796756,34027735
619,1974-07-05,0.0596799,0.0596799,0.0529963,0.0529963,119015641
620,1974-07-08,0.0529963,0.0596799,0.0529963,0.0529963,73835293
621,1974-07-09,0.0529963,0.0529963,0.0529963,0.0529963,95814917
622,1974-07-10,0.0464334,0.0464334,0.0397679,0.0397679,80510593
623,1974-07-11,0.0464334,0.0464334,0.0464334,0.0464334,73591077
624,1974-07-12,0.0529963,0.0529963,0.0529963,0.0529963,44447701
625,1974-07-15,0.0529963,0.0529963,0.0464334,0.0464334,31015707
626,1974-07-16,0.0529963,0.0529963,0.0529963,0.0529963,19130426
627,1974-07-17,0.0529963,0.0596799,0.0529963,0.0529963,39074901
628,1974-07-18,0.0529963,0.0529963,0.0529963,0.0529963,46157234
629,1974-07-19,0.0529963,0.0596799,0.0529963,0.0529963,31178520
630,1974-07-22,0.0529963,0.0596799,0.0529963,0.0529963,17420897
631,1974-07-23,0.0529963,0.0596799,0.0529963,0.0529963,30038833
632,1974-07-24,0.0529963,0.0529963,0.0464334,0.0464334,141076681
633,1974-07-25,0.0464334,0.0464334,0.0464334,0.0464334,105420833
634,1974-07-26,0.0397679,0.0397679,0.0397679,0.0397679,49576288
635,1974-07-29,0.0397679,0.0397679,0.0397679,0.0397679,21654012
636,1974-07-30,0.0464334,0.0464334,0.0464334,0.0464334,36958352
637,1974-07-31,0.0464334,0.0464334,0.0464334,0.0464334,26131346
638,1974-08-01,0.0464334,0.0464334,0.0397679,0.0397679,31015707
639,1974-08-02,0.0397679,0.0464334,0.0397679,0.0397679,29957432
640,1974-08-05,0.0397679,0.0464334,0.0397679,0.0397679,24991655
641,1974-08-06,0.0397679,0.0397679,0.0397679,0.0397679,58368146
642,1974-08-07,0.0397679,0.0397679,0.0397679,0.0397679,73428261
643,1974-08-08,0.0397679,0.0397679,0.0397679,0.0397679,37691004
644,1974-08-09,0.0397679,0.0397679,0.0397679,0.0397679,19293234
645,1974-08-12,0.0397679,0.0397679,0.0397679,0.0397679,8629046
646,1974-08-13,0.0397679,0.0397679,0.0397679,0.0397679,21491197
647,1974-08-14,0.0397679,0.0397679,0.0397679,0.0397679,24503219
648,1974-08-15,0.0397679,0.0397679,0.0397679,0.0397679,25480094
649,1974-08-16,0.0397679,0.0397679,0.0397679,0.0397679,6349672
650,1974-08-19,0.0397679,0.0397679,0.0397679,0.0397679,15792773
651,1974-08-20,0.0397679,0.0464334,0.0397679,0.0397679,26049941
652,1974-08-21,0.0397679,0.0397679,0.0397679,0.0397679,31259925
653,1974-08-22,0.0397679,0.0397679,0.0397679,0.0397679,24014785
654,1974-08-23,0.0397679,0.0397679,0.0397679,0.0397679,16851059
655,1974-08-26,0.0397679,0.0397679,0.0397679,0.0397679,29306182
656,1974-08-27,0.0397679,0.0397679,0.0397679,0.0397679,17176683
657,1974-08-28,0.0397679,0.0397679,0.0397679,0.0397679,16362621
658,1974-08-29,0.0397679,0.0397679,0.0397679,0.0397679,9117481
659,1974-08-30,0.0397679,0.0397679,0.0397679,0.0397679,12862157
660,1974-09-03,0.033233,0.033233,0.026605,0.026605,64555003
661,1974-09-04,0.026605,0.026605,0.026605,0.026605,26701186
662,1974-09-05,0.033233,0.033233,0.033233,0.033233,22630886
663,1974-09-06,0.033233,0.033233,0.033233,0.033233,15385746
664,1974-09-09,0.033233,0.033233,0.026605,0.026605,19781669
665,1974-09-10,0.026605,0.026605,0.026605,0.026605,38423656
666,1974-09-11,0.026605,0.026605,0.026605,0.026605,19944486
667,1974-09-12,0.026605,0.026605,0.0198376,0.0198376,32236797
668,1974-09-13,0.0198376,0.026605,0.0198376,0.0198376,21979634
669,1974-09-16,0.0198376,0.026605,0.0198376,0.0198376,31015707
670,1974-09-17,0.0198376,0.0198376,0.0198376,0.0198376,70660453
671,1974-09-18,0.0198376,0.026605,0.0198376,0.0198376,19537453
672,1974-09-19,0.026605,0.026605,0.026605,0.026605,15874183
673,1974-09-20,0.026605,0.026605,0.026605,0.026605,28085087
674,1974-09-23,0.026605,0.033233,0.026605,0.026605,34516168
675,1974-09-24,0.026605,0.026605,0.026605,0.026605,20107295
676,1974-09-25,0.026605,0.026605,0.0198376,0.0198376,45017552
677,1974-09-26,0.026605,0.026605,0.026605,0.026605,16932462
678,1974-09-27,0.026605,0.026605,0.026605,0.026605,14164652
679,1974-09-30,0.026605,0.026605,0.0198376,0.0198376,20025890
680,1974-10-01,0.026605,0.026605,0.026605,0.026605,27840878
681,1974-10-02,0.0198376,0.0198376,0.0198376,0.0198376,34923195
682,1974-10-03,0.0198376,0.026605,0.0198376,0.0198376,32318205
683,1974-10-04,0.026605,0.026605,0.026605,0.026605,23526350
684,1974-10-07,0.026605,0.026605,0.026605,0.026605,10012943
685,1974-10-08,0.026605,0.026605,0.0198376,0.0198376,25398688
686,1974-10-09,0.026605,0.026605,0.026605,0.026605,18967613
687,1974-10-10,0.026605,0.026605,0.026605,0.026605,34109138
688,1974-10-11,0.026605,0.026605,0.026605,0.026605,15629968
689,1974-10-14,0.026605,0.033233,0.026605,0.026605,30608680
690,1974-10-15,0.026605,0.026605,0.026605,0.026605,14327465
691,1974-10-16,0.026605,0.026605,0.026605,0.026605,14897308
692,1974-10-17,0.026605,0.026605,0.026605,0.026605,15629968
693,1974-10-18,0.026605,0.026605,0.026605,0.026605,17095272
694,1974-10-21,0.026605,0.033233,0.026605,0.026605,11478254
695,1974-10-22,0.033233,0.033233,0.033233,0.033233,26863993
696,1974-10-23,0.033233,0.033233,0.033233,0.033233,19700269
697,1974-10-24,0.033233,0.033233,0.033233,0.033233,14490276
698,1974-10-25,0.033233,0.033233,0.033233,0.033233,13350590
699,1974-10-28,0.033233,0.033233,0.033233,0.033233,15955585
700,1974-10-29,0.033233,0.033233,0.033233,0.033233,18967613
701,1974-10-30,0.033233,0.033233,0.033233,0.033233,34678978
702,1974-10-31,0.0397679,0.0397679,0.0397679,0.0397679,39074901
703,1974-11-01,0.033233,0.033233,0.033233,0.033233,40540216
704,1974-11-04,0.033233,0.033233,0.033233,0.033233,16688234
705,1974-11-05,0.033233,0.033233,0.033233,0.033233,27596656
706,1974-11-06,0.033233,0.033233,0.033233,0.033233,26456970
707,1974-11-07,0.033233,0.033233,0.033233,0.033233,26294152
708,1974-11-08,0.033233,0.033233,0.033233,0.033233,18641987
709,1974-11-11,0.033233,0.033233,0.033233,0.033233,17827923
710,1974-11-12,0.033233,0.033233,0.033233,0.033233,36876945
711,1974-11-13,0.033233,0.033233,0.033233,0.033233,20432922
712,1974-11-14,0.033233,0.033233,0.026605,0.026605,13350590
713,1974-11-15,0.026605,0.033233,0.026605,0.026605,9524506
714,1974-11-18,0.026605,0.026605,0.026605,0.026605,35737259
715,1974-11-19,0.026605,0.026605,0.026605,0.026605,17909331
716,1974-11-20,0.026605,0.026605,0.026605,0.026605,8710445
717,1974-11-21,0.033233,0.033233,0.033233,0.033233,14734494
718,1974-11-22,0.033233,0.033233,0.033233,0.033233,4965770
719,1974-11-25,0.033233,0.033233,0.033233,0.033233,10257165
720,1974-11-26,0.033233,0.033233,0.033233,0.033233,13269187
721,1974-11-27,0.033233,0.033233,0.033233,0.033233,11559663
722,1974-11-29,0.033233,0.033233,0.033233,0.033233,4395922
723,1974-12-02,0.033233,0.033233,0.026605,0.026605,12373718
724,1974-12-03,0.026605,0.026605,0.026605,0.026605,11478254
725,1974-12-04,0.026605,0.033233,0.026605,0.026605,7814979
726,1974-12-05,0.026605,0.026605,0.026605,0.026605,24014785
727,1974-12-06,0.026605,0.026605,0.026605,0.026605,21246978
728,1974-12-09,0.026605,0.026605,0.026605,0.026605,16281211
729,1974-12-10,0.026605,0.026605,0.026605,0.026605,13920434
730,1974-12-11,0.026605,0.026605,0.026605,0.026605,9198885
731,1974-12-12,0.026605,0.026605,0.026605,0.026605,6919511
732,1974-12-13,0.026605,0.026605,0.026605,0.026605,10664197
733,1974-12-16,0.026605,0.026605,0.026605,0.026605,5942646
734,1974-12-17,0.026605,0.026605,0.026605,0.026605,17420897
735,1974-12-18,0.026605,0.026605,0.026605,0.026605,8791856
736,1974-12-19,0.026605,0.026605,0.026605,0.026605,11966691
737,1974-12-20,0.026605,0.026605,0.026605,0.026605,8547637
738,1974-12-23,0.026605,0.026605,0.026605,0.026605,10664197
739,1974-12-24,0.026605,0.026605,0.026605,0.026605,6512486
740,1974-12-26,0.026605,0.026605,0.026605,0.026605,2767806
741,1974-12-27,0.026605,0.026605,0.026605,0.026605,10501377
742,1974-12-30,0.026605,0.026605,0.026605,0.026605,11315434
743,1974-12-31,0.026605,0.026605,0.026605,0.026605,15467153
744,1975-01-02,0.026605,0.033233,0.026605,0.026605,13839028
745,1975-01-03,0.026605,0.033233,0.026605,0.026605,8303417
746,1975-01-06,0.026605,0.026605,0.026605,0.026605,5942646
747,1975-01-07,0.026605,0.026605,0.026605,0.026605,10012943
748,1975-01-08,0.026605,0.026605,0.026605,0.026605,4965770
749,1975-01-09,0.026605,0.026605,0.026605,0.026605,10094347
750,1975-01-10,0.026605,0.026605,0.026605,0.026605,9850133
751,1975-01-13,0.026605,0.026605,0.026605,0.026605,3174838
752,1975-01-14,0.026605,0.026605,0.026605,0.026605,10419972
753,1975-01-15,0.026605,0.026605,0.026605,0.026605,6838106
754,1975-01-16,0.026605,0.033233,0.026605,0.026605,10094347
755,1975-01-17,0.026605,0.026605,0.026605,0.026605,8547637
756,1975-01-20,0.026605,0.033233,0.026605,0.026605,16199806
757,1975-01-21,0.026605,0.026605,0.026605,0.026605,8140607
758,1975-01-22,0.026605,0.026605,0.026605,0.026605,14327465
759,1975-01-23,0.026605,0.026605,0.026605,0.026605,18560581
760,1975-01-24,0.026605,0.026605,0.026605,0.026605,26456970
761,1975-01-27,0.033233,0.033233,0.033233,0.033233,19374638
762,1975-01-28,0.033233,0.033233,0.033233,0.033233,39481940
763,1975-01-29,0.033233,0.0397679,0.033233,0.033233,23037917
764,1975-01-30,0.033233,0.033233,0.033233,0.033233,21816822
765,1975-01-31,0.0397679,0.0397679,0.0397679,0.0397679,48273791
766,1975-02-03,0.0397679,0.0397679,0.0397679,0.0397679,24421819
767,1975-02-04,0.0397679,0.0397679,0.0397679,0.0397679,26701186
768,1975-02-05,0.0397679,0.0397679,0.0397679,0.0397679,25561500
769,1975-02-06,0.0397679,0.0397679,0.0397679,0.0397679,24991655
770,1975-02-07,0.0397679,0.0397679,0.0397679,0.0397679,26212751
771,1975-02-10,0.0397679,0.0397679,0.0397679,0.0397679,15711370
772,1975-02-11,0.0464334,0.0464334,0.0464334,0.0464334,32236797
773,1975-02-12,0.0464334,0.0464334,0.0464334,0.0464334,21165573
774,1975-02-13,0.0464334,0.0464334,0.0464334,0.0464334,30934301
775,1975-02-14,0.0464334,0.0464334,0.0464334,0.0464334,25073064
776,1975-02-18,0.0464334,0.0464334,0.0464334,0.0464334,17827923
777,1975-02-19,0.0464334,0.0464334,0.0464334,0.0464334,23933380
778,1975-02-20,0.0464334,0.0464334,0.0464334,0.0464334,14815903
779,1975-02-21,0.0464334,0.0464334,0.0464334,0.0464334,15548556
780,1975-02-24,0.0464334,0.0464334,0.0464334,0.0464334,21491197
781,1975-02-25,0.0464334,0.0464334,0.0464334,0.0464334,18316363
782,1975-02-26,0.0464334,0.0529963,0.0464334,0.0464334,21246978
783,1975-02-27,0.0529963,0.0529963,0.0529963,0.0529963,28247894
784,1975-02-28,0.0529963,0.0529963,0.0529963,0.0529963,21084167
785,1975-03-03,0.0529963,0.0596799,0.0529963,0.0529963,34190542
786,1975-03-04,0.0596799,0.0596799,0.0596799,0.0596799,53320966
787,1975-03-05,0.0596799,0.0596799,0.0596799,0.0596799,62682664
788,1975-03-06,0.0596799,0.0596799,0.0596799,0.0596799,34760386
789,1975-03-07,0.0596799,0.0596799,0.0596799,0.0596799,22875099
790,1975-03-10,0.0596799,0.0596799,0.0596799,0.0596799,18153550
791,1975-03-11,0.0596799,0.0596799,0.0596799,0.0596799,24421819
792,1975-03-12,0.0596799,0.0596799,0.0529963,0.0529963,20270107
793,1975-03-13,0.0596799,0.0596799,0.0596799,0.0596799,18967613
794,1975-03-14,0.0596799,0.0596799,0.0596799,0.0596799,40865840
795,1975-03-17,0.0596799,0.0596799,0.0596799,0.0596799,21084167
796,1975-03-18,0.0596799,0.0596799,0.0596799,0.0596799,17176683
797,1975-03-19,0.0596799,0.0596799,0.0596799,0.0596799,26049941
798,1975-03-20,0.0596799,0.0662337,0.0596799,0.0596799,68543900
799,1975-03-21,0.0596799,0.0662337,0.0596799,0.0596799,27433839
800,1975-03-24,0.0596799,0.0596799,0.0596799,0.0596799,21491197
801,1975-03-25,0.0596799,0.0596799,0.0596799,0.0596799,28736342
802,1975-03-26,0.0662337,0.0662337,0.0662337,0.0662337,28899150
803,1975-03-27,0.0662337,0.0662337,0.0662337,0.0662337,16444025
804,1975-03-31,0.0662337,0.0662337,0.0662337,0.0662337,15222932
805,1975-04-01,0.0662337,0.0662337,0.0662337,0.0662337,17339486
806,1975-04-02,0.0662337,0.0728341,0.0662337,0.0662337,42086930
807,1975-04-03,0.0728341,0.0728341,0.0728341,0.0728341,47948168
808,1975-04-04,0.0728341,0.0728341,0.0728341,0.0728341,39156316
809,1975-04-07,0.0728341,0.0728341,0.0728341,0.0728341,16362621
810,1975-04-08,0.0728341,0.0728341,0.0728341,0.0728341,35167416
811,1975-04-09,0.0796756,0.0796756,0.0796756,0.0796756,46727073
812,1975-04-10,0.0728341,0.0728341,0.0728341,0.0728341,30038833
813,1975-04-11,0.0728341,0.0728341,0.0728341,0.0728341,14734494
814,1975-04-14,0.0728341,0.0796756,0.0728341,0.0728341,31341332
815,1975-04-15,0.0728341,0.0796756,0.0728341,0.0728341,23282129
816,1975-04-16,0.0796756,0.0796756,0.0796756,0.0796756,33864916
817,1975-04-17,0.0796756,0.0796756,0.0796756,0.0796756,49901910
818,1975-04-18,0.0796756,0.0796756,0.0796756,0.0796756,26212751
819,1975-04-21,0.0796756,0.0796756,0.0796756,0.0796756,20270107
820,1975-04-22,0.0728341,0.0728341,0.0728341,0.0728341,33295075
821,1975-04-23,0.0728341,0.0728341,0.0728341,0.0728341,23689166
822,1975-04-24,0.0728341,0.0728341,0.0728341,0.0728341,23444941
823,1975-04-25,0.0796756,0.0796756,0.0796756,0.0796756,18316363
824,1975-04-28,0.0796756,0.0796756,0.0796756,0.0796756,19293234
825,1975-04-29,0.0796756,0.0796756,0.0796756,0.0796756,17990736
826,1975-04-30,0.0796756,0.0796756,0.0796756,0.0796756,25724314
827,1975-05-01,0.0796756,0.0796756,0.0796756,0.0796756,93047114
828,1975-05-02,0.0796756,0.0796756,0.0796756,0.0796756,23037917
829,1975-05-05,0.0796756,0.0796756,0.0796756,0.0796756,38179443
830,1975-05-06,0.0728341,0.0728341,0.0728341,0.0728341,28329306
831,1975-05-07,0.0728341,0.0796756,0.0728341,0.0728341,28166501
832,1975-05-08,0.0796756,0.0796756,0.0796756,0.0796756,19944486
833,1975-05-09,0.0796756,0.0796756,0.0796756,0.0796756,23933380
834,1975-05-12,0.0796756,0.0863129,0.0796756,0.0796756,44773327
835,1975-05-13,0.0863129,0.0863129,0.0863129,0.0863129,37691004
836,1975-05-14,0.0863129,0.0928294,0.0863129,0.0863129,29957432
837,1975-05-15,0.0863129,0.0863129,0.0863129,0.0863129,27352437
838,1975-05-16,0.0863129,0.0863129,0.0863129,0.0863129,20514330
839,1975-05-19,0.0863129,0.0863129,0.0863129,0.0863129,13269187
840,1975-05-20,0.0863129,0.0863129,0.0863129,0.0863129,17339486
841,1975-05-21,0.0863129,0.0863129,0.0796756,0.0796756,18316363
842,1975-05-22,0.0863129,0.0863129,0.0863129,0.0863129,25805724
843,1975-05-23,0.0863129,0.0863129,0.0863129,0.0863129,19537453
844,1975-05-27,0.0863129,0.0863129,0.0863129,0.0863129,12699346
845,1975-05-28,0.0863129,0.0863129,0.0796756,0.0796756,12455127
846,1975-05-29,0.0796756,0.0796756,0.0796756,0.0796756,12292313
847,1975-05-30,0.0863129,0.0863129,0.0863129,0.0863129,16199806
848,1975-06-02,0.0863129,0.0863129,0.0863129,0.0863129,22712291
849,1975-06-03,0.0863129,0.0863129,0.0863129,0.0863129,14897308
850,1975-06-04,0.0863129,0.0863129,0.0863129,0.0863129,19293234
851,1975-06-05,0.0863129,0.0863129,0.0863129,0.0863129,6186864
852,1975-06-06,0.0863129,0.0863129,0.0863129,0.0863129,41761308
853,1975-06-09,0.0796756,0.0796756,0.0796756,0.0796756,29224775
854,1975-06-10,0.0796756,0.0796756,0.0796756,0.0796756,22061038
855,1975-06-11,0.0796756,0.0796756,0.0796756,0.0796756,16199806
856,1975-06-12,0.0796756,0.0796756,0.0796756,0.0796756,11641068
857,1975-06-13,0.0796756,0.0796756,0.0796756,0.0796756,18804795
858,1975-06-16,0.0796756,0.0796756,0.0796756,0.0796756,20677137
859,1975-06-17,0.0796756,0.0796756,0.0796756,0.0796756,11559663
860,1975-06-18,0.0796756,0.0796756,0.0796756,0.0796756,10012943
861,1975-06-19,0.0796756,0.0863129,0.0796756,0.0796756,12862157
862,1975-06-20,0.0863129,0.0863129,0.0863129,0.0863129,22956507
863,1975-06-23,0.0863129,0.0928294,0.0863129,0.0863129,15304338
864,1975-06-24,0.0863129,0.0863129,0.0863129,0.0863129,19130426
865,1975-06-25,0.0928294,0.0928294,0.0928294,0.0928294,16036995
866,1975-06-26,0.0863129,0.0863129,0.0863129,0.0863129,43389427
867,1975-06-27,0.0863129,0.0863129,0.0863129,0.0863129,12699346
868,1975-06-30,0.0863129,0.0863129,0.0863129,0.0863129,11071222
869,1975-07-01,0.0796756,0.0796756,0.0796756,0.0796756,29631808
870,1975-07-02,0.0796756,0.0796756,0.0796756,0.0796756,42249745
871,1975-07-03,0.0796756,0.0863129,0.0796756,0.0796756,33295075
872,1975-07-07,0.0796756,0.0796756,0.0796756,0.0796756,20351513
873,1975-07-08,0.0796756,0.0863129,0.0796756,0.0796756,23444941
874,1975-07-09,0.0928294,0.0928294,0.0928294,0.0928294,22630886
875,1975-07-10,0.0928294,0.0928294,0.0863129,0.0863129,32236797
876,1975-07-11,0.0863129,0.0863129,0.0863129,0.0863129,26619780
877,1975-07-14,0.0928294,0.0928294,0.0928294,0.0928294,29306182
878,1975-07-15,0.0928294,0.0928294,0.0863129,0.0863129,48843633
879,1975-07-16,0.0863129,0.0863129,0.0863129,0.0863129,28980554
880,1975-07-17,0.0863129,0.0863129,0.0863129,0.0863129,25480094
881,1975-07-18,0.0863129,0.0863129,0.0863129,0.0863129,17990736
882,1975-07-21,0.0863129,0.0863129,0.0863129,0.0863129,14490276
883,1975-07-22,0.0796756,0.0796756,0.0796756,0.0796756,21002767
884,1975-07-23,0.0796756,0.0796756,0.0796756,0.0796756,35004607
885,1975-07-24,0.0796756,0.0796756,0.0796756,0.0796756,31829764
886,1975-07-25,0.0796756,0.0796756,0.0728341,0.0728341,49494882
887,1975-07-28,0.0796756,0.0796756,0.0796756,0.0796756,38098034
888,1975-07-29,0.0796756,0.0796756,0.0796756,0.0796756,27108214
889,1975-07-30,0.0796756,0.0796756,0.0728341,0.0728341,22305257
890,1975-07-31,0.0728341,0.0796756,0.0728341,0.0728341,31341332
891,1975-08-01,0.0728341,0.0728341,0.0662337,0.0662337,43633650
892,1975-08-04,0.0662337,0.0728341,0.0662337,0.0662337,43633650
893,1975-08-05,0.0728341,0.0728341,0.0728341,0.0728341,26619780
894,1975-08-06,0.0728341,0.0796756,0.0728341,0.0728341,27922279
895,1975-08-07,0.0728341,0.0728341,0.0728341,0.0728341,24421819
896,1975-08-08,0.0728341,0.0728341,0.0728341,0.0728341,13432005
897,1975-08-11,0.0728341,0.0796756,0.0728341,0.0728341,23444941
898,1975-08-12,0.0728341,0.0796756,0.0728341,0.0728341,24421819
899,1975-08-13,0.0728341,0.0728341,0.0728341,0.0728341,26945408
900,1975-08-14,0.0728341,0.0728341,0.0728341,0.0728341,19618863
901,1975-08-15,0.0728341,0.0796756,0.0728341,0.0728341,15385746
902,1975-08-18,0.0728341,0.0728341,0.0728341,0.0728341,24014785
903,1975-08-19,0.0728341,0.0728341,0.0728341,0.0728341,31504142
904,1975-08-20,0.0728341,0.0728341,0.0728341,0.0728341,23607753
905,1975-08-21,0.0728341,0.0728341,0.0728341,0.0728341,30771492
906,1975-08-22,0.0728341,0.0728341,0.0728341,0.0728341,19456050
907,1975-08-25,0.0728341,0.0728341,0.0728341,0.0728341,18967613
908,1975-08-26,0.0728341,0.0728341,0.0728341,0.0728341,18072145
909,1975-08-27,0.0728341,0.0728341,0.0728341,0.0728341,14897308
910,1975-08-28,0.0796756,0.0796756,0.0796756,0.0796756,20514330
911,1975-08-29,0.0863129,0.0863129,0.0863129,0.0863129,34923195
912,1975-09-02,0.0796756,0.0796756,0.0796756,0.0796756,18153550
913,1975-09-03,0.0863129,0.0863129,0.0863129,0.0863129,29387588
914,1975-09-04,0.0863129,0.0863129,0.0863129,0.0863129,15874183
915,1975-09-05,0.0863129,0.0863129,0.0796756,0.0796756,17013864
916,1975-09-08,0.0863129,0.0863129,0.0863129,0.0863129,18967613
917,1975-09-09,0.0796756,0.0796756,0.0796756,0.0796756,17258079
918,1975-09-10,0.0796756,0.0796756,0.0796756,0.0796756,36876945
919,1975-09-11,0.0728341,0.0728341,0.0728341,0.0728341,22142451
920,1975-09-12,0.0728341,0.0796756,0.0728341,0.0728341,16525430
921,1975-09-15,0.0728341,0.0728341,0.0728341,0.0728341,17665114
922,1975-09-16,0.0728341,0.0728341,0.0728341,0.0728341,18560581
923,1975-09-17,0.0796756,0.0796756,0.0796756,0.0796756,36469912
924,1975-09-18,0.0863129,0.0863129,0.0863129,0.0863129,34760386
925,1975-09-19,0.0863129,0.0863129,0.0863129,0.0863129,51692846
926,1975-09-22,0.0863129,0.0863129,0.0863129,0.0863129,32155394
927,1975-09-23,0.0995137,0.0995137,0.0995137,0.0995137,59752045
928,1975-09-24,0.0928294,0.0928294,0.0928294,0.0928294,44529111
929,1975-09-25,0.0928294,0.0928294,0.0928294,0.0928294,34109138
930,1975-09-26,0.0928294,0.0928294,0.0928294,0.0928294,22875099
931,1975-09-29,0.0928294,0.0928294,0.0928294,0.0928294,23363541
932,1975-09-30,0.0928294,0.0928294,0.0928294,0.0928294,29794616
933,1975-10-01,0.0928294,0.0928294,0.0928294,0.0928294,37935217
934,1975-10-02,0.0928294,0.0995137,0.0928294,0.0928294,37039755
935,1975-10-03,0.106187,0.106187,0.106187,0.106187,41272869
936,1975-10-06,0.106187,0.106187,0.106187,0.106187,44854732
937,1975-10-07,0.106187,0.106187,0.0995137,0.0995137,40214595
938,1975-10-08,0.106187,0.106187,0.106187,0.106187,28736342
939,1975-10-09,0.106187,0.106187,0.0995137,0.0995137,18316363
940,1975-10-10,0.106187,0.106187,0.106187,0.106187,11396849
941,1975-10-13,0.106187,0.106187,0.106187,0.106187,18967613
942,1975-10-14,0.106187,0.106187,0.106187,0.106187,25154471
943,1975-10-15,0.106187,0.106187,0.106187,0.106187,31666954
944,1975-10-16,0.0995137,0.0995137,0.0995137,0.0995137,33050860
945,1975-10-17,0.0995137,0.0995137,0.0995137,0.0995137,40214595
946,1975-10-20,0.106187,0.106187,0.106187,0.106187,28899150
947,1975-10-21,0.106187,0.112797,0.106187,0.106187,36388509
948,1975-10-22,0.106187,0.106187,0.106187,0.106187,24828846
949,1975-10-23,0.106187,0.106187,0.106187,0.106187,21654012
950,1975-10-24,0.106187,0.106187,0.106187,0.106187,14571682
951,1975-10-27,0.106187,0.106187,0.106187,0.106187,20758544
952,1975-10-28,0.106187,0.106187,0.0995137,0.0995137,22142451
953,1975-10-29,0.0995137,0.0995137,0.0995137,0.0995137,32725231
954,1975-10-30,0.0928294,0.0928294,0.0863129,0.0863129,53972219
955,1975-10-31,0.0863129,0.0928294,0.0863129,0.0863129,40458812
956,1975-11-03,0.0928294,0.0928294,0.0928294,0.0928294,19293234
957,1975-11-04,0.0928294,0.0928294,0.0928294,0.0928294,27678057
958,1975-11-05,0.0928294,0.0928294,0.0928294,0.0928294,12617936
959,1975-11-06,0.0928294,0.0928294,0.0928294,0.0928294,16036995
960,1975-11-07,0.0928294,0.0928294,0.0863129,0.0863129,60240482
961,1975-11-10,0.0928294,0.0928294,0.0928294,0.0928294,18072145
962,1975-11-11,0.0928294,0.0928294,0.0928294,0.0928294,35248826
963,1975-11-12,0.0995137,0.0995137,0.0995137,0.0995137,52262692
964,1975-11-13,0.0928294,0.0928294,0.0928294,0.0928294,27840878
965,1975-11-14,0.0928294,0.0928294,0.0928294,0.0928294,17990736
966,1975-11-17,0.0928294,0.0928294,0.0928294,0.0928294,29143367
967,1975-11-18,0.0928294,0.0928294,0.0863129,0.0863129,41272869
968,1975-11-19,0.0863129,0.0863129,0.0863129,0.0863129,30690083
969,1975-11-20,0.0863129,0.0863129,0.0863129,0.0863129,40051783
970,1975-11-21,0.0863129,0.0863129,0.0863129,0.0863129,21491197
971,1975-11-24,0.0863129,0.0928294,0.0863129,0.0863129,18723396
972,1975-11-25,0.0863129,0.0928294,0.0863129,0.0863129,11315434
973,1975-11-26,0.0863129,0.0928294,0.0863129,0.0863129,13024966
974,1975-11-28,0.0928294,0.0928294,0.0928294,0.0928294,5535610
975,1975-12-01,0.0928294,0.0928294,0.0928294,0.0928294,17339486
976,1975-12-02,0.0863129,0.0863129,0.0863129,0.0863129,24177598
977,1975-12-03,0.0863129,0.0863129,0.0863129,0.0863129,26619780
978,1975-12-04,0.0863129,0.0863129,0.0863129,0.0863129,17746525
979,1975-12-05,0.0863129,0.0863129,0.0863129,0.0863129,23526350
980,1975-12-08,0.0863129,0.0863129,0.0863129,0.0863129,11641068
981,1975-12-09,0.0863129,0.0863129,0.0863129,0.0863129,21979634
982,1975-12-10,0.0863129,0.0863129,0.0863129,0.0863129,17176683
983,1975-12-11,0.0863129,0.0863129,0.0863129,0.0863129,14490276
984,1975-12-12,0.0863129,0.0863129,0.0796756,0.0796756,34516168
985,1975-12-15,0.0796756,0.0796756,0.0796756,0.0796756,22956507
986,1975-12-16,0.0796756,0.0863129,0.0796756,0.0796756,17502301
987,1975-12-17,0.0863129,0.0863129,0.0863129,0.0863129,18723396
988,1975-12-18,0.0863129,0.0863129,0.0863129,0.0863129,17176683
989,1975-12-19,0.0863129,0.0863129,0.0796756,0.0796756,9850133
990,1975-12-22,0.0796756,0.0863129,0.0796756,0.0796756,8954664
991,1975-12-23,0.0863129,0.0863129,0.0863129,0.0863129,10989815
992,1975-12-24,0.0863129,0.0863129,0.0863129,0.0863129,13757627
993,1975-12-26,0.0928294,0.0928294,0.0928294,0.0928294,13920434
994,1975-12-29,0.0928294,0.0928294,0.0863129,0.0863129,7896384
995,1975-12-30,0.0863129,0.0928294,0.0863129,0.0863129,8059203
996,1975-12-31,0.0863129,0.0928294,0.0863129,0.0863129,4395922
997,1976-01-02,0.0863129,0.0928294,0.0863129,0.0863129,5942646
998,1976-01-05,0.0863129,0.0863129,0.0863129,0.0863129,19211834
999,1976-01-06,0.0863129,0.0863129,0.0863129,0.0863129,12780751
1000,1976-01-07,0.0863129,0.0928294,0.0863129,0.0863129,25073064
1001,1976-01-08,0.0928294,0.0928294,0.0928294,0.0928294,24747441
1002,1976-01-09,0.0928294,0.0928294,0.0928294,0.0928294,17502301
1003,1976-01-12,0.0928294,0.0928294,0.0928294,0.0928294,17339486
1004,1976-01-13,0.0863129,0.0863129,0.0863129,0.0863129,25154471
1005,1976-01-14,0.0928294,0.0928294,0.0928294,0.0928294,15711370
1006,1976-01-15,0.0928294,0.0928294,0.0863129,0.0863129,13920434
1007,1976-01-16,0.0863129,0.0928294,0.0863129,0.0863129,8873255
1008,1976-01-19,0.0863129,0.0928294,0.0863129,0.0863129,9850133
1009,1976-01-20,0.0928294,0.0928294,0.0928294,0.0928294,19618863
1010,1976-01-21,0.0928294,0.0995137,0.0928294,0.0928294,21491197
1011,1976-01-22,0.0995137,0.0995137,0.0995137,0.0995137,37365377
1012,1976-01-23,0.0995137,0.0995137,0.0995137,0.0995137,19944486
1013,1976-01-26,0.0995137,0.106187,0.0995137,0.0995137,29876025
1014,1976-01-27,0.0995137,0.0995137,0.0995137,0.0995137,33702103
1015,1976-01-28,0.0995137,0.0995137,0.0995137,0.0995137,22630886
1016,1976-01-29,0.106187,0.106187,0.106187,0.106187,24340412
1017,1976-01-30,0.106187,0.106187,0.106187,0.106187,16118395
1018,1976-02-02,0.106187,0.112797,0.106187,0.106187,29794616
1019,1976-02-03,0.112797,0.11934,0.112797,0.112797,70090612
1020,1976-02-04,0.112797,0.112797,0.112797,0.112797,49006446
1021,1976-02-05,0.112797,0.112797,0.106187,0.106187,17013864
1022,1976-02-06,0.106187,0.112797,0.106187,0.106187,25235880
1023,1976-02-09,0.112797,0.112797,0.112797,0.112797,13350590
1024,1976-02-10,0.112797,0.112797,0.112797,0.112797,15467153
1025,1976-02-11,0.11934,0.11934,0.11934,0.11934,20351513
1026,1976-02-12,0.11934,0.11934,0.112797,0.112797,23770565
1027,1976-02-13,0.112797,0.11934,0.112797,0.112797,13920434
1028,1976-02-17,0.112797,0.112797,0.112797,0.112797,14246063
1029,1976-02-18,0.112797,0.112797,0.112797,0.112797,17420897
1030,1976-02-19,0.11934,0.126044,0.11934,0.11934,24259008
1031,1976-02-20,0.11934,0.11934,0.11934,0.11934,27759463
1032,1976-02-23,0.11934,0.126044,0.11934,0.11934,21979634
1033,1976-02-24,0.11934,0.126044,0.11934,0.11934,9687322
1034,1976-02-25,0.11934,0.11934,0.11934,0.11934,11559663
1035,1976-02-26,0.11934,0.11934,0.112797,0.112797,13920434
1036,1976-02-27,0.112797,0.112797,0.112797,0.112797,11641068
1037,1976-03-01,0.112797,0.11934,0.112797,0.112797,16688234
1038,1976-03-02,0.11934,0.11934,0.11934,0.11934,11803879
1039,1976-03-03,0.11934,0.11934,0.11934,0.11934,16606834
1040,1976-03-04,0.11934,0.11934,0.11934,0.11934,19374638
1041,1976-03-05,0.11934,0.126044,0.11934,0.11934,14978712
1042,1976-03-08,0.126044,0.126044,0.126044,0.126044,17339486
1043,1976-03-09,0.126044,0.126044,0.11934,0.11934,17013864
1044,1976-03-10,0.126044,0.126044,0.126044,0.126044,11315434
1045,1976-03-11,0.126044,0.126044,0.126044,0.126044,7163732
1046,1976-03-12,0.126044,0.126044,0.126044,0.126044,10745599
1047,1976-03-15,0.11934,0.11934,0.11934,0.11934,7977792
1048,1976-03-16,0.11934,0.11934,0.11934,0.11934,8303417
1049,1976-03-17,0.11934,0.11934,0.11934,0.11934,5779826
1050,1976-03-18,0.11934,0.11934,0.112797,0.112797,8710445
1051,1976-03-19,0.112797,0.11934,0.112797,0.112797,13269187
1052,1976-03-22,0.11934,0.11934,0.11934,0.11934,10175755
1053,1976-03-23,0.11934,0.126044,0.11934,0.11934,9036069
1054,1976-03-24,0.11934,0.126044,0.11934,0.11934,26294152
1055,1976-03-25,0.11934,0.126044,0.11934,0.11934,11803879
1056,1976-03-26,0.126044,0.126044,0.126044,0.126044,12862157
1057,1976-03-29,0.126044,0.126044,0.126044,0.126044,10094347
1058,1976-03-30,0.126044,0.126044,0.126044,0.126044,10908408
1059,1976-03-31,0.132728,0.132728,0.132728,0.132728,19211834
1060,1976-04-01,0.132728,0.132728,0.132728,0.132728,19944486
1061,1976-04-02,0.132728,0.132728,0.132728,0.132728,10745599
1062,1976-04-05,0.132728,0.132728,0.132728,0.132728,21165573
1063,1976-04-06,0.126044,0.126044,0.126044,0.126044,11641068
1064,1976-04-07,0.126044,0.126044,0.126044,0.126044,17176683
1065,1976-04-08,0.126044,0.126044,0.126044,0.126044,21084167
1066,1976-04-09,0.11934,0.11934,0.11934,0.11934,10175755
1067,1976-04-12,0.11934,0.126044,0.11934,0.11934,11966691
1068,1976-04-13,0.126044,0.126044,0.126044,0.126044,11071222
1069,1976-04-14,0.126044,0.126044,0.126044,0.126044,9687322
1070,1976-04-15,0.126044,0.132728,0.126044,0.126044,8791856
1071,1976-04-19,0.132728,0.132728,0.132728,0.132728,8384815
1072,1976-04-20,0.132728,0.139403,0.132728,0.132728,5589881
1073,1976-04-21,0.139403,0.139403,0.139403,0.139403,18614853
1074,1976-04-22,0.139403,0.139403,0.139403,0.139403,15358608
1075,1976-04-23,0.139403,0.139403,0.132728,0.132728,19157562
1076,1976-04-26,0.139403,0.139403,0.139403,0.139403,8846124
1077,1976-04-27,0.132728,0.132728,0.132728,0.132728,6295396
1078,1976-04-28,0.132728,0.139403,0.132728,0.132728,6186864
1079,1976-04-29,0.132728,0.132728,0.132728,0.132728,9551643
1080,1976-04-30,0.132728,0.132728,0.126044,0.126044,5861241
1081,1976-05-03,0.126044,0.132728,0.126044,0.126044,10854143
1082,1976-05-04,0.132728,0.132728,0.132728,0.132728,15684232
1083,1976-05-05,0.132728,0.132728,0.132728,0.132728,7923522
1084,1976-05-06,0.132728,0.132728,0.132728,0.132728,11179763
1085,1976-05-07,0.132728,0.132728,0.132728,0.132728,6078319
1086,1976-05-10,0.139403,0.146031,0.139403,0.139403,25507227
1087,1976-05-11,0.139403,0.146031,0.139403,0.139403,27786600
1088,1976-05-12,0.139403,0.139403,0.139403,0.139403,7597899
1089,1976-05-13,0.139403,0.139403,0.132728,0.132728,14924444
1090,1976-05-14,0.132728,0.139403,0.132728,0.132728,25290151
1091,1976-05-17,0.132728,0.139403,0.132728,0.132728,4667278
1092,1976-05-18,0.132728,0.139403,0.132728,0.132728,6946649
1093,1976-05-19,0.132728,0.132728,0.126044,0.126044,11071222
1094,1976-05-20,0.132728,0.132728,0.132728,0.132728,24313273
1095,1976-05-21,0.132728,0.132728,0.132728,0.132728,8846124
1096,1976-05-24,0.132728,0.132728,0.126044,0.126044,9226019
1097,1976-05-25,0.126044,0.132728,0.126044,0.126044,14381736
1098,1976-05-26,0.126044,0.132728,0.126044,0.126044,8357688
1099,1976-05-27,0.126044,0.132728,0.126044,0.126044,7272274
1100,1976-05-28,0.126044,0.132728,0.126044,0.126044,4884362
1101,1976-06-01,0.126044,0.126044,0.126044,0.126044,4938640
1102,1976-06-02,0.126044,0.132728,0.126044,0.126044,14815903
1103,1976-06-03,0.126044,0.126044,0.126044,0.126044,6621026
1104,1976-06-04,0.126044,0.126044,0.11934,0.11934,13513404
1105,1976-06-07,0.11934,0.11934,0.11934,0.11934,6458212
1106,1976-06-08,0.11934,0.126044,0.11934,0.11934,16009855
1107,1976-06-09,0.11934,0.126044,0.11934,0.11934,6566756
1108,1976-06-10,0.126044,0.132728,0.126044,0.126044,10419972
1109,1976-06-11,0.126044,0.126044,0.126044,0.126044,7272274
1110,1976-06-14,0.126044,0.126044,0.126044,0.126044,13947568
1111,1976-06-15,0.11934,0.11934,0.112797,0.112797,11722473
1112,1976-06-16,0.126044,0.126044,0.126044,0.126044,15847045
1113,1976-06-17,0.11934,0.11934,0.11934,0.11934,18560581
1114,1976-06-18,0.11934,0.11934,0.112797,0.112797,14273197
1115,1976-06-21,0.11934,0.11934,0.11934,0.11934,11993824
1116,1976-06-22,0.112797,0.112797,0.112797,0.112797,20351513
1117,1976-06-23,0.112797,0.11934,0.112797,0.112797,24367548
1118,1976-06-24,0.11934,0.11934,0.11934,0.11934,18452040
1119,1976-06-25,0.11934,0.126044,0.11934,0.11934,27243889
1120,1976-06-28,0.11934,0.11934,0.11934,0.11934,8629046
1121,1976-06-29,0.11934,0.126044,0.11934,0.11934,4016030
1122,1976-06-30,0.126044,0.126044,0.126044,0.126044,11559663
1123,1976-07-01,0.126044,0.126044,0.126044,0.126044,15901319
1124,1976-07-02,0.132728,0.132728,0.132728,0.132728,6783838
1125,1976-07-06,0.126044,0.126044,0.126044,0.126044,8629046
1126,1976-07-07,0.126044,0.132728,0.126044,0.126044,12048098
1127,1976-07-08,0.126044,0.126044,0.11934,0.11934,13893293
1128,1976-07-09,0.126044,0.132728,0.126044,0.126044,26863993
1129,1976-07-12,0.132728,0.132728,0.132728,0.132728,18126416
1130,1976-07-13,0.126044,0.126044,0.126044,0.126044,3201971
1131,1976-07-14,0.132728,0.132728,0.132728,0.132728,9605911
1132,1976-07-15,0.132728,0.132728,0.132728,0.132728,25290151
1133,1976-07-16,0.132728,0.132728,0.126044,0.126044,6675294
1134,1976-07-19,0.126044,0.126044,0.126044,0.126044,9388833
1135,1976-07-20,0.126044,0.126044,0.126044,0.126044,4884362
1136,1976-07-21,0.126044,0.126044,0.126044,0.126044,6349672
1137,1976-07-22,0.126044,0.126044,0.126044,0.126044,3310515
1138,1976-07-23,0.126044,0.126044,0.126044,0.126044,4450198
1139,1976-07-26,0.126044,0.126044,0.11934,0.11934,8629046
1140,1976-07-27,0.11934,0.11934,0.11934,0.11934,8466229
1141,1976-07-28,0.11934,0.11934,0.112797,0.112797,20188701
1142,1976-07-29,0.11934,0.11934,0.11934,0.11934,6621026
1143,1976-07-30,0.11934,0.11934,0.11934,0.11934,8466229
1144,1976-08-02,0.11934,0.11934,0.112797,0.112797,8140607
1145,1976-08-03,0.11934,0.11934,0.11934,0.11934,15738505
1146,1976-08-04,0.11934,0.11934,0.11934,0.11934,4884362
1147,1976-08-05,0.11934,0.11934,0.112797,0.112797,4884362
1148,1976-08-06,0.11934,0.11934,0.11934,0.11934,3853219
1149,1976-08-09,0.11934,0.11934,0.112797,0.112797,2442181
1150,1976-08-10,0.11934,0.11934,0.11934,0.11934,5101448
1151,1976-08-11,0.11934,0.11934,0.112797,0.112797,9388833
1152,1976-08-12,0.112797,0.11934,0.112797,0.112797,7869250
1153,1976-08-13,0.112797,0.11934,0.112797,0.112797,4016030
1154,1976-08-16,0.112797,0.11934,0.112797,0.112797,1411036
1155,1976-08-17,0.11934,0.11934,0.11934,0.11934,6024049
1156,1976-08-18,0.11934,0.11934,0.11934,0.11934,3310515
1157,1976-08-19,0.11934,0.11934,0.112797,0.112797,4124575
1158,1976-08-20,0.112797,0.11934,0.112797,0.112797,6675294
1159,1976-08-23,0.112797,0.112797,0.112797,0.112797,13567676
1160,1976-08-24,0.112797,0.112797,0.106187,0.106187,16281211
1161,1976-08-25,0.112797,0.112797,0.112797,0.112797,10745599
1162,1976-08-26,0.112797,0.112797,0.112797,0.112797,11016946
1163,1976-08-27,0.112797,0.112797,0.112797,0.112797,7977792
1164,1976-08-30,0.112797,0.112797,0.106187,0.106187,10637058
1165,1976-08-31,0.112797,0.112797,0.112797,0.112797,11831013
1166,1976-09-01,0.112797,0.11934,0.112797,0.112797,7706439
1167,1976-09-02,0.112797,0.11934,0.112797,0.112797,18126416
1168,1976-09-03,0.112797,0.11934,0.112797,0.112797,4558733
1169,1976-09-07,0.11934,0.11934,0.11934,0.11934,13676216
1170,1976-09-08,0.11934,0.11934,0.11934,0.11934,13133509
1171,1976-09-09,0.11934,0.11934,0.11934,0.11934,8466229
1172,1976-09-10,0.11934,0.126044,0.11934,0.11934,16118395
1173,1976-09-13,0.11934,0.11934,0.11934,0.11934,10094347
1174,1976-09-14,0.11934,0.11934,0.11934,0.11934,7977792
1175,1976-09-15,0.11934,0.11934,0.11934,0.11934,14056117
1176,1976-09-16,0.11934,0.126044,0.11934,0.11934,11071222
1177,1976-09-17,0.11934,0.126044,0.11934,0.11934,12916427
1178,1976-09-20,0.11934,0.11934,0.11934,0.11934,18831934
1179,1976-09-21,0.11934,0.11934,0.112797,0.112797,13513404
1180,1976-09-22,0.112797,0.11934,0.112797,0.112797,6132590
1181,1976-09-23,0.112797,0.11934,0.112797,0.112797,10691330
1182,1976-09-24,0.112797,0.112797,0.112797,0.112797,8900395
1183,1976-09-27,0.112797,0.112797,0.112797,0.112797,4613007
1184,1976-09-28,0.112797,0.112797,0.106187,0.106187,9497373
1185,1976-09-29,0.112797,0.112797,0.112797,0.112797,8737587
1186,1976-09-30,0.112797,0.112797,0.112797,0.112797,5644157
1187,1976-10-01,0.106187,0.106187,0.106187,0.106187,9605911
1188,1976-10-04,0.106187,0.106187,0.106187,0.106187,8140607
1189,1976-10-05,0.106187,0.106187,0.0995137,0.0995137,14707361
1190,1976-10-06,0.0995137,0.0995137,0.0995137,0.0995137,13133509
1191,1976-10-07,0.106187,0.106187,0.106187,0.106187,23716297
1192,1976-10-08,0.106187,0.106187,0.106187,0.106187,9497373
1193,1976-10-11,0.106187,0.106187,0.0995137,0.0995137,8249145
1194,1976-10-12,0.0995137,0.106187,0.0995137,0.0995137,6675294
1195,1976-10-13,0.106187,0.106187,0.106187,0.106187,8737587
1196,1976-10-14,0.106187,0.106187,0.106187,0.106187,11885281
1197,1976-10-15,0.106187,0.106187,0.106187,0.106187,11071222
1198,1976-10-18,0.106187,0.106187,0.106187,0.106187,4504466
1199,1976-10-19,0.106187,0.112797,0.106187,0.106187,8791856
1200,1976-10-20,0.106187,0.112797,0.106187,0.106187,16878190
1201,1976-10-21,0.106187,0.106187,0.106187,0.106187,19483181
1202,1976-10-22,0.0995137,0.0995137,0.0995137,0.0995137,9877268
1203,1976-10-25,0.0995137,0.106187,0.0995137,0.0995137,13187777
1204,1976-10-26,0.0995137,0.106187,0.0995137,0.0995137,8520498
1205,1976-10-27,0.0995137,0.106187,0.0995137,0.0995137,4775820
1206,1976-10-29,0.0995137,0.0995137,0.0995137,0.0995137,4558733
1207,1976-11-01,0.0995137,0.0995137,0.0995137,0.0995137,11288306
1208,1976-11-03,0.0928294,0.0928294,0.0928294,0.0928294,22793694
1209,1976-11-04,0.0995137,0.0995137,0.0995137,0.0995137,24096194
1210,1976-11-05,0.0995137,0.0995137,0.0928294,0.0928294,9660183
1211,1976-11-08,0.0928294,0.0995137,0.0928294,0.0928294,2767806
1212,1976-11-09,0.0928294,0.0928294,0.0863129,0.0863129,20948495
1213,1976-11-10,0.0863129,0.0863129,0.0863129,0.0863129,17095272
1214,1976-11-11,0.0928294,0.0928294,0.0928294,0.0928294,15195797
1215,1976-11-12,0.0928294,0.0928294,0.0928294,0.0928294,9931538
1216,1976-11-15,0.0928294,0.0928294,0.0928294,0.0928294,18669118
1217,1976-11-16,0.0928294,0.0928294,0.0928294,0.0928294,14436008
1218,1976-11-17,0.0928294,0.0928294,0.0863129,0.0863129,22739424
1219,1976-11-18,0.0928294,0.0995137,0.0928294,0.0928294,17040998
1220,1976-11-19,0.0995137,0.0995137,0.0995137,0.0995137,15032985
1221,1976-11-22,0.0995137,0.0995137,0.0995137,0.0995137,8249145
1222,1976-11-23,0.0995137,0.0995137,0.0995137,0.0995137,4938640
1223,1976-11-24,0.0995137,0.0995137,0.0995137,0.0995137,23716297
1224,1976-11-26,0.0995137,0.106187,0.0995137,0.0995137,9171749
1225,1976-11-29,0.0995137,0.0995137,0.0995137,0.0995137,4775820
1226,1976-11-30,0.106187,0.106187,0.106187,0.106187,10419972
1227,1976-12-01,0.106187,0.112797,0.106187,0.106187,20242972
1228,1976-12-02,0.106187,0.106187,0.106187,0.106187,7163732
1229,1976-12-03,0.106187,0.106187,0.106187,0.106187,10148626
1230,1976-12-06,0.106187,0.106187,0.106187,0.106187,5427069
1231,1976-12-07,0.0995137,0.0995137,0.0995137,0.0995137,11342579
1232,1976-12-08,0.106187,0.106187,0.106187,0.106187,13621942
1233,1976-12-09,0.106187,0.106187,0.106187,0.106187,16444025
1234,1976-12-10,0.106187,0.106187,0.106187,0.106187,15792773
1235,1976-12-13,0.106187,0.106187,0.106187,0.106187,8574774
1236,1976-12-14,0.106187,0.106187,0.106187,0.106187,12102368
1237,1976-12-15,0.106187,0.106187,0.0995137,0.0995137,10799869
1238,1976-12-16,0.0995137,0.0995137,0.0928294,0.0928294,24584628
1239,1976-12-17,0.0928294,0.0995137,0.0928294,0.0928294,6675294
1240,1976-12-20,0.0995137,0.0995137,0.0995137,0.0995137,12753616
1241,1976-12-21,0.0995137,0.106187,0.0995137,0.0995137,11071222
1242,1976-12-22,0.106187,0.106187,0.106187,0.106187,18831934
1243,1976-12-23,0.106187,0.106187,0.106187,0.106187,11288306
1244,1976-12-27,0.106187,0.112797,0.106187,0.106187,14273197
1245,1976-12-28,0.106187,0.106187,0.106187,0.106187,12590800
1246,1976-12-29,0.106187,0.106187,0.106187,0.106187,22468073
1247,1976-12-30,0.106187,0.112797,0.106187,0.106187,10799869
1248,1976-12-31,0.106187,0.112797,0.106187,0.106187,10745599
1249,1977-01-03,0.106187,0.106187,0.106187,0.106187,18072145
1250,1977-01-04,0.106187,0.106187,0.106187,0.106187,6349672
1251,1977-01-05,0.0995137,0.0995137,0.0995137,0.0995137,28003685
1252,1977-01-06,0.0995137,0.106187,0.0995137,0.0995137,13242054
1253,1977-01-07,0.0995137,0.106187,0.0995137,0.0995137,16009855
1254,1977-01-10,0.0995137,0.106187,0.0995137,0.0995137,12645075
1255,1977-01-11,0.0995137,0.0995137,0.0995137,0.0995137,12970696
1256,1977-01-12,0.0995137,0.0995137,0.0995137,0.0995137,19211834
1257,1977-01-13,0.0995137,0.106187,0.0995137,0.0995137,13404865
1258,1977-01-14,0.0995137,0.106187,0.0995137,0.0995137,12373718
1259,1977-01-17,0.0995137,0.106187,0.0995137,0.0995137,6566756
1260,1977-01-18,0.0995137,0.106187,0.0995137,0.0995137,10528515
1261,1977-01-19,0.106187,0.106187,0.106187,0.106187,6729572
1262,1977-01-20,0.106187,0.106187,0.0995137,0.0995137,11505386
1263,1977-01-21,0.106187,0.106187,0.106187,0.106187,4504466
1264,1977-01-24,0.106187,0.106187,0.106187,0.106187,9443106
1265,1977-01-25,0.106187,0.106187,0.0995137,0.0995137,7760706
1266,1977-01-26,0.0995137,0.0995137,0.0995137,0.0995137,17095272
1267,1977-01-27,0.0995137,0.0995137,0.0995137,0.0995137,20514330
1268,1977-01-28,0.0995137,0.0995137,0.0995137,0.0995137,14218919
1269,1977-01-31,0.0995137,0.0995137,0.0995137,0.0995137,11396849
1270,1977-02-01,0.0995137,0.0995137,0.0995137,0.0995137,18831934
1271,1977-02-02,0.0995137,0.106187,0.0995137,0.0995137,11939559
1272,1977-02-03,0.0995137,0.106187,0.0995137,0.0995137,57092778
1273,1977-02-04,0.0995137,0.106187,0.0995137,0.0995137,7597899
1274,1977-02-07,0.0995137,0.106187,0.0995137,0.0995137,25941395
1275,1977-02-08,0.0995137,0.106187,0.0995137,0.0995137,47378326
1276,1977-02-09,0.0995137,0.0995137,0.0995137,0.0995137,18886206
1277,1977-02-10,0.0995137,0.0995137,0.0995137,0.0995137,17963599
1278,1977-02-11,0.0995137,0.0995137,0.0995137,0.0995137,3419052
1279,1977-02-14,0.0995137,0.106187,0.0995137,0.0995137,10202892
1280,1977-02-15,0.0995137,0.106187,0.0995137,0.0995137,7869250
1281,1977-02-16,0.106187,0.106187,0.106187,0.106187,8629046
1282,1977-02-17,0.106187,0.106187,0.106187,0.106187,6403940
1283,1977-02-18,0.106187,0.106187,0.0995137,0.0995137,10040072
1284,1977-02-22,0.0995137,0.106187,0.0995137,0.0995137,4992906
1285,1977-02-23,0.0995137,0.0995137,0.0995137,0.0995137,5481343
1286,1977-02-24,0.0995137,0.0995137,0.0995137,0.0995137,6783838
1287,1977-02-25,0.0995137,0.0995137,0.0995137,0.0995137,3690408
1288,1977-02-28,0.0995137,0.0995137,0.0995137,0.0995137,4233114
1289,1977-03-01,0.0995137,0.106187,0.0995137,0.0995137,9334562
1290,1977-03-02,0.0995137,0.106187,0.0995137,0.0995137,20242972
1291,1977-03-03,0.106187,0.106187,0.106187,0.106187,4992906
1292,1977-03-04,0.106187,0.106187,0.106187,0.106187,15358608
1293,1977-03-07,0.106187,0.106187,0.106187,0.106187,6241130
1294,1977-03-08,0.106187,0.106187,0.106187,0.106187,11939559
1295,1977-03-09,0.106187,0.106187,0.0995137,0.0995137,4775820
1296,1977-03-10,0.0995137,0.106187,0.0995137,0.0995137,9117481
1297,1977-03-11,0.0995137,0.0995137,0.0995137,0.0995137,7489357
1298,1977-03-14,0.0995137,0.0995137,0.0928294,0.0928294,20839950
1299,1977-03-15,0.0928294,0.0928294,0.0928294,0.0928294,74947840
1300,1977-03-16,0.0928294,0.0995137,0.0928294,0.0928294,15901319
1301,1977-03-17,0.0928294,0.0995137,0.0928294,0.0928294,16009855
1302,1977-03-18,0.0928294,0.0995137,0.0928294,0.0928294,9985807
1303,1977-03-21,0.0995137,0.0995137,0.0995137,0.0995137,4884362
1304,1977-03-22,0.0995137,0.0995137,0.0928294,0.0928294,9008935
1305,1977-03-23,0.0928294,0.0928294,0.0928294,0.0928294,11396849
1306,1977-03-24,0.0928294,0.0928294,0.0928294,0.0928294,11451122
1307,1977-03-25,0.0928294,0.0928294,0.0863129,0.0863129,11613930
1308,1977-03-28,0.0863129,0.0863129,0.0796756,0.0796756,26809726
1309,1977-03-29,0.0863129,0.0863129,0.0863129,0.0863129,21654012
1310,1977-03-30,0.0863129,0.0863129,0.0863129,0.0863129,17529438
1311,1977-03-31,0.0863129,0.0863129,0.0863129,0.0863129,16552564
1312,1977-04-01,0.0863129,0.0928294,0.0863129,0.0863129,6024049
1313,1977-04-04,0.0863129,0.0863129,0.0863129,0.0863129,8846124
1314,1977-04-05,0.0863129,0.0863129,0.0863129,0.0863129,7543627
1315,1977-04-06,0.0863129,0.0863129,0.0863129,0.0863129,5589881
1316,1977-04-07,0.0863129,0.0863129,0.0863129,0.0863129,6024049
1317,1977-04-11,0.0863129,0.0863129,0.0863129,0.0863129,3907489
1318,1977-04-12,0.0863129,0.0863129,0.0863129,0.0863129,6783838
1319,1977-04-13,0.0863129,0.0863129,0.0796756,0.0796756,41245735
1320,1977-04-14,0.0796756,0.0863129,0.0796756,0.0796756,22522343
1321,1977-04-15,0.0796756,0.0863129,0.0796756,0.0796756,15901319
1322,1977-04-18,0.0796756,0.0863129,0.0796756,0.0796756,12427992
1323,1977-04-19,0.0796756,0.0863129,0.0796756,0.0796756,38857828
1324,1977-04-20,0.0796756,0.0863129,0.0796756,0.0796756,11125498
1325,1977-04-21,0.0796756,0.0796756,0.0796756,0.0796756,25073064
1326,1977-04-22,0.0728341,0.0728341,0.0728341,0.0728341,45695935
1327,1977-04-25,0.0728341,0.0728341,0.0662337,0.0662337,26375560
1328,1977-04-26,0.0728341,0.0728341,0.0728341,0.0728341,23824841
1329,1977-04-27,0.0728341,0.0796756,0.0728341,0.0728341,32073983
1330,1977-04-28,0.0796756,0.0796756,0.0796756,0.0796756,27840878
1331,1977-04-29,0.0796756,0.0796756,0.0796756,0.0796756,7272274
1332,1977-05-02,0.0796756,0.0796756,0.0796756,0.0796756,18289230
1333,1977-05-03,0.0796756,0.0796756,0.0796756,0.0796756,29034827
1334,1977-05-04,0.0796756,0.0796756,0.0796756,0.0796756,36035750
1335,1977-05-05,0.0796756,0.0863129,0.0796756,0.0796756,15792773
1336,1977-05-06,0.0796756,0.0863129,0.0796756,0.0796756,10419972
1337,1977-05-09,0.0796756,0.0863129,0.0796756,0.0796756,10637058
1338,1977-05-10,0.0863129,0.0863129,0.0863129,0.0863129,4884362
1339,1977-05-11,0.0863129,0.0863129,0.0796756,0.0796756,18452040
1340,1977-05-12,0.0796756,0.0796756,0.0796756,0.0796756,24259008
1341,1977-05-13,0.0796756,0.0796756,0.0796756,0.0796756,8629046
1342,1977-05-16,0.0796756,0.0863129,0.0796756,0.0796756,15521423
1343,1977-05-17,0.0796756,0.0863129,0.0796756,0.0796756,20622867
1344,1977-05-18,0.0863129,0.0863129,0.0863129,0.0863129,12156636
1345,1977-05-19,0.0863129,0.0863129,0.0796756,0.0796756,3907489
1346,1977-05-20,0.0796756,0.0863129,0.0796756,0.0796756,8629046
1347,1977-05-23,0.0796756,0.0863129,0.0796756,0.0796756,17420897
1348,1977-05-24,0.0796756,0.0863129,0.0796756,0.0796756,14544550
1349,1977-05-25,0.0796756,0.0796756,0.0796756,0.0796756,17692250
1350,1977-05-26,0.0796756,0.0796756,0.0796756,0.0796756,7272274
1351,1977-05-27,0.0796756,0.0796756,0.0796756,0.0796756,12156636
1352,1977-05-31,0.0796756,0.0796756,0.0796756,0.0796756,10908408
1353,1977-06-01,0.0796756,0.0796756,0.0796756,0.0796756,19591724
1354,1977-06-02,0.0796756,0.0796756,0.0796756,0.0796756,23119322
1355,1977-06-03,0.0796756,0.0796756,0.0796756,0.0796756,6892378
1356,1977-06-06,0.0796756,0.0796756,0.0796756,0.0796756,10474242
1357,1977-06-07,0.0796756,0.0863129,0.0796756,0.0796756,13133509
1358,1977-06-08,0.0863129,0.0863129,0.0863129,0.0863129,25181610
1359,1977-06-09,0.0863129,0.0863129,0.0796756,0.0796756,14924444
1360,1977-06-10,0.0863129,0.0863129,0.0863129,0.0863129,15467153
1361,1977-06-13,0.0863129,0.0928294,0.0863129,0.0863129,11396849
1362,1977-06-14,0.0863129,0.0928294,0.0863129,0.0863129,14598822
1363,1977-06-15,0.0863129,0.0863129,0.0863129,0.0863129,37501057
1364,1977-06-16,0.0863129,0.0863129,0.0863129,0.0863129,5806966
1365,1977-06-17,0.0863129,0.0928294,0.0863129,0.0863129,8520498
1366,1977-06-20,0.0863129,0.0928294,0.0863129,0.0863129,6892378
1367,1977-06-21,0.0863129,0.0928294,0.0863129,0.0863129,10799869
1368,1977-06-22,0.0863129,0.0863129,0.0863129,0.0863129,9171749
1369,1977-06-23,0.0863129,0.0863129,0.0863129,0.0863129,9171749
1370,1977-06-24,0.0863129,0.0928294,0.0863129,0.0863129,10582782
1371,1977-06-27,0.0863129,0.0928294,0.0863129,0.0863129,8194874
1372,1977-06-28,0.0863129,0.0863129,0.0863129,0.0863129,3527593
1373,1977-06-29,0.0863129,0.0928294,0.0863129,0.0863129,35981474
1374,1977-06-30,0.0928294,0.0928294,0.0928294,0.0928294,3364786
1375,1977-07-01,0.0928294,0.0928294,0.0863129,0.0863129,4504466
1376,1977-07-05,0.0863129,0.0928294,0.0863129,0.0863129,1356767
1377,1977-07-06,0.0863129,0.0928294,0.0863129,0.0863129,3636136
1378,1977-07-07,0.0863129,0.0928294,0.0863129,0.0863129,1953750
1379,1977-07-08,0.0863129,0.0928294,0.0863129,0.0863129,14761640
1380,1977-07-11,0.0863129,0.0928294,0.0863129,0.0863129,5372798
1381,1977-07-12,0.0863129,0.0928294,0.0863129,0.0863129,21708284
1382,1977-07-13,0.0863129,0.0928294,0.0863129,0.0863129,12373718
1383,1977-07-15,0.0928294,0.0928294,0.0928294,0.0928294,6783838
1384,1977-07-18,0.0928294,0.0928294,0.0928294,0.0928294,12970696
1385,1977-07-19,0.0928294,0.0928294,0.0928294,0.0928294,18452040
1386,1977-07-20,0.0928294,0.0995137,0.0928294,0.0928294,23553487
1387,1977-07-21,0.0928294,0.0995137,0.0928294,0.0928294,14327465
1388,1977-07-22,0.0995137,0.0995137,0.0995137,0.0995137,19428910
1389,1977-07-25,0.0995137,0.0995137,0.0928294,0.0928294,4124575
1390,1977-07-26,0.0928294,0.0995137,0.0928294,0.0928294,7218000
1391,1977-07-27,0.0928294,0.0928294,0.0928294,0.0928294,25724314
1392,1977-07-28,0.0928294,0.0928294,0.0928294,0.0928294,24367548
1393,1977-07-29,0.0928294,0.0928294,0.0928294,0.0928294,2008014
1394,1977-08-01,0.0928294,0.0928294,0.0928294,0.0928294,6621026
1395,1977-08-02,0.0928294,0.0928294,0.0863129,0.0863129,8303417
1396,1977-08-03,0.0863129,0.0928294,0.0863129,0.0863129,2062284
1397,1977-08-04,0.0863129,0.0928294,0.0863129,0.0863129,13024966
1398,1977-08-05,0.0928294,0.0995137,0.0928294,0.0928294,13676216
1399,1977-08-08,0.0928294,0.0928294,0.0928294,0.0928294,13947568
1400,1977-08-09,0.0928294,0.0928294,0.0928294,0.0928294,18506313
1401,1977-08-10,0.0928294,0.0928294,0.0928294,0.0928294,8411956
1402,1977-08-11,0.0928294,0.0928294,0.0928294,0.0928294,8846124
1403,1977-08-12,0.0928294,0.0928294,0.0863129,0.0863129,8846124
1404,1977-08-15,0.0928294,0.0928294,0.0928294,0.0928294,6512486
1405,1977-08-16,0.0928294,0.0928294,0.0928294,0.0928294,5209990
1406,1977-08-17,0.0928294,0.0928294,0.0928294,0.0928294,3473325
1407,1977-08-18,0.0928294,0.0995137,0.0928294,0.0928294,4992906
1408,1977-08-19,0.0928294,0.0995137,0.0928294,0.0928294,5209990
1409,1977-08-22,0.0928294,0.0995137,0.0928294,0.0928294,9823000
1410,1977-08-23,0.0928294,0.0928294,0.0928294,0.0928294,9226019
1411,1977-08-24,0.0863129,0.0863129,0.0863129,0.0863129,11939559
1412,1977-08-25,0.0863129,0.0863129,0.0863129,0.0863129,8900395
1413,1977-08-26,0.0863129,0.0928294,0.0863129,0.0863129,7814979
1414,1977-08-29,0.0863129,0.0928294,0.0863129,0.0863129,4830091
1415,1977-08-30,0.0863129,0.0863129,0.0863129,0.0863129,13839028
1416,1977-08-31,0.0863129,0.0863129,0.0863129,0.0863129,7272274
1417,1977-09-01,0.0863129,0.0863129,0.0863129,0.0863129,7218000
1418,1977-09-02,0.0863129,0.0863129,0.0796756,0.0796756,5644157
1419,1977-09-06,0.0863129,0.0863129,0.0863129,0.0863129,15141527
1420,1977-09-07,0.0863129,0.0863129,0.0863129,0.0863129,3473325
1421,1977-09-08,0.0863129,0.0863129,0.0863129,0.0863129,6838106
1422,1977-09-09,0.0863129,0.0863129,0.0863129,0.0863129,1899478
1423,1977-09-12,0.0863129,0.0863129,0.0796756,0.0796756,7109465
1424,1977-09-13,0.0863129,0.0863129,0.0863129,0.0863129,1736659
1425,1977-09-14,0.0863129,0.0863129,0.0863129,0.0863129,19103288
1426,1977-09-15,0.0863129,0.0863129,0.0863129,0.0863129,5644157
1427,1977-09-16,0.0863129,0.0863129,0.0863129,0.0863129,4450198
1428,1977-09-19,0.0863129,0.0863129,0.0863129,0.0863129,7652169
1429,1977-09-20,0.0863129,0.0863129,0.0863129,0.0863129,5427069
1430,1977-09-21,0.0863129,0.0863129,0.0863129,0.0863129,3798947
1431,1977-09-22,0.0863129,0.0863129,0.0863129,0.0863129,8086334
1432,1977-09-23,0.0863129,0.0863129,0.0863129,0.0863129,4775820
1433,1977-09-26,0.0863129,0.0928294,0.0863129,0.0863129,8086334
1434,1977-09-27,0.0863129,0.0928294,0.0863129,0.0863129,17258079
1435,1977-09-28,0.0928294,0.0928294,0.0928294,0.0928294,19863075
1436,1977-09-29,0.0928294,0.0928294,0.0928294,0.0928294,9660183
1437,1977-09-30,0.0928294,0.0928294,0.0863129,0.0863129,5861241
1438,1977-10-03,0.0928294,0.0928294,0.0928294,0.0928294,20080159
1439,1977-10-04,0.0928294,0.0928294,0.0863129,0.0863129,27135347
1440,1977-10-05,0.0863129,0.0928294,0.0863129,0.0863129,5752695
1441,1977-10-06,0.0863129,0.0928294,0.0863129,0.0863129,7597899
1442,1977-10-07,0.0863129,0.0928294,0.0863129,0.0863129,12807888
1443,1977-10-10,0.0863129,0.0928294,0.0863129,0.0863129,15955585
1444,1977-10-11,0.0863129,0.0863129,0.0863129,0.0863129,15412877
1445,1977-10-12,0.0863129,0.0863129,0.0796756,0.0796756,27081084
1446,1977-10-13,0.0796756,0.0863129,0.0796756,0.0796756,46401451
1447,1977-10-14,0.0796756,0.0863129,0.0796756,0.0796756,16498293
1448,1977-10-17,0.0796756,0.0863129,0.0796756,0.0796756,5318534
1449,1977-10-18,0.0796756,0.0796756,0.0796756,0.0796756,75273463
1450,1977-10-19,0.0796756,0.0796756,0.0796756,0.0796756,28492117
1451,1977-10-20,0.0796756,0.0796756,0.0796756,0.0796756,11288306
1452,1977-10-21,0.0796756,0.0796756,0.0796756,0.0796756,5372798
1453,1977-10-24,0.0796756,0.0796756,0.0796756,0.0796756,16769641
1454,1977-10-25,0.0796756,0.0796756,0.0796756,0.0796756,32996583
1455,1977-10-26,0.0796756,0.0796756,0.0796756,0.0796756,16172666
1456,1977-10-27,0.0796756,0.0796756,0.0796756,0.0796756,9605911
1457,1977-10-28,0.0796756,0.0796756,0.0796756,0.0796756,3527593
1458,1977-10-31,0.0796756,0.0796756,0.0796756,0.0796756,4667278
1459,1977-11-01,0.0796756,0.0796756,0.0796756,0.0796756,7109465
1460,1977-11-02,0.0796756,0.0796756,0.0796756,0.0796756,3527593
1461,1977-11-03,0.0796756,0.0796756,0.0796756,0.0796756,49223526
1462,1977-11-04,0.0796756,0.0796756,0.0796756,0.0796756,21762555
1463,1977-11-07,0.0796756,0.0863129,0.0796756,0.0796756,10311433
1464,1977-11-08,0.0796756,0.0863129,0.0796756,0.0796756,6675294
1465,1977-11-09,0.0796756,0.0863129,0.0796756,0.0796756,5481343
1466,1977-11-10,0.0863129,0.0863129,0.0863129,0.0863129,11288306
1467,1977-11-11,0.0863129,0.0928294,0.0863129,0.0863129,20677137
1468,1977-11-14,0.0863129,0.0863129,0.0863129,0.0863129,8303417
1469,1977-11-15,0.0863129,0.0928294,0.0863129,0.0863129,9931538
1470,1977-11-16,0.0863129,0.0863129,0.0863129,0.0863129,15141527
1471,1977-11-17,0.0863129,0.0863129,0.0863129,0.0863129,9388833
1472,1977-11-18,0.0863129,0.0863129,0.0863129,0.0863129,7109465
1473,1977-11-21,0.0863129,0.0863129,0.0863129,0.0863129,13839028
1474,1977-11-22,0.0863129,0.0863129,0.0863129,0.0863129,19428910
1475,1977-11-23,0.0863129,0.0863129,0.0863129,0.0863129,8846124
1476,1977-11-25,0.0863129,0.0863129,0.0863129,0.0863129,22088175
1477,1977-11-28,0.0863129,0.0863129,0.0863129,0.0863129,6729572
1478,1977-11-29,0.0863129,0.0863129,0.0863129,0.0863129,17095272
1479,1977-11-30,0.0863129,0.0863129,0.0863129,0.0863129,9280294
1480,1977-12-01,0.0863129,0.0863129,0.0863129,0.0863129,5372798
1481,1977-12-02,0.0863129,0.0863129,0.0863129,0.0863129,8411956
1482,1977-12-05,0.0863129,0.0863129,0.0796756,0.0796756,18614853
1483,1977-12-06,0.0796756,0.0796756,0.0796756,0.0796756,18614853
1484,1977-12-07,0.0796756,0.0863129,0.0796756,0.0796756,8954664
1485,1977-12-08,0.0796756,0.0796756,0.0796756,0.0796756,8629046
1486,1977-12-09,0.0796756,0.0863129,0.0796756,0.0796756,4450198
1487,1977-12-12,0.0863129,0.0863129,0.0863129,0.0863129,6892378
1488,1977-12-13,0.0863129,0.0863129,0.0796756,0.0796756,4233114
1489,1977-12-14,0.0796756,0.0863129,0.0796756,0.0796756,9171749
1490,1977-12-15,0.0796756,0.0863129,0.0796756,0.0796756,9768729
1491,1977-12-16,0.0796756,0.0863129,0.0796756,0.0796756,14815903
1492,1977-12-19,0.0796756,0.0863129,0.0796756,0.0796756,5915512
1493,1977-12-20,0.0796756,0.0863129,0.0796756,0.0796756,9823000
1494,1977-12-21,0.0796756,0.0863129,0.0796756,0.0796756,10745599
1495,1977-12-22,0.0796756,0.0863129,0.0796756,0.0796756,23282129
1496,1977-12-23,0.0796756,0.0863129,0.0796756,0.0796756,6892378
1497,1977-12-27,0.0796756,0.0863129,0.0796756,0.0796756,8520498
1498,1977-12-28,0.0796756,0.0796756,0.0796756,0.0796756,12590800
1499,1977-12-29,0.0796756,0.0863129,0.0796756,0.0796756,10854143
1500,1977-12-30,0.0796756,0.0863129,0.0796756,0.0796756,5752695
1501,1978-01-03,0.0796756,0.0863129,0.0796756,0.0796756,10582782
1502,1978-01-04,0.0796756,0.0863129,0.0796756,0.0796756,7597899
1503,1978-01-05,0.0863129,0.0863129,0.0863129,0.0863129,18506313
1504,1978-01-06,0.0863129,0.0863129,0.0796756,0.0796756,19863075
1505,1978-01-09,0.0796756,0.0796756,0.0796756,0.0796756,19591724
1506,1978-01-10,0.0796756,0.0796756,0.0796756,0.0796756,18343497
1507,1978-01-11,0.0796756,0.0796756,0.0796756,0.0796756,13079240
1508,1978-01-12,0.0796756,0.0796756,0.0796756,0.0796756,12048098
1509,1978-01-13,0.0796756,0.0796756,0.0796756,0.0796756,9117481
1510,1978-01-16,0.0796756,0.0796756,0.0796756,0.0796756,14218919
1511,1978-01-17,0.0796756,0.0796756,0.0796756,0.0796756,4178844
1512,1978-01-18,0.0796756,0.0796756,0.0796756,0.0796756,7435085
1513,1978-01-19,0.0796756,0.0796756,0.0796756,0.0796756,3201971
1514,1978-01-20,0.0796756,0.0796756,0.0796756,0.0796756,1085411
1515,1978-01-23,0.0796756,0.0796756,0.0796756,0.0796756,8086334
1516,1978-01-24,0.0796756,0.0796756,0.0796756,0.0796756,6024049
1517,1978-01-25,0.0796756,0.0796756,0.0796756,0.0796756,10854143
1518,1978-01-26,0.0796756,0.0796756,0.0796756,0.0796756,12645075
1519,1978-01-27,0.0796756,0.0863129,0.0796756,0.0796756,6078319
1520,1978-01-30,0.0796756,0.0863129,0.0796756,0.0796756,17420897
1521,1978-01-31,0.0796756,0.0863129,0.0796756,0.0796756,6132590
1522,1978-02-01,0.0796756,0.0863129,0.0796756,0.0796756,15358608
1523,1978-02-02,0.0796756,0.0796756,0.0796756,0.0796756,13784759
1524,1978-02-03,0.0796756,0.0796756,0.0796756,0.0796756,22196718
1525,1978-02-06,0.0796756,0.0796756,0.0796756,0.0796756,11559663
1526,1978-02-07,0.0796756,0.0796756,0.0796756,0.0796756,5535610
1527,1978-02-08,0.0796756,0.0796756,0.0796756,0.0796756,6566756
1528,1978-02-09,0.0796756,0.0796756,0.0728341,0.0728341,20460057
1529,1978-02-10,0.0728341,0.0796756,0.0728341,0.0728341,18072145
1530,1978-02-13,0.0728341,0.0796756,0.0728341,0.0728341,5481343
1531,1978-02-14,0.0728341,0.0728341,0.0728341,0.0728341,21925359
1532,1978-02-15,0.0728341,0.0796756,0.0728341,0.0728341,8249145
1533,1978-02-16,0.0728341,0.0796756,0.0728341,0.0728341,21219846
1534,1978-02-17,0.0728341,0.0728341,0.0728341,0.0728341,28003685
1535,1978-02-21,0.0728341,0.0728341,0.0728341,0.0728341,12753616
1536,1978-02-22,0.0728341,0.0728341,0.0728341,0.0728341,4938640
1537,1978-02-23,0.0728341,0.0796756,0.0728341,0.0728341,19700269
1538,1978-02-24,0.0728341,0.0796756,0.0728341,0.0728341,5264256
1539,1978-02-27,0.0728341,0.0796756,0.0728341,0.0728341,9063209
1540,1978-02-28,0.0728341,0.0728341,0.0728341,0.0728341,32453883
1541,1978-03-01,0.0728341,0.0728341,0.0728341,0.0728341,22359534
1542,1978-03-02,0.0728341,0.0728341,0.0728341,0.0728341,9063209
1543,1978-03-03,0.0728341,0.0728341,0.0728341,0.0728341,12265182
1544,1978-03-06,0.0728341,0.0728341,0.0728341,0.0728341,17963599
1545,1978-03-07,0.0728341,0.0728341,0.0728341,0.0728341,19211834
1546,1978-03-08,0.0728341,0.0796756,0.0728341,0.0728341,18180686
1547,1978-03-09,0.0728341,0.0796756,0.0728341,0.0728341,14978712
1548,1978-03-10,0.0728341,0.0796756,0.0728341,0.0728341,8249145
1549,1978-03-13,0.0728341,0.0796756,0.0728341,0.0728341,12265182
1550,1978-03-14,0.0728341,0.0796756,0.0728341,0.0728341,17312353
1551,1978-03-15,0.0728341,0.0796756,0.0728341,0.0728341,8574774
1552,1978-03-16,0.0728341,0.0728341,0.0728341,0.0728341,47106970
1553,1978-03-17,0.0728341,0.0728341,0.0728341,0.0728341,15955585
1554,1978-03-20,0.0728341,0.0796756,0.0728341,0.0728341,14273197
1555,1978-03-21,0.0728341,0.0728341,0.0728341,0.0728341,11885281
1556,1978-03-22,0.0728341,0.0728341,0.0728341,0.0728341,20242972
1557,1978-03-23,0.0728341,0.0728341,0.0728341,0.0728341,7652169
1558,1978-03-27,0.0728341,0.0728341,0.0728341,0.0728341,5427069
1559,1978-03-28,0.0728341,0.0796756,0.0728341,0.0728341,15575691
1560,1978-03-29,0.0796756,0.0796756,0.0796756,0.0796756,10040072
1561,1978-03-30,0.0796756,0.0796756,0.0796756,0.0796756,5101448
1562,1978-03-31,0.0796756,0.0796756,0.0796756,0.0796756,13024966
1563,1978-04-03,0.0796756,0.0796756,0.0796756,0.0796756,8194874
1564,1978-04-04,0.0796756,0.0796756,0.0796756,0.0796756,3201971
1565,1978-04-05,0.0796756,0.0796756,0.0796756,0.0796756,17258079
1566,1978-04-06,0.0796756,0.0796756,0.0796756,0.0796756,46130099
1567,1978-04-07,0.0796756,0.0863129,0.0796756,0.0796756,17963599
1568,1978-04-10,0.0796756,0.0863129,0.0796756,0.0796756,14653089
1569,1978-04-11,0.0796756,0.0863129,0.0796756,0.0796756,13567676
1570,1978-04-12,0.0796756,0.0863129,0.0796756,0.0796756,8357688
1571,1978-04-13,0.0796756,0.0863129,0.0796756,0.0796756,6838106
1572,1978-04-14,0.0863129,0.0928294,0.0863129,0.0863129,20568598
1573,1978-04-17,0.0928294,0.0928294,0.0928294,0.0928294,36361375
1574,1978-04-18,0.0928294,0.0928294,0.0863129,0.0863129,28166501
1575,1978-04-19,0.0863129,0.0928294,0.0863129,0.0863129,15955585
1576,1978-04-20,0.0928294,0.0928294,0.0928294,0.0928294,24367548
1577,1978-04-21,0.0928294,0.0928294,0.0863129,0.0863129,9768729
1578,1978-04-24,0.0863129,0.0928294,0.0863129,0.0863129,9117481
1579,1978-04-25,0.0928294,0.0928294,0.0928294,0.0928294,29631808
1580,1978-04-26,0.0928294,0.0995137,0.0928294,0.0928294,12373718
1581,1978-04-27,0.0928294,0.0928294,0.0928294,0.0928294,13242054
1582,1978-04-28,0.0928294,0.0995137,0.0928294,0.0928294,16064127
1583,1978-05-01,0.0928294,0.0995137,0.0928294,0.0928294,13730487
1584,1978-05-02,0.0928294,0.0995137,0.0928294,0.0928294,25181610
1585,1978-05-03,0.0928294,0.0995137,0.0928294,0.0928294,12970696
1586,1978-05-04,0.0928294,0.0928294,0.0928294,0.0928294,30771492
1587,1978-05-05,0.0995137,0.0995137,0.0995137,0.0995137,42765313
1588,1978-05-08,0.0995137,0.0995137,0.0995137,0.0995137,5861241
1589,1978-05-09,0.0995137,0.0995137,0.0995137,0.0995137,24096194
1590,1978-05-10,0.0995137,0.0995137,0.0995137,0.0995137,9063209
1591,1978-05-11,0.0995137,0.0995137,0.0995137,0.0995137,11451122
1592,1978-05-12,0.106187,0.106187,0.106187,0.106187,27298167
1593,1978-05-15,0.106187,0.106187,0.106187,0.106187,21328386
1594,1978-05-16,0.106187,0.112797,0.106187,0.106187,22522343
1595,1978-05-17,0.106187,0.112797,0.106187,0.106187,17909331
1596,1978-05-18,0.106187,0.106187,0.106187,0.106187,28329306
1597,1978-05-19,0.106187,0.106187,0.0995137,0.0995137,12807888
1598,1978-05-22,0.106187,0.106187,0.106187,0.106187,8411956
1599,1978-05-23,0.0995137,0.0995137,0.0995137,0.0995137,15792773
1600,1978-05-24,0.0995137,0.0995137,0.0995137,0.0995137,12753616
1601,1978-05-25,0.0995137,0.0995137,0.0995137,0.0995137,33376488
1602,1978-05-26,0.0995137,0.0995137,0.0995137,0.0995137,9877268
1603,1978-05-30,0.0995137,0.106187,0.0995137,0.0995137,5806966
1604,1978-05-31,0.0995137,0.106187,0.0995137,0.0995137,9117481
1605,1978-06-01,0.0995137,0.106187,0.0995137,0.0995137,11396849
1606,1978-06-02,0.106187,0.106187,0.106187,0.106187,5047176
1607,1978-06-05,0.106187,0.112797,0.106187,0.106187,8086334
1608,1978-06-06,0.112797,0.112797,0.112797,0.112797,22847968
1609,1978-06-07,0.112797,0.112797,0.112797,0.112797,20948495
1610,1978-06-08,0.112797,0.112797,0.112797,0.112797,9768729
1611,1978-06-09,0.112797,0.112797,0.112797,0.112797,24041920
1612,1978-06-12,0.112797,0.112797,0.112797,0.112797,12970696
1613,1978-06-13,0.112797,0.112797,0.112797,0.112797,8629046
1614,1978-06-14,0.112797,0.112797,0.112797,0.112797,7163732
1615,1978-06-15,0.112797,0.112797,0.112797,0.112797,7652169
1616,1978-06-16,0.112797,0.112797,0.106187,0.106187,21599738
1617,1978-06-19,0.106187,0.112797,0.106187,0.106187,12590800
1618,1978-06-20,0.106187,0.106187,0.106187,0.106187,18126416
1619,1978-06-21,0.106187,0.106187,0.106187,0.106187,19320369
1620,1978-06-22,0.106187,0.106187,0.106187,0.106187,6458212
1621,1978-06-23,0.106187,0.106187,0.106187,0.106187,17909331
1622,1978-06-26,0.106187,0.106187,0.106187,0.106187,18072145
1623,1978-06-27,0.106187,0.106187,0.106187,0.106187,27949412
1624,1978-06-28,0.106187,0.106187,0.106187,0.106187,11505386
1625,1978-06-29,0.106187,0.112797,0.106187,0.106187,3907489
1626,1978-06-30,0.106187,0.112797,0.106187,0.106187,5318534
1627,1978-07-03,0.106187,0.112797,0.106187,0.106187,3473325
1628,1978-07-05,0.106187,0.106187,0.106187,0.106187,10528515
1629,1978-07-06,0.106187,0.106187,0.106187,0.106187,5372798
1630,1978-07-07,0.106187,0.112797,0.106187,0.106187,35927208
1631,1978-07-10,0.106187,0.112797,0.106187,0.106187,11722473
1632,1978-07-11,0.112797,0.112797,0.112797,0.112797,23065048
1633,1978-07-12,0.112797,0.112797,0.106187,0.106187,11885281
1634,1978-07-13,0.106187,0.112797,0.106187,0.106187,5969774
1635,1978-07-14,0.112797,0.112797,0.112797,0.112797,13567676
1636,1978-07-17,0.112797,0.112797,0.112797,0.112797,10582782
1637,1978-07-18,0.112797,0.112797,0.112797,0.112797,5318534
1638,1978-07-19,0.112797,0.112797,0.112797,0.112797,5535610
1639,1978-07-20,0.112797,0.11934,0.112797,0.112797,19320369
1640,1978-07-21,0.112797,0.11934,0.112797,0.112797,9497373
1641,1978-07-24,0.112797,0.112797,0.112797,0.112797,13133509
1642,1978-07-25,0.112797,0.112797,0.112797,0.112797,8520498
1643,1978-07-26,0.112797,0.11934,0.112797,0.112797,20242972
1644,1978-07-27,0.112797,0.11934,0.112797,0.112797,8086334
1645,1978-07-28,0.11934,0.11934,0.11934,0.11934,13350590
1646,1978-07-31,0.11934,0.126044,0.11934,0.11934,16541712
1647,1978-08-01,0.11934,0.126044,0.11934,0.11934,10029228
1648,1978-08-02,0.126044,0.132728,0.126044,0.126044,17496880
1649,1978-08-03,0.139403,0.139403,0.139403,0.139403,18365204
1650,1978-08-04,0.139403,0.139403,0.132728,0.132728,17713958
1651,1978-08-07,0.132728,0.139403,0.132728,0.132728,24313273
1652,1978-08-08,0.132728,0.139403,0.132728,0.132728,23010777
1653,1978-08-09,0.132728,0.132728,0.132728,0.132728,21447780
1654,1978-08-10,0.132728,0.132728,0.126044,0.126044,10376557
1655,1978-08-11,0.126044,0.132728,0.126044,0.126044,13545971
1656,1978-08-14,0.126044,0.132728,0.126044,0.126044,5340240
1657,1978-08-15,0.126044,0.132728,0.126044,0.126044,4211406
1658,1978-08-16,0.126044,0.132728,0.126044,0.126044,5340240
1659,1978-08-17,0.126044,0.132728,0.126044,0.126044,10810722
1660,1978-08-18,0.126044,0.132728,0.126044,0.126044,20970202
1661,1978-08-21,0.126044,0.126044,0.126044,0.126044,12764473
1662,1978-08-22,0.126044,0.132728,0.126044,0.126044,19754534
1663,1978-08-23,0.126044,0.132728,0.126044,0.126044,9681892
1664,1978-08-24,0.126044,0.132728,0.126044,0.126044,3950908
1665,1978-08-25,0.126044,0.126044,0.126044,0.126044,4385071
1666,1978-08-28,0.126044,0.126044,0.126044,0.126044,6121735
1667,1978-08-29,0.126044,0.126044,0.126044,0.126044,10333143
1668,1978-08-30,0.126044,0.132728,0.126044,0.126044,6338817
1669,1978-08-31,0.126044,0.132728,0.126044,0.126044,12373718
1670,1978-09-01,0.126044,0.132728,0.126044,0.126044,7250567
1671,1978-09-05,0.132728,0.132728,0.132728,0.132728,26701186
1672,1978-09-06,0.132728,0.139403,0.132728,0.132728,17844210
1673,1978-09-07,0.132728,0.139403,0.132728,0.132728,10463390
1674,1978-09-08,0.139403,0.139403,0.139403,0.139403,14805050
1675,1978-09-11,0.139403,0.146031,0.139403,0.139403,16541712
1676,1978-09-12,0.139403,0.139403,0.139403,0.139403,9812140
1677,1978-09-13,0.139403,0.139403,0.132728,0.132728,22750285
1678,1978-09-14,0.132728,0.132728,0.132728,0.132728,11679054
1679,1978-09-15,0.132728,0.132728,0.126044,0.126044,19146697
1680,1978-09-18,0.126044,0.126044,0.126044,0.126044,11201473
1681,1978-09-19,0.126044,0.126044,0.11934,0.11934,6208568
1682,1978-09-20,0.126044,0.126044,0.126044,0.126044,7771564
1683,1978-09-21,0.126044,0.126044,0.11934,0.11934,8162318
1684,1978-09-22,0.11934,0.126044,0.11934,0.11934,3646993
1685,1978-09-25,0.11934,0.126044,0.11934,0.11934,5774405
1686,1978-09-26,0.126044,0.126044,0.126044,0.126044,13763048
1687,1978-09-27,0.126044,0.126044,0.11934,0.11934,13328886
1688,1978-09-28,0.126044,0.126044,0.126044,0.126044,9117481
1689,1978-09-29,0.126044,0.126044,0.126044,0.126044,6599316
1690,1978-10-02,0.126044,0.126044,0.126044,0.126044,2301073
1691,1978-10-03,0.126044,0.132728,0.126044,0.126044,23227861
1692,1978-10-04,0.126044,0.132728,0.126044,0.126044,15847045
1693,1978-10-05,0.126044,0.132728,0.126044,0.126044,8509644
1694,1978-10-06,0.126044,0.132728,0.126044,0.126044,13068390
1695,1978-10-09,0.132728,0.132728,0.132728,0.132728,9074060
1696,1978-10-10,0.132728,0.132728,0.126044,0.126044,8249145
1697,1978-10-11,0.132728,0.132728,0.132728,0.132728,6165153
1698,1978-10-12,0.132728,0.132728,0.126044,0.126044,15108964
1699,1978-10-13,0.126044,0.132728,0.126044,0.126044,3733825
1700,1978-10-16,0.126044,0.126044,0.11934,0.11934,11027807
1701,1978-10-17,0.11934,0.126044,0.11934,0.11934,10984394
1702,1978-10-18,0.11934,0.11934,0.11934,0.11934,23879109
1703,1978-10-19,0.11934,0.11934,0.11934,0.11934,8118897
1704,1978-10-20,0.11934,0.11934,0.112797,0.112797,12894720
1705,1978-10-23,0.112797,0.11934,0.112797,0.112797,9421392
1706,1978-10-24,0.112797,0.11934,0.112797,0.112797,7467648
1707,1978-10-25,0.112797,0.11934,0.112797,0.112797,8422807
1708,1978-10-26,0.112797,0.112797,0.106187,0.106187,11722473
1709,1978-10-27,0.106187,0.106187,0.106187,0.106187,13676216
1710,1978-10-30,0.106187,0.112797,0.106187,0.106187,17453458
1711,1978-10-31,0.106187,0.112797,0.106187,0.106187,11722473
1712,1978-11-01,0.112797,0.112797,0.112797,0.112797,22229280
1713,1978-11-02,0.112797,0.11934,0.112797,0.112797,19059874
1714,1978-11-03,0.112797,0.11934,0.112797,0.112797,5861241
1715,1978-11-06,0.112797,0.11934,0.112797,0.112797,6903234
1716,1978-11-07,0.112797,0.112797,0.106187,0.106187,14891880
1717,1978-11-08,0.112797,0.112797,0.112797,0.112797,10202892
1718,1978-11-09,0.112797,0.112797,0.106187,0.106187,10506806
1719,1978-11-10,0.106187,0.112797,0.106187,0.106187,3082575
1720,1978-11-13,0.106187,0.106187,0.106187,0.106187,8162318
1721,1978-11-14,0.106187,0.106187,0.106187,0.106187,7076898
1722,1978-11-15,0.106187,0.106187,0.106187,0.106187,6338817
1723,1978-11-16,0.112797,0.112797,0.112797,0.112797,7554478
1724,1978-11-17,0.112797,0.112797,0.112797,0.112797,12330304
1725,1978-11-20,0.112797,0.112797,0.112797,0.112797,10637058
1726,1978-11-21,0.112797,0.11934,0.112797,0.112797,13459134
1727,1978-11-22,0.112797,0.11934,0.112797,0.112797,10506806
1728,1978-11-24,0.112797,0.11934,0.112797,0.112797,3125994
1729,1978-11-27,0.112797,0.11934,0.112797,0.112797,3082575
1730,1978-11-28,0.112797,0.11934,0.112797,0.112797,7554478
1731,1978-11-29,0.112797,0.112797,0.112797,0.112797,4037735
1732,1978-11-30,0.112797,0.11934,0.112797,0.112797,4775820
1733,1978-12-01,0.11934,0.126044,0.11934,0.11934,12460555
1734,1978-12-04,0.11934,0.11934,0.11934,0.11934,13676216
1735,1978-12-05,0.11934,0.126044,0.11934,0.11934,6251986
1736,1978-12-06,0.11934,0.126044,0.11934,0.11934,11982966
1737,1978-12-07,0.11934,0.11934,0.11934,0.11934,5253404
1738,1978-12-08,0.11934,0.11934,0.11934,0.11934,12460555
1739,1978-12-11,0.11934,0.126044,0.11934,0.11934,5991489
1740,1978-12-12,0.11934,0.11934,0.112797,0.112797,9421392
1741,1978-12-13,0.112797,0.11934,0.112797,0.112797,6816397
1742,1978-12-14,0.112797,0.112797,0.112797,0.112797,7858393
1743,1978-12-15,0.112797,0.112797,0.106187,0.106187,8292562
1744,1978-12-18,0.106187,0.112797,0.106187,0.106187,15108964
1745,1978-12-19,0.106187,0.112797,0.106187,0.106187,8249145
1746,1978-12-20,0.112797,0.112797,0.112797,0.112797,8249145
1747,1978-12-21,0.112797,0.11934,0.112797,0.112797,8813558
1748,1978-12-22,0.112797,0.11934,0.112797,0.112797,8770144
1749,1978-12-26,0.112797,0.11934,0.112797,0.112797,6295396
1750,1978-12-27,0.112797,0.112797,0.112797,0.112797,9204311
1751,1978-12-28,0.112797,0.11934,0.112797,0.112797,5991489
1752,1978-12-29,0.112797,0.11934,0.112797,0.112797,7120313
1753,1979-01-02,0.112797,0.11934,0.112797,0.112797,9855561
1754,1979-01-03,0.11934,0.126044,0.11934,0.11934,13545971
1755,1979-01-04,0.126044,0.126044,0.126044,0.126044,8292562
1756,1979-01-05,0.126044,0.126044,0.126044,0.126044,8813558
1757,1979-01-08,0.126044,0.126044,0.126044,0.126044,6382235
1758,1979-01-09,0.126044,0.132728,0.126044,0.126044,15369461
1759,1979-01-10,0.126044,0.126044,0.126044,0.126044,8856979
1760,1979-01-11,0.126044,0.132728,0.126044,0.126044,8118897
1761,1979-01-12,0.126044,0.132728,0.126044,0.126044,34342499
1762,1979-01-15,0.132728,0.139403,0.132728,0.132728,29566681
1763,1979-01-16,0.132728,0.132728,0.132728,0.132728,29914006
1764,1979-01-17,0.132728,0.132728,0.132728,0.132728,25876270
1765,1979-01-18,0.132728,0.139403,0.132728,0.132728,13285466
1766,1979-01-19,0.132728,0.139403,0.132728,0.132728,13242054
1767,1979-01-22,0.132728,0.139403,0.132728,0.132728,7641314
1768,1979-01-23,0.132728,0.139403,0.132728,0.132728,15760214
1769,1979-01-24,0.132728,0.139403,0.132728,0.132728,10202892
1770,1979-01-25,0.132728,0.132728,0.132728,0.132728,15847045
1771,1979-01-26,0.132728,0.132728,0.132728,0.132728,19276955
1772,1979-01-29,0.132728,0.132728,0.126044,0.126044,16845627
1773,1979-01-30,0.126044,0.132728,0.126044,0.126044,11331724
1774,1979-01-31,0.126044,0.126044,0.126044,0.126044,16237794
1775,1979-02-01,0.126044,0.132728,0.126044,0.126044,7901812
1776,1979-02-02,0.126044,0.132728,0.126044,0.126044,14805050
1777,1979-02-05,0.126044,0.126044,0.126044,0.126044,11592219
1778,1979-02-06,0.126044,0.132728,0.126044,0.126044,10897557
1779,1979-02-07,0.126044,0.126044,0.126044,0.126044,27048518
1780,1979-02-08,0.126044,0.132728,0.126044,0.126044,12373718
1781,1979-02-09,0.132728,0.132728,0.132728,0.132728,15977295
1782,1979-02-12,0.132728,0.139403,0.132728,0.132728,7728148
1783,1979-02-13,0.132728,0.139403,0.132728,0.132728,16758790
1784,1979-02-14,0.132728,0.132728,0.132728,0.132728,12677637
1785,1979-02-15,0.132728,0.132728,0.132728,0.132728,10593639
1786,1979-02-16,0.132728,0.139403,0.132728,0.132728,35558167
1787,1979-02-20,0.132728,0.139403,0.132728,0.132728,14587963
1788,1979-02-21,0.132728,0.139403,0.132728,0.132728,10767307
1789,1979-02-22,0.132728,0.132728,0.132728,0.132728,8075481
1790,1979-02-23,0.132728,0.132728,0.132728,0.132728,4949488
1791,1979-02-26,0.132728,0.132728,0.132728,0.132728,7076898
1792,1979-02-27,0.132728,0.132728,0.132728,0.132728,10897557
1793,1979-02-28,0.132728,0.132728,0.132728,0.132728,8422807
1794,1979-03-01,0.132728,0.132728,0.132728,0.132728,6642731
1795,1979-03-02,0.132728,0.132728,0.132728,0.132728,2952327
1796,1979-03-05,0.132728,0.132728,0.132728,0.132728,12547385
1797,1979-03-06,0.132728,0.139403,0.132728,0.132728,22185863
1798,1979-03-07,0.139403,0.139403,0.139403,0.139403,38163159
1799,1979-03-08,0.139403,0.146031,0.139403,0.139403,18321792
1800,1979-03-09,0.139403,0.146031,0.139403,0.139403,33083421
1801,1979-03-12,0.146031,0.146031,0.146031,0.146031,21534614
1802,1979-03-13,0.146031,0.146031,0.146031,0.146031,29436430
1803,1979-03-14,0.146031,0.146031,0.139403,0.139403,16281211
1804,1979-03-15,0.146031,0.146031,0.146031,0.146031,16541712
1805,1979-03-16,0.146031,0.146031,0.146031,0.146031,15065544
1806,1979-03-19,0.146031,0.146031,0.139403,0.139403,10940969
1807,1979-03-20,0.139403,0.146031,0.139403,0.139403,7250567
1808,1979-03-21,0.146031,0.146031,0.146031,0.146031,17410043
1809,1979-03-22,0.146031,0.146031,0.146031,0.146031,37728992
1810,1979-03-23,0.146031,0.146031,0.146031,0.146031,5557321
1811,1979-03-26,0.146031,0.146031,0.146031,0.146031,12981550
1812,1979-03-27,0.146031,0.152565,0.146031,0.146031,15065544
1813,1979-03-28,0.146031,0.152565,0.146031,0.146031,19754534
1814,1979-03-29,0.146031,0.152565,0.146031,0.146031,10984394
1815,1979-03-30,0.146031,0.152565,0.146031,0.146031,8726730
1816,1979-04-02,0.146031,0.146031,0.146031,0.146031,8639897
1817,1979-04-03,0.146031,0.152565,0.146031,0.146031,10550224
1818,1979-04-04,0.146031,0.152565,0.146031,0.146031,14978712
1819,1979-04-05,0.146031,0.152565,0.146031,0.146031,9030641
1820,1979-04-06,0.146031,0.152565,0.146031,0.146031,17844210
1821,1979-04-09,0.146031,0.146031,0.146031,0.146031,15977295
1822,1979-04-10,0.146031,0.146031,0.146031,0.146031,7033484
1823,1979-04-11,0.146031,0.146031,0.146031,0.146031,9160890
1824,1979-04-12,0.146031,0.146031,0.139403,0.139403,8509644
1825,1979-04-16,0.139403,0.146031,0.139403,0.139403,8249145
1826,1979-04-17,0.139403,0.146031,0.139403,0.139403,8770144
1827,1979-04-18,0.146031,0.146031,0.146031,0.146031,9595059
1828,1979-04-19,0.146031,0.152565,0.146031,0.146031,15890464
1829,1979-04-20,0.146031,0.152565,0.146031,0.146031,45457137
1830,1979-04-23,0.146031,0.152565,0.146031,0.146031,10723894
1831,1979-04-24,0.146031,0.152565,0.146031,0.146031,12590800
1832,1979-04-25,0.152565,0.152565,0.152565,0.152565,27641877
1833,1979-04-26,0.152565,0.152565,0.152565,0.152565,11114639
1834,1979-04-27,0.152565,0.152565,0.152565,0.152565,7380809
1835,1979-04-30,0.152565,0.152565,0.152565,0.152565,12185583
1836,1979-05-01,0.152565,0.159129,0.152565,0.152565,9464811
1837,1979-05-02,0.159129,0.159129,0.159129,0.159129,11982966
1838,1979-05-03,0.165811,0.172504,0.165811,0.165811,29031205
1839,1979-05-04,0.165811,0.165811,0.159129,0.159129,18177071
1840,1979-05-07,0.159129,0.159129,0.159129,0.159129,11693527
1841,1979-05-08,0.159129,0.159129,0.152565,0.152565,9551643
1842,1979-05-09,0.152565,0.159129,0.152565,0.152565,12359246
1843,1979-05-10,0.152565,0.152565,0.152565,0.152565,22229280
1844,1979-05-11,0.152565,0.152565,0.152565,0.152565,9233250
1845,1979-05-14,0.146031,0.146031,0.146031,0.146031,15224744
1846,1979-05-15,0.146031,0.152565,0.146031,0.146031,18234958
1847,1979-05-16,0.152565,0.152565,0.152565,0.152565,25210547
1848,1979-05-17,0.152565,0.159129,0.152565,0.152565,22316115
1849,1979-05-18,0.152565,0.159129,0.152565,0.152565,25905217
1850,1979-05-21,0.159129,0.159129,0.159129,0.159129,14616914
1851,1979-05-22,0.165811,0.165811,0.165811,0.165811,30681045
1852,1979-05-23,0.165811,0.165811,0.165811,0.165811,13922244
1853,1979-05-24,0.165811,0.165811,0.165811,0.165811,9117481
1854,1979-05-25,0.165811,0.172504,0.165811,0.165811,12156636
1855,1979-05-29,0.165811,0.165811,0.165811,0.165811,13545971
1856,1979-05-30,0.165811,0.165811,0.159129,0.159129,8046539
1857,1979-05-31,0.159129,0.159129,0.159129,0.159129,14124859
1858,1979-06-01,0.159129,0.159129,0.152565,0.152565,10130529
1859,1979-06-04,0.159129,0.159129,0.159129,0.159129,7612370
1860,1979-06-05,0.159129,0.165811,0.159129,0.159129,15861518
1861,1979-06-06,0.165811,0.165811,0.165811,0.165811,16643015
1862,1979-06-07,0.165811,0.172504,0.165811,0.165811,12880250
1863,1979-06-08,0.172504,0.179189,0.172504,0.172504,20724175
1864,1979-06-11,0.172504,0.172504,0.172504,0.172504,12648692
1865,1979-06-12,0.172504,0.179189,0.172504,0.172504,25007938
1866,1979-06-13,0.172504,0.172504,0.172504,0.172504,10535750
1867,1979-06-14,0.172504,0.172504,0.165811,0.165811,14993185
1868,1979-06-15,0.165811,0.172504,0.165811,0.165811,12909191
1869,1979-06-18,0.165811,0.165811,0.165811,0.165811,8596484
1870,1979-06-19,0.165811,0.165811,0.165811,0.165811,24776386
1871,1979-06-20,0.165811,0.172504,0.165811,0.165811,10275253
1872,1979-06-21,0.172504,0.172504,0.172504,0.172504,21910885
1873,1979-06-22,0.172504,0.179189,0.172504,0.172504,6338817
1874,1979-06-25,0.172504,0.179189,0.172504,0.172504,11722473
1875,1979-06-26,0.172504,0.179189,0.172504,0.172504,17395573
1876,1979-06-27,0.179189,0.179189,0.179189,0.179189,27178769
1877,1979-06-28,0.179189,0.18579,0.179189,0.179189,17135073
1878,1979-06-29,0.179189,0.179189,0.179189,0.179189,10651532
1879,1979-07-02,0.179189,0.179189,0.172504,0.172504,9349034
1880,1979-07-03,0.179189,0.179189,0.179189,0.179189,16787738
1881,1979-07-05,0.179189,0.18579,0.179189,0.179189,8741202
1882,1979-07-06,0.179189,0.18579,0.179189,0.179189,13343358
1883,1979-07-09,0.179189,0.179189,0.179189,0.179189,10912028
1884,1979-07-10,0.179189,0.179189,0.172504,0.172504,9754251
1885,1979-07-11,0.172504,0.179189,0.172504,0.172504,6570376
1886,1979-07-12,0.172504,0.172504,0.172504,0.172504,21071503
1887,1979-07-13,0.172504,0.172504,0.172504,0.172504,12359246
1888,1979-07-16,0.172504,0.172504,0.172504,0.172504,3965376
1889,1979-07-17,0.172504,0.172504,0.165811,0.165811,12098748
1890,1979-07-18,0.165811,0.172504,0.165811,0.165811,14385355
1891,1979-07-19,0.165811,0.172504,0.165811,0.165811,9377979
1892,1979-07-20,0.172504,0.172504,0.172504,0.172504,14674802
1893,1979-07-23,0.172504,0.172504,0.165811,0.165811,21303061
1894,1979-07-24,0.165811,0.165811,0.165811,0.165811,22402947
1895,1979-07-25,0.165811,0.172504,0.165811,0.165811,11809304
1896,1979-07-26,0.165811,0.172504,0.165811,0.165811,5123149
1897,1979-07-27,0.165811,0.172504,0.165811,0.165811,6830869
1898,1979-07-30,0.172504,0.172504,0.172504,0.172504,11230415
1899,1979-07-31,0.172504,0.172504,0.172504,0.172504,4804768
1900,1979-08-01,0.172504,0.172504,0.172504,0.172504,4891601
1901,1979-08-02,0.172504,0.179189,0.172504,0.172504,8509644
1902,1979-08-03,0.172504,0.179189,0.172504,0.172504,6338817
1903,1979-08-06,0.179189,0.179189,0.179189,0.179189,5412598
1904,1979-08-07,0.179189,0.18579,0.179189,0.179189,7293982
1905,1979-08-08,0.179189,0.18579,0.179189,0.179189,6772982
1906,1979-08-09,0.179189,0.179189,0.179189,0.179189,7004530
1907,1979-08-10,0.179189,0.18579,0.179189,0.179189,2749717
1908,1979-08-13,0.192399,0.192399,0.192399,0.192399,15311567
1909,1979-08-14,0.192399,0.192399,0.192399,0.192399,19682176
1910,1979-08-15,0.199025,0.199025,0.199025,0.199025,12996023
1911,1979-08-16,0.199025,0.199025,0.192399,0.192399,14327465
1912,1979-08-17,0.192399,0.199025,0.192399,0.192399,16903516
1913,1979-08-20,0.192399,0.199025,0.192399,0.192399,9580587
1914,1979-08-21,0.192399,0.192399,0.192399,0.192399,11780363
1915,1979-08-22,0.192399,0.199025,0.192399,0.192399,14559019
1916,1979-08-23,0.192399,0.199025,0.192399,0.192399,11838247
1917,1979-08-24,0.192399,0.199025,0.192399,0.192399,10651532
1918,1979-08-27,0.199025,0.199025,0.199025,0.199025,8596484
1919,1979-08-28,0.199025,0.199025,0.192399,0.192399,16903516
1920,1979-08-29,0.192399,0.199025,0.192399,0.192399,5644157
1921,1979-08-30,0.192399,0.199025,0.192399,0.192399,6396703
1922,1979-08-31,0.199025,0.199025,0.199025,0.199025,4254827
1923,1979-09-04,0.192399,0.192399,0.192399,0.192399,18119183
1924,1979-09-05,0.18579,0.18579,0.18579,0.18579,16729849
1925,1979-09-06,0.18579,0.192399,0.18579,0.18579,13574908
1926,1979-09-07,0.192399,0.199025,0.192399,0.192399,13053913
1927,1979-09-10,0.199025,0.199025,0.199025,0.199025,6888759
1928,1979-09-11,0.199025,0.199025,0.199025,0.199025,10680475
1929,1979-09-12,0.199025,0.199025,0.199025,0.199025,12475022
1930,1979-09-13,0.199025,0.205562,0.199025,0.199025,17685007
1931,1979-09-14,0.199025,0.205562,0.199025,0.199025,7554478
1932,1979-09-17,0.199025,0.205562,0.199025,0.199025,10912028
1933,1979-09-18,0.199025,0.205562,0.199025,0.199025,10564694
1934,1979-09-19,0.205562,0.212199,0.205562,0.205562,13690692
1935,1979-09-20,0.225473,0.225473,0.225473,0.225473,17771848
1936,1979-09-21,0.225473,0.225473,0.225473,0.225473,18177071
1937,1979-09-24,0.225473,0.225473,0.218865,0.218865,5209990
1938,1979-09-25,0.218865,0.218865,0.218865,0.218865,21013615
1939,1979-09-26,0.218865,0.218865,0.218865,0.218865,13922244
1940,1979-09-27,0.218865,0.218865,0.212199,0.212199,8741202
1941,1979-09-28,0.212199,0.218865,0.212199,0.212199,13545971
1942,1979-10-01,0.212199,0.218865,0.212199,0.212199,9696363
1943,1979-10-02,0.218865,0.218865,0.218865,0.218865,16382512
1944,1979-10-03,0.218865,0.218865,0.218865,0.218865,8249145
1945,1979-10-04,0.218865,0.218865,0.218865,0.218865,9725310
1946,1979-10-05,0.225473,0.225473,0.225473,0.225473,18379674
1947,1979-10-08,0.225473,0.225473,0.225473,0.225473,10448915
1948,1979-10-09,0.218865,0.218865,0.218865,0.218865,30970481
1949,1979-10-10,0.212199,0.212199,0.212199,0.212199,35919965
1950,1979-10-11,0.212199,0.218865,0.212199,0.212199,20955728
1951,1979-10-12,0.212199,0.212199,0.212199,0.212199,12503969
1952,1979-10-15,0.212199,0.212199,0.205562,0.205562,17974458
1953,1979-10-16,0.212199,0.212199,0.212199,0.212199,14182743
1954,1979-10-17,0.212199,0.212199,0.212199,0.212199,7814979
1955,1979-10-18,0.212199,0.212199,0.205562,0.205562,14501133
1956,1979-10-19,0.205562,0.205562,0.199025,0.199025,53170815
1957,1979-10-22,0.199025,0.199025,0.199025,0.199025,22576611
1958,1979-10-23,0.199025,0.205562,0.199025,0.199025,32186144
1959,1979-10-24,0.205562,0.205562,0.205562,0.205562,4486375
1960,1979-10-25,0.205562,0.205562,0.205562,0.205562,10448915
1961,1979-10-26,0.205562,0.212199,0.205562,0.205562,11577750
1962,1979-10-29,0.205562,0.212199,0.205562,0.205562,6830869
1963,1979-10-30,0.212199,0.218865,0.212199,0.212199,8104428
1964,1979-10-31,0.212199,0.218865,0.212199,0.212199,5846769
1965,1979-11-01,0.212199,0.218865,0.212199,0.212199,9059590
1966,1979-11-02,0.212199,0.218865,0.212199,0.212199,2894436
1967,1979-11-05,0.212199,0.218865,0.212199,0.212199,15745739
1968,1979-11-06,0.212199,0.218865,0.212199,0.212199,25760496
1969,1979-11-07,0.212199,0.212199,0.212199,0.212199,17511344
1970,1979-11-08,0.212199,0.212199,0.212199,0.212199,11027807
1971,1979-11-09,0.212199,0.218865,0.212199,0.212199,9927924
1972,1979-11-12,0.218865,0.225473,0.218865,0.218865,11346195
1973,1979-11-13,0.218865,0.225473,0.218865,0.218865,17337675
1974,1979-11-14,0.225473,0.225473,0.225473,0.225473,15745739
1975,1979-11-15,0.225473,0.232259,0.225473,0.225473,14269580
1976,1979-11-16,0.232259,0.238794,0.232259,0.232259,11027807
1977,1979-11-19,0.238794,0.238794,0.238794,0.238794,15224744
1978,1979-11-20,0.238794,0.238794,0.232259,0.232259,26426214
1979,1979-11-21,0.232259,0.238794,0.232259,0.232259,43619174
1980,1979-11-23,0.238794,0.245403,0.238794,0.238794,15803632
1981,1979-11-26,0.245403,0.252088,0.245403,0.245403,16845627
1982,1979-11-27,0.245403,0.245403,0.238794,0.238794,16035182
1983,1979-11-28,0.238794,0.245403,0.238794,0.238794,41101015
1984,1979-11-29,0.238794,0.245403,0.238794,0.238794,5267876
1985,1979-11-30,0.238794,0.238794,0.238794,0.238794,8943810
1986,1979-12-03,0.238794,0.238794,0.238794,0.238794,7930758
1987,1979-12-04,0.245403,0.245403,0.245403,0.245403,7612370
1988,1979-12-05,0.245403,0.252088,0.245403,0.245403,14559019
1989,1979-12-06,0.245403,0.252088,0.245403,0.245403,9088533
1990,1979-12-07,0.245403,0.252088,0.245403,0.245403,9783199
1991,1979-12-10,0.245403,0.245403,0.238794,0.238794,9088533
1992,1979-12-11,0.238794,0.245403,0.238794,0.238794,13053913
1993,1979-12-12,0.238794,0.238794,0.238794,0.238794,13777527
1994,1979-12-13,0.238794,0.245403,0.238794,0.238794,10130529
1995,1979-12-14,0.238794,0.245403,0.238794,0.238794,10738361
1996,1979-12-17,0.238794,0.238794,0.238794,0.238794,7843922
1997,1979-12-18,0.232259,0.232259,0.232259,0.232259,14819521
1998,1979-12-19,0.232259,0.238794,0.232259,0.232259,12272418
1999,1979-12-20,0.238794,0.238794,0.238794,0.238794,7583424
2000,1979-12-21,0.238794,0.238794,0.238794,0.238794,13314413
2001,1979-12-24,0.238794,0.238794,0.238794,0.238794,2315546
2002,1979-12-26,0.238794,0.238794,0.238794,0.238794,5730983
2003,1979-12-27,0.238794,0.238794,0.232259,0.232259,4717939
2004,1979-12-28,0.232259,0.238794,0.232259,0.232259,8162318
2005,1979-12-31,0.232259,0.238794,0.232259,0.232259,4254827
2006,1980-01-02,0.225473,0.225473,0.218865,0.218865,15311567
2007,1980-01-03,0.218865,0.218865,0.218865,0.218865,16237794
2008,1980-01-04,0.218865,0.225473,0.218865,0.218865,13980132
2009,1980-01-07,0.232259,0.232259,0.232259,0.232259,18842785
2010,1980-01-08,0.238794,0.245403,0.238794,0.238794,23763328
2011,1980-01-09,0.238794,0.245403,0.238794,0.238794,23155499
2012,1980-01-10,0.238794,0.245403,0.238794,0.238794,11288306
2013,1980-01-11,0.238794,0.245403,0.238794,0.238794,8683313
2014,1980-01-14,0.238794,0.245403,0.238794,0.238794,7178202
2015,1980-01-15,0.245403,0.245403,0.245403,0.245403,11577750
2016,1980-01-16,0.245403,0.245403,0.245403,0.245403,8567536
2017,1980-01-17,0.245403,0.245403,0.238794,0.238794,20029507
2018,1980-01-18,0.238794,0.245403,0.238794,0.238794,10333143
2019,1980-01-21,0.238794,0.245403,0.238794,0.238794,11404085
2020,1980-01-22,0.232259,0.232259,0.232259,0.232259,11664585
2021,1980-01-23,0.232259,0.238794,0.232259,0.232259,15195797
2022,1980-01-24,0.232259,0.232259,0.232259,0.232259,28394429
2023,1980-01-25,0.238794,0.238794,0.238794,0.238794,27699766
2024,1980-01-28,0.238794,0.238794,0.238794,0.238794,24023833
2025,1980-01-29,0.238794,0.238794,0.238794,0.238794,11548806
2026,1980-01-30,0.238794,0.238794,0.238794,0.238794,28133937
2027,1980-01-31,0.238794,0.238794,0.232259,0.232259,27757656
2028,1980-02-01,0.232259,0.238794,0.232259,0.232259,22721334
2029,1980-02-04,0.232259,0.238794,0.232259,0.232259,8625424
2030,1980-02-05,0.232259,0.238794,0.232259,0.232259,9406926
2031,1980-02-06,0.238794,0.238794,0.238794,0.238794,23618607
2032,1980-02-07,0.238794,0.245403,0.238794,0.238794,11230415
2033,1980-02-08,0.245403,0.252088,0.245403,0.245403,10883080
2034,1980-02-11,0.252088,0.258791,0.252088,0.252088,35977855
2035,1980-02-12,0.252088,0.258791,0.252088,0.252088,24168554
2036,1980-02-13,0.258791,0.258791,0.258791,0.258791,33893865
2037,1980-02-14,0.258791,0.258791,0.258791,0.258791,16527238
2038,1980-02-15,0.258791,0.258791,0.258791,0.258791,28539153
2039,1980-02-19,0.252088,0.252088,0.252088,0.252088,22576611
2040,1980-02-20,0.252088,0.252088,0.252088,0.252088,8885923
2041,1980-02-21,0.252088,0.252088,0.245403,0.245403,20174225
2042,1980-02-22,0.245403,0.252088,0.245403,0.245403,27526098
2043,1980-02-25,0.245403,0.245403,0.245403,0.245403,15369461
2044,1980-02-26,0.245403,0.245403,0.245403,0.245403,10796249
2045,1980-02-27,0.245403,0.245403,0.245403,0.245403,17656072
2046,1980-02-28,0.245403,0.252088,0.245403,0.245403,9291140
2047,1980-02-29,0.245403,0.252088,0.245403,0.245403,8567536
2048,1980-03-03,0.245403,0.252088,0.245403,0.245403,37482965
2049,1980-03-04,0.245403,0.245403,0.245403,0.245403,24284327
2050,1980-03-05,0.245403,0.245403,0.238794,0.238794,25065830
2051,1980-03-06,0.238794,0.238794,0.238794,0.238794,23415994
2052,1980-03-07,0.238794,0.238794,0.232259,0.232259,17077181
2053,1980-03-10,0.238794,0.238794,0.238794,0.238794,19913729
2054,1980-03-11,0.238794,0.238794,0.232259,0.232259,16700899
2055,1980-03-12,0.232259,0.238794,0.232259,0.232259,13372302
2056,1980-03-13,0.232259,0.232259,0.232259,0.232259,9580587
2057,1980-03-14,0.225473,0.225473,0.225473,0.225473,14211694
2058,1980-03-17,0.218865,0.218865,0.218865,0.218865,16469349
2059,1980-03-18,0.218865,0.218865,0.212199,0.212199,25731545
2060,1980-03-19,0.218865,0.225473,0.218865,0.218865,27902378
2061,1980-03-20,0.218865,0.218865,0.218865,0.218865,16845627
2062,1980-03-21,0.212199,0.212199,0.212199,0.212199,18350734
2063,1980-03-24,0.212199,0.212199,0.205562,0.205562,13517022
2064,1980-03-25,0.205562,0.212199,0.205562,0.205562,17106130
2065,1980-03-26,0.205562,0.212199,0.205562,0.205562,24515883
2066,1980-03-27,0.199025,0.199025,0.199025,0.199025,40580019
2067,1980-03-28,0.205562,0.212199,0.205562,0.205562,30304760
2068,1980-03-31,0.212199,0.218865,0.212199,0.212199,13574908
2069,1980-04-01,0.212199,0.218865,0.212199,0.212199,12330304
2070,1980-04-02,0.218865,0.218865,0.218865,0.218865,18929623
2071,1980-04-03,0.212199,0.212199,0.212199,0.212199,10535750
2072,1980-04-07,0.212199,0.212199,0.205562,0.205562,20318948
2073,1980-04-08,0.205562,0.212199,0.205562,0.205562,43995450
2074,1980-04-09,0.205562,0.205562,0.205562,0.205562,17424515
2075,1980-04-10,0.205562,0.205562,0.199025,0.199025,22287173
2076,1980-04-11,0.199025,0.205562,0.199025,0.199025,14356410
2077,1980-04-14,0.205562,0.205562,0.205562,0.205562,12098748
2078,1980-04-15,0.205562,0.205562,0.199025,0.199025,15977295
2079,1980-04-16,0.199025,0.199025,0.192399,0.192399,16208847
2080,1980-04-17,0.192399,0.192399,0.192399,0.192399,26686714
2081,1980-04-18,0.192399,0.199025,0.192399,0.192399,28249712
2082,1980-04-21,0.192399,0.192399,0.192399,0.192399,13632803
2083,1980-04-22,0.199025,0.205562,0.199025,0.199025,30796815
2084,1980-04-23,0.212199,0.212199,0.212199,0.212199,22345061
2085,1980-04-24,0.212199,0.218865,0.212199,0.212199,13314413
2086,1980-04-25,0.212199,0.212199,0.212199,0.212199,10709417
2087,1980-04-28,0.212199,0.212199,0.205562,0.205562,10448915
2088,1980-04-29,0.212199,0.212199,0.212199,0.212199,9493750
2089,1980-04-30,0.212199,0.212199,0.212199,0.212199,10651532
2090,1980-05-01,0.212199,0.218865,0.212199,0.212199,10564694
2091,1980-05-02,0.218865,0.218865,0.218865,0.218865,8307032
2092,1980-05-05,0.218865,0.218865,0.218865,0.218865,5296824
2093,1980-05-06,0.218865,0.218865,0.218865,0.218865,10535750
2094,1980-05-07,0.218865,0.218865,0.218865,0.218865,9638475
2095,1980-05-08,0.218865,0.218865,0.212199,0.212199,11259360
2096,1980-05-09,0.218865,0.218865,0.218865,0.218865,25152663
2097,1980-05-12,0.218865,0.218865,0.218865,0.218865,12938131
2098,1980-05-13,0.218865,0.225473,0.218865,0.218865,11114639
2099,1980-05-14,0.225473,0.225473,0.225473,0.225473,7149262
2100,1980-05-15,0.225473,0.232259,0.225473,0.225473,12214525
2101,1980-05-16,0.232259,0.232259,0.225473,0.225473,7293982
2102,1980-05-19,0.232259,0.232259,0.232259,0.232259,13024966
2103,1980-05-20,0.232259,0.232259,0.225473,0.225473,32880812
2104,1980-05-21,0.225473,0.225473,0.218865,0.218865,15890464
2105,1980-05-22,0.218865,0.225473,0.218865,0.218865,8017596
2106,1980-05-23,0.225473,0.232259,0.225473,0.225473,44892724
2107,1980-05-27,0.225473,0.232259,0.225473,0.225473,12561861
2108,1980-05-28,0.232259,0.232259,0.232259,0.232259,10101588
2109,1980-05-29,0.232259,0.232259,0.232259,0.232259,11548806
2110,1980-05-30,0.232259,0.238794,0.232259,0.232259,8625424
2111,1980-06-02,0.238794,0.238794,0.238794,0.238794,9580587
2112,1980-06-03,0.232259,0.232259,0.232259,0.232259,22981835
2113,1980-06-04,0.232259,0.238794,0.232259,0.232259,11577750
2114,1980-06-05,0.232259,0.238794,0.232259,0.232259,9754251
2115,1980-06-06,0.232259,0.232259,0.232259,0.232259,43300782
2116,1980-06-09,0.232259,0.232259,0.232259,0.232259,11375141
2117,1980-06-10,0.232259,0.238794,0.232259,0.232259,26049941
2118,1980-06-11,0.232259,0.238794,0.232259,0.232259,4833713
2119,1980-06-12,0.232259,0.232259,0.232259,0.232259,16295682
2120,1980-06-13,0.232259,0.232259,0.232259,0.232259,5412598
2121,1980-06-16,0.232259,0.232259,0.232259,0.232259,12040862
2122,1980-06-17,0.232259,0.232259,0.232259,0.232259,19392732
2123,1980-06-18,0.232259,0.232259,0.225473,0.225473,12156636
2124,1980-06-19,0.225473,0.225473,0.225473,0.225473,20637338
2125,1980-06-20,0.225473,0.225473,0.225473,0.225473,10593639
2126,1980-06-23,0.225473,0.225473,0.225473,0.225473,14906352
2127,1980-06-24,0.225473,0.225473,0.225473,0.225473,14587963
2128,1980-06-25,0.225473,0.232259,0.225473,0.225473,23358106
2129,1980-06-26,0.225473,0.232259,0.225473,0.225473,15311567
2130,1980-06-27,0.232259,0.232259,0.225473,0.225473,10419972
2131,1980-06-30,0.232259,0.232259,0.225473,0.225473,8046539
2132,1980-07-01,0.232259,0.232259,0.232259,0.232259,14790579
2133,1980-07-02,0.232259,0.238794,0.232259,0.232259,9927924
2134,1980-07-03,0.232259,0.238794,0.232259,0.232259,6859810
2135,1980-07-07,0.245403,0.245403,0.245403,0.245403,29465372
2136,1980-07-08,0.245403,0.252088,0.245403,0.245403,19884785
2137,1980-07-09,0.245403,0.252088,0.245403,0.245403,14153803
2138,1980-07-10,0.252088,0.252088,0.252088,0.252088,21245174
2139,1980-07-11,0.252088,0.252088,0.252088,0.252088,14906352
2140,1980-07-14,0.252088,0.252088,0.252088,0.252088,22692394
2141,1980-07-15,0.258791,0.258791,0.258791,0.258791,31173095
2142,1980-07-16,0.265307,0.265307,0.265307,0.265307,17627123
2143,1980-07-17,0.271944,0.271944,0.271944,0.271944,23300218
2144,1980-07-18,0.278646,0.278646,0.278646,0.278646,18958564
2145,1980-07-21,0.278646,0.278646,0.278646,0.278646,21418836
2146,1980-07-22,0.278646,0.278646,0.271944,0.271944,21332010
2147,1980-07-23,0.271944,0.271944,0.271944,0.271944,12619745
2148,1980-07-24,0.271944,0.271944,0.271944,0.271944,17511344
2149,1980-07-25,0.265307,0.265307,0.265307,0.265307,33401812
2150,1980-07-28,0.271944,0.271944,0.271944,0.271944,11114639
2151,1980-07-29,0.285246,0.285246,0.285246,0.285246,17221905
2152,1980-07-30,0.291873,0.291873,0.291873,0.291873,19016452
2153,1980-07-31,0.291873,0.291873,0.291873,0.291873,36759362
2154,1980-08-01,0.291873,0.291873,0.285246,0.285246,14356410
2155,1980-08-04,0.291873,0.29855,0.291873,0.291873,8625424
2156,1980-08-05,0.291873,0.29855,0.291873,0.291873,10130529
2157,1980-08-06,0.291873,0.291873,0.291873,0.291873,16874575
2158,1980-08-07,0.29855,0.29855,0.29855,0.29855,13285466
2159,1980-08-08,0.29855,0.29855,0.29855,0.29855,8770144
2160,1980-08-11,0.318376,0.318376,0.318376,0.318376,10969915
2161,1980-08-12,0.318376,0.325005,0.318376,0.318376,33778082
2162,1980-08-13,0.318376,0.318376,0.311722,0.311722,18321792
2163,1980-08-14,0.311722,0.311722,0.311722,0.311722,13256524
2164,1980-08-15,0.311722,0.311722,0.311722,0.311722,61825185
2165,1980-08-18,0.29855,0.29855,0.29855,0.29855,11606700
2166,1980-08-19,0.29855,0.29855,0.29855,0.29855,13401243
2167,1980-08-20,0.305083,0.305083,0.305083,0.305083,17800792
2168,1980-08-21,0.305083,0.305083,0.305083,0.305083,16961402
2169,1980-08-22,0.305083,0.305083,0.305083,0.305083,58062415
2170,1980-08-25,0.305083,0.305083,0.305083,0.305083,16845627
2171,1980-08-26,0.305083,0.305083,0.305083,0.305083,30391594
2172,1980-08-27,0.305083,0.305083,0.305083,0.305083,5296824
2173,1980-08-28,0.305083,0.305083,0.305083,0.305083,9725310
2174,1980-08-29,0.305083,0.305083,0.305083,0.305083,23444941
2175,1980-09-02,0.305083,0.305083,0.305083,0.305083,10275253
2176,1980-09-03,0.318376,0.318376,0.318376,0.318376,14009076
2177,1980-09-04,0.318376,0.318376,0.318376,0.318376,24342223
2178,1980-09-05,0.318376,0.318376,0.318376,0.318376,9435861
2179,1980-09-08,0.311722,0.311722,0.305083,0.305083,6483535
2180,1980-09-09,0.311722,0.311722,0.311722,0.311722,20550507
2181,1980-09-10,0.305083,0.305083,0.305083,0.305083,15224744
2182,1980-09-11,0.305083,0.305083,0.305083,0.305083,9030641
2183,1980-09-12,0.305083,0.305083,0.305083,0.305083,7236098
2184,1980-09-15,0.305083,0.305083,0.305083,0.305083,8046539
2185,1980-09-16,0.311722,0.311722,0.311722,0.311722,13777527
2186,1980-09-17,0.325005,0.325005,0.325005,0.325005,17453458
2187,1980-09-18,0.325005,0.325005,0.325005,0.325005,21447780
2188,1980-09-19,0.33168,0.33168,0.33168,0.33168,9175365
2189,1980-09-22,0.325005,0.325005,0.325005,0.325005,12532912
2190,1980-09-23,0.311722,0.311722,0.311722,0.311722,10767307
2191,1980-09-24,0.311722,0.311722,0.305083,0.305083,15108964
2192,1980-09-25,0.305083,0.305083,0.305083,0.305083,17366630
2193,1980-09-26,0.305083,0.305083,0.29855,0.29855,14038017
2194,1980-09-29,0.29855,0.305083,0.29855,0.29855,5730983
2195,1980-09-30,0.305083,0.311722,0.305083,0.305083,9175365
2196,1980-10-01,0.311722,0.311722,0.311722,0.311722,9001704
2197,1980-10-02,0.311722,0.311722,0.311722,0.311722,6454596
2198,1980-10-03,0.318376,0.318376,0.318376,0.318376,7641314
2199,1980-10-06,0.338438,0.344982,0.338438,0.338438,15166855
2200,1980-10-07,0.338438,0.344982,0.338438,0.338438,13806465
2201,1980-10-08,0.338438,0.338438,0.33168,0.33168,37743467
2202,1980-10-09,0.33168,0.338438,0.33168,0.33168,13111796
2203,1980-10-10,0.33168,0.33168,0.33168,0.33168,9985807
2204,1980-10-13,0.33168,0.33168,0.33168,0.33168,4877128
2205,1980-10-14,0.33168,0.338438,0.33168,0.33168,10029228
2206,1980-10-15,0.338438,0.344982,0.338438,0.338438,6657205
2207,1980-10-16,0.338438,0.344982,0.338438,0.338438,8958282
2208,1980-10-17,0.338438,0.338438,0.338438,0.338438,10535750
2209,1980-10-20,0.33168,0.33168,0.33168,0.33168,9783199
2210,1980-10-21,0.33168,0.33168,0.325005,0.325005,13430183
2211,1980-10-22,0.33168,0.33168,0.33168,0.33168,7742618
2212,1980-10-23,0.325005,0.325005,0.325005,0.325005,4833713
2213,1980-10-24,0.318376,0.318376,0.318376,0.318376,6338817
2214,1980-10-27,0.305083,0.305083,0.29855,0.29855,8697786
2215,1980-10-28,0.311722,0.311722,0.311722,0.311722,6744039
2216,1980-10-29,0.318376,0.318376,0.318376,0.318376,10318669
2217,1980-10-30,0.285246,0.285246,0.285246,0.285246,82853273
2218,1980-10-31,0.291873,0.291873,0.291873,0.291873,24993468
2219,1980-11-03,0.291873,0.291873,0.291873,0.291873,28307599
2220,1980-11-05,0.311722,0.311722,0.311722,0.311722,24284327
2221,1980-11-06,0.291873,0.291873,0.291873,0.291873,31144146
2222,1980-11-07,0.29855,0.29855,0.29855,0.29855,11056751
2223,1980-11-10,0.29855,0.29855,0.29855,0.29855,12648692
2224,1980-11-11,0.29855,0.305083,0.29855,0.29855,12996023
2225,1980-11-12,0.311722,0.311722,0.311722,0.311722,20261064
2226,1980-11-13,0.318376,0.318376,0.318376,0.318376,14703742
2227,1980-11-14,0.33168,0.338438,0.33168,0.33168,18133649
2228,1980-11-17,0.33168,0.338438,0.33168,0.33168,12836830
2229,1980-11-18,0.344982,0.344982,0.344982,0.344982,12764473
2230,1980-11-19,0.338438,0.338438,0.338438,0.338438,15658905
2231,1980-11-20,0.338438,0.338438,0.33168,0.33168,16961402
2232,1980-11-21,0.33168,0.33168,0.325005,0.325005,16107549
2233,1980-11-24,0.325005,0.325005,0.325005,0.325005,13097328
2234,1980-11-25,0.325005,0.325005,0.325005,0.325005,9030641
2235,1980-11-26,0.325005,0.325005,0.325005,0.325005,8524118
2236,1980-11-28,0.325005,0.325005,0.318376,0.318376,7670262
2237,1980-12-01,0.29855,0.29855,0.29855,0.29855,8032064
2238,1980-12-02,0.29855,0.29855,0.29855,0.29855,19248011
2239,1980-12-03,0.29855,0.305083,0.29855,0.29855,11273828
2240,1980-12-04,0.305083,0.311722,0.305083,0.305083,14168268
2241,1980-12-05,0.285246,0.285246,0.285246,0.285246,18509929
2242,1980-12-08,0.278646,0.278646,0.278646,0.278646,20145282
2243,1980-12-09,0.285246,0.291873,0.285246,0.285246,31013896
2244,1980-12-10,0.285246,0.285246,0.285246,0.285246,26469634
2245,1980-12-11,0.278646,0.278646,0.278646,0.278646,35398970
2246,1980-12-12,0.285246,0.285246,0.285246,0.285246,18784901
2247,1980-12-15,0.285246,0.285246,0.285246,0.285246,12880250
2248,1980-12-16,0.285246,0.291873,0.285246,0.285246,24761912
2249,1980-12-17,0.285246,0.285246,0.278646,0.278646,23748861
2250,1980-12-18,0.278646,0.285246,0.278646,0.278646,27902378
2251,1980-12-19,0.271944,0.271944,0.265307,0.265307,48091077
2252,1980-12-22,0.265307,0.265307,0.265307,0.265307,29436430
2253,1980-12-23,0.271944,0.271944,0.271944,0.271944,25847330
2254,1980-12-24,0.278646,0.278646,0.278646,0.278646,17800792
2255,1980-12-26,0.285246,0.285246,0.285246,0.285246,6483535
2256,1980-12-29,0.278646,0.278646,0.271944,0.271944,23792278
2257,1980-12-30,0.278646,0.278646,0.278646,0.278646,12257942
2258,1980-12-31,0.278646,0.278646,0.278646,0.278646,9985807
2259,1981-01-02,0.278646,0.278646,0.278646,0.278646,11751415
2260,1981-01-05,0.285246,0.291873,0.285246,0.285246,13849884
2261,1981-01-06,0.285246,0.285246,0.278646,0.278646,24269858
2262,1981-01-07,0.271944,0.271944,0.271944,0.271944,25413161
2263,1981-01-08,0.271944,0.271944,0.265307,0.265307,18929623
2264,1981-01-09,0.265307,0.271944,0.265307,0.265307,12561861
2265,1981-01-12,0.265307,0.265307,0.265307,0.265307,20463670
2266,1981-01-13,0.265307,0.265307,0.258791,0.258791,22055610
2267,1981-01-14,0.265307,0.265307,0.265307,0.265307,8596484
2268,1981-01-15,0.265307,0.265307,0.265307,0.265307,15152380
2269,1981-01-16,0.278646,0.278646,0.278646,0.278646,19248011
2270,1981-01-19,0.278646,0.278646,0.278646,0.278646,10825195
2271,1981-01-20,0.271944,0.271944,0.265307,0.265307,10579167
2272,1981-01-21,0.265307,0.265307,0.265307,0.265307,13531493
2273,1981-01-22,0.265307,0.271944,0.265307,0.265307,10984394
2274,1981-01-23,0.271944,0.271944,0.271944,0.271944,13270999
2275,1981-01-26,0.265307,0.265307,0.265307,0.265307,17728430
2276,1981-01-27,0.265307,0.265307,0.265307,0.265307,15181323
2277,1981-01-28,0.265307,0.265307,0.265307,0.265307,10072646
2278,1981-01-29,0.265307,0.265307,0.265307,0.265307,11331724
2279,1981-01-30,0.258791,0.258791,0.258791,0.258791,13502549
2280,1981-02-02,0.252088,0.252088,0.252088,0.252088,26281496
2281,1981-02-03,0.258791,0.258791,0.258791,0.258791,17077181
2282,1981-02-04,0.265307,0.271944,0.265307,0.265307,12735525
2283,1981-02-05,0.271944,0.271944,0.271944,0.271944,17641597
2284,1981-02-06,0.278646,0.278646,0.278646,0.278646,16527238
2285,1981-02-09,0.278646,0.278646,0.278646,0.278646,14038017
2286,1981-02-10,0.278646,0.278646,0.278646,0.278646,10752836
2287,1981-02-11,0.278646,0.278646,0.271944,0.271944,9609532
2288,1981-02-12,0.265307,0.265307,0.265307,0.265307,10362087
2289,1981-02-13,0.265307,0.265307,0.265307,0.265307,8408343
2290,1981-02-17,0.271944,0.278646,0.271944,0.271944,7265037
2291,1981-02-18,0.271944,0.278646,0.271944,0.271944,16643015
2292,1981-02-19,0.271944,0.278646,0.271944,0.271944,21028090
2293,1981-02-20,0.265307,0.265307,0.265307,0.265307,24269858
2294,1981-02-23,0.258791,0.258791,0.258791,0.258791,19248011
2295,1981-02-24,0.258791,0.258791,0.258791,0.258791,28524684
2296,1981-02-25,0.232259,0.232259,0.232259,0.232259,117166835
2297,1981-02-26,0.232259,0.232259,0.225473,0.225473,49031774
2298,1981-02-27,0.238794,0.245403,0.238794,0.238794,54357540
2299,1981-03-02,0.252088,0.252088,0.252088,0.252088,28814125
2300,1981-03-03,0.245403,0.245403,0.245403,0.245403,31824336
2301,1981-03-04,0.238794,0.238794,0.238794,0.238794,26570939
2302,1981-03-05,0.232259,0.232259,0.232259,0.232259,12605278
2303,1981-03-06,0.232259,0.232259,0.232259,0.232259,21621450
2304,1981-03-09,0.232259,0.232259,0.232259,0.232259,15137909
2305,1981-03-10,0.238794,0.238794,0.238794,0.238794,16049660
2306,1981-03-11,0.232259,0.232259,0.225473,0.225473,24588252
2307,1981-03-12,0.238794,0.238794,0.238794,0.238794,13893293
2308,1981-03-13,0.238794,0.245403,0.238794,0.238794,15933878
2309,1981-03-16,0.245403,0.245403,0.245403,0.245403,20608394
2310,1981-03-17,0.232259,0.232259,0.232259,0.232259,26498575
2311,1981-03-18,0.238794,0.238794,0.238794,0.238794,31288870
2312,1981-03-19,0.238794,0.238794,0.232259,0.232259,12923664
2313,1981-03-20,0.238794,0.245403,0.238794,0.238794,22258222
2314,1981-03-23,0.245403,0.245403,0.245403,0.245403,12142169
2315,1981-03-24,0.245403,0.245403,0.245403,0.245403,21447780
2316,1981-03-25,0.258791,0.258791,0.258791,0.258791,17902093
2317,1981-03-26,0.252088,0.252088,0.252088,0.252088,24067250
2318,1981-03-27,0.252088,0.252088,0.252088,0.252088,25992048
2319,1981-03-30,0.252088,0.252088,0.252088,0.252088,8017596
2320,1981-03-31,0.252088,0.252088,0.252088,0.252088,7149262
2321,1981-04-01,0.252088,0.252088,0.252088,0.252088,12431608
2322,1981-04-02,0.252088,0.258791,0.252088,0.252088,14761640
2323,1981-04-03,0.252088,0.252088,0.252088,0.252088,21057036
2324,1981-04-06,0.252088,0.252088,0.252088,0.252088,15615490
2325,1981-04-07,0.245403,0.245403,0.245403,0.245403,30015318
2326,1981-04-08,0.245403,0.245403,0.245403,0.245403,49755384
2327,1981-04-09,0.245403,0.245403,0.245403,0.245403,21867479
2328,1981-04-10,0.252088,0.252088,0.252088,0.252088,18090232
2329,1981-04-13,0.265307,0.265307,0.265307,0.265307,12446081
2330,1981-04-14,0.265307,0.265307,0.265307,0.265307,13068390
2331,1981-04-15,0.265307,0.271944,0.265307,0.265307,13401243
2332,1981-04-16,0.271944,0.271944,0.271944,0.271944,56296812
2333,1981-04-20,0.271944,0.271944,0.271944,0.271944,10188419
2334,1981-04-21,0.278646,0.278646,0.278646,0.278646,19132231
2335,1981-04-22,0.278646,0.278646,0.278646,0.278646,21925359
2336,1981-04-23,0.278646,0.278646,0.271944,0.271944,8683313
2337,1981-04-24,0.278646,0.278646,0.278646,0.278646,27815544
2338,1981-04-27,0.271944,0.271944,0.271944,0.271944,13661745
2339,1981-04-28,0.271944,0.271944,0.265307,0.265307,22272696
2340,1981-04-29,0.265307,0.265307,0.265307,0.265307,17656072
2341,1981-04-30,0.265307,0.265307,0.258791,0.258791,11838247
2342,1981-05-01,0.258791,0.258791,0.258791,0.258791,21028090
2343,1981-05-04,0.258791,0.258791,0.252088,0.252088,12026387
2344,1981-05-05,0.252088,0.252088,0.252088,0.252088,11042279
2345,1981-05-06,0.252088,0.252088,0.252088,0.252088,8205729
2346,1981-05-07,0.252088,0.252088,0.252088,0.252088,9508229
2347,1981-05-08,0.252088,0.252088,0.252088,0.252088,21549087
2348,1981-05-11,0.245403,0.245403,0.245403,0.245403,9985807
2349,1981-05-12,0.245403,0.245403,0.245403,0.245403,10043700
2350,1981-05-13,0.245403,0.245403,0.245403,0.245403,7163732
2351,1981-05-14,0.252088,0.252088,0.252088,0.252088,15991765
2352,1981-05-15,0.252088,0.252088,0.252088,0.252088,15340516
2353,1981-05-18,0.252088,0.252088,0.252088,0.252088,16237794
2354,1981-05-19,0.252088,0.252088,0.245403,0.245403,15470768
2355,1981-05-20,0.258791,0.258791,0.258791,0.258791,14515606
2356,1981-05-21,0.258791,0.258791,0.258791,0.258791,15282630
2357,1981-05-22,0.258791,0.265307,0.258791,0.258791,22634498
2358,1981-05-26,0.271944,0.271944,0.271944,0.271944,20825479
2359,1981-05-27,0.285246,0.285246,0.285246,0.285246,22489782
2360,1981-05-28,0.285246,0.291873,0.285246,0.285246,22200335
2361,1981-05-29,0.285246,0.285246,0.285246,0.285246,40840512
2362,1981-06-01,0.278646,0.278646,0.278646,0.278646,16816679
2363,1981-06-02,0.271944,0.271944,0.265307,0.265307,16425933
2364,1981-06-03,0.265307,0.265307,0.265307,0.265307,20753119
2365,1981-06-04,0.258791,0.258791,0.258791,0.258791,12967080
2366,1981-06-05,0.258791,0.258791,0.258791,0.258791,12692108
2367,1981-06-08,0.252088,0.252088,0.252088,0.252088,6382235
2368,1981-06-09,0.252088,0.252088,0.252088,0.252088,8842509
2369,1981-06-10,0.252088,0.252088,0.252088,0.252088,16252262
2370,1981-06-11,0.258791,0.258791,0.258791,0.258791,15557604
2371,1981-06-12,0.258791,0.258791,0.258791,0.258791,16946929
2372,1981-06-15,0.258791,0.258791,0.252088,0.252088,11042279
2373,1981-06-16,0.252088,0.252088,0.245403,0.245403,27945797
2374,1981-06-17,0.245403,0.245403,0.245403,0.245403,11954030
2375,1981-06-18,0.238794,0.238794,0.238794,0.238794,18842785
2376,1981-06-19,0.238794,0.245403,0.238794,0.238794,16527238
2377,1981-06-22,0.238794,0.245403,0.238794,0.238794,5195517
2378,1981-06-23,0.245403,0.245403,0.245403,0.245403,14877410
2379,1981-06-24,0.245403,0.245403,0.245403,0.245403,6816397
2380,1981-06-25,0.245403,0.245403,0.238794,0.238794,6092796
2381,1981-06-26,0.258791,0.258791,0.258791,0.258791,23097609
2382,1981-06-29,0.258791,0.265307,0.258791,0.258791,22576611
2383,1981-06-30,0.252088,0.252088,0.252088,0.252088,15441829
2384,1981-07-01,0.245403,0.245403,0.245403,0.245403,17207430
2385,1981-07-02,0.232259,0.232259,0.232259,0.232259,25774965
2386,1981-07-06,0.232259,0.232259,0.232259,0.232259,19812425
2387,1981-07-07,0.225473,0.225473,0.225473,0.225473,14298526
2388,1981-07-08,0.225473,0.225473,0.225473,0.225473,21071503
2389,1981-07-09,0.232259,0.232259,0.232259,0.232259,15572075
2390,1981-07-10,0.238794,0.238794,0.238794,0.238794,10912028
2391,1981-07-13,0.238794,0.238794,0.238794,0.238794,5195517
2392,1981-07-14,0.232259,0.232259,0.232259,0.232259,14587963
2393,1981-07-15,0.238794,0.238794,0.238794,0.238794,10405501
2394,1981-07-16,0.245403,0.252088,0.245403,0.245403,12735525
2395,1981-07-17,0.252088,0.252088,0.252088,0.252088,10173943
2396,1981-07-20,0.238794,0.238794,0.238794,0.238794,14761640
2397,1981-07-21,0.232259,0.232259,0.232259,0.232259,11447497
2398,1981-07-22,0.232259,0.232259,0.225473,0.225473,9739778
2399,1981-07-23,0.232259,0.232259,0.232259,0.232259,11476452
2400,1981-07-24,0.232259,0.232259,0.232259,0.232259,6570376
2401,1981-07-27,0.238794,0.238794,0.238794,0.238794,9305616
2402,1981-07-28,0.232259,0.232259,0.232259,0.232259,12663163
2403,1981-07-29,0.232259,0.232259,0.232259,0.232259,7800508
2404,1981-07-30,0.232259,0.232259,0.232259,0.232259,10839667
2405,1981-07-31,0.232259,0.232259,0.232259,0.232259,13184160
2406,1981-08-03,0.232259,0.232259,0.232259,0.232259,7076898
2407,1981-08-04,0.225473,0.225473,0.225473,0.225473,18770425
2408,1981-08-05,0.225473,0.225473,0.225473,0.225473,9421392
2409,1981-08-06,0.225473,0.225473,0.225473,0.225473,20072920
2410,1981-08-07,0.218865,0.218865,0.218865,0.218865,6700624
2411,1981-08-11,0.218865,0.225473,0.218865,0.218865,11968497
2412,1981-08-12,0.218865,0.218865,0.212199,0.212199,6092796
2413,1981-08-13,0.218865,0.218865,0.218865,0.218865,12185583
2414,1981-08-14,0.212199,0.212199,0.212199,0.212199,8466229
2415,1981-08-17,0.212199,0.212199,0.212199,0.212199,8032064
2416,1981-08-18,0.212199,0.212199,0.212199,0.212199,7322924
2417,1981-08-19,0.212199,0.212199,0.212199,0.212199,5253404
2418,1981-08-20,0.218865,0.218865,0.218865,0.218865,8408343
2419,1981-08-21,0.212199,0.212199,0.212199,0.212199,12778938
2420,1981-08-24,0.205562,0.205562,0.205562,0.205562,9710836
2421,1981-08-25,0.205562,0.205562,0.199025,0.199025,19797955
2422,1981-08-26,0.199025,0.199025,0.199025,0.199025,12113218
2423,1981-08-27,0.192399,0.192399,0.192399,0.192399,23922523
2424,1981-08-28,0.192399,0.192399,0.192399,0.192399,29812707
2425,1981-08-31,0.192399,0.192399,0.192399,0.192399,8307032
2426,1981-09-01,0.199025,0.199025,0.199025,0.199025,8828030
2427,1981-09-02,0.199025,0.199025,0.192399,0.192399,12344778
2428,1981-09-03,0.18579,0.18579,0.18579,0.18579,46007085
2429,1981-09-04,0.18579,0.192399,0.18579,0.18579,16382512
2430,1981-09-08,0.179189,0.179189,0.179189,0.179189,12590800
2431,1981-09-09,0.18579,0.192399,0.18579,0.18579,10723894
2432,1981-09-10,0.192399,0.199025,0.192399,0.192399,11143580
2433,1981-09-11,0.205562,0.212199,0.205562,0.205562,15890464
2434,1981-09-14,0.199025,0.199025,0.199025,0.199025,14124859
2435,1981-09-15,0.192399,0.192399,0.18579,0.18579,14906352
2436,1981-09-16,0.18579,0.18579,0.18579,0.18579,22764752
2437,1981-09-17,0.179189,0.179189,0.172504,0.172504,32909755
2438,1981-09-18,0.179189,0.179189,0.179189,0.179189,23488363
2439,1981-09-21,0.179189,0.179189,0.179189,0.179189,12692108
2440,1981-09-22,0.172504,0.172504,0.172504,0.172504,17366630
2441,1981-09-23,0.172504,0.172504,0.165811,0.165811,41853569
2442,1981-09-24,0.165811,0.165811,0.165811,0.165811,30536316
2443,1981-09-25,0.159129,0.159129,0.159129,0.159129,19088816
2444,1981-09-28,0.165811,0.165811,0.165811,0.165811,19349316
2445,1981-09-29,0.165811,0.172504,0.165811,0.165811,17438983
2446,1981-09-30,0.165811,0.172504,0.165811,0.165811,18842785
2447,1981-10-01,0.165811,0.172504,0.165811,0.165811,10072646
2448,1981-10-02,0.172504,0.179189,0.172504,0.172504,16179908
2449,1981-10-05,0.18579,0.18579,0.18579,0.18579,19074347
2450,1981-10-06,0.179189,0.179189,0.172504,0.172504,24978994
2451,1981-10-07,0.179189,0.179189,0.179189,0.179189,14312995
2452,1981-10-08,0.179189,0.179189,0.179189,0.179189,45659757
2453,1981-10-09,0.179189,0.179189,0.172504,0.172504,25167133
2454,1981-10-12,0.172504,0.179189,0.172504,0.172504,15311567
2455,1981-10-13,0.179189,0.179189,0.179189,0.179189,11027807
2456,1981-10-14,0.172504,0.172504,0.172504,0.172504,6512486
2457,1981-10-15,0.172504,0.172504,0.172504,0.172504,8220208
2458,1981-10-16,0.172504,0.172504,0.172504,0.172504,10752836
2459,1981-10-19,0.172504,0.172504,0.165811,0.165811,14906352
2460,1981-10-20,0.165811,0.172504,0.165811,0.165811,16946929
2461,1981-10-21,0.172504,0.179189,0.172504,0.172504,18032347
2462,1981-10-22,0.172504,0.172504,0.172504,0.172504,29407481
2463,1981-10-23,0.172504,0.172504,0.172504,0.172504,14226161
2464,1981-10-26,0.172504,0.172504,0.172504,0.172504,12634217
2465,1981-10-27,0.179189,0.179189,0.179189,0.179189,21288586
2466,1981-10-28,0.18579,0.18579,0.18579,0.18579,20738648
2467,1981-10-29,0.18579,0.18579,0.18579,0.18579,17670544
2468,1981-10-30,0.199025,0.199025,0.199025,0.199025,13777527
2469,1981-11-02,0.199025,0.199025,0.199025,0.199025,18596764
2470,1981-11-03,0.205562,0.205562,0.205562,0.205562,20536035
2471,1981-11-04,0.199025,0.199025,0.199025,0.199025,12822357
2472,1981-11-05,0.199025,0.199025,0.199025,0.199025,17685007
2473,1981-11-06,0.199025,0.199025,0.199025,0.199025,23473886
2474,1981-11-09,0.199025,0.205562,0.199025,0.199025,11606700
2475,1981-11-10,0.199025,0.199025,0.199025,0.199025,15051073
2476,1981-11-11,0.199025,0.199025,0.199025,0.199025,14660328
2477,1981-11-12,0.199025,0.199025,0.199025,0.199025,16614071
2478,1981-11-13,0.18579,0.18579,0.18579,0.18579,14341939
2479,1981-11-16,0.179189,0.179189,0.179189,0.179189,8625424
2480,1981-11-17,0.18579,0.18579,0.18579,0.18579,14023548
2481,1981-11-18,0.179189,0.179189,0.172504,0.172504,16975878
2482,1981-11-19,0.172504,0.172504,0.172504,0.172504,31274399
2483,1981-11-20,0.172504,0.172504,0.165811,0.165811,16382512
2484,1981-11-23,0.172504,0.172504,0.172504,0.172504,13560438
2485,1981-11-24,0.172504,0.172504,0.172504,0.172504,14327465
2486,1981-11-25,0.165811,0.165811,0.165811,0.165811,17554766
2487,1981-11-27,0.165811,0.165811,0.165811,0.165811,8147840
2488,1981-11-30,0.172504,0.172504,0.172504,0.172504,16223318
2489,1981-12-01,0.172504,0.172504,0.172504,0.172504,10173943
2490,1981-12-02,0.172504,0.179189,0.172504,0.172504,24385635
2491,1981-12-03,0.172504,0.172504,0.172504,0.172504,13705158
2492,1981-12-04,0.172504,0.179189,0.172504,0.172504,25384214
2493,1981-12-07,0.172504,0.172504,0.172504,0.172504,18263900
2494,1981-12-08,0.172504,0.172504,0.172504,0.172504,9884505
2495,1981-12-09,0.172504,0.172504,0.172504,0.172504,9464811
2496,1981-12-10,0.179189,0.179189,0.179189,0.179189,10796249
2497,1981-12-11,0.179189,0.179189,0.172504,0.172504,13777527
2498,1981-12-14,0.172504,0.172504,0.172504,0.172504,15716798
2499,1981-12-15,0.172504,0.172504,0.172504,0.172504,23459417
2500,1981-12-16,0.172504,0.172504,0.172504,0.172504,6483535
2501,1981-12-17,0.159129,0.159129,0.159129,0.159129,40449764
2502,1981-12-18,0.165811,0.165811,0.165811,0.165811,31317815
2503,1981-12-21,0.165811,0.165811,0.165811,0.165811,26093356
2504,1981-12-22,0.172504,0.172504,0.172504,0.172504,22981835
2505,1981-12-23,0.165811,0.165811,0.165811,0.165811,19088816
2506,1981-12-24,0.165811,0.165811,0.165811,0.165811,4790291
2507,1981-12-28,0.165811,0.165811,0.159129,0.159129,30261344
2508,1981-12-29,0.159129,0.159129,0.152565,0.152565,31158622
2509,1981-12-30,0.159129,0.159129,0.159129,0.159129,19146697
2510,1981-12-31,0.159129,0.159129,0.152565,0.152565,16715373
2511,1982-01-04,0.159129,0.159129,0.159129,0.159129,16049660
2512,1982-01-05,0.159129,0.159129,0.152565,0.152565,17612653
2513,1982-01-06,0.152565,0.152565,0.152565,0.152565,14066963
2514,1982-01-07,0.152565,0.152565,0.146031,0.146031,21418836
2515,1982-01-08,0.146031,0.152565,0.146031,0.146031,27091936
2516,1982-01-11,0.146031,0.146031,0.146031,0.146031,25673655
2517,1982-01-12,0.146031,0.146031,0.146031,0.146031,92882503
2518,1982-01-13,0.146031,0.146031,0.146031,0.146031,14732695
2519,1982-01-14,0.146031,0.146031,0.146031,0.146031,19696644
2520,1982-01-15,0.152565,0.159129,0.152565,0.152565,34082002
2521,1982-01-18,0.165811,0.165811,0.165811,0.165811,18336264
2522,1982-01-19,0.159129,0.159129,0.152565,0.152565,19537453
2523,1982-01-20,0.159129,0.159129,0.159129,0.159129,10998861
2524,1982-01-21,0.172504,0.179189,0.172504,0.172504,25948630
2525,1982-01-22,0.172504,0.172504,0.165811,0.165811,39407767
2526,1982-01-25,0.172504,0.172504,0.172504,0.172504,24660608
2527,1982-01-26,0.179189,0.18579,0.179189,0.179189,28640463
2528,1982-01-27,0.18579,0.18579,0.18579,0.18579,36079160
2529,1982-01-28,0.179189,0.179189,0.179189,0.179189,49306740
2530,1982-01-29,0.179189,0.179189,0.179189,0.179189,29552209
2531,1982-02-01,0.172504,0.172504,0.172504,0.172504,19537453
2532,1982-02-02,0.172504,0.179189,0.172504,0.172504,16208847
2533,1982-02-03,0.172504,0.179189,0.172504,0.172504,13488079
2534,1982-02-04,0.172504,0.172504,0.172504,0.172504,15774682
2535,1982-02-05,0.179189,0.179189,0.179189,0.179189,17062706
2536,1982-02-08,0.172504,0.172504,0.172504,0.172504,21375422
2537,1982-02-09,0.172504,0.172504,0.172504,0.172504,22446361
2538,1982-02-10,0.172504,0.172504,0.172504,0.172504,11273828
2539,1982-02-11,0.172504,0.172504,0.165811,0.165811,10391032
2540,1982-02-12,0.172504,0.172504,0.172504,0.172504,3907489
2541,1982-02-16,0.172504,0.172504,0.165811,0.165811,7120313
2542,1982-02-17,0.172504,0.172504,0.172504,0.172504,9508229
2543,1982-02-18,0.172504,0.172504,0.172504,0.172504,14023548
2544,1982-02-19,0.172504,0.172504,0.172504,0.172504,17858675
2545,1982-02-22,0.172504,0.172504,0.165811,0.165811,22562143
2546,1982-02-23,0.165811,0.165811,0.165811,0.165811,30594212
2547,1982-02-24,0.172504,0.172504,0.172504,0.172504,71145279
2548,1982-02-25,0.179189,0.179189,0.179189,0.179189,21418836
2549,1982-02-26,0.179189,0.179189,0.179189,0.179189,13213108
2550,1982-03-01,0.18579,0.18579,0.18579,0.18579,20463670
2551,1982-03-02,0.18579,0.18579,0.18579,0.18579,25442107
2552,1982-03-03,0.179189,0.179189,0.179189,0.179189,25673655
2553,1982-03-04,0.179189,0.179189,0.179189,0.179189,20897838
2554,1982-03-05,0.172504,0.172504,0.165811,0.165811,23372580
2555,1982-03-08,0.159129,0.159129,0.159129,0.159129,28741765
2556,1982-03-09,0.172504,0.172504,0.172504,0.172504,14182743
2557,1982-03-10,0.172504,0.172504,0.172504,0.172504,16411459
2558,1982-03-11,0.172504,0.172504,0.165811,0.165811,14660328
2559,1982-03-12,0.159129,0.159129,0.159129,0.159129,21158336
2560,1982-03-15,0.159129,0.165811,0.159129,0.159129,17713958
2561,1982-03-16,0.165811,0.172504,0.165811,0.165811,18234958
2562,1982-03-17,0.172504,0.179189,0.172504,0.172504,15166855
2563,1982-03-18,0.18579,0.18579,0.18579,0.18579,29436430
2564,1982-03-19,0.18579,0.192399,0.18579,0.18579,52316956
2565,1982-03-22,0.192399,0.199025,0.192399,0.192399,27062992
2566,1982-03-23,0.192399,0.192399,0.192399,0.192399,23575193
2567,1982-03-24,0.192399,0.192399,0.192399,0.192399,25398688
2568,1982-03-25,0.192399,0.192399,0.192399,0.192399,13791995
2569,1982-03-26,0.192399,0.192399,0.192399,0.192399,12909191
2570,1982-03-29,0.192399,0.192399,0.192399,0.192399,31419120
2571,1982-03-30,0.192399,0.199025,0.192399,0.192399,16469349
2572,1982-03-31,0.199025,0.199025,0.199025,0.199025,26426214
2573,1982-04-01,0.199025,0.205562,0.199025,0.199025,26238078
2574,1982-04-02,0.205562,0.205562,0.205562,0.205562,39118327
2575,1982-04-05,0.199025,0.199025,0.199025,0.199025,18784901
2576,1982-04-06,0.199025,0.199025,0.199025,0.199025,16339098
2577,1982-04-07,0.199025,0.199025,0.192399,0.192399,17554766
2578,1982-04-08,0.205562,0.212199,0.205562,0.205562,60363497
2579,1982-04-12,0.212199,0.218865,0.212199,0.212199,46803053
2580,1982-04-13,0.218865,0.218865,0.218865,0.218865,50030355
2581,1982-04-14,0.218865,0.218865,0.218865,0.218865,43315258
2582,1982-04-15,0.225473,0.225473,0.225473,0.225473,27670820
2583,1982-04-16,0.225473,0.225473,0.225473,0.225473,43329730
2584,1982-04-19,0.225473,0.225473,0.225473,0.225473,21230699
2585,1982-04-20,0.218865,0.218865,0.212199,0.212199,59393860
2586,1982-04-21,0.212199,0.218865,0.212199,0.212199,30290294
2587,1982-04-22,0.225473,0.225473,0.225473,0.225473,69915139
2588,1982-04-23,0.225473,0.225473,0.218865,0.218865,26411746
2589,1982-04-26,0.225473,0.225473,0.225473,0.225473,27005102
2590,1982-04-27,0.218865,0.218865,0.218865,0.218865,31057310
2591,1982-04-28,0.218865,0.225473,0.218865,0.218865,74430462
2592,1982-04-29,0.218865,0.218865,0.218865,0.218865,32490063
2593,1982-04-30,0.218865,0.218865,0.218865,0.218865,18538875
2594,1982-05-03,0.218865,0.218865,0.218865,0.218865,19783484
2595,1982-05-04,0.218865,0.225473,0.218865,0.218865,19465092
2596,1982-05-05,0.225473,0.225473,0.225473,0.225473,34530640
2597,1982-05-06,0.232259,0.232259,0.232259,0.232259,26397264
2598,1982-05-07,0.225473,0.225473,0.225473,0.225473,39074901
2599,1982-05-10,0.225473,0.225473,0.218865,0.218865,21230699
2600,1982-05-11,0.218865,0.218865,0.218865,0.218865,31621730
2601,1982-05-12,0.212199,0.212199,0.212199,0.212199,53547092
2602,1982-05-13,0.218865,0.225473,0.218865,0.218865,60696354
2603,1982-05-14,0.238794,0.238794,0.238794,0.238794,46976721
2604,1982-05-17,0.232259,0.232259,0.232259,0.232259,25413161
2605,1982-05-18,0.225473,0.225473,0.225473,0.225473,28553628
2606,1982-05-19,0.218865,0.218865,0.218865,0.218865,20680756
2607,1982-05-20,0.218865,0.218865,0.212199,0.212199,38814403
2608,1982-05-21,0.212199,0.212199,0.212199,0.212199,14472187
2609,1982-05-24,0.212199,0.212199,0.212199,0.212199,10448915
2610,1982-05-25,0.205562,0.205562,0.205562,0.205562,17019296
2611,1982-05-26,0.205562,0.212199,0.205562,0.205562,21520143
2612,1982-05-27,0.212199,0.212199,0.212199,0.212199,34009647
2613,1982-05-28,0.212199,0.212199,0.212199,0.212199,15282630
2614,1982-06-01,0.205562,0.205562,0.205562,0.205562,13603855
2615,1982-06-02,0.205562,0.205562,0.205562,0.205562,12475022
2616,1982-06-03,0.212199,0.212199,0.212199,0.212199,15181323
2617,1982-06-04,0.212199,0.212199,0.205562,0.205562,9479284
2618,1982-06-07,0.205562,0.212199,0.205562,0.205562,19059874
2619,1982-06-08,0.205562,0.205562,0.199025,0.199025,28929906
2620,1982-06-09,0.199025,0.199025,0.192399,0.192399,29870594
2621,1982-06-10,0.199025,0.199025,0.199025,0.199025,24139610
2622,1982-06-11,0.205562,0.212199,0.205562,0.205562,54024680
2623,1982-06-14,0.205562,0.205562,0.205562,0.205562,12952610
2624,1982-06-15,0.212199,0.212199,0.212199,0.212199,37830296
2625,1982-06-16,0.218865,0.218865,0.218865,0.218865,10926501
2626,1982-06-17,0.212199,0.212199,0.212199,0.212199,23010777
2627,1982-06-18,0.205562,0.205562,0.199025,0.199025,36498855
2628,1982-06-21,0.199025,0.199025,0.199025,0.199025,18611231
2629,1982-06-22,0.205562,0.212199,0.205562,0.205562,17670544
2630,1982-06-23,0.218865,0.218865,0.218865,0.218865,17062706
2631,1982-06-24,0.212199,0.212199,0.212199,0.212199,44342782
2632,1982-06-25,0.212199,0.212199,0.212199,0.212199,43966512
2633,1982-06-28,0.218865,0.218865,0.218865,0.218865,7265037
2634,1982-06-29,0.218865,0.218865,0.212199,0.212199,13299939
2635,1982-06-30,0.218865,0.218865,0.218865,0.218865,15644436
2636,1982-07-01,0.218865,0.218865,0.212199,0.212199,16889045
2637,1982-07-02,0.212199,0.212199,0.212199,0.212199,29581152
2638,1982-07-06,0.212199,0.212199,0.205562,0.205562,18480985
2639,1982-07-07,0.205562,0.205562,0.199025,0.199025,48163439
2640,1982-07-08,0.199025,0.205562,0.199025,0.199025,55240342
2641,1982-07-09,0.212199,0.212199,0.212199,0.212199,36918552
2642,1982-07-12,0.218865,0.218865,0.218865,0.218865,54646981
2643,1982-07-13,0.218865,0.218865,0.218865,0.218865,48163439
2644,1982-07-14,0.218865,0.218865,0.218865,0.218865,19190116
2645,1982-07-15,0.218865,0.225473,0.218865,0.218865,37367188
2646,1982-07-16,0.232259,0.232259,0.232259,0.232259,21462251
2647,1982-07-19,0.232259,0.232259,0.225473,0.225473,20029507
2648,1982-07-20,0.232259,0.232259,0.232259,0.232259,14153803
2649,1982-07-21,0.232259,0.232259,0.232259,0.232259,25007938
2650,1982-07-22,0.225473,0.225473,0.225473,0.225473,16903516
2651,1982-07-23,0.225473,0.225473,0.225473,0.225473,24704021
2652,1982-07-26,0.225473,0.225473,0.225473,0.225473,5123149
2653,1982-07-27,0.225473,0.232259,0.225473,0.225473,25167133
2654,1982-07-28,0.225473,0.225473,0.225473,0.225473,21968780
2655,1982-07-29,0.225473,0.225473,0.225473,0.225473,23662027
2656,1982-07-30,0.225473,0.225473,0.225473,0.225473,20622867
2657,1982-08-02,0.225473,0.225473,0.225473,0.225473,22402947
2658,1982-08-03,0.218865,0.218865,0.218865,0.218865,34689837
2659,1982-08-04,0.218865,0.218865,0.218865,0.218865,20463670
2660,1982-08-05,0.218865,0.218865,0.218865,0.218865,35702889
2661,1982-08-06,0.205562,0.205562,0.205562,0.205562,44921670
2662,1982-08-09,0.205562,0.205562,0.199025,0.199025,44994027
2663,1982-08-10,0.205562,0.205562,0.205562,0.205562,24197496
2664,1982-08-11,0.199025,0.199025,0.199025,0.199025,29277235
2665,1982-08-12,0.192399,0.192399,0.192399,0.192399,34993747
2666,1982-08-13,0.18579,0.18579,0.18579,0.18579,97846466
2667,1982-08-16,0.18579,0.192399,0.18579,0.18579,66007648
2668,1982-08-17,0.199025,0.199025,0.199025,0.199025,83330859
2669,1982-08-18,0.205562,0.212199,0.205562,0.205562,106978408
2670,1982-08-19,0.212199,0.212199,0.212199,0.212199,66123427
2671,1982-08-20,0.212199,0.212199,0.212199,0.212199,41940397
2672,1982-08-23,0.225473,0.225473,0.225473,0.225473,54299648
2673,1982-08-24,0.232259,0.232259,0.232259,0.232259,101377678
2674,1982-08-25,0.238794,0.238794,0.238794,0.238794,76601292
2675,1982-08-26,0.252088,0.252088,0.252088,0.252088,138513310
2676,1982-08-27,0.238794,0.238794,0.238794,0.238794,77353847
2677,1982-08-30,0.245403,0.245403,0.245403,0.245403,30290294
2678,1982-08-31,0.252088,0.258791,0.252088,0.252088,49668549
2679,1982-09-01,0.245403,0.245403,0.245403,0.245403,33242616
2680,1982-09-02,0.258791,0.258791,0.258791,0.258791,65385347
2681,1982-09-03,0.271944,0.278646,0.271944,0.271944,76499984
2682,1982-09-07,0.258791,0.258791,0.258791,0.258791,90089369
2683,1982-09-08,0.258791,0.258791,0.258791,0.258791,57946638
2684,1982-09-09,0.252088,0.252088,0.245403,0.245403,42186427
2685,1982-09-10,0.252088,0.252088,0.252088,0.252088,56788866
2686,1982-09-13,0.252088,0.252088,0.245403,0.245403,24761912
2687,1982-09-14,0.245403,0.245403,0.245403,0.245403,77353847
2688,1982-09-15,0.238794,0.238794,0.238794,0.238794,75732958
2689,1982-09-16,0.238794,0.238794,0.238794,0.238794,49711962
2690,1982-09-17,0.232259,0.232259,0.232259,0.232259,63967072
2691,1982-09-20,0.232259,0.232259,0.232259,0.232259,27222186
2692,1982-09-21,0.238794,0.238794,0.238794,0.238794,58438694
2693,1982-09-22,0.238794,0.238794,0.238794,0.238794,152276359
2694,1982-09-23,0.238794,0.238794,0.238794,0.238794,61043686
2695,1982-09-24,0.238794,0.245403,0.238794,0.238794,65616903
2696,1982-09-27,0.238794,0.238794,0.238794,0.238794,23068665
2697,1982-09-28,0.238794,0.238794,0.232259,0.232259,28466792
2698,1982-09-29,0.232259,0.232259,0.232259,0.232259,68033755
2699,1982-09-30,0.225473,0.225473,0.225473,0.225473,40493177
2700,1982-10-01,0.225473,0.232259,0.225473,0.225473,44950615
2701,1982-10-04,0.225473,0.225473,0.225473,0.225473,17728430
2702,1982-10-05,0.232259,0.232259,0.232259,0.232259,18234958
2703,1982-10-06,0.238794,0.245403,0.238794,0.238794,40898407
2704,1982-10-07,0.252088,0.252088,0.252088,0.252088,79293116
2705,1982-10-08,0.252088,0.252088,0.252088,0.252088,113143563
2706,1982-10-11,0.252088,0.252088,0.252088,0.252088,56586257
2707,1982-10-12,0.252088,0.258791,0.252088,0.252088,71159744
2708,1982-10-13,0.258791,0.265307,0.258791,0.258791,39147267
2709,1982-10-14,0.258791,0.258791,0.252088,0.252088,53662875
2710,1982-10-15,0.252088,0.258791,0.252088,0.252088,38105270
2711,1982-10-18,0.258791,0.258791,0.258791,0.258791,23459417
2712,1982-10-19,0.258791,0.258791,0.258791,0.258791,48829162
2713,1982-10-20,0.258791,0.265307,0.258791,0.258791,42736368
2714,1982-10-21,0.265307,0.271944,0.265307,0.265307,62186993
2715,1982-10-22,0.285246,0.285246,0.285246,0.285246,54154928
2716,1982-10-25,0.271944,0.271944,0.265307,0.265307,77339371
2717,1982-10-26,0.271944,0.271944,0.271944,0.271944,27858964
2718,1982-10-27,0.271944,0.271944,0.271944,0.271944,25630250
2719,1982-10-28,0.265307,0.265307,0.265307,0.265307,24544827
2720,1982-10-29,0.258791,0.258791,0.258791,0.258791,31158622
2721,1982-11-01,0.258791,0.258791,0.252088,0.252088,56267866
2722,1982-11-02,0.258791,0.258791,0.258791,0.258791,32026951
2723,1982-11-03,0.278646,0.278646,0.278646,0.278646,41737793
2724,1982-11-04,0.271944,0.271944,0.271944,0.271944,58236081
2725,1982-11-05,0.271944,0.278646,0.271944,0.271944,51448629
2726,1982-11-08,0.265307,0.265307,0.265307,0.265307,33286033
2727,1982-11-09,0.271944,0.278646,0.271944,0.271944,48814691
2728,1982-11-10,0.278646,0.278646,0.278646,0.278646,27410328
2729,1982-11-11,0.278646,0.278646,0.278646,0.278646,31361230
2730,1982-11-12,0.278646,0.278646,0.278646,0.278646,28886484
2731,1982-11-15,0.265307,0.265307,0.265307,0.265307,18973038
2732,1982-11-16,0.265307,0.265307,0.265307,0.265307,42244316
2733,1982-11-17,0.258791,0.258791,0.258791,0.258791,56571781
2734,1982-11-18,0.252088,0.252088,0.252088,0.252088,105227281
2735,1982-11-19,0.252088,0.252088,0.238794,0.245403,65269566
2736,1982-11-22,0.245403,0.245403,0.232259,0.232259,72954299
2737,1982-11-23,0.232259,0.232259,0.225473,0.232259,84966214
2738,1982-11-24,0.232259,0.238794,0.232259,0.238794,46079448
2739,1982-11-26,0.238794,0.245403,0.238794,0.245403,29508787
2740,1982-11-29,0.245403,0.252088,0.245403,0.245403,65472180
2741,1982-11-30,0.252088,0.265307,0.252088,0.265307,72158329
2742,1982-12-01,0.265307,0.271944,0.265307,0.265307,37063271
2743,1982-12-02,0.265307,0.265307,0.265307,0.265307,22431889
2744,1982-12-03,0.265307,0.271944,0.265307,0.271944,29494322
2745,1982-12-06,0.271944,0.278646,0.265307,0.278646,45008507
2746,1982-12-07,0.278646,0.285246,0.271944,0.271944,74010765
2747,1982-12-08,0.271944,0.278646,0.271944,0.271944,54111510
2748,1982-12-09,0.271944,0.271944,0.252088,0.252088,93302197
2749,1982-12-10,0.252088,0.252088,0.238794,0.238794,61564688
2750,1982-12-13,0.238794,0.245403,0.238794,0.245403,27540572
2751,1982-12-14,0.245403,0.252088,0.245403,0.245403,70436140
2752,1982-12-15,0.245403,0.245403,0.238794,0.238794,42200899
2753,1982-12-16,0.238794,0.252088,0.238794,0.245403,46846472
2754,1982-12-17,0.252088,0.258791,0.252088,0.258791,38901242
2755,1982-12-20,0.258791,0.265307,0.258791,0.258791,39248571
2756,1982-12-21,0.258791,0.258791,0.252088,0.252088,76355259
2757,1982-12-22,0.258791,0.271944,0.258791,0.271944,108165135
2758,1982-12-23,0.271944,0.278646,0.271944,0.271944,111088513
2759,1982-12-27,0.271944,0.271944,0.271944,0.271944,58887330
2760,1982-12-28,0.271944,0.271944,0.265307,0.265307,67599587
2761,1982-12-29,0.265307,0.265307,0.258791,0.265307,30492901
2762,1982-12-30,0.265307,0.265307,0.258791,0.265307,42157480
2763,1982-12-31,0.265307,0.265307,0.265307,0.265307,13473609
2764,1983-01-03,0.265307,0.271944,0.258791,0.258791,37005388
2765,1983-01-04,0.258791,0.265307,0.258791,0.265307,56832275
2766,1983-01-05,0.265307,0.265307,0.258791,0.265307,49769853
2767,1983-01-06,0.265307,0.278646,0.265307,0.278646,36469912
2768,1983-01-07,0.278646,0.278646,0.271944,0.278646,73562130
2769,1983-01-10,0.278646,0.278646,0.271944,0.278646,35008220
2770,1983-01-11,0.278646,0.285246,0.278646,0.278646,50507930
2771,1983-01-12,0.278646,0.29855,0.271944,0.29855,87165991
2772,1983-01-13,0.29855,0.305083,0.291873,0.305083,93910030
2773,1983-01-14,0.305083,0.325005,0.29855,0.318376,89496008
2774,1983-01-17,0.318376,0.318376,0.318376,0.318376,42967928
2775,1983-01-18,0.318376,0.318376,0.311722,0.318376,58930753
2776,1983-01-19,0.318376,0.318376,0.311722,0.318376,49798799
2777,1983-01-20,0.318376,0.318376,0.311722,0.311722,50840797
2778,1983-01-21,0.311722,0.311722,0.285246,0.291873,45153224
2779,1983-01-24,0.291873,0.291873,0.271944,0.278646,43040284
2780,1983-01-25,0.278646,0.291873,0.278646,0.285246,29031205
2781,1983-01-26,0.285246,0.285246,0.285246,0.285246,31578311
2782,1983-01-27,0.285246,0.29855,0.285246,0.291873,45630811
2783,1983-01-28,0.291873,0.29855,0.291873,0.29855,34009647
2784,1983-01-31,0.29855,0.29855,0.291873,0.29855,21751693
2785,1983-02-01,0.29855,0.305083,0.291873,0.29855,145358651
2786,1983-02-02,0.29855,0.305083,0.29855,0.29855,19826900
2787,1983-02-03,0.29855,0.305083,0.29855,0.305083,28133937
2788,1983-02-04,0.305083,0.318376,0.305083,0.318376,36788301
2789,1983-02-07,0.318376,0.318376,0.305083,0.311722,20507088
2790,1983-02-08,0.311722,0.311722,0.305083,0.305083,61405495
2791,1983-02-09,0.305083,0.305083,0.29855,0.305083,24269858
2792,1983-02-10,0.305083,0.318376,0.305083,0.311722,17178484
2793,1983-02-11,0.311722,0.311722,0.305083,0.305083,9927924
2794,1983-02-14,0.305083,0.311722,0.305083,0.311722,11042279
2795,1983-02-15,0.311722,0.318376,0.311722,0.311722,53416842
2796,1983-02-16,0.311722,0.311722,0.305083,0.305083,26976162
2797,1983-02-17,0.305083,0.311722,0.305083,0.305083,46831998
2798,1983-02-18,0.305083,0.311722,0.305083,0.311722,91768143
2799,1983-02-22,0.311722,0.311722,0.305083,0.311722,18336264
2800,1983-02-23,0.311722,0.311722,0.305083,0.311722,49798799
2801,1983-02-24,0.311722,0.318376,0.311722,0.318376,34385917
2802,1983-02-25,0.318376,0.325005,0.318376,0.325005,36426497
2803,1983-02-28,0.325005,0.325005,0.318376,0.318376,22764752
2804,1983-03-01,0.318376,0.318376,0.318376,0.318376,37844772
2805,1983-03-02,0.318376,0.318376,0.311722,0.311722,37063271
2806,1983-03-03,0.311722,0.311722,0.305083,0.311722,29335124
2807,1983-03-04,0.311722,0.311722,0.291873,0.29855,38669684
2808,1983-03-07,0.29855,0.305083,0.291873,0.29855,52070932
2809,1983-03-08,0.29855,0.29855,0.285246,0.285246,41173376
2810,1983-03-09,0.285246,0.29855,0.285246,0.29855,46831998
2811,1983-03-10,0.29855,0.305083,0.291873,0.29855,30550786
2812,1983-03-11,0.29855,0.305083,0.29855,0.305083,27482688
2813,1983-03-14,0.305083,0.311722,0.29855,0.311722,44429614
2814,1983-03-15,0.311722,0.318376,0.311722,0.318376,39914290
2815,1983-03-16,0.318376,0.33168,0.318376,0.325005,86471316
2816,1983-03-17,0.325005,0.325005,0.318376,0.325005,26194659
2817,1983-03-18,0.325005,0.325005,0.318376,0.325005,28018156
2818,1983-03-21,0.318376,0.318376,0.311722,0.318376,26556458
2819,1983-03-22,0.318376,0.325005,0.311722,0.325005,45630811
2820,1983-03-23,0.325005,0.33168,0.318376,0.325005,20101864
2821,1983-03-24,0.325005,0.33168,0.325005,0.325005,25861797
2822,1983-03-25,0.325005,0.33168,0.325005,0.325005,12677637
2823,1983-03-28,0.325005,0.33168,0.325005,0.325005,12315830
2824,1983-03-29,0.325005,0.325005,0.325005,0.325005,17033767
2825,1983-03-30,0.325005,0.33168,0.325005,0.33168,20463670
2826,1983-03-31,0.33168,0.338438,0.33168,0.33168,25427635
2827,1983-04-04,0.33168,0.33168,0.318376,0.325005,27641877
2828,1983-04-05,0.325005,0.325005,0.311722,0.311722,24660608
2829,1983-04-06,0.311722,0.318376,0.29855,0.305083,33011062
2830,1983-04-07,0.305083,0.305083,0.305083,0.305083,45761056
2831,1983-04-08,0.305083,0.305083,0.29855,0.305083,20955728
2832,1983-04-11,0.305083,0.318376,0.29855,0.318376,38163159
2833,1983-04-12,0.318376,0.325005,0.318376,0.325005,33445230
2834,1983-04-13,0.325005,0.33168,0.325005,0.33168,40970765
2835,1983-04-14,0.33168,0.338438,0.325005,0.338438,47772695
2836,1983-04-15,0.338438,0.338438,0.33168,0.338438,15875989
2837,1983-04-18,0.338438,0.338438,0.325005,0.33168,20188701
2838,1983-04-19,0.33168,0.33168,0.318376,0.325005,12923664
2839,1983-04-20,0.325005,0.325005,0.318376,0.325005,20622867
2840,1983-04-21,0.325005,0.33168,0.325005,0.325005,44371728
2841,1983-04-22,0.325005,0.325005,0.311722,0.318376,14761640
2842,1983-04-25,0.318376,0.318376,0.311722,0.311722,47237220
2843,1983-04-26,0.311722,0.33168,0.311722,0.33168,24226439
2844,1983-04-27,0.33168,0.338438,0.33168,0.33168,52765599
2845,1983-04-28,0.33168,0.338438,0.33168,0.338438,19653236
2846,1983-04-29,0.338438,0.344982,0.338438,0.344982,18813843
2847,1983-05-02,0.344982,0.344982,0.33168,0.338438,75486931
2848,1983-05-03,0.338438,0.338438,0.33168,0.338438,21303061
2849,1983-05-04,0.338438,0.35162,0.338438,0.35162,50073769
2850,1983-05-05,0.35162,0.364847,0.35162,0.364847,26151238
2851,1983-05-06,0.364847,0.391388,0.358145,0.384908,80841644
2852,1983-05-09,0.384908,0.391388,0.378131,0.391388,38510490
2853,1983-05-10,0.391388,0.397914,0.391388,0.397914,49957997
2854,1983-05-11,0.391388,0.391388,0.378131,0.384908,71637329
2855,1983-05-12,0.384908,0.384908,0.371484,0.378131,38988073
2856,1983-05-13,0.378131,0.378131,0.371484,0.378131,45616333
2857,1983-05-16,0.378131,0.378131,0.364847,0.371484,28032627
2858,1983-05-17,0.371484,0.378131,0.371484,0.371484,15875989
2859,1983-05-18,0.371484,0.378131,0.371484,0.378131,20695229
2860,1983-05-19,0.378131,0.378131,0.378131,0.378131,33532058
2861,1983-05-20,0.378131,0.397914,0.378131,0.397914,44979557
2862,1983-05-23,0.397914,0.404682,0.391388,0.397914,21491197
2863,1983-05-24,0.397914,0.411364,0.397914,0.411364,28394429
2864,1983-05-25,0.411364,0.411364,0.404682,0.411364,34255666
2865,1983-05-26,0.411364,0.411364,0.404682,0.404682,22099028
2866,1983-05-27,0.404682,0.404682,0.404682,0.404682,17641597
2867,1983-05-31,0.404682,0.404682,0.391388,0.397914,18278376
2868,1983-06-01,0.391388,0.391388,0.384908,0.384908,34197784
2869,1983-06-02,0.384908,0.391388,0.384908,0.391388,12677637
2870,1983-06-03,0.391388,0.391388,0.384908,0.391388,21983252
2871,1983-06-06,0.391388,0.397914,0.391388,0.397914,27641877
2872,1983-06-07,0.397914,0.404682,0.397914,0.397914,31505952
2873,1983-06-08,0.397914,0.404682,0.397914,0.397914,14935298
2874,1983-06-09,0.397914,0.397914,0.378131,0.391388,36542271
2875,1983-06-10,0.391388,0.391388,0.384908,0.391388,16093071
2876,1983-06-13,0.391388,0.411364,0.391388,0.404682,27120875
2877,1983-06-14,0.404682,0.411364,0.404682,0.411364,22504252
2878,1983-06-15,0.411364,0.417808,0.411364,0.417808,26295967
2879,1983-06-16,0.417808,0.444468,0.417808,0.444468,23633085
2880,1983-06-17,0.444468,0.444468,0.437775,0.444468,25471045
2881,1983-06-20,0.444468,0.444468,0.431185,0.437775,28568099
2882,1983-06-21,0.437775,0.464147,0.437775,0.464147,67368028
2883,1983-06-22,0.464147,0.523929,0.457938,0.523929,110422794
2884,1983-06-23,0.523929,0.536925,0.510747,0.517431,117499694
2885,1983-06-24,0.517431,0.517431,0.504252,0.517431,45109810
2886,1983-06-27,0.517431,0.517431,0.497472,0.504252,37613216
2887,1983-06-28,0.504252,0.504252,0.477517,0.477517,25268435
2888,1983-06-29,0.477517,0.504252,0.477517,0.504252,70624276
2889,1983-06-30,0.504252,0.517431,0.497472,0.517431,45399251
2890,1983-07-01,0.517431,0.544258,0.517431,0.523929,34378682
2891,1983-07-05,0.523929,0.523929,0.497472,0.504252,24971762
2892,1983-07-06,0.504252,0.530706,0.504252,0.517431,39661033
2893,1983-07-07,0.517431,0.536925,0.517431,0.523929,43742189
2894,1983-07-08,0.523929,0.530706,0.523929,0.523929,27822782
2895,1983-07-11,0.523929,0.550479,0.523929,0.544258,59625415
2896,1983-07-12,0.544258,0.56366,0.530706,0.544258,83186135
2897,1983-07-13,0.536925,0.536925,0.517431,0.530706,63518436
2898,1983-07-14,0.530706,0.530706,0.504252,0.510747,54798936
2899,1983-07-15,0.510747,0.517431,0.497472,0.504252,28177352
2900,1983-07-18,0.504252,0.504252,0.484105,0.497472,29255529
2901,1983-07-19,0.497472,0.517431,0.497472,0.510747,37642164
2902,1983-07-20,0.510747,0.550479,0.510747,0.544258,44697349
2903,1983-07-21,0.544258,0.590486,0.544258,0.583711,60877258
2904,1983-07-22,0.583711,0.590486,0.570529,0.590486,26874857
2905,1983-07-25,0.590486,0.683133,0.56366,0.616666,44719055
2906,1983-07-26,0.616666,0.630034,0.610354,0.623723,44646700
2907,1983-07-27,0.623723,0.630034,0.583711,0.583711,68019285
2908,1983-07-28,0.583711,0.590486,0.550479,0.550479,75906624
2909,1983-07-29,0.550479,0.56366,0.536925,0.557534,162667392
2910,1983-08-01,0.557534,0.570529,0.550479,0.550479,47678624
2911,1983-08-02,0.550479,0.56366,0.536925,0.544258,31838812
2912,1983-08-03,0.544258,0.56366,0.530706,0.56366,53843775
2913,1983-08-04,0.56366,0.56366,0.536925,0.536925,34002404
2914,1983-08-05,0.536925,0.544258,0.530706,0.536925,16396989
2915,1983-08-08,0.536925,0.536925,0.490696,0.504252,27757656
2916,1983-08-09,0.504252,0.536925,0.504252,0.530706,45558444
2917,1983-08-10,0.530706,0.544258,0.523929,0.530706,30217932
2918,1983-08-11,0.530706,0.536925,0.523929,0.530706,21100449
2919,1983-08-12,0.530706,0.536925,0.523929,0.536925,43532342
2920,1983-08-15,0.536925,0.550479,0.530706,0.544258,28039870
2921,1983-08-16,0.544258,0.544258,0.517431,0.536925,78757647
2922,1983-08-17,0.536925,0.550479,0.523929,0.536925,63337535
2923,1983-08-18,0.536925,0.536925,0.523929,0.530706,22214807
2924,1983-08-19,0.530706,0.530706,0.523929,0.523929,16006237
2925,1983-08-22,0.523929,0.544258,0.523929,0.523929,13820938
2926,1983-08-23,0.523929,0.530706,0.510747,0.517431,33372867
2927,1983-08-24,0.517431,0.523929,0.504252,0.510747,44740767
2928,1983-08-25,0.510747,0.517431,0.504252,0.510747,36028511
2929,1983-08-26,0.510747,0.523929,0.510747,0.523929,64365051
2930,1983-08-29,0.523929,0.530706,0.517431,0.530706,36904079
2931,1983-08-30,0.530706,0.544258,0.523929,0.536925,48445648
2932,1983-08-31,0.536925,0.570529,0.536925,0.56366,39812989
2933,1983-09-01,0.56366,0.603577,0.56366,0.597079,41057597
2934,1983-09-02,0.597079,0.623723,0.597079,0.616666,33770852
2935,1983-09-06,0.616666,0.63709,0.610354,0.616666,47570080
2936,1983-09-07,0.616666,0.616666,0.590486,0.597079,36477153
2937,1983-09-08,0.597079,0.616666,0.583711,0.616666,63663158
2938,1983-09-09,0.616666,0.623723,0.603577,0.610354,86304894
2939,1983-09-12,0.610354,0.623723,0.570529,0.583711,30333704
2940,1983-09-13,0.583711,0.597079,0.570529,0.583711,25087542
2941,1983-09-14,0.583711,0.583711,0.550479,0.570529,39393295
2942,1983-09-15,0.570529,0.577121,0.557534,0.570529,23676505
2943,1983-09-16,0.570529,0.577121,0.557534,0.570529,25478290
2944,1983-09-19,0.570529,0.597079,0.570529,0.590486,28119465
2945,1983-09-20,0.590486,0.610354,0.590486,0.603577,44827603
2946,1983-09-21,0.603577,0.610354,0.597079,0.603577,57881517
2947,1983-09-22,0.603577,0.623723,0.583711,0.597079,24132374
2948,1983-09-23,0.597079,0.597079,0.577121,0.590486,22569377
2949,1983-09-26,0.590486,0.597079,0.583711,0.597079,43879675
2950,1983-09-27,0.597079,0.603577,0.590486,0.597079,25651953
2951,1983-09-28,0.597079,0.603577,0.590486,0.603577,29805466
2952,1983-09-29,0.603577,0.610354,0.590486,0.597079,19269718
2953,1983-09-30,0.597079,0.603577,0.56366,0.577121,22800931
2954,1983-10-03,0.577121,0.577121,0.557534,0.56366,37410605
2955,1983-10-04,0.56366,0.56366,0.550479,0.557534,26990630
2956,1983-10-05,0.557534,0.56366,0.550479,0.557534,25253967
2957,1983-10-06,0.557534,0.577121,0.557534,0.577121,29378536
2958,1983-10-07,0.583711,0.597079,0.583711,0.583711,34436569
2959,1983-10-10,0.583711,0.603577,0.583711,0.603577,21078744
2960,1983-10-11,0.603577,0.610354,0.597079,0.597079,41361512
2961,1983-10-12,0.597079,0.597079,0.570529,0.577121,21563556
2962,1983-10-13,0.577121,0.590486,0.570529,0.570529,19602576
2963,1983-10-14,0.570529,0.583711,0.550479,0.56366,43293547
2964,1983-10-17,0.56366,0.570529,0.557534,0.557534,32287452
2965,1983-10-18,0.557534,0.557534,0.523929,0.530706,32128259
2966,1983-10-19,0.530706,0.536925,0.523929,0.523929,73482535
2967,1983-10-20,0.523929,0.544258,0.523929,0.536925,54864065
2968,1983-10-21,0.536925,0.544258,0.523929,0.530706,61767296
2969,1983-10-24,0.530706,0.530706,0.523929,0.530706,38763757
2970,1983-10-25,0.530706,0.550479,0.523929,0.544258,48416704
2971,1983-10-26,0.544258,0.550479,0.530706,0.530706,32186144
2972,1983-10-27,0.530706,0.544258,0.530706,0.536925,31230981
2973,1983-10-28,0.536925,0.550479,0.523929,0.523929,42888327
2974,1983-10-31,0.523929,0.536925,0.510747,0.523929,46889892
2975,1983-11-01,0.523929,0.523929,0.504252,0.510747,55399537
2976,1983-11-02,0.510747,0.523929,0.510747,0.517431,42512052
2977,1983-11-03,0.517431,0.517431,0.510747,0.510747,43076467
2978,1983-11-04,0.510747,0.510747,0.504252,0.510747,34436569
2979,1983-11-07,0.510747,0.510747,0.484105,0.490696,62252114
2980,1983-11-08,0.490696,0.490696,0.484105,0.490696,29175930
2981,1983-11-09,0.490696,0.523929,0.484105,0.517431,59864202
2982,1983-11-10,0.523929,0.550479,0.523929,0.544258,50189546
2983,1983-11-11,0.544258,0.577121,0.544258,0.570529,28322072
2984,1983-11-14,0.570529,0.590486,0.56366,0.570529,41629245
2985,1983-11-15,0.570529,0.577121,0.550479,0.557534,22648973
2986,1983-11-16,0.557534,0.583711,0.557534,0.577121,15333285
2987,1983-11-17,0.577121,0.590486,0.56366,0.590486,18133649
2988,1983-11-18,0.590486,0.590486,0.56366,0.577121,13379535
2989,1983-11-21,0.577121,0.590486,0.570529,0.577121,11954030
2990,1983-11-22,0.583711,0.597079,0.583711,0.590486,43669828
2991,1983-11-23,0.590486,0.590486,0.570529,0.583711,40312277
2992,1983-11-25,0.583711,0.590486,0.570529,0.590486,16396989
2993,1983-11-28,0.590486,0.597079,0.583711,0.597079,22945656
2994,1983-11-29,0.597079,0.597079,0.583711,0.590486,99091066
2995,1983-11-30,0.590486,0.590486,0.570529,0.577121,27931324
2996,1983-12-01,0.577121,0.583711,0.570529,0.583711,29183167
2997,1983-12-02,0.583711,0.583711,0.570529,0.570529,25594063
2998,1983-12-05,0.570529,0.570529,0.56366,0.56366,31079024
2999,1983-12-06,0.56366,0.570529,0.557534,0.557534,37063271
3000,1983-12-07,0.557534,0.577121,0.557534,0.570529,32323631
3001,1983-12-08,0.570529,0.583711,0.56366,0.570529,33293270
3002,1983-12-09,0.570529,0.577121,0.570529,0.577121,17229132
3003,1983-12-12,0.577121,0.597079,0.577121,0.597079,31390176
3004,1983-12-13,0.597079,0.597079,0.577121,0.583711,21997726
3005,1983-12-14,0.583711,0.583711,0.550479,0.557534,32591369
3006,1983-12-15,0.557534,0.557534,0.544258,0.550479,25803913
3007,1983-12-16,0.550479,0.56366,0.550479,0.56366,35109527
3008,1983-12-19,0.56366,0.583711,0.56366,0.583711,29002264
3009,1983-12-20,0.583711,0.583711,0.56366,0.570529,18538875
3010,1983-12-21,0.570529,0.583711,0.56366,0.583711,21766173
3011,1983-12-22,0.583711,0.590486,0.570529,0.570529,18727007
3012,1983-12-23,0.570529,0.570529,0.56366,0.56366,3770001
3013,1983-12-27,0.570529,0.583711,0.570529,0.570529,15369461
3014,1983-12-28,0.570529,0.577121,0.56366,0.570529,8263619
3015,1983-12-29,0.570529,0.570529,0.56366,0.570529,23842928
3016,1983-12-30,0.570529,0.583711,0.570529,0.583711,38626267
3017,1984-01-03,0.577121,0.577121,0.56366,0.56366,14682035
3018,1984-01-04,0.56366,0.570529,0.56366,0.570529,17482403
3019,1984-01-05,0.570529,0.597079,0.570529,0.597079,55225869
3020,1984-01-06,0.597079,0.597079,0.590486,0.590486,30832995
3021,1984-01-09,0.590486,0.603577,0.590486,0.590486,20507088
3022,1984-01-10,0.590486,0.597079,0.583711,0.583711,51557169
3023,1984-01-11,0.583711,0.590486,0.56366,0.570529,24009363
3024,1984-01-12,0.570529,0.577121,0.570529,0.570529,31440823
3025,1984-01-13,0.570529,0.590486,0.557534,0.590486,63930883
3026,1984-01-16,0.570529,0.570529,0.557534,0.56366,34074765
3027,1984-01-17,0.56366,0.577121,0.56366,0.570529,50081005
3028,1984-01-18,0.570529,0.570529,0.536925,0.544258,31100733
3029,1984-01-19,0.544258,0.550479,0.544258,0.550479,23582430
3030,1984-01-20,0.550479,0.550479,0.523929,0.523929,37794119
3031,1984-01-23,0.523929,0.523929,0.510747,0.523929,54618038
3032,1984-01-24,0.523929,0.536925,0.517431,0.523929,26310437
3033,1984-01-25,0.523929,0.544258,0.510747,0.510747,36947496
3034,1984-01-26,0.510747,0.523929,0.504252,0.504252,95639451
3035,1984-01-27,0.504252,0.504252,0.464147,0.484105,81594195
3036,1984-01-30,0.484105,0.490696,0.477517,0.490696,39747861
3037,1984-01-31,0.490696,0.510747,0.490696,0.510747,90082134
3038,1984-02-01,0.510747,0.510747,0.484105,0.490696,87339654
3039,1984-02-02,0.490696,0.504252,0.484105,0.504252,44140170
3040,1984-02-03,0.504252,0.504252,0.477517,0.477517,37381665
3041,1984-02-06,0.477517,0.477517,0.457938,0.457938,55717921
3042,1984-02-07,0.457938,0.47111,0.457938,0.47111,61282480
3043,1984-02-08,0.47111,0.47111,0.437775,0.437775,51795964
3044,1984-02-09,0.437775,0.450956,0.431185,0.444468,114207264
3045,1984-02-10,0.444468,0.477517,0.444468,0.464147,74596892
3046,1984-02-13,0.464147,0.47111,0.450956,0.457938,78591219
3047,1984-02-14,0.457938,0.477517,0.437775,0.450956,35254250
3048,1984-02-15,0.450956,0.464147,0.444468,0.450956,58460405
3049,1984-02-16,0.450956,0.450956,0.444468,0.444468,71868883
3050,1984-02-17,0.444468,0.450956,0.444468,0.444468,93685712
3051,1984-02-21,0.444468,0.457938,0.444468,0.450956,39451181
3052,1984-02-22,0.450956,0.47111,0.450956,0.457938,15781917
3053,1984-02-23,0.457938,0.464147,0.450956,0.464147,34740487
3054,1984-02-24,0.464147,0.510747,0.464147,0.504252,62679045
3055,1984-02-27,0.504252,0.530706,0.504252,0.530706,137919950
3056,1984-02-28,0.530706,0.530706,0.490696,0.497472,45080867
3057,1984-02-29,0.497472,0.517431,0.490696,0.517431,41752259
3058,1984-03-01,0.517431,0.517431,0.504252,0.510747,62302767
3059,1984-03-02,0.510747,0.523929,0.504252,0.517431,62158048
3060,1984-03-05,0.517431,0.517431,0.497472,0.504252,25688131
3061,1984-03-06,0.504252,0.504252,0.477517,0.484105,21303061
3062,1984-03-07,0.484105,0.484105,0.47111,0.47111,30181747
3063,1984-03-08,0.47111,0.490696,0.47111,0.484105,32888049
3064,1984-03-09,0.484105,0.490696,0.477517,0.484105,42888327
3065,1984-03-12,0.484105,0.497472,0.477517,0.497472,38713097
3066,1984-03-13,0.497472,0.517431,0.490696,0.504252,48503542
3067,1984-03-14,0.504252,0.504252,0.490696,0.490696,39045965
3068,1984-03-15,0.490696,0.497472,0.490696,0.490696,21020853
3069,1984-03-16,0.504252,0.523929,0.504252,0.517431,71080151
3070,1984-03-19,0.517431,0.517431,0.497472,0.504252,27641877
3071,1984-03-20,0.504252,0.510747,0.497472,0.504252,19580865
3072,1984-03-21,0.504252,0.510747,0.504252,0.510747,14667562
3073,1984-03-22,0.510747,0.510747,0.490696,0.490696,26013758
3074,1984-03-23,0.490696,0.504252,0.490696,0.504252,22627261
3075,1984-03-26,0.504252,0.510747,0.497472,0.497472,36621870
3076,1984-03-27,0.497472,0.504252,0.490696,0.490696,12171110
3077,1984-03-28,0.490696,0.504252,0.490696,0.504252,22026666
3078,1984-03-29,0.504252,0.510747,0.504252,0.510747,35956150
3079,1984-03-30,0.510747,0.510747,0.484105,0.497472,16932462
3080,1984-04-02,0.497472,0.497472,0.477517,0.477517,21114918
3081,1984-04-03,0.477517,0.477517,0.457938,0.457938,20818248
3082,1984-04-04,0.457938,0.464147,0.444468,0.450956,33698489
3083,1984-04-05,0.450956,0.450956,0.431185,0.437775,52823479
3084,1984-04-06,0.437775,0.444468,0.424518,0.437775,45471613
3085,1984-04-09,0.437775,0.450956,0.437775,0.444468,33003823
3086,1984-04-10,0.450956,0.464147,0.450956,0.457938,30167277
3087,1984-04-11,0.457938,0.484105,0.450956,0.457938,43857965
3088,1984-04-12,0.457938,0.464147,0.437775,0.464147,48677201
3089,1984-04-13,0.464147,0.477517,0.457938,0.457938,36274539
3090,1984-04-16,0.457938,0.464147,0.444468,0.450956,26665005
3091,1984-04-17,0.450956,0.47111,0.444468,0.464147,90487356
3092,1984-04-18,0.464147,0.464147,0.450956,0.457938,28242471
3093,1984-04-19,0.457938,0.464147,0.457938,0.457938,16592364
3094,1984-04-23,0.457938,0.47111,0.457938,0.457938,19942673
3095,1984-04-24,0.457938,0.464147,0.450956,0.457938,29089097
3096,1984-04-25,0.457938,0.457938,0.431185,0.450956,45580155
3097,1984-04-26,0.450956,0.464147,0.444468,0.457938,36860662
3098,1984-04-27,0.457938,0.477517,0.450956,0.47111,41289152
3099,1984-04-30,0.47111,0.484105,0.464147,0.484105,36346902
3100,1984-05-01,0.484105,0.517431,0.477517,0.510747,56825049
3101,1984-05-02,0.510747,0.523929,0.510747,0.523929,83924213
3102,1984-05-03,0.523929,0.523929,0.504252,0.504252,39241336
3103,1984-05-04,0.504252,0.504252,0.47111,0.477517,31751979
3104,1984-05-07,0.477517,0.477517,0.457938,0.464147,43445507
3105,1984-05-08,0.464147,0.47111,0.457938,0.464147,31042842
3106,1984-05-09,0.464147,0.477517,0.457938,0.47111,36209417
3107,1984-05-10,0.47111,0.504252,0.47111,0.504252,42019995
3108,1984-05-11,0.504252,0.504252,0.477517,0.484105,20984666
3109,1984-05-14,0.484105,0.484105,0.47111,0.47111,7670262
3110,1984-05-15,0.47111,0.484105,0.47111,0.47111,21758937
3111,1984-05-16,0.47111,0.477517,0.464147,0.464147,38561143
3112,1984-05-17,0.464147,0.47111,0.450956,0.450956,32084843
3113,1984-05-18,0.450956,0.457938,0.431185,0.437775,47787164
3114,1984-05-21,0.437775,0.450956,0.431185,0.437775,61651522
3115,1984-05-22,0.437775,0.437775,0.411364,0.431185,28777947
3116,1984-05-23,0.431185,0.437775,0.431185,0.437775,19472328
3117,1984-05-24,0.437775,0.437775,0.424518,0.431185,29298943
3118,1984-05-25,0.431185,0.431185,0.417808,0.431185,26057170
3119,1984-05-29,0.431185,0.437775,0.411364,0.411364,30825759
3120,1984-05-30,0.411364,0.431185,0.411364,0.424518,24479704
3121,1984-05-31,0.424518,0.431185,0.424518,0.424518,22974597
3122,1984-06-01,0.431185,0.444468,0.431185,0.437775,35840367
3123,1984-06-04,0.437775,0.47111,0.437775,0.464147,48546954
3124,1984-06-05,0.464147,0.47111,0.464147,0.47111,85646406
3125,1984-06-06,0.47111,0.47111,0.457938,0.47111,41216792
3126,1984-06-07,0.47111,0.47111,0.464147,0.47111,7185444
3127,1984-06-08,0.47111,0.47111,0.464147,0.47111,25507227
3128,1984-06-11,0.47111,0.47111,0.444468,0.444468,25051357
3129,1984-06-12,0.444468,0.444468,0.437775,0.437775,31100733
3130,1984-06-13,0.437775,0.450956,0.431185,0.437775,18271141
3131,1984-06-14,0.431185,0.431185,0.391388,0.391388,91963514
3132,1984-06-15,0.397914,0.404682,0.397914,0.404682,79047090
3133,1984-06-18,0.404682,0.411364,0.391388,0.411364,62570504
3134,1984-06-19,0.411364,0.417808,0.404682,0.404682,43394857
3135,1984-06-20,0.404682,0.437775,0.397914,0.437775,39349875
3136,1984-06-21,0.437775,0.457938,0.431185,0.444468,47447065
3137,1984-06-22,0.444468,0.450956,0.431185,0.437775,24747441
3138,1984-06-25,0.437775,0.444468,0.424518,0.424518,19877550
3139,1984-06-26,0.424518,0.424518,0.404682,0.404682,32388751
3140,1984-06-27,0.404682,0.411364,0.397914,0.404682,33105126
3141,1984-06-28,0.404682,0.424518,0.397914,0.417808,19877550
3142,1984-06-29,0.417808,0.424518,0.411364,0.417808,31448063
3143,1984-07-02,0.417808,0.424518,0.391388,0.397914,29899537
3144,1984-07-03,0.397914,0.404682,0.397914,0.404682,44617755
3145,1984-07-05,0.404682,0.404682,0.391388,0.391388,26780778
3146,1984-07-06,0.391388,0.397914,0.378131,0.384908,51202598
3147,1984-07-09,0.384908,0.397914,0.371484,0.397914,53149110
3148,1984-07-10,0.397914,0.424518,0.397914,0.417808,46904355
3149,1984-07-11,0.417808,0.424518,0.404682,0.404682,48199623
3150,1984-07-12,0.404682,0.404682,0.371484,0.391388,96109799
3151,1984-07-13,0.391388,0.397914,0.384908,0.397914,35905496
3152,1984-07-16,0.397914,0.404682,0.391388,0.397914,29487081
3153,1984-07-17,0.397914,0.404682,0.391388,0.397914,33076188
3154,1984-07-18,0.397914,0.404682,0.391388,0.397914,14132095
3155,1984-07-19,0.397914,0.397914,0.378131,0.378131,34393155
3156,1984-07-20,0.378131,0.384908,0.364847,0.364847,48865342
3157,1984-07-23,0.364847,0.371484,0.358145,0.371484,42085120
3158,1984-07-24,0.371484,0.378131,0.364847,0.364847,25948630
3159,1984-07-25,0.364847,0.378131,0.35162,0.371484,38763757
3160,1984-07-26,0.378131,0.397914,0.378131,0.391388,47251692
3161,1984-07-27,0.391388,0.411364,0.391388,0.411364,47707570
3162,1984-07-30,0.411364,0.424518,0.404682,0.411364,20818248
3163,1984-07-31,0.411364,0.431185,0.411364,0.424518,25717080
3164,1984-08-01,0.424518,0.437775,0.424518,0.437775,28235233
3165,1984-08-02,0.437775,0.457938,0.431185,0.457938,54589095
3166,1984-08-03,0.457938,0.490696,0.450956,0.484105,92274664
3167,1984-08-06,0.484105,0.510747,0.47111,0.477517,71210402
3168,1984-08-07,0.477517,0.484105,0.464147,0.477517,49856687
3169,1984-08-08,0.477517,0.484105,0.457938,0.464147,45254530
3170,1984-08-09,0.464147,0.477517,0.450956,0.477517,125039708
3171,1984-08-10,0.484105,0.510747,0.484105,0.490696,136834535
3172,1984-08-13,0.490696,0.497472,0.484105,0.484105,32895279
3173,1984-08-14,0.484105,0.490696,0.47111,0.477517,28864778
3174,1984-08-15,0.477517,0.484105,0.47111,0.47111,25651953
3175,1984-08-16,0.47111,0.477517,0.47111,0.47111,19161176
3176,1984-08-17,0.47111,0.484105,0.47111,0.477517,21245174
3177,1984-08-20,0.477517,0.477517,0.47111,0.477517,9240491
3178,1984-08-21,0.477517,0.504252,0.47111,0.497472,71398538
3179,1984-08-22,0.497472,0.517431,0.484105,0.484105,57838097
3180,1984-08-23,0.484105,0.510747,0.484105,0.504252,29856124
3181,1984-08-24,0.504252,0.517431,0.504252,0.517431,45355834
3182,1984-08-27,0.517431,0.517431,0.497472,0.510747,16208847
3183,1984-08-28,0.510747,0.517431,0.504252,0.517431,20528798
3184,1984-08-29,0.517431,0.517431,0.504252,0.510747,20094633
3185,1984-08-30,0.510747,0.510747,0.504252,0.504252,19421672
3186,1984-08-31,0.504252,0.510747,0.490696,0.497472,23575193
3187,1984-09-04,0.497472,0.497472,0.47111,0.477517,19450618
3188,1984-09-05,0.477517,0.477517,0.464147,0.477517,31368466
3189,1984-09-06,0.477517,0.497472,0.47111,0.490696,25232261
3190,1984-09-07,0.490696,0.504252,0.477517,0.484105,35825900
3191,1984-09-10,0.484105,0.484105,0.47111,0.477517,69017861
3192,1984-09-11,0.477517,0.490696,0.477517,0.477517,37866478
3193,1984-09-12,0.477517,0.484105,0.457938,0.464147,31006660
3194,1984-09-13,0.464147,0.477517,0.464147,0.477517,42953454
3195,1984-09-14,0.484105,0.497472,0.484105,0.490696,46274822
3196,1984-09-17,0.490696,0.497472,0.484105,0.484105,37497439
3197,1984-09-18,0.484105,0.484105,0.464147,0.464147,36918552
3198,1984-09-19,0.464147,0.47111,0.431185,0.431185,107347452
3199,1984-09-20,0.431185,0.450956,0.431185,0.450956,47352995
3200,1984-09-21,0.450956,0.464147,0.431185,0.437775,50551353
3201,1984-09-24,0.437775,0.437775,0.417808,0.424518,38235516
3202,1984-09-25,0.424518,0.437775,0.417808,0.431185,37077743
3203,1984-09-26,0.431185,0.444468,0.424518,0.424518,59401097
3204,1984-09-27,0.424518,0.437775,0.411364,0.424518,41614776
3205,1984-09-28,0.424518,0.431185,0.424518,0.431185,24638902
3206,1984-10-01,0.431185,0.431185,0.404682,0.404682,31180331
3207,1984-10-02,0.404682,0.411364,0.397914,0.397914,37294824
3208,1984-10-03,0.397914,0.404682,0.391388,0.397914,58561708
3209,1984-10-04,0.397914,0.417808,0.397914,0.404682,49675781
3210,1984-10-05,0.404682,0.411364,0.391388,0.391388,48460122
3211,1984-10-08,0.391388,0.397914,0.384908,0.384908,15854284
3212,1984-10-09,0.384908,0.397914,0.384908,0.384908,20391313
3213,1984-10-10,0.384908,0.397914,0.371484,0.391388,57895987
3214,1984-10-11,0.391388,0.404682,0.391388,0.391388,88794107
3215,1984-10-12,0.391388,0.411364,0.391388,0.411364,35247013
3216,1984-10-15,0.411364,0.437775,0.404682,0.431185,33032767
3217,1984-10-16,0.431185,0.431185,0.397914,0.404682,39632089
3218,1984-10-17,0.404682,0.411364,0.397914,0.404682,57049363
3219,1984-10-18,0.404682,0.437775,0.397914,0.437775,60283902
3220,1984-10-19,0.437775,0.457938,0.437775,0.437775,104937834
3221,1984-10-22,0.437775,0.437775,0.424518,0.424518,24110666
3222,1984-10-23,0.424518,0.431185,0.424518,0.424518,22366771
3223,1984-10-24,0.424518,0.424518,0.404682,0.411364,27446503
3224,1984-10-25,0.397914,0.397914,0.364847,0.378131,132492878
3225,1984-10-26,0.378131,0.378131,0.364847,0.378131,100639593
3226,1984-10-29,0.378131,0.384908,0.371484,0.384908,34378682
3227,1984-10-30,0.384908,0.397914,0.378131,0.384908,48836397
3228,1984-10-31,0.384908,0.391388,0.378131,0.384908,33669545
3229,1984-11-01,0.384908,0.391388,0.378131,0.384908,25861797
3230,1984-11-02,0.384908,0.384908,0.371484,0.371484,93432445
3231,1984-11-05,0.371484,0.378131,0.371484,0.378131,46419547
3232,1984-11-06,0.378131,0.411364,0.378131,0.404682,58192671
3233,1984-11-07,0.404682,0.411364,0.391388,0.397914,58597888
3234,1984-11-08,0.397914,0.404682,0.384908,0.391388,23857402
3235,1984-11-09,0.391388,0.397914,0.384908,0.391388,31050076
3236,1984-11-12,0.391388,0.397914,0.384908,0.397914,10738361
3237,1984-11-13,0.397914,0.397914,0.391388,0.391388,25869037
3238,1984-11-14,0.391388,0.397914,0.384908,0.397914,33271557
3239,1984-11-15,0.397914,0.397914,0.384908,0.391388,34559585
3240,1984-11-16,0.391388,0.397914,0.384908,0.391388,15246455
3241,1984-11-19,0.391388,0.391388,0.378131,0.384908,22070090
3242,1984-11-20,0.384908,0.391388,0.378131,0.384908,23292984
3243,1984-11-21,0.384908,0.391388,0.371484,0.384908,34161599
3244,1984-11-23,0.384908,0.391388,0.384908,0.391388,64343349
3245,1984-11-26,0.391388,0.397914,0.384908,0.391388,33163018
3246,1984-11-27,0.391388,0.391388,0.378131,0.391388,42960688
3247,1984-11-28,0.391388,0.397914,0.391388,0.391388,40580019
3248,1984-11-29,0.391388,0.397914,0.384908,0.391388,30261344
3249,1984-11-30,0.391388,0.397914,0.384908,0.391388,24096194
3250,1984-12-03,0.391388,0.397914,0.384908,0.391388,41730551
3251,1984-12-04,0.391388,0.397914,0.384908,0.391388,32265744
3252,1984-12-05,0.391388,0.391388,0.384908,0.391388,25196079
3253,1984-12-06,0.391388,0.397914,0.384908,0.391388,31998007
3254,1984-12-07,0.391388,0.397914,0.391388,0.391388,14696505
3255,1984-12-10,0.391388,0.397914,0.384908,0.391388,27374143
3256,1984-12-11,0.391388,0.391388,0.384908,0.384908,28872015
3257,1984-12-12,0.384908,0.384908,0.378131,0.378131,30398824
3258,1984-12-13,0.358145,0.358145,0.344982,0.35162,96211105
3259,1984-12-14,0.35162,0.35162,0.344982,0.35162,61398256
3260,1984-12-17,0.35162,0.35162,0.344982,0.35162,28712818
3261,1984-12-18,0.35162,0.384908,0.35162,0.378131,46448487
3262,1984-12-19,0.384908,0.404682,0.384908,0.391388,106754095
3263,1984-12-20,0.391388,0.397914,0.384908,0.384908,28054334
3264,1984-12-21,0.384908,0.391388,0.378131,0.384908,38532201
3265,1984-12-24,0.384908,0.404682,0.384908,0.397914,28452324
3266,1984-12-26,0.397914,0.397914,0.391388,0.391388,12402671
3267,1984-12-27,0.391388,0.397914,0.391388,0.391388,26028228
3268,1984-12-28,0.391388,0.397914,0.384908,0.391388,21295828
3269,1984-12-31,0.391388,0.391388,0.384908,0.384908,41831854
3270,1985-01-02,0.384908,0.391388,0.378131,0.378131,41093774
3271,1985-01-03,0.378131,0.391388,0.378131,0.384908,46846472
3272,1985-01-04,0.384908,0.397914,0.384908,0.391388,17619892
3273,1985-01-07,0.391388,0.404682,0.391388,0.404682,18792134
3274,1985-01-08,0.404682,0.411364,0.384908,0.391388,50855269
3275,1985-01-09,0.391388,0.404682,0.384908,0.397914,25449342
3276,1985-01-10,0.397914,0.417808,0.397914,0.411364,47707570
3277,1985-01-11,0.411364,0.424518,0.411364,0.424518,50319797
3278,1985-01-14,0.424518,0.431185,0.411364,0.431185,63547374
3279,1985-01-15,0.431185,0.437775,0.431185,0.431185,92491751
3280,1985-01-16,0.431185,0.444468,0.424518,0.431185,67498283
3281,1985-01-17,0.431185,0.431185,0.411364,0.424518,40348460
3282,1985-01-18,0.424518,0.431185,0.417808,0.431185,43800080
3283,1985-01-21,0.431185,0.437775,0.424518,0.437775,50739488
3284,1985-01-22,0.437775,0.450956,0.437775,0.444468,48098314
3285,1985-01-23,0.444468,0.444468,0.431185,0.437775,30275820
3286,1985-01-24,0.437775,0.450956,0.431185,0.437775,46831998
3287,1985-01-25,0.437775,0.437775,0.431185,0.437775,37439554
3288,1985-01-28,0.437775,0.437775,0.424518,0.424518,39624852
3289,1985-01-29,0.424518,0.431185,0.417808,0.431185,41057597
3290,1985-01-30,0.431185,0.444468,0.431185,0.431185,47837815
3291,1985-01-31,0.431185,0.437775,0.424518,0.424518,31209275
3292,1985-02-01,0.424518,0.424518,0.411364,0.411364,25731545
3293,1985-02-04,0.411364,0.437775,0.411364,0.437775,32178906
3294,1985-02-05,0.437775,0.444468,0.437775,0.437775,38973599
3295,1985-02-06,0.437775,0.444468,0.417808,0.424518,53684579
3296,1985-02-07,0.424518,0.431185,0.411364,0.411364,38901242
3297,1985-02-08,0.411364,0.424518,0.411364,0.424518,27641877
3298,1985-02-11,0.424518,0.431185,0.417808,0.431185,30543552
3299,1985-02-12,0.431185,0.437775,0.424518,0.431185,54082565
3300,1985-02-13,0.431185,0.431185,0.404682,0.431185,77086108
3301,1985-02-14,0.431185,0.431185,0.411364,0.417808,71999134
3302,1985-02-15,0.417808,0.417808,0.384908,0.391388,53322779
3303,1985-02-19,0.391388,0.391388,0.378131,0.384908,39436714
3304,1985-02-20,0.391388,0.397914,0.391388,0.397914,32128259
3305,1985-02-21,0.397914,0.404682,0.391388,0.397914,46795824
3306,1985-02-22,0.397914,0.404682,0.397914,0.397914,18604000
3307,1985-02-25,0.397914,0.397914,0.384908,0.391388,41252972
3308,1985-02-26,0.391388,0.397914,0.391388,0.391388,27967501
3309,1985-02-27,0.391388,0.391388,0.378131,0.378131,27714235
3310,1985-02-28,0.378131,0.391388,0.378131,0.384908,15383934
3311,1985-03-01,0.384908,0.391388,0.384908,0.384908,46383361
3312,1985-03-04,0.384908,0.384908,0.371484,0.378131,22735807
3313,1985-03-05,0.378131,0.378131,0.358145,0.364847,38090797
3314,1985-03-06,0.364847,0.364847,0.358145,0.358145,58084126
3315,1985-03-07,0.358145,0.358145,0.35162,0.358145,52881371
3316,1985-03-08,0.358145,0.364847,0.35162,0.35162,19139471
3317,1985-03-11,0.35162,0.358145,0.35162,0.35162,35825900
3318,1985-03-12,0.35162,0.364847,0.35162,0.364847,35644998
3319,1985-03-13,0.364847,0.364847,0.344982,0.344982,49277801
3320,1985-03-14,0.344982,0.35162,0.338438,0.338438,62787586
3321,1985-03-15,0.338438,0.35162,0.338438,0.344982,39103850
3322,1985-03-18,0.344982,0.358145,0.344982,0.358145,32924224
3323,1985-03-19,0.358145,0.384908,0.358145,0.384908,41115485
3324,1985-03-20,0.384908,0.384908,0.371484,0.378131,25058593
3325,1985-03-21,0.378131,0.384908,0.371484,0.371484,24884927
3326,1985-03-22,0.371484,0.384908,0.371484,0.371484,37106688
3327,1985-03-25,0.371484,0.378131,0.35162,0.35162,30138332
3328,1985-03-26,0.35162,0.358145,0.35162,0.358145,20210407
3329,1985-03-27,0.358145,0.378131,0.35162,0.364847,37331006
3330,1985-03-28,0.364847,0.384908,0.364847,0.378131,38886766
3331,1985-03-29,0.378131,0.384908,0.371484,0.384908,37352717
3332,1985-04-01,0.384908,0.404682,0.384908,0.397914,51615057
3333,1985-04-02,0.397914,0.397914,0.384908,0.391388,25427635
3334,1985-04-03,0.391388,0.391388,0.371484,0.378131,15478007
3335,1985-04-04,0.378131,0.384908,0.371484,0.378131,17156774
3336,1985-04-08,0.378131,0.378131,0.364847,0.364847,12431608
3337,1985-04-09,0.364847,0.371484,0.364847,0.371484,14276812
3338,1985-04-10,0.371484,0.384908,0.364847,0.378131,27374143
3339,1985-04-11,0.378131,0.391388,0.378131,0.378131,34581293
3340,1985-04-12,0.378131,0.391388,0.378131,0.391388,38192104
3341,1985-04-15,0.391388,0.397914,0.384908,0.391388,18003402
3342,1985-04-16,0.391388,0.397914,0.384908,0.397914,40167555
3343,1985-04-17,0.397914,0.404682,0.397914,0.404682,34776666
3344,1985-04-18,0.404682,0.404682,0.391388,0.391388,73402935
3345,1985-04-19,0.391388,0.397914,0.384908,0.391388,19602576
3346,1985-04-22,0.391388,0.391388,0.371484,0.378131,21028090
3347,1985-04-23,0.378131,0.378131,0.364847,0.378131,35992330
3348,1985-04-24,0.378131,0.384908,0.378131,0.378131,39226862
3349,1985-04-25,0.378131,0.384908,0.378131,0.384908,28879251
3350,1985-04-26,0.384908,0.391388,0.384908,0.384908,20608394
3351,1985-04-29,0.384908,0.384908,0.364847,0.364847,19566396
3352,1985-04-30,0.364847,0.378131,0.364847,0.378131,31918409
3353,1985-05-01,0.378131,0.378131,0.364847,0.371484,28893721
3354,1985-05-02,0.371484,0.371484,0.364847,0.371484,13198634
3355,1985-05-03,0.371484,0.371484,0.364847,0.364847,35731831
3356,1985-05-06,0.364847,0.371484,0.35162,0.35162,25348039
3357,1985-05-07,0.35162,0.371484,0.35162,0.358145,35131233
3358,1985-05-08,0.358145,0.364847,0.35162,0.364847,16664723
3359,1985-05-09,0.364847,0.371484,0.358145,0.358145,41448340
3360,1985-05-10,0.358145,0.391388,0.358145,0.391388,68330433
3361,1985-05-13,0.391388,0.391388,0.378131,0.384908,89879519
3362,1985-05-14,0.384908,0.391388,0.371484,0.371484,44212533
3363,1985-05-15,0.371484,0.384908,0.371484,0.378131,47280640
3364,1985-05-16,0.378131,0.384908,0.378131,0.384908,22692394
3365,1985-05-17,0.384908,0.384908,0.378131,0.378131,26332146
3366,1985-05-20,0.378131,0.391388,0.378131,0.384908,53047804
3367,1985-05-21,0.384908,0.391388,0.384908,0.384908,37258649
3368,1985-05-22,0.384908,0.384908,0.378131,0.384908,26484102
3369,1985-05-23,0.384908,0.384908,0.378131,0.378131,19197356
3370,1985-05-24,0.378131,0.378131,0.371484,0.378131,45355834
3371,1985-05-28,0.378131,0.384908,0.371484,0.371484,28061567
3372,1985-05-29,0.371484,0.378131,0.364847,0.371484,19848606
3373,1985-05-30,0.371484,0.371484,0.344982,0.35162,63836821
3374,1985-05-31,0.35162,0.364847,0.344982,0.364847,48727857
3375,1985-06-03,0.364847,0.378131,0.358145,0.364847,54198340
3376,1985-06-04,0.364847,0.364847,0.358145,0.364847,39161740
3377,1985-06-05,0.364847,0.364847,0.35162,0.35162,47056320
3378,1985-06-06,0.35162,0.358145,0.344982,0.358145,69676348
3379,1985-06-07,0.358145,0.364847,0.358145,0.358145,30037026
3380,1985-06-10,0.358145,0.371484,0.35162,0.364847,59350447
3381,1985-06-11,0.364847,0.371484,0.358145,0.358145,101189537
3382,1985-06-12,0.358145,0.358145,0.344982,0.344982,59683302
3383,1985-06-13,0.344982,0.35162,0.33168,0.338438,71051211
3384,1985-06-14,0.338438,0.344982,0.33168,0.338438,119106105
3385,1985-06-17,0.338438,0.338438,0.311722,0.325005,82665134
3386,1985-06-18,0.325005,0.325005,0.318376,0.318376,71637329
3387,1985-06-19,0.318376,0.33168,0.318376,0.325005,63185575
3388,1985-06-20,0.325005,0.325005,0.311722,0.318376,30883647
3389,1985-06-21,0.318376,0.338438,0.311722,0.33168,89568376
3390,1985-06-24,0.33168,0.344982,0.325005,0.338438,56202741
3391,1985-06-25,0.338438,0.358145,0.338438,0.338438,113252107
3392,1985-06-26,0.338438,0.358145,0.338438,0.358145,70284182
3393,1985-06-27,0.358145,0.364847,0.358145,0.364847,51586111
3394,1985-06-28,0.364847,0.364847,0.358145,0.358145,49661313
3395,1985-07-01,0.358145,0.371484,0.358145,0.364847,20043977
3396,1985-07-02,0.364847,0.371484,0.364847,0.371484,36853429
3397,1985-07-03,0.371484,0.371484,0.364847,0.364847,28893721
3398,1985-07-05,0.364847,0.371484,0.364847,0.371484,24783624
3399,1985-07-08,0.371484,0.371484,0.364847,0.364847,32613076
3400,1985-07-09,0.364847,0.371484,0.35162,0.364847,41513468
3401,1985-07-10,0.364847,0.371484,0.358145,0.371484,43185011
3402,1985-07-11,0.371484,0.371484,0.358145,0.364847,37830296
3403,1985-07-12,0.364847,0.371484,0.364847,0.364847,29566681
3404,1985-07-15,0.364847,0.384908,0.364847,0.378131,40131379
3405,1985-07-16,0.378131,0.384908,0.371484,0.378131,35341082
3406,1985-07-17,0.378131,0.397914,0.378131,0.391388,145083682
3407,1985-07-18,0.391388,0.397914,0.391388,0.391388,75371153
3408,1985-07-19,0.391388,0.397914,0.391388,0.391388,49176499
3409,1985-07-22,0.391388,0.397914,0.391388,0.397914,40218208
3410,1985-07-23,0.397914,0.411364,0.391388,0.397914,140090777
3411,1985-07-24,0.397914,0.404682,0.397914,0.404682,45312417
3412,1985-07-25,0.404682,0.411364,0.397914,0.411364,41426639
3413,1985-07-26,0.411364,0.411364,0.397914,0.397914,43474446
3414,1985-07-29,0.397914,0.397914,0.371484,0.378131,52932029
3415,1985-07-30,0.378131,0.378131,0.371484,0.378131,48749561
3416,1985-07-31,0.378131,0.391388,0.378131,0.391388,51318377
3417,1985-08-01,0.391388,0.411364,0.384908,0.404682,70855832
3418,1985-08-02,0.404682,0.411364,0.404682,0.404682,40305044
3419,1985-08-05,0.404682,0.411364,0.397914,0.404682,35131233
3420,1985-08-06,0.404682,0.404682,0.391388,0.391388,34226721
3421,1985-08-07,0.391388,0.397914,0.391388,0.391388,26418980
3422,1985-08-08,0.391388,0.397914,0.391388,0.397914,55233103
3423,1985-08-09,0.397914,0.397914,0.391388,0.397914,15449061
3424,1985-08-12,0.397914,0.397914,0.391388,0.391388,25340800
3425,1985-08-13,0.391388,0.391388,0.384908,0.384908,34436569
3426,1985-08-14,0.384908,0.384908,0.378131,0.378131,27540572
3427,1985-08-15,0.378131,0.384908,0.371484,0.371484,39523548
3428,1985-08-16,0.371484,0.371484,0.364847,0.364847,24183026
3429,1985-08-19,0.364847,0.364847,0.344982,0.35162,42410743
3430,1985-08-20,0.35162,0.371484,0.35162,0.364847,45884074
3431,1985-08-21,0.364847,0.364847,0.358145,0.364847,17467934
3432,1985-08-22,0.364847,0.364847,0.364847,0.364847,23965944
3433,1985-08-23,0.364847,0.364847,0.358145,0.358145,19515739
3434,1985-08-26,0.358145,0.358145,0.35162,0.358145,18900677
3435,1985-08-27,0.358145,0.364847,0.358145,0.358145,9370742
3436,1985-08-28,0.358145,0.358145,0.358145,0.358145,13307177
3437,1985-08-29,0.358145,0.364847,0.358145,0.358145,14515606
3438,1985-08-30,0.358145,0.364847,0.358145,0.358145,13350590
3439,1985-09-03,0.358145,0.358145,0.35162,0.358145,7858393
3440,1985-09-04,0.358145,0.358145,0.344982,0.35162,12163876
3441,1985-09-05,0.35162,0.35162,0.338438,0.344982,56224451
3442,1985-09-06,0.344982,0.35162,0.344982,0.35162,43199479
3443,1985-09-09,0.35162,0.364847,0.35162,0.364847,30290294
3444,1985-09-10,0.364847,0.364847,0.35162,0.358145,25869037
3445,1985-09-11,0.358145,0.358145,0.344982,0.35162,39320934
3446,1985-09-12,0.35162,0.364847,0.35162,0.358145,78070219
3447,1985-09-13,0.358145,0.358145,0.344982,0.35162,63901944
3448,1985-09-16,0.35162,0.35162,0.344982,0.35162,54610799
3449,1985-09-17,0.35162,0.35162,0.338438,0.338438,24291565
3450,1985-09-18,0.338438,0.358145,0.338438,0.35162,61427203
3451,1985-09-19,0.358145,0.371484,0.358145,0.364847,72346467
3452,1985-09-20,0.364847,0.371484,0.364847,0.364847,36281776
3453,1985-09-23,0.364847,0.378131,0.364847,0.371484,40493177
3454,1985-09-24,0.371484,0.371484,0.358145,0.364847,19870316
3455,1985-09-25,0.358145,0.358145,0.35162,0.35162,20246588
3456,1985-09-26,0.35162,0.358145,0.35162,0.358145,39407767
3457,1985-09-27,0.358145,0.364847,0.358145,0.364847,7474888
3458,1985-09-30,0.364847,0.364847,0.35162,0.358145,30449480
3459,1985-10-01,0.358145,0.358145,0.35162,0.358145,19182883
3460,1985-10-02,0.358145,0.358145,0.344982,0.344982,37063271
3461,1985-10-03,0.344982,0.35162,0.33168,0.338438,60493747
3462,1985-10-04,0.338438,0.344982,0.325005,0.33168,49328447
3463,1985-10-07,0.33168,0.33168,0.311722,0.318376,48575898
3464,1985-10-08,0.318376,0.318376,0.305083,0.311722,66658895
3465,1985-10-09,0.311722,0.325005,0.305083,0.318376,31382941
3466,1985-10-10,0.311722,0.311722,0.285246,0.29855,107181020
3467,1985-10-11,0.29855,0.318376,0.29855,0.318376,80559432
3468,1985-10-14,0.318376,0.338438,0.318376,0.338438,53576037
3469,1985-10-15,0.338438,0.338438,0.318376,0.325005,34885204
3470,1985-10-16,0.325005,0.338438,0.325005,0.338438,24443524
3471,1985-10-17,0.338438,0.338438,0.325005,0.325005,24298799
3472,1985-10-18,0.325005,0.325005,0.311722,0.311722,46998433
3473,1985-10-21,0.311722,0.325005,0.311722,0.311722,27670820
3474,1985-10-22,0.311722,0.33168,0.311722,0.325005,50594766
3475,1985-10-23,0.325005,0.338438,0.325005,0.338438,48684440
3476,1985-10-24,0.338438,0.358145,0.338438,0.35162,151162001
3477,1985-10-25,0.35162,0.35162,0.344982,0.344982,73222034
3478,1985-10-28,0.344982,0.344982,0.33168,0.344982,36629108
3479,1985-10-29,0.344982,0.358145,0.344982,0.358145,45840648
3480,1985-10-30,0.358145,0.364847,0.35162,0.358145,37569799
3481,1985-10-31,0.358145,0.358145,0.35162,0.35162,21787879
3482,1985-11-01,0.35162,0.364847,0.35162,0.358145,28806885
3483,1985-11-04,0.358145,0.358145,0.344982,0.344982,37222467
3484,1985-11-05,0.344982,0.344982,0.338438,0.344982,36498855
3485,1985-11-06,0.344982,0.364847,0.344982,0.358145,85414856
3486,1985-11-07,0.358145,0.371484,0.358145,0.364847,121783462
3487,1985-11-08,0.364847,0.364847,0.358145,0.364847,36122581
3488,1985-11-11,0.364847,0.378131,0.358145,0.371484,45790008
3489,1985-11-12,0.371484,0.378131,0.371484,0.371484,66441815
3490,1985-11-13,0.371484,0.371484,0.364847,0.371484,25818385
3491,1985-11-14,0.371484,0.378131,0.364847,0.371484,38011198
3492,1985-11-15,0.371484,0.384908,0.371484,0.384908,74003533
3493,1985-11-18,0.384908,0.384908,0.378131,0.384908,46368892
3494,1985-11-19,0.384908,0.404682,0.384908,0.404682,180395822
3495,1985-11-20,0.404682,0.411364,0.391388,0.391388,81275811
3496,1985-11-21,0.391388,0.397914,0.391388,0.397914,44682880
3497,1985-11-22,0.397914,0.397914,0.391388,0.391388,54929188
3498,1985-11-25,0.391388,0.397914,0.378131,0.384908,23734389
3499,1985-11-26,0.384908,0.391388,0.378131,0.384908,32113786
3500,1985-11-27,0.384908,0.411364,0.384908,0.397914,63424363
3501,1985-11-29,0.397914,0.404682,0.391388,0.391388,21426076
3502,1985-12-02,0.391388,0.397914,0.378131,0.384908,18676359
3503,1985-12-03,0.384908,0.391388,0.384908,0.391388,21541852
3504,1985-12-04,0.391388,0.411364,0.384908,0.404682,57215795
3505,1985-12-05,0.404682,0.424518,0.404682,0.411364,128006503
3506,1985-12-06,0.411364,0.411364,0.397914,0.404682,52888610
3507,1985-12-09,0.404682,0.411364,0.404682,0.411364,43807310
3508,1985-12-10,0.411364,0.411364,0.404682,0.411364,65023541
3509,1985-12-11,0.411364,0.417808,0.404682,0.411364,62570504
3510,1985-12-12,0.411364,0.417808,0.411364,0.411364,44769714
3511,1985-12-13,0.411364,0.431185,0.411364,0.424518,61890314
3512,1985-12-16,0.424518,0.431185,0.424518,0.424518,48988359
3513,1985-12-17,0.424518,0.424518,0.411364,0.411364,48156203
3514,1985-12-18,0.411364,0.411364,0.391388,0.397914,36658051
3515,1985-12-19,0.397914,0.404682,0.391388,0.397914,41868039
3516,1985-12-20,0.397914,0.397914,0.391388,0.391388,38315114
3517,1985-12-23,0.391388,0.391388,0.384908,0.384908,33749139
3518,1985-12-24,0.384908,0.391388,0.384908,0.384908,20499853
3519,1985-12-26,0.384908,0.391388,0.384908,0.391388,14378124
3520,1985-12-27,0.391388,0.404682,0.384908,0.404682,29045683
3521,1985-12-30,0.404682,0.411364,0.397914,0.404682,20687995
3522,1985-12-31,0.404682,0.411364,0.404682,0.404682,36209417
3523,1986-01-02,0.404682,0.404682,0.391388,0.397914,18857259
3524,1986-01-03,0.397914,0.397914,0.378131,0.391388,38814403
3525,1986-01-06,0.391388,0.391388,0.371484,0.371484,55906063
3526,1986-01-07,0.371484,0.384908,0.371484,0.378131,63308584
3527,1986-01-08,0.378131,0.384908,0.371484,0.371484,83432166
3528,1986-01-09,0.371484,0.371484,0.364847,0.371484,49386341
3529,1986-01-10,0.371484,0.378131,0.371484,0.378131,45703172
3530,1986-01-13,0.378131,0.378131,0.371484,0.378131,27417562
3531,1986-01-14,0.384908,0.391388,0.384908,0.384908,34639182
3532,1986-01-15,0.384908,0.397914,0.378131,0.391388,43568522
3533,1986-01-16,0.391388,0.411364,0.391388,0.411364,70660453
3534,1986-01-17,0.411364,0.431185,0.404682,0.424518,67896265
3535,1986-01-20,0.424518,0.424518,0.404682,0.417808,42584412
3536,1986-01-21,0.417808,0.424518,0.404682,0.411364,28611517
3537,1986-01-22,0.411364,0.417808,0.404682,0.404682,27866199
3538,1986-01-23,0.404682,0.411364,0.397914,0.404682,23582430
3539,1986-01-24,0.404682,0.417808,0.404682,0.404682,105400941
3540,1986-01-27,0.404682,0.404682,0.378131,0.384908,281122247
3541,1986-01-28,0.384908,0.391388,0.378131,0.391388,64603842
3542,1986-01-29,0.391388,0.411364,0.391388,0.397914,141755081
3543,1986-01-30,0.397914,0.397914,0.384908,0.384908,47258933
3544,1986-01-31,0.384908,0.397914,0.384908,0.391388,27670820
3545,1986-02-03,0.391388,0.397914,0.384908,0.397914,31665149
3546,1986-02-04,0.397914,0.424518,0.391388,0.417808,114655907
3547,1986-02-05,0.417808,0.444468,0.417808,0.444468,124243730
3548,1986-02-06,0.444468,0.444468,0.404682,0.417808,249789964
3549,1986-02-07,0.417808,0.424518,0.404682,0.424518,288792510
3550,1986-02-10,0.424518,0.424518,0.404682,0.404682,76138182
3551,1986-02-11,0.404682,0.411364,0.397914,0.404682,172580839
3552,1986-02-12,0.404682,0.404682,0.391388,0.397914,159555875
3553,1986-02-13,0.397914,0.404682,0.384908,0.384908,100878383
3554,1986-02-14,0.384908,0.404682,0.384908,0.397914,62201464
3555,1986-02-18,0.397914,0.404682,0.391388,0.397914,48597612
3556,1986-02-19,0.397914,0.397914,0.384908,0.391388,71456429
3557,1986-02-20,0.391388,0.391388,0.384908,0.391388,34892451
3558,1986-02-21,0.391388,0.404682,0.391388,0.404682,42432456
3559,1986-02-24,0.404682,0.411364,0.397914,0.404682,51332851
3560,1986-02-25,0.404682,0.404682,0.391388,0.397914,40710265
3561,1986-02-26,0.397914,0.397914,0.384908,0.391388,53503681
3562,1986-02-27,0.391388,0.391388,0.384908,0.391388,45022973
3563,1986-02-28,0.391388,0.397914,0.384908,0.384908,96486076
3564,1986-03-03,0.384908,0.384908,0.358145,0.364847,92354265
3565,1986-03-04,0.364847,0.378131,0.364847,0.364847,74582420
3566,1986-03-05,0.364847,0.378131,0.35162,0.378131,97708977
3567,1986-03-06,0.378131,0.384908,0.371484,0.371484,61050924
3568,1986-03-07,0.371484,0.378131,0.35162,0.35162,80421950
3569,1986-03-10,0.35162,0.371484,0.35162,0.371484,42627833
3570,1986-03-11,0.371484,0.397914,0.364847,0.391388,97904347
3571,1986-03-12,0.391388,0.404682,0.391388,0.391388,116682012
3572,1986-03-13,0.391388,0.397914,0.384908,0.391388,76456570
3573,1986-03-14,0.391388,0.397914,0.371484,0.378131,71166987
3574,1986-03-17,0.378131,0.378131,0.364847,0.378131,40623431
3575,1986-03-18,0.378131,0.384908,0.371484,0.378131,61651522
3576,1986-03-19,0.378131,0.384908,0.371484,0.371484,31795395
3577,1986-03-20,0.371484,0.384908,0.371484,0.378131,32584132
3578,1986-03-21,0.378131,0.384908,0.378131,0.378131,50030355
3579,1986-03-24,0.378131,0.384908,0.371484,0.384908,25007938
3580,1986-03-25,0.384908,0.384908,0.378131,0.378131,39776813
3581,1986-03-26,0.378131,0.384908,0.364847,0.371484,48069373
3582,1986-03-27,0.371484,0.378131,0.364847,0.364847,57107253
3583,1986-03-31,0.364847,0.364847,0.35162,0.358145,64712388
3584,1986-04-01,0.358145,0.358145,0.344982,0.35162,67281201
3585,1986-04-02,0.35162,0.35162,0.338438,0.35162,50645417
3586,1986-04-03,0.35162,0.358145,0.344982,0.35162,48821927
3587,1986-04-04,0.35162,0.35162,0.344982,0.35162,66564833
3588,1986-04-07,0.35162,0.35162,0.344982,0.344982,61021981
3589,1986-04-08,0.35162,0.364847,0.35162,0.364847,53445790
3590,1986-04-09,0.364847,0.371484,0.35162,0.358145,49321216
3591,1986-04-10,0.358145,0.391388,0.358145,0.384908,96297935
3592,1986-04-11,0.384908,0.404682,0.384908,0.391388,127644700
3593,1986-04-14,0.391388,0.391388,0.384908,0.391388,56021840
3594,1986-04-15,0.391388,0.391388,0.378131,0.384908,38380245
3595,1986-04-16,0.384908,0.404682,0.384908,0.397914,48684440
3596,1986-04-17,0.397914,0.411364,0.397914,0.397914,72353704
3597,1986-04-18,0.397914,0.397914,0.391388,0.391388,46810291
3598,1986-04-21,0.391388,0.397914,0.391388,0.391388,34559585
3599,1986-04-22,0.391388,0.404682,0.391388,0.397914,47960828
3600,1986-04-23,0.397914,0.397914,0.391388,0.397914,32519006
3601,1986-04-24,0.397914,0.411364,0.397914,0.411364,118816663
3602,1986-04-25,0.411364,0.431185,0.404682,0.431185,117043821
3603,1986-04-28,0.431185,0.431185,0.411364,0.424518,41101015
3604,1986-04-29,0.424518,0.431185,0.404682,0.411364,78243888
3605,1986-04-30,0.411364,0.411364,0.391388,0.391388,52599166
3606,1986-05-01,0.391388,0.397914,0.384908,0.397914,25094782
3607,1986-05-02,0.397914,0.397914,0.384908,0.384908,38713097
3608,1986-05-05,0.384908,0.391388,0.384908,0.384908,23068665
3609,1986-05-06,0.384908,0.397914,0.384908,0.397914,32569660
3610,1986-05-07,0.397914,0.397914,0.391388,0.391388,19892021
3611,1986-05-08,0.391388,0.397914,0.384908,0.397914,24356692
3612,1986-05-09,0.397914,0.404682,0.391388,0.404682,26382794
3613,1986-05-12,0.404682,0.411364,0.397914,0.404682,27735950
3614,1986-05-13,0.404682,0.404682,0.391388,0.397914,18531642
3615,1986-05-14,0.397914,0.397914,0.384908,0.391388,62483663
3616,1986-05-15,0.384908,0.384908,0.364847,0.371484,61564688
3617,1986-05-16,0.371484,0.371484,0.358145,0.364847,35066114
3618,1986-05-19,0.364847,0.371484,0.358145,0.364847,29986367
3619,1986-05-20,0.364847,0.371484,0.364847,0.371484,32953170
3620,1986-05-21,0.371484,0.371484,0.364847,0.364847,16418698
3621,1986-05-22,0.364847,0.371484,0.358145,0.364847,43040284
3622,1986-05-23,0.364847,0.364847,0.35162,0.35162,72570786
3623,1986-05-27,0.35162,0.358145,0.35162,0.358145,33814266
3624,1986-05-28,0.358145,0.364847,0.35162,0.358145,99409457
3625,1986-05-29,0.358145,0.378131,0.358145,0.371484,111703583
3626,1986-05-30,0.371484,0.384908,0.371484,0.378131,32815684
3627,1986-06-02,0.378131,0.378131,0.364847,0.364847,39400525
3628,1986-06-03,0.364847,0.364847,0.358145,0.364847,46643864
3629,1986-06-04,0.364847,0.371484,0.364847,0.364847,15767449
3630,1986-06-05,0.364847,0.371484,0.364847,0.364847,10586405
3631,1986-06-06,0.364847,0.371484,0.358145,0.358145,42048939
3632,1986-06-09,0.358145,0.358145,0.338438,0.344982,78974728
3633,1986-06-10,0.344982,0.35162,0.344982,0.344982,43901382
3634,1986-06-11,0.344982,0.358145,0.338438,0.344982,98287864
3635,1986-06-12,0.344982,0.344982,0.338438,0.338438,22359534
3636,1986-06-13,0.338438,0.344982,0.33168,0.338438,77708413
3637,1986-06-16,0.338438,0.344982,0.318376,0.325005,51767013
3638,1986-06-17,0.325005,0.33168,0.305083,0.311722,91970753
3639,1986-06-18,0.311722,0.311722,0.29855,0.311722,68243601
3640,1986-06-19,0.311722,0.325005,0.305083,0.325005,66521414
3641,1986-06-20,0.325005,0.33168,0.318376,0.33168,35681174
3642,1986-06-23,0.33168,0.33168,0.318376,0.325005,27323495
3643,1986-06-24,0.325005,0.338438,0.318376,0.33168,40102438
3644,1986-06-25,0.33168,0.338438,0.325005,0.33168,23430473
3645,1986-06-26,0.33168,0.338438,0.311722,0.318376,70747290
3646,1986-06-27,0.318376,0.318376,0.311722,0.318376,22598324
3647,1986-06-30,0.318376,0.325005,0.311722,0.318376,29429197
3648,1986-07-01,0.318376,0.318376,0.305083,0.311722,25955875
3649,1986-07-02,0.311722,0.311722,0.305083,0.311722,38553905
3650,1986-07-03,0.311722,0.311722,0.305083,0.305083,33184725
3651,1986-07-07,0.305083,0.311722,0.291873,0.29855,55500841
3652,1986-07-08,0.29855,0.29855,0.291873,0.29855,57273685
3653,1986-07-09,0.29855,0.29855,0.291873,0.29855,41679903
3654,1986-07-10,0.29855,0.29855,0.285246,0.291873,96240045
3655,1986-07-11,0.285246,0.291873,0.258791,0.265307,238791095
3656,1986-07-14,0.265307,0.265307,0.258791,0.265307,43004106
3657,1986-07-15,0.265307,0.271944,0.258791,0.258791,55269287
3658,1986-07-16,0.265307,0.265307,0.252088,0.252088,60486510
3659,1986-07-17,0.252088,0.258791,0.245403,0.258791,61897541
3660,1986-07-18,0.258791,0.258791,0.238794,0.238794,57266450
3661,1986-07-21,0.245403,0.245403,0.238794,0.238794,29479848
3662,1986-07-22,0.238794,0.252088,0.238794,0.252088,32953170
3663,1986-07-23,0.252088,0.258791,0.245403,0.245403,73808160
3664,1986-07-24,0.252088,0.252088,0.245403,0.252088,81767862
3665,1986-07-25,0.252088,0.271944,0.252088,0.271944,37555328
3666,1986-07-28,0.271944,0.271944,0.258791,0.258791,40283334
3667,1986-07-29,0.258791,0.258791,0.252088,0.258791,26766313
3668,1986-07-30,0.252088,0.265307,0.252088,0.265307,56340227
3669,1986-07-31,0.265307,0.271944,0.252088,0.252088,77426209
3670,1986-08-01,0.258791,0.258791,0.245403,0.252088,61260769
3671,1986-08-04,0.245403,0.252088,0.238794,0.245403,42808734
3672,1986-08-05,0.238794,0.245403,0.225473,0.225473,52497864
3673,1986-08-06,0.232259,0.238794,0.225473,0.232259,53235943
3674,1986-08-07,0.232259,0.245403,0.232259,0.238794,42736368
3675,1986-08-08,0.245403,0.265307,0.238794,0.258791,89727561
3676,1986-08-11,0.265307,0.271944,0.258791,0.265307,48973884
3677,1986-08-12,0.271944,0.285246,0.265307,0.285246,83215078
3678,1986-08-13,0.285246,0.291873,0.271944,0.271944,51709126
3679,1986-08-14,0.271944,0.278646,0.271944,0.271944,22127975
3680,1986-08-15,0.271944,0.271944,0.271944,0.271944,21382656
3681,1986-08-18,0.271944,0.271944,0.265307,0.271944,11556043
3682,1986-08-19,0.271944,0.285246,0.265307,0.278646,24624426
3683,1986-08-20,0.278646,0.29855,0.278646,0.291873,26267019
3684,1986-08-21,0.29855,0.29855,0.291873,0.29855,50840797
3685,1986-08-22,0.29855,0.311722,0.291873,0.311722,39849170
3686,1986-08-25,0.311722,0.311722,0.29855,0.29855,32504531
3687,1986-08-26,0.29855,0.311722,0.29855,0.311722,28242471
3688,1986-08-27,0.311722,0.311722,0.305083,0.311722,34972043
3689,1986-08-28,0.305083,0.311722,0.305083,0.305083,28582569
3690,1986-08-29,0.305083,0.33168,0.305083,0.318376,66275384
3691,1986-09-02,0.318376,0.318376,0.29855,0.29855,53011621
3692,1986-09-03,0.29855,0.305083,0.291873,0.305083,53995730
3693,1986-09-04,0.305083,0.318376,0.305083,0.311722,58966932
3694,1986-09-05,0.311722,0.318376,0.305083,0.311722,49957997
3695,1986-09-08,0.311722,0.311722,0.305083,0.305083,29436430
3696,1986-09-09,0.305083,0.311722,0.29855,0.29855,61202883
3697,1986-09-10,0.29855,0.305083,0.285246,0.29855,48872579
3698,1986-09-11,0.29855,0.29855,0.285246,0.285246,68786307
3699,1986-09-12,0.285246,0.285246,0.271944,0.271944,68337670
3700,1986-09-15,0.278646,0.285246,0.258791,0.265307,44719055
3701,1986-09-16,0.265307,0.278646,0.258791,0.271944,29754816
3702,1986-09-17,0.271944,0.285246,0.265307,0.285246,28242471
3703,1986-09-18,0.278646,0.29855,0.278646,0.291873,42273266
3704,1986-09-19,0.291873,0.291873,0.271944,0.285246,38843350
3705,1986-09-22,0.285246,0.291873,0.271944,0.291873,18133649
3706,1986-09-23,0.29855,0.305083,0.278646,0.285246,79597030
3707,1986-09-24,0.285246,0.291873,0.265307,0.271944,66427340
3708,1986-09-25,0.271944,0.271944,0.258791,0.265307,43590233
3709,1986-09-26,0.265307,0.271944,0.258791,0.265307,49654076
3710,1986-09-29,0.265307,0.265307,0.258791,0.265307,50551353
3711,1986-09-30,0.265307,0.271944,0.258791,0.265307,34110949
3712,1986-10-01,0.271944,0.271944,0.265307,0.271944,40442524
3713,1986-10-02,0.265307,0.271944,0.245403,0.258791,59155066
3714,1986-10-03,0.258791,0.271944,0.252088,0.271944,369042
3715,1986-10-06,0.271944,0.278646,0.265307,0.271944,72360938
3716,1986-10-07,0.265307,0.271944,0.258791,0.258791,47352995
3717,1986-10-08,0.258791,0.258791,0.245403,0.252088,63084267
3718,1986-10-09,0.252088,0.258791,0.245403,0.258791,81767862
3719,1986-10-10,0.258791,0.271944,0.252088,0.265307,125908039
3720,1986-10-13,0.265307,0.271944,0.265307,0.271944,11722473
3721,1986-10-14,0.271944,0.285246,0.265307,0.271944,23379820
3722,1986-10-15,0.271944,0.271944,0.258791,0.265307,56470479
3723,1986-10-16,0.265307,0.265307,0.265307,0.265307,18719773
3724,1986-10-17,0.265307,0.265307,0.258791,0.265307,27460981
3725,1986-10-20,0.265307,0.265307,0.252088,0.258791,19240776
3726,1986-10-21,0.258791,0.265307,0.252088,0.258791,40847749
3727,1986-10-22,0.258791,0.265307,0.258791,0.265307,23054196
3728,1986-10-23,0.258791,0.285246,0.258791,0.278646,86109513
3729,1986-10-24,0.285246,0.291873,0.278646,0.285246,60920673
3730,1986-10-27,0.285246,0.29855,0.285246,0.291873,50594766
3731,1986-10-28,0.285246,0.291873,0.271944,0.271944,33264323
3732,1986-10-29,0.271944,0.285246,0.271944,0.278646,25340800
3733,1986-10-30,0.285246,0.291873,0.271944,0.285246,45247297
3734,1986-10-31,0.278646,0.285246,0.271944,0.278646,58496576
3735,1986-11-03,0.278646,0.285246,0.271944,0.278646,24110666
3736,1986-11-04,0.271944,0.29855,0.271944,0.29855,64024954
3737,1986-11-05,0.29855,0.29855,0.291873,0.291873,67179896
3738,1986-11-06,0.291873,0.29855,0.285246,0.29855,55110089
3739,1986-11-07,0.29855,0.29855,0.291873,0.291873,27663586
3740,1986-11-10,0.291873,0.29855,0.285246,0.285246,29544968
3741,1986-11-11,0.291873,0.291873,0.278646,0.285246,20767593
3742,1986-11-12,0.285246,0.285246,0.278646,0.278646,17098889
3743,1986-11-13,0.285246,0.285246,0.271944,0.271944,19986090
3744,1986-11-14,0.271944,0.285246,0.271944,0.278646,12916427
3745,1986-11-17,0.278646,0.285246,0.265307,0.285246,25087542
3746,1986-11-18,0.285246,0.285246,0.271944,0.271944,24523126
3747,1986-11-19,0.271944,0.285246,0.271944,0.271944,41578591
3748,1986-11-20,0.271944,0.285246,0.271944,0.285246,18408623
3749,1986-11-21,0.278646,0.291873,0.271944,0.291873,43792838
3750,1986-11-24,0.285246,0.29855,0.285246,0.29855,74531767
3751,1986-11-25,0.291873,0.305083,0.291873,0.305083,41802914
3752,1986-11-26,0.305083,0.311722,0.305083,0.311722,38054617
3753,1986-11-28,0.311722,0.318376,0.305083,0.318376,24812565
3754,1986-12-01,0.311722,0.325005,0.305083,0.325005,53800358
3755,1986-12-02,0.325005,0.325005,0.311722,0.318376,106370582
3756,1986-12-03,0.318376,0.325005,0.318376,0.318376,49769853
3757,1986-12-04,0.318376,0.318376,0.311722,0.311722,52932029
3758,1986-12-05,0.311722,0.311722,0.305083,0.305083,31238218
3759,1986-12-08,0.305083,0.305083,0.29855,0.305083,34458282
3760,1986-12-09,0.305083,0.311722,0.305083,0.305083,41868039
3761,1986-12-10,0.311722,0.311722,0.305083,0.305083,27670820
3762,1986-12-11,0.311722,0.318376,0.305083,0.311722,78873422
3763,1986-12-12,0.311722,0.311722,0.305083,0.311722,37685578
3764,1986-12-15,0.305083,0.311722,0.305083,0.311722,29805466
3765,1986-12-16,0.311722,0.311722,0.311722,0.311722,69929611
3766,1986-12-17,0.311722,0.318376,0.311722,0.311722,42063412
3767,1986-12-18,0.311722,0.318376,0.311722,0.311722,26578171
3768,1986-12-19,0.311722,0.318376,0.311722,0.311722,73084549
3769,1986-12-22,0.311722,0.318376,0.311722,0.311722,38836119
3770,1986-12-23,0.311722,0.318376,0.29855,0.29855,76702596
3771,1986-12-24,0.305083,0.305083,0.29855,0.29855,16245030
3772,1986-12-26,0.29855,0.305083,0.29855,0.305083,11440266
3773,1986-12-29,0.29855,0.305083,0.291873,0.29855,17829735
3774,1986-12-30,0.291873,0.29855,0.285246,0.291873,58814971
3775,1986-12-31,0.291873,0.29855,0.285246,0.291873,30485661
3776,1987-01-02,0.285246,0.291873,0.285246,0.291873,8726730
3777,1987-01-05,0.291873,0.29855,0.291873,0.29855,46072211
3778,1987-01-06,0.29855,0.305083,0.291873,0.305083,63395415
3779,1987-01-07,0.305083,0.318376,0.29855,0.318376,48735093
3780,1987-01-08,0.318376,0.338438,0.318376,0.33168,115777502
3781,1987-01-09,0.338438,0.344982,0.33168,0.338438,128078860
3782,1987-01-12,0.338438,0.358145,0.33168,0.35162,98410878
3783,1987-01-13,0.35162,0.35162,0.344982,0.35162,78873422
3784,1987-01-14,0.358145,0.391388,0.35162,0.384908,264117428
3785,1987-01-15,0.384908,0.397914,0.378131,0.397914,272800743
3786,1987-01-16,0.391388,0.397914,0.378131,0.378131,115053896
3787,1987-01-19,0.378131,0.397914,0.371484,0.397914,145445487
3788,1987-01-20,0.397914,0.404682,0.384908,0.384908,115053896
3789,1987-01-21,0.378131,0.384908,0.371484,0.378131,70776229
3790,1987-01-22,0.378131,0.404682,0.378131,0.404682,151234363
3791,1987-01-23,0.404682,0.417808,0.397914,0.404682,250368846
3792,1987-01-26,0.397914,0.404682,0.391388,0.391388,45703172
3793,1987-01-27,0.397914,0.404682,0.397914,0.404682,103476143
3794,1987-01-28,0.397914,0.411364,0.397914,0.411364,153405192
3795,1987-01-29,0.411364,0.417808,0.397914,0.397914,191032878
3796,1987-01-30,0.391388,0.431185,0.384908,0.431185,238791095
3797,1987-02-02,0.431185,0.484105,0.424518,0.477517,376276884
3798,1987-02-03,0.484105,0.490696,0.47111,0.484105,221424475
3799,1987-02-04,0.477517,0.477517,0.464147,0.477517,122289989
3800,1987-02-05,0.477517,0.484105,0.47111,0.477517,123013597
3801,1987-02-06,0.477517,0.490696,0.477517,0.484105,146892701
3802,1987-02-09,0.477517,0.484105,0.477517,0.484105,72360938
3803,1987-02-10,0.484105,0.484105,0.47111,0.484105,129526082
3804,1987-02-11,0.484105,0.530706,0.477517,0.523929,204781459
3805,1987-02-12,0.517431,0.517431,0.490696,0.497472,170048211
3806,1987-02-13,0.504252,0.504252,0.497472,0.497472,99134488
3807,1987-02-17,0.497472,0.517431,0.497472,0.510747,128802472
3808,1987-02-18,0.517431,0.523929,0.497472,0.510747,109988627
3809,1987-02-19,0.510747,0.517431,0.504252,0.510747,96963657
3810,1987-02-20,0.510747,0.510747,0.477517,0.484105,66847036
3811,1987-02-23,0.490696,0.490696,0.464147,0.477517,104923360
3812,1987-02-24,0.484105,0.504252,0.47111,0.497472,72360938
3813,1987-02-25,0.497472,0.517431,0.497472,0.517431,175113477
3814,1987-02-26,0.517431,0.530706,0.510747,0.523929,137485785
3815,1987-02-27,0.523929,0.523929,0.517431,0.523929,68410031
3816,1987-03-02,0.517431,0.523929,0.504252,0.510747,101305314
3817,1987-03-03,0.504252,0.510747,0.484105,0.490696,96963657
3818,1987-03-04,0.490696,0.504252,0.490696,0.504252,135314956
3819,1987-03-05,0.504252,0.510747,0.497472,0.504252,96240045
3820,1987-03-06,0.504252,0.504252,0.490696,0.497472,53257653
3821,1987-03-09,0.497472,0.497472,0.477517,0.490696,61260769
3822,1987-03-10,0.484105,0.497472,0.484105,0.497472,64900529
3823,1987-03-11,0.497472,0.504252,0.490696,0.490696,60587812
3824,1987-03-12,0.490696,0.490696,0.477517,0.490696,83938686
3825,1987-03-13,0.490696,0.490696,0.477517,0.477517,72180035
3826,1987-03-16,0.477517,0.490696,0.47111,0.490696,45225586
3827,1987-03-17,0.490696,0.523929,0.490696,0.523929,75255376
3828,1987-03-18,0.523929,0.536925,0.523929,0.523929,154128803
3829,1987-03-19,0.523929,0.550479,0.523929,0.550479,120119165
3830,1987-03-20,0.550479,0.56366,0.536925,0.544258,112883066
3831,1987-03-23,0.536925,0.544258,0.530706,0.536925,88280346
3832,1987-03-24,0.536925,0.536925,0.517431,0.530706,66181315
3833,1987-03-25,0.523929,0.530706,0.510747,0.523929,120842765
3834,1987-03-26,0.523929,0.544258,0.523929,0.544258,109988627
3835,1987-03-27,0.557534,0.577121,0.550479,0.56366,213464768
3836,1987-03-30,0.544258,0.570529,0.523929,0.530706,130973299
3837,1987-03-31,0.536925,0.544258,0.530706,0.536925,78149816
3838,1987-04-01,0.530706,0.56366,0.523929,0.56366,100581706
3839,1987-04-02,0.570529,0.583711,0.557534,0.557534,134591343
3840,1987-04-03,0.56366,0.603577,0.56366,0.597079,185244005
3841,1987-04-06,0.597079,0.610354,0.583711,0.583711,59828024
3842,1987-04-07,0.583711,0.590486,0.570529,0.577121,94069224
3843,1987-04-08,0.577121,0.610354,0.577121,0.603577,129526082
3844,1987-04-09,0.603577,0.603577,0.583711,0.603577,96240045
3845,1987-04-10,0.603577,0.630034,0.603577,0.616666,165706553
3846,1987-04-13,0.610354,0.616666,0.570529,0.577121,102752533
3847,1987-04-14,0.56366,0.577121,0.557534,0.56366,139656610
3848,1987-04-15,0.570529,0.577121,0.56366,0.570529,106370582
3849,1987-04-16,0.570529,0.603577,0.570529,0.590486,101305314
3850,1987-04-20,0.590486,0.590486,0.577121,0.577121,48872579
3851,1987-04-21,0.570529,0.610354,0.557534,0.603577,100581706
3852,1987-04-22,0.603577,0.616666,0.597079,0.597079,131696911
3853,1987-04-23,0.597079,0.623723,0.597079,0.616666,117948332
3854,1987-04-24,0.616666,0.623723,0.603577,0.610354,117224724
3855,1987-04-27,0.603577,0.630034,0.597079,0.623723,104199755
3856,1987-04-28,0.630034,0.650085,0.623723,0.63709,109265014
3857,1987-04-29,0.643307,0.663451,0.63709,0.63709,91898388
3858,1987-04-30,0.63709,0.656676,0.63709,0.650085,174389864
3859,1987-05-01,0.643307,0.650085,0.630034,0.63709,70030915
3860,1987-05-04,0.63709,0.63709,0.623723,0.63709,31361230
3861,1987-05-05,0.630034,0.656676,0.630034,0.650085,45645281
3862,1987-05-06,0.650085,0.650085,0.630034,0.63709,92622004
3863,1987-05-07,0.63709,0.63709,0.616666,0.623723,73808160
3864,1987-05-08,0.630034,0.630034,0.616666,0.623723,73808160
3865,1987-05-11,0.623723,0.630034,0.610354,0.616666,128078860
3866,1987-05-12,0.610354,0.616666,0.597079,0.603577,69061277
3867,1987-05-13,0.603577,0.616666,0.603577,0.616666,78149816
3868,1987-05-14,0.616666,0.616666,0.610354,0.616666,28488503
3869,1987-05-15,0.610354,0.616666,0.610354,0.610354,35572637
3870,1987-05-18,0.610354,0.610354,0.590486,0.603577,91174783
3871,1987-05-19,0.603577,0.603577,0.56366,0.56366,92622004
3872,1987-05-20,0.56366,0.583711,0.557534,0.577121,124460818
3873,1987-05-21,0.577121,0.583711,0.570529,0.577121,37946076
3874,1987-05-22,0.577121,0.577121,0.544258,0.550479,64140739
3875,1987-05-26,0.550479,0.583711,0.544258,0.583711,73808160
3876,1987-05-27,0.583711,0.590486,0.577121,0.583711,43344203
3877,1987-05-28,0.583711,0.597079,0.577121,0.590486,38221047
3878,1987-05-29,0.597079,0.616666,0.597079,0.603577,73808160
3879,1987-06-01,0.603577,0.603577,0.577121,0.583711,50117186
3880,1987-06-02,0.577121,0.577121,0.544258,0.544258,132420513
3881,1987-06-03,0.550479,0.577121,0.544258,0.557534,106370582
3882,1987-06-04,0.557534,0.56366,0.544258,0.557534,41195081
3883,1987-06-05,0.56366,0.56366,0.550479,0.557534,30898123
3884,1987-06-08,0.550479,0.570529,0.550479,0.570529,79597030
3885,1987-06-09,0.597079,0.603577,0.577121,0.597079,149063534
3886,1987-06-10,0.597079,0.603577,0.577121,0.583711,83938686
3887,1987-06-11,0.56366,0.597079,0.56366,0.590486,92622004
3888,1987-06-12,0.597079,0.603577,0.583711,0.583711,62230410
3889,1987-06-15,0.583711,0.590486,0.570529,0.570529,81044253
3890,1987-06-16,0.570529,0.570529,0.544258,0.56366,114330284
3891,1987-06-17,0.56366,0.590486,0.56366,0.583711,71232110
3892,1987-06-18,0.583711,0.590486,0.577121,0.577121,40883929
3893,1987-06-19,0.583711,0.583711,0.557534,0.570529,60146413
3894,1987-06-22,0.570529,0.583711,0.570529,0.583711,36209417
3895,1987-06-23,0.583711,0.603577,0.577121,0.597079,41108246
3896,1987-06-24,0.597079,0.603577,0.590486,0.590486,47750984
3897,1987-06-25,0.590486,0.603577,0.570529,0.577121,119395552
3898,1987-06-26,0.577121,0.616666,0.570529,0.610354,192480100
3899,1987-06-29,0.616666,0.623723,0.603577,0.610354,93345613
3900,1987-06-30,0.610354,0.616666,0.597079,0.603577,84662300
3901,1987-07-01,0.603577,0.630034,0.597079,0.623723,90451171
3902,1987-07-02,0.630034,0.650085,0.623723,0.63709,59914855
3903,1987-07-06,0.63709,0.63709,0.610354,0.616666,44632223
3904,1987-07-07,0.610354,0.616666,0.603577,0.610354,33589950
3905,1987-07-08,0.610354,0.610354,0.590486,0.603577,85385908
3906,1987-07-09,0.603577,0.630034,0.597079,0.623723,72360938
3907,1987-07-10,0.623723,0.643307,0.623723,0.630034,72360938
3908,1987-07-13,0.630034,0.650085,0.616666,0.643307,59133357
3909,1987-07-14,0.656676,0.676354,0.650085,0.676354,196821752
3910,1987-07-15,0.670043,0.676354,0.663451,0.663451,92622004
3911,1987-07-16,0.670043,0.683133,0.670043,0.676354,70689401
3912,1987-07-17,0.683133,0.696499,0.670043,0.676354,104923360
3913,1987-07-20,0.676354,0.676354,0.656676,0.656676,42396277
3914,1987-07-21,0.650085,0.670043,0.650085,0.650085,61434437
3915,1987-07-22,0.650085,0.656676,0.630034,0.63709,113606679
3916,1987-07-23,0.63709,0.63709,0.616666,0.630034,51882792
3917,1987-07-24,0.630034,0.63709,0.616666,0.63709,46998433
3918,1987-07-27,0.63709,0.63709,0.623723,0.630034,16375276
3919,1987-07-28,0.63709,0.650085,0.63709,0.650085,69871722
3920,1987-07-29,0.650085,0.650085,0.643307,0.650085,37808591
3921,1987-07-30,0.650085,0.670043,0.650085,0.663451,52613637
3922,1987-07-31,0.670043,0.670043,0.650085,0.656676,83215078
3923,1987-08-03,0.650085,0.656676,0.623723,0.630034,65124843
3924,1987-08-04,0.623723,0.630034,0.616666,0.630034,58149253
3925,1987-08-05,0.630034,0.656676,0.630034,0.643307,62606688
3926,1987-08-06,0.650085,0.676354,0.643307,0.663451,78149816
3927,1987-08-07,0.670043,0.690002,0.670043,0.676354,137485785
3928,1987-08-10,0.676354,0.690002,0.676354,0.690002,68865900
3929,1987-08-11,0.690002,0.709588,0.690002,0.709588,154128803
3930,1987-08-12,0.70309,0.709588,0.690002,0.690002,100581706
3931,1987-08-13,0.690002,0.70309,0.683133,0.70309,77426209
3932,1987-08-14,0.70309,0.709588,0.696499,0.70309,65761619
3933,1987-08-17,0.70309,0.709588,0.696499,0.696499,52186713
3934,1987-08-18,0.70309,0.70309,0.690002,0.696499,80320641
3935,1987-08-19,0.690002,0.696499,0.683133,0.690002,51969627
3936,1987-08-20,0.690002,0.70309,0.690002,0.70309,70682163
3937,1987-08-21,0.70309,0.722863,0.696499,0.716735,85385908
3938,1987-08-24,0.716735,0.722863,0.709588,0.716735,60168118
3939,1987-08-25,0.716735,0.742913,0.716735,0.736415,78149816
3940,1987-08-26,0.729638,0.756096,0.729638,0.756096,110712237
3941,1987-08-27,0.756096,0.776333,0.749503,0.762686,203334238
3942,1987-08-28,0.762686,0.762686,0.722863,0.729638,100581706
3943,1987-08-31,0.729638,0.729638,0.716735,0.722863,81044253
3944,1987-09-01,0.729638,0.742913,0.716735,0.722863,67447628
3945,1987-09-02,0.716735,0.722863,0.709588,0.716735,115053896
3946,1987-09-03,0.722863,0.736415,0.709588,0.729638,120119165
3947,1987-09-04,0.729638,0.742913,0.729638,0.742913,98410878
3948,1987-09-08,0.736415,0.742913,0.716735,0.729638,91898388
3949,1987-09-09,0.729638,0.736415,0.722863,0.729638,80320641
3950,1987-09-10,0.736415,0.756096,0.729638,0.749503,128078860
3951,1987-09-11,0.749503,0.756096,0.742913,0.749503,76702596
3952,1987-09-14,0.749503,0.756096,0.742913,0.749503,48858109
3953,1987-09-15,0.742913,0.749503,0.736415,0.742913,51991336
3954,1987-09-16,0.742913,0.756096,0.736415,0.742913,89727561
3955,1987-09-17,0.749503,0.749503,0.742913,0.749503,78149816
3956,1987-09-18,0.749503,0.762686,0.742913,0.762686,73084549
3957,1987-09-21,0.756096,0.76937,0.742913,0.742913,94069224
3958,1987-09-22,0.742913,0.76937,0.729638,0.76937,96240045
3959,1987-09-23,0.76937,0.802603,0.76937,0.796012,188138445
3960,1987-09-24,0.796012,0.809287,0.789607,0.802603,81767862
3961,1987-09-25,0.802603,0.802603,0.789607,0.796012,68518570
3962,1987-09-28,0.796012,0.802603,0.789607,0.802603,172219034
3963,1987-09-29,0.796012,0.802603,0.782923,0.789607,91174783
3964,1987-09-30,0.789607,0.802603,0.782923,0.796012,91898388
3965,1987-10-01,0.802603,0.835837,0.796012,0.835837,141103830
3966,1987-10-02,0.835837,0.855424,0.828968,0.855424,188138445
3967,1987-10-05,0.849017,0.862849,0.842428,0.862849,100581706
3968,1987-10-06,0.862849,0.862849,0.835837,0.835837,125908039
3969,1987-10-07,0.835837,0.842428,0.82284,0.835837,106370582
3970,1987-10-08,0.835837,0.842428,0.809287,0.815969,103476143
3971,1987-10-09,0.842428,0.842428,0.82284,0.82284,156299632
3972,1987-10-12,0.82284,0.828968,0.802603,0.815969,107817800
3973,1987-10-13,0.809287,0.815969,0.789607,0.802603,143274659
3974,1987-10-14,0.802603,0.809287,0.76937,0.776333,123737207
3975,1987-10-15,0.76937,0.782923,0.742913,0.749503,205505068
3976,1987-10-16,0.756096,0.756096,0.709588,0.716735,164982941
3977,1987-10-19,0.683133,0.70309,0.577121,0.577121,292338195
3978,1987-10-20,0.56366,0.616666,0.490696,0.536925,192480100
3979,1987-10-21,0.56366,0.577121,0.550479,0.557534,240961923
3980,1987-10-22,0.550479,0.557534,0.464147,0.484105,439230902
3981,1987-10-23,0.477517,0.477517,0.450956,0.457938,182349567
3982,1987-10-26,0.444468,0.450956,0.371484,0.371484,162812113
3983,1987-10-27,0.384908,0.411364,0.371484,0.397914,149787145
3984,1987-10-28,0.391388,0.437775,0.378131,0.437775,239514708
3985,1987-10-29,0.450956,0.570529,0.450956,0.550479,233484632
3986,1987-10-30,0.577121,0.597079,0.536925,0.536925,193444915
3987,1987-11-02,0.536925,0.544258,0.523929,0.544258,96481255
3988,1987-11-03,0.544258,0.544258,0.490696,0.536925,129284879
3989,1987-11-04,0.523929,0.550479,0.510747,0.544258,102270126
3990,1987-11-05,0.536925,0.590486,0.523929,0.583711,115295105
3991,1987-11-06,0.583711,0.583711,0.536925,0.544258,161606099
3992,1987-11-09,0.530706,0.536925,0.477517,0.484105,119154345
3993,1987-11-10,0.484105,0.490696,0.450956,0.457938,96963657
3994,1987-11-11,0.47111,0.497472,0.457938,0.47111,96963657
3995,1987-11-12,0.504252,0.523929,0.497472,0.510747,151475565
3996,1987-11-13,0.523929,0.523929,0.497472,0.497472,72843348
3997,1987-11-16,0.504252,0.523929,0.490696,0.497472,60783186
3998,1987-11-17,0.497472,0.497472,0.450956,0.457938,103234938
3999,1987-11-18,0.464147,0.484105,0.444468,0.477517,114812690
4000,1987-11-19,0.477517,0.477517,0.444468,0.444468,86833126
4001,1987-11-20,0.444468,0.450956,0.417808,0.444468,170771820
4002,1987-11-23,0.444468,0.464147,0.431185,0.457938,59818378
4003,1987-11-24,0.464147,0.497472,0.464147,0.497472,115777502
4004,1987-11-25,0.497472,0.504252,0.484105,0.490696,53064686
4005,1987-11-27,0.490696,0.497472,0.47111,0.47111,21717929
4006,1987-11-30,0.450956,0.450956,0.424518,0.444468,90209974
4007,1987-12-01,0.450956,0.464147,0.444468,0.450956,47893293
4008,1987-12-02,0.450956,0.477517,0.450956,0.464147,61265593
4009,1987-12-03,0.47111,0.484105,0.431185,0.437775,68501686
4010,1987-12-04,0.437775,0.450956,0.431185,0.431185,100822908
4011,1987-12-07,0.444468,0.47111,0.437775,0.464147,82009065
4012,1987-12-08,0.47111,0.497472,0.464147,0.497472,112883066
4013,1987-12-09,0.497472,0.536925,0.484105,0.523929,80079440
4014,1987-12-10,0.497472,0.530706,0.490696,0.497472,460215571
4015,1987-12-11,0.497472,0.510747,0.497472,0.497472,67054472
4016,1987-12-14,0.504252,0.536925,0.497472,0.530706,130249693
4017,1987-12-15,0.536925,0.544258,0.517431,0.523929,78149816
4018,1987-12-16,0.523929,0.544258,0.523929,0.536925,62230410
4019,1987-12-17,0.544258,0.557534,0.530706,0.530706,83456282
4020,1987-12-18,0.536925,0.557534,0.523929,0.550479,69466500
4021,1987-12-21,0.544258,0.570529,0.544258,0.570529,57888751
4022,1987-12-22,0.570529,0.577121,0.544258,0.56366,94069224
4023,1987-12-23,0.56366,0.570529,0.557534,0.570529,77185002
4024,1987-12-24,0.570529,0.570529,0.550479,0.56366,37825471
4025,1987-12-28,0.550479,0.557534,0.504252,0.517431,79597030
4026,1987-12-29,0.510747,0.544258,0.510747,0.536925,67536876
4027,1987-12-30,0.536925,0.550479,0.536925,0.550479,66572060
4028,1987-12-31,0.544258,0.550479,0.530706,0.544258,51135063
4029,1988-01-04,0.557534,0.583711,0.550479,0.570529,57888751
4030,1988-01-05,0.583711,0.597079,0.570529,0.577121,85868315
4031,1988-01-06,0.583711,0.603577,0.577121,0.590486,90209974
4032,1988-01-07,0.590486,0.590486,0.570529,0.590486,88762755
4033,1988-01-08,0.590486,0.590486,0.530706,0.536925,109023819
4034,1988-01-11,0.530706,0.550479,0.523929,0.550479,89245163
4035,1988-01-12,0.557534,0.56366,0.497472,0.536925,152922788
4036,1988-01-13,0.536925,0.536925,0.504252,0.510747,189103257
4037,1988-01-14,0.523929,0.536925,0.523929,0.523929,114812690
4038,1988-01-15,0.550479,0.570529,0.530706,0.550479,151475565
4039,1988-01-18,0.550479,0.550479,0.523929,0.523929,58853564
4040,1988-01-19,0.517431,0.523929,0.504252,0.510747,76220187
4041,1988-01-20,0.497472,0.510747,0.444468,0.464147,177525503
4042,1988-01-21,0.47111,0.497472,0.464147,0.497472,112883066
4043,1988-01-22,0.497472,0.510747,0.497472,0.504252,105164568
4044,1988-01-25,0.504252,0.523929,0.497472,0.517431,56923942
4045,1988-01-26,0.504252,0.517431,0.497472,0.497472,47044255
4046,1988-01-27,0.497472,0.504252,0.484105,0.497472,78149816
4047,1988-01-28,0.504252,0.517431,0.497472,0.510747,35842783
4048,1988-01-29,0.517431,0.530706,0.504252,0.523929,80079440
4049,1988-02-01,0.523929,0.536925,0.510747,0.510747,66572060
4050,1988-02-02,0.517431,0.517431,0.497472,0.504252,49687843
4051,1988-02-03,0.510747,0.510747,0.477517,0.484105,65124843
4052,1988-02-04,0.484105,0.490696,0.477517,0.490696,71396121
4053,1988-02-05,0.490696,0.504252,0.490696,0.490696,65607249
4054,1988-02-08,0.497472,0.504252,0.484105,0.497472,48723033
4055,1988-02-09,0.504252,0.517431,0.497472,0.510747,57888751
4056,1988-02-10,0.510747,0.544258,0.510747,0.536925,104199755
4057,1988-02-11,0.536925,0.544258,0.523929,0.530706,62712818
4058,1988-02-12,0.536925,0.544258,0.523929,0.523929,61265593
4059,1988-02-16,0.530706,0.544258,0.523929,0.544258,55476717
4060,1988-02-17,0.544258,0.557534,0.530706,0.530706,66089653
4061,1988-02-18,0.530706,0.550479,0.530706,0.536925,70431316
4062,1988-02-19,0.544258,0.550479,0.536925,0.544258,53064686
4063,1988-02-22,0.544258,0.577121,0.544258,0.577121,113365475
4064,1988-02-23,0.577121,0.590486,0.570529,0.583711,143757065
4065,1988-02-24,0.577121,0.590486,0.577121,0.590486,79114625
4066,1988-02-25,0.590486,0.603577,0.570529,0.577121,137003379
4067,1988-02-26,0.570529,0.583711,0.56366,0.577121,130249693
4068,1988-02-29,0.577121,0.583711,0.557534,0.583711,87315533
4069,1988-03-01,0.583711,0.590486,0.570529,0.583711,90209974
4070,1988-03-02,0.590486,0.610354,0.590486,0.597079,107094191
4071,1988-03-03,0.597079,0.623723,0.597079,0.616666,95516442
4072,1988-03-04,0.616666,0.630034,0.597079,0.623723,137485785
4073,1988-03-07,0.623723,0.650085,0.616666,0.643307,145686690
4074,1988-03-08,0.63709,0.650085,0.63709,0.63709,109506219
4075,1988-03-09,0.63709,0.663451,0.63709,0.650085,131696911
4076,1988-03-10,0.670043,0.676354,0.623723,0.630034,153887606
4077,1988-03-11,0.63709,0.643307,0.623723,0.630034,91174783
4078,1988-03-14,0.643307,0.670043,0.63709,0.663451,70913716
4079,1988-03-15,0.663451,0.663451,0.63709,0.650085,80079440
4080,1988-03-16,0.643307,0.656676,0.623723,0.63709,239273505
4081,1988-03-17,0.63709,0.656676,0.63709,0.650085,99858098
4082,1988-03-18,0.650085,0.670043,0.643307,0.656676,109988627
4083,1988-03-21,0.650085,0.650085,0.630034,0.63709,44062984
4084,1988-03-22,0.650085,0.656676,0.630034,0.650085,71878532
4085,1988-03-23,0.663451,0.663451,0.623723,0.630034,82973877
4086,1988-03-24,0.623723,0.630034,0.583711,0.590486,101787725
4087,1988-03-25,0.590486,0.610354,0.583711,0.583711,58853564
4088,1988-03-28,0.577121,0.610354,0.570529,0.610354,71396121
4089,1988-03-29,0.610354,0.623723,0.603577,0.610354,76220187
4090,1988-03-30,0.603577,0.623723,0.590486,0.597079,110953439
4091,1988-03-31,0.597079,0.610354,0.590486,0.603577,46354419
4092,1988-04-04,0.603577,0.630034,0.603577,0.610354,51135063
4093,1988-04-05,0.616666,0.630034,0.610354,0.623723,49205440
4094,1988-04-06,0.630034,0.656676,0.623723,0.656676,81044253
4095,1988-04-07,0.670043,0.676354,0.656676,0.656676,157264439
4096,1988-04-08,0.656676,0.676354,0.650085,0.663451,95034036
4097,1988-04-11,0.670043,0.690002,0.663451,0.683133,112883066
4098,1988-04-12,0.683133,0.690002,0.670043,0.683133,45037452
4099,1988-04-13,0.676354,0.683133,0.663451,0.670043,57888751
4100,1988-04-14,0.650085,0.663451,0.630034,0.643307,81526660
4101,1988-04-15,0.63709,0.643307,0.616666,0.630034,99858098
4102,1988-04-18,0.63709,0.63709,0.616666,0.630034,55959126
4103,1988-04-19,0.63709,0.656676,0.63709,0.63709,53407200
4104,1988-04-20,0.63709,0.650085,0.623723,0.643307,67536876
4105,1988-04-21,0.650085,0.656676,0.616666,0.623723,74772966
4106,1988-04-22,0.630034,0.63709,0.623723,0.63709,49205440
4107,1988-04-25,0.63709,0.650085,0.63709,0.63709,40034897
4108,1988-04-26,0.63709,0.663451,0.63709,0.663451,64642442
4109,1988-04-27,0.656676,0.670043,0.650085,0.663451,60783186
4110,1988-04-28,0.663451,0.670043,0.650085,0.656676,80561850
4111,1988-04-29,0.656676,0.663451,0.63709,0.63709,56923942
4112,1988-05-02,0.643307,0.656676,0.63709,0.656676,24318097
4113,1988-05-03,0.656676,0.676354,0.650085,0.663451,51617470
4114,1988-05-04,0.670043,0.683133,0.663451,0.663451,79114625
4115,1988-05-05,0.663451,0.670043,0.663451,0.663451,43942389
4116,1988-05-06,0.663451,0.683133,0.663451,0.663451,72843348
4117,1988-05-09,0.663451,0.663451,0.643307,0.656676,47492892
4118,1988-05-10,0.650085,0.663451,0.630034,0.643307,64160032
4119,1988-05-11,0.630034,0.63709,0.623723,0.630034,64160032
4120,1988-05-12,0.63709,0.650085,0.63709,0.643307,40189266
4121,1988-05-13,0.656676,0.663451,0.643307,0.656676,33734668
4122,1988-05-16,0.656676,0.663451,0.650085,0.663451,36156346
4123,1988-05-17,0.663451,0.670043,0.650085,0.650085,68984098
4124,1988-05-18,0.650085,0.656676,0.616666,0.630034,58853564
4125,1988-05-19,0.623723,0.623723,0.597079,0.616666,125908039
4126,1988-05-20,0.616666,0.623723,0.610354,0.616666,55476717
4127,1988-05-23,0.616666,0.616666,0.597079,0.603577,57406349
4128,1988-05-24,0.603577,0.616666,0.603577,0.610354,43667415
4129,1988-05-25,0.610354,0.616666,0.603577,0.603577,26218781
4130,1988-05-26,0.610354,0.616666,0.603577,0.610354,37048797
4131,1988-05-27,0.610354,0.616666,0.610354,0.616666,26595059
4132,1988-05-31,0.616666,0.63709,0.616666,0.63709,54511912
4133,1988-06-01,0.63709,0.656676,0.630034,0.643307,74290561
4134,1988-06-02,0.63709,0.656676,0.63709,0.63709,86350718
4135,1988-06-03,0.643307,0.670043,0.63709,0.663451,94551630
4136,1988-06-06,0.663451,0.696499,0.663451,0.690002,129284879
4137,1988-06-07,0.690002,0.70309,0.683133,0.683133,149545940
4138,1988-06-08,0.683133,0.709588,0.683133,0.70309,150028347
4139,1988-06-09,0.709588,0.709588,0.690002,0.696499,90209974
4140,1988-06-10,0.696499,0.709588,0.690002,0.70309,84421090
4141,1988-06-13,0.70309,0.716735,0.696499,0.709588,112400660
4142,1988-06-14,0.722863,0.729638,0.709588,0.722863,131667964
4143,1988-06-15,0.716735,0.729638,0.709588,0.722863,58371158
4144,1988-06-16,0.722863,0.736415,0.709588,0.729638,133684421
4145,1988-06-17,0.729638,0.729638,0.709588,0.722863,76442096
4146,1988-06-20,0.709588,0.722863,0.709588,0.716735,49215083
4147,1988-06-21,0.722863,0.742913,0.716735,0.742913,90190676
4148,1988-06-22,0.742913,0.756096,0.742913,0.756096,126925908
4149,1988-06-23,0.756096,0.76937,0.749503,0.756096,85144702
4150,1988-06-24,0.756096,0.762686,0.736415,0.742913,60604700
4151,1988-06-27,0.742913,0.749503,0.729638,0.729638,26971328
4152,1988-06-28,0.729638,0.749503,0.729638,0.749503,47256520
4153,1988-06-29,0.742913,0.749503,0.729638,0.749503,51549933
4154,1988-06-30,0.742913,0.749503,0.729638,0.742913,72385062
4155,1988-07-01,0.749503,0.749503,0.736415,0.749503,65891870
4156,1988-07-05,0.742913,0.749503,0.736415,0.742913,54043973
4157,1988-07-06,0.736415,0.742913,0.722863,0.722863,54680751
4158,1988-07-07,0.722863,0.729638,0.716735,0.722863,66774674
4159,1988-07-08,0.722863,0.729638,0.722863,0.722863,27969919
4160,1988-07-11,0.722863,0.736415,0.709588,0.716735,73460828
4161,1988-07-12,0.736415,0.742913,0.729638,0.736415,185716764
4162,1988-07-13,0.736415,0.749503,0.736415,0.749503,102410023
4163,1988-07-14,0.749503,0.756096,0.736415,0.736415,40811572
4164,1988-07-15,0.736415,0.742913,0.729638,0.742913,52099874
4165,1988-07-18,0.742913,0.742913,0.729638,0.729638,31944937
4166,1988-07-19,0.729638,0.736415,0.716735,0.722863,67261906
4167,1988-07-20,0.729638,0.729638,0.683133,0.696499,96100152
4168,1988-07-21,0.690002,0.696499,0.683133,0.683133,71029497
4169,1988-07-22,0.683133,0.709588,0.683133,0.709588,90422225
4170,1988-07-25,0.709588,0.709588,0.70309,0.709588,49991764
4171,1988-07-26,0.709588,0.729638,0.70309,0.709588,98410878
4172,1988-07-27,0.709588,0.722863,0.683133,0.696499,59967919
4173,1988-07-28,0.696499,0.709588,0.683133,0.70309,45736935
4174,1988-07-29,0.70309,0.722863,0.70309,0.716735,56079729
4175,1988-08-01,0.70309,0.729638,0.70309,0.722863,37405780
4176,1988-08-02,0.716735,0.729638,0.709588,0.716735,51159182
4177,1988-08-03,0.722863,0.722863,0.709588,0.716735,42200899
4178,1988-08-04,0.722863,0.722863,0.709588,0.709588,42017583
4179,1988-08-05,0.709588,0.716735,0.70309,0.709588,34221905
4180,1988-08-08,0.70309,0.709588,0.683133,0.690002,40719915
4181,1988-08-09,0.690002,0.696499,0.663451,0.670043,138103265
4182,1988-08-10,0.670043,0.676354,0.643307,0.643307,113191809
4183,1988-08-11,0.656676,0.670043,0.650085,0.663451,103900660
4184,1988-08-12,0.663451,0.676354,0.650085,0.656676,65573482
4185,1988-08-15,0.650085,0.656676,0.623723,0.623723,79669395
4186,1988-08-16,0.630034,0.663451,0.616666,0.650085,90489768
4187,1988-08-17,0.643307,0.656676,0.63709,0.643307,79042260
4188,1988-08-18,0.63709,0.650085,0.630034,0.63709,57136197
4189,1988-08-19,0.63709,0.643307,0.623723,0.623723,80561850
4190,1988-08-22,0.630034,0.630034,0.603577,0.610354,92197488
4191,1988-08-23,0.616666,0.616666,0.583711,0.610354,132936692
4192,1988-08-24,0.616666,0.623723,0.610354,0.616666,94821776
4193,1988-08-25,0.603577,0.610354,0.577121,0.597079,136520974
4194,1988-08-26,0.590486,0.597079,0.570529,0.577121,127683287
4195,1988-08-29,0.577121,0.610354,0.577121,0.603577,78444079
4196,1988-08-30,0.603577,0.610354,0.590486,0.590486,34231547
4197,1988-08-31,0.597079,0.603577,0.570529,0.577121,71338242
4198,1988-09-01,0.570529,0.577121,0.544258,0.550479,167206831
4199,1988-09-02,0.557534,0.583711,0.557534,0.570529,150915973
4200,1988-09-06,0.577121,0.583711,0.570529,0.583711,84614055
4201,1988-09-07,0.570529,0.583711,0.550479,0.557534,97470181
4202,1988-09-08,0.550479,0.56366,0.523929,0.544258,221824874
4203,1988-09-09,0.550479,0.590486,0.544258,0.577121,128488903
4204,1988-09-12,0.577121,0.590486,0.577121,0.577121,79616330
4205,1988-09-13,0.570529,0.583711,0.557534,0.577121,79920243
4206,1988-09-14,0.583711,0.590486,0.583711,0.590486,101184710
4207,1988-09-15,0.590486,0.597079,0.577121,0.577121,64642442
4208,1988-09-16,0.577121,0.597079,0.577121,0.590486,60667412
4209,1988-09-19,0.590486,0.597079,0.583711,0.597079,65583129
4210,1988-09-20,0.590486,0.610354,0.577121,0.590486,56480123
4211,1988-09-21,0.590486,0.590486,0.577121,0.590486,49123427
4212,1988-09-22,0.583711,0.590486,0.570529,0.577121,71034323
4213,1988-09-23,0.583711,0.590486,0.570529,0.590486,87334830
4214,1988-09-26,0.590486,0.590486,0.570529,0.570529,68993743
4215,1988-09-27,0.570529,0.570529,0.550479,0.56366,69982672
4216,1988-09-28,0.570529,0.570529,0.557534,0.56366,55510487
4217,1988-09-29,0.570529,0.583711,0.56366,0.570529,66552762
4218,1988-09-30,0.570529,0.577121,0.56366,0.570529,95540559
4219,1988-10-03,0.557534,0.557534,0.530706,0.544258,100340503
4220,1988-10-04,0.544258,0.544258,0.523929,0.523929,106925350
4221,1988-10-05,0.523929,0.530706,0.510747,0.517431,187656038
4222,1988-10-06,0.523929,0.557534,0.517431,0.550479,96066383
4223,1988-10-07,0.544258,0.550479,0.490696,0.510747,374921329
4224,1988-10-10,0.510747,0.517431,0.490696,0.510747,118671939
4225,1988-10-11,0.510747,0.523929,0.504252,0.523929,191221023
4226,1988-10-12,0.517431,0.523929,0.504252,0.510747,81888463
4227,1988-10-13,0.504252,0.530706,0.504252,0.523929,114431591
4228,1988-10-14,0.530706,0.544258,0.523929,0.530706,85168827
4229,1988-10-17,0.523929,0.544258,0.523929,0.530706,30738929
4230,1988-10-18,0.536925,0.550479,0.530706,0.550479,78468200
4231,1988-10-19,0.557534,0.56366,0.536925,0.544258,121542259
4232,1988-10-20,0.544258,0.570529,0.544258,0.570529,90291984
4233,1988-10-21,0.570529,0.583711,0.557534,0.570529,74719905
4234,1988-10-24,0.577121,0.577121,0.557534,0.557534,36971617
4235,1988-10-25,0.570529,0.570529,0.550479,0.550479,50261907
4236,1988-10-26,0.557534,0.557534,0.530706,0.536925,118324609
4237,1988-10-27,0.523929,0.530706,0.504252,0.517431,154664270
4238,1988-10-28,0.517431,0.523929,0.504252,0.510747,96963657
4239,1988-10-31,0.510747,0.517431,0.497472,0.510747,74343629
4240,1988-11-01,0.517431,0.517431,0.504252,0.510747,58390455
4241,1988-11-02,0.510747,0.510747,0.497472,0.510747,63957420
4242,1988-11-03,0.504252,0.523929,0.504252,0.517431,77513042
4243,1988-11-04,0.517431,0.523929,0.510747,0.510747,65578309
4244,1988-11-07,0.517431,0.517431,0.497472,0.504252,34337681
4245,1988-11-08,0.510747,0.523929,0.504252,0.510747,60300782
4246,1988-11-09,0.510747,0.523929,0.504252,0.523929,79408894
4247,1988-11-10,0.517431,0.523929,0.497472,0.510747,99144136
4248,1988-11-11,0.504252,0.504252,0.484105,0.497472,112516434
4249,1988-11-14,0.497472,0.497472,0.477517,0.490696,51622293
4250,1988-11-15,0.490696,0.497472,0.450956,0.450956,131991177
4251,1988-11-16,0.47111,0.477517,0.457938,0.47111,178012736
4252,1988-11-17,0.47111,0.477517,0.464147,0.477517,87812414
4253,1988-11-18,0.477517,0.477517,0.47111,0.477517,49687843
4254,1988-11-21,0.404682,0.411364,0.397914,0.404682,639704474
4255,1988-11-22,0.404682,0.417808,0.397914,0.417808,233460509
4256,1988-11-23,0.411364,0.431185,0.404682,0.431185,177043096
4257,1988-11-25,0.431185,0.431185,0.411364,0.417808,35046811
4258,1988-11-28,0.411364,0.424518,0.404682,0.417808,63388180
4259,1988-11-29,0.424518,0.431185,0.411364,0.417808,60812134
4260,1988-11-30,0.424518,0.424518,0.411364,0.411364,132232378
4261,1988-12-01,0.417808,0.431185,0.404682,0.431185,96486076
4262,1988-12-02,0.424518,0.444468,0.417808,0.437775,127625404
4263,1988-12-05,0.431185,0.457938,0.431185,0.444468,117147538
4264,1988-12-06,0.444468,0.450956,0.437775,0.450956,68356967
4265,1988-12-07,0.450956,0.450956,0.437775,0.437775,81497717
4266,1988-12-08,0.444468,0.450956,0.437775,0.444468,28886484
4267,1988-12-09,0.444468,0.464147,0.444468,0.450956,59557877
4268,1988-12-12,0.450956,0.457938,0.437775,0.444468,38742045
4269,1988-12-13,0.444468,0.444468,0.431185,0.437775,64029778
4270,1988-12-14,0.431185,0.450956,0.431185,0.437775,42022408
4271,1988-12-15,0.464147,0.464147,0.444468,0.464147,111667404
4272,1988-12-16,0.464147,0.477517,0.450956,0.47111,131571477
4273,1988-12-19,0.47111,0.484105,0.47111,0.477517,125420803
4274,1988-12-20,0.477517,0.490696,0.464147,0.477517,113799635
4275,1988-12-21,0.477517,0.477517,0.450956,0.47111,60238074
4276,1988-12-22,0.464147,0.477517,0.450956,0.457938,56422234
4277,1988-12-23,0.457938,0.47111,0.450956,0.47111,28900957
4278,1988-12-27,0.464147,0.477517,0.464147,0.477517,31240628
4279,1988-12-28,0.47111,0.477517,0.464147,0.47111,37429903
4280,1988-12-29,0.477517,0.497472,0.47111,0.490696,96273814
4281,1988-12-30,0.484105,0.497472,0.47111,0.490696,74112075
4282,1989-01-03,0.490696,0.490696,0.477517,0.490696,67184720
4283,1989-01-04,0.497472,0.504252,0.484105,0.504252,76417976
4284,1989-01-05,0.497472,0.517431,0.490696,0.504252,96814116
4285,1989-01-06,0.504252,0.510747,0.497472,0.497472,46286884
4286,1989-01-09,0.497472,0.497472,0.484105,0.490696,51467927
4287,1989-01-10,0.490696,0.497472,0.477517,0.490696,41824620
4288,1989-01-11,0.490696,0.497472,0.484105,0.497472,107065246
4289,1989-01-12,0.497472,0.510747,0.497472,0.504252,177380781
4290,1989-01-13,0.504252,0.510747,0.497472,0.497472,101913148
4291,1989-01-16,0.497472,0.497472,0.490696,0.497472,105386476
4292,1989-01-17,0.490696,0.490696,0.47111,0.477517,121831699
4293,1989-01-18,0.477517,0.497472,0.477517,0.497472,89230683
4294,1989-01-19,0.497472,0.510747,0.497472,0.497472,127123698
4295,1989-01-20,0.504252,0.510747,0.490696,0.497472,69408615
4296,1989-01-23,0.490696,0.497472,0.484105,0.484105,58761909
4297,1989-01-24,0.477517,0.490696,0.47111,0.477517,105034313
4298,1989-01-25,0.484105,0.517431,0.484105,0.510747,93205717
4299,1989-01-26,0.517431,0.536925,0.504252,0.530706,173646959
4300,1989-01-27,0.523929,0.536925,0.523929,0.523929,181949168
4301,1989-01-30,0.523929,0.536925,0.523929,0.530706,66147546
4302,1989-01-31,0.530706,0.536925,0.523929,0.536925,51443807
4303,1989-02-01,0.544258,0.570529,0.530706,0.550479,201911143
4304,1989-02-02,0.550479,0.56366,0.550479,0.550479,73846749
4305,1989-02-03,0.557534,0.56366,0.544258,0.56366,82071774
4306,1989-02-06,0.56366,0.56366,0.550479,0.557534,68197771
4307,1989-02-07,0.550479,0.570529,0.550479,0.570529,118778065
4308,1989-02-08,0.56366,0.577121,0.544258,0.544258,74531767
4309,1989-02-09,0.544258,0.550479,0.530706,0.536925,52461679
4310,1989-02-10,0.523929,0.530706,0.504252,0.510747,116891864
4311,1989-02-13,0.510747,0.530706,0.504252,0.523929,66022116
4312,1989-02-14,0.530706,0.544258,0.523929,0.544258,67826320
4313,1989-02-15,0.536925,0.557534,0.530706,0.544258,63639033
4314,1989-02-16,0.544258,0.550479,0.536925,0.544258,53735237
4315,1989-02-17,0.544258,0.550479,0.536925,0.550479,51520986
4316,1989-02-21,0.550479,0.550479,0.530706,0.536925,39566960
4317,1989-02-22,0.536925,0.536925,0.517431,0.523929,59032054
4318,1989-02-23,0.523929,0.530706,0.517431,0.530706,52813833
4319,1989-02-24,0.523929,0.530706,0.517431,0.517431,73552483
4320,1989-02-27,0.523929,0.530706,0.517431,0.523929,74874274
4321,1989-02-28,0.523929,0.544258,0.523929,0.530706,85453446
4322,1989-03-01,0.530706,0.544258,0.523929,0.536925,52591928
4323,1989-03-02,0.536925,0.544258,0.530706,0.544258,66147546
4324,1989-03-03,0.544258,0.544258,0.536925,0.544258,33141307
4325,1989-03-06,0.544258,0.557534,0.536925,0.557534,62621158
4326,1989-03-07,0.557534,0.557534,0.544258,0.557534,48896698
4327,1989-03-08,0.550479,0.557534,0.544258,0.544258,50633359
4328,1989-03-09,0.550479,0.56366,0.550479,0.557534,62505376
4329,1989-03-10,0.544258,0.544258,0.536925,0.544258,47425359
4330,1989-03-13,0.544258,0.550479,0.544258,0.550479,72327173
4331,1989-03-14,0.544258,0.550479,0.523929,0.530706,66948343
4332,1989-03-15,0.530706,0.530706,0.510747,0.517431,62939544
4333,1989-03-16,0.517431,0.530706,0.510747,0.530706,88637322
4334,1989-03-17,0.510747,0.523929,0.504252,0.504252,64700321
4335,1989-03-20,0.504252,0.510747,0.484105,0.490696,105309288
4336,1989-03-21,0.497472,0.504252,0.490696,0.497472,84985508
4337,1989-03-22,0.497472,0.504252,0.477517,0.484105,63653507
4338,1989-03-23,0.484105,0.497472,0.477517,0.497472,67570647
4339,1989-03-27,0.497472,0.504252,0.497472,0.497472,36069518
4340,1989-03-28,0.497472,0.504252,0.497472,0.504252,28119465
4341,1989-03-29,0.504252,0.504252,0.497472,0.504252,22841938
4342,1989-03-30,0.504252,0.523929,0.497472,0.523929,65370871
4343,1989-03-31,0.523929,0.544258,0.523929,0.544258,65153789
4344,1989-04-03,0.544258,0.557534,0.530706,0.536925,55819227
4345,1989-04-04,0.530706,0.536925,0.510747,0.523929,122646966
4346,1989-04-05,0.523929,0.523929,0.510747,0.523929,66591357
4347,1989-04-06,0.523929,0.523929,0.517431,0.523929,40835687
4348,1989-04-07,0.523929,0.544258,0.523929,0.544258,58043125
4349,1989-04-10,0.544258,0.557534,0.544258,0.550479,65230973
4350,1989-04-11,0.557534,0.577121,0.557534,0.570529,192287135
4351,1989-04-12,0.583711,0.610354,0.577121,0.597079,178176750
4352,1989-04-13,0.623723,0.630034,0.583711,0.590486,242809542
4353,1989-04-14,0.597079,0.616666,0.590486,0.610354,124238909
4354,1989-04-17,0.610354,0.616666,0.597079,0.603577,56677913
4355,1989-04-18,0.603577,0.616666,0.603577,0.603577,124793674
4356,1989-04-19,0.610354,0.616666,0.603577,0.610354,79519850
4357,1989-04-20,0.610354,0.610354,0.590486,0.597079,51091645
4358,1989-04-21,0.597079,0.603577,0.590486,0.597079,37183877
4359,1989-04-24,0.597079,0.597079,0.583711,0.590486,19305905
4360,1989-04-25,0.597079,0.603577,0.583711,0.590486,61164292
4361,1989-04-26,0.590486,0.597079,0.577121,0.583711,60493747
4362,1989-04-27,0.577121,0.603577,0.577121,0.597079,49822921
4363,1989-04-28,0.597079,0.597079,0.590486,0.597079,32268159
4364,1989-05-01,0.590486,0.603577,0.583711,0.597079,44627402
4365,1989-05-02,0.597079,0.610354,0.590486,0.603577,49900105
4366,1989-05-03,0.603577,0.616666,0.597079,0.610354,96727282
4367,1989-05-04,0.610354,0.616666,0.603577,0.610354,42495167
4368,1989-05-05,0.610354,0.623723,0.603577,0.603577,80253104
4369,1989-05-08,0.603577,0.610354,0.590486,0.603577,41110658
4370,1989-05-09,0.610354,0.616666,0.597079,0.603577,39161740
4371,1989-05-10,0.610354,0.616666,0.597079,0.603577,29557028
4372,1989-05-11,0.610354,0.616666,0.603577,0.616666,40112078
4373,1989-05-12,0.616666,0.630034,0.616666,0.630034,118503099
4374,1989-05-15,0.623723,0.643307,0.623723,0.63709,71511905
4375,1989-05-16,0.63709,0.63709,0.630034,0.63709,87479555
4376,1989-05-17,0.63709,0.656676,0.630034,0.650085,115946348
4377,1989-05-18,0.650085,0.670043,0.650085,0.663451,75221608
4378,1989-05-19,0.670043,0.683133,0.663451,0.676354,84517578
4379,1989-05-22,0.676354,0.676354,0.663451,0.663451,52452033
4380,1989-05-23,0.663451,0.663451,0.643307,0.643307,43078877
4381,1989-05-24,0.650085,0.656676,0.643307,0.656676,132121431
4382,1989-05-25,0.650085,0.663451,0.650085,0.656676,60078877
4383,1989-05-26,0.650085,0.663451,0.650085,0.663451,37415431
4384,1989-05-30,0.663451,0.676354,0.663451,0.670043,44106403
4385,1989-05-31,0.663451,0.683133,0.663451,0.670043,33980697
4386,1989-06-01,0.670043,0.690002,0.670043,0.683133,70508500
4387,1989-06-02,0.683133,0.696499,0.670043,0.683133,47324057
4388,1989-06-05,0.683133,0.690002,0.63709,0.63709,113162860
4389,1989-06-06,0.650085,0.663451,0.643307,0.656676,101961388
4390,1989-06-07,0.663451,0.676354,0.656676,0.663451,49456292
4391,1989-06-08,0.670043,0.676354,0.650085,0.650085,41448340
4392,1989-06-09,0.656676,0.663451,0.63709,0.643307,55717921
4393,1989-06-12,0.643307,0.663451,0.63709,0.663451,62804470
4394,1989-06-13,0.656676,0.656676,0.630034,0.63709,101324612
4395,1989-06-14,0.63709,0.63709,0.616666,0.623723,83354981
4396,1989-06-15,0.623723,0.630034,0.597079,0.616666,66118600
4397,1989-06-16,0.616666,0.623723,0.610354,0.623723,81845042
4398,1989-06-19,0.623723,0.623723,0.616666,0.623723,24245739
4399,1989-06-20,0.616666,0.630034,0.603577,0.603577,56875700
4400,1989-06-21,0.603577,0.616666,0.603577,0.616666,47381940
4401,1989-06-22,0.616666,0.63709,0.610354,0.630034,52809007
4402,1989-06-23,0.63709,0.63709,0.623723,0.63709,89616611
4403,1989-06-26,0.63709,0.656676,0.630034,0.643307,100929037
4404,1989-06-27,0.643307,0.663451,0.643307,0.650085,86919962
4405,1989-06-28,0.63709,0.63709,0.616666,0.63709,81372287
4406,1989-06-29,0.630034,0.630034,0.590486,0.597079,126757068
4407,1989-06-30,0.590486,0.597079,0.577121,0.597079,89621437
4408,1989-07-03,0.597079,0.597079,0.583711,0.590486,38674510
4409,1989-07-05,0.590486,0.590486,0.577121,0.583711,37555328
4410,1989-07-06,0.577121,0.590486,0.577121,0.583711,62558448
4411,1989-07-07,0.583711,0.603577,0.577121,0.597079,51824907
4412,1989-07-10,0.603577,0.623723,0.590486,0.616666,44767302
4413,1989-07-11,0.616666,0.623723,0.610354,0.616666,39875702
4414,1989-07-12,0.616666,0.616666,0.603577,0.616666,47845056
4415,1989-07-13,0.616666,0.616666,0.610354,0.610354,32982118
4416,1989-07-14,0.610354,0.616666,0.603577,0.616666,63257937
4417,1989-07-17,0.616666,0.650085,0.616666,0.650085,51559584
4418,1989-07-18,0.63709,0.63709,0.590486,0.597079,200256490
4419,1989-07-19,0.603577,0.603577,0.570529,0.590486,165899511
4420,1989-07-20,0.590486,0.603577,0.590486,0.590486,76553049
4421,1989-07-21,0.590486,0.610354,0.590486,0.610354,38201751
4422,1989-07-24,0.603577,0.610354,0.590486,0.590486,42799083
4423,1989-07-25,0.590486,0.603577,0.577121,0.583711,85164000
4424,1989-07-26,0.583711,0.590486,0.570529,0.590486,63875413
4425,1989-07-27,0.590486,0.616666,0.590486,0.610354,62133928
4426,1989-07-28,0.610354,0.616666,0.597079,0.616666,27154651
4427,1989-07-31,0.616666,0.630034,0.610354,0.630034,47984952
4428,1989-08-01,0.630034,0.63709,0.603577,0.603577,54700047
4429,1989-08-02,0.610354,0.616666,0.597079,0.616666,36450616
4430,1989-08-03,0.616666,0.643307,0.616666,0.63709,113558429
4431,1989-08-04,0.63709,0.663451,0.63709,0.656676,117779492
4432,1989-08-07,0.663451,0.683133,0.656676,0.676354,107455997
4433,1989-08-08,0.683133,0.683133,0.670043,0.683133,158880505
4434,1989-08-09,0.676354,0.683133,0.650085,0.650085,73489768
4435,1989-08-10,0.650085,0.656676,0.63709,0.643307,47024962
4436,1989-08-11,0.656676,0.656676,0.623723,0.63709,70112924
4437,1989-08-14,0.630034,0.63709,0.616666,0.623723,46436433
4438,1989-08-15,0.616666,0.630034,0.616666,0.623723,60271839
4439,1989-08-16,0.616666,0.630034,0.583711,0.597079,214038834
4440,1989-08-17,0.597079,0.616666,0.590486,0.610354,133047648
4441,1989-08-18,0.610354,0.616666,0.603577,0.610354,37791705
4442,1989-08-21,0.603577,0.610354,0.590486,0.590486,58704015
4443,1989-08-22,0.597079,0.603577,0.583711,0.603577,98097320
4444,1989-08-23,0.597079,0.623723,0.597079,0.623723,115237205
4445,1989-08-24,0.623723,0.630034,0.616666,0.630034,107730965
4446,1989-08-25,0.630034,0.63709,0.623723,0.63709,115955986
4447,1989-08-28,0.63709,0.63709,0.616666,0.630034,46002262
4448,1989-08-29,0.630034,0.630034,0.616666,0.616666,69804185
4449,1989-08-30,0.616666,0.623723,0.616666,0.623723,51877970
4450,1989-08-31,0.616666,0.623723,0.616666,0.616666,41395277
4451,1989-09-01,0.616666,0.630034,0.616666,0.623723,26098184
4452,1989-09-05,0.623723,0.643307,0.623723,0.630034,55153506
4453,1989-09-06,0.630034,0.630034,0.616666,0.616666,48703737
4454,1989-09-07,0.616666,0.630034,0.616666,0.616666,49065543
4455,1989-09-08,0.616666,0.616666,0.603577,0.616666,99086248
4456,1989-09-11,0.610354,0.623723,0.610354,0.616666,57483531
4457,1989-09-12,0.616666,0.643307,0.616666,0.63709,85356962
4458,1989-09-13,0.650085,0.663451,0.63709,0.643307,100229549
4459,1989-09-14,0.643307,0.650085,0.63709,0.63709,39648969
4460,1989-09-15,0.63709,0.643307,0.63709,0.643307,59027230
4461,1989-09-18,0.643307,0.643307,0.623723,0.630034,46798230
4462,1989-09-19,0.63709,0.63709,0.623723,0.63709,31462533
4463,1989-09-20,0.63709,0.650085,0.630034,0.643307,53696639
4464,1989-09-21,0.643307,0.663451,0.643307,0.656676,67464514
4465,1989-09-22,0.656676,0.663451,0.643307,0.656676,57126543
4466,1989-09-25,0.656676,0.663451,0.650085,0.656676,48457708
4467,1989-09-26,0.663451,0.663451,0.650085,0.663451,54159749
4468,1989-09-27,0.643307,0.663451,0.63709,0.650085,38423656
4469,1989-09-28,0.650085,0.663451,0.650085,0.663451,134629943
4470,1989-09-29,0.656676,0.670043,0.656676,0.663451,93750830
4471,1989-10-02,0.663451,0.676354,0.663451,0.670043,59606116
4472,1989-10-03,0.663451,0.676354,0.650085,0.656676,79452309
4473,1989-10-04,0.656676,0.683133,0.643307,0.670043,137852416
4474,1989-10-05,0.670043,0.696499,0.663451,0.683133,105926769
4475,1989-10-06,0.690002,0.696499,0.683133,0.690002,74522117
4476,1989-10-09,0.683133,0.716735,0.683133,0.716735,92178188
4477,1989-10-10,0.716735,0.722863,0.690002,0.70309,107330568
4478,1989-10-11,0.696499,0.696499,0.683133,0.696499,67908330
4479,1989-10-12,0.696499,0.70309,0.690002,0.696499,44627402
4480,1989-10-13,0.70309,0.722863,0.650085,0.656676,160679876
4481,1989-10-16,0.630034,0.683133,0.616666,0.683133,178089920
4482,1989-10-17,0.676354,0.709588,0.663451,0.690002,132632780
4483,1989-10-18,0.690002,0.70309,0.676354,0.696499,43976156
4484,1989-10-19,0.70309,0.722863,0.696499,0.716735,71391301
4485,1989-10-20,0.716735,0.722863,0.70309,0.716735,58839090
4486,1989-10-23,0.722863,0.722863,0.683133,0.690002,91372566
4487,1989-10-24,0.683133,0.683133,0.663451,0.683133,78072631
4488,1989-10-25,0.683133,0.683133,0.670043,0.676354,30671390
4489,1989-10-26,0.63709,0.676354,0.63709,0.663451,174139016
4490,1989-10-27,0.663451,0.663451,0.643307,0.656676,49504528
4491,1989-10-30,0.663451,0.670043,0.656676,0.670043,33469345
4492,1989-10-31,0.670043,0.696499,0.663451,0.696499,64468771
4493,1989-11-01,0.690002,0.70309,0.670043,0.683133,27429618
4494,1989-11-02,0.663451,0.670043,0.63709,0.650085,147524658
4495,1989-11-03,0.650085,0.663451,0.630034,0.630034,54989491
4496,1989-11-06,0.63709,0.63709,0.610354,0.616666,97889881
4497,1989-11-07,0.616666,0.656676,0.610354,0.650085,72182447
4498,1989-11-08,0.656676,0.676354,0.650085,0.656676,89327168
4499,1989-11-09,0.663451,0.663451,0.643307,0.663451,50763611
4500,1989-11-10,0.663451,0.696499,0.663451,0.676354,40999706
4501,1989-11-13,0.676354,0.690002,0.670043,0.683133,38824057
4502,1989-11-14,0.683133,0.690002,0.663451,0.683133,36561568
4503,1989-11-15,0.676354,0.696499,0.670043,0.696499,40083129
4504,1989-11-16,0.70309,0.70309,0.683133,0.690002,36672523
4505,1989-11-17,0.690002,0.709588,0.690002,0.70309,59475867
4506,1989-11-20,0.70309,0.709588,0.676354,0.690002,26464810
4507,1989-11-21,0.683133,0.696499,0.676354,0.690002,24757093
4508,1989-11-22,0.696499,0.722863,0.690002,0.709588,73099023
4509,1989-11-24,0.716735,0.716735,0.709588,0.716735,23758509
4510,1989-11-27,0.716735,0.716735,0.70309,0.716735,80060141
4511,1989-11-28,0.709588,0.716735,0.709588,0.709588,66977282
4512,1989-11-29,0.709588,0.722863,0.690002,0.716735,46214521
4513,1989-11-30,0.716735,0.722863,0.709588,0.716735,97267579
4514,1989-12-01,0.716735,0.736415,0.716735,0.729638,137283174
4515,1989-12-04,0.729638,0.742913,0.729638,0.736415,65115198
4516,1989-12-05,0.736415,0.742913,0.722863,0.729638,34342499
4517,1989-12-06,0.729638,0.729638,0.716735,0.716735,36822064
4518,1989-12-07,0.722863,0.722863,0.709588,0.716735,39615205
4519,1989-12-08,0.709588,0.722863,0.683133,0.690002,85149527
4520,1989-12-11,0.690002,0.690002,0.656676,0.670043,87701456
4521,1989-12-12,0.663451,0.676354,0.650085,0.663451,92023819
4522,1989-12-13,0.663451,0.670043,0.656676,0.663451,35017870
4523,1989-12-14,0.663451,0.663451,0.63709,0.650085,84975867
4524,1989-12-15,0.650085,0.656676,0.630034,0.63709,92761901
4525,1989-12-18,0.63709,0.63709,0.616666,0.623723,62707991
4526,1989-12-19,0.616666,0.643307,0.616666,0.63709,61313834
4527,1989-12-20,0.650085,0.663451,0.643307,0.650085,64415704
4528,1989-12-21,0.656676,0.690002,0.650085,0.690002,82896690
4529,1989-12-22,0.683133,0.70309,0.683133,0.683133,61887900
4530,1989-12-26,0.683133,0.690002,0.670043,0.676354,14038017
4531,1989-12-27,0.683133,0.709588,0.683133,0.70309,74835682
4532,1989-12-28,0.70309,0.709588,0.696499,0.70309,39750280
4533,1989-12-29,0.709588,0.716735,0.70309,0.709588,35712535
4534,1990-01-02,0.709588,0.742913,0.70309,0.742913,96230400
4535,1990-01-03,0.742913,0.749503,0.722863,0.722863,104778637
4536,1990-01-04,0.729638,0.742913,0.709588,0.736415,88164567
4537,1990-01-05,0.736415,0.742913,0.729638,0.729638,55833699
4538,1990-01-08,0.736415,0.749503,0.729638,0.742913,65284038
4539,1990-01-09,0.756096,0.776333,0.756096,0.762686,155320349
4540,1990-01-10,0.756096,0.76937,0.729638,0.742913,172016428
4541,1990-01-11,0.742913,0.756096,0.736415,0.742913,61912021
4542,1990-01-12,0.729638,0.742913,0.722863,0.729638,73644142
4543,1990-01-15,0.729638,0.736415,0.716735,0.729638,50999986
4544,1990-01-16,0.729638,0.782923,0.722863,0.776333,156757917
4545,1990-01-17,0.776333,0.796012,0.776333,0.776333,173391282
4546,1990-01-18,0.776333,0.776333,0.756096,0.76937,129000258
4547,1990-01-19,0.776333,0.789607,0.776333,0.782923,55939824
4548,1990-01-22,0.782923,0.782923,0.756096,0.756096,72587665
4549,1990-01-23,0.776333,0.776333,0.756096,0.756096,80967071
4550,1990-01-24,0.742913,0.789607,0.729638,0.782923,132049069
4551,1990-01-25,0.789607,0.809287,0.782923,0.789607,138301055
4552,1990-01-26,0.789607,0.82284,0.789607,0.802603,218298485
4553,1990-01-29,0.802603,0.815969,0.76937,0.789607,150988333
4554,1990-01-30,0.782923,0.789607,0.76937,0.782923,74941813
4555,1990-01-31,0.782923,0.815969,0.782923,0.815969,142415979
4556,1990-02-01,0.815969,0.82284,0.802603,0.802603,67580291
4557,1990-02-02,0.802603,0.828968,0.802603,0.815969,73373993
4558,1990-02-05,0.802603,0.828968,0.802603,0.828968,89809571
4559,1990-02-06,0.828968,0.828968,0.802603,0.828968,57242325
4560,1990-02-07,0.82284,0.849017,0.815969,0.828968,106891580
4561,1990-02-08,0.828968,0.855424,0.828968,0.835837,109940385
4562,1990-02-09,0.835837,0.842428,0.82284,0.828968,64377116
4563,1990-02-12,0.828968,0.828968,0.802603,0.809287,40280923
4564,1990-02-13,0.809287,0.828968,0.802603,0.82284,53629103
4565,1990-02-14,0.815969,0.828968,0.815969,0.828968,38727578
4566,1990-02-15,0.815969,0.828968,0.802603,0.828968,89655205
4567,1990-02-16,0.828968,0.842428,0.82284,0.828968,119057863
4568,1990-02-20,0.809287,0.815969,0.789607,0.802603,76813549
4569,1990-02-21,0.796012,0.809287,0.782923,0.802603,78738349
4570,1990-02-22,0.809287,0.815969,0.796012,0.802603,59938976
4571,1990-02-23,0.782923,0.802603,0.782923,0.796012,55066673
4572,1990-02-26,0.796012,0.815969,0.789607,0.815969,36117757
4573,1990-02-27,0.815969,0.828968,0.802603,0.815969,86206002
4574,1990-02-28,0.815969,0.828968,0.815969,0.828968,61955436
4575,1990-03-01,0.828968,0.849017,0.82284,0.835837,135252243
4576,1990-03-02,0.842428,0.849017,0.828968,0.842428,91435282
4577,1990-03-05,0.835837,0.842428,0.82284,0.82284,63909180
4578,1990-03-06,0.82284,0.842428,0.802603,0.835837,112154633
4579,1990-03-07,0.842428,0.849017,0.82284,0.828968,56991476
4580,1990-03-08,0.82284,0.828968,0.809287,0.828968,54839944
4581,1990-03-09,0.828968,0.842428,0.828968,0.835837,99534886
4582,1990-03-12,0.828968,0.828968,0.802603,0.828968,103500262
4583,1990-03-13,0.828968,0.842428,0.82284,0.82284,59413160
4584,1990-03-14,0.82284,0.828968,0.802603,0.82284,86177058
4585,1990-03-15,0.809287,0.828968,0.802603,0.828968,117803606
4586,1990-03-16,0.849017,0.888934,0.828968,0.868884,313732914
4587,1990-03-19,0.868884,0.902303,0.868884,0.895711,123413992
4588,1990-03-20,0.895711,0.902303,0.881972,0.888934,129714218
4589,1990-03-21,0.888934,0.895711,0.868884,0.875846,73422234
4590,1990-03-22,0.868884,0.875846,0.855424,0.868884,82472179
4591,1990-03-23,0.868884,0.888934,0.868884,0.875846,43971332
4592,1990-03-26,0.875846,0.888934,0.868884,0.881972,29118041
4593,1990-03-27,0.875846,0.888934,0.868884,0.888934,98984944
4594,1990-03-28,0.881972,0.888934,0.868884,0.875846,46894710
4595,1990-03-29,0.875846,0.875846,0.862849,0.862849,51969627
4596,1990-03-30,0.862849,0.881972,0.862849,0.862849,67363211
4597,1990-04-02,0.849017,0.862849,0.842428,0.862849,117451452
4598,1990-04-03,0.855424,0.875846,0.855424,0.868884,49678192
4599,1990-04-04,0.868884,0.888934,0.868884,0.875846,121354118
4600,1990-04-05,0.868884,0.875846,0.862849,0.868884,57787443
4601,1990-04-06,0.868884,0.868884,0.849017,0.855424,40155499
4602,1990-04-09,0.849017,0.862849,0.849017,0.855424,43493751
4603,1990-04-10,0.849017,0.868884,0.849017,0.868884,57377399
4604,1990-04-11,0.881972,0.902303,0.875846,0.881972,132917395
4605,1990-04-12,0.902303,0.908708,0.875846,0.875846,171456833
4606,1990-04-16,0.881972,0.888934,0.868884,0.875846,95950604
4607,1990-04-17,0.868884,0.881972,0.862849,0.875846,67739486
4608,1990-04-18,0.875846,0.881972,0.849017,0.849017,108744022
4609,1990-04-19,0.849017,0.849017,0.828968,0.828968,105439541
4610,1990-04-20,0.828968,0.842428,0.82284,0.828968,133723021
4611,1990-04-23,0.828968,0.828968,0.802603,0.815969,76017578
4612,1990-04-24,0.82284,0.82284,0.802603,0.802603,55775810
4613,1990-04-25,0.802603,0.828968,0.802603,0.82284,72114914
4614,1990-04-26,0.828968,0.828968,0.809287,0.828968,53291422
4615,1990-04-27,0.828968,0.828968,0.809287,0.815969,39354699
4616,1990-04-30,0.809287,0.82284,0.802603,0.815969,44376555
4617,1990-05-01,0.815969,0.828968,0.815969,0.815969,46962249
4618,1990-05-02,0.815969,0.828968,0.815969,0.828968,81488066
4619,1990-05-03,0.835837,0.849017,0.828968,0.849017,125748842
4620,1990-05-04,0.855424,0.875846,0.849017,0.868884,114634199
4621,1990-05-07,0.875846,0.895711,0.868884,0.888934,111532333
4622,1990-05-08,0.895711,0.895711,0.868884,0.888934,42659188
4623,1990-05-09,0.888934,0.895711,0.881972,0.895711,126236071
4624,1990-05-10,0.895711,0.902303,0.868884,0.895711,102115755
4625,1990-05-11,0.895711,0.928666,0.888934,0.928666,164659726
4626,1990-05-14,0.928666,0.935352,0.921982,0.921982,187516140
4627,1990-05-15,0.921982,0.921982,0.902303,0.921982,87141867
4628,1990-05-16,0.921982,0.921982,0.902303,0.921982,113857528
4629,1990-05-17,0.921982,0.935352,0.921982,0.928666,114947765
4630,1990-05-18,0.921982,0.935352,0.921982,0.928666,110572341
4631,1990-05-21,0.935352,0.941848,0.921982,0.941848,138672507
4632,1990-05-22,0.941848,0.955301,0.941848,0.9489,148952584
4633,1990-05-23,0.9489,0.988175,0.941848,0.988175,139222446
4634,1990-05-24,0.988175,1.0083,0.988175,0.995038,163564667
4635,1990-05-25,0.995038,0.995038,0.974981,0.981858,73673084
4636,1990-05-29,0.981858,1.0083,0.981858,1.00181,66239207
4637,1990-05-30,1.0083,1.01499,0.988175,0.988175,94088517
4638,1990-05-31,0.981858,0.995038,0.974981,0.995038,63209692
4639,1990-06-01,0.995038,1.0083,0.981858,0.981858,92033463
4640,1990-06-04,0.981858,1.00181,0.968491,1.00181,92284318
4641,1990-06-05,1.00181,1.0083,0.968491,0.974981,98791978
4642,1990-06-06,0.968491,0.988175,0.961798,0.988175,59948630
4643,1990-06-07,0.981858,0.988175,0.961798,0.968491,57898400
4644,1990-06-08,0.968491,0.968491,0.941848,0.961798,71738636
4645,1990-06-11,0.9489,0.981858,0.9489,0.981858,64377116
4646,1990-06-12,0.988175,0.995038,0.968491,0.988175,71560146
4647,1990-06-13,0.988175,0.995038,0.981858,0.988175,72549080
4648,1990-06-14,0.988175,1.0083,0.974981,0.988175,77469622
4649,1990-06-15,0.988175,1.0083,0.988175,0.995038,78043684
4650,1990-06-18,0.988175,0.988175,0.968491,0.968491,60049931
4651,1990-06-19,0.974981,0.981858,0.968491,0.968491,37917129
4652,1990-06-20,0.974981,0.981858,0.968491,0.981858,26083705
4653,1990-06-21,0.981858,0.981858,0.968491,0.974981,31539721
4654,1990-06-22,0.981858,0.988175,0.9489,0.9489,67339088
4655,1990-06-25,0.9489,0.968491,0.935352,0.941848,85511335
4656,1990-06-26,0.941848,0.955301,0.935352,0.941848,65448062
4657,1990-06-27,0.941848,0.955301,0.928666,0.9489,40271274
4658,1990-06-28,0.9489,0.955301,0.941848,0.955301,58318096
4659,1990-06-29,0.961798,0.988175,0.955301,0.968491,59282904
4660,1990-07-02,0.968491,0.981858,0.968491,0.981858,55052202
4661,1990-07-03,0.974981,0.988175,0.968491,0.981858,66851863
4662,1990-07-05,0.981858,0.988175,0.968491,0.968491,61839659
4663,1990-07-06,0.968491,0.974981,0.961798,0.968491,46286884
4664,1990-07-09,0.968491,0.974981,0.955301,0.968491,50165426
4665,1990-07-10,0.968491,0.968491,0.9489,0.955301,46132511
4666,1990-07-11,0.955301,0.995038,0.9489,0.988175,110794251
4667,1990-07-12,0.995038,1.01499,0.981858,1.0083,98131080
4668,1990-07-13,1.0083,1.05491,1.0083,1.03487,141340211
4669,1990-07-16,1.03487,1.06142,1.02168,1.06142,80841644
4670,1990-07-17,1.06142,1.07451,1.03487,1.04136,155412004
4671,1990-07-18,1.03487,1.04814,0.995038,1.00181,106664849
4672,1990-07-19,0.988175,0.995038,0.968491,0.988175,90687552
4673,1990-07-20,0.988175,0.988175,0.921982,0.928666,181563245
4674,1990-07-23,0.928666,0.935352,0.908708,0.921982,149951163
4675,1990-07-24,0.928666,0.928666,0.809287,0.895711,339068890
4676,1990-07-25,0.895711,0.902303,0.881972,0.895711,80571496
4677,1990-07-26,0.895711,0.921982,0.895711,0.902303,94913433
4678,1990-07-27,0.902303,0.915392,0.895711,0.895711,60059582
4679,1990-07-30,0.888934,0.895711,0.862849,0.895711,65173088
4680,1990-07-31,0.895711,0.921982,0.895711,0.921982,52953737
4681,1990-08-01,0.921982,0.921982,0.868884,0.875846,103432722
4682,1990-08-02,0.849017,0.855424,0.828968,0.828968,166772667
4683,1990-08-03,0.828968,0.828968,0.756096,0.809287,262100972
4684,1990-08-06,0.762686,0.802603,0.742913,0.76937,178408306
4685,1990-08-07,0.782923,0.796012,0.762686,0.782923,138571195
4686,1990-08-08,0.782923,0.789607,0.756096,0.76937,171924765
4687,1990-08-09,0.782923,0.82284,0.76937,0.809287,89968768
4688,1990-08-10,0.809287,0.809287,0.776333,0.789607,90827453
4689,1990-08-13,0.782923,0.815969,0.762686,0.789607,86505093
4690,1990-08-14,0.789607,0.789607,0.756096,0.762686,147452299
4691,1990-08-15,0.762686,0.776333,0.756096,0.762686,68265315
4692,1990-08-16,0.756096,0.76937,0.742913,0.742913,94324898
4693,1990-08-17,0.736415,0.742913,0.683133,0.709588,157920515
4694,1990-08-20,0.70309,0.709588,0.676354,0.683133,112637036
4695,1990-08-21,0.676354,0.683133,0.650085,0.663451,113910588
4696,1990-08-22,0.676354,0.683133,0.656676,0.663451,89626260
4697,1990-08-23,0.650085,0.709588,0.630034,0.683133,214550184
4698,1990-08-24,0.709588,0.742913,0.683133,0.742913,170718753
4699,1990-08-27,0.756096,0.776333,0.736415,0.749503,154123982
4700,1990-08-28,0.742913,0.749503,0.729638,0.736415,61902370
4701,1990-08-29,0.729638,0.729638,0.70309,0.722863,81179324
4702,1990-08-30,0.722863,0.729638,0.683133,0.683133,97146972
4703,1990-08-31,0.683133,0.690002,0.643307,0.690002,118093053
4704,1990-09-04,0.683133,0.696499,0.670043,0.690002,64193805
4705,1990-09-05,0.683133,0.690002,0.670043,0.670043,69471327
4706,1990-09-06,0.670043,0.676354,0.63709,0.643307,150380504
4707,1990-09-07,0.643307,0.663451,0.616666,0.656676,196812107
4708,1990-09-10,0.670043,0.683133,0.663451,0.670043,57483531
4709,1990-09-11,0.663451,0.670043,0.650085,0.663451,59673654
4710,1990-09-12,0.663451,0.683133,0.650085,0.676354,85593344
4711,1990-09-13,0.683133,0.690002,0.663451,0.663451,40570368
4712,1990-09-14,0.663451,0.676354,0.650085,0.676354,37550504
4713,1990-09-17,0.663451,0.690002,0.663451,0.676354,64845052
4714,1990-09-18,0.676354,0.690002,0.663451,0.690002,92154068
4715,1990-09-19,0.690002,0.709588,0.683133,0.696499,96191810
4716,1990-09-20,0.70309,0.70309,0.676354,0.683133,51419683
4717,1990-09-21,0.683133,0.683133,0.670043,0.676354,56070078
4718,1990-09-24,0.676354,0.683133,0.663451,0.663451,59374560
4719,1990-09-25,0.670043,0.696499,0.656676,0.696499,81309578
4720,1990-09-26,0.690002,0.696499,0.670043,0.676354,57999701
4721,1990-09-27,0.676354,0.683133,0.650085,0.663451,201110349
4722,1990-09-28,0.656676,0.690002,0.643307,0.683133,104899244
4723,1990-10-01,0.683133,0.709588,0.676354,0.70309,111662578
4724,1990-10-02,0.709588,0.729638,0.709588,0.709588,106664849
4725,1990-10-03,0.709588,0.709588,0.676354,0.683133,65081429
4726,1990-10-04,0.683133,0.690002,0.656676,0.663451,93803898
4727,1990-10-05,0.650085,0.683133,0.643307,0.676354,62114632
4728,1990-10-08,0.683133,0.696499,0.670043,0.676354,38901242
4729,1990-10-09,0.656676,0.663451,0.616666,0.623723,96621152
4730,1990-10-10,0.623723,0.643307,0.610354,0.616666,87759345
4731,1990-10-11,0.616666,0.616666,0.577121,0.603577,158547642
4732,1990-10-12,0.597079,0.616666,0.583711,0.616666,158639300
4733,1990-10-15,0.63709,0.650085,0.623723,0.650085,126313260
4734,1990-10-16,0.650085,0.650085,0.63709,0.63709,59152655
4735,1990-10-17,0.63709,0.670043,0.63709,0.663451,67339088
4736,1990-10-18,0.670043,0.709588,0.663451,0.70309,108391862
4737,1990-10-19,0.709588,0.736415,0.70309,0.716735,153984075
4738,1990-10-22,0.709588,0.736415,0.709588,0.729638,71709698
4739,1990-10-23,0.729638,0.742913,0.722863,0.729638,70590508
4740,1990-10-24,0.729638,0.729638,0.709588,0.722863,66277798
4741,1990-10-25,0.716735,0.722863,0.663451,0.70309,134350142
4742,1990-10-26,0.696499,0.70309,0.683133,0.683133,35630526
4743,1990-10-29,0.683133,0.690002,0.663451,0.670043,51656058
4744,1990-10-30,0.663451,0.696499,0.663451,0.683133,51246017
4745,1990-10-31,0.70309,0.70309,0.683133,0.690002,67792556
4746,1990-11-01,0.683133,0.696499,0.670043,0.690002,45814125
4747,1990-11-02,0.696499,0.729638,0.690002,0.722863,92298790
4748,1990-11-05,0.729638,0.756096,0.722863,0.749503,72264459
4749,1990-11-06,0.749503,0.762686,0.742913,0.742913,68265315
4750,1990-11-07,0.742913,0.749503,0.709588,0.709588,68906913
4751,1990-11-08,0.70309,0.729638,0.70309,0.729638,61116046
4752,1990-11-09,0.729638,0.762686,0.722863,0.742913,44897549
4753,1990-11-12,0.749503,0.76937,0.729638,0.76937,86683584
4754,1990-11-13,0.762686,0.796012,0.762686,0.782923,102742884
4755,1990-11-14,0.782923,0.789607,0.776333,0.782923,99486642
4756,1990-11-15,0.782923,0.782923,0.756096,0.756096,57097604
4757,1990-11-16,0.756096,0.76937,0.736415,0.762686,44849310
4758,1990-11-19,0.762686,0.789607,0.762686,0.76937,60614345
4759,1990-11-20,0.76937,0.776333,0.756096,0.756096,38457423
4760,1990-11-21,0.756096,0.762686,0.736415,0.749503,61984380
4761,1990-11-23,0.749503,0.749503,0.729638,0.729638,33474169
4762,1990-11-26,0.722863,0.742913,0.70309,0.742913,50541701
4763,1990-11-27,0.742913,0.76937,0.729638,0.76937,81034604
4764,1990-11-28,0.762686,0.782923,0.762686,0.782923,47140743
4765,1990-11-29,0.776333,0.782923,0.762686,0.782923,41940397
4766,1990-11-30,0.776333,0.782923,0.749503,0.776333,93871437
4767,1990-12-03,0.782923,0.789607,0.776333,0.782923,94570922
4768,1990-12-04,0.782923,0.802603,0.776333,0.789607,59919681
4769,1990-12-05,0.782923,0.789607,0.76937,0.789607,68704299
4770,1990-12-06,0.802603,0.809287,0.789607,0.789607,113399240
4771,1990-12-07,0.789607,0.802603,0.776333,0.782923,52770423
4772,1990-12-10,0.782923,0.789607,0.776333,0.782923,51588527
4773,1990-12-11,0.76937,0.789607,0.736415,0.736415,141909449
4774,1990-12-12,0.742913,0.756096,0.729638,0.756096,100919394
4775,1990-12-13,0.756096,0.756096,0.736415,0.749503,60074052
4776,1990-12-14,0.736415,0.742913,0.729638,0.742913,54140457
4777,1990-12-17,0.722863,0.736415,0.716735,0.736415,39499424
4778,1990-12-18,0.742913,0.76937,0.736415,0.76937,49605836
4779,1990-12-19,0.76937,0.782923,0.762686,0.782923,71159744
4780,1990-12-20,0.776333,0.809287,0.76937,0.802603,95289711
4781,1990-12-21,0.809287,0.828968,0.802603,0.828968,76736367
4782,1990-12-24,0.82284,0.828968,0.796012,0.802603,15716798
4783,1990-12-26,0.802603,0.809287,0.776333,0.776333,31448063
4784,1990-12-27,0.782923,0.789607,0.762686,0.762686,57932168
4785,1990-12-28,0.756096,0.782923,0.749503,0.782923,55269287
4786,1990-12-31,0.782923,0.802603,0.782923,0.796012,27916853
4787,1991-01-02,0.782923,0.802603,0.782923,0.796012,40965940
4788,1991-01-03,0.796012,0.809287,0.789607,0.796012,56026665
4789,1991-01-04,0.796012,0.82284,0.789607,0.802603,66625128
4790,1991-01-07,0.789607,0.802603,0.789607,0.789607,58043125
4791,1991-01-08,0.789607,0.802603,0.782923,0.782923,61772123
4792,1991-01-09,0.789607,0.828968,0.789607,0.789607,130896116
4793,1991-01-10,0.796012,0.802603,0.782923,0.802603,44468208
4794,1991-01-11,0.802603,0.828968,0.796012,0.82284,57034888
4795,1991-01-14,0.802603,0.82284,0.796012,0.815969,73161729
4796,1991-01-15,0.815969,0.842428,0.815969,0.835837,99423931
4797,1991-01-16,0.842428,0.881972,0.842428,0.868884,145064390
4798,1991-01-17,0.895711,0.928666,0.828968,0.868884,503931234
4799,1991-01-18,0.849017,0.908708,0.849017,0.902303,245506194
4800,1991-01-21,0.902303,0.941848,0.895711,0.928666,149444633
4801,1991-01-22,0.928666,0.935352,0.895711,0.902303,105111497
4802,1991-01-23,0.895711,0.921982,0.888934,0.908708,100991749
4803,1991-01-24,0.908708,0.921982,0.895711,0.902303,101199190
4804,1991-01-25,0.902303,0.928666,0.895711,0.908708,82530061
4805,1991-01-28,0.902303,0.915392,0.888934,0.908708,69905495
4806,1991-01-29,0.908708,0.928666,0.895711,0.921982,74059010
4807,1991-01-30,0.895711,0.921982,0.895711,0.921982,187274936
4808,1991-01-31,0.921982,0.941848,0.921982,0.941848,134880792
4809,1991-02-01,0.941848,0.995038,0.941848,0.968491,166878797
4810,1991-02-04,0.974981,0.974981,0.941848,0.968491,82187554
4811,1991-02-05,0.974981,1.00181,0.961798,0.988175,89751686
4812,1991-02-06,0.981858,1.03487,0.974981,1.03487,158103828
4813,1991-02-07,1.02809,1.03487,1.0083,1.01499,142975567
4814,1991-02-08,1.0083,1.01499,0.981858,1.00181,77344197
4815,1991-02-11,0.995038,1.03487,0.988175,1.02168,85887611
4816,1991-02-12,1.01499,1.01499,0.9489,0.995038,178311829
4817,1991-02-13,0.988175,0.995038,0.968491,0.988175,88391299
4818,1991-02-14,0.995038,1.00181,0.961798,0.974981,64623142
4819,1991-02-15,0.981858,1.01499,0.974981,1.0083,111175350
4820,1991-02-19,1.0083,1.03487,1.00181,1.03487,98796805
4821,1991-02-20,1.02809,1.04814,1.01499,1.02809,93963090
4822,1991-02-21,1.02809,1.04814,1.01499,1.02168,60894142
4823,1991-02-22,1.02168,1.05491,1.01499,1.02809,80716216
4824,1991-02-25,1.04136,1.04814,1.02809,1.03487,73803334
4825,1991-02-26,1.02168,1.02809,1.01499,1.02168,47743750
4826,1991-02-27,1.02168,1.04136,1.0083,1.01499,56702030
4827,1991-02-28,1.01499,1.01499,0.974981,0.988175,92916271
4828,1991-03-01,0.981858,1.0083,0.974981,0.988175,69616046
4829,1991-03-04,0.974981,0.995038,0.968491,0.988175,66354979
4830,1991-03-05,1.00181,1.06791,0.988175,1.06142,141639302
4831,1991-03-06,1.06791,1.08768,1.06142,1.06142,136217055
4832,1991-03-07,1.06142,1.07451,1.03487,1.06791,59210544
4833,1991-03-08,1.08118,1.08768,1.06142,1.06142,49697493
4834,1991-03-11,1.00181,1.0083,0.941848,0.941848,414695721
4835,1991-03-12,0.941848,0.968491,0.928666,0.935352,165851275
4836,1991-03-13,0.955301,0.988175,0.941848,0.981858,170250817
4837,1991-03-14,1.00181,1.01499,0.974981,0.981858,151711944
4838,1991-03-15,0.988175,0.988175,0.961798,0.974981,80716216
4839,1991-03-18,0.968491,0.995038,0.921982,0.968491,91406335
4840,1991-03-19,0.9489,0.9489,0.902303,0.935352,140100427
4841,1991-03-20,0.928666,0.955301,0.921982,0.955301,122391294
4842,1991-03-21,0.955301,0.968491,0.908708,0.921982,107779207
4843,1991-03-22,0.908708,0.928666,0.895711,0.902303,99935280
4844,1991-03-25,0.895711,0.928666,0.895711,0.908708,71318944
4845,1991-03-26,0.908708,0.974981,0.908708,0.968491,106298221
4846,1991-03-27,0.974981,0.988175,0.968491,0.981858,116264736
4847,1991-03-28,0.974981,0.981858,0.961798,0.968491,70310718
4848,1991-04-01,0.968491,0.981858,0.955301,0.981858,63836821
4849,1991-04-02,0.988175,1.01499,0.988175,1.00181,58684725
4850,1991-04-03,1.00181,1.02809,0.988175,1.01499,89105260
4851,1991-04-04,1.02168,1.03487,1.0083,1.01499,89505662
4852,1991-04-05,1.01499,1.02809,0.988175,0.995038,115492882
4853,1991-04-08,0.988175,1.0083,0.974981,1.00181,82327448
4854,1991-04-09,0.995038,1.01499,0.955301,0.961798,70749699
4855,1991-04-10,0.968491,0.988175,0.961798,0.981858,108353272
4856,1991-04-11,1.04814,1.08118,1.03487,1.07451,262086497
4857,1991-04-12,1.08118,1.1212,1.07451,1.1212,190618009
4858,1991-04-15,1.1212,1.1212,1.07451,1.11414,107427053
4859,1991-04-16,1.11414,1.1276,1.08118,1.1276,113669389
4860,1991-04-17,1.1276,1.14089,1.1212,1.1276,96973306
4861,1991-04-18,1.1212,1.1276,1.10821,1.10821,68916557
4862,1991-04-19,1.10105,1.10821,1.08118,1.09457,72114914
4863,1991-04-22,1.08118,1.11414,1.08118,1.10105,80706565
4864,1991-04-23,1.10821,1.1212,1.09457,1.10821,41385627
4865,1991-04-24,1.10821,1.13428,1.10821,1.13428,60127118
4866,1991-04-25,1.1276,1.1276,1.08118,1.09457,114928468
4867,1991-04-26,1.08118,1.08768,1.06142,1.07451,111223592
4868,1991-04-29,1.07451,1.08118,1.03487,1.04136,79428195
4869,1991-04-30,1.03487,1.04814,0.988175,1.01499,123828861
4870,1991-05-01,1.00181,1.01499,0.968491,1.00181,122299633
4871,1991-05-02,1.01499,1.02168,0.988175,0.995038,100499698
4872,1991-05-03,0.988175,1.01499,0.974981,1.00181,68038579
4873,1991-05-06,1.00181,1.02809,0.995038,1.02168,6454596
4874,1991-05-07,1.02809,1.05491,1.02809,1.03487,62076039
4875,1991-05-08,1.02809,1.07451,1.02168,1.06142,46918831
4876,1991-05-09,1.08118,1.1276,1.08118,1.1276,111213936
4877,1991-05-10,1.1276,1.1276,1.08118,1.09457,65462528
4878,1991-05-13,1.09457,1.10821,1.06791,1.08768,57097604
4879,1991-05-14,1.06791,1.10105,1.06791,1.10105,104797937
4880,1991-05-15,1.08118,1.08118,0.988175,1.01499,316854083
4881,1991-05-16,1.02168,1.03487,0.995038,1.00181,190034297
4882,1991-05-17,0.995038,1.0083,0.981858,1.00181,116255089
4883,1991-05-20,1.00181,1.02809,0.988175,1.00181,67507933
4884,1991-05-21,1.0083,1.01499,0.968491,0.968491,144268417
4885,1991-05-22,1.00181,1.01499,0.988175,1.00181,201366021
4886,1991-05-23,1.01499,1.04136,1.01499,1.04136,121875118
4887,1991-05-24,1.05491,1.06791,1.04814,1.05491,52177059
4888,1991-05-28,1.06142,1.10105,1.06142,1.10105,71497430
4889,1991-05-29,1.09457,1.09457,1.06142,1.08118,70715936
4890,1991-05-30,1.08118,1.10821,1.08118,1.10105,77069227
4891,1991-05-31,1.09457,1.15404,1.09457,1.15404,197014716
4892,1991-06-03,1.15404,1.21421,1.14746,1.20679,174163135
4893,1991-06-04,1.22052,1.22052,1.1741,1.19397,143650938
4894,1991-06-05,1.1741,1.1872,1.10821,1.10821,321012422
4895,1991-06-06,1.1212,1.14089,1.08768,1.10821,161258763
4896,1991-06-07,1.08118,1.09457,1.05491,1.08118,138272111
4897,1991-06-10,1.07451,1.10821,1.03487,1.04136,103360368
4898,1991-06-11,1.04814,1.06142,1.03487,1.06142,116187557
4899,1991-06-12,1.02168,1.03487,1.00181,1.02168,196344174
4900,1991-06-13,1.02168,1.02168,0.968491,1.0083,196537132
4901,1991-06-14,1.01499,1.02168,0.988175,0.995038,101594758
4902,1991-06-17,0.995038,1.04136,0.988175,1.02168,103895837
4903,1991-06-18,1.02809,1.02809,0.988175,1.00181,104913715
4904,1991-06-19,0.988175,0.995038,0.968491,0.981858,112415130
4905,1991-06-20,0.974981,0.988175,0.968491,0.974981,103982674
4906,1991-06-21,0.974981,0.988175,0.968491,0.968491,78309009
4907,1991-06-24,0.961798,0.974981,0.895711,0.902303,151567228
4908,1991-06-25,0.915392,0.935352,0.895711,0.908708,123713087
4909,1991-06-26,0.902303,0.955301,0.902303,0.9489,110239480
4910,1991-06-27,0.955301,0.961798,0.935352,0.941848,70151515
4911,1991-06-28,0.941848,0.968491,0.935352,0.961798,268970436
4912,1991-07-01,0.968491,0.981858,0.928666,0.941848,132849862
4913,1991-07-02,0.921982,0.928666,0.849017,0.881972,436789928
4914,1991-07-03,0.868884,0.895711,0.868884,0.881972,197439234
4915,1991-07-05,0.888934,0.888934,0.875846,0.881972,38177637
4916,1991-07-08,0.881972,0.921982,0.875846,0.908708,132796798
4917,1991-07-09,0.928666,0.9489,0.921982,0.935352,137119156
4918,1991-07-10,0.941848,0.981858,0.941848,0.968491,146723869
4919,1991-07-11,0.968491,0.968491,0.941848,0.941848,68723592
4920,1991-07-12,0.941848,0.961798,0.928666,0.961798,85188118
4921,1991-07-15,0.961798,0.974981,0.955301,0.968491,43710833
4922,1991-07-16,0.968491,0.974981,0.935352,0.941848,98719619
4923,1991-07-17,0.921982,0.941848,0.908708,0.915392,237295644
4924,1991-07-18,0.921982,0.941848,0.908708,0.941848,111387605
4925,1991-07-19,0.941848,0.981858,0.941848,0.974981,90899815
4926,1991-07-22,0.968491,0.988175,0.941848,0.9489,36604985
4927,1991-07-23,0.941848,0.961798,0.915392,0.921982,74073481
4928,1991-07-24,0.915392,0.935352,0.908708,0.921982,49668549
4929,1991-07-25,0.921982,0.941848,0.921982,0.941848,56094201
4930,1991-07-26,0.9489,0.955301,0.935352,0.935352,43339377
4931,1991-07-29,0.941848,0.941848,0.921982,0.941848,48192380
4932,1991-07-30,0.941848,0.955301,0.928666,0.9489,67942098
4933,1991-07-31,0.9489,0.968491,0.941848,0.968491,80127679
4934,1991-08-01,0.981858,1.02809,0.968491,1.02168,151470743
4935,1991-08-02,1.02809,1.03487,1.01499,1.01499,117514167
4936,1991-08-05,1.00181,1.01499,0.995038,1.0083,47632793
4937,1991-08-06,1.0083,1.05491,1.0083,1.04814,86524385
4938,1991-08-07,1.05491,1.06142,1.02809,1.03487,76089935
4939,1991-08-08,1.04136,1.04136,0.995038,1.0083,87879947
4940,1991-08-09,1.0083,1.01499,0.988175,0.995038,70064688
4941,1991-08-12,0.988175,1.02168,0.988175,1.01499,55095621
4942,1991-08-13,1.02168,1.04136,1.01499,1.02809,81478417
4943,1991-08-14,1.03487,1.04814,1.02168,1.03487,79775520
4944,1991-08-15,1.03487,1.05491,1.01499,1.02168,65602431
4945,1991-08-16,1.01499,1.03487,0.988175,0.988175,65182732
4946,1991-08-19,0.968491,0.988175,0.908708,0.974981,128503382
4947,1991-08-20,0.974981,0.988175,0.961798,0.988175,113645266
4948,1991-08-21,1.01499,1.04814,0.988175,1.04136,96124268
4949,1991-08-22,1.04136,1.04814,1.0083,1.03487,100475572
4950,1991-08-23,1.02809,1.05491,1.01499,1.03487,74372572
4951,1991-08-26,1.03487,1.04136,1.02168,1.04136,49369453
4952,1991-08-27,1.04136,1.08118,1.03487,1.08118,126781190
4953,1991-08-28,1.08118,1.08768,1.06142,1.06791,80412301
4954,1991-08-29,1.07451,1.08118,1.05491,1.06142,54613209
4955,1991-08-30,1.06142,1.06142,1.01499,1.02168,119178465
4956,1991-09-03,1.01499,1.02168,0.988175,1.00181,98102134
4957,1991-09-04,1.01499,1.01499,0.974981,0.995038,95318652
4958,1991-09-05,0.995038,1.00181,0.968491,0.981858,77884492
4959,1991-09-06,0.988175,1.00181,0.981858,0.981858,61969906
4960,1991-09-09,0.981858,0.988175,0.968491,0.968491,59919681
4961,1991-09-10,0.968491,0.988175,0.9489,0.988175,80036023
4962,1991-09-11,0.981858,1.01499,0.981858,1.0083,42017583
4963,1991-09-12,1.02168,1.03487,1.00181,1.02809,59967919
4964,1991-09-13,0.895711,0.915392,0.881972,0.888934,473211597
4965,1991-09-16,0.888934,0.895711,0.842428,0.855424,249645244
4966,1991-09-17,0.855424,0.855424,0.828968,0.849017,294455965
4967,1991-09-18,0.849017,0.868884,0.835837,0.862849,179725275
4968,1991-09-19,0.868884,0.881972,0.849017,0.855424,143530334
4969,1991-09-20,0.849017,0.875846,0.849017,0.868884,146709389
4970,1991-09-23,0.862849,0.868884,0.849017,0.849017,83108949
4971,1991-09-24,0.849017,0.868884,0.828968,0.862849,111734942
4972,1991-09-25,0.868884,0.868884,0.855424,0.862849,61940964
4973,1991-09-26,0.862849,0.888934,0.862849,0.875846,65274392
4974,1991-09-27,0.875846,0.888934,0.868884,0.868884,59109235
4975,1991-09-30,0.862849,0.868884,0.849017,0.868884,54589095
4976,1991-10-01,0.875846,0.875846,0.849017,0.849017,55881938
4977,1991-10-02,0.849017,0.855424,0.82284,0.828968,100847030
4978,1991-10-03,0.82284,0.828968,0.796012,0.815969,143289132
4979,1991-10-04,0.809287,0.842428,0.809287,0.828968,113481256
4980,1991-10-07,0.828968,0.828968,0.815969,0.828968,82013888
4981,1991-10-08,0.815969,0.828968,0.796012,0.796012,92877676
4982,1991-10-09,0.802603,0.815969,0.796012,0.796012,86418256
4983,1991-10-10,0.855424,0.868884,0.828968,0.868884,224926742
4984,1991-10-11,0.868884,0.875846,0.862849,0.862849,84686417
4985,1991-10-14,0.868884,0.881972,0.862849,0.881972,63552195
4986,1991-10-15,0.888934,0.915392,0.868884,0.915392,103973022
4987,1991-10-16,0.915392,0.941848,0.908708,0.935352,121238341
4988,1991-10-17,0.935352,0.941848,0.888934,0.902303,130013313
4989,1991-10-18,0.902303,0.921982,0.895711,0.908708,69635341
4990,1991-10-21,0.908708,0.908708,0.875846,0.888934,42905212
4991,1991-10-22,0.888934,0.902303,0.881972,0.888934,37343068
4992,1991-10-23,0.895711,0.895711,0.875846,0.881972,33483814
4993,1991-10-24,0.888934,0.888934,0.862849,0.875846,57652374
4994,1991-10-25,0.875846,0.881972,0.855424,0.875846,35046811
4995,1991-10-28,0.881972,0.895711,0.875846,0.881972,51236368
4996,1991-10-29,0.895711,0.921982,0.895711,0.902303,92183014
4997,1991-10-30,0.902303,0.921982,0.895711,0.902303,59118891
4998,1991-10-31,0.895711,0.902303,0.828968,0.835837,216224137
4999,1991-11-01,0.855424,0.881972,0.855424,0.862849,182050475
5000,1991-11-04,0.868884,0.868884,0.849017,0.849017,62698342
5001,1991-11-05,0.849017,0.868884,0.828968,0.868884,79741752
5002,1991-11-06,0.881972,0.881972,0.849017,0.862849,110591639
5003,1991-11-07,0.875846,0.888934,0.855424,0.888934,101758777
5004,1991-11-08,0.895711,0.908708,0.888934,0.895711,73721323
5005,1991-11-11,0.895711,0.895711,0.881972,0.888934,55298230
5006,1991-11-12,0.895711,0.908708,0.888934,0.895711,82071774
5007,1991-11-13,0.895711,0.902303,0.888934,0.895711,63431602
5008,1991-11-14,0.895711,0.915392,0.888934,0.895711,78994028
5009,1991-11-15,0.895711,0.902303,0.842428,0.849017,100509344
5010,1991-11-18,0.849017,0.868884,0.842428,0.862849,61405495
5011,1991-11-19,0.862849,0.862849,0.835837,0.862849,74049361
5012,1991-11-20,0.868884,0.868884,0.849017,0.849017,101720186
5013,1991-11-21,0.855424,0.881972,0.849017,0.849017,89110081
5014,1991-11-22,0.849017,0.855424,0.842428,0.849017,77691524
5015,1991-11-25,0.849017,0.849017,0.828968,0.828968,103866899
5016,1991-11-26,0.835837,0.849017,0.82284,0.849017,93543398
5017,1991-11-27,0.849017,0.855424,0.842428,0.849017,50792556
5018,1991-11-29,0.849017,0.849017,0.849017,0.849017,15345347
5019,1991-12-02,0.842428,0.868884,0.828968,0.862849,57247157
5020,1991-12-03,0.868884,0.868884,0.849017,0.855424,49716792
5021,1991-12-04,0.862849,0.868884,0.849017,0.855424,40150668
5022,1991-12-05,0.849017,0.862849,0.849017,0.849017,66321216
5023,1991-12-06,0.849017,0.868884,0.842428,0.862849,46185572
5024,1991-12-09,0.855424,0.888934,0.855424,0.868884,84551348
5025,1991-12-10,0.868884,0.888934,0.849017,0.888934,46976721
5026,1991-12-11,0.895711,0.902303,0.875846,0.881972,82259913
5027,1991-12-12,0.881972,0.895711,0.875846,0.895711,70937841
5028,1991-12-13,0.895711,0.921982,0.895711,0.915392,98849871
5029,1991-12-16,0.921982,0.928666,0.921982,0.928666,59664010
5030,1991-12-17,0.928666,0.935352,0.921982,0.921982,82139310
5031,1991-12-18,0.915392,0.928666,0.915392,0.928666,37753110
5032,1991-12-19,0.881972,0.895711,0.855424,0.875846,131320632
5033,1991-12-20,0.895711,0.902303,0.868884,0.875846,104633924
5034,1991-12-23,0.881972,0.921982,0.868884,0.908708,63267581
5035,1991-12-24,0.908708,0.9489,0.902303,0.935352,77879664
5036,1991-12-26,0.941848,0.988175,0.935352,0.981858,104026085
5037,1991-12-27,0.981858,0.995038,0.974981,0.981858,87455431
5038,1991-12-30,0.988175,1.0083,0.981858,1.0083,93109234
5039,1991-12-31,1.00181,1.01499,0.988175,1.01499,87952310
5040,1992-01-02,1.00181,1.03487,0.974981,1.03487,115488061
5041,1992-01-03,1.04136,1.04814,1.01499,1.03487,93432445
5042,1992-01-06,1.03487,1.03487,1.00181,1.01499,78583979
5043,1992-01-07,1.01499,1.06791,1.00181,1.06142,166381919
5044,1992-01-08,1.04136,1.08768,1.03487,1.08118,223986053
5045,1992-01-09,1.08118,1.11414,1.08118,1.10821,168615466
5046,1992-01-10,1.10105,1.1276,1.08118,1.08768,137625681
5047,1992-01-13,1.08118,1.11414,1.06791,1.10821,66108951
5048,1992-01-14,1.10821,1.14746,1.10105,1.1276,165185553
5049,1992-01-15,1.1276,1.1741,1.1212,1.15404,221757334
5050,1992-01-16,1.22052,1.2674,1.15404,1.26044,580653123
5051,1992-01-17,1.26044,1.29997,1.25394,1.29339,263335928
5052,1992-01-20,1.2868,1.29339,1.25394,1.2674,156299632
5053,1992-01-21,1.25394,1.2674,1.22052,1.22721,171008201
5054,1992-01-22,1.22721,1.2674,1.22052,1.2674,111093339
5055,1992-01-23,1.26044,1.29997,1.26044,1.28031,137562969
5056,1992-01-24,1.27343,1.29339,1.2674,1.2868,121735223
5057,1992-01-27,1.29339,1.29339,1.2674,1.2674,85183291
5058,1992-01-28,1.2674,1.29339,1.24706,1.29339,99071775
5059,1992-01-29,1.28031,1.29997,1.24706,1.24706,115198612
5060,1992-01-30,1.24706,1.25394,1.21421,1.25394,154350709
5061,1992-01-31,1.25394,1.2674,1.2339,1.2339,125054173
5062,1992-02-03,1.24031,1.24706,1.22052,1.2339,56870877
5063,1992-02-04,1.2339,1.29339,1.22052,1.29339,96925065
5064,1992-02-05,1.31353,1.31353,1.29339,1.29339,122468482
5065,1992-02-06,1.29339,1.29997,1.28031,1.2868,70749699
5066,1992-02-07,1.29339,1.34008,1.29339,1.33322,187742864
5067,1992-02-10,1.33322,1.35344,1.31353,1.3463,120514731
5068,1992-02-11,1.3463,1.36635,1.34008,1.35344,115801620
5069,1992-02-12,1.35985,1.40636,1.35985,1.40636,173367159
5070,1992-02-13,1.39281,1.41956,1.38649,1.41305,133168250
5071,1992-02-14,1.41305,1.41305,1.37323,1.38649,80286874
5072,1992-02-18,1.38649,1.38649,1.32664,1.33322,88999134
5073,1992-02-19,1.33322,1.34008,1.2868,1.31353,125068648
5074,1992-02-20,1.31353,1.35985,1.31353,1.35985,114532895
5075,1992-02-21,1.35985,1.39969,1.35985,1.39969,102757355
5076,1992-02-24,1.38649,1.39281,1.33322,1.3463,99761620
5077,1992-02-25,1.34008,1.3463,1.29997,1.31353,131108373
5078,1992-02-26,1.32022,1.35985,1.31353,1.35344,114031191
5079,1992-02-27,1.35344,1.36635,1.33322,1.33322,71810999
5080,1992-02-28,1.34008,1.34008,1.29997,1.31353,46074619
5081,1992-03-02,1.31353,1.35985,1.30704,1.35985,74005946
5082,1992-03-03,1.36635,1.37323,1.34008,1.34008,57898400
5083,1992-03-04,1.3463,1.3463,1.31353,1.31353,67773258
5084,1992-03-05,1.31353,1.32664,1.2868,1.31353,60855548
5085,1992-03-06,1.31353,1.31353,1.2674,1.2868,70662868
5086,1992-03-09,1.28031,1.29997,1.27343,1.2868,49244034
5087,1992-03-10,1.2868,1.33322,1.2868,1.33322,80971894
5088,1992-03-11,1.32664,1.33322,1.2868,1.29339,65245443
5089,1992-03-12,1.2868,1.32664,1.2674,1.32022,111464794
5090,1992-03-13,1.33322,1.35344,1.31353,1.32022,55389884
5091,1992-03-16,1.31353,1.35985,1.30704,1.3463,41173376
5092,1992-03-17,1.3463,1.35985,1.34008,1.35985,60768717
5093,1992-03-18,1.35985,1.38649,1.35985,1.37323,63730690
5094,1992-03-19,1.38649,1.39281,1.35344,1.35344,34086824
5095,1992-03-20,1.35985,1.35985,1.32022,1.34008,49972465
5096,1992-03-23,1.31353,1.31353,1.29997,1.30704,105883347
5097,1992-03-24,1.30704,1.31353,1.24031,1.2674,180029195
5098,1992-03-25,1.2674,1.2674,1.24031,1.24706,132246851
5099,1992-03-26,1.25394,1.26044,1.20055,1.21421,189387877
5100,1992-03-27,1.20055,1.20679,1.06142,1.14089,565592401
5101,1992-03-30,1.15404,1.16751,1.08118,1.10105,277697167
5102,1992-03-31,1.09457,1.16064,1.08118,1.14089,166261319
5103,1992-04-01,1.14089,1.15404,1.10821,1.15404,175933563
5104,1992-04-02,1.14746,1.16751,1.1276,1.14089,84411451
5105,1992-04-03,1.14089,1.15404,1.10821,1.1276,75134774
5106,1992-04-06,1.14089,1.20055,1.13428,1.19397,94059573
5107,1992-04-07,1.19397,1.21421,1.15404,1.16064,164929877
5108,1992-04-08,1.15404,1.19397,1.13428,1.1872,137471313
5109,1992-04-09,1.19397,1.22052,1.1276,1.1806,174413980
5110,1992-04-10,1.13428,1.14089,1.05491,1.05491,410421603
5111,1992-04-13,1.06142,1.06142,1.01499,1.02809,184616877
5112,1992-04-14,1.03487,1.10105,1.03487,1.08118,193348426
5113,1992-04-15,1.09457,1.10821,1.06791,1.10821,125141005
5114,1992-04-16,1.10821,1.10821,1.06142,1.08118,86384489
5115,1992-04-20,1.06791,1.07451,1.02809,1.05491,112265585
5116,1992-04-21,1.04814,1.06142,1.02168,1.04136,102520978
5117,1992-04-22,1.04814,1.08768,1.04136,1.08118,92086530
5118,1992-04-23,1.08118,1.09457,1.04814,1.07451,85260485
5119,1992-04-24,1.06142,1.08118,1.06142,1.06791,53373424
5120,1992-04-27,1.06142,1.08768,1.04814,1.05491,51207424
5121,1992-04-28,1.04814,1.05491,1.01499,1.04814,116486639
5122,1992-04-29,1.05491,1.08118,1.04814,1.07451,84030345
5123,1992-04-30,1.07451,1.10821,1.07451,1.10821,67893854
5124,1992-05-01,1.10821,1.10821,1.07451,1.08768,47695508
5125,1992-05-04,1.08118,1.10821,1.08118,1.08118,62370307
5126,1992-05-05,1.08118,1.1276,1.07451,1.1212,91295383
5127,1992-05-06,1.1276,1.1276,1.10821,1.10821,50382510
5128,1992-05-07,1.10821,1.11414,1.09457,1.10821,46996019
5129,1992-05-08,1.10821,1.1212,1.08118,1.10105,34617472
5130,1992-05-11,1.10821,1.1212,1.09457,1.09457,42456572
5131,1992-05-12,1.10821,1.10821,1.06142,1.06791,83094482
5132,1992-05-13,1.06791,1.07451,1.04814,1.06142,88087389
5133,1992-05-14,1.02809,1.03487,0.981858,1.01499,295541370
5134,1992-05-15,1.00181,1.02809,0.988175,0.995038,108676480
5135,1992-05-18,0.995038,1.00181,0.968491,0.974981,122236921
5136,1992-05-19,0.974981,0.981858,0.961798,0.968491,150274379
5137,1992-05-20,0.974981,0.995038,0.974981,0.988175,88777223
5138,1992-05-21,0.988175,0.988175,0.968491,0.981858,118150940
5139,1992-05-22,0.988175,1.00181,0.981858,1.00181,68270134
5140,1992-05-26,1.00181,1.0083,0.988175,0.988175,63060151
5141,1992-05-27,0.995038,1.02168,0.988175,1.02168,81893285
5142,1992-05-28,1.02168,1.04136,1.01499,1.04136,82192378
5143,1992-05-29,1.04814,1.05491,1.03487,1.03487,82978705
5144,1992-06-01,1.03487,1.05491,1.02809,1.05491,63233813
5145,1992-06-02,1.05491,1.06142,1.03487,1.05491,48732681
5146,1992-06-03,1.05491,1.08118,1.05491,1.06142,92544820
5147,1992-06-04,1.06142,1.06142,1.03487,1.03487,47671391
5148,1992-06-05,1.04136,1.04814,1.02168,1.03487,63841649
5149,1992-06-08,1.03487,1.04814,1.02168,1.04814,31322640
5150,1992-06-09,1.05491,1.06142,1.04136,1.04814,78497150
5151,1992-06-10,1.05491,1.05491,1.02809,1.03487,38129387
5152,1992-06-11,1.03487,1.03487,1.02168,1.03487,33286033
5153,1992-06-12,1.03487,1.05491,1.01499,1.02168,64492893
5154,1992-06-15,1.02809,1.03487,0.995038,1.00181,56952885
5155,1992-06-16,1.00181,1.02168,0.988175,1.00181,57247157
5156,1992-06-17,1.00181,1.01499,0.988175,0.988175,72963948
5157,1992-06-18,1.08118,1.08768,1.02809,1.05491,388819446
5158,1992-06-19,1.05491,1.09457,1.05491,1.08768,162759049
5159,1992-06-22,1.08118,1.1276,1.06142,1.11414,146815524
5160,1992-06-23,1.1276,1.14089,1.1212,1.13428,130003662
5161,1992-06-24,1.1276,1.13428,1.1212,1.1276,95096747
5162,1992-06-25,1.1276,1.14089,1.10821,1.1212,151166830
5163,1992-06-26,1.11414,1.14089,1.11414,1.14089,75033466
5164,1992-06-29,1.14089,1.19397,1.14089,1.19397,121894412
5165,1992-06-30,1.1872,1.19397,1.1741,1.1741,71810999
5166,1992-07-01,1.1741,1.20055,1.1741,1.20055,68767009
5167,1992-07-02,1.20055,1.20679,1.14746,1.15404,101705713
5168,1992-07-06,1.15404,1.1741,1.14746,1.1741,61275241
5169,1992-07-07,1.1741,1.1872,1.15404,1.16064,67469338
5170,1992-07-08,1.15404,1.1741,1.14089,1.1741,91174783
5171,1992-07-09,1.1741,1.20055,1.16064,1.1872,84874560
5172,1992-07-10,1.1872,1.19397,1.16064,1.16751,62954014
5173,1992-07-13,1.16751,1.1872,1.15404,1.1741,79336530
5174,1992-07-14,1.19397,1.21421,1.1741,1.20055,73296806
5175,1992-07-15,1.20679,1.22721,1.20055,1.20055,83649248
5176,1992-07-16,1.20055,1.20679,1.1741,1.20055,69833132
5177,1992-07-17,1.19397,1.19397,1.15404,1.15404,93692944
5178,1992-07-20,1.15404,1.15404,1.1276,1.15404,75081715
5179,1992-07-21,1.15404,1.1741,1.14746,1.16751,64348165
5180,1992-07-22,1.16064,1.1872,1.13428,1.14089,119154345
5181,1992-07-23,1.14746,1.1872,1.14746,1.1872,66258504
5182,1992-07-24,1.1741,1.21421,1.1741,1.20055,80310990
5183,1992-07-27,1.19397,1.20055,1.16751,1.1741,70320357
5184,1992-07-28,1.1741,1.22052,1.1741,1.22052,107422227
5185,1992-07-29,1.22052,1.24706,1.21421,1.21421,126597878
5186,1992-07-30,1.21421,1.22721,1.20055,1.22052,45756230
5187,1992-07-31,1.2339,1.24706,1.22052,1.2339,64763043
5188,1992-08-03,1.24706,1.26044,1.2339,1.25394,67030348
5189,1992-08-04,1.26044,1.2674,1.24706,1.25394,39099024
5190,1992-08-05,1.24706,1.25394,1.22052,1.22721,38351299
5191,1992-08-06,1.22721,1.2339,1.20055,1.20679,50218489
5192,1992-08-07,1.20679,1.22052,1.19397,1.20679,80262750
5193,1992-08-10,1.20679,1.22052,1.20055,1.22052,42104419
5194,1992-08-11,1.22052,1.22052,1.20055,1.22052,46016734
5195,1992-08-12,1.21421,1.22052,1.19397,1.19397,59581997
5196,1992-08-13,1.1806,1.21421,1.1806,1.20679,50594766
5197,1992-08-14,1.20679,1.24031,1.20055,1.2339,44294544
5198,1992-08-17,1.2339,1.24031,1.20679,1.20679,60377970
5199,1992-08-18,1.20679,1.22052,1.1806,1.19397,55283757
5200,1992-08-19,1.19397,1.19397,1.15404,1.15404,58443518
5201,1992-08-20,1.15404,1.1806,1.15404,1.1806,92366325
5202,1992-08-21,1.1741,1.1872,1.14746,1.16751,82824332
5203,1992-08-24,1.15404,1.16064,1.13428,1.14089,52283187
5204,1992-08-25,1.14089,1.16751,1.1212,1.16064,70228705
5205,1992-08-26,1.1741,1.1872,1.16751,1.1741,47299935
5206,1992-08-27,1.19397,1.20055,1.1872,1.19397,78463377
5207,1992-08-28,1.19397,1.20055,1.1806,1.19397,20700050
5208,1992-08-31,1.19397,1.20679,1.1872,1.20055,54039149
5209,1992-09-01,1.19397,1.22052,1.19397,1.22052,104006791
5210,1992-09-02,1.22052,1.2674,1.22052,1.25394,99168256
5211,1992-09-03,1.2674,1.29997,1.2674,1.2868,179937535
5212,1992-09-04,1.2868,1.29339,1.26044,1.2674,63171104
5213,1992-09-08,1.26044,1.2674,1.24706,1.26044,61169112
5214,1992-09-09,1.2674,1.29997,1.26044,1.29997,62032622
5215,1992-09-10,1.29339,1.33322,1.29339,1.32664,113288287
5216,1992-09-11,1.32022,1.33322,1.30704,1.32022,70426492
5217,1992-09-14,1.34008,1.35344,1.31353,1.35344,155204567
5218,1992-09-15,1.3463,1.3463,1.30704,1.31353,71468485
5219,1992-09-16,1.29339,1.34008,1.29339,1.31353,118671939
5220,1992-09-17,1.35344,1.35344,1.31353,1.33322,71854406
5221,1992-09-18,1.34008,1.35344,1.33322,1.3463,77652932
5222,1992-09-21,1.34008,1.3463,1.32022,1.34008,49601012
5223,1992-09-22,1.34008,1.3463,1.32664,1.32664,42774968
5224,1992-09-23,1.32664,1.37964,1.32022,1.37323,140269268
5225,1992-09-24,1.37323,1.38649,1.3463,1.35985,78733527
5226,1992-09-25,1.36635,1.36635,1.32022,1.34008,76133363
5227,1992-09-28,1.33322,1.3463,1.32022,1.3463,41260204
5228,1992-09-29,1.3463,1.35985,1.34008,1.35344,82843629
5229,1992-09-30,1.35344,1.36635,1.35344,1.35985,56277511
5230,1992-10-01,1.35344,1.35985,1.31353,1.31353,60759069
5231,1992-10-02,1.31353,1.32022,1.29339,1.29339,82211680
5232,1992-10-05,1.2868,1.32022,1.25394,1.31353,108227847
5233,1992-10-06,1.33322,1.36635,1.32022,1.35344,108647539
5234,1992-10-07,1.35985,1.38649,1.35344,1.35985,108174782
5235,1992-10-08,1.37323,1.39281,1.35344,1.36635,125063821
5236,1992-10-09,1.36635,1.39281,1.35985,1.37323,125965924
5237,1992-10-12,1.37323,1.38649,1.32664,1.35985,192581402
5238,1992-10-13,1.35985,1.36635,1.32022,1.33322,154871702
5239,1992-10-14,1.34008,1.34008,1.29339,1.29997,100393566
5240,1992-10-15,1.29339,1.32022,1.2868,1.32022,65872574
5241,1992-10-16,1.32022,1.33322,1.29339,1.30704,67237779
5242,1992-10-19,1.30704,1.35985,1.30704,1.35985,91276092
5243,1992-10-20,1.37964,1.39281,1.35985,1.37964,188992302
5244,1992-10-21,1.38649,1.42642,1.37964,1.42642,195205696
5245,1992-10-22,1.41956,1.42642,1.39281,1.39969,62524676
5246,1992-10-23,1.39969,1.40636,1.37964,1.38649,86992323
5247,1992-10-26,1.38649,1.41956,1.36635,1.41305,45283475
5248,1992-10-27,1.41956,1.41956,1.37964,1.38649,62982965
5249,1992-10-28,1.36635,1.38649,1.3463,1.38649,104585675
5250,1992-10-29,1.39281,1.40636,1.35985,1.37323,76157476
5251,1992-10-30,1.35985,1.39281,1.34008,1.39281,132763021
5252,1992-11-02,1.38649,1.40636,1.37323,1.39969,45915428
5253,1992-11-03,1.39969,1.40636,1.37964,1.38649,49089667
5254,1992-11-04,1.38649,1.40636,1.37964,1.39281,33314980
5255,1992-11-05,1.40636,1.45287,1.39281,1.44611,149184136
5256,1992-11-06,1.43941,1.44611,1.42642,1.42642,42437276
5257,1992-11-09,1.43272,1.44611,1.41305,1.43272,72336816
5258,1992-11-10,1.43941,1.45287,1.42642,1.43941,131441230
5259,1992-11-11,1.43941,1.45937,1.43941,1.45287,128373128
5260,1992-11-12,1.44611,1.45287,1.41956,1.43272,69693234
5261,1992-11-13,1.43272,1.45287,1.40636,1.45287,86215649
5262,1992-11-16,1.44611,1.45287,1.41305,1.41956,75375982
5263,1992-11-17,1.41305,1.41956,1.38649,1.39969,98724443
5264,1992-11-18,1.39969,1.43941,1.39281,1.43272,93417971
5265,1992-11-19,1.45287,1.45287,1.43941,1.43941,75018997
5266,1992-11-20,1.44611,1.45937,1.43941,1.45287,99066946
5267,1992-11-23,1.45287,1.45287,1.42642,1.43941,51381094
5268,1992-11-24,1.43272,1.45287,1.43272,1.45287,58149253
5269,1992-11-25,1.45287,1.45937,1.43941,1.45287,84826321
5270,1992-11-27,1.45287,1.47265,1.45287,1.46606,31303343
5271,1992-11-30,1.46606,1.49231,1.46606,1.47924,102207416
5272,1992-12-01,1.47924,1.51879,1.46606,1.50559,97074614
5273,1992-12-02,1.51256,1.52555,1.49231,1.51256,80339933
5274,1992-12-03,1.57848,1.59202,1.54553,1.59202,286443190
5275,1992-12-04,1.59852,1.63175,1.59202,1.62516,185586517
5276,1992-12-07,1.61886,1.63825,1.58552,1.63175,112762460
5277,1992-12-08,1.63825,1.63825,1.59852,1.61886,94238059
5278,1992-12-09,1.61886,1.63825,1.60558,1.63825,147182149
5279,1992-12-10,1.63825,1.66481,1.61886,1.66481,135039991
5280,1992-12-11,1.65182,1.66481,1.61886,1.62516,80016729
5281,1992-12-14,1.63175,1.65182,1.61162,1.61162,60300782
5282,1992-12-15,1.59852,1.61162,1.57848,1.59852,106717910
5283,1992-12-16,1.59852,1.73154,1.59852,1.72467,303201989
5284,1992-12-17,1.73154,1.80424,1.72467,1.78445,318354365
5285,1992-12-18,1.7647,1.77796,1.75799,1.7647,154866883
5286,1992-12-21,1.75799,1.86392,1.75799,1.85734,129540550
5287,1992-12-22,1.85734,1.87051,1.79088,1.83059,160062397
5288,1992-12-23,1.83737,1.86392,1.83059,1.85734,124547651
5289,1992-12-24,1.85734,1.87051,1.85083,1.85734,30970481
5290,1992-12-28,1.86392,1.87051,1.85083,1.86392,43059577
5291,1992-12-29,1.87051,1.89065,1.83059,1.83737,103090217
5292,1992-12-30,1.83737,1.84379,1.80424,1.81761,92385627
5293,1992-12-31,1.82411,1.82411,1.79088,1.79783,54400951
5294,1993-01-04,1.79783,1.80424,1.77796,1.78445,90181026
5295,1993-01-05,1.78445,1.87729,1.77796,1.87729,177091341
5296,1993-01-06,1.96343,2.05637,1.93698,2.03658,404671318
5297,1993-01-07,2.03658,2.12914,2.01032,2.05637,401087040
5298,1993-01-08,2.05637,2.0895,2.01634,2.03658,182441226
5299,1993-01-11,2.04327,2.12246,2.03658,2.11624,158537997
5300,1993-01-12,2.08292,2.12914,2.06296,2.10295,228819766
5301,1993-01-13,2.10926,2.30151,2.04957,2.27534,517506141
5302,1993-01-14,2.26875,2.38116,2.26875,2.32814,355499649
5303,1993-01-15,2.31498,2.36159,2.26216,2.30857,319811232
5304,1993-01-18,2.30857,2.41486,2.30151,2.40792,221704268
5305,1993-01-19,2.40792,2.43456,2.36159,2.36826,196175327
5306,1993-01-20,2.36826,2.37514,2.32184,2.32814,140558710
5307,1993-01-21,2.32184,2.33485,2.28843,2.31498,146786580
5308,1993-01-22,2.31498,2.36826,2.28843,2.30151,137625681
5309,1993-01-25,2.30857,2.36159,2.30151,2.32814,103119160
5310,1993-01-26,2.32814,2.40792,2.32184,2.36159,183193780
5311,1993-01-27,2.36826,2.37514,2.2953,2.32814,143819778
5312,1993-01-28,2.31498,2.32814,2.23551,2.24861,217652056
5313,1993-01-29,2.24861,2.28174,2.189,2.2022,166541119
5314,1993-02-01,2.20898,2.30151,2.20898,2.2953,153887606
5315,1993-02-02,2.2953,2.30151,2.25538,2.2953,97301345
5316,1993-02-03,2.2953,2.30857,2.23551,2.24861,152228120
5317,1993-02-04,2.25538,2.28174,2.189,2.25538,258328552
5318,1993-02-05,2.24861,2.28174,2.17555,2.20898,213315226
5319,1993-02-08,2.20898,2.22883,2.16924,2.189,180521244
5320,1993-02-09,2.28843,2.31498,2.23551,2.28174,251652050
5321,1993-02-10,2.32184,2.36826,2.31498,2.36159,220946889
5322,1993-02-11,2.36826,2.38804,2.30857,2.32184,138469899
5323,1993-02-12,2.32184,2.32814,2.28843,2.28843,92650944
5324,1993-02-16,2.27534,2.28843,2.15551,2.189,293828829
5325,1993-02-17,2.19562,2.2422,2.14956,2.2422,235650637
5326,1993-02-18,2.28843,2.31498,2.21566,2.26875,253181277
5327,1993-02-19,2.28843,2.38116,2.27534,2.38116,198953991
5328,1993-02-22,2.38116,2.40792,2.34154,2.36159,160057571
5329,1993-02-23,2.36826,2.37514,2.30151,2.33485,125565523
5330,1993-02-24,2.32184,2.43456,2.31498,2.42778,200603821
5331,1993-02-25,2.42778,2.47419,2.41486,2.43456,206064661
5332,1993-02-26,2.42778,2.46787,2.39454,2.40792,192730950
5333,1993-03-01,2.40792,2.41486,2.36826,2.38116,146796226
5334,1993-03-02,2.38116,2.47419,2.35462,2.46787,141832267
5335,1993-03-03,2.46092,2.50074,2.42778,2.47419,206658022
5336,1993-03-04,2.47419,2.48086,2.42106,2.44771,96447482
5337,1993-03-05,2.44771,2.45431,2.38804,2.38804,165267562
5338,1993-03-08,2.39454,2.47419,2.39454,2.45431,135657465
5339,1993-03-09,2.42778,2.45431,2.40142,2.43456,153906895
5340,1993-03-10,2.43456,2.43456,2.39454,2.42106,130722451
5341,1993-03-11,2.42778,2.45431,2.40792,2.41486,94845893
5342,1993-03-12,2.40792,2.44123,2.37514,2.42778,97745155
5343,1993-03-15,2.44123,2.45431,2.42106,2.44771,54897832
5344,1993-03-16,2.46787,2.50074,2.45431,2.47419,151745710
5345,1993-03-17,2.47419,2.47419,2.36159,2.36826,247517827
5346,1993-03-18,2.39454,2.40792,2.38116,2.38804,176647525
5347,1993-03-19,2.39454,2.40792,2.34848,2.34848,142879085
5348,1993-03-22,2.35462,2.35462,2.2953,2.33485,195861765
5349,1993-03-23,2.35462,2.38116,2.31498,2.32184,175480103
5350,1993-03-24,2.32184,2.36159,2.31498,2.36159,127036868
5351,1993-03-25,2.37514,2.39454,2.34848,2.38116,104494019
5352,1993-03-26,2.40142,2.40792,2.35462,2.35462,72708271
5353,1993-03-29,2.36159,2.39454,2.35462,2.36159,70219054
5354,1993-03-30,2.36159,2.38804,2.35462,2.38116,79693518
5355,1993-03-31,2.39454,2.40792,2.37514,2.37514,85921381
5356,1993-04-01,2.37514,2.38116,2.2953,2.30151,157780619
5357,1993-04-02,2.28174,2.30151,2.189,2.22225,280051306
5358,1993-04-05,2.22883,2.27534,2.21566,2.27534,118705712
5359,1993-04-06,2.30151,2.32814,2.28843,2.30151,126226425
5360,1993-04-07,2.30151,2.35462,2.28843,2.35462,132806441
5361,1993-04-08,2.36159,2.37514,2.31498,2.33485,106978408
5362,1993-04-12,2.34848,2.50074,2.34848,2.42778,282617707
5363,1993-04-13,2.42778,2.43456,2.2953,2.32814,278570318
5364,1993-04-14,2.31498,2.34848,2.28174,2.32814,192846730
5365,1993-04-15,2.31498,2.32184,2.2953,2.30151,185649224
5366,1993-04-16,2.30857,2.30857,2.25538,2.26875,241150067
5367,1993-04-19,2.07612,2.08292,1.95704,2.01634,855832128
5368,1993-04-20,2.02982,2.11624,2.02332,2.08292,371949702
5369,1993-04-21,2.09608,2.12246,2.08292,2.12246,142526925
5370,1993-04-22,2.08292,2.10295,1.97698,1.9834,334640401
5371,1993-04-23,1.9834,1.98992,1.89698,1.9173,468373068
5372,1993-04-26,1.88427,1.9173,1.7647,1.80424,559591266
5373,1993-04-27,1.80424,1.90413,1.80424,1.89698,405168194
5374,1993-04-28,1.9173,1.96343,1.91042,1.95045,186609213
5375,1993-04-29,1.94357,1.98992,1.9173,1.97698,142874262
5376,1993-04-30,1.98992,2.01634,1.95704,1.96343,139782039
5377,1993-05-03,1.97698,2.01634,1.96343,2.00316,104691805
5378,1993-05-04,2.01032,2.11624,2.01032,2.09608,208365737
5379,1993-05-05,2.0895,2.12914,2.05637,2.09608,161794240
5380,1993-05-06,2.12914,2.1423,2.08292,2.0895,141991456
5381,1993-05-07,2.08292,2.12246,2.08292,2.10295,107634484
5382,1993-05-10,2.12246,2.13638,2.10295,2.11624,120572625
5383,1993-05-11,2.08292,2.09608,2.04957,2.05637,177882483
5384,1993-05-12,2.04957,2.05637,2.01634,2.02332,78135342
5385,1993-05-13,2.01032,2.02982,1.9834,2.02332,114436415
5386,1993-05-14,2.02332,2.04957,2.01032,2.01032,81459115
5387,1993-05-17,2.02332,2.04957,2.01032,2.04327,58839090
5388,1993-05-18,2.06296,2.0895,2.05637,2.0895,117649238
5389,1993-05-19,2.10295,2.18233,2.10295,2.15551,168060697
5390,1993-05-20,2.16246,2.16924,2.13638,2.14956,80721043
5391,1993-05-21,2.14956,2.16924,2.12914,2.13638,96124268
5392,1993-05-24,2.13638,2.17555,2.10295,2.14956,77870016
5393,1993-05-25,2.1423,2.15551,2.12246,2.1423,78598453
5394,1993-05-26,2.19562,2.28843,2.17555,2.28174,252428727
5395,1993-05-27,2.30151,2.34154,2.30151,2.32814,217319198
5396,1993-05-28,2.32184,2.32184,2.25538,2.28843,101850436
5397,1993-06-01,2.28843,2.39454,2.28843,2.38116,202736059
5398,1993-06-02,2.37514,2.39454,2.34848,2.36826,121522961
5399,1993-06-03,2.35462,2.36826,2.32814,2.34848,76586819
5400,1993-06-04,2.33485,2.35462,2.31498,2.32814,80272400
5401,1993-06-07,2.48086,2.50074,2.37514,2.40142,260299185
5402,1993-06-08,2.41486,2.41486,2.30151,2.33485,113365475
5403,1993-06-09,2.34154,2.34154,2.26875,2.30857,122538429
5404,1993-06-10,2.26875,2.28174,2.2422,2.25538,113428182
5405,1993-06-11,2.28843,2.34154,2.26875,2.33485,68757368
5406,1993-06-14,2.33485,2.37514,2.32184,2.36159,49371870
5407,1993-06-15,2.36159,2.41486,2.34848,2.38116,71946067
5408,1993-06-16,2.37514,2.39454,2.31498,2.33485,63462960
5409,1993-06-17,2.34154,2.34154,2.26216,2.31498,80708977
5410,1993-06-18,2.34154,2.35462,2.26875,2.28843,93338376
5411,1993-06-21,2.28843,2.34154,2.26216,2.34154,60672233
5412,1993-06-22,2.32184,2.33485,2.28174,2.28843,67097884
5413,1993-06-23,2.30151,2.30151,2.24861,2.26875,80113207
5414,1993-06-24,2.22225,2.24861,2.18233,2.22225,142273671
5415,1993-06-25,2.21566,2.28174,2.19562,2.25538,68998567
5416,1993-06-28,2.24861,2.31498,2.24861,2.31498,68658468
5417,1993-06-29,2.34154,2.36159,2.31498,2.33485,86985087
5418,1993-06-30,2.32184,2.34154,2.24861,2.26875,64765451
5419,1993-07-01,2.26875,2.28174,2.19562,2.22883,113908184
5420,1993-07-02,2.2422,2.2422,2.19562,2.22225,62437842
5421,1993-07-06,2.2422,2.26875,2.17555,2.19562,67551352
5422,1993-07-07,2.189,2.19562,2.14956,2.17555,88996719
5423,1993-07-08,2.18233,2.26216,2.15551,2.26216,66048654
5424,1993-07-09,2.24861,2.32184,2.22225,2.31498,96681447
5425,1993-07-12,2.33485,2.35462,2.189,2.2953,204036142
5426,1993-07-13,2.28843,2.30151,2.20898,2.24861,122861639
5427,1993-07-14,2.24861,2.26875,2.189,2.2022,89003956
5428,1993-07-15,2.20898,2.22225,2.16924,2.17555,70978845
5429,1993-07-16,2.15551,2.16924,2.07612,2.08292,149709960
5430,1993-07-19,2.07612,2.11624,2.03658,2.10295,143371139
5431,1993-07-20,2.11624,2.15551,2.09608,2.14956,73629669
5432,1993-07-21,2.12914,2.13638,2.0895,2.10926,50334265
5433,1993-07-22,2.12914,2.12914,2.03658,2.06296,65513182
5434,1993-07-23,2.09608,2.16924,2.08292,2.13638,67199193
5435,1993-07-26,2.13638,2.22225,2.13638,2.18233,79186984
5436,1993-07-27,2.22225,2.22883,2.12914,2.189,109175772
5437,1993-07-28,2.17555,2.22225,2.16924,2.21566,37842361
5438,1993-07-29,2.22883,2.2422,2.17555,2.189,38956719
5439,1993-07-30,2.15551,2.16924,2.12914,2.15551,60235655
5440,1993-08-02,2.15551,2.20898,2.15551,2.17555,47852286
5441,1993-08-03,2.189,2.23551,2.17555,2.189,52760771
5442,1993-08-04,2.20898,2.26875,2.19562,2.26875,89076316
5443,1993-08-05,2.26875,2.31498,2.26216,2.30151,92672656
5444,1993-08-06,2.32184,2.37514,2.30857,2.36159,123631073
5445,1993-08-09,2.35462,2.44771,2.32184,2.38116,161832828
5446,1993-08-10,2.37514,2.40792,2.34154,2.34848,73294395
5447,1993-08-11,2.41486,2.43456,2.40792,2.42778,107928751
5448,1993-08-12,2.42778,2.45431,2.40792,2.42778,119656048
5449,1993-08-13,2.42778,2.47419,2.42778,2.46787,103290416
5450,1993-08-16,2.46787,2.65994,2.45431,2.65994,265120833
5451,1993-08-17,2.63358,2.71322,2.62001,2.68638,147324463
5452,1993-08-18,2.7329,2.77932,2.68638,2.70653,150684421
5453,1993-08-19,2.69336,2.71322,2.61381,2.64007,97096320
5454,1993-08-20,2.64007,2.71322,2.58038,2.63358,109699184
5455,1993-08-23,2.60042,2.71322,2.55412,2.65323,108090365
5456,1993-08-24,2.62699,2.65994,2.60042,2.62001,98893285
5457,1993-08-25,2.61381,2.65323,2.54705,2.58038,85494448
5458,1993-08-26,2.57406,2.64007,2.52757,2.61381,81888463
5459,1993-08-27,2.61381,2.65323,2.58038,2.62699,41101015
5460,1993-08-30,2.62001,2.67321,2.62001,2.64007,44622583
5461,1993-08-31,2.64694,2.65994,2.61381,2.65323,48197211
5462,1993-09-01,2.63358,2.65323,2.59337,2.62001,68593348
5463,1993-09-02,2.60042,2.62001,2.59337,2.60042,45290712
5464,1993-09-03,2.58038,2.60042,2.57406,2.59337,41585834
5465,1993-09-07,2.60042,2.64007,2.54072,2.56051,53498852
5466,1993-09-08,2.54072,2.61381,2.48736,2.60042,130826166
5467,1993-09-09,2.62001,2.70653,2.58038,2.67321,124685134
5468,1993-09-10,2.71322,2.75964,2.68638,2.70653,112441662
5469,1993-09-13,2.69336,2.72632,2.67321,2.67321,46110802
5470,1993-09-14,2.62001,2.64007,2.54705,2.61381,148964639
5471,1993-09-15,2.62001,2.68638,2.59337,2.67999,136672933
5472,1993-09-16,2.65994,2.67321,2.63358,2.64007,50582712
5473,1993-09-17,2.61381,2.67321,2.60042,2.65323,71478135
5474,1993-09-20,2.67321,2.75964,2.65323,2.68638,82040417
5475,1993-09-21,2.69336,2.7461,2.63358,2.69336,91654780
5476,1993-09-22,2.70653,2.79917,2.70653,2.77932,114489479
5477,1993-09-23,2.79266,2.85246,2.77932,2.82581,85836957
5478,1993-09-24,2.82581,2.87214,2.78619,2.83911,66728844
5479,1993-09-27,2.85246,2.94531,2.85246,2.90547,94286306
5480,1993-09-28,2.93203,3.0049,2.87893,3.0049,103864483
5481,1993-09-29,3.03859,3.06475,2.9916,3.02512,160137174
5482,1993-09-30,3.0049,3.0049,2.91208,2.91873,103382078
5483,1993-10-01,2.95188,3.04453,2.93203,3.01167,122369584
5484,1993-10-04,2.94531,3.05158,2.93203,3.0049,85552336
5485,1993-10-05,2.9853,2.99819,2.83911,2.89219,214612897
5486,1993-10-06,2.91208,2.95188,2.85914,2.85914,129825175
5487,1993-10-07,2.85246,2.85246,2.77932,2.83911,159722297
5488,1993-10-08,2.85246,2.89888,2.81246,2.89888,123703433
5489,1993-10-11,2.91873,2.95188,2.69336,2.70653,485843407
5490,1993-10-12,2.72632,2.76603,2.67321,2.68638,320218864
5491,1993-10-13,2.62001,2.65323,2.54072,2.62001,301636573
5492,1993-10-14,2.64007,2.69336,2.62001,2.67321,108389450
5493,1993-10-15,2.7329,2.73977,2.65994,2.67321,134449035
5494,1993-10-18,2.69336,2.70653,2.59337,2.60042,116486639
5495,1993-10-19,2.59337,2.63358,2.55412,2.57406,125968336
5496,1993-10-20,2.57406,2.62001,2.57406,2.59337,97301345
5497,1993-10-21,2.58038,2.67321,2.54705,2.65994,92120298
5498,1993-10-22,2.67321,2.71322,2.63358,2.65323,84826321
5499,1993-10-25,2.65994,2.67321,2.59337,2.62001,57169961
5500,1993-10-26,2.61381,2.65994,2.59337,2.63358,77402084
5501,1993-10-27,2.63358,2.68638,2.62001,2.65994,56219624
5502,1993-10-28,2.60042,2.64007,2.58038,2.62001,91838095
5503,1993-10-29,2.62001,2.65323,2.59337,2.61381,60766308
5504,1993-11-01,2.61381,2.63358,2.59337,2.61381,43020990
5505,1993-11-02,2.61381,2.63358,2.58038,2.59337,83651658
5506,1993-11-03,2.58038,2.60042,2.50074,2.51379,188432710
5507,1993-11-04,2.52059,2.52059,2.39454,2.43456,193999681
5508,1993-11-05,2.41486,2.52059,2.40142,2.50749,125292965
5509,1993-11-08,2.50749,2.52059,2.46787,2.47419,64232394
5510,1993-11-09,2.50749,2.57406,2.50749,2.52059,107383634
5511,1993-11-10,2.58038,2.63358,2.56051,2.62001,143250538
5512,1993-11-11,2.61381,2.65994,2.61381,2.63358,77175357
5513,1993-11-12,2.63358,2.63358,2.58038,2.59337,71929183
5514,1993-11-15,2.59337,2.59337,2.46787,2.47419,133884624
5515,1993-11-16,2.47419,2.50749,2.40792,2.50074,129318648
5516,1993-11-17,2.54072,2.54705,2.41486,2.42778,136803183
5517,1993-11-18,2.44771,2.47419,2.37514,2.38804,211650926
5518,1993-11-19,2.38804,2.42778,2.33485,2.34848,147170088
5519,1993-11-22,2.32184,2.39454,2.32184,2.37514,114588371
5520,1993-11-23,2.40792,2.45431,2.39454,2.42778,93598874
5521,1993-11-24,2.45431,2.50074,2.44771,2.47419,83268142
5522,1993-11-26,2.51379,2.52059,2.48086,2.48736,22212394
5523,1993-11-29,2.52757,2.54705,2.46787,2.47419,88150098
5524,1993-11-30,2.47419,2.54705,2.45431,2.54072,95940961
5525,1993-12-01,2.54705,2.62001,2.54072,2.59337,128344184
5526,1993-12-02,2.58038,2.61381,2.54072,2.60042,71376829
5527,1993-12-03,2.62001,2.63358,2.58038,2.62001,68402797
5528,1993-12-06,2.35462,2.46092,2.33485,2.45431,406239141
5529,1993-12-07,2.46787,2.50749,2.41486,2.45431,148226556
5530,1993-12-08,2.44771,2.47419,2.43456,2.45431,81061136
5531,1993-12-09,2.41486,2.42778,2.36159,2.39454,117550349
5532,1993-12-10,2.39454,2.40142,2.32184,2.32184,103268708
5533,1993-12-13,2.34848,2.38116,2.34154,2.37514,84348731
5534,1993-12-14,2.37514,2.39454,2.34154,2.37514,76261193
5535,1993-12-15,2.39454,2.43456,2.37514,2.42778,90265448
5536,1993-12-16,2.43456,2.46787,2.41486,2.42778,70071922
5537,1993-12-17,2.43456,2.45431,2.37514,2.39454,88183861
5538,1993-12-20,2.40792,2.42778,2.36826,2.41486,55990479
5539,1993-12-21,2.40142,2.46092,2.38804,2.45431,81550776
5540,1993-12-22,2.45431,2.57406,2.45431,2.54705,143865604
5541,1993-12-23,2.57406,2.60042,2.54705,2.56683,100012465
5542,1993-12-27,2.57406,2.60042,2.56051,2.59337,44571924
5543,1993-12-28,2.64007,2.67321,2.62001,2.64007,120596743
5544,1993-12-29,2.62001,2.64007,2.60042,2.60683,80692096
5545,1993-12-30,2.61381,2.62001,2.58038,2.60042,46834412
5546,1993-12-31,2.59337,2.61381,2.56051,2.56051,41219200
5547,1994-01-03,2.57406,2.57406,2.50749,2.52757,67867322
5548,1994-01-04,2.52757,2.63358,2.50749,2.63358,89319930
5549,1994-01-05,2.63358,2.67321,2.59337,2.65323,112487492
5550,1994-01-06,2.67321,2.67321,2.62001,2.64007,75400096
5551,1994-01-07,2.62001,2.7329,2.60042,2.71972,150170661
5552,1994-01-10,2.72632,2.76603,2.69336,2.76603,107202733
5553,1994-01-11,2.75964,2.76603,2.71322,2.75964,72204151
5554,1994-01-12,2.82581,2.83911,2.76603,2.82581,151695058
5555,1994-01-13,2.80625,2.81924,2.77932,2.80625,78953020
5556,1994-01-14,2.83911,2.85914,2.81246,2.82581,98037009
5557,1994-01-17,2.81924,2.83911,2.71972,2.7329,119972025
5558,1994-01-18,2.73977,2.82581,2.69336,2.77932,168135468
5559,1994-01-19,2.60042,2.65994,2.54705,2.58038,570363399
5560,1994-01-20,2.59337,2.64007,2.58038,2.63358,185251238
5561,1994-01-21,2.65323,2.69336,2.64007,2.68638,220476548
5562,1994-01-24,2.67321,2.70653,2.65994,2.70653,124822617
5563,1994-01-25,2.69336,2.69983,2.65994,2.68638,98492889
5564,1994-01-26,2.62699,2.65994,2.60042,2.62699,173502236
5565,1994-01-27,2.63358,2.67321,2.62001,2.65323,130821341
5566,1994-01-28,2.64007,2.69336,2.64007,2.68638,97414707
5567,1994-01-31,2.70653,2.7329,2.69336,2.69336,83400805
5568,1994-02-01,2.68638,2.68638,2.64007,2.66662,119817656
5569,1994-02-02,2.67321,2.71322,2.65323,2.69336,75441106
5570,1994-02-03,2.65994,2.67321,2.60042,2.61381,119561981
5571,1994-02-04,2.60042,2.63358,2.52059,2.54705,161683282
5572,1994-02-07,2.54072,2.58038,2.50074,2.56051,184045228
5573,1994-02-08,2.56051,2.63358,2.54072,2.62001,121127390
5574,1994-02-09,2.63358,2.65994,2.61381,2.64007,98683438
5575,1994-02-10,2.64007,2.64007,2.55412,2.60683,93437267
5576,1994-02-11,2.60042,2.64007,2.58725,2.63358,67684007
5577,1994-02-14,2.62001,2.64007,2.61381,2.64007,51569226
5578,1994-02-15,2.64007,2.69336,2.64007,2.68638,112470608
5579,1994-02-16,2.69336,2.77932,2.69336,2.76603,198794795
5580,1994-02-17,2.77932,2.79917,2.71322,2.7461,129458546
5581,1994-02-18,2.7461,2.77932,2.70653,2.75964,105719334
5582,1994-02-22,2.76603,2.83911,2.72632,2.83911,127731528
5583,1994-02-23,2.82581,2.85914,2.81924,2.83232,106908462
5584,1994-02-24,2.80625,2.82581,2.77932,2.79917,102733239
5585,1994-02-25,2.81924,2.81924,2.77932,2.81924,56571781
5586,1994-02-28,2.81924,2.85914,2.80625,2.83911,60505804
5587,1994-03-01,2.84587,2.85246,2.7329,2.75964,106329574
5588,1994-03-02,2.72632,2.75964,2.69336,2.75287,148549779
5589,1994-03-03,2.7461,2.81924,2.7461,2.80625,102168824
5590,1994-03-04,2.82581,2.89888,2.81924,2.87214,174375394
5591,1994-03-07,2.89219,2.95188,2.89219,2.94531,174549057
5592,1994-03-08,2.94531,2.96516,2.89219,2.91873,121057440
5593,1994-03-09,2.96516,2.97184,2.91873,2.95848,140877102
5594,1994-03-10,2.95188,2.96516,2.81924,2.89888,183789551
5595,1994-03-11,2.87214,2.87893,2.82581,2.83232,196112618
5596,1994-03-14,2.83232,2.89888,2.80625,2.89219,74030060
5597,1994-03-15,2.89888,2.97184,2.89219,2.94531,124470464
5598,1994-03-16,2.95848,2.97836,2.94531,2.96516,83806023
5599,1994-03-17,3.0049,3.03859,2.9853,2.9853,99983517
5600,1994-03-18,2.97184,2.9916,2.94531,2.97184,70226292
5601,1994-03-21,2.96516,3.01167,2.95188,2.9853,72631089
5602,1994-03-22,2.9853,3.01167,2.95188,2.97184,61798650
5603,1994-03-23,2.96516,2.9853,2.94531,2.95188,49200614
5604,1994-03-24,2.94531,2.94531,2.87893,2.89888,70009208
5605,1994-03-25,2.89219,2.91208,2.85246,2.87893,56229275
5606,1994-03-28,2.87214,2.89219,2.79917,2.83232,94809711
5607,1994-03-29,2.85246,2.85914,2.72632,2.7329,75306027
5608,1994-03-30,2.72632,2.78619,2.69336,2.7329,125314675
5609,1994-03-31,2.75964,2.78619,2.68638,2.78619,100832557
5610,1994-04-04,2.70653,2.79917,2.68638,2.77932,101278781
5611,1994-04-05,2.82581,2.85246,2.79917,2.83911,120939246
5612,1994-04-06,2.85914,2.89219,2.81924,2.87214,80260341
5613,1994-04-07,2.87893,2.91873,2.87214,2.91873,64198628
5614,1994-04-08,2.91208,2.93203,2.81924,2.86564,77657755
5615,1994-04-11,2.81924,2.87214,2.80625,2.85914,58638893
5616,1994-04-12,2.82581,2.85246,2.69336,2.71322,165397807
5617,1994-04-13,2.7329,2.75964,2.60042,2.63358,199033586
5618,1994-04-14,2.56051,2.62001,2.46787,2.47419,293433260
5619,1994-04-15,2.46787,2.50749,2.42778,2.46787,177472436
5620,1994-04-18,2.52059,2.52757,2.40792,2.41486,168263303
5621,1994-04-19,2.46787,2.47419,2.33485,2.37514,263249100
5622,1994-04-20,2.40792,2.41486,2.31498,2.37514,186790118
5623,1994-04-21,2.39454,2.50749,2.38116,2.48736,148964639
5624,1994-04-22,2.52059,2.57406,2.47419,2.49433,163036435
5625,1994-04-25,2.50074,2.60042,2.48736,2.59337,95735936
5626,1994-04-26,2.59337,2.62001,2.57406,2.61381,93953445
5627,1994-04-28,2.55412,2.58038,2.52757,2.54705,168955554
5628,1994-04-29,2.52059,2.54072,2.46787,2.52059,172127378
5629,1994-05-02,2.50749,2.52059,2.46787,2.50074,105034313
5630,1994-05-03,2.47419,2.48736,2.42778,2.45431,110729122
5631,1994-05-04,2.47419,2.48086,2.38116,2.42106,140025653
5632,1994-05-05,2.43456,2.45431,2.39454,2.44123,133079006
5633,1994-05-06,2.40792,2.46787,2.39454,2.46787,143214360
5634,1994-05-09,2.45431,2.46787,2.41486,2.42106,59803905
5635,1994-05-10,2.42778,2.46787,2.41486,2.45431,65033188
5636,1994-05-11,2.43456,2.47419,2.42778,2.45431,116486639
5637,1994-05-12,2.46787,2.47419,2.41486,2.42106,97477419
5638,1994-05-13,2.42778,2.42778,2.33485,2.40792,155863048
5639,1994-05-16,2.41486,2.41486,2.36159,2.37514,90919105
5640,1994-05-17,2.37514,2.40792,2.33485,2.40792,117241604
5641,1994-05-18,2.42778,2.43456,2.39454,2.43456,65445645
5642,1994-05-19,2.43456,2.50749,2.43456,2.48086,98476006
5643,1994-05-20,2.46787,2.50074,2.46787,2.46787,44981972
5644,1994-05-23,2.47419,2.48736,2.43456,2.45431,56612789
5645,1994-05-24,2.46787,2.54072,2.46787,2.54072,75822207
5646,1994-05-25,2.52757,2.54072,2.48736,2.52757,71533611
5647,1994-05-26,2.53359,2.56051,2.47419,2.50074,56675501
5648,1994-05-27,2.47419,2.54072,2.46787,2.53359,52454451
5649,1994-05-31,2.52757,2.59337,2.52059,2.58038,65001836
5650,1994-06-01,2.58038,2.68638,2.57406,2.66662,129234228
5651,1994-06-02,2.65994,2.67321,2.64007,2.65994,84478980
5652,1994-06-03,2.65994,2.67321,2.58725,2.60042,61851722
5653,1994-06-06,2.60042,2.60042,2.54705,2.54705,65624137
5654,1994-06-07,2.54072,2.57406,2.52059,2.54072,53894426
5655,1994-06-08,2.54705,2.54705,2.44771,2.46787,138257634
5656,1994-06-09,2.46787,2.50074,2.40792,2.43456,147160448
5657,1994-06-10,2.45431,2.48736,2.43456,2.47419,64504952
5658,1994-06-13,2.47419,2.50074,2.44771,2.45431,46571506
5659,1994-06-14,2.48086,2.52757,2.47419,2.52757,82602426
5660,1994-06-15,2.52059,2.54072,2.50074,2.51379,59364914
5661,1994-06-16,2.48736,2.50749,2.47419,2.50074,48612075
5662,1994-06-17,2.47419,2.50074,2.44771,2.47419,67273964
5663,1994-06-20,2.45431,2.46787,2.41486,2.42778,58554471
5664,1994-06-21,2.41486,2.42778,2.36159,2.39454,137669097
5665,1994-06-22,2.39454,2.46787,2.39454,2.46092,95101570
5666,1994-06-23,2.46787,2.48736,2.40792,2.40792,77438267
5667,1994-06-24,2.40792,2.44771,2.38116,2.40792,84905914
5668,1994-06-27,2.41486,2.46787,2.39454,2.46787,56193093
5669,1994-06-28,2.47419,2.52059,2.43456,2.48736,94884489
5670,1994-06-29,2.46787,2.50074,2.44771,2.45431,67681596
5671,1994-06-30,2.45431,2.46787,2.41486,2.41486,60134351
5672,1994-07-01,2.42778,2.44771,2.38116,2.43456,88726573
5673,1994-07-05,2.42778,2.43456,2.38116,2.38116,38906063
5674,1994-07-06,2.36159,2.38116,2.34154,2.34848,93888318
5675,1994-07-07,2.36159,2.40792,2.34154,2.38804,91580006
5676,1994-07-08,2.38116,2.46787,2.38116,2.44123,110881078
5677,1994-07-11,2.44771,2.48736,2.43456,2.48086,101052048
5678,1994-07-12,2.44771,2.48736,2.43456,2.48086,88538434
5679,1994-07-13,2.50074,2.54705,2.48736,2.54705,116966634
5680,1994-07-14,2.56051,2.60042,2.54072,2.54072,126684708
5681,1994-07-15,2.54072,2.54705,2.43456,2.45431,120483379
5682,1994-07-18,2.44771,2.46787,2.40142,2.42106,94607104
5683,1994-07-19,2.38116,2.40142,2.33485,2.35462,249599413
5684,1994-07-20,2.36159,2.36159,2.31498,2.33485,116161013
5685,1994-07-21,2.36159,2.41486,2.33485,2.41486,91826031
5686,1994-07-22,2.42778,2.43456,2.37514,2.38804,79461962
5687,1994-07-25,2.39454,2.40792,2.35462,2.38804,28097749
5688,1994-07-26,2.38116,2.40792,2.35462,2.36826,50746728
5689,1994-07-27,2.36159,2.37514,2.34154,2.34848,72360938
5690,1994-07-28,2.35462,2.39454,2.34154,2.38804,62112219
5691,1994-07-29,2.39454,2.45431,2.38804,2.44771,117106536
5692,1994-08-01,2.43456,2.47419,2.42778,2.46092,92115472
5693,1994-08-02,2.46787,2.49433,2.43456,2.45431,74705432
5694,1994-08-03,2.45431,2.46092,2.41486,2.43456,48889465
5695,1994-08-04,2.43456,2.47419,2.36159,2.36159,188025081
5696,1994-08-05,2.35462,2.40792,2.33485,2.40142,76531342
5697,1994-08-08,2.35462,2.40792,2.34154,2.39454,82004245
5698,1994-08-09,2.39454,2.44771,2.39454,2.44771,98729263
5699,1994-08-10,2.45431,2.48736,2.44771,2.46787,110451741
5700,1994-08-11,2.46787,2.52757,2.44771,2.49433,127208119
5701,1994-08-12,2.50749,2.52059,2.46787,2.48736,66755375
5702,1994-08-15,2.48736,2.54072,2.48736,2.50749,65631371
5703,1994-08-16,2.50749,2.56051,2.48736,2.54072,83111360
5704,1994-08-17,2.56051,2.64007,2.54705,2.63358,229895528
5705,1994-08-18,2.60042,2.65323,2.59337,2.61381,135324603
5706,1994-08-19,2.62001,2.63358,2.60042,2.62001,68745303
5707,1994-08-22,2.61381,2.64007,2.60042,2.63358,68472743
5708,1994-08-23,2.64007,2.68638,2.63358,2.65323,110796657
5709,1994-08-24,2.64007,2.67321,2.62001,2.65323,78656342
5710,1994-08-25,2.64007,2.70653,2.62001,2.68638,133744723
5711,1994-08-26,2.68638,2.7461,2.68638,2.72632,113220745
5712,1994-08-29,2.72632,2.75964,2.71322,2.7329,79768287
5713,1994-08-30,2.71322,2.77932,2.69336,2.76603,91300206
5714,1994-08-31,2.7461,2.78619,2.69336,2.71322,120657042
5715,1994-09-01,2.67321,2.68638,2.64007,2.65323,119542686
5716,1994-09-02,2.66662,2.66662,2.59337,2.65323,74806743
5717,1994-09-06,2.63358,2.69983,2.61381,2.69336,64345762
5718,1994-09-07,2.71322,2.77932,2.69336,2.73977,103427901
5719,1994-09-08,2.7461,2.77932,2.7329,2.75964,70838945
5720,1994-09-09,2.7329,2.7461,2.69336,2.71322,75704013
5721,1994-09-12,2.69336,2.69336,2.63358,2.65994,84671948
5722,1994-09-13,2.69336,2.71322,2.68638,2.69336,71384064
5723,1994-09-14,2.70653,2.70653,2.65323,2.69983,69326601
5724,1994-09-15,2.70653,2.76603,2.69336,2.76603,74196489
5725,1994-09-16,2.7461,2.77932,2.72632,2.75964,128431020
5726,1994-09-19,2.76603,2.81924,2.75964,2.77932,112673221
5727,1994-09-20,2.77932,2.78619,2.72632,2.72632,89389882
5728,1994-09-21,2.71322,2.7329,2.65994,2.69983,89836107
5729,1994-09-22,2.69336,2.71322,2.65994,2.65994,76461392
5730,1994-09-23,2.64007,2.65323,2.60042,2.61381,119378665
5731,1994-09-26,2.61381,2.62001,2.58038,2.58725,76046519
5732,1994-09-27,2.58038,2.59337,2.56051,2.58038,69275950
5733,1994-09-28,2.59337,2.61381,2.52757,2.54072,115907751
5734,1994-09-29,2.52059,2.54705,2.47419,2.54705,182033591
5735,1994-09-30,2.54705,2.59337,2.54072,2.54072,94541977
5736,1994-10-03,2.54705,2.56051,2.47419,2.48736,112849297
5737,1994-10-04,2.48736,2.50074,2.39454,2.39454,197516423
5738,1994-10-05,2.38116,2.44123,2.36826,2.42778,207511878
5739,1994-10-06,2.45431,2.45431,2.42778,2.43456,77141589
5740,1994-10-07,2.45431,2.47419,2.44771,2.45431,72807164
5741,1994-10-10,2.46787,2.50749,2.45431,2.49433,78087104
5742,1994-10-11,2.54072,2.57406,2.48736,2.50074,136043391
5743,1994-10-12,2.50074,2.50074,2.42778,2.46787,106918117
5744,1994-10-13,2.50074,2.50749,2.41486,2.42778,129465783
5745,1994-10-14,2.41486,2.43456,2.38116,2.41486,120765582
5746,1994-10-17,2.41486,2.44771,2.37514,2.40142,173369577
5747,1994-10-18,2.38116,2.43456,2.37514,2.40792,239517122
5748,1994-10-19,2.41486,2.50074,2.40792,2.47419,173256212
5749,1994-10-20,2.50749,2.52059,2.47419,2.50749,95928902
5750,1994-10-21,2.48086,2.50749,2.47419,2.50074,99780910
5751,1994-10-24,2.49433,2.49433,2.45431,2.45431,59758072
5752,1994-10-25,2.44771,2.45431,2.40142,2.43456,86191531
5753,1994-10-26,2.43456,2.47419,2.43456,2.47419,63921243
5754,1994-10-27,2.47419,2.51379,2.47419,2.50074,77088522
5755,1994-10-28,2.49433,2.57406,2.49433,2.57406,142008345
5756,1994-10-31,2.58038,2.60042,2.55412,2.56683,82035596
5757,1994-11-01,2.55412,2.56051,2.52757,2.53359,41607545
5758,1994-11-02,2.54072,2.63358,2.52757,2.58038,143537573
5759,1994-11-03,2.60683,2.61381,2.54072,2.55412,121935418
5760,1994-11-04,2.55412,2.56683,2.49433,2.49433,58050354
5761,1994-11-07,2.49433,2.50749,2.46787,2.48086,72563545
5762,1994-11-08,2.48736,2.52059,2.46787,2.51379,97675211
5763,1994-11-09,2.52757,2.54705,2.49433,2.52757,75260199
5764,1994-11-10,2.49433,2.52757,2.48736,2.52757,82317801
5765,1994-11-11,2.51379,2.54072,2.50074,2.50074,42504812
5766,1994-11-14,2.52059,2.57406,2.50074,2.57406,57551071
5767,1994-11-15,2.57406,2.59337,2.53359,2.54072,95610504
5768,1994-11-16,2.54705,2.55412,2.50749,2.52757,63233813
5769,1994-11-17,2.52757,2.57406,2.52757,2.56683,92706421
5770,1994-11-18,2.56683,2.64007,2.56051,2.64007,159073467
5771,1994-11-21,2.7329,2.77932,2.68638,2.7329,349377916
5772,1994-11-22,2.71972,2.75964,2.64694,2.67321,185847014
5773,1994-11-23,2.64007,2.69336,2.61381,2.68638,175730949
5774,1994-11-25,2.67321,2.68638,2.62001,2.64007,56738216
5775,1994-11-28,2.62001,2.69336,2.62001,2.69336,129024378
5776,1994-11-29,2.69336,2.75287,2.69336,2.70653,138042959
5777,1994-11-30,2.69983,2.75964,2.59337,2.60683,266505340
5778,1994-12-01,2.56051,2.61381,2.54705,2.58725,301446024
5779,1994-12-02,2.58725,2.61381,2.55412,2.59337,176389435
5780,1994-12-05,2.59337,2.65323,2.57406,2.64694,108792262
5781,1994-12-06,2.64007,2.70653,2.64007,2.65994,118435562
5782,1994-12-07,2.64694,2.71322,2.64007,2.67321,88750691
5783,1994-12-08,2.66662,2.69336,2.58038,2.59337,140744441
5784,1994-12-09,2.59337,2.61381,2.54072,2.59337,161536150
5785,1994-12-12,2.59337,2.60683,2.40792,2.49433,390623648
5786,1994-12-13,2.50749,2.52059,2.47419,2.50074,199547347
5787,1994-12-14,2.50074,2.52757,2.47419,2.49433,110791835
5788,1994-12-15,2.50074,2.52059,2.41486,2.42106,153397954
5789,1994-12-16,2.41486,2.47419,2.38116,2.45431,258417800
5790,1994-12-19,2.38116,2.41486,2.37514,2.38804,211882477
5791,1994-12-20,2.48736,2.54072,2.43456,2.52757,254370413
5792,1994-12-21,2.54072,2.60042,2.53359,2.58725,164705560
5793,1994-12-22,2.58725,2.62001,2.58038,2.60683,106474302
5794,1994-12-23,2.60683,2.61381,2.59337,2.60042,36134646
5795,1994-12-27,2.60042,2.62001,2.60042,2.61381,41192671
5796,1994-12-28,2.61381,2.62001,2.57406,2.58038,52309722
5797,1994-12-29,2.63358,2.65994,2.62699,2.65994,88461247
5798,1994-12-30,2.65994,2.65994,2.61381,2.64007,41783625
5799,1995-01-03,2.62699,2.64007,2.60042,2.63358,62896130
5800,1995-01-04,2.64007,2.65994,2.61381,2.62699,63113211
5801,1995-01-05,2.63358,2.68638,2.62699,2.64694,91174783
5802,1995-01-06,2.64694,2.68638,2.64007,2.68638,84898678
5803,1995-01-09,2.67999,2.72632,2.67999,2.72632,113148388
5804,1995-01-10,2.73977,2.77932,2.72632,2.75287,164802039
5805,1995-01-11,2.75964,2.77932,2.72632,2.7329,88142860
5806,1995-01-12,2.7329,2.79266,2.70653,2.7731,128718049
5807,1995-01-13,2.79266,2.82581,2.78619,2.81246,190987050
5808,1995-01-16,2.82581,2.82581,2.79917,2.81246,89795097
5809,1995-01-17,2.81246,2.86564,2.75964,2.76603,178936541
5810,1995-01-18,2.81924,2.87214,2.81924,2.86564,285705108
5811,1995-01-19,2.85914,2.91873,2.85246,2.91873,221593315
5812,1995-01-20,2.90547,2.91873,2.83232,2.83911,220450011
5813,1995-01-23,2.82581,2.91873,2.80625,2.90547,158682713
5814,1995-01-24,2.91873,2.95848,2.88551,2.95188,166816083
5815,1995-01-25,2.89219,2.96516,2.87214,2.92514,230131910
5816,1995-01-26,2.91873,2.94531,2.89219,2.90547,118541691
5817,1995-01-27,2.91208,2.95188,2.89888,2.93203,120642571
5818,1995-01-30,2.93862,2.93862,2.88551,2.89219,98196207
5819,1995-01-31,2.88551,2.89219,2.84587,2.86564,127032044
5820,1995-02-01,2.86564,2.93203,2.85246,2.91873,113416122
5821,1995-02-02,2.91208,2.9853,2.91208,2.97836,132760616
5822,1995-02-03,3.0049,3.05779,2.97184,3.03859,214760028
5823,1995-02-06,3.03143,3.07118,3.03143,3.03859,84570641
5824,1995-02-07,3.03859,3.04453,2.99819,3.01167,67348734
5825,1995-02-08,3.05779,3.17745,3.05779,3.1644,204873117
5826,1995-02-09,3.1644,3.25051,3.1644,3.19724,190697610
5827,1995-02-10,3.19724,3.24365,3.18406,3.19724,133515580
5828,1995-02-13,3.19724,3.22387,3.17078,3.18406,81201032
5829,1995-02-14,3.18406,3.24365,3.18406,3.24365,103753524
5830,1995-02-15,3.24365,3.30353,3.24365,3.29017,171792103
5831,1995-02-16,3.29665,3.33666,3.28367,3.29665,143204710
5832,1995-02-17,3.28367,3.28367,3.25051,3.25721,121983664
5833,1995-02-21,3.25721,3.27706,3.23027,3.26341,101862501
5834,1995-02-22,3.25721,3.30353,3.25721,3.29017,66463525
5835,1995-02-23,3.30353,3.32998,3.22387,3.22387,132024944
5836,1995-02-24,3.22387,3.25051,3.18406,3.24365,118107522
5837,1995-02-27,3.23027,3.26341,3.21738,3.23027,77705996
5838,1995-02-28,3.23027,3.29017,3.2039,3.29017,81676207
5839,1995-03-01,3.29017,3.32349,3.25051,3.25051,98495303
5840,1995-03-02,3.25051,3.29017,3.23706,3.26341,58976574
5841,1995-03-03,3.25721,3.3894,3.25051,3.38308,212350410
5842,1995-03-06,3.36311,3.41603,3.34333,3.39654,121602562
5843,1995-03-07,3.38308,3.3894,3.30982,3.3166,128988201
5844,1995-03-08,3.3166,3.33666,3.27046,3.29017,129352412
5845,1995-03-09,3.30353,3.33666,3.27046,3.30982,127779771
5846,1995-03-10,3.30353,3.32998,3.30353,3.32349,86647401
5847,1995-03-13,3.32349,3.38308,3.3166,3.36311,110451741
5848,1995-03-14,3.3698,3.42301,3.3698,3.40274,100885620
5849,1995-03-15,3.40274,3.41603,3.36311,3.38308,51911736
5850,1995-03-16,3.3763,3.40274,3.35635,3.36311,52010632
5851,1995-03-17,3.3763,3.3763,3.33666,3.34333,57466646
5852,1995-03-20,3.33666,3.44296,3.3166,3.44296,100649246
5853,1995-03-21,3.44296,3.476,3.42958,3.43598,125932157
5854,1995-03-22,3.42958,3.48267,3.41603,3.48267,104959541
5855,1995-03-23,3.48267,3.54209,3.476,3.52269,165836801
5856,1995-03-24,3.54209,3.59537,3.53589,3.55528,148585956
5857,1995-03-27,3.55528,3.62166,3.54887,3.61515,101247428
5858,1995-03-28,3.64187,3.69462,3.64187,3.65497,142838082
5859,1995-03-29,3.65497,3.71484,3.529,3.59537,241357498
5860,1995-03-30,3.59537,3.60178,3.45623,3.52269,247493708
5861,1995-03-31,3.44946,3.56893,3.42958,3.50245,227126520
5862,1995-04-03,3.50245,3.65497,3.48919,3.65497,142309848
5863,1995-04-04,3.66817,3.72116,3.56225,3.5756,151236779
5864,1995-04-05,3.54887,3.58868,3.50245,3.5756,179713215
5865,1995-04-06,3.59537,3.62166,3.51573,3.529,119231531
5866,1995-04-07,3.529,3.62166,3.50925,3.59537,128276648
5867,1995-04-10,3.59537,3.65497,3.56893,3.65497,119713947
5868,1995-04-11,3.74789,3.801,3.74131,3.7674,261647506
5869,1995-04-12,3.77481,3.79432,3.72831,3.78781,126149235
5870,1995-04-13,3.801,3.92706,3.801,3.92038,174076302
5871,1995-04-17,3.92706,4.02648,3.8605,3.88055,236190933
5872,1995-04-18,3.98006,3.98665,3.8474,3.89401,253591328
5873,1995-04-19,3.88055,3.90061,3.79432,3.85382,144413140
5874,1995-04-20,3.87404,3.88733,3.81416,3.84081,119800768
5875,1995-04-21,3.8474,3.89401,3.81416,3.83404,132340920
5876,1995-04-24,3.82737,3.99334,3.81416,3.98665,144801478
5877,1995-04-25,3.98665,4.07977,3.98665,4.05972,194031034
5878,1995-04-26,4.03317,4.15263,4.0198,4.1129,144842482
5879,1995-04-27,4.10594,4.2123,4.10594,4.15263,137415835
5880,1995-04-28,4.22542,4.29828,4.18558,4.22542,199496697
5881,1995-05-01,4.27173,4.33838,4.24528,4.29828,174638305
5882,1995-05-02,4.28509,4.31193,4.25177,4.29188,174228261
5883,1995-05-03,4.29188,4.44431,4.29188,4.43121,135387319
5884,1995-05-04,4.47085,4.6036,4.45082,4.53722,266748949
5885,1995-05-05,4.57705,4.61688,4.47085,4.48422,216537698
5886,1995-05-08,4.47085,4.64353,4.45758,4.6102,176818778
5887,1995-05-09,4.65002,4.66309,4.51727,4.59692,208235486
5888,1995-05-10,4.64353,4.64353,4.48422,4.49089,212938951
5889,1995-05-11,4.46417,4.53722,4.42452,4.51095,174136600
5890,1995-05-12,4.51095,4.58354,4.46417,4.49089,117994159
5891,1995-05-15,4.49759,4.51095,4.43121,4.47754,109356677
5892,1995-05-16,4.47085,4.55051,4.45082,4.49759,126038285
5893,1995-05-17,4.53063,4.59692,4.52395,4.57036,156504648
5894,1995-05-18,4.6036,4.75621,4.57036,4.57036,257180427
5895,1995-05-19,4.56414,4.67008,4.55051,4.59692,220503081
5896,1995-05-22,4.6102,4.73616,4.6102,4.7096,155537427
5897,1995-05-23,4.72948,4.82936,4.72289,4.80902,184255073
5898,1995-05-24,4.88236,4.91513,4.78239,4.80271,209557280
5899,1995-05-25,4.80271,4.87559,4.75621,4.84913,128322477
5900,1995-05-26,4.82936,4.84913,4.75621,4.78239,86982668
5901,1995-05-30,4.79614,4.82241,4.5037,4.56414,365376919
5902,1995-05-31,4.59692,4.64353,4.45758,4.63675,246750799
5903,1995-06-01,4.64353,4.78239,4.64353,4.73616,176929736
5904,1995-06-02,4.68306,4.85563,4.65698,4.80902,181389580
5905,1995-06-05,4.84246,4.84246,4.76299,4.78239,117007637
5906,1995-06-06,4.7693,4.78239,4.64353,4.64353,145500963
5907,1995-06-07,4.64353,4.69634,4.59692,4.67008,177062394
5908,1995-06-08,4.67646,4.72289,4.67008,4.69634,66996583
5909,1995-06-09,4.69634,4.73616,4.65002,4.65698,82616897
5910,1995-06-12,4.67008,4.69634,4.59692,4.6036,97516012
5911,1995-06-13,4.68306,4.68993,4.57036,4.58354,162602269
5912,1995-06-14,4.55708,4.66309,4.52395,4.64353,147558429
5913,1995-06-15,4.65002,4.77616,4.65002,4.75621,137225287
5914,1995-06-16,4.7693,4.84913,4.72948,4.79614,184537287
5915,1995-06-19,4.82936,5.12724,4.82241,5.10115,192775572
5916,1995-06-20,5.23383,5.37955,5.17394,5.36667,212606084
5917,1995-06-21,5.45903,5.46619,5.23383,5.26057,180463361
5918,1995-06-22,5.27363,5.43276,5.24692,5.39943,106953086
5919,1995-06-23,5.39943,5.47906,5.35978,5.41967,79487285
5920,1995-06-26,5.43276,5.47906,5.31346,5.36667,86467706
5921,1995-06-27,5.33975,5.33975,5.15435,5.17394,138699032
5922,1995-06-28,5.1407,5.26686,5.0346,5.21386,170180865
5923,1995-06-29,5.26686,5.33975,5.20078,5.26686,91510057
5924,1995-06-30,5.28681,5.34659,5.20078,5.22712,62515030
5925,1995-07-03,5.23383,5.26686,5.20078,5.22712,19629111
5926,1995-07-05,5.24692,5.32645,5.23383,5.26686,70683372
5927,1995-07-06,5.26686,5.40612,5.20078,5.40612,78658754
5928,1995-07-07,5.41967,5.63856,5.36667,5.63856,119036157
5929,1995-07-10,5.66538,5.82392,5.63856,5.80446,125733159
5930,1995-07-11,5.77112,5.77734,5.68488,5.68488,78289714
5931,1995-07-12,5.85076,5.98991,5.75775,5.96365,127824389
5932,1995-07-13,5.94342,6.27499,5.88381,6.08303,177107016
5933,1995-07-14,5.92354,6.26182,5.88381,6.23517,132413284
5934,1995-07-17,6.3153,6.4745,6.23517,6.3153,210572745
5935,1995-07-18,6.36782,6.38787,6.03011,6.0496,207186255
5936,1995-07-19,5.36667,5.67819,5.16085,5.38634,674844152
5937,1995-07-20,5.40612,5.532,5.31346,5.32645,301395372
5938,1995-07-21,5.34659,5.41967,5.194,5.20078,229821965
5939,1995-07-24,5.23383,5.572,5.21386,5.5525,184833962
5940,1995-07-25,5.77734,5.79097,5.6185,5.69843,212496341
5941,1995-07-26,5.75116,5.77112,5.572,5.62501,135663494
5942,1995-07-27,5.63856,5.75775,5.60533,5.67819,79390805
5943,1995-07-28,5.66538,5.71134,5.5125,5.54536,103480966
5944,1995-07-31,5.5525,5.58517,5.34659,5.36667,97809076
5945,1995-08-01,5.36667,5.36667,5.16085,5.22034,142546225
5946,1995-08-02,5.31346,5.36667,5.0346,5.08101,204451004
5947,1995-08-03,4.93527,5.18062,4.88236,5.12724,177829426
5948,1995-08-04,5.1407,5.20078,5.10115,5.12103,103601567
5949,1995-08-07,5.16085,5.27363,5.1407,5.24692,77757861
5950,1995-08-08,5.30688,5.38634,5.27363,5.34659,87620659
5951,1995-08-09,5.49922,5.5125,5.40612,5.45903,106743241
5952,1995-08-10,5.45903,5.47247,5.27363,5.30688,91066245
5953,1995-08-11,5.43276,5.49253,5.37955,5.45903,103076952
5954,1995-08-14,5.45262,5.532,5.39943,5.47906,75681101
5955,1995-08-15,5.532,5.5525,5.33975,5.40612,102141083
5956,1995-08-16,5.47247,5.54536,5.36667,5.5125,101505511
5957,1995-08-17,5.532,5.54536,5.40612,5.41967,99682016
5958,1995-08-18,5.47247,5.47247,5.32645,5.35978,110797862
5959,1995-08-21,5.35978,5.36667,4.94157,4.97518,264446671
5960,1995-08-22,5.04789,5.15435,4.97518,5.1407,195293733
5961,1995-08-23,5.18062,5.22034,5.12103,5.15435,98965647
5962,1995-08-24,5.15435,5.16085,4.99525,5.04157,150786935
5963,1995-08-25,5.04789,5.04789,4.93527,4.98839,137319351
5964,1995-08-28,4.98839,5.02857,4.82936,4.84246,117291051
5965,1995-08-29,4.84913,4.93527,4.71618,4.86214,215271383
5966,1995-08-30,4.95506,5.02857,4.88236,4.98839,133691661
5967,1995-08-31,5.0346,5.12103,5.00843,5.06791,76795460
5968,1995-09-01,5.06116,5.10115,5.00843,5.02857,52343491
5969,1995-09-05,5.06791,5.26686,5.02857,5.26057,89809571
5970,1995-09-06,5.30688,5.34659,5.15435,5.16085,109988627
5971,1995-09-07,5.36667,5.45262,5.30688,5.36667,189688171
5972,1995-09-08,5.40612,5.43276,5.31346,5.41967,95974725
5973,1995-09-11,5.40612,5.49922,5.40612,5.41967,81111794
5974,1995-09-12,5.47247,5.47906,5.34659,5.35978,79783964
5975,1995-09-13,5.35978,5.41967,5.31346,5.35978,79727283
5976,1995-09-14,5.38634,5.38634,5.24692,5.26057,80321847
5977,1995-09-15,5.26686,5.32645,5.06116,5.12724,150749547
5978,1995-09-18,5.1407,5.20078,5.0346,5.194,95270413
5979,1995-09-19,5.10115,5.26686,5.08769,5.17394,105064467
5980,1995-09-20,5.2406,5.26686,5.15435,5.17394,95377747
5981,1995-09-21,5.12103,5.18062,5.0346,5.04789,107240114
5982,1995-09-22,5.01484,5.05476,4.97518,4.99525,103279563
5983,1995-09-25,4.99525,4.99525,4.86214,4.95506,114425557
5984,1995-09-26,4.98839,5.08769,4.90222,4.93527,105640940
5985,1995-09-27,4.88236,4.90883,4.72948,4.89537,200984923
5986,1995-09-28,4.92201,5.10776,4.91513,5.10776,125783818
5987,1995-09-29,5.1407,5.18062,4.95506,4.96832,115462732
5988,1995-10-02,5.00843,5.06116,4.87559,4.88236,90381226
5989,1995-10-03,4.90222,4.96832,4.86214,4.94157,121063463
5990,1995-10-04,4.84913,4.94157,4.80902,4.84913,107958905
5991,1995-10-05,4.84246,5.02857,4.82241,5.02857,119403989
5992,1995-10-06,5.21386,5.23383,5.10776,5.12103,175470449
5993,1995-10-09,5.08769,5.08769,4.90222,4.96832,119250829
5994,1995-10-10,4.80902,5.08769,4.7693,5.08769,178504791
5995,1995-10-11,5.22034,5.24692,5.12103,5.194,118469331
5996,1995-10-12,5.18062,5.30688,5.16085,5.26686,136460673
5997,1995-10-13,5.32645,5.33975,5.16085,5.18062,120503881
5998,1995-10-16,5.17394,5.28681,5.1407,5.21386,83213870
5999,1995-10-17,5.29332,5.41967,5.21386,5.40612,201490244
6000,1995-10-18,5.532,5.63856,5.47906,5.59186,214687673
6001,1995-10-19,5.56558,5.63856,5.49253,5.6185,99723024
6002,1995-10-20,5.58517,5.62501,5.49922,5.54536,79582561
6003,1995-10-23,5.47247,5.58517,5.44592,5.572,81600224
6004,1995-10-24,5.6185,5.64496,5.572,5.60533,84958981
6005,1995-10-25,5.60533,5.60533,5.47906,5.49253,72275312
6006,1995-10-26,5.49922,5.54536,5.35978,5.48566,72229478
6007,1995-10-27,5.45903,5.62501,5.45903,5.60533,93065815
6008,1995-10-30,5.65814,5.82392,5.65814,5.75775,148768065
6009,1995-10-31,5.8437,5.89727,5.77112,5.77112,112114831
6010,1995-11-01,5.8437,5.85076,5.69843,5.85076,115085246
6011,1995-11-02,5.87053,6.03011,5.85076,6.01645,121011613
6012,1995-11-03,6.03633,6.04312,5.92354,5.98991,71766376
6013,1995-11-06,5.96365,5.98991,5.8307,5.85076,56984239
6014,1995-11-07,5.68488,5.73779,5.34659,5.47906,339903454
6015,1995-11-08,5.5525,5.6185,5.37279,5.44592,152641782
6016,1995-11-09,5.69843,5.71802,5.6185,5.69843,117190951
6017,1995-11-10,5.65814,5.71802,5.59186,5.63856,75506232
6018,1995-11-13,5.62501,5.68488,5.52577,5.54536,54958132
6019,1995-11-14,5.45262,5.49922,5.37279,5.37955,80050492
6020,1995-11-15,5.43276,5.43935,5.16085,5.34659,155578436
6021,1995-11-16,5.27363,5.36667,5.194,5.194,124474083
6022,1995-11-17,5.194,5.22034,5.17394,5.18062,140763736
6023,1995-11-20,5.26686,5.29332,5.11426,5.12724,108080713
6024,1995-11-21,5.15435,5.24692,5.12103,5.20078,106272895
6025,1995-11-22,5.23383,5.26686,5.10115,5.10776,73363140
6026,1995-11-24,5.1407,5.20078,5.1407,5.20078,27690116
6027,1995-11-27,5.24692,5.26057,4.94844,4.95506,182421932
6028,1995-11-28,4.96832,5.26686,4.94157,5.26686,150468542
6029,1995-11-29,5.28681,5.32645,5.1407,5.20078,109233658
6030,1995-11-30,5.1407,5.24692,4.97518,5.02857,102583695
6031,1995-12-01,5.06791,5.10115,5.00843,5.0346,87766585
6032,1995-12-04,5.12103,5.24692,4.98839,5.10115,84427126
6033,1995-12-05,5.12103,5.12103,5.02857,5.06791,78931311
6034,1995-12-06,5.10115,5.12724,4.98839,5.04157,100147539
6035,1995-12-07,5.0346,5.08769,4.98839,5.08101,69227712
6036,1995-12-08,5.15435,5.22034,5.06791,5.22034,91988842
6037,1995-12-11,5.26686,5.28681,5.23383,5.24692,57710266
6038,1995-12-12,5.24692,5.25349,5.10776,5.1407,58738995
6039,1995-12-13,5.16085,5.22034,5.12103,5.17394,75958488
6040,1995-12-14,5.17394,5.20078,4.95506,4.95506,114584758
6041,1995-12-15,4.97518,5.02857,4.80271,4.80902,197795010
6042,1995-12-18,4.80902,4.82936,4.55708,4.72948,190739820
6043,1995-12-19,4.7693,5.0346,4.74961,4.98839,140342838
6044,1995-12-20,5.01484,5.04789,4.88236,4.92201,108437691
6045,1995-12-21,4.95506,4.98839,4.89537,4.91513,90091778
6046,1995-12-22,4.90222,4.93527,4.84246,4.87559,62814121
6047,1995-12-26,4.87559,4.94157,4.86214,4.90222,33919194
6048,1995-12-27,4.91513,4.96832,4.84913,4.86214,48703737
6049,1995-12-28,4.78936,4.80271,4.7096,4.71618,96398038
6050,1995-12-29,4.71618,4.78936,4.68993,4.68993,84275171
6051,1996-01-02,4.73616,4.84913,4.69634,4.84246,94754236
6052,1996-01-03,4.84246,4.90222,4.75621,4.7693,109564110
6053,1996-01-04,4.84913,4.86214,4.62327,4.74961,151142709
6054,1996-01-05,4.71618,4.84913,4.68993,4.74961,98643641
6055,1996-01-08,4.80271,4.82241,4.73616,4.75621,26447923
6056,1996-01-09,4.75621,4.7693,4.52395,4.54419,166003227
6057,1996-01-10,4.47754,4.54419,4.39797,4.47085,207205551
6058,1996-01-11,4.6102,4.71618,4.49089,4.69634,126284307
6059,1996-01-12,4.71618,4.74961,4.56414,4.67646,105856813
6060,1996-01-15,4.67646,4.68993,4.40476,4.41099,160752239
6061,1996-01-16,4.45082,4.61688,4.29188,4.6036,227172346
6062,1996-01-17,4.20555,4.3447,4.1129,4.12609,824056021
6063,1996-01-18,4.19236,4.26534,4.15263,4.2123,200065938
6064,1996-01-19,4.24528,4.26534,4.1789,4.24528,193659579
6065,1996-01-22,4.24528,4.33838,4.2123,4.29188,161022386
6066,1996-01-23,4.31193,4.36456,4.31193,4.35174,104387890
6067,1996-01-24,4.41099,4.54419,4.37802,4.52395,141763518
6068,1996-01-25,4.58354,4.69634,4.49089,4.51095,173767562
6069,1996-01-26,4.47085,4.54419,4.43121,4.54419,100721598
6070,1996-01-29,4.58354,4.58354,4.47754,4.49759,59032054
6071,1996-01-30,4.5037,4.52395,4.43762,4.47085,64883642
6072,1996-01-31,4.49089,4.57705,4.43762,4.56414,109580994
6073,1996-02-01,4.54419,4.66309,4.53063,4.64353,100814469
6074,1996-02-02,4.65698,4.71618,4.62327,4.68993,77570928
6075,1996-02-05,4.71618,4.82936,4.69634,4.82936,101909527
6076,1996-02-06,4.86214,4.95506,4.82241,4.91513,129103978
6077,1996-02-07,4.88236,4.92201,4.74961,4.80902,106447765
6078,1996-02-08,4.80271,4.80902,4.7096,4.78239,73562130
6079,1996-02-09,4.78239,4.84246,4.73616,4.78936,75419401
6080,1996-02-12,4.78936,4.87559,4.78936,4.80902,70442170
6081,1996-02-13,4.66309,4.78239,4.62327,4.71618,117582909
6082,1996-02-14,4.71618,4.78936,4.69634,4.78936,74511267
6083,1996-02-15,4.7693,4.80902,4.73616,4.74961,72461039
6084,1996-02-16,4.7693,4.84913,4.72948,4.75621,73367960
6085,1996-02-20,4.72948,4.82936,4.71618,4.78239,62056742
6086,1996-02-21,4.80902,4.89537,4.7693,4.89537,72955503
6087,1996-02-22,4.91513,5.06116,4.88236,5.0346,134894057
6088,1996-02-23,5.04789,5.08769,4.97518,5.02161,86209617
6089,1996-02-26,5.01484,5.04789,4.95506,4.98839,53811210
6090,1996-02-27,4.98839,5.01484,4.95506,4.97518,54523972
6091,1996-02-28,4.99525,5.08101,4.99525,5.01484,64175714
6092,1996-02-29,4.95506,4.96832,4.84913,4.85563,110655551
6093,1996-03-01,4.75621,4.7693,4.54419,4.63015,218642198
6094,1996-03-04,4.63675,4.64353,4.52395,4.53063,105956916
6095,1996-03-05,4.54419,4.61688,4.52395,4.57036,90235295
6096,1996-03-06,4.55051,4.59692,4.39158,4.39797,102356959
6097,1996-03-07,4.41099,4.43762,4.35825,4.38462,112634625
6098,1996-03-08,4.26534,4.47085,4.25177,4.41793,168724003
6099,1996-03-11,4.45758,4.57036,4.45082,4.56414,113449894
6100,1996-03-12,4.55051,4.56414,4.46417,4.53063,73316102
6101,1996-03-13,4.59692,4.69634,4.53063,4.63675,104210604
6102,1996-03-14,4.66309,4.73616,4.63675,4.63675,86720967
6103,1996-03-15,4.66309,4.88236,4.64353,4.86214,131963443
6104,1996-03-18,4.93527,4.97518,4.90222,4.91513,93802692
6105,1996-03-19,4.94157,4.94157,4.82241,4.84913,66813265
6106,1996-03-20,4.78239,4.80902,4.55051,4.58354,178477047
6107,1996-03-21,4.59692,4.66309,4.55051,4.61688,71783260
6108,1996-03-22,4.64353,4.66309,4.58354,4.63675,45682668
6109,1996-03-25,4.65698,4.68993,4.52395,4.53063,69089018
6110,1996-03-26,4.5037,4.65698,4.47085,4.63675,75341005
6111,1996-03-27,4.65698,4.73616,4.63675,4.67646,77771126
6112,1996-03-28,4.65698,4.73616,4.64353,4.65698,48701325
6113,1996-03-29,4.68306,4.73616,4.64353,4.69634,54750697
6114,1996-04-01,4.71618,4.74961,4.67646,4.71618,42993254
6115,1996-04-02,4.71618,4.72948,4.67646,4.69634,26599877
6116,1996-04-03,4.68993,4.78239,4.65698,4.75621,50304116
6117,1996-04-04,4.7693,4.90222,4.73616,4.89537,109696771
6118,1996-04-08,4.82241,5.02857,4.80902,5.00843,173981022
6119,1996-04-09,5.08101,5.12724,5.00843,5.10776,174851768
6120,1996-04-10,5.06791,5.21386,5.06116,5.10115,198102546
6121,1996-04-11,5.06791,5.12103,4.94157,4.98839,159622201
6122,1996-04-12,4.98839,4.99525,4.91513,4.92201,73025455
6123,1996-04-15,4.93527,5.02857,4.92201,5.00843,64131094
6124,1996-04-16,5.28681,5.36667,5.26686,5.35978,288158144
6125,1996-04-17,5.33975,5.36667,5.26057,5.30019,106424857
6126,1996-04-18,5.31346,5.43935,5.30688,5.43276,110210534
6127,1996-04-19,5.49253,5.49253,5.37955,5.38634,94297158
6128,1996-04-22,5.41967,5.59186,5.41967,5.59186,125848939
6129,1996-04-23,5.57868,5.62501,5.5125,5.62501,95836031
6130,1996-04-24,5.69843,5.81067,5.6185,5.80446,246814722
6131,1996-04-25,5.77734,5.77734,5.67819,5.75116,116429962
6132,1996-04-26,5.75116,5.81067,5.69843,5.71802,110568718
6133,1996-04-29,5.68488,5.69843,5.60533,5.62501,53244386
6134,1996-04-30,5.60533,5.6185,5.5525,5.59186,70607393
6135,1996-05-01,5.56558,5.69128,5.5525,5.60533,78476648
6136,1996-05-02,5.60533,5.68488,5.59186,5.6185,95002682
6137,1996-05-03,5.63856,5.73119,5.6185,5.67151,93226212
6138,1996-05-06,5.66538,5.69843,5.60533,5.67819,61387402
6139,1996-05-07,5.68488,5.71802,5.59186,5.60533,63537731
6140,1996-05-08,5.58517,5.69843,5.49253,5.67819,97278425
6141,1996-05-09,5.68488,5.75116,5.64496,5.66538,76723100
6142,1996-05-10,5.71802,5.73779,5.68488,5.71134,72703450
6143,1996-05-13,5.71134,5.92354,5.69843,5.92354,115561623
6144,1996-05-14,5.94342,6.06985,5.93653,6.01645,172609786
6145,1996-05-15,5.99678,6.08303,5.96365,5.97665,91735581
6146,1996-05-16,5.92354,5.96365,5.88381,5.93653,60351437
6147,1996-05-17,5.96365,5.97665,5.86413,5.87053,60427419
6148,1996-05-20,5.89727,5.92354,5.85076,5.86413,49865128
6149,1996-05-21,5.86413,5.88381,5.79097,5.80446,60230836
6150,1996-05-22,5.75775,5.79097,5.71134,5.77112,69039571
6151,1996-05-23,5.79097,5.92354,5.75116,5.85076,68283403
6152,1996-05-24,5.85076,5.89727,5.8307,5.86413,50557380
6153,1996-05-28,5.87053,6.03011,5.87053,5.98991,80195213
6154,1996-05-29,5.99678,6.03011,5.88381,5.89727,89580429
6155,1996-05-30,5.89727,5.91713,5.8437,5.90385,93009138
6156,1996-05-31,6.10271,6.24844,6.08303,6.23517,218725411
6157,1996-06-03,6.2022,6.36151,6.17567,6.3281,104945064
6158,1996-06-04,6.36151,6.40115,6.26868,6.30172,84834759
6159,1996-06-05,6.27499,6.36151,6.24844,6.34843,53386691
6160,1996-06-06,6.3813,6.40115,6.2022,6.21557,77749419
6161,1996-06-07,6.08944,6.23517,6.06985,6.21557,106374201
6162,1996-06-10,6.21557,6.21557,6.12249,6.12249,54885771
6163,1996-06-11,6.1427,6.26868,6.10937,6.21557,63845267
6164,1996-06-12,6.30824,6.42129,6.26868,6.34145,100133068
6165,1996-06-13,6.34145,6.34145,6.17567,6.19562,93520480
6166,1996-06-14,6.18255,6.19562,6.00969,6.03011,92421805
6167,1996-06-17,6.03633,6.0496,5.88381,5.94342,106669677
6168,1996-06-18,5.94342,5.95676,5.80446,5.81067,90528354
6169,1996-06-19,5.8437,5.92354,5.81067,5.89727,107689965
6170,1996-06-20,5.90385,5.93653,5.80446,5.87053,111281476
6171,1996-06-21,5.89727,5.91713,5.81067,5.89727,81788365
6172,1996-06-24,5.89727,6.12946,5.88381,6.07614,87190101
6173,1996-06-25,6.10937,6.15589,5.95676,6.01645,52483387
6174,1996-06-26,6.03011,6.03011,5.87053,5.98991,89211389
6175,1996-06-27,5.97665,6.10937,5.91027,6.10271,69734239
6176,1996-06-28,6.12249,6.1427,6.0496,6.06278,48621732
6177,1996-07-01,6.08944,6.2218,6.05655,6.2022,52790922
6178,1996-07-02,6.18255,6.26868,6.15589,6.17567,77865196
6179,1996-07-03,6.16249,6.19562,6.08303,6.18255,91560708
6180,1996-07-05,6.03011,6.15589,5.94342,5.95676,59557877
6181,1996-07-08,5.96365,6.15589,5.94342,6.03011,98069574
6182,1996-07-09,6.10271,6.12946,6.03633,6.05655,54205581
6183,1996-07-10,6.03011,6.03633,5.90385,6.01645,138232314
6184,1996-07-11,5.91713,5.94342,5.66538,5.73779,219651633
6185,1996-07-12,5.85076,5.93061,5.79097,5.88381,213499750
6186,1996-07-15,5.82392,5.85076,5.66538,5.71134,147258133
6187,1996-07-16,5.66538,5.79097,5.29332,5.77734,302642386
6188,1996-07-17,6.10937,6.12946,5.8437,5.91713,300797188
6189,1996-07-18,5.95676,6.00969,5.88381,5.98991,120857239
6190,1996-07-19,5.96365,6.05655,5.91713,6.00969,114897109
6191,1996-07-22,5.99678,6.00969,5.89038,5.96365,78740763
6192,1996-07-23,6.00969,6.00969,5.69843,5.73779,159230248
6193,1996-07-24,5.47906,5.80446,5.45262,5.69843,201754358
6194,1996-07-25,5.8307,5.96365,5.75775,5.95676,112893918
6195,1996-07-26,5.99678,6.1427,5.97665,6.12946,124928748
6196,1996-07-29,6.10937,6.2022,6.01645,6.01645,107017008
6197,1996-07-30,6.08303,6.16249,6.03633,6.1427,88894211
6198,1996-07-31,6.15589,6.2218,6.12249,6.2022,96791195
6199,1996-08-01,6.2218,6.36151,6.18255,6.36151,122305662
6200,1996-08-02,6.44096,6.53399,6.42788,6.50039,162020964
6201,1996-08-05,6.50039,6.57354,6.45406,6.45406,91362920
6202,1996-08-06,6.42129,6.59358,6.40115,6.59358,97689681
6203,1996-08-07,6.62681,6.82575,6.60675,6.79931,165482231
6204,1996-08-08,6.75288,6.78611,6.64649,6.66656,130407679
6205,1996-08-09,6.59358,6.82575,6.56712,6.8058,183038204
6206,1996-08-12,6.77951,6.87227,6.71296,6.77951,80313403
6207,1996-08-13,6.71964,6.75901,6.56712,6.62681,90903433
6208,1996-08-14,6.65997,6.77266,6.64649,6.75288,76239484
6209,1996-08-15,6.7398,6.79271,6.71296,6.75288,46479840
6210,1996-08-16,6.7398,6.77951,6.67984,6.6865,66812056
6211,1996-08-19,6.66656,6.69969,6.58692,6.66656,45515030
6212,1996-08-20,6.66656,6.67984,6.56712,6.56712,50257079
6213,1996-08-21,6.50039,6.62681,6.48079,6.62681,69139671
6214,1996-08-22,6.67984,6.85223,6.65997,6.85223,87572413
6215,1996-08-23,6.82575,6.86569,6.73292,6.7398,48392583
6216,1996-08-26,6.71964,6.73292,6.64649,6.71296,49370667
6217,1996-08-27,6.71964,6.7398,6.62681,6.73292,61854134
6218,1996-08-28,6.75288,6.79271,6.69969,6.71296,48263540
6219,1996-08-29,6.69969,6.75901,6.67984,6.71964,55897620
6220,1996-08-30,6.71296,6.73292,6.58692,6.59358,39289578
6221,1996-09-03,6.53399,6.75901,6.48079,6.7398,76067026
6222,1996-09-04,6.75288,6.81236,6.71964,6.79271,59501194
6223,1996-09-05,6.7398,6.77266,6.63998,6.65997,82063335
6224,1996-09-06,6.71964,6.77951,6.64649,6.71296,59161095
6225,1996-09-09,6.71964,6.9053,6.71296,6.89871,84937271
6226,1996-09-10,6.88535,6.97819,6.83223,6.96509,117362208
6227,1996-09-11,6.92526,7.03147,6.91858,7.01827,70598948
6228,1996-09-12,7.03861,7.07156,6.99156,7.05179,74166348
6229,1996-09-13,7.15102,7.30958,7.0582,7.27709,125033672
6230,1996-09-16,7.27709,7.38263,7.23755,7.31673,106065457
6231,1996-09-17,7.80722,7.848,7.62864,7.78114,230636020
6232,1996-09-18,7.83481,8.05276,7.7067,7.90053,156498620
6233,1996-09-19,7.86629,8.05276,7.848,8.01489,99761620
6234,1996-09-20,8.02001,8.10781,7.92568,8.03931,122504658
6235,1996-09-23,7.97981,8.01489,7.86629,7.90619,73811773
6236,1996-09-24,7.93988,8.07376,7.93988,7.96653,95681665
6237,1996-09-25,8.02001,8.05276,7.94647,8.03179,69711318
6238,1996-09-26,8.05852,8.22032,7.96653,8.03931,124552474
6239,1996-09-27,8.07376,8.07376,7.96653,8.00162,50773260
6240,1996-09-30,7.9942,8.01489,7.86629,7.88039,64322844
6241,1996-10-01,7.81244,7.93988,7.78114,7.90619,84340291
6242,1996-10-02,7.92568,8.20705,7.91909,8.17892,108415982
6243,1996-10-03,8.16436,8.27834,8.10781,8.22032,107570564
6244,1996-10-04,8.31929,8.40533,8.25672,8.39791,66834977
6245,1996-10-07,8.40533,8.66906,8.40533,8.61865,78576747
6246,1996-10-08,8.70731,8.83457,8.37154,8.39171,169066510
6247,1996-10-09,8.56899,8.59062,8.31929,8.33322,158400504
6248,1996-10-10,8.20054,8.41156,8.187,8.24539,101422299
6249,1996-10-11,8.47728,8.70174,8.46465,8.70174,133281616
6250,1996-10-14,8.79939,8.94226,8.72365,8.88934,134894057
6251,1996-10-15,9.42589,9.43151,9.062,9.17527,241519108
6252,1996-10-16,9.12792,9.33307,9.00259,9.29965,131292895
6253,1996-10-17,9.35352,9.40546,9.14646,9.14646,101887822
6254,1996-10-18,9.14646,9.14646,9.0221,9.07965,93854549
6255,1996-10-21,9.05459,9.18547,8.84942,8.89584,100248843
6256,1996-10-22,8.83457,8.89584,8.65004,8.70731,146521254
6257,1996-10-23,8.68801,9.03974,8.65004,9.03416,125342417
6258,1996-10-24,9.07593,9.18547,8.87729,8.87729,104553116
6259,1996-10-25,8.85687,9.03416,8.70174,8.70174,85785099
6260,1996-10-28,8.74566,8.87729,8.72365,8.75976,92880089
6261,1996-10-29,8.79939,8.85687,8.56899,8.61865,117055882
6262,1996-10-30,8.66183,8.86984,8.65004,8.81322,105435922
6263,1996-10-31,8.85687,9.0945,8.84942,9.07593,99691667
6264,1996-11-01,9.07593,9.07593,8.92184,8.98125,92691949
6265,1996-11-04,8.98589,9.14646,8.94782,9.11399,70609806
6266,1996-11-05,9.11399,9.44634,9.11399,9.41201,124229260
6267,1996-11-06,9.41201,9.85851,9.35352,9.81858,168496071
6268,1996-11-07,9.91042,10.3023,9.80554,10.084,194847505
6269,1996-11-08,10.06,10.1565,9.94303,10.0953,104208196
6270,1996-11-11,10.0757,10.24,10.0181,10.2279,74107248
6271,1996-11-12,10.3236,10.3374,9.92349,9.99132,149020115
6272,1996-11-13,10.0072,10.0255,9.7834,9.87061,110009130
6273,1996-11-14,9.79805,10.0181,9.75821,9.89577,116907538
6274,1996-11-15,9.93002,9.93002,9.52346,9.57345,182922427
6275,1996-11-18,9.59863,9.66534,9.38783,9.52346,148045658
6276,1996-11-19,9.50483,9.99132,9.49828,9.96986,135627313
6277,1996-11-20,10.0255,10.2809,9.9625,9.98476,149858301
6278,1996-11-21,10.0534,10.06,9.72579,9.81858,144525300
6279,1996-11-22,9.88906,10.1313,9.85192,10.1174,114611282
6280,1996-11-25,10.06,10.1313,9.85851,10.0368,93862992
6281,1996-11-26,10.06,10.2809,9.87061,10.2215,188365173
6282,1996-11-27,10.2697,10.5047,10.2039,10.4565,128279061
6283,1996-11-29,10.4814,10.5047,10.4565,10.4814,29524467
6284,1996-12-02,10.4052,10.5259,10.2697,10.499,93870229
6285,1996-12-03,10.5193,10.6856,10.3747,10.3932,114306163
6286,1996-12-04,10.4879,10.7058,10.3932,10.6921,146684066
6287,1996-12-05,10.7673,10.7673,10.5047,10.5929,123919315
6288,1996-12-06,10.2809,10.5417,10.1898,10.3784,157586444
6289,1996-12-09,10.3848,10.7451,10.3848,10.7451,90148464
6290,1996-12-10,10.965,11.0087,10.6549,10.6661,130102556
6291,1996-12-11,10.6346,11.3158,10.5751,11.3029,253341677
6292,1996-12-12,11.6576,11.6874,11.2946,11.3029,229120062
6293,1996-12-13,11.2816,11.3244,10.8973,10.9354,188513515
6294,1996-12-16,11.0087,11.0595,10.4814,10.5047,179031815
6295,1996-12-17,10.4565,10.8045,10.4367,10.7337,180283659
6296,1996-12-18,10.9187,11.224,10.8389,11.212,129363272
6297,1996-12-19,11.3428,11.4682,11.2325,11.3569,135444004
6298,1996-12-20,11.3995,11.3995,11.0877,11.1164,161539770
6299,1996-12-23,11.1359,11.1359,10.9121,10.9187,86837945
6300,1996-12-24,10.9354,11.2063,10.8045,11.1925,52543691
6301,1996-12-26,11.224,11.4162,11.1554,11.2816,74888745
6302,1996-12-27,11.3244,11.3344,11.1359,11.1784,50306531
6303,1996-12-30,11.2444,11.2816,11.0038,11.0038,69020278
6304,1996-12-31,11.0087,11.067,10.7978,10.8109,77369521
6305,1997-01-02,10.8777,10.8973,10.5417,10.7673,147193007
6306,1997-01-03,10.9845,11.4329,10.9529,11.4282,144191227
6307,1997-01-06,11.4895,11.7059,11.3791,11.4682,181730882
6308,1997-01-07,11.4412,11.8516,11.3158,11.8393,144953433
6309,1997-01-08,11.8962,12.0297,11.7059,11.7467,189209384
6310,1997-01-09,11.8393,11.8962,11.7059,11.806,116712168
6311,1997-01-10,11.7336,11.9528,11.6874,11.9331,168702296
6312,1997-01-13,12.0401,12.2052,11.8962,12.1329,175776782
6313,1997-01-14,12.2108,12.365,12.0992,12.1533,171665470
6314,1997-01-15,12.1782,12.2108,11.6874,11.7281,342838897
6315,1997-01-16,11.873,12.0594,11.7336,11.7616,201075374
6316,1997-01-17,11.7281,12.0055,11.7281,11.9025,147680230
6317,1997-01-20,11.9203,12.0528,11.8962,11.9927,88444365
6318,1997-01-21,11.9854,12.2545,11.9666,12.2248,97345965
6319,1997-01-22,12.2638,12.5702,12.12,12.5626,133401013
6320,1997-01-23,12.6583,12.8764,12.5228,12.5301,149430162
6321,1997-01-24,12.5488,12.7705,12.4167,12.4318,172387876
6322,1997-01-27,12.4633,12.5702,12.3258,12.3964,104820852
6323,1997-01-28,12.6026,12.6963,12.365,12.4706,88707277
6324,1997-01-29,12.5951,12.7845,12.5125,12.7845,112103977
6325,1997-01-30,12.933,13.2328,12.8625,13.2262,132914990
6326,1997-01-31,13.2664,13.5458,13.2328,13.4008,151727623
6327,1997-02-03,13.5067,13.6246,13.3796,13.5344,116573471
6328,1997-02-04,13.5651,13.6181,13.4157,13.6059,134691452
6329,1997-02-05,13.451,13.4556,12.8031,12.9886,283400410
6330,1997-02-06,12.9571,12.9933,12.453,12.6436,271921556
6331,1997-02-07,12.8206,12.9886,12.7343,12.9136,177813743
6332,1997-02-10,13.0269,13.1002,12.4706,12.5228,190433488
6333,1997-02-11,12.7269,12.7845,12.0992,12.5301,228905387
6334,1997-02-12,12.5301,12.9712,12.4318,12.9497,169961373
6335,1997-02-13,13.0482,13.1343,12.8829,12.9712,145474427
6336,1997-02-14,12.8968,12.9712,12.6786,12.7566,104491610
6337,1997-02-18,12.7343,12.8085,12.5626,12.7705,90501825
6338,1997-02-19,12.7269,12.8625,12.6583,12.7057,83200607
6339,1997-02-20,12.5702,12.6351,12.3324,12.3769,194448315
6340,1997-02-21,12.3453,12.3584,12.0055,12.0854,192194270
6341,1997-02-24,11.8812,12.3453,11.7467,12.3193,198939523
6342,1997-02-25,12.453,12.5061,12.1782,12.2906,149490460
6343,1997-02-26,12.2638,12.2833,11.9528,12.0854,142747632
6344,1997-02-27,12.0633,12.077,11.5295,11.5414,152729819
6345,1997-02-28,11.5237,11.9453,11.3158,11.7133,225789044
6346,1997-03-03,11.6576,12.0594,11.599,12.0485,124406549
6347,1997-03-04,12.1068,12.3584,12.0594,12.0854,181309980
6348,1997-03-05,12.2248,12.3584,12.1923,12.3453,150175483
6349,1997-03-06,12.3453,12.4093,11.9854,12.0055,174257202
6350,1997-03-07,12.0992,12.2248,11.7689,11.8516,129968690
6351,1997-03-10,11.8266,12.0401,11.6874,11.9528,123790273
6352,1997-03-11,11.9453,12.0633,11.8516,11.8812,122088586
6353,1997-03-12,11.8209,11.8812,11.561,11.7894,148321838
6354,1997-03-13,11.6947,11.8516,11.561,11.6676,137031113
6355,1997-03-14,11.7336,11.8266,11.3569,11.3911,123011182
6356,1997-03-17,11.2444,11.2946,10.8519,11.2639,243413758
6357,1997-03-18,11.3344,11.3995,11.1359,11.2946,143550833
6358,1997-03-19,11.1925,11.2325,10.8973,11.0087,203404185
6359,1997-03-20,11.0364,11.17,10.8389,11.0038,162478048
6360,1997-03-21,11.0364,11.0877,10.7673,10.7813,124214784
6361,1997-03-24,10.7058,10.825,10.3848,10.7858,256158930
6362,1997-03-25,10.8389,11.1488,10.7337,11.0038,174243938
6363,1997-03-26,11.1283,11.6213,11.0877,11.6148,192559694
6364,1997-03-27,11.7689,11.8812,11.3344,11.4895,211981372
6365,1997-03-31,11.4542,11.5814,11.3158,11.4895,162496136
6366,1997-04-01,11.3631,11.5414,11.3428,11.5043,136856241
6367,1997-04-02,11.4682,11.5118,11.2693,11.3158,154607585
6368,1997-04-03,11.2491,11.6426,11.2444,11.6148,155131002
6369,1997-04-04,11.5489,12.0055,11.5295,11.9731,188929588
6370,1997-04-07,12.0594,12.3193,11.9666,11.9854,149190166
6371,1997-04-08,12.0141,12.12,11.9203,12.1068,127758058
6372,1997-04-09,12.1782,12.2478,11.7281,11.7467,123172788
6373,1997-04-10,11.7894,11.7894,11.3158,11.3344,185698672
6374,1997-04-11,11.17,11.17,10.7135,10.7813,290294000
6375,1997-04-14,10.9121,11.0595,10.7758,11.0448,233349560
6376,1997-04-15,10.9121,11.0225,10.5929,10.8176,301058893
6377,1997-04-16,10.8176,11.1118,10.8045,11.067,151376673
6378,1997-04-17,11.17,11.4746,11.1118,11.3995,197406673
6379,1997-04-18,11.5937,11.5937,11.3158,11.3244,161111632
6380,1997-04-21,11.3158,11.5749,11.2491,11.4282,135103905
6381,1997-04-22,11.4477,11.6676,11.3569,11.636,122358733
6382,1997-04-23,11.6676,12.1068,11.636,12.077,182719812
6383,1997-04-24,12.2478,12.3193,12.0633,12.0633,178059773
6384,1997-04-25,11.9156,12.0485,11.8812,11.8812,120055241
6385,1997-04-28,11.9156,12.1421,11.8266,12.0854,120894627
6386,1997-04-29,12.3193,12.3964,12.2248,12.3834,127146613
6387,1997-04-30,12.3453,12.6786,12.339,12.6436,184791751
6388,1997-05-01,12.6657,12.7919,12.5422,12.6963,146030408
6389,1997-05-02,12.7845,13.0128,12.7138,13.0128,116476990
6390,1997-05-05,13.0889,13.4221,13.0128,13.4221,157840914
6391,1997-05-06,13.2664,13.2951,12.9933,13.0482,155891998
6392,1997-05-07,12.8829,13.2143,12.8625,12.8764,123176413
6393,1997-05-08,12.8085,13.2385,12.8031,13.1076,150405833
6394,1997-05-09,13.2876,13.3378,13.0269,13.1726,140439318
6395,1997-05-12,13.2262,13.2522,13.061,13.14,102582484
6396,1997-05-13,13.0482,13.0889,12.4706,12.583,231697316
6397,1997-05-14,12.3453,12.6239,12.0633,12.6166,289477529
6398,1997-05-15,12.6899,13.1002,12.6239,13.061,138849791
6399,1997-05-16,12.9497,13.0546,12.8031,12.8085,128673428
6400,1997-05-19,12.8206,12.9497,12.6351,12.7845,80839228
6401,1997-05-20,12.8419,13.3082,12.8419,13.2951,141843121
6402,1997-05-21,13.5067,13.6401,13.3796,13.4221,158670653
6403,1997-05-22,13.4397,13.5262,13.1958,13.3255,107727350
6404,1997-05-23,13.4397,13.5458,13.3378,13.4789,65352783
6405,1997-05-27,13.4926,13.9903,13.4221,13.983,159864612
6406,1997-05-28,14.0163,14.0163,13.6635,13.8017,166197395
6407,1997-05-29,13.8231,13.8305,13.451,13.5262,140809561
6408,1997-05-30,11.7689,12.6899,11.561,12.5125,691973195
6409,1997-06-02,12.7138,12.7705,12.3193,12.365,281066770
6410,1997-06-03,12.2638,12.2638,11.9591,11.9731,269575860
6411,1997-06-04,12.0401,12.2248,11.6676,11.7689,261288115
6412,1997-06-05,11.9203,12.0141,11.7837,11.8209,170156746
6413,1997-06-06,11.8812,12.1329,11.806,12.0594,129154627
6414,1997-06-09,12.2108,12.365,12.2108,12.3258,144671227
6415,1997-06-10,12.26,12.3055,11.9453,11.9927,165251885
6416,1997-06-11,11.9927,12.2108,11.7336,12.1782,156895403
6417,1997-06-12,11.806,12.0141,11.7281,11.8589,221823667
6418,1997-06-13,11.8812,12.1421,11.7467,11.9528,180939732
6419,1997-06-16,12.0297,12.1699,11.9453,12.1568,81841429
6420,1997-06-17,12.1644,12.3964,12.0992,12.365,127715853
6421,1997-06-18,12.1782,12.2638,12.0594,12.1068,116866536
6422,1997-06-19,12.0992,12.1782,11.9528,12.092,101259488
6423,1997-06-20,12.0854,12.2756,12.0594,12.12,106838515
6424,1997-06-23,12.0594,12.1568,11.9854,11.9927,83241609
6425,1997-06-24,12.0992,12.2721,11.9927,12.2248,90253383
6426,1997-06-25,12.2833,12.2906,12.0485,12.1152,107970968
6427,1997-06-26,12.0055,12.1068,11.8589,11.8655,134652855
6428,1997-06-27,11.9731,11.9854,11.7281,11.7467,125423219
6429,1997-06-30,11.7837,11.8516,11.6213,11.7133,111551626
6430,1997-07-01,11.7281,11.7336,11.4477,11.4821,181044657
6431,1997-07-02,11.561,11.8209,11.4821,11.806,191304237
6432,1997-07-03,11.9453,11.9992,11.806,11.9666,104992104
6433,1997-07-07,12.0354,12.3055,12.0055,12.1699,122188687
6434,1997-07-08,12.2052,12.4167,12.077,12.3584,133627743
6435,1997-07-09,12.4706,12.7641,12.4706,12.6026,202651636
6436,1997-07-10,12.5951,12.6786,12.365,12.3964,157793878
6437,1997-07-11,12.4318,12.7138,12.3769,12.7018,133628950
6438,1997-07-14,12.7566,13.0482,12.6786,13.0055,137206591
6439,1997-07-15,13.3378,13.5344,13.1604,13.3638,207510677
6440,1997-07-16,14.269,14.6811,13.9978,14.5928,284661300
6441,1997-07-17,14.5723,14.8107,14.2226,14.5,155193712
6442,1997-07-18,14.3272,14.474,13.9978,14.2752,135327623
6443,1997-07-21,14.2353,14.2865,13.969,14.1556,86098057
6444,1997-07-22,14.1287,14.6875,14.1026,14.6598,95492320
6445,1997-07-23,14.8073,14.9938,14.6986,14.7541,100367638
6446,1997-07-24,14.6986,14.9734,14.5928,14.824,73636303
6447,1997-07-25,14.824,15.0476,14.5928,14.7319,74712672
6448,1997-07-28,14.7385,14.824,14.5268,14.6262,46833206
6449,1997-07-29,14.474,14.6207,14.3486,14.5548,57769954
6450,1997-07-30,14.4563,14.9231,14.407,14.7599,63377326
6451,1997-07-31,14.8992,15.2175,14.7319,15.1656,107261221
6452,1997-08-01,15.3168,15.5739,14.9427,15.4599,131737310
6453,1997-08-04,15.4431,16.0206,15.3401,15.9778,104890797
6454,1997-08-05,16.1319,16.5375,16.0,16.4642,130075425
6455,1997-08-06,16.5691,16.8495,16.2581,16.5299,111915236
6456,1997-08-07,16.7623,16.8152,16.5173,16.5299,94692730
6457,1997-08-08,16.2443,16.4781,15.8349,16.1515,125687328
6458,1997-08-11,16.0613,16.1671,15.4811,15.8738,110651333
6459,1997-08-12,16.04,16.2897,15.6863,15.7437,72280740
6460,1997-08-13,16.0613,16.2052,15.5668,15.9202,96299144
6461,1997-08-14,16.0,16.0613,15.7003,15.8349,72596719
6462,1997-08-15,15.7551,15.8136,15.1962,15.2175,100448446
6463,1997-08-18,15.1608,15.6474,14.847,15.6232,120730608
6464,1997-08-19,15.8552,16.2255,15.7495,16.1746,102622284
6465,1997-08-20,16.2721,16.6406,16.0866,16.5988,94453333
6466,1997-08-21,16.6621,16.6621,16.1319,16.2443,94692127
6467,1997-08-22,15.1608,15.8987,15.1458,15.8859,181192395
6468,1997-08-25,15.7791,15.9602,15.4431,15.5563,99008457
6469,1997-08-26,15.4431,15.5668,15.2936,15.3132,69410420
6470,1997-08-27,15.2018,15.5499,15.1748,15.5359,67136481
6471,1997-08-28,15.2555,15.5668,15.0375,15.2555,88373211
6472,1997-08-29,15.1608,15.4254,15.1133,15.2175,58635877
6473,1997-09-02,15.3826,15.7754,15.3604,15.7003,76757466
6474,1997-09-03,15.6863,15.8552,15.4811,15.4942,69445997
6475,1997-09-04,15.4811,15.8349,15.4431,15.6288,70754528
6476,1997-09-05,15.8136,15.8987,15.589,15.6232,59410141
6477,1997-09-08,15.8062,15.9935,15.7374,15.8489,60844095
6478,1997-09-09,15.8859,16.1515,15.8552,16.1458,85502894
6479,1997-09-10,16.0866,16.2128,15.7754,15.7754,83304325
6480,1997-09-11,15.6658,15.8552,15.4051,15.7374,77329727
6481,1997-09-12,15.5563,15.6474,15.4431,15.5668,64114206
6482,1997-09-15,15.5563,15.7605,15.1962,15.2018,50085829
6483,1997-09-16,15.3604,15.9202,15.2797,15.8284,89999522
6484,1997-09-17,16.04,16.1458,15.6863,15.7987,106708261
6485,1997-09-18,15.8664,16.103,15.6658,15.6863,55813194
6486,1997-09-19,15.7374,15.7912,15.6604,15.7605,68264104
6487,1997-09-22,15.7791,16.1319,15.7551,15.9202,66321812
6488,1997-09-23,16.0,16.39,15.9602,16.3732,86579863
6489,1997-09-24,16.3529,16.3732,15.7551,15.7912,91453375
6490,1997-09-25,15.6474,15.8859,15.3604,15.3826,82097105
6491,1997-09-26,15.5499,15.5499,15.3401,15.3679,78925883
6492,1997-09-29,15.4755,15.8552,15.4254,15.7551,42155071
6493,1997-09-30,15.6658,15.6863,15.2353,15.2501,93498168
6494,1997-10-01,15.3168,15.4254,14.9734,15.4051,111670413
6495,1997-10-02,15.4553,15.4942,15.1458,15.3826,42708630
6496,1997-10-03,15.6474,15.6474,15.2353,15.4115,65733883
6497,1997-10-06,15.5499,15.6474,15.3903,15.4431,59869033
6498,1997-10-07,15.5499,15.7912,15.4599,15.7374,64126262
6499,1997-10-08,15.6093,15.6863,15.4553,15.6232,73298014
6500,1997-10-09,15.5499,15.7374,15.4599,15.6428,63625769
6501,1997-10-10,15.5499,15.5628,15.3604,15.3604,59800284
6502,1997-10-13,15.4431,15.4599,15.1608,15.2936,69963384
6503,1997-10-14,15.3003,15.3604,14.8795,15.1656,132223335
6504,1997-10-15,14.1287,14.407,14.123,14.3143,399725449
6505,1997-10-16,14.4563,14.4611,13.9754,14.1026,135951128
6506,1997-10-17,13.9754,14.0636,13.5262,13.7127,148247064
6507,1997-10-20,13.917,14.0636,13.7323,13.8836,111596852
6508,1997-10-21,14.1956,14.1956,14.0163,14.0636,90850365
6509,1997-10-22,14.1804,14.2226,13.852,13.8649,76365512
6510,1997-10-23,13.5458,13.8093,13.3378,13.5262,140937400
6511,1997-10-24,13.7509,13.7907,12.9199,13.2143,185091444
6512,1997-10-27,12.9886,13.1726,12.2108,12.3453,158536784
6513,1997-10-28,13.1604,14.3272,11.4329,14.0367,313263175
6514,1997-10-29,13.7323,13.7509,13.0889,13.2522,198906957
6515,1997-10-30,12.8419,13.0482,12.4912,12.5125,160193852
6516,1997-10-31,12.9199,12.9497,12.5951,12.7138,132453686
6517,1997-11-03,12.9571,13.0482,12.8151,12.9712,100370047
6518,1997-11-04,12.9886,13.1343,12.4093,12.5422,150044629
6519,1997-11-05,12.7138,12.7138,12.2833,12.3258,153321976
6520,1997-11-06,12.3769,12.3769,12.0485,12.1421,137833719
6521,1997-11-07,11.9453,12.8829,11.8962,12.7919,240032694
6522,1997-11-10,12.7705,12.9199,12.3695,12.4093,119152538
6523,1997-11-11,12.4093,12.7845,12.3834,12.5951,63191604
6524,1997-11-12,12.5301,12.8829,12.3453,12.3769,121010405
6525,1997-11-13,12.5626,12.8829,12.3453,12.8764,107839507
6526,1997-11-14,12.933,13.0695,12.6963,13.0055,77255555
6527,1997-11-17,13.2143,13.4008,13.1343,13.2876,84597174
6528,1997-11-18,13.2522,13.3211,12.9777,13.0055,66860906
6529,1997-11-19,12.9886,13.1809,12.9136,13.061,64898720
6530,1997-11-20,13.1343,13.4397,13.0055,13.3582,81271585
6531,1997-11-21,13.5067,13.5067,13.1604,13.2522,87377037
6532,1997-11-24,13.1604,13.3582,12.9024,12.9024,85500482
6533,1997-11-25,12.8968,12.9024,12.5488,12.6239,106492386
6534,1997-11-26,12.6899,12.8031,12.6166,12.6583,50094272
6535,1997-11-28,12.6963,12.8625,12.5951,12.8206,21019647
6536,1997-12-01,12.9712,13.5067,12.9136,13.4556,104202772
6537,1997-12-02,13.3638,13.3796,12.7417,12.8968,103008210
6538,1997-12-03,12.8419,13.0816,12.5702,12.9712,83093875
6539,1997-12-04,13.0482,13.0695,12.5488,12.6657,123954288
6540,1997-12-05,12.6583,12.9199,12.6166,12.8085,81068976
6541,1997-12-08,12.9024,13.0816,12.8085,12.9571,60616757
6542,1997-12-09,12.8829,12.9886,12.4633,12.4912,96865365
6543,1997-12-10,12.3964,12.4706,12.0401,12.339,123142038
6544,1997-12-11,12.0633,12.1782,11.8516,11.8589,135724403
6545,1997-12-12,11.9331,12.0141,11.5749,11.6426,118462701
6546,1997-12-15,11.599,12.1923,11.4162,11.9156,163620744
6547,1997-12-16,12.0401,12.1699,11.6426,11.7616,92476071
6548,1997-12-17,11.9666,11.9927,11.4477,11.4821,116490256
6549,1997-12-18,11.5414,11.561,11.212,11.4162,141474081
6550,1997-12-19,11.2325,11.5814,11.1283,11.561,164421542
6551,1997-12-22,12.0141,12.1329,11.7281,11.7996,113956419
6552,1997-12-23,11.7996,12.0141,11.561,11.5937,66917586
6553,1997-12-24,11.7336,11.7837,11.5414,11.599,33197990
6554,1997-12-26,11.6213,11.7336,11.561,11.7059,22334808
6555,1997-12-29,11.8266,11.873,11.599,11.6947,61271622
6556,1997-12-30,11.7467,11.9156,11.7336,11.8393,62045286
6557,1997-12-31,11.8516,11.8589,11.5814,11.599,63502152
6558,1998-01-02,11.6751,11.9927,11.6426,11.9927,61698551
6559,1998-01-05,12.0633,12.4093,11.8962,12.3055,118141894
6560,1998-01-06,12.1988,12.2721,12.0055,12.077,72833697
6561,1998-01-07,12.0141,12.1568,11.8209,12.0141,83487641
6562,1998-01-08,11.9331,12.3584,11.9156,12.2721,114165062
6563,1998-01-09,12.3193,12.3834,11.7689,11.873,132705138
6564,1998-01-12,11.6947,12.5061,11.6751,12.4912,186551933
6565,1998-01-13,12.6166,12.7566,12.5951,12.7057,146754018
6566,1998-01-14,12.7138,12.7269,12.2833,12.4587,186875140
6567,1998-01-15,12.365,12.6166,12.3258,12.4383,80589589
6568,1998-01-16,12.5228,12.5301,12.3258,12.3584,89367563
6569,1998-01-20,12.4093,12.6026,12.365,12.5951,75333769
6570,1998-01-21,12.4587,12.8292,12.453,12.6657,104644774
6571,1998-01-22,12.5488,12.8031,12.5422,12.6351,75222214
6572,1998-01-23,12.6963,12.8625,12.6351,12.7491,84699683
6573,1998-01-26,12.7138,12.8829,12.7138,12.8292,67378887
6574,1998-01-27,12.8625,13.14,12.7845,13.0816,88511294
6575,1998-01-28,13.1726,13.451,13.1343,13.3582,101099691
6576,1998-01-29,13.2664,13.6886,13.2522,13.5458,109093761
6577,1998-01-30,13.6246,13.6635,13.3582,13.3796,68417274
6578,1998-02-02,13.6246,13.8093,13.5708,13.7183,94108415
6579,1998-02-03,13.878,14.3867,13.8093,14.2569,150577688
6580,1998-02-04,14.2226,14.5864,14.1436,14.4611,113654314
6581,1998-02-05,14.6598,14.8795,14.2226,14.2865,146713006
6582,1998-02-06,14.163,14.5353,14.1436,14.4611,78455537
6583,1998-02-09,14.4416,14.512,14.1101,14.1743,69051028
6584,1998-02-10,14.1101,14.5,14.0517,14.2484,89810776
6585,1998-02-11,14.1556,14.2158,13.917,14.0517,97865155
6586,1998-02-12,13.852,14.0804,13.6635,14.0367,106112495
6587,1998-02-13,13.9355,14.0295,13.8447,13.8447,58934366
6588,1998-02-17,13.9754,14.0295,13.8649,13.9754,62534322
6589,1998-02-18,13.9355,14.369,13.917,14.3607,99199011
6590,1998-02-19,14.6986,15.0476,14.5548,14.9586,205467686
6591,1998-02-20,15.0681,15.2555,14.9427,15.1656,148463543
6592,1998-02-23,15.3604,15.6288,15.2555,15.5563,103900060
6593,1998-02-24,15.5499,15.7912,15.2353,15.2555,114247673
6594,1998-02-25,15.3132,15.589,15.3003,15.5284,75345826
6595,1998-02-26,15.4811,15.5359,15.2353,15.2501,84298686
6596,1998-02-27,15.1812,15.2555,14.7858,14.8107,110898564
6597,1998-03-02,14.8313,15.0912,14.4563,14.474,108139805
6598,1998-03-03,14.1956,14.2569,13.8994,14.0868,175835880
6599,1998-03-04,14.0295,14.3607,14.0116,14.2752,81707564
6600,1998-03-05,12.3964,12.7845,12.3834,12.4772,556772803
6601,1998-03-06,12.7845,12.9199,12.5702,12.9024,193498580
6602,1998-03-09,12.9199,12.9497,12.3769,12.3964,161420377
6603,1998-03-10,12.6351,12.6351,12.3769,12.4706,103123382
6604,1998-03-11,12.6436,12.6583,12.3964,12.5301,85143500
6605,1998-03-12,12.5702,12.6657,12.4383,12.6166,59522300
6606,1998-03-13,12.7138,12.8031,12.6436,12.6583,50629142
6607,1998-03-16,12.7269,12.8625,12.7138,12.8292,54511305
6608,1998-03-17,12.8031,12.8292,12.4912,12.6786,83577484
6609,1998-03-18,12.5422,12.7919,12.5301,12.7138,49036597
6610,1998-03-19,12.7845,12.8764,12.6786,12.7705,52096857
6611,1998-03-20,12.8031,12.8031,12.4383,12.5125,96618135
6612,1998-03-23,12.4706,12.4706,12.2906,12.3964,111007105
6613,1998-03-24,12.4167,12.5301,12.2248,12.2906,94806092
6614,1998-03-25,12.5301,12.6239,12.4318,12.5626,100382113
6615,1998-03-26,12.7057,12.9199,12.6786,12.9136,83827735
6616,1998-03-27,12.933,13.14,12.9199,13.0269,109725113
6617,1998-03-30,12.9886,13.0055,12.7343,12.7845,67085222
6618,1998-03-31,12.6657,12.9199,12.6583,12.8968,86610015
6619,1998-04-01,12.8031,12.8764,12.6239,12.8031,90603133
6620,1998-04-02,12.7057,12.8031,12.5626,12.6166,66829548
6621,1998-04-03,12.6583,12.8625,12.5702,12.6786,112176341
6622,1998-04-06,12.583,12.5951,12.1988,12.1988,107869053
6623,1998-04-07,12.2248,12.2833,11.9156,11.9927,110885903
6624,1998-04-08,12.0594,12.1329,11.7837,11.9854,120803573
6625,1998-04-09,12.2478,12.339,12.1329,12.1782,88286376
6626,1998-04-13,12.1988,12.6351,12.1421,12.5951,95646086
6627,1998-04-14,12.4912,12.7057,12.3964,12.5488,105499235
6628,1998-04-15,12.9136,13.1343,12.3453,12.365,215293695
6629,1998-04-16,12.1329,12.365,12.0992,12.2833,109058188
6630,1998-04-17,12.2331,12.4383,12.2108,12.4167,68008430
6631,1998-04-20,12.3769,12.6583,12.365,12.6351,60904392
6632,1998-04-21,12.8419,13.0482,12.8206,13.0426,140494191
6633,1998-04-22,13.0889,13.9562,13.0695,13.8836,228954836
6634,1998-04-23,13.7509,14.0517,13.5501,13.7509,148448467
6635,1998-04-24,13.5262,13.7702,13.4221,13.5501,103230117
6636,1998-04-27,13.2522,13.4397,13.0055,13.2143,125359299
6637,1998-04-28,13.3378,13.4397,12.9199,13.1002,93212344
6638,1998-04-29,13.1343,13.2951,13.0055,13.2328,63029994
6639,1998-04-30,13.3211,13.4704,13.1076,13.346,76211140
6640,1998-05-01,13.3638,13.6246,13.2328,13.5651,69023889
6641,1998-05-04,13.5845,13.7907,13.4221,13.5458,55142048
6642,1998-05-05,13.5067,13.6635,13.4704,13.5262,52453839
6643,1998-05-06,13.5708,13.5845,13.3378,13.4397,49737290
6644,1998-05-07,13.451,13.5845,13.3255,13.3796,58980799
6645,1998-05-08,13.3211,13.905,13.3082,13.8836,103091425
6646,1998-05-11,13.852,14.0163,13.6246,13.6246,72176420
6647,1998-05-12,13.6181,13.9903,13.5501,13.969,73073697
6648,1998-05-13,13.9754,14.0868,13.8305,14.0116,79013930
6649,1998-05-14,13.8447,14.1101,13.7844,13.969,84492852
6650,1998-05-15,13.7378,13.7509,13.1958,13.2664,148617309
6651,1998-05-18,13.2143,13.4353,12.9497,13.1076,67249243
6652,1998-05-19,13.1604,13.3255,13.061,13.14,55462851
6653,1998-05-20,13.0889,13.1076,12.6351,12.7138,104076141
6654,1998-05-21,12.6026,12.6436,12.1923,12.2478,143442902
6655,1998-05-22,12.3453,12.3453,12.2108,12.2721,61975338
6656,1998-05-26,12.4587,12.5301,12.2108,12.339,77694542
6657,1998-05-27,12.1421,12.2906,12.0401,12.2721,98772683
6658,1998-05-28,12.1568,12.365,12.077,12.1421,68849626
6659,1998-05-29,12.1568,12.2248,11.7689,11.7996,116418498
6660,1998-06-01,11.4162,11.4542,11.17,11.2325,163384973
6661,1998-06-02,11.3995,11.4682,11.2639,11.4329,108602315
6662,1998-06-03,11.5814,11.6751,10.8453,10.8916,157626245
6663,1998-06-04,11.17,11.3995,11.0364,11.2639,124695990
6664,1998-06-05,11.4282,11.5489,11.1925,11.5295,89013003
6665,1998-06-08,11.5489,11.561,11.1925,11.4477,105931594
6666,1998-06-09,11.4282,11.6213,11.3344,11.5937,78229413
6667,1998-06-10,11.5295,11.599,11.2816,11.3244,73801523
6668,1998-06-11,11.3631,11.4542,11.2491,11.3244,65027758
6669,1998-06-12,11.3029,11.3158,10.8916,11.3029,108661404
6670,1998-06-15,11.1118,11.3569,11.0364,11.0448,80251298
6671,1998-06-16,11.1925,11.5414,11.0877,11.5295,102897259
6672,1998-06-17,11.5414,11.7133,11.3344,11.4329,104228693
6673,1998-06-18,11.4162,11.5749,11.2693,11.5118,63189792
6674,1998-06-19,11.6676,11.6676,11.3569,11.561,103855435
6675,1998-06-22,11.5414,12.2833,11.5118,12.1988,120710104
6676,1998-06-23,12.3453,12.5125,12.2721,12.4318,113297930
6677,1998-06-24,12.3964,12.8031,12.0992,12.7845,115687658
6678,1998-06-25,12.7566,12.8206,12.4093,12.4912,83416485
6679,1998-06-26,12.4772,12.7343,12.3834,12.6166,64661732
6680,1998-06-29,12.6963,12.7566,12.3453,12.5228,67763006
6681,1998-06-30,12.3584,12.453,12.1421,12.2478,76384810
6682,1998-07-01,12.339,12.453,11.9666,12.4167,105525771
6683,1998-07-02,12.3193,12.4093,12.0854,12.0992,60593241
6684,1998-07-06,11.9854,12.2108,11.9331,12.1421,53639959
6685,1998-07-07,12.077,12.4383,11.9854,12.4093,81767259
6686,1998-07-08,12.4912,12.933,12.4772,12.933,131558219
6687,1998-07-09,12.8085,13.2737,12.7705,13.1726,145317647
6688,1998-07-10,13.1343,13.2951,12.9199,13.1726,86411019
6689,1998-07-13,13.1726,13.6246,13.1343,13.6059,116257498
6690,1998-07-14,13.6589,13.7702,13.2737,13.3255,133707938
6691,1998-07-15,13.4008,14.0367,13.3582,13.917,253373642
6692,1998-07-16,13.878,14.0163,13.7127,13.917,101466920
6693,1998-07-17,13.852,13.8649,13.6181,13.7323,75555675
6694,1998-07-20,13.6059,13.7183,13.4704,13.5067,56594694
6695,1998-07-21,13.4397,14.0116,13.4157,13.4789,120523175
6696,1998-07-22,13.3211,13.7127,13.3211,13.6059,99222525
6697,1998-07-23,13.4926,14.0295,13.451,13.6401,128748197
6698,1998-07-24,13.6635,13.878,13.4789,13.7183,88920743
6699,1998-07-27,13.5845,14.2226,13.5067,14.2158,127330531
6700,1998-07-28,14.3421,14.5723,14.123,14.1436,177898771
6701,1998-07-29,14.269,14.3421,13.942,13.9754,85988317
6702,1998-07-30,14.1556,14.4937,14.0367,14.474,87457844
6703,1998-07-31,14.4219,14.512,13.917,13.942,72410385
6704,1998-08-03,13.8093,14.2226,13.7323,14.0116,84215469
6705,1998-08-04,14.1026,14.202,13.4789,13.5344,116733271
6706,1998-08-05,13.5501,13.969,13.4008,13.8994,137863267
6707,1998-08-06,13.7127,14.4611,13.7127,14.369,142540196
6708,1998-08-07,14.512,14.6875,14.269,14.3143,123330177
6709,1998-08-10,14.2484,14.4937,14.1556,14.3058,74125946
6710,1998-08-11,13.917,14.1026,13.8447,13.969,109928327
6711,1998-08-12,14.123,14.202,13.9355,14.1436,83224123
6712,1998-08-13,14.1804,14.369,13.9562,14.0804,98462133
6713,1998-08-14,14.1956,14.3272,14.1287,14.2353,93920880
6714,1998-08-17,14.163,14.824,14.163,14.7924,144445100
6715,1998-08-18,14.7739,15.3003,14.7599,15.1053,180306581
6716,1998-08-19,15.1812,15.2353,14.7385,14.7924,102132642
6717,1998-08-20,14.369,14.5723,14.1026,14.202,202439974
6718,1998-08-21,13.969,14.1556,13.6059,14.0295,175077296
6719,1998-08-24,14.0691,14.2817,13.7844,13.9754,127127314
6720,1998-08-25,14.123,14.1804,13.8231,13.942,79057944
6721,1998-08-26,13.6589,13.9562,13.5708,13.7127,79167689
6722,1998-08-27,13.4397,13.5501,12.6786,13.1726,201185725
6723,1998-08-28,12.9497,13.3082,12.5125,12.7138,142377988
6724,1998-08-31,12.6963,12.7919,11.7133,11.7616,157187860
6725,1998-09-01,11.7133,12.6786,11.5237,12.5488,164351593
6726,1998-09-02,12.6026,12.8764,12.2331,12.365,127960067
6727,1998-09-03,12.3964,13.0055,12.3193,12.6786,162448494
6728,1998-09-04,12.8292,13.0269,12.5702,12.9199,97459935
6729,1998-09-08,13.4157,13.5458,13.1076,13.5262,125264020
6730,1998-09-09,13.6766,13.9754,13.4008,13.4221,142394268
6731,1998-09-10,13.1726,13.3211,12.7919,13.061,115248063
6732,1998-09-11,13.7509,14.0517,13.5458,14.0295,226257580
6733,1998-09-14,13.9978,14.293,13.969,14.1743,102451030
6734,1998-09-15,14.0367,14.2226,13.969,14.1956,71325574
6735,1998-09-16,14.2158,14.3421,13.8231,14.0517,68097672
6736,1998-09-17,13.6886,13.917,13.6059,13.7127,85070535
6737,1998-09-18,13.7378,13.7907,13.5458,13.7127,76287725
6738,1998-09-21,13.4221,13.9754,13.3211,13.9754,59452955
6739,1998-09-22,14.0517,14.0804,13.7702,13.8017,61643683
6740,1998-09-23,13.8994,14.3822,13.852,14.3822,102222487
6741,1998-09-24,14.3272,14.5548,13.9355,14.0868,94556452
6742,1998-09-25,13.9754,14.6598,13.878,14.5864,104699044
6743,1998-09-28,14.6075,14.6986,14.2353,14.369,90658006
6744,1998-09-29,14.435,14.6399,14.3272,14.6207,79506584
6745,1998-09-30,14.4219,14.5353,14.1436,14.163,68366012
6746,1998-10-01,13.917,14.1101,13.5501,13.7844,92546626
6747,1998-10-02,13.6766,14.0367,13.4221,13.852,89359124
6748,1998-10-05,13.6401,13.8231,12.856,13.3082,118357173
6749,1998-10-06,13.6401,13.7509,12.9777,13.154,124535588
6750,1998-10-07,13.0269,13.4008,12.9712,13.061,124962518
6751,1998-10-08,12.6899,13.2737,12.5228,12.9571,181802037
6752,1998-10-09,13.1604,13.917,13.1076,13.8447,131567870
6753,1998-10-12,14.0163,14.1804,13.917,14.1101,94292936
6754,1998-10-13,13.9562,14.1101,13.5344,13.8017,151761993
6755,1998-10-14,13.6635,13.917,13.5651,13.6401,167147135
6756,1998-10-15,13.5985,14.0804,13.4556,13.969,111459364
6757,1998-10-16,14.0691,14.123,13.8017,13.8305,115646048
6758,1998-10-19,13.7323,14.0636,13.645,14.0367,89538819
6759,1998-10-20,14.163,14.407,13.9562,13.969,125709042
6760,1998-10-21,14.0691,14.3867,13.9754,14.3822,86534637
6761,1998-10-22,14.2353,14.512,14.1287,14.435,72788471
6762,1998-10-23,14.293,14.6875,14.269,14.407,85785699
6763,1998-10-26,14.3822,14.7116,14.2865,14.6875,74924326
6764,1998-10-27,14.7739,14.824,14.407,14.4219,79511407
6765,1998-10-28,14.3421,14.7858,14.3272,14.7385,73780417
6766,1998-10-29,14.6399,14.9734,14.6262,14.824,110085109
6767,1998-10-30,14.8656,15.0021,14.7189,14.7319,72070894
6768,1998-11-02,14.824,15.1962,14.7924,15.1656,79267189
6769,1998-11-03,15.0616,15.1656,14.8107,14.9363,77057765
6770,1998-11-04,15.1387,15.7003,15.042,15.6658,165500927
6771,1998-11-05,15.5359,15.6175,15.4115,15.5359,88415423
6772,1998-11-06,15.4997,15.8413,15.4599,15.7671,98159424
6773,1998-11-09,15.6735,15.8738,15.4431,15.8618,71670494
6774,1998-11-10,15.9276,16.4429,15.8136,16.1162,129502562
6775,1998-11-11,16.8152,17.2467,16.7966,17.1326,190171186
6776,1998-11-12,16.9561,17.3573,16.7483,16.9692,109006930
6777,1998-11-13,16.7483,17.3275,16.7483,17.14,90287760
6778,1998-11-16,17.3786,17.6755,17.3573,17.658,74670460
6779,1998-11-17,17.5596,18.1761,17.4519,17.9318,88127180
6780,1998-11-18,17.9098,18.3208,17.8901,18.1555,78239057
6781,1998-11-19,18.3069,19.0339,18.3014,18.6533,141944424
6782,1998-11-20,18.8195,18.8565,18.3543,18.5214,101812444
6783,1998-11-23,18.4878,19.1497,18.2707,18.7646,86670311
6784,1998-11-24,18.5854,18.8795,18.2411,18.2492,69812625
6785,1998-11-25,18.3421,18.527,17.8056,18.1353,88770592
6786,1998-11-27,18.0657,18.2141,18.009,18.1761,26047526
6787,1998-11-30,18.2875,18.5483,17.7638,17.7842,95138959
6788,1998-12-01,17.4832,19.0049,17.464,19.0049,115965040
6789,1998-12-02,18.8267,19.0049,18.4017,18.7646,97381541
6790,1998-12-03,18.7646,19.3559,17.9903,18.0972,117932052
6791,1998-12-04,18.7144,19.2176,18.6939,19.2176,106359123
6792,1998-12-07,19.2686,19.7476,19.2286,19.6585,76967920
6793,1998-12-08,19.8656,20.4921,19.692,19.8403,149931867
6794,1998-12-09,20.0316,20.0798,19.5471,19.692,75766126
6795,1998-12-10,19.5879,19.846,18.8795,18.9391,93015168
6796,1998-12-11,18.9187,19.3762,18.7507,19.2425,82770062
6797,1998-12-14,18.9187,19.0829,18.3747,18.4332,93319683
6798,1998-12-15,18.6533,19.2046,18.5083,19.1573,105758529
6799,1998-12-16,19.2501,19.3345,18.7329,18.8565,67281806
6800,1998-12-17,18.9827,19.4041,18.9585,19.3123,60115054
6801,1998-12-18,19.8016,19.9202,19.6435,19.8275,95307798
6802,1998-12-21,19.9128,20.4921,19.8211,20.2711,58576784
6803,1998-12-22,20.2209,20.284,19.5423,19.6762,69637152
6804,1998-12-23,20.6564,20.6564,20.0605,20.6564,120427295
6805,1998-12-24,20.622,20.8485,20.4169,20.6564,26277272
6806,1998-12-28,20.7687,20.7687,20.1552,20.1765,42006127
6807,1998-12-29,20.1765,20.4921,19.8924,20.0065,60982184
6808,1998-12-30,19.9128,20.3119,19.6762,19.692,62532514
6809,1998-12-31,19.7867,19.9342,19.5423,19.5879,43792838
6810,1999-01-04,19.8211,20.3445,19.7747,19.9658,98599015
6811,1999-01-05,19.9128,20.6769,19.8275,20.3658,98770872
6812,1999-01-06,20.8041,21.4363,20.5284,21.3971,162405687
6813,1999-01-07,21.0862,21.6469,21.0678,21.3638,82109168
6814,1999-01-08,21.6654,21.7322,21.1743,21.4307,66196995
6815,1999-01-11,22.1082,23.3624,21.6246,23.0931,159514867
6816,1999-01-12,23.5101,23.5462,22.2225,22.4017,156145862
6817,1999-01-13,21.696,23.4839,21.6469,22.9744,179107195
6818,1999-01-14,23.1313,23.1313,22.0646,22.1018,124205746
6819,1999-01-15,22.1825,22.6022,22.1426,22.3692,96407683
6820,1999-01-19,22.7135,23.0728,22.3068,23.0293,65279217
6821,1999-01-20,23.2741,23.7432,22.7386,22.8461,92714260
6822,1999-01-21,22.6402,22.7386,21.8483,22.0646,96370302
6823,1999-01-22,21.6061,21.9373,21.2327,21.2904,131818717
6824,1999-01-25,21.4603,21.6915,20.9145,21.5847,89726362
6825,1999-01-26,21.9562,22.6402,21.7489,22.6253,102707307
6826,1999-01-27,22.5734,22.7201,21.918,21.9373,86435137
6827,1999-01-28,22.6568,22.9039,22.3068,22.6653,126333156
6828,1999-01-29,22.7869,23.3243,22.5344,23.2891,86303082
6829,1999-02-01,23.2518,23.2518,22.6402,22.7869,78761864
6830,1999-02-02,22.8035,22.8101,21.9373,22.2494,89952486
6831,1999-02-03,22.0702,22.9808,21.9562,22.9251,85958768
6832,1999-02-04,22.6068,22.6457,21.4947,21.5133,130269591
6833,1999-02-05,21.7786,21.905,20.284,21.0862,203604994
6834,1999-02-08,21.4733,22.0898,21.0555,21.8233,104969791
6835,1999-02-09,21.7489,21.918,20.622,20.7168,121264879
6836,1999-02-10,20.7363,21.423,20.5079,21.2904,101791336
6837,1999-02-11,21.423,22.0822,21.1268,22.0303,81567061
6838,1999-02-12,21.696,21.696,20.7882,20.9145,110342592
6839,1999-02-16,21.3638,21.5699,20.6824,20.8893,89686562
6840,1999-02-17,20.4921,21.2327,20.4392,20.6072,122777215
6841,1999-02-18,20.8292,21.4733,20.622,21.18,108087348
6842,1999-02-19,21.2208,21.592,21.0555,21.1743,76024814
6843,1999-02-22,21.1195,21.9625,20.7298,21.9562,91338802
6844,1999-02-23,21.8614,22.7313,21.737,22.1956,111108414
6845,1999-02-24,22.1426,22.6253,21.5326,21.5505,98969259
6846,1999-02-25,21.3257,21.4947,20.6769,21.1195,119802580
6847,1999-02-26,20.48,20.4957,19.6585,19.8275,252059086
6848,1999-03-01,19.6435,19.6762,18.9585,19.3485,193860387
6849,1999-03-02,19.1183,19.1452,18.1092,18.1555,202701083
6850,1999-03-03,18.6604,19.0124,18.1853,18.9585,205842753
6851,1999-03-04,19.1452,19.4897,18.2492,18.7387,158302215
6852,1999-03-05,19.2176,19.3625,18.5557,18.9513,132475395
6853,1999-03-08,19.469,19.846,19.3419,19.7747,111379159
6854,1999-03-09,19.7003,19.8656,18.9688,19.0645,135846811
6855,1999-03-10,19.3299,19.5694,19.0522,19.3235,120962164
6856,1999-03-11,19.4969,19.7344,19.1989,19.5294,90626047
6857,1999-03-12,19.6585,19.8144,19.3419,19.5471,103262080
6858,1999-03-15,19.6585,19.6585,19.3047,19.4897,67170853
6859,1999-03-16,19.5825,20.2516,19.4897,19.9,128092124
6860,1999-03-17,19.9602,20.2332,19.7747,19.9202,88460041
6861,1999-03-18,20.1385,20.3305,19.9426,20.1385,81492891
6862,1999-03-19,20.4921,20.5628,19.6585,19.6762,107068263
6863,1999-03-22,19.692,19.7114,19.0124,19.0339,74130768
6864,1999-03-23,19.1032,19.3419,18.8035,18.9391,100762607
6865,1999-03-24,18.9688,19.7476,18.8863,19.7114,96752606
6866,1999-03-25,19.8656,19.8869,19.3047,19.4969,91059007
6867,1999-03-26,19.5089,20.0252,19.277,19.2908,80927265
6868,1999-03-29,19.4357,20.1061,19.1989,20.1032,66949549
6869,1999-03-30,19.9546,20.3305,19.9426,20.1032,76475262
6870,1999-03-31,20.1439,20.4169,19.6271,19.6585,58143826
6871,1999-04-01,19.8275,20.067,19.6585,19.9797,49580512
6872,1999-04-05,20.1439,21.0797,20.1262,21.0797,85792335
6873,1999-04-06,20.9535,21.685,20.8292,21.5616,106535198
6874,1999-04-07,21.7322,22.0702,21.2385,21.8417,98598413
6875,1999-04-08,21.8233,22.0497,21.2327,21.6654,82199619
6876,1999-04-09,21.8818,21.9373,21.5021,21.6246,67354765
6877,1999-04-12,20.3779,20.6564,19.8403,20.2516,125640600
6878,1999-04-13,20.8088,20.8292,19.7747,20.0065,107089366
6879,1999-04-14,20.2907,20.3305,18.5984,18.8454,157503234
6880,1999-04-15,19.3419,19.3836,18.6801,19.3235,96295527
6881,1999-04-16,19.1377,19.3047,18.6661,18.9325,52619062
6882,1999-04-19,18.8863,19.5089,18.1853,18.3487,97007984
6883,1999-04-20,18.5984,18.8454,18.3487,18.7015,59476775
6884,1999-04-21,19.0339,19.6762,18.5557,19.3235,64894799
6885,1999-04-22,19.8403,20.3779,19.6762,20.3305,85923792
6886,1999-04-23,20.48,20.9933,20.1626,20.4169,67411752
6887,1999-04-26,20.7298,21.3674,20.6637,21.3044,57016801
6888,1999-04-27,21.18,21.423,20.5163,20.5849,55439634
6889,1999-04-28,20.6425,20.9535,20.1262,20.2332,43859772
6890,1999-04-29,20.3305,20.3779,19.794,20.1061,44224898
6891,1999-04-30,20.352,20.5849,19.6056,20.2332,42278387
6892,1999-05-03,20.2332,20.869,20.1439,20.869,44720568
6893,1999-05-04,20.7687,21.1411,20.352,20.3954,44051531
6894,1999-05-05,20.4021,21.5021,20.0521,21.1743,53150319
6895,1999-05-06,21.0082,21.1475,19.3485,19.7403,87482261
6896,1999-05-07,20.0726,20.4021,19.7198,20.1552,58488445
6897,1999-05-10,20.2209,20.4447,19.8869,20.0521,31989862
6898,1999-05-11,20.2397,20.7168,20.0726,20.6101,43091240
6899,1999-05-12,20.571,20.8431,20.0521,20.6769,35699572
6900,1999-05-13,20.8224,20.8431,19.846,19.8656,41704319
6901,1999-05-14,19.6435,19.7198,18.9975,19.1842,68241191
6902,1999-05-17,19.0466,19.6809,18.9187,19.6651,45232521
6903,1999-05-18,19.7867,19.8078,19.2046,19.4969,49397501
6904,1999-05-19,19.5369,19.7867,19.1032,19.7403,52168919
6905,1999-05-20,19.8275,19.8869,19.0645,19.0829,64248976
6906,1999-05-21,19.0886,19.1452,18.6661,18.8517,59321494
6907,1999-05-24,18.9391,18.9391,18.3598,18.5009,53774730
6908,1999-05-25,18.6272,18.6272,17.4519,17.4908,99799609
6909,1999-05-26,17.7796,17.7796,16.8689,17.1018,110410732
6910,1999-05-27,17.2887,17.9903,17.1207,17.5727,82929858
6911,1999-05-28,17.7369,17.9234,17.3637,17.8827,52695946
6912,1999-06-01,17.8056,17.8261,16.5848,16.7678,86016958
6913,1999-06-02,17.0333,17.3219,16.6621,17.1818,86939558
6914,1999-06-03,17.3637,17.4073,16.6406,16.7046,73899212
6915,1999-06-04,17.0537,17.6406,16.9952,17.5883,75683211
6916,1999-06-07,17.8445,18.0265,17.5727,17.6755,56915197
6917,1999-06-08,17.6105,17.8261,17.0333,17.1018,49401721
6918,1999-06-09,17.4073,17.7572,17.2014,17.5727,66503926
6919,1999-06-10,17.698,18.3421,17.658,18.3144,93291941
6920,1999-06-11,18.5657,18.7507,17.9458,18.009,69019072
6921,1999-06-14,18.1268,18.3598,17.8615,17.9903,37672007
6922,1999-06-15,18.1092,18.5657,18.0896,18.4219,41587639
6923,1999-06-16,19.0189,19.7689,18.9391,19.7403,92585821
6924,1999-06-17,18.9391,19.3235,18.8111,19.1842,70496442
6925,1999-06-18,18.4815,18.5657,17.9903,18.1761,120711619
6926,1999-06-21,18.4379,18.8795,18.3421,18.7935,46955314
6927,1999-06-22,18.4379,18.8982,18.2141,18.4219,49542520
6928,1999-06-23,18.4815,18.8517,18.3598,18.7144,34581293
6929,1999-06-24,18.6467,18.6661,18.1946,18.2141,40246852
6930,1999-06-25,18.3598,18.6272,18.148,18.2947,35819572
6931,1999-06-28,18.3823,18.8517,18.2947,18.8517,35716151
6932,1999-06-29,18.8517,19.602,18.7507,19.602,65222232
6933,1999-06-30,19.5825,19.8078,18.7144,19.6809,57944832
6934,1999-07-01,19.7689,20.9024,19.602,20.7966,92936472
6935,1999-07-02,20.7743,21.1743,20.7576,21.0082,56465045
6936,1999-07-06,21.4603,21.7489,21.0678,21.1268,86594034
6937,1999-07-07,21.2327,21.4363,20.9608,21.2904,52211736
6938,1999-07-08,21.1056,21.7917,21.0511,21.7489,55782747
6939,1999-07-09,21.7102,21.9487,21.2904,21.918,53568204
6940,1999-07-12,21.9562,22.0646,21.5021,21.6469,62862058
6941,1999-07-13,21.4603,21.8753,21.3322,21.6246,70504579
6942,1999-07-14,22.1213,22.5138,21.7026,22.4917,135414757
6943,1999-07-15,22.6568,22.7201,22.2494,22.3877,71852905
6944,1999-07-16,22.4917,22.5344,22.1621,22.202,48672682
6945,1999-07-19,22.202,22.4917,22.1621,22.3478,50008946
6946,1999-07-20,22.2225,22.2225,21.3806,21.4816,64407265
6947,1999-07-21,21.5616,21.8308,21.3638,21.685,43083701
6948,1999-07-22,21.5457,21.6654,21.0862,21.1268,45111918
6949,1999-07-23,21.2719,21.5021,20.8819,21.2327,41295790
6950,1999-07-26,20.7966,21.5616,20.7576,20.7966,53809710
6951,1999-07-27,21.3806,22.5344,21.3638,22.3478,117514467
6952,1999-07-28,22.3068,23.4236,22.1621,23.2565,125703611
6953,1999-07-29,22.7655,23.4914,22.5734,22.9902,109313258
6954,1999-07-30,23.198,23.7346,22.8267,22.8267,87614021
6955,1999-08-02,23.1118,24.2509,22.9902,23.5878,116807438
6956,1999-08-03,23.9196,24.3322,23.3243,24.1271,113743259
6957,1999-08-04,24.1403,24.5905,24.0326,24.091,80309786
6958,1999-08-05,23.8062,23.9963,22.9967,23.6418,89385658
6959,1999-08-06,23.4145,24.2582,23.329,23.681,64662340
6960,1999-08-09,23.7858,24.6351,23.3707,24.3072,82151671
6961,1999-08-10,24.1403,24.6351,23.681,23.7432,101313155
6962,1999-08-11,24.4699,25.2329,24.3456,25.1466,122093103
6963,1999-08-12,24.9636,25.4011,24.843,25.1271,72406167
6964,1999-08-13,25.4595,26.4127,25.4595,26.3923,70662568
6965,1999-08-16,26.2272,26.2883,25.6914,25.9978,53281174
6966,1999-08-17,26.2494,26.3061,25.6439,26.1446,49335383
6967,1999-08-18,25.956,26.4127,25.8307,25.9784,49031474
6968,1999-08-19,25.6439,25.9161,25.4232,25.5846,48422437
6969,1999-08-20,25.7889,26.4944,25.4769,26.4554,53845588
6970,1999-08-23,26.6421,27.4682,26.4554,27.4477,75133268
6971,1999-08-24,27.2372,27.9668,27.2185,27.5083,93066723
6972,1999-08-25,27.3856,27.9213,26.9317,27.6928,72467670
6973,1999-08-26,27.6168,27.7542,26.7674,26.8258,65519511
6974,1999-08-27,27.2632,27.6353,27.0701,27.4682,61629211
6975,1999-08-30,27.4904,27.8414,26.8426,27.2185,51321392
6976,1999-08-31,27.2372,27.6353,26.5779,27.1972,65102235
6977,1999-09-01,27.6928,28.172,27.5287,27.6168,81326157
6978,1999-09-02,27.2185,28.4587,27.1377,28.2312,76852742
6979,1999-09-03,28.8086,29.62,28.7893,29.5598,73609767
6980,1999-09-07,29.454,29.5716,28.8745,28.9971,59706213
6981,1999-09-08,28.7893,29.3258,28.3167,28.4365,67153663
6982,1999-09-09,28.5627,29.0611,28.2935,29.0408,59791237
6983,1999-09-10,29.0611,29.0777,28.4168,28.9146,49109862
6984,1999-09-13,28.6415,28.9971,27.8201,27.9213,54340952
6985,1999-09-14,27.9213,28.4168,27.8201,28.3983,55646764
6986,1999-09-15,28.6703,28.6703,27.3856,27.4682,70776535
6987,1999-09-16,27.2632,27.6168,26.5994,27.3427,85303294
6988,1999-09-17,27.3206,28.0845,27.1972,28.0068,77750626
6989,1999-09-20,28.027,28.3381,27.6548,27.8201,31216512
6990,1999-09-21,27.7151,27.7151,27.1173,27.1377,58203223
6991,1999-09-22,27.2372,27.6928,26.9317,27.4024,63399339
6992,1999-09-23,27.5083,27.5287,25.3127,25.6439,111083090
6993,1999-09-24,24.8821,25.1922,24.0326,25.0398,187782667
6994,1999-09-27,25.3787,26.3923,25.0687,25.8791,107388761
6995,1999-09-28,25.8114,25.8985,24.9013,25.6439,75427832
6996,1999-09-29,25.6439,25.7889,24.7752,24.8821,69846093
6997,1999-09-30,24.8821,25.2329,24.2841,24.5905,69514137
6998,1999-10-01,24.5718,24.987,24.3456,24.7956,56914290
6999,1999-10-04,24.5525,25.5846,24.363,25.4769,62313017
7000,1999-10-05,25.6914,25.8791,24.8207,25.2134,59610640
7001,1999-10-06,25.4389,25.8307,25.1922,25.4595,55277122
7002,1999-10-07,25.4232,25.7517,24.7177,25.0268,53201871
7003,1999-10-08,25.1094,25.4232,24.7558,25.0471,54816125
7004,1999-10-11,25.2134,25.7119,25.1752,25.3127,36872414
7005,1999-10-12,25.9161,26.4127,25.0687,25.3787,133448342
7006,1999-10-13,24.0326,24.4894,23.6241,23.8703,181990779
7007,1999-10-14,23.9519,24.3241,23.329,24.2712,78181773
7008,1999-10-15,23.8703,24.2582,23.4338,23.4552,73345652
7009,1999-10-18,23.3485,23.4977,22.1956,22.9604,87716231
7010,1999-10-19,23.0364,23.0857,21.5133,21.5505,127236761
7011,1999-10-20,22.3348,23.1627,22.1956,23.1415,98138019
7012,1999-10-21,22.6457,23.9055,22.4611,23.7207,79930496
7013,1999-10-22,24.1209,24.6073,23.9731,24.3072,93083603
7014,1999-10-25,24.1605,24.1959,23.4338,23.5824,52783993
7015,1999-10-26,24.5718,24.6973,23.5824,23.6418,85489327
7016,1999-10-27,23.3903,23.4145,22.4806,22.9808,108822714
7017,1999-10-28,23.5341,23.9055,23.2064,23.887,110665501
7018,1999-10-29,25.1271,25.8307,25.0471,25.6256,127525604
7019,1999-11-01,25.6914,25.9161,25.1271,25.1466,69147210
7020,1999-11-02,25.5058,25.8791,25.3369,25.6439,61320472
7021,1999-11-03,25.9485,26.7098,25.7406,26.3997,76099892
7022,1999-11-04,26.6272,27.0653,26.5464,27.0049,65859008
7023,1999-11-05,27.2696,27.7664,27.0858,27.2696,59809933
7024,1999-11-08,27.0049,27.524,26.7311,27.1899,40616196
7025,1999-11-09,27.2315,27.2315,26.2772,26.5084,50807627
7026,1999-11-10,26.1575,26.9771,25.9032,26.1575,51519780
7027,1999-11-11,26.4193,26.6272,25.8641,26.2995,48521328
7028,1999-11-12,26.1945,26.2772,24.663,25.2199,131930878
7029,1999-11-15,25.2199,25.2393,24.495,24.5163,59296475
7030,1999-11-17,25.5113,26.0674,24.663,24.7482,70983672
7031,1999-11-18,25.0529,25.9904,25.0398,25.9904,56843138
7032,1999-11-19,25.8241,26.6057,25.7406,26.4406,70095436
7033,1999-11-22,26.773,26.9391,26.1102,26.6542,55583452
7034,1999-11-23,26.7004,26.9771,25.8241,26.1575,61874028
7035,1999-11-24,26.4638,27.2315,26.1945,27.2111,50693054
7036,1999-11-26,27.1434,27.2315,26.5464,26.5668,21379946
7037,1999-11-29,26.5668,26.5865,25.9032,26.1371,49222323
7038,1999-11-30,25.97,26.3795,25.3441,25.386,52560878
7039,1999-12-01,25.182,25.6758,24.8282,25.2681,68677467
7040,1999-12-02,25.0344,25.8641,24.9944,25.6758,46911595
7041,1999-12-03,26.1575,26.4869,25.9904,26.0481,55088085
7042,1999-12-06,26.0878,26.2772,25.5523,25.7805,43175363
7043,1999-12-07,25.9032,25.97,25.2681,25.5523,50734364
7044,1999-12-08,25.3072,25.6572,24.495,24.663,79416435
7045,1999-12-09,25.0344,25.0344,23.8794,24.2509,81144653
7046,1999-12-10,24.3322,24.495,23.7153,23.9196,84775062
7047,1999-12-13,23.5878,24.8896,23.3624,24.5163,72066671
7048,1999-12-14,24.7047,24.8282,23.9603,23.9817,62928990
7049,1999-12-15,23.899,26.2272,23.8794,26.1371,123687158
7050,1999-12-16,26.3997,26.8574,26.2772,26.5668,75617481
7051,1999-12-17,26.9391,27.4766,26.6542,27.1684,104726781
7052,1999-12-20,27.4339,27.5407,26.1945,26.8351,54649692
7053,1999-12-21,26.6735,27.5592,26.4869,27.4339,52266307
7054,1999-12-22,27.4989,27.6863,27.0244,27.3086,37577333
7055,1999-12-23,27.6028,27.7866,27.3086,27.524,32625134
7056,1999-12-27,27.6233,28.1782,27.3586,28.1608,43131641
7057,1999-12-28,27.9519,28.3029,27.4339,27.4766,35362490
7058,1999-12-29,27.3586,28.0957,27.2902,27.7664,24156795
7059,1999-12-30,27.9148,28.2657,27.3968,27.7067,22440033
7060,1999-12-31,27.7485,27.7664,27.1249,27.25,17445012
7061,2000-01-03,27.5675,28.935,27.5675,28.8153,86999257
7062,2000-01-04,28.2713,29.1075,27.2372,27.4477,76913044
7063,2000-01-05,27.4904,28.4412,26.6597,27.6928,78977440
7064,2000-01-06,27.0701,27.6102,25.8716,26.0739,83171661
7065,2000-01-07,25.6627,27.1554,25.6172,27.1554,61953626
7066,2000-01-10,28.3983,28.895,27.8609,28.3983,80832902
7067,2000-01-11,29.3128,30.593,29.2246,29.6831,159015878
7068,2000-01-12,30.1028,31.3829,29.5598,30.2226,146721754
7069,2000-01-13,30.6812,30.8074,29.5598,30.1399,114728567
7070,2000-01-14,32.6296,35.2816,32.5413,34.1221,277994449
7071,2000-01-18,33.2053,34.9912,33.2053,33.7918,153918655
7072,2000-01-19,33.4594,33.7918,33.0862,33.129,68694652
7073,2000-01-20,33.0425,33.3723,31.589,31.6743,105529383
7074,2000-01-21,31.8006,32.5413,31.6743,32.4245,83755072
7075,2000-01-24,33.8308,34.6988,32.5413,32.7093,112811609
7076,2000-01-25,32.9156,33.7045,32.2499,33.6237,77460275
7077,2000-01-26,33.3723,33.4985,31.9203,31.9677,74330061
7078,2000-01-27,32.9156,33.4985,31.6354,32.5042,92685321
7079,2000-01-28,32.2147,32.7093,30.8074,31.1369,81289678
7080,2000-01-31,31.0125,32.7975,30.7674,32.7549,103194537
7081,2000-02-01,32.5831,33.5783,32.004,33.5783,72438422
7082,2000-02-02,33.4594,34.0833,33.0019,33.129,78512522
7083,2000-02-03,33.6654,34.6605,33.3723,34.4936,84611044
7084,2000-02-04,34.5753,35.8591,34.5334,34.6988,84351443
7085,2000-02-07,34.7451,35.821,34.4936,35.7412,64536911
7086,2000-02-08,36.0253,36.4467,35.7802,36.0253,57324939
7087,2000-02-09,35.821,36.0744,34.617,34.6605,58213170
7088,2000-02-10,34.5753,35.821,34.1603,35.654,65636194
7089,2000-02-11,35.5286,36.0253,34.8647,35.0774,56917909
7090,2000-02-14,35.1981,36.403,34.9912,36.403,51819782
7091,2000-02-15,36.403,37.3982,34.8647,37.105,94629116
7092,2000-02-16,36.8968,37.3982,35.4496,35.4878,69421279
7093,2000-02-17,36.0744,37.2256,35.7412,36.4467,73370373
7094,2000-02-18,36.4467,36.6119,34.826,34.9048,75933765
7095,2000-02-22,34.7451,35.3643,33.6237,35.3643,69034752
7096,2000-02-23,34.8647,36.8162,34.5334,36.1116,61570115
7097,2000-02-24,37.2256,38.6003,36.521,37.8513,128663475
7098,2000-02-25,37.7332,38.2225,37.3527,37.5199,69796641
7099,2000-02-28,36.9824,37.9374,35.8591,37.2256,71489893
7100,2000-02-29,37.4789,38.3088,36.8542,37.4381,66955276
7101,2000-03-01,37.3982,38.7274,37.274,38.3953,61526398
7102,2000-03-02,38.2225,38.7646,37.8103,38.345,54978938
7103,2000-03-03,38.7646,39.6762,38.3088,39.5092,51685305
7104,2000-03-06,39.0998,39.3911,38.6394,38.8825,42258788
7105,2000-03-07,39.0126,39.7598,38.1425,38.345,60186510
7106,2000-03-08,38.474,38.5549,37.1894,38.0621,69935636
7107,2000-03-09,37.6462,39.2668,37.105,39.2175,57852270
7108,2000-03-10,39.0543,39.9658,38.8825,39.8006,65573482
7109,2000-03-13,39.343,41.5384,39.343,40.4227,101665918
7110,2000-03-14,41.129,41.5866,39.0126,39.0543,85604496
7111,2000-03-15,39.4275,40.7539,39.3003,39.8006,73711073
7112,2000-03-16,40.7977,41.4975,39.6345,41.4204,82872570
7113,2000-03-17,41.1653,43.0377,41.0473,42.9912,91734075
7114,2000-03-20,43.0377,45.479,43.0377,44.6946,98235404
7115,2000-03-21,44.6946,45.9757,44.404,45.8504,77231735
7116,2000-03-22,46.4721,48.1312,46.1835,47.719,80943547
7117,2000-03-23,47.1358,47.5964,46.1835,47.2224,68733545
7118,2000-03-24,46.3942,47.8387,45.5661,46.0638,70699653
7119,2000-03-27,46.2263,47.5964,46.0638,47.2622,53918246
7120,2000-03-28,46.5632,47.2224,44.7354,44.9387,67624013
7121,2000-03-29,45.1867,45.6052,43.5305,43.653,92449240
7122,2000-03-30,42.9523,44.1514,40.7539,42.0442,108008955
7123,2000-03-31,42.9123,44.6501,42.4528,43.7014,88102759
7124,2000-04-03,43.4878,44.0337,41.6239,43.2454,75483914
7125,2000-04-04,43.5305,44.3642,39.4275,43.9473,131669476
7126,2000-04-05,42.9912,44.3642,42.2885,42.9912,93619676
7127,2000-04-06,42.7868,43.5741,42.0442,42.9912,83115584
7128,2000-04-07,43.4878,45.3584,43.4878,45.3147,77421985
7129,2000-04-10,45.5179,46.0638,43.3207,43.4079,67610746
7130,2000-04-11,43.0377,44.4441,42.202,43.2836,80005877
7131,2000-04-12,43.0377,43.653,40.2972,40.3389,90706849
7132,2000-04-13,40.8357,42.7868,40.0067,40.0903,104643864
7133,2000-04-14,39.4693,40.0067,35.9021,36.6119,139898420
7134,2000-04-17,36.4467,40.7977,36.2787,40.7142,133978390
7135,2000-04-18,41.9173,43.37,41.4577,42.7054,148578114
7136,2000-04-19,41.5866,41.6239,39.3911,39.4275,131723742
7137,2000-04-20,39.0543,39.5479,38.1028,38.2225,69042893
7138,2000-04-24,36.7773,38.6003,36.5637,38.474,87918845
7139,2000-04-25,39.6345,41.4577,39.5926,41.3805,77399673
7140,2000-04-26,41.129,41.3805,39.9658,40.0067,71715721
7141,2000-04-27,38.9327,41.9173,38.7646,41.4975,92091957
7142,2000-04-28,42.3766,42.7434,41.6638,41.9952,66837991
7143,2000-05-01,42.3766,43.37,41.789,42.0815,63903454
7144,2000-05-02,41.6638,42.2487,40.0067,40.1319,66136996
7145,2000-05-03,39.8006,39.9658,38.3953,39.4275,88926470
7146,2000-05-04,39.343,39.9658,38.7646,39.5926,61785386
7147,2000-05-05,39.4275,41.0473,39.4275,40.8745,51583400
7148,2000-05-08,40.5051,40.6297,38.9327,38.9709,61714534
7149,2000-05-09,39.2175,39.5092,38.1028,38.7274,64904746
7150,2000-05-10,37.9374,38.6003,34.826,35.1174,146569490
7151,2000-05-11,35.4878,38.4323,35.2352,38.268,105929785
7152,2000-05-12,38.6394,39.5926,38.0173,38.1028,57933075
7153,2000-05-15,37.9374,39.1741,37.3527,39.1388,61967195
7154,2000-05-16,39.6762,40.7142,39.3003,40.3845,67036986
7155,2000-05-17,40.5423,41.5384,39.8777,40.7977,98807657
7156,2000-05-18,41.0473,41.9173,40.7977,41.0473,75589143
7157,2000-05-19,40.3845,40.9621,38.5131,39.0543,108493168
7158,2000-05-22,38.9327,39.2668,36.8968,39.2175,89319930
7159,2000-05-23,39.0126,39.7216,36.3567,36.403,75957577
7160,2000-05-24,36.3185,39.1388,36.2787,38.8825,113790894
7161,2000-05-25,39.3003,40.5051,37.607,38.1425,76112852
7162,2000-05-26,38.1028,39.7216,37.8883,38.9327,46508489
7163,2000-05-30,39.5092,41.712,39.4693,41.6638,62966077
7164,2000-05-31,41.8298,42.3766,41.2543,41.2905,81541133
7165,2000-06-01,41.789,43.0746,41.789,42.9523,69313337
7166,2000-06-02,43.9844,44.5694,43.7402,44.4441,64306865
7167,2000-06-05,43.9473,44.7354,43.447,43.9066,59058583
7168,2000-06-06,43.4878,44.7354,42.9123,42.9123,71494417
7169,2000-06-07,42.8242,42.8631,41.6239,42.7054,59929027
7170,2000-06-08,42.9523,43.5741,41.75,41.789,51849629
7171,2000-06-09,42.3766,42.412,41.5866,42.0815,41485735
7172,2000-06-12,42.3293,42.412,41.2905,41.4204,39115610
7173,2000-06-13,41.2543,43.653,41.129,43.5741,58984119
7174,2000-06-14,43.37,43.4878,41.75,41.8707,55791494
7175,2000-06-15,41.9952,43.0746,41.9173,42.4964,50367739
7176,2000-06-16,42.8242,42.9523,41.712,41.75,66460807
7177,2000-06-19,42.5308,45.2728,42.5308,45.234,92292158
7178,2000-06-20,45.0288,46.4721,45.0288,45.8085,88309593
7179,2000-06-21,45.1867,46.1399,45.0649,46.0638,49584430
7180,2000-06-22,45.7325,45.8504,44.404,44.404,44767598
7181,2000-06-23,44.8133,45.5661,44.4441,44.5247,45710406
7182,2000-06-26,44.9824,45.4419,43.9473,44.4441,45082067
7183,2000-06-27,44.3642,45.234,43.4878,43.5305,50306531
7184,2000-06-28,43.7014,44.9387,43.4079,43.8601,46178035
7185,2000-06-29,43.4079,44.5247,43.2454,43.653,71058743
7186,2000-06-30,43.37,44.4441,42.9523,44.2768,62458345
7187,2000-07-03,44.4441,45.3584,44.2768,45.3584,22739125
7188,2000-07-05,44.1099,44.5694,43.5305,43.6159,63323661
7189,2000-07-06,43.5741,45.3147,43.2454,45.2728,67696977
7190,2000-07-07,45.6443,46.3542,45.1095,46.1399,56210582
7191,2000-07-10,45.6443,46.3942,45.3954,45.6443,47259836
7192,2000-07-11,45.8085,46.8066,45.4419,45.9757,64494703
7193,2000-07-12,46.4721,47.1358,45.9757,46.7646,44960560
7194,2000-07-13,46.5113,48.0123,46.4721,47.4311,68103703
7195,2000-07-14,47.6801,48.7141,47.3858,48.589,56489474
7196,2000-07-17,48.5488,48.8358,47.8024,48.4626,70220260
7197,2000-07-18,47.9658,47.9658,46.8454,47.3858,76406518
7198,2000-07-19,48.0123,48.3863,45.7325,45.7714,108825429
7199,2000-07-20,46.023,47.4684,45.6889,47.2622,91187446
7200,2000-07-21,47.097,47.1358,45.7325,45.7714,48371174
7201,2000-07-24,45.7714,47.0571,45.6052,45.7325,60052648
7202,2000-07-25,45.9366,47.02,45.6052,46.6895,44657556
7203,2000-07-26,46.0638,46.4362,45.234,46.0638,70310408
7204,2000-07-27,45.8959,46.5113,45.0649,45.3954,59130647
7205,2000-07-28,45.7325,46.1835,42.6598,42.7868,83567537
7206,2000-07-31,43.37,44.7763,42.7434,44.2389,45935180
7207,2000-08-01,44.4441,44.6501,42.581,42.8242,37689646
7208,2000-08-02,43.2454,43.82,41.8707,41.956,50090047
7209,2000-08-03,40.9621,43.3207,40.0531,43.1193,52674392
7210,2000-08-04,43.8601,43.9066,40.7142,41.4577,52672283
7211,2000-08-07,41.4975,42.6598,40.5051,41.712,46181955
7212,2000-08-08,41.5866,41.9952,40.7539,40.8357,37537387
7213,2000-08-09,41.6638,42.9912,41.6638,42.123,45333974
7214,2000-08-10,41.8707,42.9523,41.0873,41.0873,25143014
7215,2000-08-11,41.0009,42.4964,40.2972,42.2885,33933668
7216,2000-08-14,42.7054,44.404,42.1622,44.3642,38690488
7217,2000-08-15,44.2768,45.5661,43.7402,44.9824,51955608
7218,2000-08-16,45.479,46.0638,44.7763,45.1095,37099306
7219,2000-08-17,45.3954,47.3858,45.3584,46.4362,61048362
7220,2000-08-18,47.0571,48.3428,46.5632,46.7646,53962567
7221,2000-08-21,48.1729,49.0873,46.7646,47.7626,69382529
7222,2000-08-22,48.0123,48.7949,47.8024,47.8024,47778570
7223,2000-08-23,47.3514,49.6266,46.8454,49.4586,54537531
7224,2000-08-24,49.4167,50.2458,48.3863,49.2144,35204955
7225,2000-08-25,48.9619,49.3407,48.1312,48.3428,31423038
7226,2000-08-28,48.5488,50.2458,48.3863,48.9619,64462293
7227,2000-08-29,48.589,49.6713,48.4626,49.0873,34707770
7228,2000-08-30,48.8812,49.2923,48.2165,48.7141,32819303
7229,2000-08-31,48.9619,50.1233,48.7949,49.6266,43010587
7230,2000-09-01,50.1233,50.1613,48.6768,49.0083,27620772
7231,2000-09-05,47.097,47.303,45.234,45.8959,88033113
7232,2000-09-06,45.1095,45.3954,43.0746,43.5305,93986161
7233,2000-09-07,44.1514,45.5179,43.9066,44.6946,52335045
7234,2000-09-08,44.5247,44.6946,43.0377,43.3207,44745895
7235,2000-09-11,43.447,44.3195,42.3766,42.8631,45991107
7236,2000-09-12,43.1193,44.3642,42.7868,43.0377,43714000
7237,2000-09-13,40.8745,41.956,40.0903,40.5896,105629483
7238,2000-09-14,41.4204,41.6638,39.2668,39.5092,76113459
7239,2000-09-15,39.5479,39.6762,37.5199,38.1028,114082908
7240,2000-09-18,38.6801,39.2668,36.7773,36.9824,76532396
7241,2000-09-19,37.8883,40.0903,37.6462,40.0067,88725216
7242,2000-09-20,40.5896,42.0815,40.0531,41.789,106032750
7243,2000-09-21,41.129,41.712,40.0067,40.7539,86097908
7244,2000-09-22,30.9689,32.7975,30.8074,31.7606,465423148
7245,2000-09-25,33.167,33.2488,29.6442,30.0554,196301210
7246,2000-09-26,30.7674,30.8074,28.3596,28.6917,169869722
7247,2000-09-27,29.5598,30.2616,28.7763,29.0611,121151968
7248,2000-09-28,29.2246,29.5188,28.8153,29.4399,100610350
7249,2000-09-29,29.0212,29.0611,27.4024,27.5287,110027223
7250,2000-10-02,28.4412,28.4412,26.4063,26.5726,100680751
7251,2000-10-03,27.6928,28.1543,26.5726,26.7004,122420380
7252,2000-10-04,27.1554,28.3167,26.9902,27.8201,96068191
7253,2000-10-05,27.899,28.0689,26.8258,27.1554,78500162
7254,2000-10-06,27.4024,27.9843,25.9978,26.4554,105126274
7255,2000-10-09,26.7869,26.8648,25.1669,25.8716,85242240
7256,2000-10-10,25.9485,26.6134,24.7956,24.8746,103842175
7257,2000-10-11,24.5005,25.2469,23.176,23.4236,184002717
7258,2000-10-12,24.585,25.4975,23.176,24.585,151072758
7259,2000-10-13,24.585,26.9902,24.4615,26.7386,121971600
7260,2000-10-16,25.9096,25.9485,23.4236,23.6289,138779098
7261,2000-10-17,24.0827,24.2509,23.176,23.9603,118554499
7262,2000-10-18,24.0086,26.3672,23.343,25.2875,25311255
7263,2000-10-19,27.8609,28.027,27.0701,27.78,96859190
7264,2000-10-20,27.5675,29.3935,27.4024,28.5246,90299821
7265,2000-10-23,28.935,29.8096,28.0689,28.6917,65948253
7266,2000-10-24,28.895,29.478,27.5675,27.8201,70758447
7267,2000-10-25,27.8201,28.8542,27.276,27.3643,80239084
7268,2000-10-26,27.8201,29.8096,27.6102,29.5959,76599932
7269,2000-10-27,30.3914,31.1369,29.725,30.718,75674162
7270,2000-10-30,30.4741,30.5548,29.0611,29.8096,74036094
7271,2000-10-31,30.2616,31.0979,29.5959,29.8096,84110398
7272,2000-11-01,29.3519,30.8443,29.2672,29.725,71840239
7273,2000-11-02,30.8074,31.7153,30.718,30.926,98760320
7274,2000-11-03,31.2566,31.3412,30.1807,30.4741,46889284
7275,2000-11-06,30.926,31.4282,30.7674,30.8844,37060106
7276,2000-11-07,31.0125,31.0514,30.0554,30.6394,31723034
7277,2000-11-08,30.6812,30.718,28.1543,28.3167,57397451
7278,2000-11-09,28.0689,28.1106,26.4944,27.4477,73664490
7279,2000-11-10,25.2059,25.8716,24.544,24.544,141827588
7280,2000-11-13,24.544,26.3672,23.8794,25.3331,122701986
7281,2000-11-14,26.8648,27.3643,26.1641,27.1554,73381682
7282,2000-11-15,27.6548,28.4412,27.0309,27.5287,63257785
7283,2000-11-16,27.3643,28.4838,26.3672,26.5323,59582751
7284,2000-11-17,26.6134,27.6928,26.2001,27.5287,61787347
7285,2000-11-20,27.1972,28.4838,26.9466,27.276,56525802
7286,2000-11-21,28.1543,28.7763,27.4904,28.2713,55416872
7287,2000-11-22,28.027,29.1075,27.2372,27.3206,55330042
7288,2000-11-24,28.3983,29.1873,27.8609,29.1486,31181536
7289,2000-11-27,30.1399,31.0125,29.0212,29.1486,79782912
7290,2000-11-28,28.6498,29.5959,27.8609,27.8609,74924923
7291,2000-11-29,28.1106,28.8542,27.1554,28.3596,92578736
7292,2000-11-30,25.5412,25.8307,24.4189,25.2469,119026655
7293,2000-12-01,25.5412,25.5412,22.4286,22.6326,1741788
7294,2000-12-04,23.2966,23.4236,21.2681,21.8483,124755992
7295,2000-12-05,22.968,24.2106,22.5528,23.8794,113171607
7296,2000-12-06,23.4236,23.4236,20.7298,21.0611,153785084
7297,2000-12-07,21.5179,22.058,20.8551,21.4307,102908715
7298,2000-12-08,23.0514,23.1359,21.89,22.5528,132693986
7299,2000-12-11,23.2966,25.3331,22.76,24.8364,110153853
7300,2000-12-12,24.5005,25.1271,24.1329,24.2106,72612993
7301,2000-12-13,25.0398,25.1271,23.343,23.5462,73446050
7302,2000-12-14,23.5878,24.2927,22.8833,23.2966,50815472
7303,2000-12-15,22.9251,23.0514,21.4307,21.5179,121873765
7304,2000-12-18,22.679,22.8833,21.4816,22.058,58124079
7305,2000-12-19,22.3877,24.0457,22.0954,22.1825,82510014
7306,2000-12-20,21.8483,22.6326,20.895,21.1874,95201067
7307,2000-12-21,21.2255,22.8461,20.9731,21.9671,77772932
7308,2000-12-22,22.3013,23.2174,21.2255,21.8483,68477723
7309,2000-12-26,21.9671,22.4748,21.2255,21.813,42868122
7310,2000-12-27,21.685,22.3478,21.4307,21.5993,50685072
7311,2000-12-28,21.3044,21.685,19.9426,20.5225,74380261
7312,2000-12-29,20.5225,20.8551,19.7747,19.9426,81486859
7313,2001-01-02,20.3585,21.1475,20.067,20.6072,75892906
7314,2001-01-03,19.9797,22.968,19.9797,22.679,118026575
7315,2001-01-04,22.5528,23.4692,21.685,22.3877,103670613
7316,2001-01-05,22.5956,22.968,21.0611,21.2681,67800239
7317,2001-01-08,20.895,21.4307,20.3119,21.1874,67945108
7318,2001-01-09,21.5551,21.8483,21.1475,21.3916,61528507
7319,2001-01-10,20.9731,22.1426,20.6425,21.89,77628667
7320,2001-01-11,21.4816,22.7201,21.2255,22.1426,97920333
7321,2001-01-12,22.2614,22.4286,21.0992,21.3044,77448070
7322,2001-01-16,21.3564,21.4816,20.5628,20.8161,90905088
7323,2001-01-17,21.89,21.931,19.9797,20.2332,11196952
7324,2001-01-18,20.5225,21.4307,19.9,21.3564,130601390
7325,2001-01-19,22.1426,22.968,21.4307,22.2614,122635051
7326,2001-01-22,21.685,22.4748,21.5551,22.1426,68978968
7327,2001-01-23,22.1825,23.7987,21.7258,23.4692,127466663
7328,2001-01-24,23.6724,24.585,23.343,24.0457,110921938
7329,2001-01-25,23.7558,23.9196,22.76,22.8833,69180676
7330,2001-01-26,22.6326,23.9196,22.3877,23.7987,72456969
7331,2001-01-29,23.3847,24.7956,23.0514,24.585,74008362
7332,2001-01-30,24.7956,25.3331,24.4189,24.544,91666837
7333,2001-01-31,24.7482,25.5781,24.2106,24.544,108381912
7334,2001-02-01,24.585,25.1669,24.2106,25.0825,75823712
7335,2001-02-02,24.9562,25.3331,23.5462,23.6724,71081356
7336,2001-02-05,23.2565,23.4236,22.3478,23.0088,59072304
7337,2001-02-06,22.9251,23.8407,22.8833,23.5101,60797055
7338,2001-02-07,23.2174,23.9196,22.4748,23.176,80121649
7339,2001-02-08,23.4692,23.9603,22.9251,22.968,64671080
7340,2001-02-09,22.76,23.5878,22.1825,22.2225,61645643
7341,2001-02-12,22.3478,23.343,22.3013,22.9251,45952214
7342,2001-02-13,22.6326,23.3847,21.4816,21.5179,63181348
7343,2001-02-14,21.5993,22.9251,21.1874,22.6326,71520196
7344,2001-02-15,23.5101,24.2106,23.2966,23.7558,87940401
7345,2001-02-16,23.0514,23.4236,22.3013,22.8035,62628239
7346,2001-02-20,22.5956,22.6326,20.8161,20.8551,78991318
7347,2001-02-21,20.5628,21.7258,20.2332,20.3954,77507007
7348,2001-02-22,20.5225,21.0231,19.65,19.9,88129448
7349,2001-02-23,20.1504,20.3954,18.9057,19.86,95730510
7350,2001-02-26,20.2711,20.3585,18.8638,19.5694,90949558
7351,2001-02-27,19.5694,20.4874,19.2362,19.2362,61437451
7352,2001-02-28,19.4897,20.0252,18.5725,18.9455,71517329
7353,2001-03-01,18.7387,19.4041,17.9523,19.3177,84105274
7354,2001-03-02,18.9057,20.6425,18.7387,19.4413,81313640
7355,2001-03-05,19.8211,20.3954,19.5694,20.1504,50109954
7356,2001-03-06,20.9731,21.813,20.8551,20.895,89530834
7357,2001-03-07,21.7258,22.3478,21.5551,21.8483,117125372
7358,2001-03-08,21.8483,22.3478,21.685,22.058,92726475
7359,2001-03-09,20.0252,20.3119,19.2362,19.5294,143584461
7360,2001-03-12,18.9057,19.4897,18.2819,18.4092,89724549
7361,2001-03-13,18.7387,19.4413,18.4092,19.4413,78394937
7362,2001-03-14,18.8267,19.8211,18.5725,19.2362,86601424
7363,2001-03-15,19.7344,19.86,18.8638,18.8638,61031326
7364,2001-03-16,18.8638,19.1989,18.3673,18.4953,88216732
7365,2001-03-19,18.2411,18.5725,16.8755,17.9523,115523936
7366,2001-03-20,18.1631,18.201,16.2897,16.3305,97155718
7367,2001-03-21,16.4161,17.7444,16.3305,16.9561,103671664
7368,2001-03-22,17.3275,19.1108,17.2467,19.0339,141760367
7369,2001-03-23,19.692,19.7344,18.3673,19.1108,127803744
7370,2001-03-26,19.5694,19.6056,18.4953,18.7794,97136568
7371,2001-03-27,18.8267,19.692,18.6132,19.4897,109538640
7372,2001-03-28,19.0339,19.4413,17.7842,17.8687,109771547
7373,2001-03-29,17.8317,18.2819,16.9952,17.6182,97770633
7374,2001-03-30,17.658,17.7444,16.7882,17.4519,71468337
7375,2001-04-02,17.2887,17.8317,16.6238,17.1207,67718683
7376,2001-04-03,16.7882,17.4965,16.504,16.5848,85886858
7377,2001-04-04,16.3797,16.6621,14.887,15.0078,126998731
7378,2001-04-05,16.0866,17.1207,16.0,16.9952,101721387
7379,2001-04-06,16.6238,16.7483,15.2555,15.6658,111476703
7380,2001-04-09,15.7151,16.0464,14.7599,15.3826,91237341
7381,2001-04-10,15.589,16.6621,15.508,16.4161,84165872
7382,2001-04-11,18.4953,18.8267,18.0348,18.2411,137675732
7383,2001-04-12,18.201,18.9057,17.4519,18.6533,81434248
7384,2001-04-16,17.7444,17.9098,16.9134,17.4519,89397868
7385,2001-04-17,16.7483,17.7444,16.7122,17.2887,110718870
7386,2001-04-18,19.4041,21.3564,18.9827,20.7298,233399921
7387,2001-04-19,20.4392,21.5551,20.1921,21.5551,129453267
7388,2001-04-20,21.2255,21.5993,20.7298,21.5179,94025656
7389,2001-04-23,20.6072,20.7687,19.65,20.1061,88184615
7390,2001-04-24,19.86,20.6072,19.1573,19.3177,74902768
7391,2001-04-25,19.2362,19.4897,18.2411,19.2362,97424351
7392,2001-04-26,20.067,20.1504,18.9827,18.9827,80475005
7393,2001-04-27,19.65,20.067,19.277,20.0252,64586813
7394,2001-04-30,20.4874,20.9731,20.2332,20.5225,62210808
7395,2001-05-01,20.3954,20.8551,19.9797,20.688,56097970
7396,2001-05-02,21.1475,21.5551,20.688,21.1874,67875009
7397,2001-05-03,20.6425,20.688,19.9797,20.1504,55901392
7398,2001-05-04,19.8211,20.6072,19.4413,20.4874,53356547
7399,2001-05-07,20.6072,21.0231,20.1061,20.688,50720947
7400,2001-05-08,20.895,21.0992,20.4874,20.895,62548947
7401,2001-05-09,20.5628,20.5628,19.4413,19.86,89856455
7402,2001-05-10,20.2332,20.2711,19.1573,19.2362,73609916
7403,2001-05-11,19.2362,19.4041,18.4442,18.5342,71630995
7404,2001-05-14,18.6132,18.6533,17.7045,18.201,63301954
7405,2001-05-15,18.3208,18.6533,17.8687,18.0348,71317438
7406,2001-05-16,17.9098,18.9057,17.5789,18.8267,88088437
7407,2001-05-17,19.0717,19.3625,18.5725,18.9827,84580894
7408,2001-05-18,18.9057,19.3177,18.5725,19.0717,52240979
7409,2001-05-21,18.8267,19.9,18.7015,19.8211,65311778
7410,2001-05-22,20.0252,20.1921,19.4897,19.5694,58258548
7411,2001-05-23,19.4897,20.067,18.9455,19.1108,79268543
7412,2001-05-24,19.1108,19.4897,18.6533,19.3625,70582067
7413,2001-05-25,19.5294,19.6056,19.0339,19.3177,43980832
7414,2001-05-29,19.1989,19.2362,18.4092,18.4953,56984239
7415,2001-05-30,18.1163,18.3673,17.4965,17.658,69210378
7416,2001-05-31,17.9098,18.2819,17.7842,17.9098,55533102
7417,2001-06-01,18.0778,19.277,18.0348,19.0717,86637754
7418,2001-06-04,19.3177,19.5694,18.6132,18.9057,56962374
7419,2001-06-05,19.1573,19.86,19.1573,19.7344,77660625
7420,2001-06-06,19.5294,20.3585,19.277,19.7747,108325535
7421,2001-06-07,19.7344,20.7298,19.692,20.688,108910911
7422,2001-06-08,21.1475,21.2255,19.9,20.3585,98470879
7423,2001-06-11,20.0252,20.2332,19.5294,20.1061,60569877
7424,2001-06-12,19.692,20.0252,19.2362,19.9797,81124001
7425,2001-06-13,19.8211,19.9797,19.2362,19.277,60873937
7426,2001-06-14,18.9455,19.3177,18.2819,18.3208,62294175
7427,2001-06-15,18.1163,18.7794,17.9903,18.3673,79917381
7428,2001-06-18,18.4953,18.9455,18.201,18.2819,41010412
7429,2001-06-19,18.9057,19.1108,17.3275,17.7045,90753433
7430,2001-06-20,17.4519,18.3673,17.4148,18.2411,64707112
7431,2001-06-21,18.1631,18.6132,17.8687,18.0778,65636344
7432,2001-06-22,18.2411,18.7794,18.0778,18.2411,45780209
7433,2001-06-25,18.5725,19.0339,18.2411,18.9455,42504511
7434,2001-06-26,18.6132,19.277,18.5725,19.2362,51014914
7435,2001-06-27,19.2362,19.3625,18.8267,18.9827,50852108
7436,2001-06-28,19.4041,20.2332,19.3625,19.65,80367379
7437,2001-06-29,19.7747,20.3954,19.0717,19.4041,66195784
7438,2001-07-02,19.6056,20.2711,19.3625,19.9426,57903525
7439,2001-07-03,19.86,20.3585,19.65,20.1921,33354324
7440,2001-07-05,19.9426,20.5628,19.7747,19.7747,53695286
7441,2001-07-06,19.3177,19.8211,18.7794,18.8638,56126006
7442,2001-07-09,18.9057,19.5294,18.6533,19.1573,45428045
7443,2001-07-10,19.4041,19.4897,18.201,18.4442,62204023
7444,2001-07-11,18.3208,18.9057,17.9098,18.6132,74922970
7445,2001-07-12,19.4897,20.0252,19.277,19.9797,73249170
7446,2001-07-13,19.9,20.1504,19.4041,20.0252,64517920
7447,2001-07-16,19.9,20.3954,19.0717,19.3177,98765293
7448,2001-07-17,18.9455,19.9,18.6132,19.8211,152939670
7449,2001-07-18,19.1573,19.9797,18.9057,19.1573,107710919
7450,2001-07-19,19.6056,20.067,19.5294,19.86,79570496
7451,2001-07-20,19.5294,19.9,19.1989,19.86,76048180
7452,2001-07-23,19.9,20.067,19.1989,19.2362,51316418
7453,2001-07-24,19.0339,19.6056,18.8638,19.1573,57170422
7454,2001-07-25,19.2362,19.5694,18.7015,19.5294,53252678
7455,2001-07-26,19.3177,19.8211,19.1108,19.7344,69550020
7456,2001-07-27,19.65,19.8211,19.2362,19.4041,53472319
7457,2001-07-30,19.5694,19.7344,19.1108,19.277,45970604
7458,2001-07-31,19.3625,20.1921,19.2362,19.7747,74274883
7459,2001-08-01,20.3119,20.5628,20.067,20.3954,67676472
7460,2001-08-02,20.8551,21.3916,20.7687,21.3044,111642978
7461,2001-08-03,21.2681,21.2681,20.7298,21.0231,53750008
7462,2001-08-06,20.1921,20.3585,19.9426,20.067,81355860
7463,2001-08-07,19.86,20.5628,19.7344,20.3119,65809709
7464,2001-08-08,20.1504,20.688,19.4897,19.65,73574640
7465,2001-08-09,19.5694,19.9,19.3625,19.65,53745485
7466,2001-08-10,19.5694,20.0252,19.2362,19.86,50825719
7467,2001-08-13,20.3585,20.3954,19.9426,20.2711,46462355
7468,2001-08-14,20.3585,20.4874,20.067,20.1504,41431765
7469,2001-08-15,20.067,20.3954,19.692,19.7344,50273366
7470,2001-08-16,19.5294,20.0252,19.277,20.0252,58238348
7471,2001-08-17,19.3625,19.4897,18.4442,18.6132,90932372
7472,2001-08-20,18.6132,19.0339,18.4953,18.7015,54750398
7473,2001-08-21,17.9523,18.9057,17.9523,17.9523,52576255
7474,2001-08-22,18.2819,18.5725,17.9098,18.5342,63787071
7475,2001-08-23,18.4953,18.8267,18.3208,18.3673,48151835
7476,2001-08-24,18.6132,19.3177,18.4953,19.277,58513015
7477,2001-08-27,19.2362,19.8211,18.9827,19.3177,42080297
7478,2001-08-28,19.4041,19.692,18.8638,18.9057,82479408
7479,2001-08-29,19.1573,19.1989,18.4092,18.6533,56231081
7480,2001-08-30,18.2411,18.4442,17.8317,17.9903,66652264
7481,2001-08-31,17.9098,18.6533,17.9098,18.5342,57380869
7482,2001-09-04,18.2819,18.6132,17.8317,17.8317,81383142
7483,2001-09-05,17.8687,18.3673,17.4519,18.2411,107350011
7484,2001-09-06,17.7444,18.3208,17.1207,17.3275,120963368
7485,2001-09-07,17.3712,17.9098,17.0834,17.168,109479539
7486,2001-09-10,16.9134,17.4519,16.8755,17.2887,77276812
7487,2001-09-17,16.0866,16.5848,15.589,15.6288,124105042
7488,2001-09-18,15.8413,16.2506,15.3826,15.589,83730653
7489,2001-09-19,15.6288,15.7151,13.8017,14.7599,130033815
7490,2001-09-20,14.2226,14.7599,13.5985,13.7249,104315073
7491,2001-09-21,12.6026,13.7648,12.5626,12.8085,175395981
7492,2001-09-24,13.2664,14.4285,12.933,14.1349,118502353
7493,2001-09-25,14.3003,14.5548,13.8017,14.3867,98518507
7494,2001-09-26,14.4675,14.512,13.7648,13.852,72434052
7495,2001-09-27,13.8921,14.1804,12.9777,13.6401,87947031
7496,2001-09-28,13.7648,14.6753,13.346,13.5586,107050172
7497,2001-10-01,13.3934,13.4353,13.061,13.2664,65914937
7498,2001-10-02,13.2664,13.3082,12.856,12.9777,77959114
7499,2001-10-03,12.8085,14.3421,12.6436,14.0952,113595818
7500,2001-10-04,14.4285,14.9652,13.9281,14.3003,100750393
7501,2001-10-05,14.2652,14.6337,13.6401,14.5548,73785242
7502,2001-10-08,14.1804,14.9231,14.0952,14.7599,55514862
7503,2001-10-09,14.6337,14.7599,14.0116,14.2226,63668128
7504,2001-10-10,14.2226,15.3826,14.1804,15.3003,79065779
7505,2001-10-11,15.508,16.3797,15.508,16.2506,114030450
7506,2001-10-12,16.1234,16.6694,15.9935,16.5988,97605110
7507,2001-10-15,16.2443,16.2645,15.6735,16.1746,66908688
7508,2001-10-16,16.2721,16.6481,16.0326,16.558,79370304
7509,2001-10-17,17.3377,17.4011,16.2506,16.297,137558753
7510,2001-10-18,16.3175,16.4161,15.7225,15.9535,74930353
7511,2001-10-19,15.9129,16.2897,15.6604,16.0206,63543759
7512,2001-10-22,16.0,16.829,15.7605,16.7808,69388712
7513,2001-10-23,16.8634,17.2467,16.5097,16.5848,63039041
7514,2001-10-24,16.7122,17.2014,16.5375,16.9004,61868155
7515,2001-10-25,16.5848,17.3925,16.1234,17.3154,84914052
7516,2001-10-26,17.2524,17.5789,16.9497,17.1539,68561988
7517,2001-10-29,16.9822,17.1763,16.0326,16.04,69460924
7518,2001-10-30,15.7671,16.2581,15.417,15.6175,79184276
7519,2001-10-31,15.8738,16.7742,15.5499,16.1997,96673007
7520,2001-11-01,16.2721,17.2254,16.0866,17.2051,81056306
7521,2001-11-02,17.2124,17.7312,16.9134,17.4483,74421418
7522,2001-11-05,17.7444,18.0972,17.6755,17.8827,62808235
7523,2001-11-06,17.7713,18.7579,17.7118,18.7387,95032225
7524,2001-11-07,18.5149,19.2908,18.4092,18.7646,89858273
7525,2001-11-08,19.1497,19.5825,18.527,18.7579,97045216
7526,2001-11-09,18.6939,18.7739,18.3069,18.4953,61493532
7527,2001-11-12,18.3144,19.0829,17.7572,18.8267,72178977
7528,2001-11-13,19.277,19.9426,19.2046,19.9342,102120439
7529,2001-11-14,20.2136,20.9535,19.834,20.7743,117589245
7530,2001-11-15,20.4447,20.8819,20.2071,20.4169,86719913
7531,2001-11-16,20.3167,20.5284,19.9992,20.3167,59755815
7532,2001-11-19,20.4392,20.7622,19.8403,20.5562,72073153
7533,2001-11-20,20.3725,20.4243,19.7867,19.8656,62218801
7534,2001-11-21,19.5954,20.4577,19.5527,20.4392,83329346
7535,2001-11-23,20.284,20.7298,20.1134,20.6072,26527063
7536,2001-11-26,20.8485,21.3044,20.6072,21.1411,80235011
7537,2001-11-27,20.9024,21.8818,20.4957,21.4307,121780297
7538,2001-11-28,21.1743,21.592,20.9674,21.0678,91984470
7539,2001-11-29,21.2208,21.5066,20.6694,21.4363,69122785
7540,2001-11-30,21.3806,21.8308,21.0231,21.6654,63046430
7541,2001-12-03,21.4176,21.813,21.2078,21.2543,64706362
7542,2001-12-04,21.3638,21.8233,21.1195,21.8001,66647138
7543,2001-12-05,21.931,23.1191,21.918,22.9604,113595220
7544,2001-12-06,22.8833,23.0728,22.3877,22.6568,87744572
7545,2001-12-07,22.6568,22.8833,21.7258,22.0497,89367868
7546,2001-12-10,21.8176,22.3013,21.7917,21.8551,62614372
7547,2001-12-11,22.1213,22.6457,21.9254,22.0154,69931124
7548,2001-12-12,22.0822,22.6457,21.9625,22.6068,75453916
7549,2001-12-13,22.0775,22.3692,21.5551,21.6061,75064825
7550,2001-12-14,21.62,22.4088,21.4047,22.0702,69585294
7551,2001-12-17,21.9562,22.6141,21.89,22.5344,57853473
7552,2001-12-18,22.6522,22.8174,22.1287,22.4286,59800284
7553,2001-12-19,22.1082,22.528,21.918,21.9254,60242588
7554,2001-12-20,21.8001,22.022,21.1123,21.2153,73760222
7555,2001-12-21,21.3758,21.7176,21.2078,21.5021,87227193
7556,2001-12-24,21.3322,21.4947,21.2255,21.2385,13080747
7557,2001-12-26,21.2607,21.9671,21.2385,21.4176,34867420
7558,2001-12-27,21.5021,21.8753,21.4659,21.6691,33667285
7559,2001-12-28,21.8483,22.0954,21.3044,21.386,41575733
7560,2001-12-31,21.3257,21.5021,20.8356,20.8616,42246579
7561,2002-01-02,21.1624,21.89,21.0511,21.89,63412755
7562,2002-01-03,22.2225,23.6289,22.1566,23.5611,137690665
7563,2002-01-04,24.0142,24.1133,23.4283,23.7432,98035201
7564,2002-01-07,23.8923,24.0457,23.2304,23.3957,73536498
7565,2002-01-08,23.4386,23.8638,23.184,23.6029,53724377
7566,2002-01-09,23.857,24.3955,23.2372,23.4552,89000642
7567,2002-01-10,23.5045,23.5285,22.8833,22.9846,77873032
7568,2002-01-11,23.0977,23.2891,22.7255,22.9177,59516121
7569,2002-01-14,22.7534,23.343,22.6216,23.1118,87816482
7570,2002-01-15,23.176,23.2064,22.6216,23.0031,82351421
7571,2002-01-16,22.528,22.9455,22.3413,22.3626,114958157
7572,2002-01-17,22.5882,23.0514,22.2875,22.9039,76108931
7573,2002-01-18,22.2549,22.7534,21.996,22.2085,77977050
7574,2002-01-22,22.2549,22.2791,20.9347,21.0285,79801754
7575,2002-01-23,21.0008,21.6311,20.9731,21.5254,74515940
7576,2002-01-24,21.8362,22.2875,21.5993,22.022,79788635
7577,2002-01-25,21.8066,22.6568,21.7258,22.3413,53801708
7578,2002-01-28,22.4404,22.76,22.1018,22.4981,45081467
7579,2002-01-29,22.4806,22.7534,21.5551,21.6785,67376027
7580,2002-01-30,21.8066,22.4806,21.5326,22.4611,70860961
7581,2002-01-31,22.9604,23.3188,22.7655,23.2454,91403471
7582,2002-02-01,23.0977,23.2602,22.5956,22.9967,59354510
7583,2002-02-04,22.9744,22.9744,22.3282,22.5409,58176840
7584,2002-02-05,22.423,22.8101,22.1621,22.423,61592876
7585,2002-02-06,22.4017,22.423,21.5782,21.8362,77900170
7586,2002-02-07,21.7555,22.2141,21.2904,21.4307,70256290
7587,2002-02-08,21.5616,21.6246,20.8161,21.5699,91542468
7588,2002-02-11,21.386,22.3068,21.3044,22.2688,56760678
7589,2002-02-12,21.9625,22.2085,21.6517,21.8686,56038269
7590,2002-02-13,22.022,22.3551,21.931,22.1426,55257227
7591,2002-02-14,22.3068,22.7869,22.0954,22.1147,67452605
7592,2002-02-15,22.1677,22.3348,21.1948,21.4176,71706979
7593,2002-02-19,21.0555,21.3395,20.6824,20.7882,66668694
7594,2002-02-20,20.895,20.9535,19.8656,20.8551,95427343
7595,2002-02-21,20.1262,20.352,19.5527,19.5527,115183241
7596,2002-02-22,19.5758,19.9658,19.3485,19.5879,84522400
7597,2002-02-25,19.7403,20.9024,19.6585,20.5784,78994028
7598,2002-02-26,20.7298,20.8551,19.7344,19.9128,92826276
7599,2002-02-27,20.2647,20.6101,19.4209,19.8275,87007092
7600,2002-02-28,19.9714,19.9992,18.9057,18.9391,97167027
7601,2002-03-01,19.2964,20.571,19.2362,20.5478,88496066
7602,2002-03-04,20.5284,21.1475,19.8211,21.1268,86540518
7603,2002-03-05,21.5616,22.0822,21.4947,21.6915,102568012
7604,2002-03-06,21.7852,21.9438,21.3126,21.8614,67686275
7605,2002-03-07,22.2299,22.2948,21.2543,21.8753,83212367
7606,2002-03-08,22.0154,22.7201,21.7852,22.6653,105867069
7607,2002-03-11,22.4341,22.6068,21.996,22.1677,60663493
7608,2002-03-12,21.5393,21.905,21.4307,21.8818,56789316
7609,2002-03-13,21.2327,21.2681,20.5997,20.7882,85266815
7610,2002-03-14,20.7363,20.9933,20.4327,20.5422,58928488
7611,2002-03-15,20.48,21.1268,20.4327,21.0555,74946939
7612,2002-03-18,21.18,21.3916,20.7232,20.9731,49525784
7613,2002-03-19,21.0371,21.3322,20.7363,21.0445,50171302
7614,2002-03-20,20.284,20.3725,19.9128,20.2516,75937232
7615,2002-03-21,20.2907,20.8893,20.2071,20.8292,55596869
7616,2002-03-22,20.6296,20.7039,20.2071,20.2907,50617685
7617,2002-03-25,20.3658,20.5422,19.8739,19.9,64177823
7618,2002-03-26,19.9063,20.5934,19.8656,20.4103,56630877
7619,2002-03-27,20.2136,20.2332,19.8656,20.1709,57329157
7620,2002-03-28,20.4392,20.7298,20.1504,20.1709,50404970
7621,2002-04-01,19.9938,20.8616,19.9202,20.6769,49139558
7622,2002-04-02,20.284,20.4957,19.9128,19.9202,57060972
7623,2002-04-03,19.9546,20.0946,19.4897,19.8144,64461087
7624,2002-04-04,19.9342,20.352,19.8656,20.2907,65955190
7625,2002-04-05,20.352,20.3658,19.7689,19.9342,49382875
7626,2002-04-08,19.2629,19.9276,18.9057,19.8533,68212093
7627,2002-04-09,19.8403,20.0605,18.8454,18.8795,93472543
7628,2002-04-10,19.0049,19.4969,18.578,19.4078,91305940
7629,2002-04-11,19.123,19.5294,18.5725,19.1989,63184967
7630,2002-04-12,19.3345,19.3345,18.6198,18.834,58958942
7631,2002-04-15,18.7144,19.0522,18.4156,18.6467,63338587
7632,2002-04-16,19.2908,19.7689,19.2231,19.5758,92267431
7633,2002-04-17,20.6963,20.7502,20.1061,20.3243,95915481
7634,2002-04-18,20.2573,20.5225,19.8078,20.1987,68553396
7635,2002-04-19,20.4447,20.4652,19.9426,19.9658,53074786
7636,2002-04-22,19.86,20.0455,19.5879,19.9426,51365563
7637,2002-04-23,20.0113,20.1262,19.4812,19.5954,63679887
7638,2002-04-24,19.6762,19.8924,19.1573,19.1795,57638651
7639,2002-04-25,19.0124,19.5527,18.6874,19.2964,75180307
7640,2002-04-26,19.523,19.5423,18.6392,18.6533,59327523
7641,2002-04-29,18.6874,18.8713,18.2492,18.5984,61372628
7642,2002-04-30,18.578,19.4041,18.5083,18.9752,67922652
7643,2002-05-01,18.9513,19.2686,18.2707,18.9892,69368364
7644,2002-05-02,18.9131,19.3836,18.4219,18.4878,63038133
7645,2002-05-03,18.4749,18.5428,17.5727,17.6182,76821239
7646,2002-05-06,17.5789,17.9098,17.0834,17.1018,66730807
7647,2002-05-07,17.3443,17.8966,16.9561,17.3443,84347532
7648,2002-05-08,18.0711,19.277,17.9588,19.2231,87680503
7649,2002-05-09,19.0049,19.1377,18.4379,18.7329,62358398
7650,2002-05-10,18.8795,18.9752,17.8557,17.917,66441359
7651,2002-05-13,18.0416,18.9455,17.9839,18.9187,61347754
7652,2002-05-14,19.846,20.133,19.4812,19.9992,86078462
7653,2002-05-15,19.6871,20.5628,19.5694,20.0605,80592751
7654,2002-05-16,20.0455,20.4243,19.8403,20.4103,56218720
7655,2002-05-17,20.5628,20.8041,20.299,20.6963,80193403
7656,2002-05-20,20.299,20.4327,19.846,20.0252,56135503
7657,2002-05-21,20.0316,20.1262,19.2176,19.2844,72446564
7658,2002-05-22,19.1795,19.6809,19.0466,19.6271,61861217
7659,2002-05-23,19.6704,19.7689,18.8638,19.4969,63809080
7660,2002-05-24,19.096,19.2362,18.8417,19.0124,39270734
7661,2002-05-28,18.9455,18.9827,18.3543,18.8035,64645309
7662,2002-05-29,18.4953,18.5657,18.0778,18.0896,53070870
7663,2002-05-30,17.917,18.3823,17.646,18.1909,61781619
7664,2002-05-31,18.5214,18.8565,18.1853,18.3208,58061814
7665,2002-06-03,18.1946,18.3885,17.5401,17.658,52473745
7666,2002-06-04,17.4011,18.2568,17.3925,18.2411,73741976
7667,2002-06-05,18.3069,18.7061,17.8373,18.6939,62402113
7668,2002-06-06,18.2411,18.2947,17.7118,17.9098,71080304
7669,2002-06-07,14.8164,15.0912,14.3941,14.5928,228501521
7670,2002-06-10,14.7801,14.7858,13.9281,13.9754,102285502
7671,2002-06-11,14.2226,14.5195,13.3852,13.4157,105163214
7672,2002-06-12,13.3378,14.3272,13.2664,14.3143,115842329
7673,2002-06-13,14.3348,14.5723,13.9281,14.0053,74418705
7674,2002-06-14,13.6319,14.1804,13.3082,14.1157,75994214
7675,2002-06-17,14.369,14.9734,14.163,14.9652,79889190
7676,2002-06-18,14.6875,15.2501,14.5993,14.6075,78326950
7677,2002-06-19,13.905,14.0691,13.2801,13.3255,96275024
7678,2002-06-20,13.346,13.6635,12.7491,12.7641,115182795
7679,2002-06-21,12.6583,13.0269,12.2052,12.4253,121845425
7680,2002-06-24,12.2165,13.2385,12.1988,12.8206,105869334
7681,2002-06-25,13.1269,13.2522,12.1421,12.1533,102133395
7682,2002-06-26,11.6064,12.5301,11.5749,12.3453,128194038
7683,2002-06-27,12.5384,12.5766,11.8516,12.3695,109203057
7684,2002-06-28,12.4093,12.8151,12.0141,12.12,97816462
7685,2002-07-01,12.1699,12.453,11.599,11.636,73524598
7686,2002-07-02,11.5814,11.8144,10.9187,10.9902,117088900
7687,2002-07-03,10.7941,11.795,10.7858,11.7773,95430058
7688,2002-07-05,12.4031,13.0055,12.339,12.9627,51481639
7689,2002-07-08,12.777,12.9886,11.9854,12.2721,86919205
7690,2002-07-09,12.1262,12.2413,11.7837,11.9156,80260947
7691,2002-07-10,12.1152,12.1262,11.1226,11.1488,111282825
7692,2002-07-11,11.1053,12.1421,10.9594,12.1068,136399166
7693,2002-07-12,12.4706,12.5301,11.7467,11.9331,112894979
7694,2002-07-15,11.9666,12.7018,11.561,12.6832,120418254
7695,2002-07-16,12.312,12.9024,12.0354,12.1782,144264044
7696,2002-07-17,12.8031,13.1874,12.4772,12.8968,144065502
7697,2002-07-18,12.777,13.1002,12.6026,12.7269,85413045
7698,2002-07-19,12.4031,12.9081,12.2721,12.3695,93555914
7699,2002-07-22,12.2545,12.7343,12.1068,12.1152,116951789
7700,2002-07-23,12.2052,12.4318,11.7837,11.8144,106966168
7701,2002-07-24,11.4412,12.4167,11.2946,12.4031,125454431
7702,2002-07-25,12.1152,12.4167,11.3428,11.5937,121741552
7703,2002-07-26,11.7281,12.0699,11.29,11.8144,85905251
7704,2002-07-29,12.1699,12.5384,11.9397,12.5301,83194568
7705,2002-07-30,12.3193,12.6786,12.1068,12.583,91051744
7706,2002-07-31,12.5488,12.583,11.9453,12.4633,80352499
7707,2002-08-01,12.4167,12.5061,11.5814,11.6501,83175691
7708,2002-08-02,11.6426,11.7467,10.9594,11.0877,83861973
7709,2002-08-05,11.067,11.2816,10.4942,10.5344,90074426
7710,2002-08-06,10.8109,11.8962,10.7257,11.3631,125611537
7711,2002-08-07,11.9268,12.0401,11.0291,11.7532,107311399
7712,2002-08-08,11.663,12.2165,11.2946,12.1923,91995649
7713,2002-08-09,11.8877,12.1152,11.6874,11.8468,68693890
7714,2002-08-12,11.4089,11.6827,11.276,11.6288,53504440
7715,2002-08-13,11.5351,11.9331,11.0737,11.0811,73449266
7716,2002-08-14,11.224,12.1533,11.093,12.1329,82765380
7717,2002-08-15,12.1699,12.4706,11.9528,12.3453,77047107
7718,2002-08-16,11.9778,12.6166,11.9268,12.4383,82595135
7719,2002-08-19,12.3453,13.0194,12.2331,12.9081,78494253
7720,2002-08-20,12.7195,12.8151,12.4383,12.583,68824898
7721,2002-08-21,12.7491,13.0482,12.4706,12.9777,86993650
7722,2002-08-22,12.8893,12.933,12.5301,12.7018,83973704
7723,2002-08-23,12.4977,12.4977,11.8655,11.9156,72560942
7724,2002-08-26,12.0055,12.0854,11.6827,12.0297,69308454
7725,2002-08-27,11.8812,11.9156,11.3791,11.3995,91307191
7726,2002-08-28,11.3503,11.5685,11.1226,11.17,84017625
7727,2002-08-29,10.9975,11.5749,10.9529,11.3716,74134803
7728,2002-08-30,11.2063,11.3308,11.0448,11.0595,49532283
7729,2002-09-03,10.9269,10.9457,10.512,10.5193,85980459
7730,2002-09-04,10.4879,10.7257,10.3374,10.6856,99949453
7731,2002-09-05,10.4879,10.499,9.96986,10.0255,126954185
7732,2002-09-06,10.8777,10.9779,10.6856,10.7598,116734719
7733,2002-09-09,10.6346,10.8389,10.4052,10.6661,76526937
7734,2002-09-10,10.7404,11.0364,10.6782,10.9269,86422073
7735,2002-09-11,11.0986,11.3029,10.9975,11.0225,69198986
7736,2002-09-12,10.8519,10.8658,10.3932,10.4127,73316182
7737,2002-09-13,10.4127,10.7451,10.3747,10.6346,67285399
7738,2002-09-16,10.6067,10.7058,10.3097,10.4127,61965756
7739,2002-09-17,10.72,10.8453,10.2809,10.3311,83603928
7740,2002-09-18,10.0953,10.3784,9.95038,10.1369,77982494
7741,2002-09-19,9.9625,10.3171,9.88175,9.93665,84826655
7742,2002-09-20,10.0255,10.0672,9.83062,9.88175,115665675
7743,2002-09-23,9.76564,9.7675,9.35352,9.37207,93737586
7744,2002-09-24,9.28666,9.95038,9.21982,9.50948,125807898
7745,2002-09-25,9.67181,10.2744,9.28666,10.084,109507114
7746,2002-09-26,10.3599,10.4052,9.7675,10.0449,108997272
7747,2002-09-27,9.94303,10.1427,9.61155,9.69889,97850166
7748,2002-09-30,9.45374,9.4797,9.07036,9.21516,114956710
7749,2002-10-01,9.31915,9.74981,9.18547,9.73129,103067534
7750,2002-10-02,9.79805,10.0906,9.44634,9.48804,118286261
7751,2002-10-03,9.4797,9.67933,9.15392,9.17897,92413166
7752,2002-10-04,9.38783,9.50483,9.01466,9.0945,98813431
7753,2002-10-07,9.10657,9.45843,9.04902,9.16876,84719541
7754,2002-10-08,9.3145,9.34607,8.68087,8.76895,128433289
7755,2002-10-09,8.62645,9.16133,8.59062,8.92833,122873341
7756,2002-10-10,8.94782,9.56697,8.78926,9.40546,125140463
7757,2002-10-11,9.54474,10.1174,9.38783,10.0953,117387723
7758,2002-10-14,9.88906,10.0757,9.68578,10.0181,72272112
7759,2002-10-15,10.5789,10.9779,10.0304,10.9594,156401162
7760,2002-10-16,9.36557,9.36557,8.90048,8.98125,233878253
7761,2002-10-17,9.43151,9.48804,9.22818,9.43891,155823305
7762,2002-10-18,9.45843,9.61798,9.07965,9.59307,110789854
7763,2002-10-21,9.43891,10.3023,9.38783,10.2466,132802488
7764,2002-10-22,9.85192,10.2614,9.77501,10.0304,110663036
7765,2002-10-23,9.99857,10.7978,9.9625,10.72,138485354
7766,2002-10-24,10.8389,11.0523,10.3311,10.3682,129919638
7767,2002-10-25,10.398,11.0087,10.3431,11.0038,105288860
7768,2002-10-28,11.3716,11.4617,10.9716,11.1488,129369265
7769,2002-10-29,11.0811,11.2325,10.6486,10.8777,118651075
7770,2002-10-30,10.9975,11.5295,10.8723,11.2693,121579479
7771,2002-10-31,11.3503,11.6148,11.1619,11.4746,115248353
7772,2002-11-01,11.3503,12.26,11.2194,12.1421,128301394
7773,2002-11-04,12.5179,12.7566,12.2248,12.453,122030649
7774,2002-11-05,12.1782,12.453,11.7467,12.1699,108403178
7775,2002-11-06,12.2638,12.7566,12.0992,12.7018,122266564
7776,2002-11-07,12.3909,12.6583,12.0699,12.2331,100355905
7777,2002-11-08,12.1857,12.5228,11.9731,12.0401,76872940
7778,2002-11-11,11.9156,12.0485,11.4542,11.5043,61734783
7779,2002-11-12,11.6213,12.1484,11.6064,11.7996,82628496
7780,2002-11-13,11.6874,12.092,11.6288,12.0214,99018585
7781,2002-11-14,12.5228,12.7974,12.339,12.7417,97183219
7782,2002-11-15,12.26,12.5488,12.0055,12.4706,110903026
7783,2002-11-18,12.6657,12.7195,12.26,12.3055,79775929
7784,2002-11-19,12.1484,12.3258,11.9453,12.0401,77761045
7785,2002-11-20,12.0854,12.7138,11.9992,12.7018,98566364
7786,2002-11-21,12.8688,13.5124,12.8337,13.4082,137275924
7787,2002-11-22,13.14,13.5262,13.0055,13.3006,89938400
7788,2002-11-25,13.3006,13.6401,13.2022,13.5845,81082207
7789,2002-11-26,13.6059,13.7323,13.2664,13.4008,106063300
7790,2002-11-27,13.645,13.9978,13.5344,13.8649,76718057
7791,2002-11-29,14.0572,14.1287,13.6635,13.852,31240566
7792,2002-12-02,14.5054,14.6531,13.7778,13.9625,123606750
7793,2002-12-03,13.8649,13.8724,13.3638,13.4704,79371186
7794,2002-12-04,12.8625,13.3006,12.8031,13.0945,113227272
7795,2002-12-05,13.3155,13.3638,12.5228,12.5766,131443478
7796,2002-12-06,12.3453,12.6166,12.1923,12.4093,108143444
7797,2002-12-09,12.2413,12.2721,11.6992,11.7281,108607929
7798,2002-12-10,11.8266,12.2721,11.7532,12.0297,88416214
7799,2002-12-11,11.9025,12.2108,11.7837,12.0485,83938874
7800,2002-12-12,12.2108,12.3258,11.9098,12.0633,81996936
7801,2002-12-13,11.8393,11.9397,11.6501,11.663,80728381
7802,2002-12-16,11.741,12.0992,11.6751,12.0854,77406595
7803,2002-12-17,12.0633,12.1484,11.7773,11.8655,79015427
7804,2002-12-18,11.636,11.6751,11.2946,11.3631,81265640
7805,2002-12-19,11.2639,11.5937,11.0448,11.276,89196803
7806,2002-12-20,11.5414,11.5489,11.1118,11.2816,101339432
7807,2002-12-23,11.1851,11.5414,11.1619,11.4162,53557672
7808,2002-12-24,11.2816,11.3791,11.1283,11.1283,32496801
7809,2002-12-26,11.2063,11.4329,11.0291,11.0737,45326132
7810,2002-12-27,11.0737,11.0811,10.8045,10.8777,47215728
7811,2002-12-30,10.9037,10.9779,10.4498,10.4565,85922491
7812,2002-12-31,10.4367,10.4942,10.2279,10.3311,75531300
7813,2003-01-02,10.6272,11.0986,10.3848,11.0737,86284931
7814,2003-01-03,11.0595,11.1784,10.8389,10.9716,75960875
7815,2003-01-06,11.0811,11.5814,11.0087,11.3995,86293564
7816,2003-01-07,11.6148,11.7059,11.2816,11.5183,96278077
7817,2003-01-08,11.3995,11.4746,11.0038,11.067,84490722
7818,2003-01-09,11.1989,11.5295,11.1851,11.3158,88637618
7819,2003-01-10,11.3029,11.5937,11.1851,11.5554,83148726
7820,2003-01-13,11.8393,11.9268,11.4282,11.5295,101040778
7821,2003-01-14,11.6501,11.8393,11.5043,11.7996,124144054
7822,2003-01-15,11.9025,11.9453,11.5043,11.5118,150821207
7823,2003-01-16,11.5749,11.6288,11.3503,11.4089,82432424
7824,2003-01-17,11.2063,11.2444,10.7978,10.8389,102838072
7825,2003-01-21,10.7941,11.0038,10.7673,10.8045,86204838
7826,2003-01-22,10.7525,11.0737,10.7135,10.7813,90711417
7827,2003-01-23,10.965,11.1283,10.7404,11.0595,78149574
7828,2003-01-24,10.9037,10.9409,10.4498,10.512,91889680
7829,2003-01-27,10.2744,10.6986,10.2697,10.5344,84208180
7830,2003-01-28,10.6782,10.7978,10.4814,10.6346,88146124
7831,2003-01-29,10.5751,11.0737,10.4285,11.0523,95113528
7832,2003-01-30,11.0291,11.0811,10.4565,10.4758,83538895
7833,2003-01-31,10.2168,10.512,10.0405,10.4127,99193242
7834,2003-02-03,10.3784,10.5994,10.2809,10.4627,66388841
7835,2003-02-04,10.3311,10.4694,10.1694,10.3747,61346794
7836,2003-02-05,10.4627,10.7135,10.2809,10.3374,76892859
7837,2003-02-06,10.2744,10.4201,10.124,10.2039,70558558
7838,2003-02-07,10.3097,10.3682,9.87613,9.98476,75182039
7839,2003-02-10,9.99857,10.2466,9.87061,10.1313,80049745
7840,2003-02-11,10.2094,10.3023,9.99132,10.1761,71462578
7841,2003-02-12,10.1369,10.2327,10.0255,10.0449,57336839
7842,2003-02-13,10.1694,10.3487,10.0181,10.3023,81812930
7843,2003-02-14,10.398,10.7451,10.3023,10.7135,82769038
7844,2003-02-18,10.8852,11.1118,10.7337,11.0877,75367481
7845,2003-02-19,11.2693,11.3158,10.9457,11.1414,78095076
7846,2003-02-20,11.3308,11.3428,11.1554,11.29,78720205
7847,2003-02-21,11.3029,11.3094,10.9594,11.1283,92671219
7848,2003-02-24,11.067,11.3428,10.9594,10.9716,74257410
7849,2003-02-25,10.8045,11.1359,10.6123,11.0986,88450246
7850,2003-02-26,10.965,11.1784,10.6856,10.7758,79565437
7851,2003-02-27,10.8658,11.1226,10.8109,11.0811,75381936
7852,2003-02-28,11.2639,11.4682,11.1488,11.4477,98556832
7853,2003-03-03,11.3631,11.4821,11.0038,11.0523,88043233
7854,2003-03-04,11.0737,11.2194,10.9354,11.0225,76665695
7855,2003-03-05,11.0523,11.3344,11.0087,11.2639,74088820
7856,2003-03-06,11.1851,11.2693,10.9902,11.0811,84448958
7857,2003-03-07,10.5193,10.7404,10.4285,10.6419,137553442
7858,2003-03-10,10.5677,10.6698,10.4201,10.5501,87072132
7859,2003-03-11,10.5929,10.6782,10.4879,10.512,75007999
7860,2003-03-12,10.4879,10.7598,10.3431,10.7451,93426175
7861,2003-03-13,11.0291,11.5183,10.8777,11.5118,117955927
7862,2003-03-14,11.5489,11.5685,11.1989,11.3911,110462550
7863,2003-03-17,11.276,12.0594,11.2379,11.9778,117812847
7864,2003-03-18,12.0528,12.1329,11.795,12.1068,92970602
7865,2003-03-19,11.9992,12.0699,11.7205,11.9268,97623699
7866,2003-03-20,11.8516,12.3453,11.806,12.12,103979742
7867,2003-03-21,12.3964,12.6101,12.2721,12.5384,110589649
7868,2003-03-24,11.9992,12.1533,11.8144,11.8266,97883826
7869,2003-03-25,11.8962,12.0992,11.7059,11.9666,91350698
7870,2003-03-26,11.9268,11.9731,11.806,11.8655,66906275
7871,2003-03-27,11.6827,11.8209,11.5554,11.663,69824301
7872,2003-03-28,11.5554,11.7059,11.4089,11.4227,56237026
7873,2003-03-31,11.0448,11.1554,10.7858,10.7978,99333508
7874,2003-04-01,10.8658,11.0448,10.7978,10.8916,69336901
7875,2003-04-02,11.2816,11.6751,11.276,11.6213,85640639
7876,2003-04-03,11.6874,11.9397,11.5814,11.6576,83035623
7877,2003-04-04,11.6947,11.7281,11.1784,11.3094,85333314
7878,2003-04-07,11.9731,11.9992,11.5118,11.5118,89469376
7879,2003-04-08,11.5351,11.5937,11.2379,11.3428,73571817
7880,2003-04-09,11.3791,11.561,11.0448,11.067,85251061
7881,2003-04-10,11.1851,11.2639,10.9845,11.1989,67728899
7882,2003-04-11,11.4412,11.5295,11.0364,11.1164,63122257
7883,2003-04-14,11.1554,11.4089,11.0448,11.3857,63118120
7884,2003-04-15,11.3631,11.5043,11.224,11.3631,95257006
7885,2003-04-16,11.9203,12.1533,11.806,12.0485,160550533
7886,2003-04-17,11.9331,12.3964,11.8655,12.3769,104221143
7887,2003-04-21,12.3055,12.4633,12.1329,12.3695,76097732
7888,2003-04-22,12.1329,12.6166,12.0992,12.6026,91686495
7889,2003-04-23,12.6026,12.9777,12.5301,12.9199,95522472
7890,2003-04-24,12.8337,12.8337,12.4031,12.5702,98965677
7891,2003-04-25,12.3055,12.339,11.9854,12.1262,91896952
7892,2003-04-28,12.1644,12.5228,12.0594,12.4383,77286169
7893,2003-04-29,12.583,12.7845,12.4031,12.5488,91921452
7894,2003-04-30,12.4977,12.5422,12.1782,12.1857,97564484
7895,2003-05-01,12.1857,12.4446,12.1421,12.3055,79966219
7896,2003-05-02,12.3055,13.2588,12.1988,12.6351,89977996
7897,2003-05-05,12.7566,12.8893,12.5894,12.6166,83544657
7898,2003-05-06,12.5894,13.0546,12.5561,12.9627,93851269
7899,2003-05-07,12.7919,12.9627,12.6436,12.7057,80847014
7900,2003-05-08,12.5488,12.7845,12.5061,12.5179,81704473
7901,2003-05-09,12.8206,12.9933,12.7138,12.9886,78335305
7902,2003-05-12,12.9199,13.2876,12.8893,13.2588,103912722
7903,2003-05-13,13.1269,13.2385,13.0351,13.1457,70190225
7904,2003-05-14,13.2143,13.246,12.8031,13.0426,87148532
7905,2003-05-15,13.1669,13.3378,13.0055,13.2664,108618076
7906,2003-05-16,13.0695,13.2664,12.9024,12.933,85555096
7907,2003-05-19,12.7018,12.8085,12.3584,12.3834,89220681
7908,2003-05-20,12.3834,12.5061,12.2756,12.3769,85799371
7909,2003-05-21,12.4633,12.5301,12.3193,12.4977,74764182
7910,2003-05-22,12.5561,12.6436,12.4253,12.453,92243871
7911,2003-05-23,12.453,12.5951,12.4167,12.4772,55719193
7912,2003-05-27,12.3964,13.1269,12.3834,13.1205,107678133
7913,2003-05-28,13.1669,13.3322,13.0055,13.0945,104322708
7914,2003-05-29,13.1269,13.9095,13.1205,13.815,184364866
7915,2003-05-30,13.8447,13.9355,13.5586,13.8093,105013738
7916,2003-06-02,13.9281,14.0367,13.463,13.5195,110797200
7917,2003-06-03,13.5067,14.0116,13.3852,13.9978,102395999
7918,2003-06-04,13.9476,14.2652,13.8305,14.1804,119523573
7919,2003-06-05,13.9903,14.5612,13.7964,14.486,133845004
7920,2003-06-06,14.9299,15.2018,14.4219,14.435,160911719
7921,2003-06-09,14.3209,14.4487,14.0237,14.3754,75851909
7922,2003-06-10,14.5353,14.5808,14.2419,14.5723,79050272
7923,2003-06-11,14.2817,14.5669,14.1956,14.512,81776870
7924,2003-06-12,14.5993,14.8164,14.512,14.6875,89722608
7925,2003-06-13,14.5669,14.6337,14.0636,14.1704,88726790
7926,2003-06-16,14.2652,14.5548,14.1436,14.5054,78418808
7927,2003-06-17,14.5723,14.5993,14.1804,14.2298,76541002
7928,2003-06-18,14.1287,14.5723,14.0237,14.4285,94265743
7929,2003-06-19,14.369,14.5417,14.0116,14.0116,104867473
7930,2003-06-20,14.1556,14.2075,13.6886,13.7127,120827418
7931,2003-06-23,13.7323,13.9095,13.3006,13.5067,89890709
7932,2003-06-24,13.3378,13.7593,13.2951,13.5651,96366685
7933,2003-06-25,13.6181,13.815,13.2588,13.2951,92336580
7934,2003-06-26,13.463,13.7702,13.3638,13.6823,79480408
7935,2003-06-27,13.7323,14.0163,13.6181,13.645,95496198
7936,2003-06-30,13.6589,14.1287,13.6589,13.8017,78077210
7937,2003-07-01,13.8447,14.2652,13.6059,14.202,97233135
7938,2003-07-02,14.369,14.8073,14.2419,14.7319,111994948
7939,2003-07-03,14.5723,14.7999,14.407,14.4155,61058184
7940,2003-07-07,14.7739,15.2426,14.7032,15.1962,85254904
7941,2003-07-08,15.1458,15.5238,15.0375,15.3528,97869548
7942,2003-07-09,15.4553,15.9129,15.4254,15.5739,118375503
7943,2003-07-10,15.3066,15.4553,15.0021,15.1962,95442330
7944,2003-07-11,15.4486,15.589,15.3066,15.4811,70151592
7945,2003-07-14,16.0995,16.3047,15.8218,15.934,116012942
7946,2003-07-15,16.2128,16.4307,15.7003,15.9862,153597140
7947,2003-07-16,16.7417,16.9134,16.4642,16.7882,194403606
7948,2003-07-17,16.3797,16.6481,16.3175,16.5375,108150524
7949,2003-07-18,16.6481,16.6824,16.0206,16.3594,98523030
7950,2003-07-21,16.3175,16.3389,15.8859,15.9602,79501649
7951,2003-07-22,16.1802,16.2721,15.9535,16.1997,91907799
7952,2003-07-23,16.1671,16.5173,16.0918,16.4568,73944539
7953,2003-07-24,16.6908,16.698,15.8859,15.8987,87605395
7954,2003-07-25,15.9862,16.5443,15.7437,16.5238,79333874
7955,2003-07-28,16.5299,16.6694,16.3241,16.4226,68534081
7956,2003-07-29,16.4568,16.7371,16.3835,16.5173,102839573
7957,2003-07-30,16.4921,16.4986,16.103,16.2443,61486022
7958,2003-07-31,16.4494,16.8152,16.3732,16.5097,100231850
7959,2003-08-01,16.4353,16.6294,16.4048,16.5988,73107969
7960,2003-08-04,16.5238,16.7371,16.1802,16.6694,80757994
7961,2003-08-05,16.6621,16.6621,16.0743,16.0995,78270933
7962,2003-08-06,15.9862,16.2831,15.7912,16.0129,87112105
7963,2003-08-07,15.8803,16.1162,15.8284,15.9129,73141619
7964,2003-08-08,16.0206,16.0678,15.4755,15.6428,86709228
7965,2003-08-11,15.6658,16.0077,15.6428,15.8552,62760549
7966,2003-08-12,15.9778,16.1876,15.7987,16.1671,73077275
7967,2003-08-13,16.2506,16.5848,16.1162,16.3835,78094105
7968,2003-08-14,16.4494,16.698,16.2831,16.6748,77976572
7969,2003-08-15,16.6481,16.7483,16.4568,16.6174,32596801
7970,2003-08-18,16.6481,17.3925,16.6294,17.3712,89021214
7971,2003-08-19,17.4908,17.6022,17.1938,17.5596,84376160
7972,2003-08-20,17.3377,17.7369,17.334,17.4832,71222703
7973,2003-08-21,17.7045,17.7638,17.2524,17.5041,100414189
7974,2003-08-22,18.6801,19.2629,18.1221,18.1695,181813155
7975,2003-08-25,18.2819,18.4156,17.9588,18.0711,78449139
7976,2003-08-26,17.8827,18.3941,17.698,18.3747,98310610
7977,2003-08-27,18.3144,18.6272,18.1909,18.5854,87763845
7978,2003-08-28,18.6392,18.8035,18.4749,18.7739,73322184
7979,2003-08-29,18.6939,19.0049,18.5984,18.9651,63295664
7980,2003-09-02,19.0829,19.1293,18.6874,19.0645,88494479
7981,2003-09-03,19.1989,19.2176,18.5984,18.72,91600534
7982,2003-09-04,18.7859,19.0645,18.5984,18.9688,96417968
7983,2003-09-05,19.123,19.3047,18.8195,19.0466,103173538
7984,2003-09-08,19.1573,19.3689,19.1032,19.3559,78689951
7985,2003-09-09,19.2362,19.3235,19.0124,19.096,75081834
7986,2003-09-10,19.096,19.096,18.3292,18.3487,87435541
7987,2003-09-11,18.3208,18.8035,18.1047,18.5909,85491715
7988,2003-09-12,18.4442,18.834,18.2781,18.7987,78292541
7989,2003-09-15,18.7935,18.8713,18.5149,18.5657,54808433
7990,2003-09-16,18.6272,19.2286,18.5854,19.1795,73499693
7991,2003-09-17,19.1989,19.4897,19.0829,19.1573,79648312
7992,2003-09-18,19.0339,19.4209,18.8795,19.3419,70285987
7993,2003-09-19,19.4357,19.4747,19.123,19.3485,80733829
7994,2003-09-22,18.9752,19.0829,18.7061,18.9187,73100567
7995,2003-09-23,18.9131,19.2362,18.8517,19.1989,66254338
7996,2003-09-24,19.1711,19.2362,18.4017,18.4285,90114385
7997,2003-09-25,18.5342,18.8035,18.1761,18.2086,86797238
7998,2003-09-26,18.2411,18.4667,18.0572,18.0896,103553764
7999,2003-09-29,18.2781,18.8417,18.2262,18.8195,99197600
8000,2003-09-30,18.6874,18.6874,18.201,18.2568,95545655
8001,2003-10-01,18.4517,19.058,18.4442,18.9892,89727407
8002,2003-10-02,18.9892,19.2046,18.8454,18.9827,63907872
8003,2003-10-03,18.9827,19.7689,18.9827,19.6435,100465194
8004,2003-10-06,19.6762,19.7689,19.4897,19.6056,43660294
8005,2003-10-07,19.4209,19.8924,19.3345,19.86,72290180
8006,2003-10-08,19.846,19.9,19.5694,19.6809,62037636
8007,2003-10-09,19.8924,20.1552,19.5527,19.7476,114691784
8008,2003-10-10,20.0065,20.2265,19.9602,20.1849,69657564
8009,2003-10-13,20.3725,20.5225,20.2209,20.4327,62868715
8010,2003-10-14,20.4243,20.6296,20.2516,20.6154,101733127
8011,2003-10-15,21.737,21.7425,20.9731,21.0678,167171169
8012,2003-10-16,20.895,21.3971,20.8292,21.3806,83270479
8013,2003-10-17,21.4047,21.4891,20.9425,21.0008,79205483
8014,2003-10-20,20.9674,21.3674,20.9347,21.3322,64969769
8015,2003-10-21,21.4092,21.4445,21.2327,21.3044,75857296
8016,2003-10-22,21.0741,21.5551,20.8356,20.9099,75296638
8017,2003-10-23,20.5079,20.8224,20.4921,20.7111,72628203
8018,2003-10-24,20.5349,20.6824,20.1385,20.6154,84320117
8019,2003-10-27,20.7298,20.9285,20.7232,20.8431,56135980
8020,2003-10-28,20.9933,21.7176,20.9347,21.6691,85994513
8021,2003-10-29,21.5616,21.8362,21.5133,21.7555,71947323
8022,2003-10-30,21.9438,22.0775,21.7786,21.8176,83790621
8023,2003-10-31,21.8417,21.9746,21.737,21.8551,59640045
8024,2003-11-03,22.1082,22.6253,21.9895,22.5808,80382923
8025,2003-11-04,22.4917,22.5528,22.2688,22.3413,63326924
8026,2003-11-05,22.3348,22.4748,22.0497,22.3801,68778146
8027,2003-11-06,22.4851,22.7025,22.1825,22.6326,63534319
8028,2003-11-07,22.6326,22.8899,22.3801,22.4685,73091144
8029,2003-11-10,22.5613,22.6457,22.0424,22.151,82045864
8030,2003-11-11,22.058,22.1825,21.9625,22.1621,62090215
8031,2003-11-12,22.2688,22.7469,22.2299,22.6216,74355645
8032,2003-11-13,22.4851,22.5454,22.1751,22.4088,79250443
8033,2003-11-14,22.4088,22.5409,21.6915,21.7555,89597072
8034,2003-11-17,21.4947,21.6135,21.0156,21.3806,97881677
8035,2003-11-18,21.5616,21.6469,21.0992,21.1195,86461721
8036,2003-11-19,21.1681,21.6311,21.0445,21.5699,72356768
8037,2003-11-20,21.3916,21.7489,21.0678,21.1123,89744530
8038,2003-11-21,21.3481,21.4733,21.18,21.4363,68938710
8039,2003-11-24,21.5551,22.2085,21.5551,22.1956,69040036
8040,2003-11-25,22.1956,22.3801,21.9254,21.9373,58631587
8041,2003-11-26,22.1566,22.2875,21.8176,22.1213,64494185
8042,2003-11-28,21.9829,22.3013,21.9746,22.2494,19982416
8043,2003-12-01,22.4341,22.6457,22.2364,22.5808,70948649
8044,2003-12-02,22.679,22.8174,22.3942,22.4537,69123984
8045,2003-12-03,22.6022,22.7794,22.058,22.1147,75445568
8046,2003-12-04,22.2085,22.3626,21.7917,22.2494,92474428
8047,2003-12-05,21.5326,21.7102,21.2255,21.2904,99824031
8048,2003-12-08,21.18,21.4176,20.7811,20.9878,101103379
8049,2003-12-09,21.1337,21.18,19.9714,20.067,123066322
8050,2003-12-10,20.1032,20.2265,19.6762,20.1765,122340736
8051,2003-12-11,20.2332,20.5562,20.12,20.5014,85747301
8052,2003-12-12,20.6489,20.6824,20.2265,20.4726,72424950
8053,2003-12-15,20.895,20.9145,19.9658,20.0605,91767420
8054,2003-12-16,20.0521,20.1987,19.7058,20.0726,84974328
8055,2003-12-17,20.0946,20.2776,19.8739,20.0113,87321658
8056,2003-12-18,20.1061,20.5562,20.0946,20.4957,79457090
8057,2003-12-19,20.5562,20.6637,20.1385,20.2776,83140335
8058,2003-12-22,20.1552,20.4243,20.0113,20.1765,51098337
8059,2003-12-23,20.2332,20.6564,20.1439,20.6341,56208142
8060,2003-12-24,20.6101,20.7363,20.4957,20.6154,23511951
8061,2003-12-26,20.6824,20.9229,20.6564,20.8041,17892520
8062,2003-12-29,20.9229,21.3674,20.9024,21.3257,55047390
8063,2003-12-30,21.3806,21.4733,21.1874,21.2543,47581927
8064,2003-12-31,21.386,21.5505,21.1681,21.2607,48380514
8065,2004-01-02,21.4659,21.6246,21.2461,21.3322,56292917
8066,2004-01-05,21.5699,21.8686,21.4947,21.8308,64238168
8067,2004-01-06,21.8362,21.89,21.6394,21.8233,57297078
8068,2004-01-07,22.1082,22.5528,22.0357,22.5454,95959548
8069,2004-01-08,22.6653,22.7869,22.4851,22.7135,76274381
8070,2004-01-09,22.4404,22.953,22.423,22.5344,85680657
8071,2004-01-12,22.7313,22.7729,22.4611,22.6522,76375174
8072,2004-01-13,22.7729,22.8101,22.0646,22.2791,102803018
8073,2004-01-14,22.4286,22.4537,21.9829,22.151,113730088
8074,2004-01-15,21.7322,22.1621,21.6691,21.931,124437453
8075,2004-01-16,22.1213,22.1426,21.6785,21.8176,82164128
8076,2004-01-20,21.905,21.931,21.4092,21.6311,71951513
8077,2004-01-21,21.3806,21.423,21.1056,21.3638,84766402
8078,2004-01-22,21.4047,21.4659,20.9535,20.9803,78345420
8079,2004-01-23,21.1557,21.2327,20.8819,21.0611,69114639
8080,2004-01-26,21.0555,21.5505,21.0285,21.5133,62304637
8081,2004-01-27,21.423,21.4603,20.9608,20.9803,77542060
8082,2004-01-28,21.1268,21.3638,20.6769,20.8161,92711464
8083,2004-01-29,20.869,20.9347,20.246,20.4921,128031838
8084,2004-01-30,20.5284,20.5562,20.133,20.246,96776511
8085,2004-02-02,20.4874,20.5284,20.039,20.1134,98048234
8086,2004-02-03,20.1709,20.8485,20.1134,20.8292,94041770
8087,2004-02-04,20.5422,20.5628,19.9063,19.9128,119647661
8088,2004-02-05,20.1262,20.1921,19.7344,19.846,112525685
8089,2004-02-06,19.9658,20.5225,19.8924,20.4874,83516201
8090,2004-02-09,20.5628,20.6296,20.2209,20.2776,55085072
8091,2004-02-10,20.3445,20.5014,20.12,20.2573,54773241
8092,2004-02-11,20.48,20.6694,20.2516,20.5562,78617253
8093,2004-02-12,20.5562,20.8161,20.3779,20.3901,57595460
8094,2004-02-13,20.5784,20.688,19.8078,19.9938,95406606
8095,2004-02-17,20.1626,20.4921,20.039,20.4392,60633339
8096,2004-02-18,20.4577,20.5349,20.2573,20.299,63666389
8097,2004-02-19,20.4921,20.6296,19.8016,19.8275,90602965
8098,2004-02-20,19.9602,19.9658,19.5694,19.9,106461239
8099,2004-02-23,19.9202,19.9202,19.0049,19.2362,138852536
8100,2004-02-24,19.096,19.523,19.0829,19.3689,103144468
8101,2004-02-25,19.5369,19.7476,19.4357,19.65,82404045
8102,2004-02-26,19.6056,19.8144,19.469,19.5694,69206443
8103,2004-02-27,19.7003,19.7198,19.3047,19.3689,88944124
8104,2004-03-01,19.2425,19.7344,19.1377,19.692,98559122
8105,2004-03-02,19.7476,19.9938,19.6056,19.6352,98327416
8106,2004-03-03,19.602,19.6762,19.1293,19.2629,102886205
8107,2004-03-04,19.2844,19.7003,19.2686,19.6704,90664815
8108,2004-03-05,19.1989,19.4897,19.0829,19.2046,178915921
8109,2004-03-08,19.2908,19.3047,18.3208,18.3747,159439220
8110,2004-03-09,18.3673,18.6392,18.2568,18.5612,139506559
8111,2004-03-10,18.6467,18.7387,18.0201,18.1163,132721139
8112,2004-03-11,18.0016,18.4332,17.9385,17.9643,147685229
8113,2004-03-12,18.2262,18.3941,18.148,18.3673,85215223
8114,2004-03-15,18.2819,18.3014,17.9318,17.9783,82697974
8115,2004-03-16,18.1268,18.2492,17.7239,18.0126,101113339
8116,2004-03-17,18.1761,18.5083,18.1268,18.4332,83740113
8117,2004-03-18,18.4092,18.4442,17.9839,18.0416,106565520
8118,2004-03-19,17.9643,18.1555,17.4965,17.5727,126236601
8119,2004-03-22,17.4287,17.5727,17.2672,17.4011,110114417
8120,2004-03-23,17.5596,17.7118,17.3154,17.3507,105854519
8121,2004-03-24,17.3786,17.8261,17.3507,17.5967,104769450
8122,2004-03-25,17.8317,18.4379,17.8177,18.4332,127764211
8123,2004-03-26,18.4017,18.4749,17.6755,18.1631,98958548
8124,2004-03-29,18.3208,18.5428,18.2411,18.3673,99028163
8125,2004-03-30,18.1555,18.2707,17.9783,18.1946,93534945
8126,2004-03-31,18.1909,18.2214,17.9234,18.0416,86237476
8127,2004-04-01,18.1555,18.4285,18.0972,18.1631,82564621
8128,2004-04-02,18.5854,18.6533,18.3421,18.6533,117868182
8129,2004-04-05,18.7507,18.9455,18.6533,18.9391,71652442
8130,2004-04-06,18.7256,18.8713,18.5984,18.7507,105749097
8131,2004-04-07,18.6198,18.6604,18.2262,18.3208,109546286
8132,2004-04-08,18.5984,18.6661,18.0416,18.1555,108224611
8133,2004-04-12,18.3747,18.4219,18.0657,18.3069,76909628
8134,2004-04-13,18.4667,18.4953,18.201,18.3543,125390413
8135,2004-04-14,18.0572,18.3144,17.9941,18.1555,119412761
8136,2004-04-15,18.1853,18.1909,17.6264,17.684,136424091
8137,2004-04-16,17.7239,17.7908,17.4222,17.5475,96337920
8138,2004-04-19,17.5207,17.7369,17.4483,17.698,77670640
8139,2004-04-20,17.7239,17.851,17.2672,17.296,76296258
8140,2004-04-21,17.3507,17.5789,17.1326,17.4287,93410612
8141,2004-04-22,17.2599,17.7444,17.1474,17.5883,98240626
8142,2004-04-23,17.7444,18.2875,17.6755,18.2624,98298060
8143,2004-04-26,18.2624,18.2947,17.851,18.009,85566276
8144,2004-04-27,18.0711,18.1047,17.8261,17.8317,80820980
8145,2004-04-28,17.6645,17.9523,17.4352,17.476,92614371
8146,2004-04-29,17.5346,17.7312,17.1207,17.334,115109224
8147,2004-04-30,17.3925,17.476,17.0611,17.0684,107519204
8148,2004-05-03,17.2811,17.476,16.9889,17.2736,92846081
8149,2004-05-04,17.4584,17.6645,17.2124,17.4352,91947169
8150,2004-05-05,17.5346,17.6338,17.2524,17.3786,62542070
8151,2004-05-06,17.2124,17.334,17.1018,17.2331,81591868
8152,2004-05-07,17.2198,17.7982,17.2014,17.5596,104934060
8153,2004-05-10,17.4706,17.6924,17.3377,17.6105,107847984
8154,2004-05-11,17.8317,18.4285,17.7713,18.4219,124148649
8155,2004-05-12,18.3144,18.4219,17.7908,18.2875,122197632
8156,2004-05-13,18.2214,18.3144,17.9783,18.201,90385105
8157,2004-05-14,18.1695,18.2336,17.851,17.9385,78198801
8158,2004-05-17,17.5838,18.1092,17.5401,17.8056,97777351
8159,2004-05-18,18.0416,18.2214,17.9523,18.009,83176893
8160,2004-05-19,18.3208,18.5428,17.9839,17.9839,116128104
8161,2004-05-20,18.1092,18.3208,18.0657,18.1853,78938403
8162,2004-05-21,18.3598,18.4092,18.1416,18.2781,70549455
8163,2004-05-24,18.46,18.5214,18.2819,18.4017,68929954
8164,2004-05-25,18.3292,18.7794,18.2262,18.6392,98761106
8165,2004-05-26,18.6392,18.8926,18.5657,18.8195,76026616
8166,2004-05-27,18.8982,18.9325,18.6939,18.8713,83485577
8167,2004-05-28,18.9187,19.2231,18.8982,18.9391,72428950
8168,2004-06-01,18.8267,19.0522,18.6272,18.7935,77131051
8169,2004-06-02,18.8195,18.8517,18.5009,18.578,74934544
8170,2004-06-03,18.4749,18.5083,18.148,18.1853,84914021
8171,2004-06-04,18.8417,18.9057,18.5909,18.6661,93848581
8172,2004-06-07,18.8517,19.0829,18.7256,19.0717,56513325
8173,2004-06-08,18.9131,19.2425,18.8565,19.2286,72714732
8174,2004-06-09,19.0829,19.1377,18.8267,18.8417,69593026
8175,2004-06-10,18.9258,19.0263,18.8111,18.9975,64083132
8176,2004-06-14,18.7579,18.8035,18.4749,18.5657,57033770
8177,2004-06-15,18.7507,19.0049,18.6801,18.8565,70855925
8178,2004-06-16,18.8111,18.834,18.6392,18.6533,51308323
8179,2004-06-17,18.5612,18.5984,18.3014,18.3292,58742672
8180,2004-06-18,18.2336,18.5083,18.1353,18.3348,79039766
8181,2004-06-21,18.46,18.7144,18.2411,18.2568,65620160
8182,2004-06-22,18.3208,18.6336,18.2141,18.5984,70705629
8183,2004-06-23,18.6068,18.9455,18.4815,18.9187,78091177
8184,2004-06-24,18.8863,18.9688,18.4953,18.5428,82967677
8185,2004-06-25,18.4092,18.6392,17.9941,18.4285,103898526
8186,2004-06-28,18.5149,18.5557,18.0657,18.1631,77963568
8187,2004-06-29,18.0896,18.3208,18.009,18.3069,79393300
8188,2004-06-30,18.3673,18.5083,18.1221,18.3069,76262561
8189,2004-07-01,18.1761,18.2262,17.7045,17.9234,104121023
8190,2004-07-02,17.8056,17.8177,17.4148,17.464,70491950
8191,2004-07-06,17.2672,17.4352,17.0333,17.3219,91176906
8192,2004-07-07,17.3275,17.6338,17.2887,17.4706,69217484
8193,2004-07-08,17.4352,17.6105,17.334,17.3925,71042088
8194,2004-07-09,17.5346,17.7312,17.5041,17.6264,57576928
8195,2004-07-12,17.3015,17.4584,17.0333,17.4073,89949926
8196,2004-07-13,17.476,17.5727,17.2811,17.3377,117476607
8197,2004-07-14,15.9862,16.0326,15.4254,15.508,427444655
8198,2004-07-15,15.5668,15.6363,15.3467,15.3528,143677166
8199,2004-07-16,15.5416,15.5668,15.0243,15.0756,128688011
8200,2004-07-19,15.1608,15.4254,15.0968,15.1962,88941791
8201,2004-07-20,15.2353,15.4377,15.2288,15.417,90827725
8202,2004-07-21,15.589,15.6017,14.9299,14.9652,108852854
8203,2004-07-22,14.9056,15.5816,14.8992,15.4377,113867066
8204,2004-07-23,15.2797,15.3604,15.0115,15.0375,114029779
8205,2004-07-26,15.1608,15.3168,15.0319,15.2353,122131278
8206,2004-07-27,15.3756,15.5499,15.2426,15.4377,131361553
8207,2004-07-28,15.3467,15.6288,15.1387,15.5628,118954920
8208,2004-07-29,15.7151,16.2192,15.6658,16.0809,156925961
8209,2004-07-30,15.8489,16.3453,15.8218,16.1746,126019109
8210,2004-08-02,15.9408,16.5443,15.8803,16.5173,101218771
8211,2004-08-03,16.4353,16.5765,15.9935,16.0326,89394729
8212,2004-08-04,15.9453,16.0995,15.7225,15.8987,84727159
8213,2004-08-05,15.9602,16.0613,15.4254,15.7003,84048370
8214,2004-08-06,15.417,15.5668,15.0476,15.1053,84404890
8215,2004-08-09,15.2018,15.2501,14.9427,14.9734,66539779
8216,2004-08-10,15.0375,15.0756,14.7246,14.9511,85440352
8217,2004-08-11,14.9511,14.9511,14.4675,14.6986,91805936
8218,2004-08-12,14.5612,14.6262,14.0572,14.0868,105900081
8219,2004-08-13,14.2652,14.369,13.9476,14.3003,107358321
8220,2004-08-16,14.3058,14.5417,14.1556,14.2075,90014986
8221,2004-08-17,14.3822,14.5,14.2569,14.269,86883354
8222,2004-08-18,14.202,14.7541,14.1743,14.7385,92472866
8223,2004-08-19,14.6986,14.7739,14.4219,14.5993,86418752
8224,2004-08-20,14.5353,14.5612,14.3348,14.3421,87561245
8225,2004-08-23,14.4675,14.6598,14.435,14.5195,76036704
8226,2004-08-24,14.7032,14.7246,14.3003,14.3754,78796121
8227,2004-08-25,14.3754,14.6811,14.2817,14.5612,91342768
8228,2004-08-26,14.5,14.5353,14.3941,14.4416,66587815
8229,2004-08-27,14.5054,14.7739,14.474,14.6075,71434177
8230,2004-08-30,14.5864,14.6207,14.3058,14.3272,64882823
8231,2004-08-31,14.1956,14.2569,13.838,14.123,119209558
8232,2004-09-01,13.9978,14.3941,13.9476,14.2158,93067861
8233,2004-09-02,14.2075,14.407,14.1026,14.3486,108154428
8234,2004-09-03,13.2328,13.3852,13.1669,13.3006,259630087
8235,2004-09-07,13.4008,13.4353,13.0889,13.1958,117420721
8236,2004-09-08,13.1958,13.3082,13.061,13.0816,114187106
8237,2004-09-09,13.2022,13.4836,13.0752,13.3796,144203087
8238,2004-09-10,13.4082,13.7323,13.2522,13.645,101418057
8239,2004-09-13,13.7778,14.0517,13.6635,13.7964,123699000
8240,2004-09-14,13.8093,13.905,13.6319,13.7778,79716716
8241,2004-09-15,13.645,13.6766,13.4008,13.5458,90097558
8242,2004-09-16,13.5911,13.6635,13.3155,13.3378,87080639
8243,2004-09-17,13.4556,13.6766,13.2022,13.6589,141693574
8244,2004-09-20,13.5708,14.0952,13.5651,13.878,112968198
8245,2004-09-21,14.0295,14.163,13.917,13.983,89469296
8246,2004-09-22,13.9355,13.9625,13.5458,13.5458,94392883
8247,2004-09-23,13.5772,13.6719,13.4453,13.5195,103014916
8248,2004-09-24,13.5651,13.7323,13.3155,13.3516,93624594
8249,2004-09-27,13.2588,13.5458,13.1669,13.2143,85195297
8250,2004-09-28,13.3255,13.4992,13.0269,13.0546,117701255
8251,2004-09-29,13.1205,13.4397,13.0816,13.3155,95858500
8252,2004-09-30,13.3796,13.5195,13.154,13.3082,109344014
8253,2004-10-01,13.4704,13.878,13.4221,13.8305,111304994
8254,2004-10-04,14.0517,14.163,13.8305,14.0163,112091094
8255,2004-10-05,13.9625,14.2484,13.917,14.1436,108626754
8256,2004-10-06,14.0441,14.1287,13.8921,14.0163,87035011
8257,2004-10-07,14.0116,14.3058,13.9903,14.0868,112663931
8258,2004-10-08,13.9754,14.1101,13.5911,13.6319,101338509
8259,2004-10-11,13.7127,13.8231,13.4704,13.6719,74790145
8260,2004-10-12,13.4789,13.6117,13.4157,13.451,119362912
8261,2004-10-13,14.1743,14.2817,13.838,13.9226,224666465
8262,2004-10-14,13.9226,13.9625,13.5651,13.6059,126090434
8263,2004-10-15,13.7183,13.815,13.5195,13.6719,104773019
8264,2004-10-18,13.6319,13.7964,13.4992,13.7907,91185505
8265,2004-10-19,13.9754,14.1349,13.7702,13.7964,127878498
8266,2004-10-20,13.7593,14.2353,13.7509,14.2298,122824417
8267,2004-10-21,14.3607,14.5353,14.202,14.3867,115441026
8268,2004-10-22,14.3607,14.4416,14.1026,14.1287,87777595
8269,2004-10-25,14.0767,14.293,14.0767,14.1349,90783203
8270,2004-10-26,14.1872,14.2353,14.0636,14.1956,88837187
8271,2004-10-27,14.163,14.7385,14.1349,14.5928,96385927
8272,2004-10-28,14.5723,15.0021,14.5548,14.7739,100556169
8273,2004-10-29,14.8107,14.9231,14.7032,14.7654,94009284
8274,2004-11-01,14.7116,14.9158,14.6941,14.887,75126190
8275,2004-11-02,14.824,15.1458,14.7654,15.0021,106771917
8276,2004-11-03,15.2555,15.3335,14.8656,15.0375,128450112
8277,2004-11-04,14.9427,15.1748,14.9103,15.1748,92245944
8278,2004-11-05,15.3826,15.508,15.3335,15.4942,110465147
8279,2004-11-08,15.4115,15.5284,15.3335,15.4115,77266290
8280,2004-11-09,15.3903,15.4254,15.2426,15.3132,71762420
8281,2004-11-10,15.1962,15.2852,14.9511,15.1656,133075605
8282,2004-11-11,15.2852,15.4377,15.1812,15.3679,101930309
8283,2004-11-12,15.4684,15.7605,15.1748,15.7151,139918221
8284,2004-11-15,15.6232,15.7791,15.5284,15.7671,100578171
8285,2004-11-16,15.6735,15.8413,15.5628,15.8136,92621948
8286,2004-11-17,15.9054,16.2797,15.8923,16.1319,122044630
8287,2004-11-18,16.0918,16.5765,16.0613,16.4494,101183720
8288,2004-11-19,16.3797,16.4048,15.9935,16.0241,121180417
8289,2004-11-22,15.8859,16.0,15.7987,15.9862,88485147
8290,2004-11-23,15.7495,15.8738,15.3528,15.4997,138723338
8291,2004-11-24,15.6232,15.7069,15.4599,15.6604,78408481
8292,2004-11-26,15.5156,15.6658,15.3756,15.3977,34775188
8293,2004-11-29,15.4553,15.6537,15.1053,15.3003,100716233
8294,2004-11-30,15.2852,15.3168,14.824,14.847,134252220
8295,2004-12-01,14.9231,15.3234,14.8935,15.3234,126880399
8296,2004-12-02,15.3401,15.5238,15.0115,15.0616,166642515
8297,2004-12-03,16.2128,16.2506,15.8552,15.8618,214637579
8298,2004-12-06,15.8664,16.0464,15.7299,15.9276,95598207
8299,2004-12-07,15.9054,16.0866,15.5628,15.5739,103955100
8300,2004-12-08,15.5739,15.6017,15.2555,15.264,119036763
8301,2004-12-09,15.1387,15.3262,14.9586,15.0968,168979331
8302,2004-12-10,15.0375,15.1887,14.9231,14.9652,110813975
8303,2004-12-13,15.0319,15.1314,14.887,15.0115,86260721
8304,2004-12-14,15.2018,15.4553,15.1608,15.417,115196682
8305,2004-12-15,15.4377,15.5628,15.2936,15.3467,97044679
8306,2004-12-16,15.264,15.508,15.1387,15.1721,96483069
8307,2004-12-17,15.0243,15.3234,14.9299,15.1053,146256586
8308,2004-12-20,15.1256,15.3132,15.0319,15.0542,76462219
8309,2004-12-21,15.3003,15.589,15.2426,15.5816,101307111
8310,2004-12-22,15.5816,15.7912,15.508,15.5563,84315875
8311,2004-12-23,15.4942,15.6537,15.4885,15.6175,52812170
8312,2004-12-27,15.6658,15.7225,15.4254,15.4997,58643256
8313,2004-12-28,15.4377,15.6175,15.4254,15.4431,62541175
8314,2004-12-29,15.3604,15.6175,15.3401,15.4254,73147102
8315,2004-12-30,15.4051,15.5416,15.3679,15.4254,49116627
8316,2004-12-31,15.4684,15.5816,15.417,15.5156,48171110
8317,2005-01-03,15.6735,15.7791,15.2936,15.3066,97262424
8318,2005-01-04,15.3756,15.3977,14.824,15.0021,141425734
8319,2005-01-05,14.9056,15.1133,14.8388,14.8528,111460605
8320,2005-01-06,14.9299,15.0756,14.8656,14.8992,95640914
8321,2005-01-07,15.0681,15.209,14.9056,15.1256,124545875
8322,2005-01-10,15.1812,15.2713,15.0912,15.1748,99202428
8323,2005-01-11,15.0375,15.1133,14.8582,14.9511,175516189
8324,2005-01-12,15.4254,15.4755,15.1721,15.3604,218653464
8325,2005-01-13,15.3401,15.3977,15.0912,15.1387,111497556
8326,2005-01-14,15.209,15.3401,15.1887,15.2713,98216372
8327,2005-01-18,15.1608,15.2222,15.0198,15.2175,96299713
8328,2005-01-19,15.2222,15.2353,14.9586,14.9938,108213435
8329,2005-01-20,14.9231,15.1458,14.8582,14.9799,103342794
8330,2005-01-21,14.9511,15.0616,14.847,14.8723,122088848
8331,2005-01-24,14.9103,14.9511,14.5195,14.5864,126269705
8332,2005-01-25,14.7189,14.9511,14.7032,14.7654,143162630
8333,2005-01-26,14.9103,14.9863,14.7924,14.8723,109366323
8334,2005-01-27,14.847,14.9363,14.7032,14.7999,119220027
8335,2005-01-28,14.8164,14.9734,14.6457,14.7541,115453329
8336,2005-01-31,14.8723,14.9586,14.7739,14.8935,92309123
8337,2005-02-01,14.9158,15.0912,14.8528,15.0115,101075796
8338,2005-02-02,15.0319,15.0968,14.9231,14.9799,110907375
8339,2005-02-03,14.9056,15.0198,14.7032,14.847,91708860
8340,2005-02-04,14.8388,15.2713,14.8388,15.2555,101975461
8341,2005-02-07,15.1887,15.3756,15.1748,15.1962,81089436
8342,2005-02-08,15.209,15.589,15.209,15.5284,128525730
8343,2005-02-09,15.5284,15.5739,15.3604,15.4553,105876233
8344,2005-02-10,15.5359,15.6474,15.4051,15.589,111809542
8345,2005-02-11,15.4115,16.1458,15.3756,16.0326,153760170
8346,2005-02-14,15.9408,16.1802,15.9202,16.1234,89262173
8347,2005-02-15,16.04,16.3389,16.0241,16.2322,121949262
8348,2005-02-16,16.1162,16.1876,16.0077,16.0129,128440210
8349,2005-02-17,16.0464,16.1319,15.6232,15.6735,120955542
8350,2005-02-18,15.7151,15.9723,15.679,15.934,87629398
8351,2005-02-22,15.934,16.194,15.679,15.7605,120691521
8352,2005-02-23,15.8552,15.8738,15.2936,15.4599,138746229
8353,2005-02-24,15.4553,15.7374,15.3528,15.7225,118646889
8354,2005-02-25,15.7003,16.0,15.6363,15.9778,110889206
8355,2005-02-28,16.0206,16.2443,15.8284,15.9129,119054475
8356,2005-03-01,16.1515,16.4226,16.1402,16.3305,127523299
8357,2005-03-02,16.1597,16.4494,16.1515,16.2645,118956994
8358,2005-03-03,16.2581,16.3175,16.0743,16.2506,129331113
8359,2005-03-04,16.3678,16.5916,16.2443,16.3732,99480630
8360,2005-03-07,16.3453,16.894,16.2831,16.6546,133445742
8361,2005-03-08,16.5375,16.8689,16.4353,16.4494,84106648
8362,2005-03-09,16.4846,16.7371,16.4161,16.4781,96704631
8363,2005-03-10,16.5238,16.6621,16.1458,16.4846,121677526
8364,2005-03-11,16.6294,16.6481,15.9202,16.0549,171719467
8365,2005-03-14,16.0549,16.2052,15.9935,16.0995,69062284
8366,2005-03-15,16.1515,16.1997,15.8062,15.8413,71014605
8367,2005-03-16,15.6232,15.9453,15.5954,15.6175,90179393
8368,2005-03-17,15.5816,15.7003,15.4885,15.5284,74021359
8369,2005-03-18,15.6288,15.6938,15.4997,15.5284,95630269
8370,2005-03-21,15.5628,15.6938,15.4254,15.589,59858140
8371,2005-03-22,15.6363,15.6938,15.2555,15.2713,74019380
8372,2005-03-23,15.2426,15.5954,15.2288,15.5156,81854511
8373,2005-03-24,15.6288,15.6604,15.3756,15.3756,52294310
8374,2005-03-28,15.4431,15.6863,15.4377,15.4553,64537606
8375,2005-03-29,15.4377,15.5238,15.2936,15.3528,81278170
8376,2005-03-30,15.432,15.6175,15.2555,15.5816,93865090
8377,2005-03-31,15.589,15.6175,15.3401,15.4115,62629688
8378,2005-04-01,15.4684,15.5499,15.1887,15.264,102607033
8379,2005-04-04,15.3066,15.3262,15.0243,15.209,91095481
8380,2005-04-05,15.264,15.4254,15.2353,15.3401,72587151
8381,2005-04-06,15.3903,15.4599,15.2555,15.2936,81382471
8382,2005-04-07,15.2713,15.5359,15.2713,15.5284,80400022
8383,2005-04-08,15.5156,15.7225,15.4254,15.4486,69294884
8384,2005-04-11,15.4553,15.4811,15.2936,15.3335,63313929
8385,2005-04-12,15.3132,15.4254,15.0198,15.4051,127602367
8386,2005-04-13,15.3262,15.3756,15.0542,15.1387,81562725
8387,2005-04-14,15.0681,15.1256,14.9056,14.9158,102984318
8388,2005-04-15,14.6941,14.9231,14.5548,14.6753,139609748
8389,2005-04-18,14.7032,14.9158,14.6598,14.7319,81075435
8390,2005-04-19,14.9231,15.0476,14.7924,15.0115,128499011
8391,2005-04-20,15.5238,15.5499,15.0115,15.0319,166572567
8392,2005-04-21,15.2501,15.5156,15.209,15.4942,131436021
8393,2005-04-22,15.4051,15.4599,15.3003,15.417,98677146
8394,2005-04-25,15.4553,15.6232,15.3977,15.5284,81247016
8395,2005-04-26,15.3903,15.8552,15.3826,15.4684,107891414
8396,2005-04-27,15.3679,15.6658,15.3234,15.5954,86404556
8397,2005-04-28,15.4755,15.6658,15.3335,15.3826,86681567
8398,2005-04-29,15.4942,15.6474,15.3003,15.6017,83092027
8399,2005-05-02,15.5954,15.6363,15.4885,15.6232,62133300
8400,2005-05-03,15.5359,15.8618,15.5359,15.8062,102135344
8401,2005-05-04,15.7912,16.0549,15.7003,15.9935,93646152
8402,2005-05-05,16.0206,16.2367,15.9862,16.0918,96931783
8403,2005-05-06,16.2052,16.2506,16.1234,16.2443,82666980
8404,2005-05-09,16.1997,16.4494,16.1458,16.4494,87101423
8405,2005-05-10,16.3047,16.4709,16.0549,16.3678,90312809
8406,2005-05-11,16.3835,16.4494,16.1597,16.4307,88698682
8407,2005-05-12,16.4353,16.6174,15.9535,16.4781,123709348
8408,2005-05-13,16.5848,16.7808,16.5173,16.6621,102364544
8409,2005-05-16,16.6294,16.8152,16.5848,16.803,68703910
8410,2005-05-17,16.6824,17.0611,16.6824,17.0462,94131115
8411,2005-05-18,17.0397,17.2672,16.9822,17.2014,103664598
8412,2005-05-19,17.2014,17.2887,17.1207,17.2524,78445900
8413,2005-05-20,17.2014,17.5041,17.1474,17.476,81446982
8414,2005-05-23,17.476,17.6712,17.386,17.5789,98851650
8415,2005-05-24,17.5207,17.8966,17.476,17.8827,117212483
8416,2005-05-25,17.8261,17.9458,17.7118,17.9098,123483533
8417,2005-05-26,17.9643,18.1695,17.9588,18.1555,90122181
8418,2005-05-27,18.0126,18.1761,17.9523,18.1695,75127437
8419,2005-05-31,18.0896,18.1631,17.8445,17.8827,94463913
8420,2005-06-01,17.7796,18.2568,17.7638,18.1047,117120589
8421,2005-06-02,18.0572,18.5725,18.0201,18.3014,81989893
8422,2005-06-03,18.3348,18.4092,18.0778,18.1268,83606407
8423,2005-06-06,18.1946,18.201,17.8744,18.0201,71245564
8424,2005-06-07,18.1268,18.2086,17.8177,17.8177,91503084
8425,2005-06-08,17.9941,18.0416,17.8744,17.9783,64212380
8426,2005-06-09,18.0572,18.4017,17.9458,18.3747,114914007
8427,2005-06-10,18.2411,18.2492,17.7713,17.8966,112837291
8428,2005-06-13,17.851,18.0016,17.7369,17.9098,75174965
8429,2005-06-14,17.8687,18.009,17.7045,17.7118,57399913
8430,2005-06-15,17.8317,17.8966,17.4148,17.8687,90473443
8431,2005-06-16,17.903,18.1092,17.7842,17.9903,78951323
8432,2005-06-17,18.2262,18.3144,17.9523,17.9903,89562233
8433,2005-06-20,17.8615,18.0201,17.7118,17.8445,53548179
8434,2005-06-21,17.8373,18.0841,17.8261,18.0265,73087556
8435,2005-06-22,18.1092,18.1853,17.9458,17.9839,49763483
8436,2005-06-23,17.9941,18.2624,17.7572,17.7572,93083581
8437,2005-06-24,17.7842,17.8373,17.2811,17.3154,97173831
8438,2005-06-27,17.3573,17.4222,17.1261,17.1539,71567207
8439,2005-06-28,17.1139,17.5401,17.0684,17.464,84064847
8440,2005-06-29,17.464,17.5346,17.3154,17.4148,51131108
8441,2005-06-30,17.5122,17.5727,17.2524,17.2599,67854592
8442,2005-07-01,17.3925,17.4908,17.3154,17.386,45917106
8443,2005-07-05,17.3015,17.7509,17.3015,17.698,64430094
8444,2005-07-06,17.7312,17.903,17.554,17.5789,68865858
8445,2005-07-07,17.4287,17.6182,17.3443,17.6182,68785079
8446,2005-07-08,17.6645,18.0972,17.6338,18.0972,69101339
8447,2005-07-11,18.1416,18.3747,18.1353,18.3747,68829676
8448,2005-07-12,18.3421,18.4815,18.1946,18.4092,61656080
8449,2005-07-13,18.4017,18.4379,18.2707,18.3014,66766757
8450,2005-07-14,18.5214,18.6604,18.3941,18.4953,103346761
8451,2005-07-15,18.5612,18.7935,18.4442,18.7739,65706672
8452,2005-07-18,18.6939,18.7859,18.5725,18.7256,55482441
8453,2005-07-19,18.9688,19.1293,18.8454,19.0466,137588269
8454,2005-07-20,17.9699,18.2086,17.8111,18.201,190741264
8455,2005-07-21,18.2707,18.2707,17.8966,17.9318,94021832
8456,2005-07-22,17.9941,18.0711,17.7444,17.7444,82777113
8457,2005-07-25,17.8111,17.851,17.5346,17.5883,75184578
8458,2005-07-26,17.6755,17.9098,17.5967,17.8373,79009313
8459,2005-07-27,17.8111,17.9941,17.658,17.9523,72902002
8460,2005-07-28,17.9523,18.1946,17.8827,18.1353,82366583
8461,2005-07-29,18.0972,18.1353,18.0016,18.0016,62554349
8462,2005-08-01,18.0972,18.1631,17.9783,17.9839,52420219
8463,2005-08-02,18.0348,18.3292,18.009,18.2819,61677520
8464,2005-08-03,18.2086,18.3487,18.2086,18.3348,50255082
8465,2005-08-04,18.2141,18.2781,17.917,17.917,68320954
8466,2005-08-05,17.9318,17.9699,17.6645,17.7572,70709018
8467,2005-08-08,17.8177,17.8966,17.2467,17.7185,42183538
8468,2005-08-09,17.7842,18.0348,17.7369,17.8445,70834767
8469,2005-08-10,17.9098,18.1909,17.7713,17.8317,92116200
8470,2005-08-11,17.5883,17.7908,17.4832,17.7908,88709084
8471,2005-08-12,17.5207,17.6105,17.3637,17.4519,96726336
8472,2005-08-15,17.4073,17.6924,17.4011,17.5967,51334567
8473,2005-08-16,17.3712,17.4352,17.2254,17.2467,86483157
8474,2005-08-17,17.2811,17.3637,17.2124,17.3081,70639059
8475,2005-08-18,17.2198,17.3154,17.1207,17.168,57271623
8476,2005-08-19,17.2014,17.2331,16.9889,17.0128,57894759
8477,2005-08-22,17.0881,17.4011,17.0759,17.2887,60054058
8478,2005-08-23,17.3637,17.4352,17.0537,17.0611,69366894
8479,2005-08-24,16.9952,17.3081,16.92,16.9349,71700946
8480,2005-08-25,16.9134,17.0203,16.8634,16.8885,47673539
8481,2005-08-26,16.894,16.9822,16.7882,16.8559,56087986
8482,2005-08-29,16.7966,17.1326,16.7966,17.0684,56714525
8483,2005-08-30,16.9952,17.0462,16.843,16.9638,62605989
8484,2005-08-31,17.0016,17.1018,16.8885,17.0611,62551958
8485,2005-09-01,16.9638,17.0016,16.7417,16.7557,74577362
8486,2005-09-02,16.8235,16.8634,16.7186,16.7678,50250287
8487,2005-09-06,16.9071,17.0759,16.8689,17.0462,55834368
8488,2005-09-07,17.0462,17.0834,16.894,17.0203,53982973
8489,2005-09-08,17.0268,17.3275,17.0016,17.3081,83382416
8490,2005-09-09,17.1539,17.1622,16.7122,16.7483,150320252
8491,2005-09-12,16.7742,16.7966,16.5173,16.5765,76070081
8492,2005-09-13,16.4921,16.698,16.4846,16.5173,86216589
8493,2005-09-14,16.5299,16.6117,16.2128,16.2443,89084566
8494,2005-09-15,16.3175,16.39,16.1402,16.2831,77541981
8495,2005-09-16,16.5097,16.5299,16.3732,16.4568,108309862
8496,2005-09-19,16.4429,16.4986,16.2192,16.3732,56950923
8497,2005-09-20,16.4113,16.6174,16.2322,16.2367,63985968
8498,2005-09-21,16.4642,16.4781,16.2367,16.2506,73809063
8499,2005-09-22,16.2367,16.4113,16.1234,16.2897,63870411
8500,2005-09-23,16.2721,16.2897,16.1515,16.1746,62371144
8501,2005-09-26,16.2255,16.2506,16.0241,16.0678,78666330
8502,2005-09-27,16.0613,16.1997,15.7848,15.8062,86370455
8503,2005-09-28,15.8923,16.0326,15.8349,15.8859,103588543
8504,2005-09-29,15.8923,16.2645,15.8664,16.2367,84271043
8505,2005-09-30,16.2322,16.3732,16.2052,16.3529,56233476
8506,2005-10-03,16.39,16.558,16.3047,16.3175,73957892
8507,2005-10-04,16.3678,16.5299,16.194,16.2506,79661764
8508,2005-10-05,16.2831,16.312,15.9666,15.9666,68826995
8509,2005-10-06,15.9935,16.0809,15.589,15.7605,92723337
8510,2005-10-07,15.8136,15.8923,15.7495,15.7987,46306188
8511,2005-10-10,15.8062,15.8489,15.4755,15.5359,58029199
8512,2005-10-11,15.5954,15.6428,15.4486,15.5359,62755879
8513,2005-10-12,15.3066,15.4486,15.1181,15.417,116181458
8514,2005-10-13,15.4599,15.5668,15.1962,15.3903,102592316
8515,2005-10-14,15.3903,15.4486,15.2555,15.4115,66646763
8516,2005-10-17,15.3756,15.5739,15.3335,15.5628,68267130
8517,2005-10-18,15.6474,15.9129,15.5739,15.7374,117835365
8518,2005-10-19,15.2555,15.7299,15.0912,15.7151,137819997
8519,2005-10-20,15.6428,15.7754,15.5563,15.6658,94161132
8520,2005-10-21,15.8218,15.8218,15.3401,15.3528,94500031
8521,2005-10-24,15.4254,15.4684,15.1887,15.3234,80403465
8522,2005-10-25,15.209,15.4553,15.1458,15.3262,82412895
8523,2005-10-26,15.2797,15.4553,15.2501,15.3066,77826671
8524,2005-10-27,15.2555,15.3826,15.1458,15.1545,62967645
8525,2005-10-28,15.2501,15.4997,15.1133,15.4755,83473652
8526,2005-10-31,15.5563,15.7151,15.5359,15.589,88393310
8527,2005-11-01,15.3679,15.4377,14.9427,15.0243,128151054
8528,2005-11-02,15.0837,15.5238,15.0542,15.4997,96221357
8529,2005-11-03,15.6093,15.9054,15.6093,15.8489,96371337
8530,2005-11-04,15.8987,15.9276,15.6938,15.9129,55846219
8531,2005-11-07,15.9862,16.2831,15.8859,16.2506,75277325
8532,2005-11-08,16.1515,16.3594,16.0613,16.2831,60230426
8533,2005-11-09,16.2581,16.4921,16.2255,16.4494,57684913
8534,2005-11-10,16.7186,16.7966,16.5299,16.7417,123915164
8535,2005-11-11,16.8495,16.8811,16.6238,16.6694,60754610
8536,2005-11-14,16.698,16.8559,16.698,16.829,46508833
8537,2005-11-15,16.698,16.8235,16.6117,16.6341,56554223
8538,2005-11-16,16.6621,16.6824,16.3241,16.4986,74468367
8539,2005-11-17,16.6908,16.7483,16.5238,16.6546,59376105
8540,2005-11-18,16.8559,16.8559,16.2506,16.7808,58658843
8541,2005-11-21,16.7966,16.9134,16.6294,16.7483,52042120
8542,2005-11-22,16.6341,17.4222,16.6238,17.3507,129695474
8543,2005-11-23,17.3219,17.8557,17.3015,17.6712,121609783
8544,2005-11-25,17.6182,18.009,17.6022,17.7842,68823916
8545,2005-11-28,17.8687,17.9783,17.7369,17.8177,118617484
8546,2005-11-29,17.8827,17.9941,17.7239,17.7638,84952856
8547,2005-11-30,17.7185,17.8177,17.658,17.698,75193085
8548,2005-12-01,17.8373,18.1047,17.7713,18.0265,75065116
8549,2005-12-02,17.9839,18.2336,17.9839,18.1946,77955566
8550,2005-12-05,18.0841,18.0972,17.7713,17.8445,71375517
8551,2005-12-06,17.9318,17.9941,17.658,17.6924,76547123
8552,2005-12-07,17.698,17.7045,17.2672,17.3443,98424940
8553,2005-12-08,17.4287,17.4584,16.8087,17.0462,157001385
8554,2005-12-09,16.7483,17.3275,16.698,17.3015,120674540
8555,2005-12-12,17.334,17.7908,17.3275,17.658,113875083
8556,2005-12-13,17.476,17.8373,17.4519,17.7239,69873664
8557,2005-12-14,17.698,17.8111,17.5727,17.6645,162101291
8558,2005-12-15,17.6406,17.8445,17.5883,17.6338,104967356
8559,2005-12-16,17.6264,17.698,17.4965,17.4965,107614517
8560,2005-12-19,17.4965,17.5475,17.1018,17.1018,68174494
8561,2005-12-20,17.1018,17.3154,17.0268,17.1207,69078599
8562,2005-12-21,17.1261,17.3712,16.9822,17.168,51631109
8563,2005-12-22,17.1622,17.3015,17.1085,17.2254,39877086
8564,2005-12-23,17.2599,17.3443,17.168,17.2254,25046878
8565,2005-12-27,17.2467,17.3154,16.8689,16.8885,43666206
8566,2005-12-28,16.9275,17.0073,16.8235,16.8755,39965866
8567,2005-12-29,16.8495,16.9497,16.5916,16.6294,40319702
8568,2005-12-30,16.5848,16.6824,16.4986,16.558,47699944
8569,2006-01-03,16.7186,17.0073,16.5173,16.9638,85023301
8570,2006-01-04,16.9822,17.2051,16.9757,17.1818,69605376
8571,2006-01-05,17.2051,17.5596,17.1873,17.4287,82706819
8572,2006-01-06,17.5727,17.6645,17.386,17.4519,68895750
8573,2006-01-09,17.5273,17.5838,17.3081,17.5596,59468450
8574,2006-01-10,17.4222,17.5207,17.1938,17.3219,70897799
8575,2006-01-11,17.3081,17.464,17.1818,17.3377,79565917
8576,2006-01-12,17.2599,17.5883,17.1622,17.2254,80901940
8577,2006-01-13,17.2383,17.3637,16.9422,17.1085,69810482
8578,2006-01-17,16.9561,17.0834,16.7966,16.9275,130961206
8579,2006-01-18,15.1656,15.3003,14.8313,14.9863,425139915
8580,2006-01-19,15.1256,15.1721,14.847,14.8582,295905489
8581,2006-01-20,14.8656,14.9056,14.4219,14.4285,234007803
8582,2006-01-23,14.5054,14.5463,13.9978,14.163,233759169
8583,2006-01-24,14.2652,14.3209,14.0868,14.1157,159175230
8584,2006-01-25,14.202,14.2075,13.9903,14.0691,166267110
8585,2006-01-26,14.1956,14.4285,14.1101,14.2569,153658735
8586,2006-01-27,14.4285,14.5268,14.293,14.3754,113346311
8587,2006-01-30,14.4794,14.5463,14.3209,14.3607,90203430
8588,2006-01-31,14.3421,14.3988,14.0868,14.0952,117614119
8589,2006-02-01,14.0868,14.3209,14.0804,14.293,108015309
8590,2006-02-02,14.3003,14.3822,14.0441,14.0636,131845670
8591,2006-02-03,14.0053,14.0441,13.7509,13.7593,152831330
8592,2006-02-06,13.7702,13.8305,13.5985,13.6719,100780438
8593,2006-02-07,13.6635,13.8921,13.6117,13.7127,143637333
8594,2006-02-08,13.815,13.8231,13.6246,13.7127,116973210
8595,2006-02-09,13.7778,14.0952,13.7453,13.9281,123296077
8596,2006-02-10,13.9355,14.1556,13.8017,14.123,125152877
8597,2006-02-13,14.0517,14.2226,13.9754,14.0163,99329767
8598,2006-02-14,14.0367,14.2419,14.0163,14.1743,90633631
8599,2006-02-15,14.1743,14.2419,14.0691,14.163,99891711
8600,2006-02-16,14.1704,14.2298,14.0517,14.163,106437490
8601,2006-02-17,13.9355,13.9562,13.6401,13.6719,175772006
8602,2006-02-21,13.6969,13.7593,13.5911,13.6766,101324348
8603,2006-02-22,13.5651,13.5651,13.2022,13.3582,208874385
8604,2006-02-23,13.346,13.5911,13.1874,13.4556,128098221
8605,2006-02-24,13.372,13.6181,13.3516,13.5067,110269870
8606,2006-02-27,13.5651,13.7907,13.5501,13.6117,131389377
8607,2006-02-28,13.6117,13.9355,13.5985,13.6635,140285140
8608,2006-03-01,13.7648,13.9281,13.7127,13.7964,121666053
8609,2006-03-02,13.7323,13.8231,13.5195,13.5911,129985396
8610,2006-03-03,13.246,13.5845,13.1726,13.4789,305725428
8611,2006-03-06,13.5392,13.6401,13.4157,13.463,123189159
8612,2006-03-07,13.3378,13.4008,13.154,13.3082,136718374
8613,2006-03-08,13.2801,13.3934,13.1457,13.2737,124795527
8614,2006-03-09,13.2951,13.372,13.0889,13.1002,105076611
8615,2006-03-10,13.1604,13.2801,13.1205,13.1669,92721279
8616,2006-03-13,13.2143,13.5985,13.061,13.0889,121383933
8617,2006-03-14,13.061,13.2022,13.0269,13.1076,104490474
8618,2006-03-15,13.14,13.246,13.0889,13.2143,105207669
8619,2006-03-16,13.2664,13.3211,13.0269,13.0351,99429743
8620,2006-03-17,13.0945,13.114,12.8625,12.9627,167058822
8621,2006-03-20,12.9024,13.2328,12.9024,13.0128,88411474
8622,2006-03-21,13.1002,13.4789,12.9989,13.1205,186735677
8623,2006-03-22,13.0269,13.2951,12.9989,13.2522,128004599
8624,2006-03-23,13.2522,13.372,13.0546,13.0695,127096501
8625,2006-03-24,13.0816,13.1457,12.8085,12.9989,91088627
8626,2006-03-27,13.0128,13.2143,13.0128,13.1002,90022486
8627,2006-03-28,13.1002,13.1726,12.9777,12.9886,109315590
8628,2006-03-29,12.9989,13.2385,12.9415,13.1457,118646387
8629,2006-03-30,13.1669,13.2876,13.0351,13.0695,104105726
8630,2006-03-31,13.1269,13.1874,12.8337,12.9081,128025876
8631,2006-04-03,13.0269,13.0695,12.8292,12.8337,110542987
8632,2006-04-04,12.856,12.933,12.7705,12.8031,101136796
8633,2006-04-05,12.8085,12.9571,12.7919,12.9199,110073616
8634,2006-04-06,12.9199,12.9989,12.8206,12.856,77933108
8635,2006-04-07,12.8829,12.9777,12.7641,12.7641,82183690
8636,2006-04-10,12.8031,12.9136,12.7705,12.8419,78362449
8637,2006-04-11,12.8688,12.9081,12.6832,12.7057,90615957
8638,2006-04-12,12.7057,12.7845,12.6731,12.6832,66370905
8639,2006-04-13,12.7269,12.9933,12.7138,12.9024,116643434
8640,2006-04-17,12.8688,13.2664,12.5951,12.7269,114975575
8641,2006-04-18,12.7641,12.9199,12.339,12.8625,116219584
8642,2006-04-19,12.8337,12.9989,12.7343,12.9777,156007680
8643,2006-04-20,13.1205,13.2262,12.8688,12.9024,191515806
8644,2006-04-21,12.9712,13.2664,12.6166,12.6436,138960323
8645,2006-04-24,12.6436,12.7705,12.5384,12.5422,101878740
8646,2006-04-25,12.5626,12.7343,12.4383,12.7018,136021477
8647,2006-04-26,12.7018,12.9886,12.6832,12.9255,128652930
8648,2006-04-27,12.8337,13.4008,12.7343,13.3211,202678864
8649,2006-04-28,13.2664,13.4453,13.2088,13.2522,135302743
8650,2006-05-01,13.2737,13.372,12.9081,12.9255,114356759
8651,2006-05-02,13.0351,13.0816,12.9415,12.9933,79594492
8652,2006-05-03,12.9199,13.1809,12.6832,12.7057,101271026
8653,2006-05-04,12.7417,12.9024,12.7417,12.8292,63978804
8654,2006-05-05,12.8968,13.0351,12.8495,12.9415,76641109
8655,2006-05-08,13.0269,13.4157,13.0269,13.3378,154901013
8656,2006-05-09,13.2262,13.9281,13.1269,13.2022,99922585
8657,2006-05-10,13.1457,13.2522,12.933,12.9886,91216217
8658,2006-05-11,12.9839,12.9989,12.7417,12.8419,85671072
8659,2006-05-12,12.777,12.9497,12.6239,12.6303,100293239
8660,2006-05-15,12.6351,12.8337,12.6026,12.8151,94143975
8661,2006-05-16,12.7705,12.8337,12.5561,12.6436,101107242
8662,2006-05-17,12.5702,12.6166,12.3695,12.3769,125702728
8663,2006-05-18,12.4253,12.5301,12.2638,12.3695,113561080
8664,2006-05-19,11.9397,12.26,11.9025,12.1782,285159868
8665,2006-05-22,12.0297,12.2413,11.9203,11.9453,126882423
8666,2006-05-23,12.0214,12.12,11.8655,11.9098,134688458
8667,2006-05-24,11.9397,11.9778,11.7837,11.8655,164155446
8668,2006-05-25,11.9203,11.9778,11.7616,11.9731,102831676
8669,2006-05-26,11.9992,12.1484,11.9453,12.0854,91632907
8670,2006-05-30,12.0214,12.0854,11.7837,11.8144,98815468
8671,2006-05-31,11.8393,12.0633,11.7894,11.9528,114580461
8672,2006-06-01,11.9591,12.0401,11.7996,11.9666,116072501
8673,2006-06-02,11.9591,12.1484,11.9098,12.092,107409674
8674,2006-06-05,12.092,12.1699,11.8655,11.9268,96350314
8675,2006-06-06,11.9453,11.9778,11.7205,11.7996,124023709
8676,2006-06-07,11.795,11.7996,11.4979,11.5351,164313852
8677,2006-06-08,11.4282,11.5183,11.3094,11.3503,172394924
8678,2006-06-09,11.3503,11.4477,11.3344,11.3857,125754791
8679,2006-06-12,11.4412,11.5118,11.1118,11.1851,97466725
8680,2006-06-13,11.1226,11.4682,11.1118,11.3569,174653439
8681,2006-06-14,11.6064,11.8393,11.599,11.7616,177266921
8682,2006-06-15,11.8209,12.0528,11.7894,12.0214,107796802
8683,2006-06-16,11.9731,12.2545,11.9666,12.1421,126011992
8684,2006-06-19,12.2833,12.365,12.0699,12.0992,91209317
8685,2006-06-20,12.1262,12.2108,11.9854,12.0401,76436176
8686,2006-06-21,12.092,12.339,12.0699,12.2052,81254284
8687,2006-06-22,12.2108,12.298,12.0401,12.1068,68478217
8688,2006-06-23,12.0528,12.1329,11.9397,11.9397,73704058
8689,2006-06-26,12.0354,12.1568,12.0214,12.1262,54520662
8690,2006-06-27,12.3453,12.4031,11.9731,11.9731,91896450
8691,2006-06-28,12.0055,12.4093,11.9854,12.3769,99013529
8692,2006-06-29,12.453,12.8419,12.3834,12.8085,115549118
8693,2006-06-30,12.8031,12.8151,12.5626,12.6026,80627412
8694,2006-07-03,12.777,12.8625,12.6963,12.8419,37760591
8695,2006-07-05,12.7417,12.777,12.4318,12.4383,77828260
8696,2006-07-06,12.4706,12.5626,12.4383,12.5061,52796627
8697,2006-07-07,12.4383,12.5702,12.2721,12.312,86743306
8698,2006-07-10,12.3518,12.4167,12.0141,12.0594,64908297
8699,2006-07-11,11.9731,12.3834,11.9397,12.3834,115507488
8700,2006-07-12,12.3258,12.3258,11.8468,11.8589,115634155
8701,2006-07-13,11.806,11.9927,11.7336,11.7532,118364652
8702,2006-07-14,11.741,12.0055,11.7281,11.8589,98613836
8703,2006-07-17,11.806,12.0214,11.7205,11.833,96263271
8704,2006-07-18,11.8877,12.12,11.6947,12.077,104089438
8705,2006-07-19,12.12,12.365,11.9731,12.2638,127912853
8706,2006-07-20,11.9203,11.9397,11.3244,11.3428,205146571
8707,2006-07-21,11.276,11.5414,11.17,11.3791,124525863
8708,2006-07-24,11.3911,11.7133,11.3791,11.5937,82635305
8709,2006-07-25,11.5937,11.7894,11.4821,11.636,71395045
8710,2006-07-26,11.6576,11.7689,11.4412,11.6064,87723217
8711,2006-07-27,11.7532,11.8589,11.5554,11.5878,81989999
8712,2006-07-28,11.663,12.1152,11.663,12.0594,101456997
8713,2006-07-31,12.0055,12.0485,11.9268,11.9397,64541370
8714,2006-08-01,11.8266,11.8655,11.6064,11.7133,59659763
8715,2006-08-02,11.7059,11.7996,11.6501,11.6676,62821186
8716,2006-08-03,11.5814,11.6064,11.4227,11.4979,88085179
8717,2006-08-04,11.6827,11.7205,11.4477,11.599,79879301
8718,2006-08-07,11.5043,11.599,11.4477,11.4895,49526078
8719,2006-08-08,11.5414,11.7059,11.4682,11.5183,68397560
8720,2006-08-09,11.6148,11.8266,11.5043,11.5414,85700704
8721,2006-08-10,11.4821,11.8209,11.4682,11.7773,85218052
8722,2006-08-11,11.6874,11.7996,11.5183,11.5489,62452401
8723,2006-08-14,11.636,11.9666,11.6288,11.8516,92574087
8724,2006-08-15,12.0354,12.0594,11.8962,12.0297,75346462
8725,2006-08-16,12.1068,12.3964,12.0297,12.3453,103225051
8726,2006-08-17,12.3584,12.4031,12.1644,12.312,96353629
8727,2006-08-18,12.2721,12.2906,12.1568,12.2052,93308840
8728,2006-08-21,12.1421,12.1699,11.9927,12.1068,83187784
8729,2006-08-22,12.0594,12.2108,11.9854,12.1644,101576920
8730,2006-08-23,12.2413,12.312,12.092,12.1923,88015104
8731,2006-08-24,12.1857,12.3193,12.1484,12.312,72618707
8732,2006-08-25,12.2331,12.6026,12.2248,12.5384,101092167
8733,2006-08-28,12.6239,12.9024,12.6166,12.856,103119198
8734,2006-08-29,12.9024,13.0695,12.7417,13.0546,112494425
8735,2006-08-30,13.0055,13.2664,12.9777,13.1604,106827164
8736,2006-08-31,13.154,13.1604,12.9571,12.9839,69567832
8737,2006-09-01,13.1958,13.2328,12.9627,13.1874,102949440
8738,2006-09-05,13.2143,13.2801,13.0194,13.2588,120883701
8739,2006-09-06,13.0055,13.1457,12.7845,12.8085,115576615
8740,2006-09-07,12.7566,12.933,12.6436,12.7491,115835753
8741,2006-09-08,12.7705,12.9627,12.7343,12.9024,75288520
8742,2006-09-11,12.7641,12.9777,12.6832,12.8688,86240474
8743,2006-09-12,12.8688,13.1809,12.8151,13.1002,88317057
8744,2006-09-13,13.1002,13.2588,12.9989,13.154,96398980
8745,2006-09-14,13.0816,13.1457,12.933,13.1205,80578163
8746,2006-09-15,13.2262,13.2385,12.9255,12.9415,107730159
8747,2006-09-18,12.9081,13.1002,12.8968,13.0351,81516382
8748,2006-09-19,13.0194,13.0695,12.7641,12.8829,93500410
8749,2006-09-20,12.9415,13.061,12.8968,12.9255,91688059
8750,2006-09-21,12.8968,13.0426,12.6963,12.7269,89107360
8751,2006-09-22,12.7269,12.8419,12.6239,12.6516,73515082
8752,2006-09-25,12.7057,12.9415,12.6166,12.8764,84361465
8753,2006-09-26,12.8206,13.2522,12.8151,13.2385,144705564
8754,2006-09-27,13.3006,13.7648,13.3006,13.5262,198720761
8755,2006-09-28,13.5772,13.815,13.5651,13.7778,147787261
8756,2006-09-29,13.8649,13.8994,13.6117,13.645,109475180
8757,2006-10-02,13.6246,13.7648,13.5344,13.5586,77934151
8758,2006-10-03,13.5344,13.7907,13.3796,13.645,121454265
8759,2006-10-04,13.5911,13.852,13.5911,13.8093,118914108
8760,2006-10-05,13.8093,13.917,13.7044,13.7844,80915385
8761,2006-10-06,13.6635,13.7323,13.5344,13.6823,95807932
8762,2006-10-09,13.6117,13.7907,13.5708,13.6766,70063983
8763,2006-10-10,13.6059,13.942,13.5458,13.8577,111515212
8764,2006-10-11,13.7648,14.1157,13.7593,13.8577,161076753
8765,2006-10-12,14.0053,14.293,13.8994,14.2569,123494980
8766,2006-10-13,14.1804,14.4937,14.1804,14.3272,119001159
8767,2006-10-16,14.5417,14.6132,14.293,14.3348,141141046
8768,2006-10-17,14.0517,14.0804,13.815,13.8649,176804438
8769,2006-10-18,14.3058,14.3486,13.9476,14.0053,173156512
8770,2006-10-19,13.9095,14.0572,13.6823,13.9476,111076758
8771,2006-10-20,14.0367,14.2298,13.9625,14.1499,92186594
8772,2006-10-23,14.0952,14.3272,14.0116,14.2298,80021468
8773,2006-10-24,14.2353,14.486,14.2298,14.3421,94727733
8774,2006-10-25,14.293,14.486,14.2817,14.407,80145332
8775,2006-10-26,14.4155,14.4794,14.3348,14.4416,66361493
8776,2006-10-27,14.3486,14.4416,13.8577,13.9978,150577580
8777,2006-10-30,13.905,14.1499,13.905,14.1026,61735771
8778,2006-10-31,14.0767,14.2158,14.0572,14.1556,83653976
8779,2006-11-01,14.163,14.2075,13.905,13.942,87255530
8780,2006-11-02,13.6823,13.878,13.645,13.7183,102819640
8781,2006-11-03,13.6969,13.7249,13.4992,13.6059,72241540
8782,2006-11-06,13.5344,13.8724,13.4789,13.8017,72103212
8783,2006-11-07,13.7509,14.0441,13.7509,13.7964,73079831
8784,2006-11-08,13.7323,13.8649,13.5985,13.7378,79806445
8785,2006-11-09,13.8017,13.9095,13.5195,13.5458,79637788
8786,2006-11-10,13.5845,13.6886,13.5458,13.6526,48032826
8787,2006-11-13,13.6719,13.9754,13.6526,13.9281,69086188
8788,2006-11-14,14.0441,14.5463,14.0053,14.512,112139217
8789,2006-11-15,14.5548,14.8388,14.435,14.8073,157190320
8790,2006-11-16,14.8073,14.8656,14.6337,14.8107,98823535
8791,2006-11-17,14.7116,14.9231,14.486,14.6598,85680019
8792,2006-11-20,14.5054,14.824,14.2652,14.7739,99179118
8793,2006-11-21,14.7116,14.7739,14.1804,14.3058,131939560
8794,2006-11-22,14.4487,14.486,14.2865,14.4155,62770459
8795,2006-11-24,14.2298,14.4285,14.2075,14.3209,34825824
8796,2006-11-27,14.2353,14.2569,13.8994,13.942,79412885
8797,2006-11-28,13.8649,14.0163,13.7702,13.917,81238828
8798,2006-11-29,14.0636,14.2298,13.9978,14.0868,83231541
8799,2006-11-30,14.0868,14.2569,13.969,14.1872,71515484
8800,2006-12-01,14.1287,14.1956,13.6635,13.8836,98140005
8801,2006-12-04,14.0053,14.2298,13.8017,14.0767,94610782
8802,2006-12-05,14.0636,14.1956,14.0053,14.0116,50857120
8803,2006-12-06,14.0237,14.0691,13.815,13.8649,70692246
8804,2006-12-07,13.9355,14.0952,13.6886,13.6969,84140037
8805,2006-12-08,13.6969,13.8305,13.6246,13.7183,62888728
8806,2006-12-11,13.6719,13.878,13.6589,13.7323,56824631
8807,2006-12-12,13.6635,13.8231,13.5772,13.7509,69682747
8808,2006-12-13,13.8305,13.8577,13.7044,13.7323,71989309
8809,2006-12-14,13.7323,14.0237,13.5392,13.7778,74576825
8810,2006-12-15,13.878,14.0636,13.838,13.905,122504953
8811,2006-12-18,13.9625,14.1287,13.7044,13.8231,73816838
8812,2006-12-19,13.6766,13.7453,13.5708,13.7044,71440561
8813,2006-12-20,13.7044,13.8921,13.645,13.6635,46806594
8814,2006-12-21,13.6635,13.7127,13.4082,13.5124,73851621
8815,2006-12-22,13.4992,13.5501,13.3211,13.3211,52622557
8816,2006-12-26,13.2951,13.4556,13.2876,13.3638,46031974
8817,2006-12-27,13.4353,13.5985,13.4157,13.5344,48068633
8818,2006-12-28,13.5344,13.5845,13.4836,13.5458,44718156
8819,2006-12-29,13.4836,13.6181,13.4221,13.4353,55907435
8820,2007-01-03,13.5501,13.852,13.3582,13.4992,104015726
8821,2007-01-04,13.6823,14.1499,13.6401,14.0441,134009206
8822,2007-01-05,13.9903,14.0295,13.7702,13.9978,97305364
8823,2007-01-08,14.0952,14.1556,13.8994,13.9355,79571528
8824,2007-01-09,14.0441,14.0691,13.838,13.9476,81940534
8825,2007-01-10,13.983,14.3421,13.9476,14.2752,115070473
8826,2007-01-11,14.3209,14.6262,13.9476,14.5417,149644318
8827,2007-01-12,14.4611,14.6941,14.3348,14.6811,136740223
8828,2007-01-16,14.6598,14.7924,14.4487,14.7924,198704722
8829,2007-01-17,14.0767,14.2652,13.7844,13.9562,290140306
8830,2007-01-18,13.8577,13.8649,13.5985,13.6969,152649827
8831,2007-01-19,13.6969,13.8447,13.6635,13.8093,97151258
8832,2007-01-22,13.878,13.942,13.6969,13.7907,115958786
8833,2007-01-23,13.8447,13.852,13.5708,13.6319,100691902
8834,2007-01-24,13.6766,13.8447,13.645,13.8231,84333192
8835,2007-01-25,13.8231,13.9562,13.6635,13.6635,86227476
8836,2007-01-26,13.7249,13.8649,13.6059,13.6181,93761084
8837,2007-01-29,13.7964,14.0237,13.7323,13.8577,150270768
8838,2007-01-30,13.9754,14.0163,13.8093,13.8836,92979052
8839,2007-01-31,13.8994,13.942,13.7249,13.905,72111717
8840,2007-02-01,13.9095,14.0237,13.8447,14.0053,76081952
8841,2007-02-02,14.0163,14.0952,13.9476,14.0804,83352668
8842,2007-02-05,14.0767,14.202,14.0367,14.1157,95526538
8843,2007-02-06,14.1704,14.2569,13.983,14.1349,84255606
8844,2007-02-07,14.1804,14.3754,14.0868,14.269,86901676
8845,2007-02-08,14.1349,14.2075,14.0517,14.1704,60706869
8846,2007-02-09,14.1956,14.2865,13.878,13.9476,121203189
8847,2007-02-12,13.8836,13.917,13.7648,13.7964,72176373
8848,2007-02-13,13.815,13.8994,13.7323,13.8447,83383809
8849,2007-02-14,13.9095,14.1287,13.8921,14.0237,85251264
8850,2007-02-15,14.0295,14.163,14.0163,14.1349,67424637
8851,2007-02-16,14.0636,14.1956,14.0295,14.0804,71614420
8852,2007-02-20,13.969,14.1436,13.8649,14.0517,72271634
8853,2007-02-21,13.8994,13.9226,13.7509,13.852,104549364
8854,2007-02-22,13.9226,13.9754,13.7844,13.9095,79038280
8855,2007-02-23,13.8093,13.9281,13.7648,13.7702,114213086
8856,2007-02-26,13.8017,13.9281,13.6117,13.8305,108926878
8857,2007-02-27,13.5911,13.6635,13.2737,13.2876,149244676
8858,2007-02-28,13.2876,13.4008,13.1343,13.1726,154921081
8859,2007-03-01,12.933,13.1343,12.8292,12.9933,163239782
8860,2007-03-02,12.9497,12.9989,12.7343,12.7491,144121957
8861,2007-03-05,12.6026,12.9081,12.5384,12.6731,132518185
8862,2007-03-06,12.8337,12.8688,12.7018,12.8688,100821812
8863,2007-03-07,12.8495,12.9024,12.6583,12.6832,103016396
8864,2007-03-08,12.7974,12.8151,12.7057,12.7566,70084866
8865,2007-03-09,12.8688,12.8829,12.6351,12.6731,76840138
8866,2007-03-12,12.6731,13.0269,12.6657,12.9199,102845480
8867,2007-03-13,12.7974,12.9255,12.6832,12.6832,99832389
8868,2007-03-14,12.7057,12.7641,12.5702,12.7566,105607355
8869,2007-03-15,12.7343,12.8031,12.6101,12.6963,78446868
8870,2007-03-16,12.7343,12.7491,12.6303,12.7018,85188558
8871,2007-03-19,12.7269,12.7919,12.5702,12.6786,89177586
8872,2007-03-20,12.6303,12.6899,12.5488,12.5951,94777354
8873,2007-03-21,12.6239,12.8419,12.5422,12.8292,92805964
8874,2007-03-22,12.7641,12.8085,12.6786,12.7057,78419632
8875,2007-03-23,12.7057,12.8419,12.7057,12.7845,56649901
8876,2007-03-26,12.7705,12.8292,12.6303,12.7974,59125978
8877,2007-03-27,12.7566,12.7845,12.6303,12.6436,75795877
8878,2007-03-28,12.6026,12.6351,12.5125,12.5125,77391266
8879,2007-03-29,12.6026,12.6731,12.4383,12.6657,107020507
8880,2007-03-30,12.6436,12.7195,12.5384,12.6899,90695997
8881,2007-04-02,12.7018,12.7641,12.6239,12.6899,81618727
8882,2007-04-03,12.7641,12.8688,12.7269,12.8085,80312608
8883,2007-04-04,12.8292,12.8968,12.7566,12.856,74587761
8884,2007-04-05,12.8031,12.9886,12.777,12.9886,55311696
8885,2007-04-09,13.1874,13.4288,13.1669,13.3322,177272841
8886,2007-04-10,13.3211,13.7593,13.3155,13.7183,142904500
8887,2007-04-11,13.6589,13.7509,13.5458,13.5772,136747126
8888,2007-04-12,13.4992,13.6319,13.4353,13.5985,96002694
8889,2007-04-13,13.5344,13.5845,13.4353,13.5708,66411104
8890,2007-04-16,13.5344,13.7509,13.5195,13.7249,85438855
8891,2007-04-17,13.7127,13.9281,13.7044,13.917,155661913
8892,2007-04-18,13.9281,14.2484,13.9281,14.163,169750625
8893,2007-04-19,14.0295,14.5268,14.0237,14.4675,147081809
8894,2007-04-20,14.6132,14.7246,14.369,14.6986,181479284
8895,2007-04-23,14.6075,14.6811,14.4563,14.5353,84098861
8896,2007-04-24,14.5353,14.6531,14.4219,14.5548,128471085
8897,2007-04-25,14.5808,14.7924,14.4611,14.7599,103944658
8898,2007-04-26,14.6811,14.7385,14.5928,14.6531,94353638
8899,2007-04-27,14.5353,14.6531,14.474,14.5054,73596080
8900,2007-04-30,14.4487,14.4937,14.2484,14.2652,91097736
8901,2007-05-01,14.2817,14.4794,14.2298,14.3561,91539473
8902,2007-05-02,14.4416,14.6399,14.4285,14.5463,103499673
8903,2007-05-03,14.668,14.6811,14.3988,14.4219,107225851
8904,2007-05-04,14.5612,14.6075,14.4675,14.5268,79957019
8905,2007-05-07,14.5353,14.6811,14.4937,14.5669,55741269
8906,2007-05-08,14.5417,14.7246,14.4611,14.6941,74665806
8907,2007-05-09,14.5928,14.9299,14.5612,14.9056,109509958
8908,2007-05-10,14.8388,15.0542,14.6262,14.7319,98785611
8909,2007-05-11,14.747,14.8582,14.6875,14.7801,69713363
8910,2007-05-14,14.824,14.887,14.5864,14.6753,75676406
8911,2007-05-15,14.6399,14.8313,14.5268,14.5993,86545072
8912,2007-05-16,14.6132,14.7541,14.5353,14.7116,91652195
8913,2007-05-17,14.7924,14.8992,14.7116,14.747,88508899
8914,2007-05-18,15.042,15.0912,14.9299,15.0542,102814912
8915,2007-05-21,15.0542,15.1812,14.9427,15.0115,77098502
8916,2007-05-22,15.1812,15.3132,15.0476,15.2501,100170934
8917,2007-05-23,15.2426,15.3467,15.0243,15.0375,95843239
8918,2007-05-24,15.0616,15.0912,14.474,14.5723,131131914
8919,2007-05-25,14.6399,14.7924,14.6207,14.6986,57339519
8920,2007-05-29,14.6986,14.8795,14.6753,14.7924,73171696
8921,2007-05-30,14.6337,14.7924,14.4937,14.6457,87870524
8922,2007-05-31,14.6457,14.7189,14.5417,14.7032,74326945
8923,2007-06-01,14.8164,14.9938,14.7999,14.8313,73198475
8924,2007-06-04,14.7599,14.9511,14.6753,14.6986,72638598
8925,2007-06-05,14.6875,14.7541,14.5,14.5669,84308402
8926,2007-06-06,14.5268,14.5723,14.2353,14.2569,104077993
8927,2007-06-07,14.2569,14.3486,14.123,14.1349,98631549
8928,2007-06-08,14.1704,14.512,14.163,14.4794,91926631
8929,2007-06-11,14.3941,14.6457,14.3867,14.5463,63679845
8930,2007-06-12,14.5054,14.9231,14.486,14.7246,90004404
8931,2007-06-13,14.7654,15.1748,14.7246,15.0375,113699068
8932,2007-06-14,15.0115,15.6093,15.0115,15.4115,129151953
8933,2007-06-15,15.9054,16.0866,15.7848,16.0809,240037273
8934,2007-06-18,16.04,16.1234,15.7912,16.0326,85802234
8935,2007-06-19,15.9276,16.2192,15.8923,15.9862,101236484
8936,2007-06-20,16.0809,16.1515,15.8552,15.8803,94972988
8937,2007-06-21,15.8413,16.1746,15.7791,16.1098,84612828
8938,2007-06-22,16.04,16.0743,15.7151,15.7225,106211375
8939,2007-06-25,15.7551,15.8489,15.4486,15.5739,75509536
8940,2007-06-26,15.6428,15.7374,15.4811,15.508,74312878
8941,2007-06-27,15.4486,15.8218,15.4431,15.7791,76573704
8942,2007-06-28,15.9935,16.0326,15.8284,15.8664,71848308
8943,2007-06-29,15.8923,16.0613,15.6232,15.7437,76319215
8944,2007-07-02,15.8413,16.1162,15.8284,16.0995,73731609
8945,2007-07-03,16.1162,16.3175,16.0918,16.312,44026123
8946,2007-07-05,16.2255,16.3797,16.2052,16.3175,55298879
8947,2007-07-06,16.2645,16.4846,16.2581,16.3732,71843762
8948,2007-07-09,16.4494,16.5988,16.4429,16.5498,115016931
8949,2007-07-10,16.4494,16.7046,16.4161,16.5616,97835143
8950,2007-07-11,16.4568,16.5173,16.2192,16.297,84462189
8951,2007-07-12,16.4161,17.2467,16.297,17.2467,203037899
8952,2007-07-13,17.0881,17.2467,17.0333,17.2254,96726493
8953,2007-07-16,17.2254,17.2736,17.1326,17.2124,75399926
8954,2007-07-17,17.296,17.5883,17.2331,17.4584,182543736
8955,2007-07-18,16.5498,16.8087,16.4568,16.6238,202598329
8956,2007-07-19,16.6694,16.7966,16.6406,16.7557,94249950
8957,2007-07-20,16.7808,16.7808,16.2367,16.2831,144113828
8958,2007-07-23,16.3047,16.5616,16.297,16.3983,85031036
8959,2007-07-24,16.194,16.5173,16.194,16.2645,103324645
8960,2007-07-25,16.3797,16.3983,16.1671,16.2506,76498345
8961,2007-07-26,16.0918,16.2128,15.6735,15.9202,130136611
8962,2007-07-27,15.8489,15.9535,15.6093,15.6175,119115847
8963,2007-07-30,15.6658,16.0206,15.6232,15.8218,104701357
8964,2007-07-31,15.9862,16.04,15.6474,15.6658,92805896
8965,2007-08-01,15.7069,15.8923,15.4051,15.7848,139764151
8966,2007-08-02,15.7848,16.2052,15.6474,16.1162,112853202
8967,2007-08-03,16.0613,16.2443,15.8413,15.8618,116351568
8968,2007-08-06,15.9202,16.0549,15.7754,16.0077,96625968
8969,2007-08-07,15.9202,16.1319,15.7551,16.0,90202188
8970,2007-08-08,16.1234,16.4307,16.04,16.3732,114191254
8971,2007-08-09,16.1319,16.4113,15.8664,15.8664,107820891
8972,2007-08-10,15.8618,16.1458,15.589,15.9054,103454313
8973,2007-08-13,16.0464,16.1319,15.8923,15.934,76059401
8974,2007-08-14,15.934,16.1746,15.7754,15.7848,83094587
8975,2007-08-15,15.7437,15.9129,15.3977,15.4051,95328172
8976,2007-08-16,15.4115,15.6474,14.6531,15.3234,177971431
8977,2007-08-17,15.8218,15.9202,15.4811,15.7225,142546430
8978,2007-08-20,15.7848,16.1098,15.6938,15.9935,86446480
8979,2007-08-21,15.9535,15.9535,15.7299,15.8489,86501687
8980,2007-08-22,15.9535,16.0549,15.8803,16.0206,76910866
8981,2007-08-23,16.1098,16.1319,15.9202,16.0743,58200424
8982,2007-08-24,16.0613,16.504,15.9666,16.4429,77931217
8983,2007-08-27,16.39,16.39,16.1671,16.2192,69006163
8984,2007-08-28,16.0866,16.2581,15.8738,15.8923,84693061
8985,2007-08-29,16.1162,16.7186,16.0678,16.6406,123789933
8986,2007-08-30,16.5097,16.9952,16.5097,16.7678,103737161
8987,2007-08-31,16.9422,17.1139,16.9349,17.0834,85184503
8988,2007-09-04,17.1139,17.5346,17.0834,17.3637,116911121
8989,2007-09-05,17.2467,17.3786,17.1085,17.2383,89841497
8990,2007-09-06,17.2736,17.4011,17.168,17.3443,74609118
8991,2007-09-07,17.0268,17.0759,16.7557,16.894,98483533
8992,2007-09-10,17.1938,17.3925,16.7417,16.8152,161759771
8993,2007-09-11,16.9422,17.1763,16.7557,17.0203,93113487
8994,2007-09-12,16.92,17.1474,16.803,16.8885,91686301
8995,2007-09-13,16.9497,17.0073,16.7483,16.8152,98056498
8996,2007-09-14,16.5299,16.7122,16.3175,16.5375,100790594
8997,2007-09-17,16.4921,16.6341,16.4226,16.4846,69750803
8998,2007-09-18,16.5498,16.9071,16.5097,16.8559,108578789
8999,2007-09-19,16.9561,17.1018,16.8689,17.0333,104178838
9000,2007-09-20,16.9071,17.2198,16.9004,17.1207,77849117
9001,2007-09-21,17.2524,17.2811,17.0881,17.1622,106126239
9002,2007-09-24,17.2254,17.4073,17.1261,17.2331,75797580
9003,2007-09-25,17.1326,17.3573,17.0881,17.1763,75641505
9004,2007-09-26,17.2254,17.4832,17.1139,17.1873,103444647
9005,2007-09-27,17.296,17.3154,17.0462,17.0881,71531961
9006,2007-09-28,17.0537,18.3823,17.0268,17.1539,64683286
9007,2007-10-01,17.2887,17.6105,17.1539,17.4908,82160306
9008,2007-10-02,17.4483,17.6338,17.3507,17.4965,68948518
9009,2007-10-03,17.1622,17.2811,16.9638,17.1207,114685838
9010,2007-10-04,17.1085,17.1326,16.829,16.9822,66825132
9011,2007-10-05,17.0462,17.2051,16.9071,16.9422,108841588
9012,2007-10-08,16.9134,17.0881,16.894,17.0203,52077010
9013,2007-10-09,17.0203,17.1539,16.9497,17.1326,66144209
9014,2007-10-10,17.1818,17.2014,17.0016,17.168,57741299
9015,2007-10-11,17.1474,17.3637,16.6908,16.8689,135250582
9016,2007-10-12,16.9692,17.0333,16.803,16.9497,73321677
9017,2007-10-15,16.9638,17.296,16.9638,17.0834,112319372
9018,2007-10-16,17.1018,17.2331,16.7623,16.9004,159796013
9019,2007-10-17,17.7638,17.8966,17.4148,17.7239,282869112
9020,2007-10-18,17.5838,17.8966,17.5596,17.8901,99776668
9021,2007-10-19,17.7982,17.8111,17.4287,17.4483,121713098
9022,2007-10-22,17.2124,17.7045,17.1474,17.6712,94512506
9023,2007-10-23,17.6514,17.7908,17.3507,17.7796,101223873
9024,2007-10-24,17.464,17.5041,16.8885,17.2524,135338605
9025,2007-10-25,17.334,17.4148,16.9349,17.1763,86712031
9026,2007-10-26,17.476,17.5475,17.1018,17.2051,92886566
9027,2007-10-29,17.2599,17.476,17.2467,17.4222,80282639
9028,2007-10-30,17.3219,17.4908,17.3154,17.4287,62480642
9029,2007-10-31,17.4908,17.8445,17.476,17.8445,97699874
9030,2007-11-01,17.7239,17.9643,17.5789,17.5789,130536747
9031,2007-11-02,17.7444,17.8827,17.5122,17.7796,88383364
9032,2007-11-05,17.5727,17.9318,17.5401,17.8056,82717125
9033,2007-11-06,17.8827,18.2568,17.8827,18.2336,104502995
9034,2007-11-07,17.9941,18.2707,17.8261,17.8445,107709691
9035,2007-11-08,17.8317,17.8827,16.7742,17.2014,137732451
9036,2007-11-09,16.8235,17.0073,16.5848,16.6824,108049366
9037,2007-11-12,16.8495,16.9638,16.6481,16.8235,109910310
9038,2007-11-13,16.9275,17.3377,16.7742,17.3377,93630265
9039,2007-11-14,17.5838,17.5883,17.0947,17.1474,95297685
9040,2007-11-15,17.1207,17.2887,16.7678,16.9349,101009127
9041,2007-11-16,17.0203,17.1018,16.698,16.92,121265102
9042,2007-11-19,16.8811,16.9822,16.6481,16.698,78874287
9043,2007-11-20,16.7808,17.0834,16.5238,16.9275,112579841
9044,2007-11-21,16.6406,16.7742,16.2797,16.3389,104818486
9045,2007-11-23,16.3732,16.6481,16.2831,16.6294,55155732
9046,2007-11-26,16.558,16.7966,16.1319,16.1671,80116424
9047,2007-11-27,16.4161,16.6908,16.2443,16.6546,94849983
9048,2007-11-28,16.9134,17.4519,16.9134,17.3712,90345873
9049,2007-11-29,17.2811,17.5596,17.2524,17.4706,65199959
9050,2007-11-30,17.5883,17.684,17.0611,17.3015,98744689
9051,2007-12-03,17.2811,17.7638,17.2524,17.4148,84525916
9052,2007-12-04,17.14,17.5883,17.1326,17.4519,67091627
9053,2007-12-05,17.8445,18.2141,17.8373,18.0572,103245240
9054,2007-12-06,18.0265,18.5657,18.0201,18.5612,91193746
9055,2007-12-07,18.4285,18.5083,18.2875,18.3941,71614927
9056,2007-12-10,18.2819,18.4953,18.0778,18.4285,68528873
9057,2007-12-11,18.4156,18.4517,17.851,17.8615,101847588
9058,2007-12-12,18.1761,18.3885,17.8373,18.0972,85280202
9059,2007-12-13,17.903,18.2411,17.7842,18.0126,80585979
9060,2007-12-14,17.7842,17.8056,17.3712,17.4407,103614222
9061,2007-12-17,17.4011,17.4352,16.8363,17.0611,95682353
9062,2007-12-18,17.1818,17.3377,16.9757,17.1873,67385039
9063,2007-12-19,17.1474,17.4148,17.1261,17.3712,50582963
9064,2007-12-20,17.5122,17.5967,17.2524,17.5207,60437748
9065,2007-12-21,17.6924,17.8827,17.6338,17.8827,88371989
9066,2007-12-24,17.7982,18.1555,17.7444,18.1163,33898617
9067,2007-12-26,18.0126,18.2214,17.9941,18.2086,32128263
9068,2007-12-27,18.148,18.1909,17.7572,17.7982,44588555
9069,2007-12-28,17.9318,18.0896,17.6755,17.7509,52734207
9070,2007-12-31,17.6645,17.9098,17.6406,17.684,35151009
9071,2008-01-02,17.464,17.4706,16.5498,16.8152,126987645
9072,2008-01-03,16.829,16.8495,16.1746,16.3678,128349780
9073,2008-01-04,15.5563,15.6537,14.824,15.0375,262373238
9074,2008-01-07,15.0912,15.2797,14.8313,15.1748,168012396
9075,2008-01-08,15.1962,15.3401,14.747,14.7654,121370097
9076,2008-01-09,14.8582,15.1721,14.7654,15.0912,110393089
9077,2008-01-10,14.9734,15.0542,14.7246,14.9511,122306469
9078,2008-01-11,14.7599,14.8313,14.4416,14.5864,114333285
9079,2008-01-14,15.1812,15.3903,14.8656,15.3132,128067202
9080,2008-01-15,15.2555,15.3903,14.9299,15.0476,193467248
9081,2008-01-16,13.3006,13.5262,13.0695,13.1874,466303836
9082,2008-01-17,13.3006,13.3006,12.7417,12.8206,260253333
9083,2008-01-18,12.8337,13.0351,12.5702,12.6026,216241115
9084,2008-01-22,12.0633,12.6026,11.9731,12.3584,221488944
9085,2008-01-23,12.1699,13.4082,12.0992,13.2522,262089514
9086,2008-01-24,13.4353,13.7593,13.3155,13.7249,135993487
9087,2008-01-25,14.0868,14.1157,13.2588,13.2664,157335453
9088,2008-01-28,13.2328,13.463,13.0128,13.4556,103444320
9089,2008-01-29,13.5501,13.6719,13.4353,13.5985,117969036
9090,2008-01-30,13.4836,14.0767,13.4556,13.7249,144472503
9091,2008-01-31,13.5501,14.1556,13.5067,13.9978,151134757
9092,2008-02-01,14.2652,14.474,14.0767,14.435,99113146
9093,2008-02-04,14.4219,14.4285,14.0367,14.0636,99046787
9094,2008-02-05,13.7183,13.8447,13.3322,13.346,129000227
9095,2008-02-06,13.3582,13.5501,13.2022,13.2088,110391268
9096,2008-02-07,13.1076,13.5067,12.933,13.3006,115959982
9097,2008-02-08,13.2328,13.4836,13.2328,13.4453,81659785
9098,2008-02-11,13.5772,13.8093,13.3638,13.7183,81071098
9099,2008-02-12,13.7453,13.9226,13.6401,13.8649,87036060
9100,2008-02-13,13.983,14.1157,13.838,14.0691,74974831
9101,2008-02-14,13.9226,13.9226,13.5708,13.5708,107887845
9102,2008-02-15,13.5344,13.6246,13.2522,13.3378,116875725
9103,2008-02-19,13.5262,13.7183,13.3006,13.372,99051997
9104,2008-02-20,13.3852,13.6059,13.372,13.5195,108136028
9105,2008-02-21,13.6886,13.9226,13.3516,13.463,118928544
9106,2008-02-22,13.5458,13.5985,12.9415,13.1457,202385930
9107,2008-02-25,13.0889,13.2522,12.9415,13.2262,124657780
9108,2008-02-26,13.1669,13.8447,13.114,13.7249,118805368
9109,2008-02-27,13.4397,13.8577,13.4221,13.7778,121944356
9110,2008-02-28,13.6181,13.7453,13.4789,13.5911,84603036
9111,2008-02-29,13.5195,13.5262,13.2262,13.2385,115189787
9112,2008-03-03,13.2951,13.5195,13.2207,13.2737,113823248
9113,2008-03-04,13.0546,13.3006,12.8968,13.2664,187080318
9114,2008-03-05,13.2876,13.4221,13.1604,13.3934,93806115
9115,2008-03-06,13.372,13.4157,13.154,13.1809,98806080
9116,2008-03-07,13.1076,13.5262,13.1002,13.3155,111108535
9117,2008-03-10,13.3155,13.5985,13.246,13.346,101594399
9118,2008-03-11,13.5911,14.0767,13.5651,14.0636,117831950
9119,2008-03-12,14.0053,14.2569,13.917,14.0116,79952492
9120,2008-03-13,13.8093,14.2569,13.7593,14.1157,100660535
9121,2008-03-14,14.1872,14.2226,13.6181,13.7044,120675735
9122,2008-03-17,13.3796,14.0295,13.3638,13.8305,101708291
9123,2008-03-18,14.1287,14.4285,14.0572,14.4285,108953057
9124,2008-03-19,14.3348,14.4155,13.983,13.983,105022836
9125,2008-03-20,14.2158,14.435,13.9903,14.4285,101567644
9126,2008-03-24,14.435,14.8935,14.4285,14.6811,81102501
9127,2008-03-25,14.8073,14.8582,14.6132,14.7739,72718352
9128,2008-03-26,14.6207,14.6399,14.3988,14.5,78034897
9129,2008-03-27,14.5054,14.5353,13.983,13.9903,107831222
9130,2008-03-28,14.0691,14.2158,13.7509,13.7907,89583440
9131,2008-03-31,13.7249,14.1499,13.7127,14.0517,72432150
9132,2008-04-01,14.2752,14.5928,14.1956,14.5723,83640128
9133,2008-04-02,14.6075,14.6132,14.3607,14.4937,65988650
9134,2008-04-03,14.3988,14.6598,14.2817,14.5463,67914642
9135,2008-04-04,14.5723,14.7116,14.3754,14.5054,62235983
9136,2008-04-07,14.5463,14.6531,14.369,14.4285,59771258
9137,2008-04-08,14.1804,14.2865,13.9562,13.983,83250396
9138,2008-04-09,13.9562,14.2158,13.7778,14.2075,95631538
9139,2008-04-10,14.3003,14.887,14.293,14.6457,108605640
9140,2008-04-11,14.4675,14.5353,14.0053,14.0868,93306123
9141,2008-04-14,13.9978,14.1287,13.6886,13.7249,90507459
9142,2008-04-15,13.852,13.8921,13.5985,13.8724,137997896
9143,2008-04-16,14.8723,14.9103,14.5,14.6811,164337736
9144,2008-04-17,14.6875,14.7924,14.5417,14.668,87027609
9145,2008-04-18,14.9158,15.0115,14.747,14.9586,102933592
9146,2008-04-21,14.9056,14.9799,14.8107,14.8992,72051481
9147,2008-04-22,14.7654,14.8656,14.5054,14.5864,84866923
9148,2008-04-23,14.6875,14.9734,14.5928,14.9652,93432774
9149,2008-04-24,14.9799,15.2713,14.8164,15.0476,77343649
9150,2008-04-25,15.0115,15.0198,14.6337,14.9652,71764436
9151,2008-04-28,14.8795,15.1545,14.8107,15.0616,71599915
9152,2008-04-29,15.0115,15.1256,14.8935,15.0078,61300620
9153,2008-04-30,15.0756,15.0968,14.6875,14.7654,85128775
9154,2008-05-01,14.8313,15.5284,14.8313,15.4486,107771549
9155,2008-05-02,15.6604,15.6938,15.3401,15.6428,88909155
9156,2008-05-05,15.508,15.8489,15.3756,15.4254,58236886
9157,2008-05-06,15.3132,15.7299,15.3132,15.6428,69035115
9158,2008-05-07,15.5416,15.7495,15.5416,15.5668,47776555
9159,2008-05-08,15.508,15.6604,15.3262,15.5238,75520171
9160,2008-05-09,15.3467,15.6363,15.3401,15.4997,60367971
9161,2008-05-12,15.4942,15.7299,15.3903,15.679,51896475
9162,2008-05-13,15.679,15.8738,15.6537,15.7605,59433223
9163,2008-05-14,15.8218,16.1098,15.7605,15.8136,88903979
9164,2008-05-15,15.8618,16.5765,15.8218,16.5616,116747139
9165,2008-05-16,16.5616,16.5848,16.2645,16.5848,90429522
9166,2008-05-19,16.6824,16.7742,16.4429,16.504,92329615
9167,2008-05-20,16.2831,16.3305,15.7848,15.9778,111314586
9168,2008-05-21,15.8552,16.0549,15.6017,15.6938,97153087
9169,2008-05-22,15.7987,16.0077,15.7437,15.8413,61912079
9170,2008-05-23,15.7437,15.7987,15.3132,15.5284,89054459
9171,2008-05-27,15.4377,15.7374,15.4377,15.6537,79613770
9172,2008-05-28,15.7848,15.7912,15.3467,15.5668,75809655
9173,2008-05-29,15.4051,15.4684,15.1256,15.3467,82727107
9174,2008-05-30,15.4431,15.6232,15.3066,15.3756,83599985
9175,2008-06-02,15.3234,15.508,15.1387,15.3903,76218188
9176,2008-06-03,15.4811,15.7151,15.1608,15.2175,98716662
9177,2008-06-04,15.1314,15.7069,15.1314,15.5739,86697476
9178,2008-06-05,15.679,15.9202,15.4885,15.8349,78158183
9179,2008-06-06,15.6938,15.7225,15.1887,15.1887,105304943
9180,2008-06-09,15.2713,15.3234,14.8164,15.0968,86263346
9181,2008-06-10,14.7999,15.1887,14.7999,15.042,85281353
9182,2008-06-11,14.9427,15.0198,14.4563,14.4675,90145762
9183,2008-06-12,14.512,15.0021,14.512,14.6262,90815755
9184,2008-06-13,14.7246,15.0542,14.7189,15.0319,64828026
9185,2008-06-16,14.8935,15.3132,14.8656,15.1656,67494579
9186,2008-06-17,15.2175,15.264,14.9734,14.9799,66316254
9187,2008-06-18,14.847,15.042,14.7319,14.7801,62613797
9188,2008-06-19,14.7032,15.3234,14.6875,15.1608,73144570
9189,2008-06-20,15.0837,15.0837,14.7999,14.8388,107061375
9190,2008-06-23,14.9231,15.0616,14.7999,14.8313,69763191
9191,2008-06-24,14.7319,15.1314,14.7116,14.8656,69534319
9192,2008-06-25,14.8723,15.2555,14.8723,15.0243,82408773
9193,2008-06-26,14.7924,14.9363,14.3143,14.3209,85131486
9194,2008-06-27,14.3272,14.486,14.0767,14.2569,89739499
9195,2008-06-30,14.1872,14.5268,14.1556,14.2484,75623374
9196,2008-07-01,14.1101,14.4794,14.0116,14.3058,100788756
9197,2008-07-02,14.3272,14.4675,13.8447,13.8836,72004904
9198,2008-07-03,13.6886,13.7964,13.4397,13.7044,62358472
9199,2008-07-07,13.7844,14.1026,13.4556,13.7378,71296955
9200,2008-07-08,13.7249,14.0163,13.4704,13.878,88104378
9201,2008-07-09,13.8649,13.8649,13.1076,13.14,102357794
9202,2008-07-10,13.1874,13.7778,13.0752,13.6766,141140928
9203,2008-07-11,13.4453,14.0517,13.2588,13.6886,112024516
9204,2008-07-14,13.942,14.0295,13.4789,13.5772,73973180
9205,2008-07-15,13.4353,14.0517,13.4157,13.7378,149956041
9206,2008-07-16,13.9476,14.0295,13.4221,13.8724,131595943
9207,2008-07-17,14.0767,14.8582,13.9562,14.5864,141719891
9208,2008-07-18,14.5268,14.7032,14.2419,14.6531,82508514
9209,2008-07-21,14.6986,14.7599,14.5612,14.6531,73317408
9210,2008-07-22,14.4416,14.6753,14.3486,14.6531,104499980
9211,2008-07-23,14.7246,15.0078,14.6075,14.7924,85322946
9212,2008-07-24,14.6262,14.6875,14.3421,14.3754,92581348
9213,2008-07-25,14.4611,14.6457,14.3003,14.5993,60432593
9214,2008-07-28,14.5,14.5928,14.3348,14.3754,75166867
9215,2008-07-29,14.3561,14.7599,14.3561,14.747,71425648
9216,2008-07-30,14.7924,14.8935,14.1157,14.747,79318925
9217,2008-07-31,14.5463,14.9938,14.5417,14.7189,98388386
9218,2008-08-01,14.8656,14.9363,14.5808,14.824,63501618
9219,2008-08-04,14.824,15.0243,14.7032,14.9363,62535291
9220,2008-08-05,15.0912,15.2936,14.8992,15.2713,82242074
9221,2008-08-06,15.2018,15.2797,14.8992,15.1256,75265845
9222,2008-08-07,15.0681,15.9535,15.0542,15.7003,170835323
9223,2008-08-08,15.7551,16.1162,15.6537,16.0743,104702722
9224,2008-08-11,16.0129,16.4113,15.8738,16.1746,77653706
9225,2008-08-12,16.1162,16.312,15.9535,16.2645,78238810
9226,2008-08-13,16.1162,16.4161,15.9408,16.0,69722492
9227,2008-08-14,15.8552,16.2443,15.7605,16.1597,76016650
9228,2008-08-15,16.1876,16.2506,16.04,16.0918,64927795
9229,2008-08-18,16.1162,16.1746,15.8413,15.9276,68822426
9230,2008-08-19,15.7671,15.9723,15.5739,15.6474,99728613
9231,2008-08-20,15.7495,15.7848,15.3528,15.5156,81411174
9232,2008-08-21,15.4377,15.4377,15.1256,15.2936,82868404
9233,2008-08-22,15.4254,15.6017,15.2018,15.5816,68369891
9234,2008-08-25,15.4254,15.4942,15.209,15.2353,63807862
9235,2008-08-26,15.1962,15.3756,15.0243,15.3528,59570892
9236,2008-08-27,15.3234,15.6428,15.2713,15.5284,58745668
9237,2008-08-28,15.6604,15.7299,15.5628,15.6474,45681508
9238,2008-08-29,15.4431,15.5238,15.1608,15.1721,80733571
9239,2008-09-02,15.4885,15.5739,14.9056,14.9799,66422924
9240,2008-09-03,14.9863,14.9863,14.269,14.2865,111264847
9241,2008-09-04,14.2569,14.269,13.5985,13.6117,132451471
9242,2008-09-05,13.4926,13.8231,13.3638,13.6719,101543332
9243,2008-09-08,13.917,13.9978,13.6117,13.9095,95393729
9244,2008-09-09,13.8305,13.8649,13.4157,13.4836,107360902
9245,2008-09-10,13.7378,13.7453,13.3582,13.372,99754806
9246,2008-09-11,13.372,13.4008,13.0482,13.3934,128974705
9247,2008-09-12,13.1874,13.4082,12.9886,13.372,92075230
9248,2008-09-15,12.9024,13.3852,12.8206,12.8419,113817908
9249,2008-09-16,12.4446,13.1669,12.3055,12.9199,156405860
9250,2008-09-17,12.7195,12.933,12.3055,12.3055,138954353
9251,2008-09-18,12.4587,13.061,11.8812,12.777,190669810
9252,2008-09-19,13.4157,13.4157,12.1782,12.7566,162303714
9253,2008-09-22,12.7018,12.9415,12.2545,12.2721,73673185
9254,2008-09-23,12.3258,12.7417,12.2721,12.3584,97444534
9255,2008-09-24,12.4167,12.6166,12.2833,12.4031,102315328
9256,2008-09-25,12.5702,12.6026,12.2833,12.3193,104971659
9257,2008-09-26,12.1068,12.8688,12.0633,12.7343,102990047
9258,2008-09-29,12.4446,12.6026,11.4542,11.4542,140240217
9259,2008-09-30,11.9666,12.4706,11.806,12.4253,126579086
9260,2008-10-01,12.2721,12.3964,11.9778,12.2833,112170705
9261,2008-10-02,12.092,12.1152,11.3631,11.4089,121547841
9262,2008-10-03,11.599,11.8812,11.4089,11.4821,125724915
9263,2008-10-06,11.2444,11.5554,10.7404,11.2325,167495984
9264,2008-10-07,11.3158,11.5414,10.6123,10.6272,135807649
9265,2008-10-08,10.2809,11.1619,10.2744,10.7813,187291572
9266,2008-10-09,11.0811,11.3094,10.3097,10.3487,159728984
9267,2008-10-10,9.95038,10.5417,9.45843,10.0757,251416059
9268,2008-10-13,10.7404,11.3308,10.4052,11.2693,149619929
9269,2008-10-14,11.561,11.5814,10.3682,10.5677,187399515
9270,2008-10-15,10.6486,10.8916,9.93665,9.94303,212629098
9271,2008-10-16,10.1025,10.5929,9.606,10.5344,182155241
9272,2008-10-17,10.1898,10.8176,10.1313,10.2809,141503952
9273,2008-10-20,10.2809,10.6856,10.24,10.6419,111613880
9274,2008-10-21,10.4127,10.5417,10.0906,10.1174,118436153
9275,2008-10-22,10.0757,10.0757,9.45374,9.67181,118206096
9276,2008-10-23,9.68578,9.91607,9.21982,9.62459,128419199
9277,2008-10-24,8.8847,9.85192,8.86984,9.47325,144697314
9278,2008-10-27,9.32564,9.85851,9.19288,9.45374,121449467
9279,2008-10-28,9.67181,10.5565,9.52346,10.5193,154315706
9280,2008-10-29,10.3236,10.4627,9.88906,9.91042,149960660
9281,2008-10-30,10.2744,10.8973,10.1369,10.7257,203286292
9282,2008-10-31,10.5929,10.9409,10.3599,10.6346,139804854
9283,2008-11-03,10.7058,10.8389,10.3487,10.3747,81503144
9284,2008-11-04,10.7058,10.8723,10.4879,10.7858,107556999
9285,2008-11-05,10.6419,10.6921,9.91607,9.99132,103907451
9286,2008-11-06,9.72011,9.80554,9.13906,9.20125,163849264
9287,2008-11-07,9.38041,9.79082,9.29965,9.70537,110719171
9288,2008-11-10,9.98476,9.99132,9.43891,9.51594,79667130
9289,2008-11-11,9.29965,9.40546,8.92833,9.24119,127896611
9290,2008-11-12,8.98125,9.26531,8.96083,8.96826,108472596
9291,2008-11-13,8.6554,9.58085,8.53651,9.57345,216245671
9292,2008-11-14,9.28666,9.36557,8.78277,8.83457,112778117
9293,2008-11-17,8.73107,8.94226,8.62645,8.62645,90766051
9294,2008-11-18,8.68801,8.77729,8.29849,8.69357,146072736
9295,2008-11-19,8.65004,8.79474,8.27073,8.28538,111098681
9296,2008-11-20,8.13864,8.72365,8.07376,8.11551,171830190
9297,2008-11-21,8.25217,8.73925,8.00162,8.69357,156936044
9298,2008-11-24,8.83457,9.08708,8.70174,8.99424,147928677
9299,2008-11-25,9.18547,9.18547,8.69357,8.70731,126936972
9300,2008-11-26,8.6554,9.28107,8.63091,9.26531,107736488
9301,2008-11-28,9.17527,9.308,9.07593,9.15392,42752972
9302,2008-12-01,8.97475,9.00259,8.32625,8.33322,91695849
9303,2008-12-02,8.57726,8.8429,8.37154,8.80672,96233375
9304,2008-12-03,8.45749,9.07036,8.43718,9.062,116442645
9305,2008-12-04,8.88934,8.94782,8.43718,8.47181,118167392
9306,2008-12-05,8.45749,8.85687,8.21251,8.81322,128398722
9307,2008-12-08,9.00259,9.29316,8.92184,9.2486,117550540
9308,2008-12-09,8.99424,9.74152,8.94782,9.48804,132840078
9309,2008-12-10,9.50948,9.81858,9.12233,9.46675,112885263
9310,2008-12-11,9.43891,9.68578,9.27274,9.29316,111321705
9311,2008-12-12,9.101,9.83816,9.07965,9.7834,105332635
9312,2008-12-15,9.81122,9.91042,9.49828,9.67933,89705058
9313,2008-12-16,9.73129,10.398,9.69889,10.3747,151745738
9314,2008-12-17,10.1898,10.2948,9.9625,10.124,100999319
9315,2008-12-18,9.98476,10.0757,9.34607,9.45843,111724267
9316,2008-12-19,9.5874,9.83062,9.45843,9.58085,109156668
9317,2008-12-22,9.5874,9.67181,9.28666,9.50948,63901722
9318,2008-12-23,9.58085,9.61155,9.29965,9.33307,50961444
9319,2008-12-24,9.32564,9.50483,9.31915,9.43891,17216889
9320,2008-12-26,9.43891,9.49368,9.32564,9.40546,22331015
9321,2008-12-29,9.43151,9.51594,9.22818,9.37207,48148672
9322,2008-12-30,9.50948,9.81858,9.49368,9.74152,55888666
9323,2008-12-31,9.75821,9.89577,9.65706,9.72579,51351180
9324,2009-01-02,9.74981,10.1174,9.59863,10.084,78704889
9325,2009-01-05,10.0107,10.1427,9.82415,9.88906,86408701
9326,2009-01-06,10.0304,10.2874,10.0072,10.1963,92902850
9327,2009-01-07,9.7834,9.99132,9.50948,9.58085,198066677
9328,2009-01-08,9.5874,9.66534,9.45374,9.64963,94556257
9329,2009-01-09,9.66534,9.68578,9.29965,9.38783,68667864
9330,2009-01-12,9.39344,9.48804,9.03416,9.14646,81444560
9331,2009-01-13,9.0221,9.40546,8.92184,9.07036,98835247
9332,2009-01-14,8.92833,9.03974,8.6051,8.67631,104847371
9333,2009-01-15,8.63091,8.92184,8.43106,8.81322,110088631
9334,2009-01-16,9.19288,9.25879,8.79939,9.11399,126599194
9335,2009-01-20,9.062,9.11399,8.49668,8.53021,106164059
9336,2009-01-21,8.61865,8.79474,8.29237,8.79474,85349639
9337,2009-01-22,8.48973,8.66906,8.32625,8.50494,109338270
9338,2009-01-23,8.35734,8.8847,8.34545,8.70174,95017052
9339,2009-01-26,8.68801,9.00817,8.6427,8.87729,74708390
9340,2009-01-27,8.98125,9.25232,8.9562,9.16133,68723193
9341,2009-01-28,9.38041,9.46675,9.14646,9.29316,85423488
9342,2009-01-29,9.18547,9.18547,8.82622,8.86984,76791525
9343,2009-01-30,8.89584,8.9562,8.55515,8.55515,70838879
9344,2009-02-02,8.53651,9.0945,8.45749,9.03974,105300312
9345,2009-02-03,9.03974,9.14646,8.81322,9.10657,85394189
9346,2009-02-04,9.13441,9.65706,9.0945,9.20868,117046654
9347,2009-02-05,9.05459,9.55301,8.97475,9.45374,91989675
9348,2009-02-06,9.5874,9.87061,9.42589,9.7675,94428716
9349,2009-02-09,9.72011,9.98476,9.64222,9.88906,97541667
9350,2009-02-10,9.7834,10.0449,9.3145,9.33957,141655315
9351,2009-02-11,9.46675,9.49828,9.10657,9.33957,86499459
9352,2009-02-12,9.16133,9.28666,8.94782,9.28666,115115929
9353,2009-02-13,9.23374,9.45843,9.18547,9.20868,84335917
9354,2009-02-17,9.00817,9.10657,8.7644,8.7644,91431665
9355,2009-02-18,8.81972,9.08708,8.68087,8.86429,77319463
9356,2009-02-19,8.85687,8.87729,8.40533,8.41156,84615750
9357,2009-02-20,8.34545,8.63741,8.3114,8.47728,110937318
9358,2009-02-23,8.54271,8.56249,7.9942,8.01489,132171174
9359,2009-02-24,8.05852,8.49668,8.02001,8.44431,112460880
9360,2009-02-25,8.44431,8.94226,8.34545,8.6427,163015784
9361,2009-02-26,8.81972,9.0221,8.39791,8.43106,104029196
9362,2009-02-27,8.3114,8.71548,8.28538,8.45139,105166131
9363,2009-03-02,8.32625,8.63741,8.16436,8.16436,97205118
9364,2009-03-03,8.29237,8.3785,8.05276,8.14534,115310006
9365,2009-03-04,8.44431,8.6554,8.20054,8.46465,127245061
9366,2009-03-05,8.3114,8.53021,8.15823,8.16436,114574044
9367,2009-03-06,8.22032,8.56899,8.00821,8.23332,119325866
9368,2009-03-09,8.17892,8.62645,8.15823,8.32625,131229431
9369,2009-03-10,8.51182,9.25232,8.45749,9.23374,139386393
9370,2009-03-11,9.29965,9.35352,9.04902,9.25879,123750764
9371,2009-03-12,9.42589,9.68578,9.20868,9.63007,127906992
9372,2009-03-13,9.66534,9.74981,9.42589,9.74981,100448698
9373,2009-03-16,9.81858,9.85192,9.38041,9.45374,109526589
9374,2009-03-17,9.4797,9.88175,9.45374,9.88175,97916797
9375,2009-03-18,9.88175,10.2215,9.76564,10.1093,137734541
9376,2009-03-19,10.1844,10.2094,9.76564,10.0449,100341640
9377,2009-03-20,10.084,10.2168,9.51594,9.72011,127595307
9378,2009-03-23,9.98476,10.3097,9.91042,10.2948,96733712
9379,2009-03-24,10.124,10.2215,9.95038,9.95038,89660852
9380,2009-03-25,9.99857,10.4201,9.75821,9.91042,142479556
9381,2009-03-26,10.1093,10.5417,10.0672,10.4942,116916188
9382,2009-03-27,10.3236,10.3848,10.124,10.2279,68886441
9383,2009-03-30,9.87061,10.0181,9.606,9.76564,83450958
9384,2009-03-31,9.92349,10.1963,9.88175,9.96986,93515811
9385,2009-04-01,9.76564,10.1619,9.69889,9.96986,113134046
9386,2009-04-02,10.1963,10.6123,10.124,10.4127,117027511
9387,2009-04-03,10.2809,10.5854,10.1844,10.5789,77085084
9388,2009-04-06,10.398,10.5259,10.2466,10.5193,71801648
9389,2009-04-07,10.2874,10.4694,10.124,10.2466,79372082
9390,2009-04-08,10.1761,10.4367,10.0449,10.1313,102953712
9391,2009-04-09,10.3599,10.6596,10.3487,10.5994,88192226
9392,2009-04-13,10.4879,10.6698,10.3236,10.5994,68340652
9393,2009-04-14,10.5789,10.8723,10.4814,10.6187,136797256
9394,2009-04-15,10.1844,10.398,10.0255,10.3599,230129933
9395,2009-04-16,10.512,10.5677,10.2168,10.5417,103600920
9396,2009-04-17,10.5417,10.5417,10.2466,10.3487,101431789
9397,2009-04-20,10.1761,10.1963,9.95038,9.95038,100200607
9398,2009-04-21,9.95038,10.2948,9.92349,10.1898,128136672
9399,2009-04-22,10.084,10.6856,10.0072,10.3932,143527444
9400,2009-04-23,10.4127,10.4758,10.0181,10.3023,111892386
9401,2009-04-24,10.3374,10.4435,10.148,10.3599,101940169
9402,2009-04-27,10.1565,10.3682,10.0906,10.1369,97006427
9403,2009-04-28,10.0181,10.2215,9.97641,9.98476,83643612
9404,2009-04-29,10.0953,10.3171,9.99857,10.1844,91556913
9405,2009-04-30,10.354,10.72,10.2809,10.4694,117155690
9406,2009-05-01,10.4201,10.512,10.2697,10.4879,76648194
9407,2009-05-04,10.7941,11.1053,10.7058,11.0523,132806851
9408,2009-05-05,10.9409,10.965,10.5677,10.72,93740584
9409,2009-05-06,10.8777,10.9037,10.5929,10.6921,99727062
9410,2009-05-07,10.7978,10.8591,10.2697,10.4627,136110804
9411,2009-05-08,10.5344,10.5677,10.084,10.1427,141769838
9412,2009-05-11,10.0107,10.3682,9.95038,10.1963,104739187
9413,2009-05-12,10.2744,10.3023,9.95038,10.0906,110541223
9414,2009-05-13,10.1898,10.2614,10.0107,10.0368,114302355
9415,2009-05-14,10.0534,10.4052,10.0449,10.3097,107313200
9416,2009-05-15,10.2948,10.354,10.0449,10.0757,93154196
9417,2009-05-18,10.148,10.3171,10.0672,10.2948,67361197
9418,2009-05-19,10.2466,10.5565,10.1313,10.3784,88975423
9419,2009-05-20,10.4694,10.6486,10.2744,10.3374,88786186
9420,2009-05-21,10.1963,10.2327,9.98476,10.0672,88272380
9421,2009-05-22,10.0757,10.124,9.95396,9.98476,66753626
9422,2009-05-26,9.95038,10.2874,9.95038,10.2697,96873141
9423,2009-05-27,10.2809,10.5193,10.1761,10.2531,91182830
9424,2009-05-28,10.2948,10.4285,10.0449,10.4285,89050151
9425,2009-05-29,10.4498,10.4758,10.1093,10.4285,116484505
9426,2009-06-01,10.6187,11.0038,10.5929,10.9457,113607782
9427,2009-06-02,10.7813,10.9716,10.6486,10.7404,87993691
9428,2009-06-03,10.5854,10.6419,10.4285,10.5751,75046828
9429,2009-06-04,10.6187,10.7813,10.5344,10.6986,73979681
9430,2009-06-05,10.825,10.9121,10.4758,10.5602,94669140
9431,2009-06-08,10.5417,10.6782,10.354,10.5602,66333328
9432,2009-06-09,10.7404,11.0152,10.6986,10.8916,96447465
9433,2009-06-10,11.0087,11.0152,10.7135,10.9187,73536442
9434,2009-06-11,10.9457,11.0811,10.8109,10.8453,80227710
9435,2009-06-12,10.7673,10.8176,10.6272,10.8176,71782523
9436,2009-06-15,10.6486,10.7257,10.4285,10.5994,90997748
9437,2009-06-16,10.6346,10.7404,10.4814,10.5193,81512248
9438,2009-06-17,10.4879,10.8045,10.4879,10.7058,89382833
9439,2009-06-18,10.7058,10.7598,10.5047,10.5259,87266535
9440,2009-06-19,10.6486,10.7337,10.512,10.6187,107738936
9441,2009-06-22,10.5344,10.7257,10.3682,10.398,106722377
9442,2009-06-23,10.5259,10.6067,10.354,10.4879,106445129
9443,2009-06-24,10.6486,10.825,10.6067,10.6782,80325449
9444,2009-06-25,10.6272,10.8453,10.5565,10.8176,83631635
9445,2009-06-26,10.7257,10.8973,10.7058,10.8045,106114414
9446,2009-06-29,10.9121,11.0523,10.7941,10.8658,89408201
9447,2009-06-30,10.8723,11.0364,10.7758,10.9779,101706275
9448,2009-07-01,11.0595,11.4821,11.0595,11.3029,139390110
9449,2009-07-02,11.1925,11.2444,11.067,11.093,82734178
9450,2009-07-06,11.0152,11.17,10.8591,10.9716,71320179
9451,2009-07-07,11.1554,11.2325,10.7451,10.7813,104270128
9452,2009-07-08,10.7978,10.8519,10.4694,10.5751,121867665
9453,2009-07-09,10.6661,10.7978,10.5854,10.6272,98917222
9454,2009-07-10,10.5929,10.7598,10.5193,10.6419,77080599
9455,2009-07-13,10.7135,10.9716,10.5501,10.9409,93066706
9456,2009-07-14,10.965,11.2063,10.9187,11.1619,141768468
9457,2009-07-15,11.9203,12.0633,11.7532,11.9731,280412249
9458,2009-07-16,11.9268,12.3324,11.9025,12.2721,135661635
9459,2009-07-17,12.2833,12.4772,12.1068,12.4633,126926505
9460,2009-07-20,12.5061,12.5561,12.2833,12.5384,117322512
9461,2009-07-21,12.5384,12.5488,12.2756,12.5384,96055443
9462,2009-07-22,12.5179,12.7919,12.4977,12.6963,212671052
9463,2009-07-23,12.6351,12.9886,12.5951,12.9199,131115800
9464,2009-07-24,12.7018,12.8688,12.6101,12.8419,77923768
9465,2009-07-27,12.7845,12.9255,12.7018,12.9136,63779360
9466,2009-07-28,12.7974,12.9081,12.6351,12.8495,90437355
9467,2009-07-29,12.7974,12.8968,12.6786,12.8688,75874505
9468,2009-07-30,12.9839,13.1343,12.8031,12.8206,91266698
9469,2009-07-31,12.8337,12.9777,12.7705,12.7705,71615778
9470,2009-08-03,12.933,12.9777,12.7195,12.8495,66702088
9471,2009-08-04,12.7343,12.856,12.7018,12.8151,70633404
9472,2009-08-05,12.7974,12.8031,12.5125,12.5125,90395094
9473,2009-08-06,12.5561,12.7195,12.312,12.4031,100696042
9474,2009-08-07,12.5301,12.6026,12.2721,12.2721,89559977
9475,2009-08-10,12.3324,12.4912,12.312,12.4446,70649268
9476,2009-08-11,12.4253,12.5702,12.3518,12.365,49405322
9477,2009-08-12,12.3834,12.6657,12.3769,12.4772,79806231
9478,2009-08-13,12.5702,12.6583,12.4587,12.6351,66418744
9479,2009-08-14,12.5488,12.6026,12.3258,12.453,65687125
9480,2009-08-17,12.2248,12.3258,12.2108,12.2413,72818118
9481,2009-08-18,12.2478,12.5179,12.2478,12.453,63984050
9482,2009-08-19,12.3258,12.5301,12.2756,12.4706,72608807
9483,2009-08-20,12.4167,12.4772,12.312,12.4093,67610245
9484,2009-08-21,12.5488,12.5488,12.3055,12.5301,83130430
9485,2009-08-24,12.5228,12.6026,12.3769,12.4446,58323886
9486,2009-08-25,12.4446,12.7705,12.4318,12.6731,93491411
9487,2009-08-26,12.7491,12.9255,12.6899,12.8893,92649052
9488,2009-08-27,12.8292,12.9571,12.7057,12.9136,77444762
9489,2009-08-28,13.4397,13.6969,13.3796,13.4353,158421869
9490,2009-08-31,13.3255,13.5195,13.246,13.4789,80474517
9491,2009-09-01,13.4082,13.6526,13.0426,13.0816,112206954
9492,2009-09-02,12.9933,13.154,12.9136,12.9136,62640063
9493,2009-09-03,13.0055,13.0194,12.7566,12.8829,71523712
9494,2009-09-04,12.8968,13.061,12.7919,13.0269,71229203
9495,2009-09-08,13.1809,13.2588,12.9712,13.1343,68696420
9496,2009-09-09,13.1457,13.3638,13.0055,13.2207,73499843
9497,2009-09-10,13.2328,13.3211,13.0351,13.1076,74561707
9498,2009-09-11,13.2022,13.2262,12.8495,12.9415,89514646
9499,2009-09-14,12.8151,12.9255,12.7919,12.8419,78922085
9500,2009-09-15,12.9415,13.0695,12.8419,12.9712,72611818
9501,2009-09-16,13.0695,13.1002,12.8968,13.0351,74231485
9502,2009-09-17,13.0194,13.1958,12.7491,12.8764,97343515
9503,2009-09-18,12.9627,13.0695,12.8495,12.9777,80625256
9504,2009-09-21,12.9081,13.1002,12.8829,12.9627,54431607
9505,2009-09-22,13.0194,13.0889,12.9024,12.9571,57511244
9506,2009-09-23,13.0055,13.4288,12.9989,13.1874,108728445
9507,2009-09-24,13.1726,13.2664,12.9024,12.9627,78823018
9508,2009-09-25,12.8968,12.9933,12.8031,12.8495,59483644
9509,2009-09-28,12.8688,13.2207,12.8688,13.0945,56987652
9510,2009-09-29,13.0269,13.1205,12.8968,12.9199,63329693
9511,2009-09-30,13.0055,13.1269,12.7705,12.9839,97573023
9512,2009-10-01,12.9199,12.9571,12.5301,12.5384,106434058
9513,2009-10-02,12.5894,12.7491,12.5702,12.583,87693561
9514,2009-10-05,12.6786,12.7845,12.5702,12.6731,85328623
9515,2009-10-06,12.8031,13.1205,12.7919,13.0194,111777251
9516,2009-10-07,13.0128,13.1809,12.9136,13.1002,74619248
9517,2009-10-08,13.1076,13.2522,12.933,13.1874,111818131
9518,2009-10-09,13.1669,13.4789,13.14,13.3796,84245543
9519,2009-10-12,13.5392,13.6969,13.4288,13.5344,97953858
9520,2009-10-13,13.6059,13.7249,13.4992,13.5911,173224207
9521,2009-10-14,14.0952,14.1101,13.7844,13.815,248056201
9522,2009-10-15,13.8017,13.8836,13.6246,13.7127,121280066
9523,2009-10-16,13.5708,13.645,13.2801,13.3852,114134323
9524,2009-10-19,13.4556,13.5845,13.3006,13.5392,102543546
9525,2009-10-20,13.5708,13.6526,13.3378,13.3852,102164584
9526,2009-10-21,13.3852,13.5458,13.0426,13.1726,132847022
9527,2009-10-22,13.1726,13.3852,13.0128,13.346,100405373
9528,2009-10-23,13.5124,13.5344,13.0055,13.1205,124546650
9529,2009-10-26,13.1269,13.2951,12.9777,13.154,94964939
9530,2009-10-27,13.2876,13.3516,13.0482,13.0945,102638804
9531,2009-10-28,12.9989,13.1002,12.6166,12.6239,132024573
9532,2009-10-29,12.7269,12.8764,12.6731,12.7491,116446690
9533,2009-10-30,12.8031,12.8292,12.4318,12.6786,139058731
9534,2009-11-02,12.6239,12.7018,12.4383,12.6101,95895289
9535,2009-11-03,12.365,12.3695,12.1484,12.2721,153095599
9536,2009-11-04,12.3193,12.4912,12.2721,12.3324,129354451
9537,2009-11-05,12.4167,12.6731,12.3518,12.5301,99632617
9538,2009-11-06,12.4837,12.6786,12.4318,12.5561,66515782
9539,2009-11-09,12.7018,12.9081,12.6832,12.9081,77368912
9540,2009-11-10,12.8893,13.061,12.8829,12.933,89686526
9541,2009-11-11,13.0351,13.2022,13.0269,13.1604,92456732
9542,2009-11-12,13.2022,13.5985,13.0194,13.0546,115717976
9543,2009-11-13,13.0816,13.2328,12.9886,13.1457,65917838
9544,2009-11-16,13.3378,13.4789,13.2737,13.4221,97635889
9545,2009-11-17,13.3255,13.4992,13.2664,13.4789,56621562
9546,2009-11-18,13.4288,13.451,13.2664,13.346,64867496
9547,2009-11-19,12.8688,12.8688,12.5702,12.8031,163757130
9548,2009-11-20,12.7018,12.8085,12.6583,12.7641,74057592
9549,2009-11-23,12.933,12.933,12.8151,12.8688,64811467
9550,2009-11-24,12.8968,12.933,12.7705,12.8625,79036869
9551,2009-11-25,12.9255,12.933,12.7919,12.8292,70384147
9552,2009-11-27,12.5384,12.7705,12.4837,12.6786,53890253
9553,2009-11-30,12.6731,12.777,12.6026,12.7343,73238457
9554,2009-12-01,12.9415,13.061,12.9024,13.0426,71191186
9555,2009-12-02,13.1076,13.1604,12.9712,13.0816,53893604
9556,2009-12-03,13.1002,13.3211,13.0695,13.1809,74977239
9557,2009-12-04,13.3934,13.6589,13.3638,13.5708,130082541
9558,2009-12-07,13.4008,13.6059,13.3934,13.5124,70933050
9559,2009-12-08,13.4288,13.451,13.1343,13.2588,96445236
9560,2009-12-09,13.2664,13.3211,13.0752,13.2737,80812747
9561,2009-12-10,13.372,14.0237,13.2876,13.3638,65133993
9562,2009-12-11,13.4082,13.4221,13.14,13.2022,58978787
9563,2009-12-14,13.2801,13.3378,13.2022,13.2522,53793756
9564,2009-12-15,13.154,13.3082,13.0546,13.1343,65010054
9565,2009-12-16,12.933,13.1343,12.7919,12.856,145628929
9566,2009-12-17,12.7641,12.7974,12.6516,12.6516,78764257
9567,2009-12-18,12.7491,13.0752,12.6731,13.0194,148933281
9568,2009-12-21,13.2664,13.4836,12.6026,13.3255,85715451
9569,2009-12-22,13.372,13.463,13.2328,13.2951,54301177
9570,2009-12-23,13.3082,13.4288,13.2876,13.3322,46040798
9571,2009-12-24,13.3934,13.4992,13.3852,13.4836,18375376
9572,2009-12-28,13.5195,13.5985,13.372,13.463,41258299
9573,2009-12-29,13.463,13.5845,13.4221,13.5344,44183810
9574,2009-12-30,13.4397,13.6635,13.4353,13.6589,39565524
9575,2009-12-31,13.6589,13.7453,13.5344,13.5344,39842145
9576,2010-01-04,13.7964,13.9476,13.7509,13.852,71896448
9577,2010-01-05,13.905,13.9226,13.6635,13.8447,78659119
9578,2010-01-06,13.815,13.8836,13.7127,13.7964,60332317
9579,2010-01-07,13.7509,13.7702,13.4926,13.6635,81407508
9580,2010-01-08,13.6246,13.8577,13.5344,13.815,72566781
9581,2010-01-11,14.0053,14.0295,13.8093,13.8994,76946234
9582,2010-01-12,13.838,13.8649,13.5195,13.6719,105419375
9583,2010-01-13,13.7453,13.983,13.5586,13.905,107525833
9584,2010-01-14,14.0116,14.293,13.9625,14.2484,224436345
9585,2010-01-15,14.1956,14.1956,13.7778,13.7964,298401148
9586,2010-01-19,13.8994,14.0441,13.8305,13.9625,123946698
9587,2010-01-20,13.9281,14.0237,13.8305,13.983,98913359
9588,2010-01-21,14.0367,14.1349,13.7183,13.8231,110773498
9589,2010-01-22,13.7844,13.7907,13.14,13.2088,175222619
9590,2010-01-25,13.4353,13.6526,13.3582,13.4789,107376614
9591,2010-01-26,13.3852,13.5195,13.2328,13.2664,98365632
9592,2010-01-27,13.2664,13.4836,13.1457,13.4288,112916791
9593,2010-01-28,13.4926,13.5262,13.0546,13.2143,115942945
9594,2010-01-29,13.3516,13.4221,12.8031,12.8688,144348252
9595,2010-02-01,12.9024,13.1002,12.8968,13.0055,75634585
9596,2010-02-02,13.0482,13.2951,12.9777,13.2088,93322328
9597,2010-02-03,13.1205,13.1874,12.9136,13.0546,68598708
9598,2010-02-04,12.9886,12.9886,12.5702,12.6166,136965772
9599,2010-02-05,12.6731,12.9886,12.6026,12.9136,133702242
9600,2010-02-08,12.9136,13.1269,12.8031,12.8337,94218514
9601,2010-02-09,13.0194,13.1958,12.8968,13.0351,104294813
9602,2010-02-10,12.9886,13.1809,12.9024,13.061,84762875
9603,2010-02-11,13.0194,13.4008,12.9712,13.3082,88647877
9604,2010-02-12,13.2262,13.7127,13.1205,13.5501,136485960
9605,2010-02-16,13.6766,13.8305,13.6319,13.7453,103544092
9606,2010-02-17,13.815,13.838,13.6181,13.7044,70867459
9607,2010-02-18,13.7127,13.8305,13.6319,13.8231,64128557
9608,2010-02-19,13.7249,13.9095,13.6526,13.8093,61442200
9609,2010-02-22,13.8921,13.905,13.6969,13.8447,58367840
9610,2010-02-23,13.8231,13.8994,13.4556,13.5262,93784333
9611,2010-02-24,13.6246,13.8017,13.5985,13.7323,76966783
9612,2010-02-25,13.4992,13.7044,13.4157,13.6823,73126915
9613,2010-02-26,13.6526,13.7183,13.5501,13.6181,71966643
9614,2010-03-01,13.7323,13.8921,13.6766,13.8447,76997933
9615,2010-03-02,13.9226,13.9903,13.6526,13.7323,89397984
9616,2010-03-03,13.7964,13.8093,13.5586,13.6117,75130223
9617,2010-03-04,13.6059,13.6719,13.4397,13.6181,94590012
9618,2010-03-05,13.7044,13.8231,13.5651,13.7907,69157543
9619,2010-03-08,13.8093,13.852,13.7323,13.7778,53834841
9620,2010-03-09,13.7249,14.0636,13.7044,13.8921,125361459
9621,2010-03-10,13.8836,14.123,13.8724,14.0572,88090552
9622,2010-03-11,14.0237,14.1101,13.9226,14.0952,81052897
9623,2010-03-12,14.1349,14.1743,14.0517,14.1101,59669611
9624,2010-03-15,14.0572,14.1436,13.9625,14.0441,51803274
9625,2010-03-16,14.0804,14.6207,14.0636,14.5993,185451231
9626,2010-03-17,14.6337,14.824,14.5353,14.7541,117267510
9627,2010-03-18,14.6986,14.824,14.5993,14.7246,82042134
9628,2010-03-19,14.7999,14.8528,14.4675,14.5864,117562038
9629,2010-03-22,14.5054,14.7924,14.486,14.7541,71325478
9630,2010-03-23,14.8582,15.0912,14.8313,15.0375,97504197
9631,2010-03-24,14.9511,15.0375,14.8073,14.8795,82514863
9632,2010-03-25,15.0476,15.0756,14.7999,14.824,79065389
9633,2010-03-26,14.887,14.9863,14.6399,14.7541,68788634
9634,2010-03-29,14.8795,14.9158,14.7654,14.8107,51912362
9635,2010-03-30,14.847,14.9511,14.7116,14.8164,56862637
9636,2010-03-31,14.824,14.9231,14.7246,14.7858,69321371
9637,2010-04-01,14.8656,15.0198,14.7246,14.8528,68568633
9638,2010-04-05,14.9103,15.0243,14.8164,14.9863,52671637
9639,2010-04-06,14.8935,14.9103,14.7654,14.8582,70596557
9640,2010-04-07,14.8582,15.042,14.7599,14.8935,94250235
9641,2010-04-08,14.8528,14.8656,14.6986,14.7999,60844253
9642,2010-04-09,14.8582,14.9734,14.8313,14.9586,68595312
9643,2010-04-12,15.0542,15.0756,14.887,14.9511,74189499
9644,2010-04-13,15.0243,15.1387,14.9056,15.1053,182304766
9645,2010-04-14,15.4377,15.7151,15.4377,15.6017,239552646
9646,2010-04-15,15.8349,16.1671,15.7848,16.0678,166894413
9647,2010-04-16,15.9602,16.0241,15.7671,15.8664,155188461
9648,2010-04-19,15.8664,15.9453,15.6175,15.9202,107458555
9649,2010-04-20,16.0464,16.0866,15.8552,16.0,99398978
9650,2010-04-21,15.9935,16.0077,15.6175,15.7848,111163174
9651,2010-04-22,15.6175,15.9602,15.4684,15.9129,111010044
9652,2010-04-23,15.8859,15.9602,15.7437,15.9453,85868133
9653,2010-04-26,15.9666,16.0077,15.7987,15.7987,0
9654,2010-04-27,15.7551,15.8413,15.4553,15.4885,118978789
9655,2010-04-28,15.508,15.5628,15.1962,15.432,164338632
9656,2010-04-29,15.4811,15.5954,15.4553,15.5816,88846036
9657,2010-04-30,15.5563,15.5628,15.1314,15.1545,123330898
9658,2010-05-03,15.264,15.5499,15.1887,15.432,83575788
9659,2010-05-04,15.209,15.2222,14.8582,14.9652,136685053
9660,2010-05-05,14.6337,14.847,14.5268,14.7032,145892184
9661,2010-05-06,14.6941,14.847,13.2022,14.269,242058645
9662,2010-05-07,14.0517,14.3941,13.5708,14.1349,210088598
9663,2010-05-10,14.8164,14.9652,14.6986,14.9586,169669382
9664,2010-05-11,14.8164,15.1656,14.6598,14.7801,154781661
9665,2010-05-12,15.0021,15.3467,14.9158,15.3168,125549441
9666,2010-05-13,15.2713,15.3679,14.8313,14.9231,93561259
9667,2010-05-14,14.7246,14.7319,14.2817,14.5195,125862863
9668,2010-05-17,14.407,14.6262,14.202,14.6075,97389582
9669,2010-05-18,14.6598,14.747,14.1499,14.2158,115313793
9670,2010-05-19,14.2569,14.3988,13.9281,14.3272,134912005
9671,2010-05-20,13.9625,14.0868,13.6823,13.7907,160410814
9672,2010-05-21,13.4836,14.0441,13.3852,13.8724,168451012
9673,2010-05-24,13.8921,14.0767,13.6719,13.7127,85025836
9674,2010-05-25,13.7127,13.8447,13.2876,13.8305,144551245
9675,2010-05-26,13.983,14.2652,13.7323,13.7323,128868302
9676,2010-05-27,14.0441,14.4611,14.0116,14.435,125341975
9677,2010-05-28,14.3822,14.4285,14.0804,14.2075,109582195
9678,2010-06-01,14.2075,14.4219,14.0163,14.0517,86151315
9679,2010-06-02,14.1956,14.4794,14.0367,14.4675,92394447
9680,2010-06-03,14.5669,14.5928,14.2419,14.5268,82322107
9681,2010-06-04,14.2865,14.3272,13.7907,13.8921,102055191
9682,2010-06-07,13.8724,13.9476,13.4288,13.4704,98455931
9683,2010-06-08,13.4157,13.4221,13.0945,13.3852,137695581
9684,2010-06-09,13.5195,13.6635,13.1726,13.2207,88866060
9685,2010-06-10,13.5124,13.6635,13.4353,13.6319,85995517
9686,2010-06-11,13.4556,13.7648,13.451,13.6886,74605090
9687,2010-06-14,13.8994,14.0237,13.8093,13.8577,103763615
9688,2010-06-15,14.0053,14.3003,13.9355,14.2484,93514154
9689,2010-06-16,14.1956,14.3607,14.0691,14.2569,65656067
9690,2010-06-17,14.3272,14.3867,14.0636,14.2752,56164248
9691,2010-06-18,14.3058,14.3607,14.0517,14.1956,97456511
9692,2010-06-21,14.3607,14.3867,13.969,14.0572,73434949
9693,2010-06-22,14.0237,14.1499,13.838,13.917,88361759
9694,2010-06-23,13.878,13.942,13.7044,13.8017,92481148
9695,2010-06-24,13.6719,13.7907,13.4008,13.4789,93459122
9696,2010-06-25,13.5344,13.5392,13.1958,13.2876,140087781
9697,2010-06-28,13.3322,13.6589,13.2088,13.5067,82039036
9698,2010-06-29,13.2588,13.3006,13.0351,13.1269,118663301
9699,2010-06-30,13.0713,13.2848,12.8698,12.9033,96860355
9700,2010-07-01,12.9024,13.0055,12.6026,12.7705,133097567
9701,2010-07-02,12.7705,12.8495,12.5766,12.7343,87521136
9702,2010-07-06,12.9777,13.1076,12.7705,12.9199,91426386
9703,2010-07-07,12.8968,13.3796,12.8625,13.3582,108035975
9704,2010-07-08,13.463,13.5067,13.154,13.3322,98594549
9705,2010-07-09,13.3211,13.451,13.2385,13.4288,79575052
9706,2010-07-12,13.4704,13.6969,13.463,13.645,85073676
9707,2010-07-13,13.917,14.7801,13.8093,13.9355,151957909
9708,2010-07-14,14.6262,14.7599,14.1157,14.1704,299809978
9709,2010-07-15,14.1499,14.3209,13.9355,14.269,178596902
9710,2010-07-16,14.2158,14.2484,13.9281,13.942,121133207
9711,2010-07-19,14.0367,14.3348,14.0367,14.3209,95442612
9712,2010-07-20,14.0441,14.4155,13.9978,14.3607,109020979
9713,2010-07-21,14.3272,14.3607,14.0517,14.1026,109027009
9714,2010-07-22,14.1704,14.5808,14.1556,14.4487,112252491
9715,2010-07-23,14.3561,14.407,14.1499,14.3867,93589979
9716,2010-07-26,14.3754,14.4219,14.202,14.3988,76690798
9717,2010-07-27,14.3822,14.4219,14.1872,14.3143,81364427
9718,2010-07-28,14.3607,14.3867,14.123,14.1499,77584717
9719,2010-07-29,14.1956,14.2484,13.7702,13.9476,126273209
9720,2010-07-30,13.7778,13.878,13.6526,13.6635,101479541
9721,2010-08-02,13.8836,14.1157,13.7509,14.0295,75618669
9722,2010-08-03,13.9355,13.9476,13.7378,13.8447,91714204
9723,2010-08-04,13.7964,13.838,13.5651,13.7509,129017285
9724,2010-08-05,13.6823,13.7907,13.5708,13.7127,67330149
9725,2010-08-06,13.5651,13.8017,13.5392,13.6969,76575971
9726,2010-08-09,13.7844,13.7907,13.5392,13.6969,69420521
9727,2010-08-10,13.346,13.3796,13.0695,13.1457,205321219
9728,2010-08-11,12.9627,12.9886,12.8031,12.8829,148976940
9729,2010-08-12,12.7057,13.0889,12.6583,12.9024,130454936
9730,2010-08-13,12.8206,12.9255,12.7018,12.7018,86424584
9731,2010-08-16,12.6963,12.9777,12.6786,12.9136,73330013
9732,2010-08-17,13.0816,13.1809,12.933,12.9571,91586847
9733,2010-08-18,12.9571,13.1205,12.9136,12.9933,84878132
9734,2010-08-19,12.6026,12.6899,12.4772,12.5384,240668439
9735,2010-08-20,12.5384,12.6026,12.4446,12.5422,142954449
9736,2010-08-23,12.5488,12.5894,12.339,12.4031,108403900
9737,2010-08-24,12.2833,12.3909,12.1988,12.2108,113021876
9738,2010-08-25,12.12,12.3324,12.0594,12.26,94461511
9739,2010-08-26,12.339,12.3453,12.0214,12.0594,104775045
9740,2010-08-27,12.0992,12.2833,11.8144,12.1857,203727244
9741,2010-08-30,12.1152,12.1484,11.9025,11.9156,110915551
9742,2010-08-31,11.8589,11.8877,11.6732,11.7196,168135188
9743,2010-09-01,11.9156,12.12,11.8655,12.0354,110794972
9744,2010-09-02,12.0854,12.1568,11.9927,12.1262,80117321
9745,2010-09-03,12.1262,12.3324,12.0699,12.2248,89095463
9746,2010-09-07,12.1782,12.2108,11.9731,12.0214,88238605
9747,2010-09-08,11.9666,11.9731,11.7773,11.873,153202726
9748,2010-09-09,11.9854,11.9927,11.8962,11.9397,97902227
9749,2010-09-10,11.9397,12.0055,11.833,11.9203,103695633
9750,2010-09-13,12.0699,12.312,12.0699,12.312,111068598
9751,2010-09-14,12.2833,12.4706,12.1644,12.4318,97118943
9752,2010-09-15,12.4318,12.453,12.298,12.4167,84514666
9753,2010-09-16,12.4093,12.5894,12.3258,12.583,104120460
9754,2010-09-17,12.6351,12.6583,12.3834,12.4772,106095144
9755,2010-09-20,12.5179,12.5766,12.3964,12.5561,67639720
9756,2010-09-21,12.5384,12.7845,12.4977,12.6963,104213886
9757,2010-09-22,12.6351,12.7705,12.5301,12.6101,92673702
9758,2010-09-23,12.5125,12.8085,12.4383,12.5894,78268546
9759,2010-09-24,12.7566,12.9024,12.7195,12.8829,83923387
9760,2010-09-27,12.8688,12.8893,12.7195,12.7641,77000737
9761,2010-09-28,12.8151,12.9839,12.6731,12.933,91974225
9762,2010-09-29,12.9136,13.0128,12.6832,12.7641,94138022
9763,2010-09-30,12.8292,12.9989,12.6786,12.7343,113609694
9764,2010-10-01,12.8968,13.4992,12.5228,12.8151,62187877
9765,2010-10-04,12.777,12.8031,12.453,12.5179,101027581
9766,2010-10-05,12.6516,12.7974,12.6239,12.7018,91777160
9767,2010-10-06,12.7491,12.8495,12.6899,12.8085,82800926
9768,2010-10-07,12.8764,12.9627,12.7417,12.8688,78008894
9769,2010-10-08,12.8688,12.9886,12.7417,12.9497,70045974
9770,2010-10-11,12.9886,13.1002,12.9571,12.9777,79399281
9771,2010-10-12,13.0351,13.1343,12.8968,13.114,141413090
9772,2010-10-13,13.246,13.2876,12.7057,12.7641,258813865
9773,2010-10-14,12.8292,12.9081,12.7343,12.8151,89166372
9774,2010-10-15,12.8968,12.9136,12.7343,12.8151,96521813
9775,2010-10-18,12.7705,12.8151,12.583,12.7269,82870627
9776,2010-10-19,12.6026,12.8625,12.5384,12.7417,128606546
9777,2010-10-20,12.8151,13.1205,12.7974,13.0269,127893045
9778,2010-10-21,13.1002,13.1726,12.9839,13.1076,111810527
9779,2010-10-22,13.1205,13.2207,13.1002,13.154,75542292
9780,2010-10-25,13.2328,13.2664,13.1343,13.1809,68945862
9781,2010-10-26,13.1269,13.3378,13.0889,13.2951,84912767
9782,2010-10-27,13.2207,13.4008,13.14,13.3934,72501404
9783,2010-10-28,13.463,13.6181,13.2801,13.5772,107228264
9784,2010-10-29,13.5633,13.6377,13.2719,13.2997,91565744
9785,2010-11-01,13.5067,13.7127,13.4926,13.645,77786412
9786,2010-11-02,13.6886,13.7249,13.4556,13.4926,91897459
9787,2010-11-03,13.4926,13.6117,13.4157,13.5845,79960503
9788,2010-11-04,13.6401,13.942,13.6401,13.9095,99557012
9789,2010-11-05,13.917,14.123,13.9095,14.0868,84308705
9790,2010-11-08,14.123,14.2652,14.0441,14.0804,79776852
9791,2010-11-09,14.1101,14.163,13.9476,14.0367,70172825
9792,2010-11-10,14.0295,14.0441,13.8093,13.9562,72328869
9793,2010-11-11,13.6823,14.0804,13.6319,14.0691,104624112
9794,2010-11-12,14.2158,14.4675,14.1499,14.2817,151225009
9795,2010-11-15,14.369,14.369,14.1026,14.1287,75439263
9796,2010-11-16,14.0116,14.1101,13.852,13.9754,94169088
9797,2010-11-17,13.942,14.0767,13.8836,13.983,66702596
9798,2010-11-18,13.969,14.0868,13.878,13.942,103260616
9799,2010-11-19,13.9355,14.0636,13.852,14.0237,73321637
9800,2010-11-22,13.8577,14.1157,13.852,14.0952,60614957
9801,2010-11-23,13.9625,14.0767,13.8017,13.9903,67259093
9802,2010-11-24,14.0952,14.3058,14.0441,14.1872,63993057
9803,2010-11-26,14.0767,14.2158,13.9978,14.1556,28867439
9804,2010-11-29,14.0163,14.2298,14.0116,14.1499,70434818
9805,2010-11-30,14.06,14.1259,13.9792,14.033,78913967
9806,2010-12-01,14.2298,14.3272,14.2075,14.2484,79092689
9807,2010-12-02,14.2652,14.4416,14.2484,14.3941,72505316
9808,2010-12-03,14.3486,14.4487,14.3421,14.3867,65127387
9809,2010-12-06,14.3209,14.435,14.293,14.3941,47061038
9810,2010-12-07,14.4794,14.5,14.3143,14.3143,69733490
9811,2010-12-08,14.3822,14.5268,14.369,14.474,103505013
9812,2010-12-09,14.5808,14.6399,14.407,14.4675,120143654
9813,2010-12-10,14.4675,14.5808,14.4611,14.5353,78434545
9814,2010-12-13,14.5993,14.6075,14.1556,14.2652,117662519
9815,2010-12-14,14.1956,14.3003,14.1287,14.2419,62849914
9816,2010-12-15,14.1743,14.2652,14.1157,14.1157,64170005
9817,2010-12-16,14.163,14.1872,14.0952,14.1287,52362656
9818,2010-12-17,14.1287,14.2569,14.1101,14.2353,84982280
9819,2010-12-20,14.1956,14.2158,14.0636,14.0804,51496245
9820,2010-12-21,14.0952,14.1101,13.983,13.9978,51307421
9821,2010-12-22,13.9355,13.942,13.8017,13.8577,74155563
9822,2010-12-23,13.8577,13.878,13.7323,13.8231,42147880
9823,2010-12-27,13.7648,13.838,13.6969,13.8231,28029934
9824,2010-12-28,13.8017,13.8836,13.7702,13.852,31910813
9825,2010-12-29,13.8872,13.9718,13.853,13.8956,31408726
9826,2010-12-30,13.8956,13.9867,13.8872,13.9447,28451854
9827,2010-12-31,13.9543,13.968,13.8882,13.9466,23731837
9828,2011-01-03,13.942,13.9625,13.7844,13.8305,87280582
9829,2011-01-04,14.0116,14.0636,13.9625,14.0295,113325238
9830,2011-01-05,14.0572,14.0691,13.8649,13.8921,92636208
9831,2011-01-06,13.7127,13.8093,13.6319,13.7778,175760647
9832,2011-01-07,13.7453,13.7778,13.4453,13.7044,112718928
9833,2011-01-10,13.7323,13.7778,13.645,13.7249,77496163
9834,2011-01-11,13.815,14.0116,13.7593,13.9625,97103619
9835,2011-01-12,14.1157,14.1499,13.9754,14.1287,80348746
9836,2011-01-13,14.1026,14.1436,13.983,14.123,155595128
9837,2011-01-14,14.1704,14.2075,13.9095,13.983,233391820
9838,2011-01-18,13.9625,14.0636,13.8921,13.983,84518474
9839,2011-01-19,13.983,14.0163,13.8994,13.9355,65256856
9840,2011-01-20,13.8836,13.8994,13.6766,13.8994,84643830
9841,2011-01-21,13.9095,13.9562,13.8017,13.8093,95923772
9842,2011-01-24,13.9476,14.0868,13.8836,14.0868,123856158
9843,2011-01-25,14.123,14.3058,14.0441,14.293,109031340
9844,2011-01-26,14.4487,14.5195,14.369,14.4285,86192854
9845,2011-01-27,14.435,14.5548,14.3607,14.4285,87491788
9846,2011-01-28,14.435,14.5195,14.163,14.2353,83120544
9847,2011-01-31,14.2948,14.358,13.9466,14.2353,136909911
9848,2011-02-01,14.2353,14.3941,14.1157,14.2484,91792201
9849,2011-02-02,14.2484,14.3988,14.2419,14.3003,70722673
9850,2011-02-03,14.3287,14.4831,14.2492,14.428,59523550
9851,2011-02-04,14.3698,14.5168,14.3371,14.5047,58790583
9852,2011-02-07,14.5515,14.6235,14.4709,14.5095,65225318
9853,2011-02-08,14.4917,14.5047,14.3167,14.4784,72044288
9854,2011-02-09,14.3971,14.4493,14.3287,14.3568,66616735
9855,2011-02-10,14.3371,14.6095,14.2838,14.5844,84640944
9856,2011-02-11,14.4431,14.6171,14.3971,14.5581,65321489
9857,2011-02-14,14.4831,14.5844,14.3868,14.428,67426450
9858,2011-02-15,14.3698,14.415,14.236,14.3512,75678436
9859,2011-02-16,14.415,14.636,14.3371,14.5515,82483798
9860,2011-02-17,14.4981,14.7584,14.4981,14.6966,74965497
9861,2011-02-18,14.7781,14.8577,14.7237,14.8127,82267734
9862,2011-02-22,14.6788,14.8444,14.5385,14.5907,96262100
9863,2011-02-23,14.5168,14.53,14.0544,14.149,124853186
9864,2011-02-24,14.1357,14.3232,14.0665,14.2434,81422304
9865,2011-02-25,14.3868,14.7172,14.3568,14.6235,79807298
9866,2011-02-28,14.5506,14.6095,14.2941,14.3615,99099143
9867,2011-03-01,14.4784,14.5095,14.2838,14.3081,85726143
9868,2011-03-02,14.3232,14.5168,14.3167,14.3783,77974865
9869,2011-03-03,14.4917,14.636,14.4831,14.5796,75393585
9870,2011-03-04,14.636,14.7707,14.3167,14.4221,96560685
9871,2011-03-07,14.5385,14.5447,14.1021,14.1892,85968348
9872,2011-03-08,14.2069,14.2231,14.061,14.1357,85213216
9873,2011-03-09,14.1021,14.2761,14.0104,14.1834,90389798
9874,2011-03-10,14.002,14.061,13.8624,13.9084,103313673
9875,2011-03-11,13.7987,14.0235,13.7886,13.9625,68189180
9876,2011-03-14,13.8138,13.9701,13.7931,13.941,73175295
9877,2011-03-15,13.5496,13.5984,13.3871,13.4992,120522665
9878,2011-03-16,13.3934,13.6276,13.1866,13.252,126773137
9879,2011-03-17,13.3981,13.4188,13.2493,13.311,88264045
9880,2011-03-18,13.3588,13.4777,13.2998,13.3335,110568280
9881,2011-03-21,13.2998,13.6415,13.2998,13.5078,64839154
9882,2011-03-22,13.5078,13.5224,13.3654,13.472,68719122
9883,2011-03-23,13.4347,13.6219,13.3871,13.5704,56688802
9884,2011-03-24,13.707,13.7221,13.5656,13.635,73900016
9885,2011-03-25,13.5854,13.7802,13.5224,13.6276,78442946
9886,2011-03-28,13.6743,13.8212,13.5984,13.6078,55469934
9887,2011-03-29,13.56,13.5704,13.3654,13.5656,88978632
9888,2011-03-30,13.6547,13.6865,13.4515,13.6865,81528035
9889,2011-03-31,13.6069,13.6284,13.3383,13.4953,130824191
9890,2011-04-01,13.635,13.635,13.0882,13.1931,123407433
9891,2011-04-04,13.2257,13.2465,12.9514,13.0358,103606305
9892,2011-04-05,13.119,13.2969,13.0834,13.1893,93579612
9893,2011-04-06,13.2792,13.3455,13.1866,13.3455,84084456
9894,2011-04-07,13.3185,13.4382,13.2613,13.3981,77104136
9895,2011-04-08,13.4188,13.5134,13.3429,13.3905,69394902
9896,2011-04-11,13.414,13.5152,13.3871,13.4599,64522261
9897,2011-04-12,13.3831,13.4272,13.1751,13.222,77888022
9898,2011-04-13,13.2998,13.3455,13.1931,13.2323,58207663
9899,2011-04-14,13.1464,13.1537,12.9861,13.0996,78905989
9900,2011-04-15,13.1266,13.2147,13.0695,13.2147,66236947
9901,2011-04-18,13.0752,13.2091,13.0132,13.1266,69433431
9902,2011-04-19,13.1405,13.3616,13.1266,13.2895,119235212
9903,2011-04-20,14.1667,14.3408,14.014,14.3203,260847344
9904,2011-04-21,14.2997,14.3763,14.1752,14.3549,115996849
9905,2011-04-25,14.3015,14.7237,14.2707,14.6788,122198115
9906,2011-04-26,14.5975,15.0673,14.5907,15.0345,157470821
9907,2011-04-27,15.0673,15.1685,14.9409,15.1396,102409602
9908,2011-04-28,15.0412,15.2996,15.0168,15.2529,82009580
9909,2011-04-29,15.25,15.5168,15.1396,15.487,233397044
9910,2011-05-02,15.4155,15.5064,15.2593,15.3248,107544275
9911,2011-05-03,15.2593,15.6963,15.1637,15.544,165111573
9912,2011-05-04,15.5374,15.8875,15.3174,15.8444,203229295
9913,2011-05-05,15.7594,16.088,15.6215,15.9176,139688812
9914,2011-05-06,15.8164,15.9062,15.5935,15.677,148293410
9915,2011-05-09,15.5935,15.6413,15.2743,15.3464,108771836
9916,2011-05-10,15.4155,15.6413,15.3855,15.5299,98381590
9917,2011-05-11,15.6853,15.9295,15.6413,15.7837,127018959
9918,2011-05-12,15.6853,16.0693,15.6629,15.981,98242544
9919,2011-05-13,15.9614,16.0466,15.7536,15.7837,78715359
9920,2011-05-16,15.6963,16.1487,15.6909,15.9371,110381105
9921,2011-05-17,15.7594,15.8921,15.5646,15.881,127656988
9922,2011-05-18,15.912,16.1561,15.8603,16.1019,97091891
9923,2011-05-19,15.7088,16.0943,15.6413,15.8743,145743809
9924,2011-05-20,15.8164,15.8743,15.6085,15.6572,93539749
9925,2011-05-23,15.454,15.5299,15.3464,15.4155,96197259
9926,2011-05-24,15.4241,15.4475,15.2322,15.2462,76720900
9927,2011-05-25,15.189,15.3942,15.1104,15.294,73196147
9928,2011-05-26,15.2405,15.2659,15.1396,15.1685,65882623
9929,2011-05-27,15.1449,15.1816,14.9081,14.9774,99533137
9930,2011-05-31,15.1396,15.2631,15.0477,15.1768,88268096
9931,2011-06-01,15.1508,15.1583,14.8212,14.8314,82814171
9932,2011-06-02,14.8314,15.0543,14.7388,14.8942,79244226
9933,2011-06-03,14.6976,14.9017,14.6095,14.6518,79948170
9934,2011-06-06,14.6302,14.8016,14.604,14.7182,73668770
9935,2011-06-07,14.853,15.1338,14.8314,14.8753,89385383
9936,2011-06-08,14.8016,14.9212,14.6518,14.7107,73362689
9937,2011-06-09,14.7454,14.8399,14.6302,14.6712,54842355
9938,2011-06-10,14.6367,14.6976,14.3343,14.4141,78898873
9939,2011-06-13,14.456,14.5647,14.3493,14.4213,64588730
9940,2011-06-14,14.5647,14.7788,14.5291,14.7107,76988535
9941,2011-06-15,14.6171,14.7182,14.428,14.4421,71930037
9942,2011-06-16,14.4411,14.6929,14.338,14.4411,79484400
9943,2011-06-17,14.5907,14.6171,14.2051,14.2894,143126038
9944,2011-06-20,14.2735,14.4421,14.2735,14.3763,55392755
9945,2011-06-21,14.4645,14.6245,14.3052,14.5975,82047349
9946,2011-06-22,14.5506,14.5721,14.4141,14.4213,55843165
9947,2011-06-23,14.2818,14.6441,14.1995,14.6367,80305476
9948,2011-06-24,14.5721,14.6601,14.2818,14.2941,183753438
9949,2011-06-27,14.2613,14.4821,14.1592,14.3897,66986460
9950,2011-06-28,14.4493,14.5206,14.3343,14.4908,54137082
9951,2011-06-29,14.5086,14.5438,14.3689,14.4213,46913018
9952,2011-06-30,14.4953,14.9824,14.4869,14.9381,79879259
9953,2011-07-01,14.999,15.2218,14.9046,15.1872,53014314
9954,2011-07-05,15.294,15.2996,15.0721,15.132,49466196
9955,2011-07-06,15.1422,15.3855,15.132,15.338,64110808
9956,2011-07-07,15.4382,15.7696,15.4165,15.6674,78638960
9957,2011-07-08,15.5092,15.6452,15.3791,15.5719,53118550
9958,2011-07-11,15.4016,15.4924,15.3248,15.4092,51326795
9959,2011-07-12,15.2593,15.3165,14.999,15.1376,75613536
9960,2011-07-13,15.219,15.3248,15.0477,15.1583,64116523
9961,2011-07-14,15.2405,15.3033,14.9774,15.0168,70522198
9962,2011-07-15,15.015,15.2087,14.9728,15.0794,74061164
9963,2011-07-18,15.0112,15.1264,14.8868,15.0232,66972238
9964,2011-07-19,15.1376,15.5776,15.132,15.5522,82137420
9965,2011-07-20,15.5815,15.6572,15.4437,15.4999,83878698
9966,2011-07-21,15.0751,15.4307,14.9465,15.3791,118811816
9967,2011-07-22,15.4483,15.6804,15.3575,15.5964,66751973
9968,2011-07-25,15.4774,15.6963,15.3718,15.5299,60341480
9969,2011-07-26,15.5382,15.6114,15.3952,15.4382,67562853
9970,2011-07-27,15.2649,15.338,15.0645,15.1872,87747073
9971,2011-07-28,15.1498,15.4315,15.0503,15.2013,54462381
9972,2011-07-29,15.0673,15.25,14.9824,15.0551,76922383
9973,2011-08-01,15.2395,15.2996,14.7659,14.999,76471897
9974,2011-08-02,14.884,14.9644,14.6367,14.6441,83824985
9975,2011-08-03,14.6872,14.9569,14.5366,14.8483,96410669
9976,2011-08-04,14.6171,14.8483,14.1883,14.1959,126031359
9977,2011-08-05,14.2771,14.4325,13.7595,14.1545,149313100
9978,2011-08-08,13.7734,14.2069,13.6706,13.6903,201558479
9979,2011-08-09,13.8352,14.0383,13.2895,14.0264,171249512
9980,2011-08-10,13.8212,13.9644,13.4599,13.5656,140110038
9981,2011-08-11,13.7193,14.297,13.6648,14.1347,110280352
9982,2011-08-12,14.1545,14.236,13.9982,14.0582,79550998
9983,2011-08-15,14.1227,14.2502,14.0451,14.2231,67930493
9984,2011-08-16,14.1144,14.3456,13.9579,14.1545,65716077
9985,2011-08-17,14.0264,14.2847,13.8887,14.0721,74552087
9986,2011-08-18,13.7117,13.7387,13.312,13.4599,135293884
9987,2011-08-19,13.37,13.5882,13.0434,13.0678,116209824
9988,2011-08-22,13.3249,13.3999,13.1105,13.195,71802176
9989,2011-08-23,13.1885,13.4206,13.1388,13.4206,79589926
9990,2011-08-24,13.3195,13.5386,13.1885,13.4787,78566008
9991,2011-08-25,13.5234,13.5386,13.2091,13.222,75548862
9992,2011-08-26,13.2091,13.5957,13.1173,13.4599,78864789
9993,2011-08-29,13.5564,13.8297,13.5002,13.8212,59654202
9994,2011-08-30,13.7465,13.855,13.561,13.7792,57411389
9995,2011-08-31,13.8121,13.8961,13.6284,13.7023,81190731
9996,2011-09-01,13.7931,13.855,13.6096,13.6096,59507784
9997,2011-09-02,13.4825,13.5656,13.3259,13.3718,62825090
9998,2011-09-06,13.0948,13.3316,13.0434,13.3045,64985585
9999,2011-09-07,13.6143,13.7098,13.5283,13.6678,67610419
10000,2011-09-08,13.6529,13.8212,13.4861,13.5452,63121909
10001,2011-09-09,13.4515,13.7668,13.3851,13.4131,90175333
10002,2011-09-12,13.3045,13.8138,13.2895,13.8044,78224676
10003,2011-09-13,13.8352,14.2295,13.7595,14.1347,88209636
10004,2011-09-14,14.2005,14.5711,14.1003,14.3727,85633103
10005,2011-09-15,14.5149,14.7464,14.4476,14.6667,78176346
10006,2011-09-16,14.6721,15.0385,14.5898,14.9569,133240491
10007,2011-09-19,14.8107,15.0214,14.7257,14.9317,84458112
10008,2011-09-20,14.9728,15.2996,14.884,15.1169,104686663
10009,2011-09-21,15.0879,15.3165,14.911,14.9371,98083362
10010,2011-09-22,14.6721,14.911,14.5281,14.7116,138040340
10011,2011-09-23,14.5628,15.1627,14.4476,15.0879,108838421
10012,2011-09-26,15.0794,15.2818,14.8333,15.1422,94762311
10013,2011-09-27,15.294,15.6452,15.2312,15.3464,129133669
10014,2011-09-28,15.3952,15.4588,15.1806,15.1872,109721616
10015,2011-09-29,15.2593,15.3855,14.8886,15.1246,125353403
10016,2011-09-30,14.9541,15.0252,14.5178,14.5244,94662984
10017,2011-10-03,14.4531,14.5711,14.0058,14.0383,140501237
10018,2011-10-04,13.9093,14.4801,13.8887,14.4449,114338669
10019,2011-10-05,14.4801,14.9598,14.3353,14.8791,104085496
10020,2011-10-06,14.9337,15.0168,14.7546,15.0027,85856537
10021,2011-10-07,15.015,15.3165,14.9176,15.1742,85807150
10022,2011-10-10,15.31,15.5841,15.2996,15.5776,58912627
10023,2011-10-11,15.5092,15.66,15.3952,15.6533,74319655
10024,2011-10-12,15.66,15.851,15.6452,15.7415,87954450
10025,2011-10-13,15.6722,15.9728,15.63,15.922,75308393
10026,2011-10-14,15.9333,15.9998,15.8313,15.9998,65917406
10027,2011-10-17,15.8969,16.0693,15.7556,15.851,70345232
10028,2011-10-18,15.7808,15.9876,15.705,15.9286,124589923
10029,2011-10-19,16.3359,16.6813,16.2413,16.5062,205432612
10030,2011-10-20,16.2245,16.2555,15.8969,16.0747,130201279
10031,2011-10-21,16.2413,16.5148,16.2058,16.362,181027113
10032,2011-10-24,16.3603,16.88,16.3548,16.7433,203068333
10033,2011-10-25,16.6571,16.9153,16.6102,16.7675,89433364
10034,2011-10-26,16.8836,16.9089,16.573,16.8144,85514810
10035,2011-10-27,16.952,17.1569,16.9153,17.113,124161581
10036,2011-10-28,16.9153,17.04,16.8376,17.009,65893900
10037,2011-10-31,16.7283,16.9641,16.672,16.7057,63316976
10038,2011-11-01,16.4024,16.5804,16.218,16.2724,99864955
10039,2011-11-02,16.3359,16.3809,16.0318,16.2377,83194415
10040,2011-11-03,16.3303,16.644,15.9923,16.6233,84859934
10041,2011-11-04,16.5213,16.5324,16.248,16.3079,67646860
10042,2011-11-07,16.2928,16.6991,16.2311,16.6776,74403688
10043,2011-11-08,16.8144,17.0148,16.6636,17.0015,81417705
10044,2011-11-09,16.6495,16.7028,16.3471,16.3734,82701994
10045,2011-11-10,16.5671,16.6571,16.3079,16.526,66241639
10046,2011-11-11,16.7104,17.1055,16.6908,17.068,63781542
10047,2011-11-14,17.0148,17.1055,16.8144,16.9153,71893227
10048,2011-11-15,16.952,17.4864,16.9089,17.4051,112545720
10049,2011-11-16,17.261,17.5126,17.0905,17.1317,108067449
10050,2011-11-17,17.1178,17.1381,16.5671,16.7178,90356326
10051,2011-11-18,16.5804,16.7788,16.5007,16.6853,66476874
10052,2011-11-21,16.4942,16.5887,16.0364,16.1925,85245433
10053,2011-11-22,16.0683,16.1608,15.8623,15.9642,70546369
10054,2011-11-23,15.8042,15.895,15.5851,15.5908,76688466
10055,2011-11-25,15.4719,15.9493,15.4588,15.6124,41268495
10056,2011-11-28,15.9857,16.1925,15.9708,16.1131,57851024
10057,2011-11-29,16.1422,16.4174,16.0871,16.1982,64310352
10058,2011-11-30,16.6737,17.1297,16.6403,17.1093,106897035
10059,2011-12-01,17.083,17.1505,16.7602,17.1178,75393272
10060,2011-12-02,17.1841,17.2675,16.8968,16.9228,60384959
10061,2011-12-05,17.171,17.3087,17.0269,17.1776,61858296
10062,2011-12-06,17.2292,17.5007,17.1692,17.4134,72063576
10063,2011-12-07,17.4051,17.7092,17.261,17.6243,79755744
10064,2011-12-08,17.4921,17.5363,16.9153,16.9734,84077075
10065,2011-12-09,16.7994,17.2404,16.7468,17.1776,64144583
10066,2011-12-12,16.6374,16.6853,16.218,16.4858,137924387
10067,2011-12-13,16.526,16.526,16.0871,16.1834,114199428
10068,2011-12-14,16.1205,16.1834,15.895,16.0111,81876988
10069,2011-12-15,16.1683,16.2555,15.9708,16.0111,56302867
10070,2011-12-16,16.1205,16.4098,15.9576,15.9576,137661807
10071,2011-12-19,16.0523,16.1281,15.8313,15.8623,61489132
10072,2011-12-20,16.1009,16.4709,16.1009,16.3734,66246305
10073,2011-12-21,16.4642,16.5467,16.0934,16.2638,65814105
10074,2011-12-22,16.3687,16.5522,16.322,16.5007,46589385
10075,2011-12-23,16.5588,16.7602,16.5148,16.7602,36146168
10076,2011-12-27,16.7788,16.9679,16.7602,16.8705,35118412
10077,2011-12-28,16.8593,16.8705,16.6102,16.644,34493933
10078,2011-12-29,16.7263,16.8836,16.6776,16.8657,32361958
10079,2011-12-30,16.7778,16.9098,16.6533,16.6533,31606437
10080,2012-01-03,16.9089,17.0981,16.7554,16.8593,65289537
10081,2012-01-04,16.8836,17.261,16.8507,17.2487,69161522
10082,2012-01-05,17.214,17.4819,17.1569,17.4482,72050943
10083,2012-01-06,17.3087,17.4482,17.1776,17.3442,52911364
10084,2012-01-09,17.4482,17.5596,17.3255,17.4921,69098389
10085,2012-01-10,17.6597,17.8049,17.5213,17.58,59775007
10086,2012-01-11,17.4697,17.7824,17.406,17.7252,83230484
10087,2012-01-12,17.7824,17.7889,17.5446,17.6906,64669230
10088,2012-01-13,17.6402,17.6702,17.2404,17.2675,92177456
10089,2012-01-17,17.2806,17.4492,17.1495,17.1973,87990476
10090,2012-01-18,17.2675,17.4997,17.1776,17.4425,91265007
10091,2012-01-19,17.5289,17.6373,17.4276,17.6044,94523500
10092,2012-01-20,17.7327,18.1802,17.5145,18.1204,147439588
10093,2012-01-23,18.1017,18.4694,18.094,18.3478,94908554
10094,2012-01-24,18.3422,18.533,18.2776,18.4761,81839543
10095,2012-01-25,18.3779,18.5109,18.2017,18.4761,79706419
10096,2012-01-26,18.5071,18.5501,18.2721,18.375,89771389
10097,2012-01-27,18.3132,18.4378,18.2644,18.3618,73647152
10098,2012-01-30,18.2104,18.4124,18.0427,18.3685,88345199
10099,2012-01-31,18.4049,18.4133,18.0483,18.1457,65995036
10100,2012-02-01,18.3685,18.4378,18.2104,18.2384,67452920
10101,2012-02-02,18.259,18.3685,18.1717,18.1952,50623976
10102,2012-02-03,18.4378,18.6594,18.4041,18.5145,60939555
10103,2012-02-06,18.375,18.5071,18.2522,18.5004,53114365
10104,2012-02-07,18.4378,18.5145,18.2915,18.4442,47808171
10105,2012-02-08,18.4442,18.6867,18.4265,18.5902,53523728
10106,2012-02-09,18.6323,18.6952,18.5435,18.595,51640545
10107,2012-02-10,18.5145,18.5501,18.3132,18.479,48559240
10108,2012-02-13,18.5847,18.5847,18.3618,18.4873,35712938
10109,2012-02-14,18.3955,18.5435,18.3488,18.5435,36702233
10110,2012-02-15,18.6007,18.609,18.3488,18.4041,49508139
10111,2012-02-16,18.2785,18.6594,18.2439,18.5782,61311641
10112,2012-02-17,18.5902,19.0415,18.5716,18.9517,107226020
10113,2012-02-21,18.9292,18.9517,18.7018,18.8045,50423082
10114,2012-02-22,18.7355,18.9367,18.3545,18.5071,69900243
10115,2012-02-23,18.3955,18.595,18.2439,18.4584,48817649
10116,2012-02-24,18.4873,18.5557,18.3132,18.4873,56775488
10117,2012-02-27,18.3618,18.8317,18.3132,18.6175,66475423
10118,2012-02-28,18.6456,18.9001,18.5716,18.8616,47402934
10119,2012-02-29,18.8636,18.8984,18.5857,18.6117,60455935
10120,2012-03-01,18.741,18.7917,18.494,18.595,56924211
10121,2012-03-02,18.6241,18.7176,18.535,18.6399,33514681
10122,2012-03-05,18.6175,18.6323,18.2522,18.375,46699774
10123,2012-03-06,18.1868,18.4378,18.1417,18.4181,53706634
10124,2012-03-07,18.375,18.6952,18.3618,18.6323,29588822
10125,2012-03-08,18.7018,18.7204,18.5211,18.5847,53817256
10126,2012-03-09,18.6532,18.8122,18.6007,18.741,42471840
10127,2012-03-12,18.7279,18.7485,18.6323,18.6867,34687499
10128,2012-03-13,18.7775,19.0415,18.7775,19.0323,48812670
10129,2012-03-14,19.005,19.3168,18.9292,19.0126,67644727
10130,2012-03-15,19.0172,19.2823,18.9937,19.2148,49385282
10131,2012-03-16,19.2606,19.361,19.1801,19.2027,78963165
10132,2012-03-19,19.1341,19.3168,19.0687,19.2081,38912006
10133,2012-03-20,19.1419,19.3168,19.0819,19.2148,32764539
10134,2012-03-21,19.2682,19.3113,19.1801,19.227,32082956
10135,2012-03-22,19.2081,19.3523,19.1164,19.3168,33790192
10136,2012-03-23,19.3459,19.3805,19.165,19.3036,35965105
10137,2012-03-26,19.3861,19.5696,19.361,19.5171,47372560
10138,2012-03-27,19.5547,19.5801,19.4337,19.5171,35193797
10139,2012-03-28,19.4768,19.5621,19.2456,19.2456,50772080
10140,2012-03-29,19.2345,19.5106,19.1568,19.4956,57223575
10141,2012-03-30,19.6473,19.6978,19.401,19.4666,62124256
10142,2012-04-02,19.3861,19.6978,19.3805,19.6482,41673312
10143,2012-04-03,19.5949,19.6454,19.3469,19.4647,49317615
10144,2012-04-04,19.2962,19.4076,19.109,19.3403,44545156
10145,2012-04-05,19.2962,19.4584,19.2456,19.4357,31829990
10146,2012-04-09,19.2027,19.3168,19.1033,19.2205,29303690
10147,2012-04-10,19.1801,19.2887,18.978,19.005,52372640
10148,2012-04-11,19.165,19.3861,19.1286,19.2823,38524041
10149,2012-04-12,19.3664,19.7465,19.3394,19.7174,53516274
10150,2012-04-13,19.6316,19.6613,19.4443,19.4508,49801827
10151,2012-04-16,19.5696,19.7671,19.4835,19.6716,54107369
10152,2012-04-17,19.7025,19.9253,19.6735,19.7136,88389207
10153,2012-04-18,19.0959,19.4627,19.0126,19.3523,104353118
10154,2012-04-19,19.2953,19.4488,19.0014,19.1736,62070838
10155,2012-04-20,19.1941,19.3673,19.0884,19.109,54972819
10156,2012-04-23,18.9219,19.0894,18.8616,19.005,54581770
10157,2012-04-24,18.9367,19.109,18.8616,18.9068,50550959
10158,2012-04-25,18.9937,19.3252,18.9367,19.2887,59011742
10159,2012-04-26,19.2456,19.5949,19.2138,19.5413,67369600
10160,2012-04-27,19.4647,19.7504,19.4584,19.652,48110702
10161,2012-04-30,19.6782,19.7551,19.5919,19.6716,41613942
10162,2012-05-01,19.7136,20.1154,19.6454,20.0434,65004609
10163,2012-05-02,19.9523,20.2699,19.8804,20.2025,58263073
10164,2012-05-03,20.4075,20.414,19.8234,19.9178,59106246
10165,2012-05-04,19.7504,19.7906,19.415,19.4584,49576042
10166,2012-05-07,19.4076,19.5124,19.2832,19.362,53943506
10167,2012-05-08,19.1641,19.2456,18.8374,19.0884,76122828
10168,2012-05-09,18.8843,19.0743,18.6557,18.961,57736360
10169,2012-05-10,19.0669,19.1474,18.8017,19.0005,52274230
10170,2012-05-11,19.0109,19.4927,18.9666,19.2682,50100830
10171,2012-05-14,19.0743,19.109,18.7449,18.8374,57615095
10172,2012-05-15,18.8636,19.005,18.7044,18.7449,51192913
10173,2012-05-16,18.7672,18.8234,18.4733,18.4809,65915498
10174,2012-05-17,18.4659,18.5912,18.2644,18.2644,35543483
10175,2012-05-18,18.2982,18.5306,18.1644,18.1792,62270703
10176,2012-05-21,18.1709,18.2644,17.9088,18.2384,61089753
10177,2012-05-22,18.3215,18.3271,17.9734,18.1522,66022540
10178,2012-05-23,17.7618,17.7936,17.378,17.7384,88853186
10179,2012-05-24,17.8311,17.9798,17.6495,17.8872,43584702
10180,2012-05-25,17.9369,18.0249,17.8311,17.9518,27419750
10181,2012-05-29,18.1587,18.3552,18.0333,18.1952,50264063
10182,2012-05-30,18.0613,18.2644,17.9939,18.2252,47451166
10183,2012-05-31,17.9827,18.1766,17.9256,18.0219,60577592
10184,2012-06-01,17.7141,17.9312,17.5164,17.5323,57712493
10185,2012-06-04,17.6278,17.6879,17.3255,17.4641,57219751
10186,2012-06-05,17.4641,17.8311,17.4369,17.7337,42278203
10187,2012-06-06,17.7936,18.2104,17.7337,18.1792,41194766
10188,2012-06-07,18.3889,18.435,18.0549,18.0913,42345630
10189,2012-06-08,18.0483,18.4659,18.0249,18.4189,38357676
10190,2012-06-11,18.5153,18.5726,18.1064,18.126,40208869
10191,2012-06-12,18.2187,18.5089,18.1644,18.4957,41775407
10192,2012-06-13,18.4536,18.7316,18.3685,18.5089,43761785
10193,2012-06-14,18.5379,18.8731,18.4274,18.816,54918931
10194,2012-06-15,18.8441,19.1341,18.7449,19.0669,74332260
10195,2012-06-18,19.0323,19.2524,18.9836,19.124,43639887
10196,2012-06-19,19.24,19.2682,19.005,19.1868,43110437
10197,2012-06-20,19.1641,19.3533,19.0959,19.2766,40385754
10198,2012-06-21,19.1868,19.24,18.5586,18.6268,68212884
10199,2012-06-22,18.7449,18.8017,18.5968,18.7878,143906298
10200,2012-06-25,18.5511,18.5857,18.0483,18.1644,54722833
10201,2012-06-26,18.2439,18.3271,17.9518,18.1335,50093959
10202,2012-06-27,18.2104,18.3685,18.1709,18.2832,33881602
10203,2012-06-28,18.1335,18.1522,17.7467,18.0127,57595427
10204,2012-06-29,18.3271,18.5857,18.2785,18.5857,50298682
10205,2012-07-02,18.4873,18.6428,18.4049,18.5968,31172620
10206,2012-07-03,18.6287,18.7345,18.523,18.7345,17951558
10207,2012-07-05,18.701,18.7204,18.388,18.5153,29145356
10208,2012-07-06,18.4388,18.4809,18.0846,18.2439,46625971
10209,2012-07-09,18.1644,18.2785,17.9996,18.2522,40011286
10210,2012-07-10,18.0249,18.4274,17.7384,17.8234,67720397
10211,2012-07-11,17.8311,17.8676,17.5905,17.7085,49913046
10212,2012-07-12,17.5473,17.5547,17.2121,17.2544,76208989
10213,2012-07-13,17.2927,17.7085,17.2693,17.6073,51584272
10214,2012-07-16,17.597,17.6495,17.4369,17.524,53039042
10215,2012-07-17,17.6654,17.8965,17.3294,17.7018,91205816
10216,2012-07-18,17.569,18.4274,17.4697,18.2766,96775081
10217,2012-07-19,18.376,18.376,18.0071,18.1709,52423269
10218,2012-07-20,18.0435,18.1307,17.7861,17.8012,70038479
10219,2012-07-23,17.4707,17.6879,17.2956,17.6149,52164330
10220,2012-07-24,17.569,17.5895,17.2834,17.435,48238128
10221,2012-07-25,17.4501,17.7993,17.4369,17.524,49337165
10222,2012-07-26,17.8478,18.0136,17.6739,17.7861,54213653
10223,2012-07-27,17.9098,18.1766,17.7627,18.1437,47812521
10224,2012-07-30,18.1156,18.2702,17.9098,17.9688,37106944
10225,2012-07-31,17.9648,18.1587,17.9227,17.9227,38167000
10226,2012-08-01,18.0136,18.1307,17.9031,18.081,41884929
10227,2012-08-02,17.9547,18.3122,17.9098,18.0736,49197573
10228,2012-08-03,18.4659,18.5389,18.2766,18.4526,43628147
10229,2012-08-06,18.4452,18.6849,18.4341,18.5089,34987759
10230,2012-08-07,18.6127,18.7401,18.5389,18.6447,38479216
10231,2012-08-08,18.6287,18.8114,18.5013,18.7158,38428585
10232,2012-08-09,18.7401,18.9162,18.6922,18.7841,37623514
10233,2012-08-10,18.7841,18.9227,18.6642,18.9085,35439233
10234,2012-08-13,18.8253,18.8758,18.58,18.7766,33575391
10235,2012-08-14,18.8553,18.8616,18.5594,18.6287,39056207
10236,2012-08-15,18.4526,18.6212,18.4274,18.4809,37072980
10237,2012-08-16,18.5978,18.7477,18.5306,18.7074,36531322
10238,2012-08-17,18.6922,18.7345,18.4388,18.523,43183359
10239,2012-08-20,18.4452,18.523,18.3618,18.4526,36392280
10240,2012-08-21,18.523,18.5306,18.2814,18.3685,44999438
10241,2012-08-22,18.2157,18.2973,18.0502,18.1026,47802334
10242,2012-08-23,17.9967,17.9967,17.5389,17.6149,73063573
10243,2012-08-24,17.6204,17.6353,17.376,17.5221,64223890
10244,2012-08-27,17.4874,17.5456,17.4114,17.4762,48942724
10245,2012-08-28,17.4425,17.597,17.3612,17.5895,47077759
10246,2012-08-29,17.5389,17.5623,17.2638,17.3537,85945204
10247,2012-08-30,17.2834,17.3348,16.9895,17.0735,52852716
10248,2012-08-31,17.2366,17.5895,17.2244,17.4697,61759367
10249,2012-09-04,17.6073,17.6269,17.0735,17.1785,57839967
10250,2012-09-05,17.1645,17.435,17.0183,17.1569,54863919
10251,2012-09-06,17.2159,17.657,17.2086,17.6495,57124703
10252,2012-09-07,16.9773,17.376,16.8893,17.0183,122647411
10253,2012-09-10,16.8507,17.3077,16.3004,16.3639,114538442
10254,2012-09-11,16.3912,16.6393,16.3229,16.4202,77096843
10255,2012-09-12,16.4557,16.5887,16.2236,16.3152,63780763
10256,2012-09-13,16.19,16.4679,16.0625,16.4249,75330813
10257,2012-09-14,16.4979,16.5578,16.3424,16.4408,68207692
10258,2012-09-17,16.3837,16.4913,16.2928,16.3997,51413721
10259,2012-09-18,16.3997,16.5457,16.28,16.4408,59627316
10260,2012-09-19,16.5314,16.54,16.28,16.2853,56071262
10261,2012-09-20,16.2404,16.3088,16.1739,16.3088,47025915
10262,2012-09-21,16.3368,16.3705,16.19,16.2724,79952061
10263,2012-09-24,16.1309,16.1458,15.8426,16.0383,69433813
10264,2012-09-25,16.1458,16.1581,15.8351,15.851,70389611
10265,2012-09-26,15.881,16.0056,15.8127,15.9314,70669309
10266,2012-09-27,16.0121,16.28,15.9314,16.2367,62362298
10267,2012-09-28,16.2236,16.2236,15.8921,15.9399,68124527
10268,2012-10-01,16.0056,16.3004,15.9558,16.0056,78551936
10269,2012-10-02,16.1029,16.1807,15.9399,16.0693,51714355
10270,2012-10-03,16.0813,16.1581,15.82,15.8668,70754291
10271,2012-10-04,15.8875,15.9129,15.6674,15.8071,75310352
10272,2012-10-05,15.9399,16.1094,15.8875,15.9558,54505065
10273,2012-10-08,15.9129,15.9129,15.7594,15.8351,42217119
10274,2012-10-09,15.5879,15.6105,15.3698,15.4092,94253184
10275,2012-10-10,15.4092,15.4736,15.2669,15.305,67072899
10276,2012-10-11,15.3846,15.3933,15.1396,15.2537,52322397
10277,2012-10-12,15.1788,15.3728,15.0513,15.1112,65776347
10278,2012-10-15,15.1478,15.4092,15.1292,15.2911,70370652
10279,2012-10-16,15.4682,15.8071,15.4437,15.7227,114602524
10280,2012-10-17,14.9635,15.4596,14.9559,15.3285,140800533
10281,2012-10-18,15.3501,15.3698,15.1927,15.2462,61011694
10282,2012-10-19,15.2462,15.2593,14.9288,14.9559,79049580
10283,2012-10-22,15.0533,15.1723,14.984,15.0982,51885607
10284,2012-10-23,14.999,15.3126,14.984,15.1863,67088004
10285,2012-10-24,15.2911,15.2977,15.0589,15.0973,47239116
10286,2012-10-25,15.1788,15.3033,15.1357,15.2602,112621946
10287,2012-10-26,15.3126,15.4878,15.1927,15.4437,131364840
10288,2012-10-31,15.481,15.5421,15.1863,15.2171,57736632
10289,2012-11-01,15.305,15.7668,15.2835,15.66,71590436
10290,2012-11-02,15.7546,15.8584,15.4878,15.5197,73542560
10291,2012-11-05,15.6513,15.7142,15.4409,15.5241,68637150
10292,2012-11-06,15.4456,15.6347,15.3728,15.4456,70154171
10293,2012-11-07,15.307,15.3146,14.854,14.8624,99831898
10294,2012-11-08,14.854,15.0196,14.7996,14.807,53587717
10295,2012-11-09,14.7922,15.0262,14.7836,14.7836,49272137
10296,2012-11-12,14.8399,14.8624,14.678,14.7556,38363401
10297,2012-11-13,14.6199,14.7996,14.3427,14.4131,79315742
10298,2012-11-14,14.5121,14.5711,14.1797,14.1864,82950038
10299,2012-11-15,14.2221,14.4196,14.1995,14.237,64348852
10300,2012-11-16,14.2511,14.4006,14.0498,14.3512,71557935
10301,2012-11-19,14.2051,14.5356,14.0245,14.3934,97678666
10302,2012-11-20,14.1311,14.1311,13.7549,13.8672,120633384
10303,2012-11-21,13.8757,13.8952,13.6658,13.7595,134515490
10304,2012-11-23,13.8811,14.1003,13.8672,14.0189,72755670
10305,2012-11-26,13.9954,14.1583,13.9437,14.1367,94320211
10306,2012-11-27,14.1797,14.3512,14.1583,14.1658,63165791
10307,2012-11-28,14.1367,14.2932,13.9608,14.2698,48642266
10308,2012-11-29,14.0929,14.2444,13.8334,13.8811,91335695
10309,2012-11-30,13.9608,14.0498,13.8006,13.9065,72359207
10310,2012-12-03,14.1311,14.1583,13.8606,13.8877,71236869
10311,2012-12-04,13.9525,14.2511,13.9354,14.194,81523113
10312,2012-12-05,14.1752,14.2295,14.03,14.1087,64506342
10313,2012-12-06,14.2051,14.4196,14.194,14.3277,65108829
10314,2012-12-07,14.4493,14.4719,14.237,14.3277,58672188
10315,2012-12-10,14.3213,14.3362,14.1995,14.2716,38376384
10316,2012-12-11,14.3277,14.7416,14.3213,14.678,71804108
10317,2012-12-12,14.825,14.9186,14.5985,14.6911,68034704
10318,2012-12-13,14.6648,14.8691,14.5263,14.5637,58541467
10319,2012-12-14,14.5844,14.7416,14.4645,14.5917,48050052
10320,2012-12-17,14.5985,14.706,14.4719,14.6199,49189256
10321,2012-12-18,14.6976,14.9186,14.6199,14.898,58533753
10322,2012-12-19,14.9774,15.1478,14.825,14.9982,74296110
10323,2012-12-20,15.0654,15.0973,14.8399,14.9447,47852411
10324,2012-12-21,14.6854,14.8212,14.5564,14.7556,87229526
10325,2012-12-24,14.6976,14.7341,14.5796,14.6703,19979885
10326,2012-12-26,14.7416,14.8773,14.6703,14.678,31645549
10327,2012-12-27,14.7116,14.7556,14.4344,14.5796,44613643
10328,2012-12-28,14.4645,14.5637,14.3645,14.3803,36436654
10329,2012-12-31,14.4196,14.6854,14.3277,14.6564,57886291
10330,2013-01-02,15.0327,15.1927,14.9606,15.1927,67007269
10331,2013-01-03,15.2087,15.2687,15.0262,15.1526,57764318
10332,2013-01-04,15.1723,15.2013,14.9606,15.0385,42416339
10333,2013-01-07,15.1282,15.2462,15.0513,15.1048,51151145
10334,2013-01-08,15.0898,15.322,14.9391,14.9907,68479485
10335,2013-01-09,15.0813,15.2602,15.0654,15.2462,48249128
10336,2013-01-10,15.3575,15.5083,15.3033,15.4924,62787156
10337,2013-01-11,15.4924,15.6879,15.471,15.6347,63235205
10338,2013-01-14,15.6215,15.7292,15.4559,15.6347,50253086
10339,2013-01-15,15.6,15.7292,15.4774,15.5532,47828102
10340,2013-01-16,15.5737,15.777,15.5307,15.7142,51730484
10341,2013-01-17,15.7218,16.3893,15.7142,16.1187,141905943
10342,2013-01-18,15.1788,15.2414,14.9447,15.1048,202259313
10343,2013-01-22,15.1282,15.1357,14.9447,15.044,71906491
10344,2013-01-23,15.0654,15.0813,14.9531,15.0047,59663549
10345,2013-01-24,14.9982,15.0513,14.8773,14.8894,82162173
10346,2013-01-25,14.9531,14.9774,14.8399,14.898,151435251
10347,2013-01-28,14.9337,14.9907,14.9186,14.9606,148293522
10348,2013-01-29,14.9907,15.1396,14.9337,15.1282,148721008
10349,2013-01-30,15.1357,15.2545,15.0813,15.1863,48050527
10350,2013-01-31,15.1396,15.1526,14.9391,14.9531,51389754
10351,2013-02-01,15.0589,15.1788,14.9907,15.1723,44839404
10352,2013-02-04,15.1396,15.1927,15.0327,15.0385,53940745
10353,2013-02-05,15.1834,15.321,15.1329,15.2162,41866970
10354,2013-02-06,15.1908,15.2303,15.0232,15.0786,45046409
10355,2013-02-07,15.0627,15.0627,14.8717,14.9485,56966935
10356,2013-02-08,15.0159,15.1508,15.0008,15.086,39189861
10357,2013-02-11,15.086,15.1329,15.0291,15.1096,26306249
10358,2013-02-12,15.1096,15.2669,15.0786,15.2218,39522324
10359,2013-02-13,15.2462,15.3024,15.1908,15.2669,29607266
10360,2013-02-14,15.1768,15.2911,15.1329,15.2529,49084922
10361,2013-02-15,15.2303,15.3024,15.0786,15.1637,47062050
10362,2013-02-19,15.2162,15.2395,15.1329,15.1449,43250245
10363,2013-02-20,15.1508,15.1592,14.8717,14.8913,64187684
10364,2013-02-21,14.9072,14.9137,14.4531,14.5467,84563703
10365,2013-02-22,14.604,14.7191,14.4401,14.6703,48072189
10366,2013-02-25,14.7764,14.8333,14.5329,14.5329,57787373
10367,2013-02-26,14.7191,14.9784,14.664,14.7846,93608915
10368,2013-02-27,14.8006,15.1169,14.735,15.0345,65377213
10369,2013-02-28,15.0232,15.1449,14.9559,15.0008,48456804
10370,2013-03-01,14.9363,15.2218,14.8418,15.1096,63610331
10371,2013-03-04,15.1994,15.2967,15.0551,15.2835,66192927
10372,2013-03-05,15.3304,15.5092,15.3024,15.453,54005048
10373,2013-03-06,15.4643,15.646,15.453,15.6242,51768254
10374,2013-03-07,15.661,15.7977,15.6242,15.7255,58978347
10375,2013-03-08,15.7696,15.8322,15.4268,15.5018,62629040
10376,2013-03-11,15.4643,15.6178,15.2911,15.5815,58675367
10377,2013-03-12,15.5627,15.6105,15.4118,15.5476,39837078
10378,2013-03-13,15.486,15.5879,15.4118,15.5627,34267872
10379,2013-03-14,15.6178,15.6973,15.453,15.555,40142166
10380,2013-03-15,15.5327,15.5879,15.2835,15.3566,73713139
10381,2013-03-18,15.2593,15.4419,15.2218,15.2752,48981888
10382,2013-03-19,15.2752,15.3447,15.0937,15.1834,59228574
10383,2013-03-20,15.306,15.3447,15.1637,15.2162,41647051
10384,2013-03-21,15.0937,15.1834,15.0159,15.1169,45389516
10385,2013-03-22,15.1908,15.3304,15.1449,15.321,42877915
10386,2013-03-25,15.3641,15.3875,15.1449,15.1908,45575367
10387,2013-03-26,15.2911,15.6386,15.2669,15.63,55058566
10388,2013-03-27,15.5327,15.7901,15.453,15.6843,63166595
10389,2013-03-28,15.6973,15.7405,15.5092,15.6843,46407319
10390,2013-04-01,15.5692,15.5879,15.3146,15.3959,46936729
10391,2013-04-02,15.4559,15.5018,15.3146,15.4118,39209771
10392,2013-04-03,15.4118,15.4456,15.0937,15.1256,50947735
10393,2013-04-04,15.1256,15.2218,15.0551,15.1834,39953816
10394,2013-04-05,15.042,15.0627,14.9072,15.042,51116975
10395,2013-04-08,15.0093,15.1508,14.9418,15.1508,47625640
10396,2013-04-09,15.1637,15.7255,15.1329,15.6242,85638531
10397,2013-04-10,15.6037,16.1056,15.5944,15.9932,93386047
10398,2013-04-11,15.6105,15.7405,15.4419,15.6843,82539806
10399,2013-04-12,15.6178,15.661,15.4268,15.5692,47375939
10400,2013-04-15,15.4456,15.5944,15.3447,15.3566,53529303
10401,2013-04-16,15.4268,15.7556,15.3875,15.749,90108125
10402,2013-04-17,15.6553,15.9052,15.4934,15.7556,110611370
10403,2013-04-18,15.8388,16.0924,15.7331,15.9783,106122304
10404,2013-04-19,16.0065,16.1281,15.9558,16.1196,68351075
10405,2013-04-22,16.1497,16.4802,16.056,16.436,73522500
10406,2013-04-23,16.512,16.8481,16.4726,16.7947,86978241
10407,2013-04-24,16.7602,17.0914,16.7019,16.9979,75563832
10408,2013-04-25,16.9905,17.1485,16.7544,16.7947,151979011
10409,2013-04-26,16.7468,16.9228,16.6242,16.8096,141118390
10410,2013-04-29,16.8247,17.1196,16.8096,17.068,142184022
10411,2013-04-30,17.0391,17.2411,16.9829,17.2057,57726266
10412,2013-05-01,17.1138,17.362,17.1073,17.2348,53391615
10413,2013-05-02,17.0465,17.3498,17.0062,17.3227,46615458
10414,2013-05-03,17.5652,17.5652,17.3677,17.3741,41488968
10415,2013-05-06,17.5259,17.5587,17.2956,17.3395,42755539
10416,2013-05-07,17.3817,17.5876,17.3593,17.509,53235625
10417,2013-05-08,17.435,17.6119,17.3741,17.5876,34338812
10418,2013-05-09,17.5502,17.817,17.4772,17.6654,43351371
10419,2013-05-10,17.7092,17.7964,17.657,17.7656,31105762
10420,2013-05-13,17.7027,17.758,17.4267,17.4631,39336639
10421,2013-05-14,17.4631,17.5259,17.2449,17.2872,50602710
10422,2013-05-15,17.3264,17.5502,17.2657,17.5502,46292167
10423,2013-05-16,17.4492,17.6953,17.3508,17.3593,41112309
10424,2013-05-17,17.4884,17.5652,17.3312,17.435,50026927
10425,2013-05-20,17.4631,17.5876,17.4033,17.4631,43193008
10426,2013-05-21,17.4772,17.5876,17.4033,17.509,52291843
10427,2013-05-22,17.496,17.7908,17.3593,17.4565,68519663
10428,2013-05-23,17.318,17.4884,17.2872,17.4425,52586699
10429,2013-05-24,17.3461,17.435,17.0999,17.3461,42560301
10430,2013-05-28,17.5173,17.6953,17.4033,17.4631,42961677
10431,2013-05-29,17.3741,17.6811,17.3264,17.6,43651249
10432,2013-05-30,17.6073,17.7656,17.5587,17.5587,36273867
10433,2013-05-31,17.5775,17.9181,17.4988,17.6034,65911439
10434,2013-06-03,18.0419,18.4545,18.0062,18.302,105473036
10435,2013-06-04,18.5359,18.8404,18.3808,18.388,94469895
10436,2013-06-05,18.2094,18.3329,17.8741,17.9107,73556961
10437,2013-06-06,17.9479,18.0865,17.6,17.8741,55194999
10438,2013-06-07,17.6953,17.9107,17.5652,17.8302,49011566
10439,2013-06-10,17.9181,18.1944,17.8676,18.1373,41069360
10440,2013-06-11,18.0062,18.1849,17.8611,17.9181,37341116
10441,2013-06-12,18.1017,18.1298,17.7027,17.7357,33831218
10442,2013-06-13,17.7357,18.1373,17.6953,18.1221,38210857
10443,2013-06-14,18.1437,18.2317,18.0127,18.0717,34119474
10444,2013-06-17,18.2094,18.3808,18.0633,18.2008,58812655
10445,2013-06-18,18.1774,18.5978,18.1774,18.4694,50576323
10446,2013-06-19,18.4855,18.6212,18.1298,18.1298,39778577
10447,2013-06-20,17.9331,17.9479,17.4772,17.5343,87659197
10448,2013-06-21,17.6261,17.657,17.4697,17.5407,93432352
10449,2013-06-24,17.4631,17.5652,16.9773,17.0999,67773482
10450,2013-06-25,17.2786,17.3593,17.0933,17.318,47673939
10451,2013-06-26,17.5502,17.581,17.3264,17.4033,46399455
10452,2013-06-27,17.4772,17.657,17.4106,17.4425,35253644
10453,2013-06-28,17.5126,17.8666,17.3686,17.7337,109862204
10454,2013-07-01,17.657,17.7092,17.2872,17.3264,40954630
10455,2013-07-02,17.3087,17.435,17.069,17.1991,39013668
10456,2013-07-03,17.185,17.3312,17.0062,17.2302,25052615
10457,2013-07-05,17.3677,17.4631,17.1635,17.4492,24591431
10458,2013-07-08,17.3021,17.3395,16.701,16.8088,94915294
10459,2013-07-09,16.8948,16.9839,16.7592,16.7788,47910523
10460,2013-07-10,16.7788,16.8948,16.4182,16.8621,69066450
10461,2013-07-11,17.0849,17.4033,17.0193,17.3967,56973002
10462,2013-07-12,17.3677,17.4033,17.1495,17.3312,47662985
10463,2013-07-15,17.2872,17.3817,17.2302,17.3593,35371854
10464,2013-07-16,17.4033,17.6195,17.3312,17.5876,47571739
10465,2013-07-17,17.6195,17.716,17.435,17.509,60727202
10466,2013-07-18,17.0193,17.1214,16.7929,16.8556,107358292
10467,2013-07-19,16.7592,16.7854,16.541,16.7057,63261907
10468,2013-07-22,16.7309,16.7655,16.4828,16.5138,49480396
10469,2013-07-23,16.57,16.671,16.4182,16.4989,39331824
10470,2013-07-24,16.629,16.6795,16.4107,16.629,46100794
10471,2013-07-25,16.57,16.7225,16.5486,16.7225,157977861
10472,2013-07-26,16.6356,16.8676,16.6066,16.8676,152347748
10473,2013-07-29,16.8002,16.8948,16.7309,16.8556,117964710
10474,2013-07-30,16.8948,17.04,16.8817,16.9548,39792187
10475,2013-07-31,16.9407,17.0129,16.8676,16.9153,38170185
10476,2013-08-01,16.9773,17.0342,16.6927,16.8237,52162155
10477,2013-08-02,16.8088,16.8406,16.6795,16.8406,49976257
10478,2013-08-05,16.8434,16.8593,16.7329,16.7815,28504934
10479,2013-08-06,16.7563,16.7891,16.6308,16.6955,39391835
10480,2013-08-07,16.6308,16.6872,16.5148,16.6225,31886113
10481,2013-08-08,16.6728,16.6813,16.4098,16.4389,47517439
10482,2013-08-09,16.4098,16.5148,16.3368,16.4828,34340814
10483,2013-08-12,16.4604,16.6225,16.4389,16.5765,32121664
10484,2013-08-13,16.6149,16.6225,16.3949,16.4913,35643559
10485,2013-08-14,16.3949,16.6504,16.3669,16.526,31675522
10486,2013-08-15,16.3162,16.4098,16.088,16.1309,55237278
10487,2013-08-16,16.1544,16.2452,16.0279,16.0504,41082988
10488,2013-08-19,16.1674,16.6225,16.1468,16.3162,59290645
10489,2013-08-20,16.3368,16.6084,16.3313,16.4913,43814059
10490,2013-08-21,16.4913,16.5334,16.1544,16.2337,44247180
10491,2013-08-22,16.3004,16.3949,16.2337,16.3004,23732837
10492,2013-08-23,16.3585,16.526,16.352,16.4305,31528038
10493,2013-08-26,16.4024,16.4913,16.279,16.3088,30404938
10494,2013-08-27,16.2142,16.2704,16.1084,16.2452,51396487
10495,2013-08-28,16.2527,16.4098,16.2078,16.3162,38362919
10496,2013-08-29,16.2853,16.4232,16.1468,16.1544,38657966
10497,2013-08-30,16.437,16.4455,16.1881,16.2423,45857962
10498,2013-09-03,16.261,16.2853,16.088,16.159,36091543
10499,2013-09-04,16.3875,16.6813,16.3162,16.5765,51823246
10500,2013-09-05,16.6084,16.644,16.467,16.5495,30798188
10501,2013-09-06,16.6149,16.7084,16.4024,16.6009,37703342
10502,2013-09-09,16.6384,16.8666,16.6225,16.7729,37923979
10503,2013-09-10,16.8921,16.937,16.7891,16.8367,43300399
10504,2013-09-11,16.7729,16.8275,16.6308,16.7019,62570900
10505,2013-09-12,16.6813,16.7253,16.5495,16.571,40312343
10506,2013-09-13,16.88,17.1776,16.8724,17.1635,83479934
10507,2013-09-16,17.3189,17.3603,17.0999,17.1288,41310767
10508,2013-09-17,17.3479,17.4911,17.333,17.3835,51264238
10509,2013-09-18,17.466,17.5126,17.2535,17.4988,43672958
10510,2013-09-19,17.5381,17.6298,17.4584,17.5126,38594164
10511,2013-09-20,17.5298,17.5446,17.2592,17.4051,64278334
10512,2013-09-23,17.3518,17.466,17.2881,17.2956,30646464
10513,2013-09-24,17.2666,17.466,17.2666,17.3603,32932193
10514,2013-09-25,17.4134,17.4369,17.2666,17.3518,27145563
10515,2013-09-26,17.3901,17.4285,16.9895,17.143,43703939
10516,2013-09-27,16.996,17.1288,16.7563,16.8275,39502858
10517,2013-09-30,16.7909,17.1262,16.7028,16.9416,43956817
10518,2013-10-01,16.8039,16.8724,16.6225,16.717,35349523
10519,2013-10-02,16.6308,16.7694,16.6009,16.7611,31693291
10520,2013-10-03,16.7084,16.7253,16.4764,16.5495,47640248
10521,2013-10-04,16.5495,16.7329,16.5495,16.7019,30796053
10522,2013-10-07,16.6308,16.8434,16.526,16.717,29124925
10523,2013-10-08,16.7478,16.7563,16.4604,16.4604,49306788
10524,2013-10-09,16.4828,16.8116,16.4604,16.542,55214125
10525,2013-10-10,16.8367,17.0043,16.7815,16.9126,53475708
10526,2013-10-11,16.717,17.0326,16.7084,17.025,33526937
10527,2013-10-14,16.8995,17.1991,16.8666,17.17,37107859
10528,2013-10-15,17.1346,17.272,17.0755,17.1288,58531196
10529,2013-10-16,17.0326,17.3835,17.0043,17.3479,65041746
10530,2013-10-17,17.2666,17.5298,17.1991,17.5126,39159125
10531,2013-10-18,17.4727,17.5623,17.3404,17.4844,40393916
10532,2013-10-21,17.5298,17.7009,17.4434,17.6784,48202959
10533,2013-10-22,17.7009,17.7207,17.5839,17.6234,39611856
10534,2013-10-23,17.5213,17.6092,17.2535,17.3835,43220811
10535,2013-10-24,17.4727,17.5531,17.4134,17.4134,64973048
10536,2013-10-25,17.653,17.7467,17.5905,17.7467,81381529
10537,2013-10-28,17.7065,17.9331,17.7009,17.8377,89533890
10538,2013-10-29,17.8666,18.0633,17.8283,17.9566,40916972
10539,2013-10-30,17.963,18.0633,17.8666,17.9397,32906391
10540,2013-10-31,18.123,18.2776,18.0558,18.0865,41809581
10541,2013-11-01,17.9479,18.0502,17.7337,17.816,38655790
10542,2013-11-04,17.8087,17.8666,17.686,17.7552,36370208
10543,2013-11-05,17.6811,17.8188,17.5717,17.7598,30912192
10544,2013-11-06,17.7851,17.9688,17.656,17.9237,34531054
10545,2013-11-07,18.0117,18.0175,17.7357,17.7841,34678107
10546,2013-11-08,17.7684,17.8188,17.6185,17.8058,42600351
10547,2013-11-11,17.7684,17.9547,17.6889,17.864,26026442
10548,2013-11-12,17.7317,18.1111,17.7233,18.0558,51160737
10549,2013-11-13,17.9237,18.1952,17.8854,18.1802,31092197
10550,2013-11-14,18.0558,18.1111,17.9977,18.0249,27325514
10551,2013-11-15,18.0333,18.1447,17.9237,18.123,30937322
10552,2013-11-18,18.1887,18.2581,18.095,18.1802,33433665
10553,2013-11-19,18.2832,18.3789,18.1887,18.2581,33648609
10554,2013-11-20,18.2581,18.3478,18.0793,18.1512,27449970
10555,2013-11-21,18.1887,18.6922,18.123,18.6485,59548001
10556,2013-11-22,18.1111,18.1156,17.6185,17.6412,104758803
10557,2013-11-25,17.7506,17.7506,17.3686,17.5557,58705519
10558,2013-11-26,17.5858,17.6119,17.3835,17.481,41403915
10559,2013-11-27,17.4736,17.6811,17.3835,17.6654,38447878
10560,2013-11-29,17.6654,17.7317,17.5643,17.6185,18674888
10561,2013-12-02,17.7317,17.7357,17.481,17.5145,34751492
10562,2013-12-03,17.5221,17.5389,17.2956,17.406,47448868
10563,2013-12-04,17.3835,17.6252,17.3835,17.5473,58809136
10564,2013-12-05,17.6054,17.9977,17.5557,17.9321,61426179
10565,2013-12-06,18.4545,18.6623,18.2915,18.3478,72890718
10566,2013-12-09,18.359,18.5379,18.2422,18.4284,40068668
10567,2013-12-10,18.359,18.4545,18.2289,18.3478,24627559
10568,2013-12-11,18.2832,18.3871,18.0333,18.0483,33390237
10569,2013-12-12,18.2721,18.3955,18.0483,18.0865,29601107
10570,2013-12-13,17.8854,18.1026,17.8574,17.9547,27916073
10571,2013-12-16,18.0052,18.2634,17.9837,18.0717,33906967
10572,2013-12-17,18.0419,18.3067,18.0175,18.2289,38098991
10573,2013-12-18,18.2634,18.625,18.1316,18.5885,57746946
10574,2013-12-19,18.5678,18.6557,18.3955,18.5828,43133423
10575,2013-12-20,18.5604,18.7355,18.5071,18.5211,74928464
10576,2013-12-23,18.6785,18.7955,18.609,18.7167,37985498
10577,2013-12-24,18.7569,18.9367,18.7355,18.7955,16449268
10578,2013-12-26,18.7955,18.9975,18.7955,18.9975,22942342
10579,2013-12-27,19.0323,19.0696,18.8317,18.92,17548992
10580,2013-12-30,18.9722,19.1071,18.92,19.1071,26771664
10581,2013-12-31,19.0771,19.2456,19.0472,19.181,30859202
10582,2014-01-02,19.0547,19.0838,18.8253,19.0613,43083083
10583,2014-01-03,19.1138,19.14,18.92,19.0547,37616893
10584,2014-01-06,19.0482,19.0613,18.8104,18.8189,43064014
10585,2014-01-07,18.8786,19.0144,18.8253,18.904,26606319
10586,2014-01-08,18.9517,19.004,18.701,18.7955,40157833
10587,2014-01-09,18.8104,18.8843,18.6623,18.7083,28254247
10588,2014-01-10,18.8488,19.1071,18.8488,18.8704,41417140
10589,2014-01-13,18.92,19.212,18.7888,18.8488,54493946
10590,2014-01-14,19.2176,19.6239,19.14,19.5939,100325803
10591,2014-01-15,19.7504,20.0442,19.6688,19.7129,78888695
10592,2014-01-16,19.6904,19.7633,19.461,19.6155,66643840
10593,2014-01-17,18.7419,19.1138,18.6623,19.1071,152220589
10594,2014-01-21,19.0696,19.0696,18.6785,18.9124,57248330
10595,2014-01-22,18.7664,18.8786,18.5885,18.7083,66013520
10596,2014-01-23,18.5997,18.6623,18.4049,18.5764,54449447
10597,2014-01-24,18.3871,18.6175,18.3234,18.3404,47585201
10598,2014-01-27,18.2982,18.4694,18.2289,18.2721,44082463
10599,2014-01-28,18.2721,18.5145,18.1587,18.4049,43913813
10600,2014-01-29,18.2915,18.448,18.2036,18.2422,36769685
10601,2014-01-30,18.2915,18.3955,18.1392,18.2832,33300021
10602,2014-01-31,18.0717,18.2224,18.0333,18.1392,39039818
10603,2014-02-03,18.1111,18.1156,17.656,17.7037,71601593
10604,2014-02-04,17.7233,17.7598,17.4294,17.6054,68845645
10605,2014-02-05,17.686,17.7299,17.5343,17.5512,43531024
10606,2014-02-06,17.6224,17.9688,17.5755,17.9003,37584479
10607,2014-02-07,18.0568,18.1036,17.7337,18.0568,41391006
10608,2014-02-10,17.9902,18.1812,17.9537,18.125,32930246
10609,2014-02-11,18.1653,18.2871,18.153,18.2599,24021340
10610,2014-02-12,18.2871,18.4246,18.1812,18.3189,34743037
10611,2014-02-13,18.2309,18.4593,18.1409,18.4331,30743444
10612,2014-02-14,18.3104,18.4733,18.2157,18.4669,27597634
10613,2014-02-18,18.4162,18.4901,18.3189,18.4733,23787402
10614,2014-02-19,18.3918,18.4442,18.2243,18.2785,34500312
10615,2014-02-20,18.3104,18.5435,18.2785,18.4593,27110877
10616,2014-02-21,18.6157,18.6231,18.1653,18.2243,41033556
10617,2014-02-24,18.2871,18.5659,18.2157,18.3769,32396648
10618,2014-02-25,18.4098,18.4378,18.2522,18.3693,28962035
10619,2014-02-26,18.4593,18.6399,18.3637,18.5051,26562807
10620,2014-02-27,18.5051,18.5051,18.2871,18.4733,27962799
10621,2014-02-28,18.4976,18.535,18.3348,18.4733,31471895
10622,2014-03-03,18.3189,18.3488,18.1335,18.2785,34513587
10623,2014-03-04,18.4442,18.4901,18.2785,18.3637,31779702
10624,2014-03-05,18.4331,18.4378,18.2064,18.2785,28238050
10625,2014-03-06,18.3348,18.3918,18.1906,18.3769,30041704
10626,2014-03-07,18.4442,18.5435,18.3348,18.3835,34013703
10627,2014-03-10,18.3637,18.5736,18.3432,18.535,33431461
10628,2014-03-11,18.4901,18.5435,18.3637,18.4526,35777259
10629,2014-03-12,18.3918,18.5659,18.3637,18.4733,28491163
10630,2014-03-13,18.4828,18.6541,18.2309,18.3348,35170989
10631,2014-03-14,18.2664,18.3918,18.2064,18.2785,29225878
10632,2014-03-17,18.3835,18.5192,18.273,18.4331,24828121
10633,2014-03-18,18.4162,18.58,18.3189,18.5192,35306043
10634,2014-03-19,18.5435,18.8414,18.4828,18.669,45544268
10635,2014-03-20,18.6541,19.095,18.6072,18.9696,49599255
10636,2014-03-21,19.109,19.1606,18.7738,18.7812,76209439
10637,2014-03-24,18.8189,18.9377,18.5921,18.7419,49522200
10638,2014-03-25,18.7955,19.152,18.7812,19.0005,43311542
10639,2014-03-26,19.095,19.2081,18.8927,18.9377,35438425
10640,2014-03-27,18.9219,19.2148,18.8712,18.8843,36465473
10641,2014-03-28,18.96,19.2568,18.8927,19.1164,30669559
10642,2014-03-31,19.136,19.4459,19.1164,19.2568,39309141
10643,2014-04-01,19.2486,19.399,19.1296,19.3918,31868084
10644,2014-04-02,19.3711,19.4366,19.1296,19.3177,30091448
10645,2014-04-03,19.5114,19.7447,19.5032,19.7081,51702107
10646,2014-04-04,19.7652,19.946,19.4768,19.519,64216533
10647,2014-04-07,19.6239,19.9523,19.551,19.7652,66681711
10648,2014-04-08,19.6697,20.1324,19.6633,20.0779,75984636
10649,2014-04-09,20.0947,20.1614,19.946,20.1324,46200311
10650,2014-04-10,20.1529,20.2128,19.6697,19.7136,54241823
10651,2014-04-11,19.6015,19.841,19.5264,19.534,48412419
10652,2014-04-14,19.6316,19.8832,19.5032,19.8207,36128799
10653,2014-04-15,19.7775,20.0191,19.6697,19.9757,60361294
10654,2014-04-16,20.1389,20.3243,19.8467,20.0947,79117102
10655,2014-04-17,20.0116,20.2691,19.99,20.1762,51073724
10656,2014-04-21,20.1818,20.1818,19.946,20.1116,27338535
10657,2014-04-22,20.0779,20.1324,19.8926,20.0256,39672381
10658,2014-04-23,19.9966,20.1255,19.9394,19.959,34282933
10659,2014-04-24,20.0039,20.1192,19.8748,19.959,34084481
10660,2014-04-25,19.8832,19.9394,19.534,19.5939,45050167
10661,2014-04-28,19.5264,19.6914,19.4066,19.6454,44859334
10662,2014-04-29,19.6697,19.8926,19.6633,19.7588,29679891
10663,2014-04-30,19.6388,19.9226,19.5667,19.9152,34643060
10664,2014-05-01,19.7775,19.9012,19.6914,19.7371,26475827
10665,2014-05-02,19.8207,19.8748,19.6988,19.7081,32480968
10666,2014-05-05,19.6875,19.7623,19.5611,19.6952,27557387
10667,2014-05-06,19.6875,19.8517,19.5696,19.7166,28991306
10668,2014-05-07,19.7623,19.9046,19.7323,19.8457,32811103
10669,2014-05-08,19.8091,19.9665,19.7323,19.8261,32113720
10670,2014-05-09,19.8457,19.8729,19.7323,19.7916,27006315
10671,2014-05-12,19.8729,19.9749,19.7916,19.8457,27383070
10672,2014-05-13,19.9375,19.9749,19.8167,19.9046,27273054
10673,2014-05-14,19.9375,19.9572,19.8167,19.8167,23664819
10674,2014-05-15,19.8167,19.9441,19.5732,19.5732,42189407
10675,2014-05-16,19.581,19.62,19.372,19.4301,39886053
10676,2014-05-19,19.3786,19.6351,19.3786,19.5959,30136398
10677,2014-05-20,19.581,19.6952,19.4768,19.5959,29621980
10678,2014-05-21,19.6278,19.7551,19.5696,19.7166,24876438
10679,2014-05-22,19.7233,19.7699,19.6278,19.6819,21162750
10680,2014-05-23,19.6819,19.7916,19.6725,19.7829,22825591
10681,2014-05-27,19.8167,20.1255,19.7034,20.1033,36236519
10682,2014-05-28,20.0937,20.2754,20.0619,20.2296,36076344
10683,2014-05-29,20.252,20.2916,20.1116,20.2916,27424492
10684,2014-05-30,20.2754,20.5592,20.2699,20.5592,57987777
10685,2014-06-02,20.5535,20.5817,20.4112,20.5162,26927410
10686,2014-06-03,20.4916,20.8458,20.4112,20.8148,44190621
10687,2014-06-04,20.7016,20.8926,20.6948,20.7745,28718160
10688,2014-06-05,20.7408,20.8148,20.6444,20.8148,35274003
10689,2014-06-06,20.9074,21.2321,20.8681,21.2013,46234459
10690,2014-06-09,21.176,21.3888,20.944,21.0049,53061733
10691,2014-06-10,20.9571,21.3205,20.8597,21.253,45522876
10692,2014-06-11,21.176,21.2321,20.9216,21.0199,36872459
10693,2014-06-12,20.9571,21.1463,20.9001,21.0404,41386988
10694,2014-06-13,22.381,22.6227,22.2481,22.4794,162356106
10695,2014-06-16,22.3661,22.6891,22.3286,22.5841,48376693
10696,2014-06-17,22.4868,22.6535,22.4569,22.5383,37791411
10697,2014-06-18,22.4868,22.5627,22.3286,22.5242,45726177
10698,2014-06-19,22.5627,22.645,22.4934,22.645,36098612
10699,2014-06-20,22.6281,22.7285,22.601,22.7285,52922631
10700,2014-06-23,22.6535,22.8109,22.4643,22.7508,35251837
10701,2014-06-24,22.6967,23.1993,22.645,22.954,70954030
10702,2014-06-25,22.9391,23.3286,22.9091,23.2387,58856011
10703,2014-06-26,23.1851,23.2554,23.0373,23.1675,35508478
10704,2014-06-27,23.23,23.3286,23.1029,23.278,40894705
10705,2014-06-30,23.23,23.3286,23.072,23.2554,28650400
10706,2014-07-01,23.322,23.3987,23.23,23.3163,37524520
10707,2014-07-02,23.322,23.366,23.1796,23.3163,22364735
10708,2014-07-03,23.3913,23.6001,23.3435,23.4361,27156999
10709,2014-07-07,23.3987,23.4783,23.2726,23.3509,29546970
10710,2014-07-08,23.3435,23.3913,23.1029,23.1741,49980620
10711,2014-07-09,23.2069,23.3163,23.0945,23.247,37607435
10712,2014-07-10,23.031,23.5803,22.9091,23.5242,43126632
10713,2014-07-11,23.5242,23.6683,23.3594,23.5205,26643926
10714,2014-07-14,23.6374,23.7657,23.5858,23.7011,32216063
10715,2014-07-15,23.7657,23.9305,23.4509,23.863,81187785
10716,2014-07-16,25.069,26.1428,24.9932,26.0771,180556467
10717,2014-07-17,25.7392,25.859,25.3093,25.3609,93798063
10718,2014-07-18,25.4368,25.4677,25.126,25.3609,61827473
10719,2014-07-21,25.2477,25.7619,25.2401,25.6363,42646504
10720,2014-07-22,25.7046,26.2131,25.6429,26.182,57029558
10721,2014-07-23,26.1015,26.1221,25.8124,25.9648,34651117
10722,2014-07-24,25.8722,26.1015,25.6701,25.7757,44089235
10723,2014-07-25,25.6982,25.8656,25.5351,25.7757,42006676
10724,2014-07-28,25.7619,25.8282,25.4978,25.7619,41155040
10725,2014-07-29,25.7908,25.8656,25.6559,25.7299,34737687
10726,2014-07-30,25.8199,26.0154,25.6185,25.8525,43561477
10727,2014-07-31,25.6701,25.7757,25.4442,25.5042,47081377
10728,2014-08-01,25.4005,25.612,25.2963,25.3938,44477433
10729,2014-08-04,25.4294,25.6559,25.2477,25.6269,36206688
10730,2014-08-05,25.5756,25.5904,24.6972,24.8631,65798470
10731,2014-08-06,24.6908,25.1437,24.5379,24.8893,36859409
10732,2014-08-07,24.9445,25.1138,24.6551,24.7589,36723702
10733,2014-08-08,24.8322,25.0006,24.6551,24.6972,46843979
10734,2014-08-11,24.8631,25.1823,24.8554,25.0164,36592696
10735,2014-08-12,24.9321,25.1138,24.7589,25.0998,32749249
10736,2014-08-13,25.1823,25.8694,25.1755,25.8338,47893196
10737,2014-08-14,25.7954,25.933,25.5575,25.7102,33597381
10738,2014-08-15,25.8338,25.918,25.538,25.8842,37724780
10739,2014-08-18,25.9564,26.1148,25.7355,26.0678,35947051
10740,2014-08-19,26.1352,26.1352,25.9488,26.0135,38652604
10741,2014-08-20,25.9096,26.1428,25.891,26.1352,35826149
10742,2014-08-21,26.1352,26.6585,26.1006,26.6277,49054409
10743,2014-08-22,26.6511,26.666,26.4443,26.4704,27979526
10744,2014-08-25,26.5847,26.6277,26.2523,26.3738,24570478
10745,2014-08-26,26.4227,26.5538,26.2775,26.3654,25956764
10746,2014-08-27,26.4301,26.4704,26.2365,26.3562,22662220
10747,2014-08-28,26.2204,26.3738,26.2204,26.2523,24959581
10748,2014-08-29,26.3808,26.4704,26.2644,26.4536,42641474
10749,2014-09-02,26.3338,26.4443,26.0837,26.1895,42365642
10750,2014-09-03,26.3808,26.4227,26.1006,26.1895,35202681
10751,2014-09-04,26.1558,26.5847,26.15,26.4367,36476158
10752,2014-09-05,26.4536,26.6053,26.3879,26.5153,27511135
10753,2014-09-08,26.4853,26.9365,26.4227,26.7644,32815843
10754,2014-09-09,26.7344,26.7344,26.4012,26.4443,29481363
10755,2014-09-10,26.4012,26.6137,26.2644,26.5294,26352591
10756,2014-09-11,26.3562,26.5294,26.1558,26.5294,28974840
10757,2014-09-12,26.4367,26.4443,26.1352,26.2289,35287913
10758,2014-09-15,26.2523,26.3411,25.933,26.1644,29618383
10759,2014-09-16,26.1221,26.5763,26.1148,26.4618,27557077
10760,2014-09-17,26.4443,26.666,26.3177,26.5023,34687994
10761,2014-09-18,26.6053,26.6427,26.4096,26.6427,31435042
10762,2014-09-19,26.6342,26.6839,26.3808,26.3808,61844350
10763,2014-09-22,26.3488,26.5368,26.1737,26.2933,33590761
10764,2014-09-23,26.2933,26.2933,26.0463,26.0762,33911500
10765,2014-09-24,26.0614,26.4012,26.0379,26.3262,24854176
10766,2014-09-25,26.2709,26.3562,25.6663,25.8627,45730701
10767,2014-09-26,25.9629,26.0314,25.4799,25.9564,34164470
10768,2014-09-29,25.8038,26.5078,25.7102,26.4367,38278752
10769,2014-09-30,26.4367,26.5153,26.0678,26.3808,46559284
10770,2014-10-01,26.2204,26.3488,25.6401,25.7523,46317065
10771,2014-10-02,25.7279,25.7599,25.1961,25.3957,43442384
10772,2014-10-03,25.5005,25.891,25.3546,25.7805,34101829
10773,2014-10-06,25.8694,26.1221,25.6587,25.8414,32104419
10774,2014-10-07,25.7879,25.7954,25.3198,25.3546,34283037
10775,2014-10-08,25.3696,26.0379,25.1073,25.9629,46148325
10776,2014-10-09,25.8694,26.0837,25.4395,25.4705,37208799
10777,2014-10-10,24.7095,24.8957,23.1057,24.1738,106807198
10778,2014-10-13,24.0298,24.525,23.8416,23.8416,55588825
10779,2014-10-14,24.2357,24.7506,24.0213,24.3509,90585327
10780,2014-10-15,23.1301,23.9783,22.4616,23.6917,121843624
10781,2014-10-16,23.4033,23.8697,23.2958,23.3705,63075086
10782,2014-10-17,23.6354,24.0213,23.4596,23.7722,49504837
10783,2014-10-20,23.5175,24.0139,23.41,23.9238,40288448
10784,2014-10-21,23.9903,24.7095,23.9238,24.7018,43928152
10785,2014-10-22,24.7431,24.9012,24.4079,24.4463,35277619
10786,2014-10-23,24.7675,24.9321,24.6972,24.7675,29376336
10787,2014-10-24,24.7899,25.2495,24.6729,25.1356,36714704
10788,2014-10-27,25.0605,25.2197,24.8236,25.1514,31352423
10789,2014-10-28,25.1755,25.566,25.1755,25.5575,28854989
10790,2014-10-29,25.5756,25.7355,25.388,25.6952,32491938
10791,2014-10-30,25.4395,25.4622,24.5466,24.6813,72887212
10792,2014-10-31,25.5575,25.7654,25.1356,25.7654,68758071
10793,2014-11-03,25.6155,26.1221,25.5978,25.991,37884812
10794,2014-11-04,25.9488,26.3488,25.918,26.1644,45790845
10795,2014-11-05,25.9648,25.9995,25.6222,25.7449,45510517
10796,2014-11-06,25.7672,26.1033,25.479,25.7888,33099819
10797,2014-11-07,25.9116,25.9274,25.3093,25.6072,36200394
10798,2014-11-10,25.4923,25.538,25.2234,25.3609,40193760
10799,2014-11-11,25.4386,25.5756,25.3093,25.4015,25803799
10800,2014-11-12,25.3386,25.4864,25.1645,25.4537,29983303
10801,2014-11-13,25.4303,25.8189,25.4227,25.6811,34682932
10802,2014-11-14,25.7365,25.9032,25.4303,25.8861,23739702
10803,2014-11-17,25.7888,26.1183,25.7449,26.1129,23141251
10804,2014-11-18,26.0715,26.6128,26.0491,26.4694,40226745
10805,2014-11-19,26.4508,26.5276,26.1183,26.1942,27919096
10806,2014-11-20,26.0258,27.4293,25.9274,27.4148,81294846
10807,2014-11-21,27.4375,27.8007,27.0677,27.1408,74382876
10808,2014-11-24,27.368,27.7784,27.3298,27.6444,43693839
10809,2014-11-25,27.7278,27.8175,27.5658,27.6941,38147119
10810,2014-11-26,27.7361,28.2071,27.6631,28.1368,31554629
10811,2014-11-28,28.2446,28.7408,28.1688,28.4046,25085032
10812,2014-12-01,28.3738,28.6854,28.1368,28.3429,40519992
10813,2014-12-02,28.3502,28.6705,28.3502,28.6705,37188749
10814,2014-12-03,28.7323,28.8932,28.528,28.5412,40208448
10815,2014-12-04,28.5198,28.5637,28.2446,28.5637,30683742
10816,2014-12-05,28.6498,28.9009,28.6107,28.7248,26915138
10817,2014-12-08,28.5637,28.7708,28.1688,28.3654,36894554
10818,2014-12-09,27.9647,28.2846,27.6791,28.1304,37358015
10819,2014-12-10,28.1613,28.2284,27.6791,27.7727,36063107
10820,2014-12-11,27.8336,28.3738,27.7848,27.987,32901847
10821,2014-12-12,27.7914,28.0779,27.6211,27.6211,38451676
10822,2014-12-15,27.7503,28.0451,27.3747,27.3898,40171609
10823,2014-12-16,27.3169,27.8336,27.1174,27.1174,40854862
10824,2014-12-17,27.1622,27.7026,26.9385,27.6351,41481050
10825,2014-12-18,28.0451,28.2284,27.7784,28.2284,42132410
10826,2014-12-19,28.2284,28.3345,27.6276,27.7361,100695764
10827,2014-12-22,27.7503,28.4122,27.7503,28.3738,38328107
10828,2014-12-23,28.5198,28.7482,28.4431,28.5412,29072989
10829,2014-12-24,28.5478,28.6705,28.3502,28.5478,15879841
10830,2014-12-26,28.6107,28.7782,28.6107,28.6331,18407890
10831,2014-12-29,28.5562,28.6107,28.3429,28.3502,16003228
10832,2014-12-30,28.2755,28.3589,28.0303,28.0303,19951623
10833,2014-12-31,27.9308,28.2446,27.6716,27.6716,26742120
10834,2015-01-02,27.9647,28.3345,27.5348,27.7278,30955749
10835,2015-01-05,27.6042,27.7914,27.4057,27.4148,42990239
10836,2015-01-06,27.5826,27.6276,26.8871,26.9019,40451399
10837,2015-01-07,27.1314,27.504,26.8954,27.4674,36357726
10838,2015-01-08,27.6502,28.2146,27.6502,27.9815,41653856
10839,2015-01-09,28.0386,28.3007,27.7596,28.0303,29965403
10840,2015-01-12,28.1304,28.2146,27.6276,27.9084,38552182
10841,2015-01-13,28.1613,28.5888,27.6716,27.8336,41270594
10842,2015-01-14,27.7026,28.1462,27.3814,27.7193,44913605
10843,2015-01-15,27.8261,28.1219,27.4749,27.5977,61797763
10844,2015-01-16,27.5424,27.9552,27.0753,27.7914,82364832
10845,2015-01-20,27.5274,27.8007,27.1201,27.5218,44771281
10846,2015-01-21,27.3364,27.9732,27.2745,27.8175,32972691
10847,2015-01-22,27.8792,28.2146,27.5566,28.1462,35946138
10848,2015-01-23,28.1835,28.2362,27.7418,27.7848,31987758
10849,2015-01-26,27.5658,27.6791,27.1239,27.3074,40526321
10850,2015-01-27,26.2335,26.4771,25.5837,26.0715,76654221
10851,2015-01-28,26.2833,26.4599,25.7111,25.7599,47311671
10852,2015-01-29,25.8057,26.1392,25.5146,26.0875,38774375
10853,2015-01-30,25.6877,25.9208,25.1645,25.1934,50776103
10854,2015-02-02,25.2104,25.7365,24.8976,25.6596,50787187
10855,2015-02-03,25.7599,25.9648,24.8676,25.6962,47257063
10856,2015-02-04,25.86,25.9892,25.5746,25.8066,32619623
10857,2015-02-05,25.8666,26.1072,25.6877,26.066,26678807
10858,2015-02-06,26.0509,26.1148,25.4527,25.565,38203871
10859,2015-02-09,25.344,25.5277,25.0903,25.2918,37376135
10860,2015-02-10,25.4987,25.9051,25.3834,25.8806,26301534
10861,2015-02-11,25.86,25.9283,25.5904,25.7682,23910254
10862,2015-02-12,26.0986,26.2131,25.9283,26.2131,26114858
10863,2015-02-13,26.2654,26.3972,26.066,26.3898,23485734
10864,2015-02-17,26.419,26.6905,26.3103,26.682,25225128
10865,2015-02-18,26.6118,26.6566,26.2599,26.3103,26031711
10866,2015-02-19,26.2709,26.432,26.1493,26.2709,14345452
10867,2015-02-20,26.2204,26.5511,26.0435,26.4254,27284932
10868,2015-02-23,26.419,26.4985,25.7898,25.9283,33287717
10869,2015-02-24,25.8124,26.49,25.7365,26.4254,38547389
10870,2015-02-25,26.1342,26.2298,25.9051,26.066,32142703
10871,2015-02-26,25.8199,26.02,25.6756,25.8443,33758730
10872,2015-02-27,25.7747,25.8347,25.5042,25.537,31805052
10873,2015-03-02,25.565,26.2131,25.4368,26.1548,33080420
10874,2015-03-03,26.0743,26.4049,26.0435,26.1895,35587657
10875,2015-03-04,26.0024,26.4254,25.8957,26.2054,29954701
10876,2015-03-05,26.3103,26.4985,25.7981,25.9051,27637174
10877,2015-03-06,25.7609,25.8666,25.405,25.4923,42151580
10878,2015-03-09,25.4987,25.55,24.9435,25.1279,43044271
10879,2015-03-10,24.7627,24.8937,24.1945,24.3471,65465803
10880,2015-03-11,24.5597,25.315,24.5379,24.8283,64690818
10881,2015-03-12,23.8172,24.2674,23.3734,23.4033,139858388
10882,2015-03-13,23.5242,23.7938,23.3183,23.7527,62439690
10883,2015-03-16,23.7527,23.8929,23.5392,23.6787,43064973
10884,2015-03-17,23.4838,23.6001,23.3537,23.4924,38040209
10885,2015-03-18,23.3537,23.9632,23.2733,23.7234,51866088
10886,2015-03-19,23.6374,23.8856,23.5719,23.6084,35694817
10887,2015-03-20,23.8031,24.2826,23.7527,24.0484,84343264
10888,2015-03-23,24.0307,24.4135,23.9632,23.9632,38663109
10889,2015-03-24,23.9305,24.0579,23.6084,23.645,37071219
10890,2015-03-25,23.645,23.7234,22.9325,22.9568,49075652
10891,2015-03-26,22.6581,23.3463,22.5113,23.1011,59178564
10892,2015-03-27,23.0495,25.344,22.924,24.5746,96166193
10893,2015-03-30,24.3161,24.6561,24.0391,24.1616,66914599
10894,2015-03-31,24.1364,24.525,23.9632,24.0139,41793987
10895,2015-04-01,23.9015,24.0579,23.5392,23.6628,41056420
10896,2015-04-02,23.6543,23.984,23.555,23.6628,27225461
10897,2015-04-06,23.6628,23.9978,23.3856,23.8399,27982351
10898,2015-04-07,23.876,24.2609,23.8089,24.0063,30282574
10899,2015-04-08,23.984,24.2373,23.8529,24.0484,23762776
10900,2015-04-09,23.5625,24.2826,23.4755,23.9903,44484643
10901,2015-04-10,24.0662,24.5296,24.0662,24.525,36567973
10902,2015-04-13,24.4302,24.6149,24.3554,24.3706,30583985
10903,2015-04-14,24.3318,24.5296,24.0139,24.1861,51761920
10904,2015-04-15,24.7704,25.3367,24.6241,25.214,79490432
10905,2015-04-16,25.2291,25.3367,25.1073,25.244,37633571
10906,2015-04-17,24.9679,25.1148,24.7459,24.9359,39834571
10907,2015-04-20,25.069,25.1841,24.9818,25.1365,26886477
10908,2015-04-21,25.2918,25.3228,24.7947,24.9078,24768492
10909,2015-04-22,24.8937,25.1279,24.598,25.1148,27529923
10910,2015-04-23,24.6663,24.8937,24.5832,24.8441,30956639
10911,2015-04-24,24.8937,24.9435,24.5906,24.6402,29634670
10912,2015-04-27,24.6402,25.1073,24.6402,24.9594,33683531
10913,2015-04-28,24.8367,25.374,24.7535,25.3589,38505461
10914,2015-04-29,25.0081,25.344,24.9996,25.2523,28409555
10915,2015-04-30,25.1222,25.2291,24.8002,24.9996,28662545
10916,2015-05-01,25.0596,25.7205,25.053,25.6673,35274251
10917,2015-05-04,25.5746,25.7279,25.5137,25.6756,27860344
10918,2015-05-05,25.5277,25.6053,25.1886,25.2486,38495683
10919,2015-05-06,25.1407,25.3628,24.699,24.9265,41347468
10920,2015-05-07,24.9546,25.2401,24.8957,24.9379,27738507
10921,2015-05-08,25.1475,25.4351,25.0193,25.3715,34808102
10922,2015-05-11,25.2805,25.305,25.0858,25.2888,23732181
10923,2015-05-12,25.0951,25.1407,24.7545,24.9455,31710383
10924,2015-05-13,24.9614,25.451,24.9614,25.2486,26462821
10925,2015-05-14,25.4191,25.6305,25.3488,25.5032,27274715
10926,2015-05-15,25.549,25.6213,25.3347,25.5203,22169477
10927,2015-05-18,25.5117,25.8461,25.4105,25.8461,30620016
10928,2015-05-19,25.8076,25.8199,25.5203,25.6436,28267821
10929,2015-05-20,25.5736,25.9151,25.5361,25.8124,27611983
10930,2015-05-21,25.7111,25.9619,25.5828,25.9564,27495512
10931,2015-05-22,25.888,25.9238,25.7757,25.8752,26946500
10932,2015-05-26,25.7374,25.7533,25.4034,25.6053,36961900
10933,2015-05-27,25.6811,26.1858,25.6305,26.0781,39004360
10934,2015-05-28,26.1015,26.4171,26.0547,26.3085,34986066
10935,2015-05-29,26.488,26.8824,26.4638,26.6557,56291489
10936,2015-06-01,26.5884,26.7569,26.0547,26.2298,60414064
10937,2015-06-02,25.9968,26.1111,25.6401,25.7374,46990094
10938,2015-06-03,25.6596,25.7111,25.2104,25.3208,49302072
10939,2015-06-04,25.1475,25.3122,24.9108,24.9941,43644152
10940,2015-06-05,24.9696,24.979,24.6241,24.6325,35909488
10941,2015-06-08,24.6054,24.7122,24.1412,24.2151,49344604
10942,2015-06-09,24.2216,24.4912,24.0953,24.1738,43920266
10943,2015-06-10,24.3377,24.8692,24.2657,24.6149,43094771
10944,2015-06-11,24.7122,24.8302,24.6325,24.6402,31404566
10945,2015-06-12,24.524,24.8302,24.1327,24.2292,40850480
10946,2015-06-15,24.0766,24.3762,23.9343,24.2798,29958378
10947,2015-06-16,24.1993,24.5597,24.0831,24.4752,26183026
10948,2015-06-17,24.5287,24.8207,24.5166,24.7122,36446870
10949,2015-06-18,24.8132,25.1407,24.7545,25.0492,35836840
10950,2015-06-19,25.0633,25.1943,24.7217,24.8086,50426343
10951,2015-06-22,24.9546,25.0492,24.8132,24.9546,30518769
10952,2015-06-23,24.9941,25.0193,24.699,24.8172,23263509
10953,2015-06-24,24.8384,24.8692,24.6618,24.685,30137933
10954,2015-06-25,24.7721,25.0024,24.7459,24.7459,29400317
10955,2015-06-26,24.3762,24.3902,23.7957,23.9931,80350980
10956,2015-06-29,23.747,23.9651,23.4493,23.5102,45496080
10957,2015-06-30,23.717,23.7396,23.3237,23.5278,44484926
10958,2015-07-01,23.5858,23.632,23.2125,23.3445,35134381
10959,2015-07-02,23.3445,23.9193,23.2864,23.6374,35039110
10960,2015-07-06,23.3931,23.555,23.0831,23.2377,41971646
10961,2015-07-07,23.1066,23.1543,22.5029,23.1309,56664172
10962,2015-07-08,22.7359,22.9522,22.5505,22.8183,58461169
10963,2015-07-09,22.9895,23.1226,22.2931,22.379,60974194
10964,2015-07-10,22.587,22.7031,22.3876,22.5636,40621800
10965,2015-07-13,22.6516,23.0671,22.5796,22.9971,34195100
10966,2015-07-14,22.9446,23.2938,22.7742,22.9355,51417054
10967,2015-07-15,22.9355,23.1983,22.7975,22.9672,61749174
10968,2015-07-16,23.5625,23.5803,22.5113,23.1309,104924716
10969,2015-07-17,22.9446,23.0524,22.5113,22.7975,56488243
10970,2015-07-20,22.8256,22.9136,22.4868,22.5113,43710208
10971,2015-07-21,22.5029,22.6348,22.1778,22.2172,58418640
10972,2015-07-22,22.102,22.3174,21.9944,22.1255,47037896
10973,2015-07-23,22.1704,22.41,21.9944,22.118,43661341
10974,2015-07-24,22.0684,22.1535,21.707,21.707,40876720
10975,2015-07-27,21.7154,21.9869,21.3671,21.9289,54501864
10976,2015-07-28,22.0543,22.5719,22.0019,22.4008,42895153
10977,2015-07-29,22.3951,22.5346,22.2706,22.4418,34218214
10978,2015-07-30,22.5113,22.7837,22.3174,22.3624,34363282
10979,2015-07-31,22.5272,22.5272,22.2556,22.3951,35108270
10980,2015-08-03,22.4353,22.7031,22.3557,22.47,33884496
10981,2015-08-04,22.4195,22.5505,22.3258,22.5346,33276501
10982,2015-08-05,22.7687,22.9222,22.6358,22.7133,30285662
10983,2015-08-06,22.7443,22.7995,22.4944,22.6272,35843308
10984,2015-08-07,22.4635,22.588,22.3771,22.5272,32828495
10985,2015-08-10,22.6731,23.1516,22.6676,23.1187,29240271
10986,2015-08-11,22.9867,22.9932,22.588,22.5964,30460226
10987,2015-08-12,22.3548,23.0654,22.3548,22.9802,43127647
10988,2015-08-13,22.9306,22.9719,22.5188,22.5188,24130759
10989,2015-08-14,22.559,22.6525,22.4784,22.6358,18336883
10990,2015-08-17,22.4868,22.7769,22.3941,22.6805,19933817
10991,2015-08-18,22.5796,22.661,22.4635,22.5505,24593196
10992,2015-08-19,22.3463,22.4635,22.057,22.1218,39141347
10993,2015-08-20,21.8632,22.0263,21.472,21.472,40944428
10994,2015-08-21,21.3166,21.5525,20.7155,20.7155,67036610
10995,2015-08-24,19.6568,21.5525,19.3973,20.474,106710493
10996,2015-08-25,21.0909,21.176,20.1782,20.1782,76118062
10997,2015-08-26,20.6753,21.3249,20.3412,21.2922,60752476
10998,2015-08-27,21.6181,21.7687,21.0676,21.6181,49550756
10999,2015-08-28,21.5816,22.3155,21.4092,22.1666,55708348
11000,2015-08-31,22.0994,22.7208,21.9664,22.2613,54361549
11001,2015-09-01,21.7687,21.9739,21.5741,21.6993,56595017
11002,2015-09-02,22.1142,22.3071,21.9486,22.3071,44383293
11003,2015-09-03,22.4635,22.9473,22.3771,22.6805,49571905
11004,2015-09-04,22.2836,22.5421,22.1582,22.2481,37330310
11005,2015-09-08,22.6057,23.0084,22.5796,23.0084,35647482
11006,2015-09-09,23.1813,23.4924,22.7537,22.8071,39454165
11007,2015-09-10,22.7612,23.1346,22.5421,22.8286,32302433
11008,2015-09-11,22.6805,23.0271,22.6525,22.9867,27931929
11009,2015-09-14,22.9867,23.0344,22.6891,22.9222,30852713
11010,2015-09-15,23.0562,23.3445,22.9932,23.188,38229671
11011,2015-09-16,23.1029,23.2349,22.9306,23.2189,33279262
11012,2015-09-17,23.1029,23.556,23.0495,23.1761,38212042
11013,2015-09-18,22.7929,22.9473,22.4691,22.6358,77812431
11014,2015-09-21,22.6891,22.8792,22.5719,22.7443,31304124
11015,2015-09-22,22.3614,22.5421,22.2144,22.3614,36636329
11016,2015-09-23,22.6358,22.6891,22.2996,22.4185,33312924
11017,2015-09-24,22.1357,22.3614,21.7361,22.2144,41992412
11018,2015-09-25,22.5719,22.7049,22.3324,22.4691,37426207
11019,2015-09-28,22.3699,22.9006,22.3408,22.4344,54219358
11020,2015-09-29,22.4868,22.8961,22.4344,22.8071,43807262
11021,2015-09-30,23.0562,23.6478,23.041,23.5102,52630636
11022,2015-10-01,23.5633,23.6188,22.9802,23.4015,38247366
11023,2015-10-02,23.1423,23.8079,23.0344,23.7983,35771203
11024,2015-10-05,23.9687,24.4752,23.8379,24.3453,44667495
11025,2015-10-06,24.3031,24.8423,24.2637,24.7579,45551631
11026,2015-10-07,24.9585,25.2878,24.7421,25.2055,47346471
11027,2015-10-08,25.1389,25.4276,24.9435,25.3628,35634273
11028,2015-10-09,25.2477,25.3899,24.9146,25.0698,31021944
11029,2015-10-12,25.0838,25.2095,24.9585,25.1241,24093835
11030,2015-10-13,24.9818,25.3347,24.9435,24.9903,45626631
11031,2015-10-14,24.4847,25.6841,24.0671,25.5837,97378427
11032,2015-10-15,25.655,25.7869,25.3208,25.5456,48249847
11033,2015-10-16,25.5456,25.8937,25.3347,25.772,37655694
11034,2015-10-19,25.6464,26.2241,25.6421,26.2018,48236171
11035,2015-10-20,26.0519,26.2795,25.9808,26.0837,31302899
11036,2015-10-21,26.2634,26.5593,25.9892,26.0285,41032506
11037,2015-10-22,26.2843,26.9095,26.2018,26.8327,50734351
11038,2015-10-23,26.9395,27.3243,26.8327,27.2203,54867702
11039,2015-10-26,27.1211,27.268,26.948,26.9798,29034499
11040,2015-10-27,26.8402,26.948,26.7605,26.8861,29013090
11041,2015-10-28,26.8861,27.0704,26.6137,27.0704,28087701
11042,2015-10-29,26.6764,26.7467,26.3411,26.5435,27340004
11043,2015-10-30,26.5978,26.7467,26.4114,26.4114,31658870
11044,2015-11-02,26.3085,26.7391,26.2401,26.6043,27875884
11045,2015-11-03,26.5201,26.8402,26.505,26.7605,23291181
11046,2015-11-04,26.9188,26.9188,26.6277,26.8261,26431964
11047,2015-11-05,26.784,26.8664,26.4966,26.7072,20988153
11048,2015-11-06,26.6511,26.6839,26.2447,26.5817,30174257
11049,2015-11-09,26.3937,26.5735,25.9835,26.1978,30768965
11050,2015-11-10,26.0555,26.1315,25.7729,26.0875,28582893
11051,2015-11-11,26.0463,26.2204,25.7645,25.8115,25289538
11052,2015-11-12,25.6914,25.859,25.4424,25.4501,29618808
11053,2015-11-13,25.3459,25.4341,25.1044,25.2214,30137974
11054,2015-11-16,25.2065,25.3396,25.0802,25.214,38064865
11055,2015-11-17,25.2523,25.8263,25.1427,25.6421,28818033
11056,2015-11-18,25.7066,26.1129,25.6241,26.0463,23704544
11057,2015-11-19,26.0959,27.2802,26.0229,26.9413,57774710
11058,2015-11-20,27.0818,27.7203,27.0818,27.2241,52371974
11059,2015-11-23,27.2241,27.3747,27.0301,27.0818,25656316
11060,2015-11-24,26.9656,27.0546,26.6277,26.9902,27261299
11061,2015-11-25,26.9104,27.2897,26.8167,27.0592,22838461
11062,2015-11-27,27.1304,27.2418,27.0219,27.0649,8428870
11063,2015-11-30,27.1399,27.4148,27.0462,27.313,27735141
11064,2015-12-01,27.4908,27.6492,27.2635,27.5621,29994294
11065,2015-12-02,27.5621,27.813,27.3411,27.358,23791035
11066,2015-12-03,27.4693,27.4845,26.7072,26.7391,38359501
11067,2015-12-04,26.7915,27.5169,26.7072,27.445,31701073
11068,2015-12-07,27.3269,27.6258,27.2979,27.4845,22574168
11069,2015-12-08,27.2334,27.4534,27.0386,27.2979,17034228
11070,2015-12-09,27.3973,27.6631,27.1089,27.3411,28705876
11071,2015-12-10,27.3747,27.5366,27.2241,27.313,22152646
11072,2015-12-11,26.9497,27.2165,26.8664,26.9188,27054933
11073,2015-12-14,27.0059,27.0818,26.6128,27.0724,24858382
11074,2015-12-15,27.2165,27.769,27.2006,27.6341,31019844
11075,2015-12-16,27.7736,27.8628,27.313,27.7297,29609258
11076,2015-12-17,27.7436,27.781,27.3035,27.4216,31780770
11077,2015-12-18,27.2802,27.2979,26.5969,26.6034,52625190
11078,2015-12-21,26.7915,26.9413,26.5574,26.8944,22924264
11079,2015-12-22,26.9902,27.3204,26.9188,27.2802,23452555
11080,2015-12-23,27.4534,27.5304,27.3204,27.4908,15947354
11081,2015-12-24,27.5442,27.695,27.4626,27.4769,7503320
11082,2015-12-28,27.4534,27.4908,27.1547,27.4375,12029917
11083,2015-12-29,27.4994,27.9561,27.4994,27.8382,18063334
11084,2015-12-30,27.7886,27.8474,27.4497,27.4845,11451852
11085,2015-12-31,27.3506,27.4626,27.0546,27.0592,16312706
11086,2016-01-04,26.6128,26.7158,26.2804,26.6998,33709037
11087,2016-01-05,26.6754,26.7072,26.3374,26.5735,19460278
11088,2016-01-06,26.1183,26.3301,25.7645,25.9835,29835083
11089,2016-01-07,25.3546,25.9274,25.0117,25.0117,44033251
11090,2016-01-08,25.2065,25.3093,24.6888,24.7516,35927769
11091,2016-01-11,24.9856,25.3093,24.8863,25.1832,35305872
11092,2016-01-12,25.7328,25.8347,25.3459,25.6691,33290447
11093,2016-01-13,25.7328,25.8656,25.0024,25.0652,42884648
11094,2016-01-14,25.1119,25.8179,24.979,25.7158,52609536
11095,2016-01-15,23.3509,23.9586,23.1327,23.3754,95086941
11096,2016-01-19,23.5475,23.6111,23.1581,23.4091,36764404
11097,2016-01-20,23.0552,23.4596,22.9446,23.2425,46810558
11098,2016-01-21,23.2911,23.5887,22.9681,23.2977,36809442
11099,2016-01-22,23.6589,23.7517,23.1805,23.5073,29987938
11100,2016-01-25,23.5568,23.7328,23.2255,23.2508,32045280
11101,2016-01-26,23.26,23.6029,23.26,23.5195,30846782
11102,2016-01-27,23.468,23.7367,23.2834,23.4165,27006977
11103,2016-01-28,23.5822,23.7096,23.3668,23.5411,25835403
11104,2016-01-29,23.73,24.3752,23.6402,24.3687,43940304
11105,2016-02-01,24.1279,24.4434,24.0699,24.2111,22002897
11106,2016-02-02,23.9193,23.9521,23.2741,23.4091,28850676
11107,2016-02-03,23.5494,23.5494,22.6001,23.249,51829749
11108,2016-02-04,23.0896,23.6768,23.0663,23.5907,34663394
11109,2016-02-05,23.4418,23.5822,22.9082,23.01,32013207
11110,2016-02-08,22.7742,22.9642,22.426,22.8361,29865412
11111,2016-02-09,22.5749,23.0945,22.5123,22.8276,27616767
11112,2016-02-10,22.8857,22.9812,22.3399,22.3689,33090341
11113,2016-02-11,22.0525,22.5123,21.9327,22.3605,32598754
11114,2016-02-12,22.6387,22.7378,22.2978,22.6927,23819141
11115,2016-02-16,22.7837,22.9399,22.4709,22.8051,35484956
11116,2016-02-17,22.8688,23.469,22.7658,23.3509,32211368
11117,2016-02-18,23.4015,23.5822,23.2824,23.3135,23873658
11118,2016-02-19,23.1384,23.2406,22.7508,22.7508,51572811
11119,2016-02-22,23.0663,23.4091,22.9812,23.2582,27744386
11120,2016-02-23,23.2152,23.2536,22.6639,22.8191,29013893
11121,2016-02-24,22.6001,23.2152,22.4842,23.1309,25136730
11122,2016-02-25,23.231,23.469,22.9399,23.469,20837563
11123,2016-02-26,23.6768,23.8369,23.5336,23.6131,23397442
11124,2016-02-29,23.5494,23.8818,23.4418,23.4493,22640854
11125,2016-03-01,23.717,24.1945,23.5756,24.069,31513217
11126,2016-03-02,24.0083,24.4603,23.865,24.203,27581660
11127,2016-03-03,24.6663,24.8413,24.203,24.2311,31434225
11128,2016-03-04,24.1683,24.452,23.8134,24.2702,23701272
11129,2016-03-07,24.2382,24.6618,24.1683,24.5186,22940996
11130,2016-03-08,24.4283,24.4699,24.0756,24.218,23153818
11131,2016-03-09,24.4283,24.5942,24.3012,24.4567,17397575
11132,2016-03-10,24.6738,24.8828,24.0756,24.7646,37335533
11133,2016-03-11,25.0961,25.1926,24.9836,25.168,26378501
11134,2016-03-14,25.0868,25.1109,24.8032,24.9059,22007176
11135,2016-03-15,24.8332,25.0792,24.6112,25.0792,21362509
11136,2016-03-16,24.9518,25.1934,24.6982,25.1109,33188125
11137,2016-03-17,25.168,25.4923,25.1203,25.3404,28855580
11138,2016-03-18,25.4854,25.9032,25.404,25.8937,63016117
11139,2016-03-21,25.5408,25.6868,25.3188,25.6286,27461825
11140,2016-03-22,25.4854,25.7214,25.3188,25.612,28016569
11141,2016-03-23,25.7289,25.7289,25.3404,25.3556,23681494
11142,2016-03-24,25.2533,25.3188,25.1203,25.2617,17935170
11143,2016-03-28,25.2533,25.3556,25.0568,25.2776,13355880
11144,2016-03-29,25.303,25.7028,25.1398,25.6577,17921225
11145,2016-03-30,25.712,25.9537,25.5847,25.9208,19153950
11146,2016-03-31,25.7776,25.8787,25.6072,25.6382,19225162
11147,2016-04-01,25.5689,25.7289,25.4368,25.712,21104921
11148,2016-04-04,25.5155,25.6577,25.1504,25.3556,25350589
11149,2016-04-05,25.2682,25.4527,25.1336,25.2776,23526510
11150,2016-04-06,25.3329,25.5408,25.1755,25.42,18265672
11151,2016-04-07,25.2682,25.2776,24.8413,25.0006,27277371
11152,2016-04-08,25.168,25.3715,24.9435,25.0633,20196118
11153,2016-04-11,25.2776,25.6286,25.0868,25.0961,23664251
11154,2016-04-12,25.2617,25.3103,24.8649,25.245,20532098
11155,2016-04-13,25.3329,25.5005,25.3188,25.4602,23196269
11156,2016-04-14,25.1832,25.2655,25.0006,25.1981,26414676
11157,2016-04-15,25.1926,25.2655,24.8649,24.9305,33995487
11158,2016-04-18,24.9059,25.1336,24.8649,25.0792,24432303
11159,2016-04-19,25.1203,25.2065,24.8828,25.0399,34620336
11160,2016-04-20,24.8152,25.5604,24.7646,25.3556,70848887
11161,2016-04-21,25.3103,25.404,25.2065,25.3329,33318253
11162,2016-04-22,25.1504,25.245,24.7394,25.0717,36440866
11163,2016-04-25,24.8489,24.9594,24.7168,24.8732,22654884
11164,2016-04-26,24.8732,25.1203,24.6982,24.8828,24955217
11165,2016-04-27,24.7646,25.1981,24.7122,25.1589,23534013
11166,2016-04-28,24.9229,25.126,24.5877,24.6551,29682142
11167,2016-04-29,24.452,24.4603,23.85,23.9913,43626207
11168,2016-05-02,24.1261,24.32,24.0615,24.2554,25879457
11169,2016-05-03,24.0961,24.218,23.8433,24.0615,32980075
11170,2016-05-04,24.112,24.1346,23.7367,23.8565,28318454
11171,2016-05-05,23.8717,23.9903,23.777,23.8968,22857542
11172,2016-05-06,23.6664,24.069,23.5943,24.0073,23320295
11173,2016-05-09,24.0428,24.112,23.7844,23.82,20258291
11174,2016-05-10,23.9773,24.1206,23.8359,24.0896,20050560
11175,2016-05-11,24.1047,24.173,23.9557,24.0249,18386654
11176,2016-05-12,24.069,24.1693,23.633,23.7844,23912894
11177,2016-05-13,23.864,24.1346,23.85,23.9061,23927647
11178,2016-05-16,23.8968,24.425,23.88,24.2872,20283074
11179,2016-05-17,24.4322,24.4322,23.864,23.9624,29983891
11180,2016-05-18,23.9988,24.1777,23.8021,23.9687,26577295
11181,2016-05-19,23.7929,23.9219,23.5803,23.6825,25436343
11182,2016-05-20,23.7601,24.2798,23.7367,24.0961,26557990
11183,2016-05-23,24.1606,24.3648,24.0822,24.1606,21485407
11184,2016-05-24,24.3789,24.8722,24.3377,24.8216,27063445
11185,2016-05-25,24.9359,25.2318,24.8976,25.0878,19712805
11186,2016-05-26,25.169,25.2805,25.097,25.169,15289883
11187,2016-05-27,25.2552,25.2973,25.1356,25.2318,15499055
11188,2016-05-31,25.1851,25.2973,25.0241,25.2392,17359501
11189,2016-06-01,25.2712,25.3518,25.1523,25.305,20680222
11190,2016-06-02,25.2234,25.3843,25.1356,25.3843,16739242
11191,2016-06-03,25.3657,25.3657,25.0922,25.2712,17319527
11192,2016-06-06,25.2888,25.4322,25.2392,25.3218,18365903
11193,2016-06-07,25.3749,25.5924,25.3367,25.4818,23543000
11194,2016-06-08,25.4153,25.5746,25.4068,25.4893,14795568
11195,2016-06-09,25.3218,25.5746,25.3218,25.5277,13141389
11196,2016-06-10,25.3367,25.7682,25.2973,25.6091,43121281
11197,2016-06-13,25.6175,25.9761,25.6091,25.7195,26054273
11198,2016-06-14,25.5837,25.7682,25.4068,25.6858,22093521
11199,2016-06-15,25.7767,25.7851,25.2477,25.2645,27502909
11200,2016-06-16,25.127,25.3928,24.9518,25.3283,21878726
11201,2016-06-17,25.3589,25.4237,25.1523,25.3843,29843716
11202,2016-06-20,25.6354,25.9274,25.5924,25.7102,25962427
11203,2016-06-21,25.7851,25.8752,25.6484,25.8319,17659567
11204,2016-06-22,25.814,26.0811,25.7767,25.814,19253998
11205,2016-06-23,26.0389,26.3788,25.978,26.3692,25801861
11206,2016-06-24,25.4153,25.8319,25.097,25.2168,42028675
11207,2016-06-27,25.1044,25.1044,24.3294,24.553,40982910
11208,2016-06-28,24.7535,24.9359,24.6261,24.9295,27413877
11209,2016-06-29,25.0577,25.5566,25.0241,25.5203,23558972
11210,2016-06-30,25.5746,26.2775,25.55,26.2147,40715568
11211,2016-07-01,26.0885,26.2814,25.9537,26.1756,19540592
11212,2016-07-05,25.9761,26.1577,25.9407,26.1203,22394547
11213,2016-07-06,26.2147,26.3788,25.8787,26.3516,23946073
11214,2016-07-07,26.344,26.8148,26.344,26.5339,27849996
11215,2016-07-08,26.8944,27.1762,26.7739,27.1762,27266138
11216,2016-07-11,27.2053,27.5741,27.2053,27.4787,26161866
11217,2016-07-12,27.5835,27.9497,27.5566,27.9235,33468830
11218,2016-07-13,28.004,28.1743,27.8784,27.9843,32598767
11219,2016-07-14,28.0779,28.2136,27.9403,28.1332,30386286
11220,2016-07-15,28.1817,28.2061,27.8926,28.0293,27350002
11221,2016-07-18,28.1172,28.1332,27.9318,28.0125,21072991
11222,2016-07-19,27.8851,28.1033,27.8551,28.0957,22546410
11223,2016-07-20,28.2136,28.7182,28.0207,28.5263,46620939
11224,2016-07-21,27.4392,27.5658,27.062,27.3898,76761819
11225,2016-07-22,27.4787,27.7361,27.3814,27.7016,40464258
11226,2016-07-25,27.6679,27.7764,27.6312,27.7278,23963295
11227,2016-07-26,27.7736,28.1594,27.7361,28.0451,31254840
11228,2016-07-27,27.9767,28.1977,27.6763,27.8382,26937134
11229,2016-07-28,27.8382,27.8382,27.592,27.7877,23253330
11230,2016-07-29,27.7877,27.9047,27.6556,27.8628,19501622
11231,2016-08-01,27.8298,27.9019,27.6221,27.8551,21186438
11232,2016-08-02,27.8223,27.8711,27.4347,27.6221,21956097
11233,2016-08-03,27.4626,27.6069,27.373,27.5835,21154936
11234,2016-08-04,27.6163,27.8792,27.5556,27.8484,17438209
11235,2016-08-05,28.0235,28.2913,27.943,28.1697,22579460
11236,2016-08-08,28.1069,28.3231,28.0723,28.2097,19305902
11237,2016-08-09,28.2165,28.3166,28.0554,28.1209,15303170
11238,2016-08-10,28.1855,28.1855,27.782,27.8064,22772701
11239,2016-08-11,27.9112,27.9796,27.7736,27.9254,19530534
11240,2016-08-12,27.7972,27.9936,27.7369,27.8401,18881479
11241,2016-08-15,27.943,28.3166,27.887,28.1134,22042706
11242,2016-08-16,28.0011,28.3539,28.0011,28.3539,18759997
11243,2016-08-17,28.3231,28.3539,28.0011,28.2014,20351023
11244,2016-08-18,28.1547,28.2565,27.986,28.1613,17492134
11245,2016-08-19,28.0554,28.4028,27.975,28.3784,19304411
11246,2016-08-22,28.3456,28.5469,28.2839,28.4739,17676108
11247,2016-08-23,28.5888,28.7418,28.429,28.5087,21136523
11248,2016-08-24,28.4439,28.516,28.2014,28.3093,19166928
11249,2016-08-25,28.2257,28.3626,28.1042,28.2565,14993627
11250,2016-08-26,28.2746,28.6546,28.2257,28.4028,16087801
11251,2016-08-29,28.5723,28.7248,28.3093,28.6285,15925583
11252,2016-08-30,28.6602,28.7819,28.605,28.7501,17546375
11253,2016-08-31,28.6835,28.9093,28.6546,28.9027,21998023
11254,2016-09-01,28.9832,29.0235,28.6546,29.0065,21877435
11255,2016-09-02,29.1601,29.2566,28.9513,29.0553,19026934
11256,2016-09-06,29.2985,29.4719,29.1273,29.4476,24693247
11257,2016-09-07,29.516,29.516,29.2985,29.3613,22433001
11258,2016-09-08,29.2734,29.4645,29.0891,29.3447,23548514
11259,2016-09-09,29.0731,29.306,28.5403,28.5403,29852483
11260,2016-09-12,28.3372,29.0891,28.2372,29.0553,25373196
11261,2016-09-13,28.7885,28.8942,28.4439,28.6752,27511072
11262,2016-09-14,28.5975,28.8418,28.5039,28.693,15241035
11263,2016-09-15,28.7819,29.516,28.6198,29.4476,25347828
11264,2016-09-16,30.3782,30.644,29.9972,30.3351,83278389
11265,2016-09-19,30.3531,30.6187,29.8697,29.9261,33610850
11266,2016-09-20,30.1366,30.1422,29.7471,29.9081,25016264
11267,2016-09-21,29.9652,30.1658,29.6855,30.1581,22241781
11268,2016-09-22,30.2778,30.4644,30.1496,30.2396,20629028
11269,2016-09-23,30.1581,30.3202,29.8914,29.9503,19953517
11270,2016-09-26,29.7311,29.7471,29.4719,29.516,28839302
11271,2016-09-27,29.7153,29.9738,29.4971,29.941,22506398
11272,2016-09-28,30.0458,30.1993,29.9175,30.1496,17798204
11273,2016-09-29,30.191,30.2237,29.7958,30.0544,20700610
11274,2016-09-30,30.1741,30.5364,30.1496,30.3988,26916758
11275,2016-10-03,30.3531,30.5589,30.2237,30.3285,16259596
11276,2016-10-04,30.4147,30.5512,30.0617,30.2312,16174416
11277,2016-10-05,30.3988,30.8501,30.3116,30.5927,24372566
11278,2016-10-06,30.4737,30.7311,30.2603,30.6608,16856077
11279,2016-10-07,30.6674,30.7806,30.423,30.6807,18420359
11280,2016-10-10,30.806,30.8902,30.5205,30.6187,16065043
11281,2016-10-11,30.5289,30.601,29.6525,30.014,31770650
11282,2016-10-12,29.9588,29.9972,29.6432,29.8997,15895040
11283,2016-10-13,29.6768,29.8997,29.3613,29.7724,18831781
11284,2016-10-14,29.9503,30.3613,29.9215,30.1581,22333695
11285,2016-10-17,30.2396,30.3743,29.9934,30.0289,17698047
11286,2016-10-18,30.5766,30.644,30.2237,30.3988,41228323
11287,2016-10-19,29.0487,29.0647,28.3689,28.5975,89557129
11288,2016-10-20,28.516,28.7248,28.2661,28.5349,31323293
11289,2016-10-21,28.3539,28.5087,28.0313,28.3093,24507292
11290,2016-10-24,28.5349,28.5799,28.2746,28.3961,24864716
11291,2016-10-25,28.3007,28.3869,28.1931,28.2661,19622443
11292,2016-10-26,28.2165,28.3502,27.9796,28.1209,23469183
11293,2016-10-27,28.2661,28.3689,27.986,28.0313,17485698
11294,2016-10-28,28.0816,28.3231,27.9525,27.9796,24549355
11295,2016-10-31,28.1209,28.2492,28.0554,28.0816,23827668
11296,2016-11-01,28.1069,28.3166,27.5995,27.7972,31501288
11297,2016-11-02,27.8643,28.1069,27.7615,27.8643,26594075
11298,2016-11-03,27.9534,28.0085,27.4825,27.5304,23909193
11299,2016-11-04,27.2053,27.5304,27.1174,27.2707,27008401
11300,2016-11-07,27.781,28.1958,27.7099,28.1489,22542220
11301,2016-11-08,28.0742,28.3579,27.986,28.1875,17403869
11302,2016-11-09,27.6912,28.2782,27.3204,28.1958,31310271
11303,2016-11-10,28.3579,28.3579,27.6097,27.9945,33968475
11304,2016-11-11,28.0479,28.2951,27.8643,28.0836,25581844
11305,2016-11-14,28.0412,28.1799,27.751,27.9806,27802327
11306,2016-11-15,28.1069,28.6341,28.0836,28.3269,25481872
11307,2016-11-16,28.3194,28.3325,28.0254,28.2604,17510587
11308,2016-11-17,28.2455,28.415,28.1003,28.415,17387741
11309,2016-11-18,28.3194,28.3989,28.1069,28.3579,16620557
11310,2016-11-21,28.4786,28.56,28.269,28.3831,16694710
11311,2016-11-22,28.5441,28.8034,28.4862,28.7885,24746049
11312,2016-11-23,28.7885,28.8214,28.4786,28.56,18801777
11313,2016-11-25,28.4862,28.765,28.4862,28.7567,6951286
11314,2016-11-28,28.7482,28.9354,28.5693,28.8118,16070605
11315,2016-11-29,28.9177,28.9177,28.6169,28.6516,23801574
11316,2016-11-30,28.56,28.6434,28.1575,28.1575,29941100
11317,2016-12-01,28.2866,28.341,27.2298,27.3925,34546758
11318,2016-12-02,27.3607,27.7962,27.2626,27.7193,23823381
11319,2016-12-05,27.8401,27.9263,27.5575,27.9037,16674201
11320,2016-12-06,27.9037,28.1958,27.8316,28.1725,17076765
11321,2016-12-07,28.1313,28.8614,27.9534,28.8034,24957190
11322,2016-12-08,28.7885,29.2349,28.5779,28.9664,23986959
11323,2016-12-09,29.0075,29.1291,28.8794,29.016,19726672
11324,2016-12-12,29.0319,29.2836,28.943,29.1862,26316626
11325,2016-12-13,29.2182,29.9333,29.1547,29.8594,38517173
11326,2016-12-14,29.7781,29.9333,29.5823,29.6584,35008825
11327,2016-12-15,29.8117,30.1506,29.6404,29.8509,27670528
11328,2016-12-16,29.7939,29.9165,29.2791,29.4605,39128428
11329,2016-12-19,29.485,29.9811,29.4306,29.9333,22136889
11330,2016-12-20,29.9811,30.2171,29.9333,30.1919,22346970
11331,2016-12-21,30.2247,30.3014,29.9495,30.0056,15169550
11332,2016-12-22,30.2097,30.2171,29.8687,29.9588,11366747
11333,2016-12-23,29.9652,30.0056,29.8369,29.9972,6806502
11334,2016-12-27,29.9495,30.2893,29.9495,30.0786,10313325
11335,2016-12-28,30.1038,30.1843,29.6825,29.7201,15357820
11336,2016-12-29,29.6237,29.7939,29.5591,29.7453,9994784
11337,2016-12-30,29.8509,29.8594,29.3727,29.4306,21528076
11338,2017-01-03,29.7051,29.9652,29.4306,29.6965,24241288
11339,2017-01-04,29.7863,29.836,29.485,29.5524,16357370
11340,2017-01-05,29.5749,29.7939,29.4569,29.4925,16213072
11341,2017-01-06,29.5823,29.7629,29.3632,29.5991,17591393
11342,2017-01-09,29.5991,29.9297,29.5971,29.7051,23119512
11343,2017-01-10,29.6584,29.9652,29.6404,29.6497,19074347
11344,2017-01-11,29.6237,30.0225,29.6237,29.9811,22975001
11345,2017-01-12,29.8837,29.8837,29.4681,29.7863,24134359
11346,2017-01-13,29.7863,29.9072,29.7134,29.8509,17414459
11347,2017-01-17,29.7548,29.8837,29.691,29.8594,23000906
11348,2017-01-18,29.9333,30.0289,29.7051,29.8278,17272513
11349,2017-01-19,29.6237,29.9495,29.6237,29.6741,15143353
11350,2017-01-20,29.8278,30.0458,29.6825,29.9652,23530594
11351,2017-01-23,30.0786,30.1919,29.6584,29.836,31356607
11352,2017-01-24,29.8904,30.6235,29.8687,30.5167,37016519
11353,2017-01-25,30.7284,30.8313,30.439,30.6712,36382231
11354,2017-01-26,30.6853,30.7742,30.364,30.4773,36269068
11355,2017-01-27,30.8313,31.1991,30.6767,30.8181,54121959
11356,2017-01-30,30.6235,30.7011,30.2893,30.3511,26687659
11357,2017-01-31,30.2003,30.323,29.7294,29.8773,31500995
11358,2017-02-01,29.8773,29.9811,29.2265,29.632,34184462
11359,2017-02-02,29.4235,29.7781,29.3727,29.7629,37799389
11360,2017-02-03,29.983,30.0898,29.7863,29.8445,25744266
11361,2017-02-06,29.8369,29.8369,29.5449,29.6395,23586834
11362,2017-02-07,29.7863,29.8445,29.6143,29.7051,22068146
11363,2017-02-08,29.6965,29.9512,29.5366,29.7294,24291415
11364,2017-02-09,29.8288,29.8288,28.9289,28.9767,56918366
11365,2017-02-10,28.8138,28.9541,28.4712,28.8804,52934223
11366,2017-02-13,29.0694,29.2975,28.8804,29.2557,23633854
11367,2017-02-14,29.2885,29.3888,29.0355,29.3613,26035841
11368,2017-02-15,29.4054,29.4663,29.1509,29.4577,21490889
11369,2017-02-16,29.5657,29.8773,29.5,29.7548,24978575
11370,2017-02-17,29.6815,29.8117,29.5,29.8117,21963690
11371,2017-02-21,29.8519,29.9512,29.69,29.8445,22686436
11372,2017-02-22,29.6965,29.7414,29.2491,29.4737,35616522
11373,2017-02-23,29.6143,29.6647,29.3361,29.5591,23545362
11374,2017-02-24,29.5366,29.8519,29.3791,29.8519,21924476
11375,2017-02-27,29.7629,29.9756,29.6395,29.8369,16319543
11376,2017-02-28,29.7629,29.783,29.4205,29.5806,28329202
11377,2017-03-01,29.2975,29.5,28.9607,29.3613,39923179
11378,2017-03-02,29.3613,29.4364,29.133,29.3447,27501699
11379,2017-03-03,29.3699,29.4878,29.1509,29.3361,21106604
11380,2017-03-06,29.2491,29.2557,28.9458,29.0694,26149575
11381,2017-03-07,29.044,29.2557,28.9158,29.2557,25555009
11382,2017-03-08,29.1509,29.3361,29.0319,29.1058,25131994
11383,2017-03-09,29.0926,29.3699,29.0104,29.2725,27806877
11384,2017-03-10,29.5186,29.6611,29.2398,29.3447,25191002
11385,2017-03-13,29.1581,29.4494,28.5508,28.7323,65569147
11386,2017-03-14,28.6516,28.7885,28.324,28.7492,34981603
11387,2017-03-15,28.5508,28.7418,28.3392,28.6826,34258672
11388,2017-03-16,28.7418,28.8962,28.6592,28.7172,24004057
11389,2017-03-17,28.855,28.8727,28.6826,28.8232,33001701
11390,2017-03-20,28.9045,29.1142,28.8138,28.9541,21197175
11391,2017-03-21,29.0844,29.0926,28.6031,28.6341,27918041
11392,2017-03-22,28.7819,28.9767,28.6031,28.9045,23427020
11393,2017-03-23,29.0019,29.0019,28.6169,28.8232,25257490
11394,2017-03-24,29.133,29.1995,28.7014,28.7323,26107487
11395,2017-03-27,28.6592,29.0104,28.5508,28.9204,20337466
11396,2017-03-28,28.8804,29.1819,28.7736,29.0926,21714102
11397,2017-03-29,29.0273,29.1751,28.9579,29.0694,20681560
11398,2017-03-30,29.0767,29.3268,29.0273,29.2145,19345691
11399,2017-03-31,29.2145,29.6227,29.206,29.4737,23738355
11400,2017-04-03,29.573,30.0234,29.5186,29.5514,39174922
11401,2017-04-04,29.5186,29.7247,29.4129,29.6489,21244503
11402,2017-04-05,29.7705,30.0392,29.5591,29.59,24885942
11403,2017-04-06,29.5281,29.6525,29.4419,29.4419,21738946
11404,2017-04-07,29.4737,29.6815,29.4082,29.4419,19199173
11405,2017-04-10,29.4364,29.4916,29.1002,29.2557,19448018
11406,2017-04-11,29.2305,29.2491,28.7736,29.206,27792342
11407,2017-04-12,29.3128,29.4287,29.0104,29.1142,19914414
11408,2017-04-13,29.0516,29.2219,28.8054,28.8054,18237366
11409,2017-04-17,28.9607,29.0844,28.8727,28.9935,13531514
11410,2017-04-18,28.9541,29.2632,28.8428,29.2265,14668110
11411,2017-04-19,29.3969,29.5981,29.3268,29.3447,19180197
11412,2017-04-20,29.5657,29.6357,29.3051,29.5657,26137126
11413,2017-04-21,29.5806,29.7629,29.2975,29.6815,23359594
11414,2017-04-24,29.9671,30.1134,29.7939,30.0308,31834277
11415,2017-04-25,30.0477,30.2367,29.9607,30.131,26990420
11416,2017-04-26,30.0569,30.423,30.0569,30.1786,33324469
11417,2017-04-27,30.131,30.6467,30.0569,30.5861,48522182
11418,2017-04-28,29.5,29.8154,29.3204,29.5449,69468234
11419,2017-05-01,29.5095,29.7453,29.3699,29.6733,30321682
11420,2017-05-02,29.7201,30.2612,29.7051,30.2125,43507769
11421,2017-05-03,30.2302,30.6,30.1469,30.4437,26770711
11422,2017-05-04,30.4511,30.5494,30.1639,30.3369,19964017
11423,2017-05-05,30.3463,30.4025,30.0487,30.3125,22008990
11424,2017-05-08,30.2386,30.3369,30.0317,30.0824,21412009
11425,2017-05-09,30.0317,30.2555,29.8687,29.942,21631327
11426,2017-05-10,29.8594,29.9512,29.5796,29.6459,30492601
11427,2017-05-11,29.5638,29.6377,29.1881,29.3839,26112911
11428,2017-05-12,29.4082,29.4243,29.1443,29.2518,23869872
11429,2017-05-15,29.2547,29.4054,29.1601,29.3314,26752333
11430,2017-05-16,29.4316,29.5496,29.1601,29.4888,27075303
11431,2017-05-17,29.3651,29.6274,28.8315,28.8476,32353651
11432,2017-05-18,28.9691,29.2014,28.8804,28.9954,20858241
11433,2017-05-19,28.9373,29.2668,28.9212,29.1443,22084952
11434,2017-05-22,29.209,29.7275,29.1264,29.4476,17749988
11435,2017-05-23,29.5328,29.6283,29.2762,29.5243,20517851
11436,2017-05-24,29.6198,29.7863,29.5496,29.736,25290104
11437,2017-05-25,29.736,29.9607,29.6882,29.8509,15920889
11438,2017-05-26,29.8509,29.9081,29.7434,29.8509,13410993
11439,2017-05-30,29.8594,29.9991,29.7125,29.7863,15819818
11440,2017-05-31,29.8914,29.9512,29.5328,29.7275,21564115
11441,2017-06-01,29.736,29.7434,29.4701,29.736,21228166
11442,2017-06-02,29.8594,29.9081,29.6377,29.8997,23195551
11443,2017-06-05,29.8847,30.0487,29.8023,29.9175,14164621
11444,2017-06-06,29.7696,30.0073,29.6198,29.7434,22334794
11445,2017-06-07,29.7434,30.1075,29.7191,29.8509,20818851
11446,2017-06-08,29.9175,30.0738,29.7696,30.0317,20707651
11447,2017-06-09,30.0487,30.1002,29.0713,29.4007,40470150
11448,2017-06-12,29.3015,29.6459,29.1529,29.4169,34603436
11449,2017-06-13,29.3747,29.5954,29.2518,29.5412,25007934
11450,2017-06-14,29.6283,29.6806,28.9954,29.2518,23230026
11451,2017-06-15,28.9868,29.209,28.9298,29.0713,24773125
11452,2017-06-16,29.0459,29.0863,28.8232,28.9868,37287818
11453,2017-06-19,29.3155,29.3155,29.0786,29.234,26121019
11454,2017-06-20,29.1846,29.1846,28.6826,28.7005,26154953
11455,2017-06-21,28.2623,28.4832,28.0637,28.4692,32964449
11456,2017-06-22,28.4532,28.5104,28.2294,28.2885,28988507
11457,2017-06-23,28.164,28.4439,28.0677,28.1489,34939021
11458,2017-06-26,28.2043,28.4113,28.0151,28.0479,22657819
11459,2017-06-27,27.9916,28.1107,27.7026,27.7026,32882828
11460,2017-06-28,27.7998,28.1875,27.7764,28.1575,31502036
11461,2017-06-29,27.9235,28.0723,27.4487,27.6145,30617758
11462,2017-06-30,27.8831,27.9318,27.6097,27.7764,29674592
11463,2017-07-03,27.5892,28.0151,27.5218,27.5442,15398306
11464,2017-07-05,27.5977,28.3447,27.5667,28.2708,36451197
11465,2017-07-06,28.0909,28.2294,27.6295,27.6846,25156475
11466,2017-07-07,27.7436,28.0909,27.7436,27.8917,21722627
11467,2017-07-10,27.374,27.7764,27.3571,27.6979,36323497
11468,2017-07-11,27.6932,27.9318,27.5228,27.9235,31064322
11469,2017-07-12,28.2212,28.3128,27.9403,28.1958,28867100
11470,2017-07-13,28.2623,28.3212,28.0909,28.1875,18275675
11471,2017-07-14,28.3859,28.576,28.209,28.5488,19817567
11472,2017-07-17,28.6022,28.6022,28.2885,28.3775,25560901
11473,2017-07-18,28.3447,28.4692,28.1958,28.428,17445549
11474,2017-07-19,28.5488,28.5488,28.368,28.4532,20234818
11475,2017-07-20,28.4365,28.6826,28.3821,28.608,21223074
11476,2017-07-21,28.4365,28.6657,28.3176,28.5936,26951687
11477,2017-07-24,28.5936,28.6498,28.3053,28.4018,19315702
11478,2017-07-25,28.4439,28.5975,28.3212,28.5412,21955511
11479,2017-07-26,28.5675,28.7885,28.4747,28.608,18821569
11480,2017-07-27,28.6323,29.0205,28.5412,28.7885,52140410
11481,2017-07-28,28.9212,29.5243,28.8138,29.0713,43469265
11482,2017-07-31,29.2014,29.4243,29.0786,29.2014,32815291
11483,2017-08-01,29.3568,29.9926,29.2836,29.9261,46892944
11484,2017-08-02,29.9081,30.1891,29.6845,30.1639,42455731
11485,2017-08-03,30.3135,30.3473,29.9811,30.2639,32084615
11486,2017-08-04,30.3183,30.3221,29.94,30.1065,24736155
11487,2017-08-07,30.1805,30.3135,30.0392,30.2142,21890125
11488,2017-08-08,30.1639,30.4372,30.1065,30.1975,27495228
11489,2017-08-09,30.0898,30.4043,29.8745,30.3473,27479518
11490,2017-08-10,30.1891,30.3221,29.9495,29.9738,27292128
11491,2017-08-11,30.0729,30.1891,29.6855,29.7491,23236887
11492,2017-08-14,29.9588,30.2481,29.9241,30.1413,22257340
11493,2017-08-15,30.1065,30.1234,29.7041,29.8577,26163955
11494,2017-08-16,29.8407,29.9155,29.4916,29.6993,26343009
11495,2017-08-17,29.5281,29.5919,29.1696,29.1696,23127873
11496,2017-08-18,29.2687,29.2856,29.0205,29.0365,19568215
11497,2017-08-21,29.1011,29.2593,28.78,28.9607,31927740
11498,2017-08-22,29.0459,29.1853,28.7145,28.7378,31461677
11499,2017-08-23,28.6472,28.871,28.5141,28.7454,23843964
11500,2017-08-24,28.78,28.9364,28.6556,28.7875,17221678
11501,2017-08-25,28.8794,28.9682,28.6801,28.7538,17743209
11502,2017-08-28,28.8457,28.8614,28.6881,28.7286,24968892
11503,2017-08-29,28.6208,28.8214,28.5769,28.8034,19082066
11504,2017-08-30,28.8214,28.9954,28.721,28.9364,22383061
11505,2017-08-31,28.9767,29.1769,28.9204,29.0863,19733487
11506,2017-09-01,29.2275,29.3502,29.0863,29.1011,15459079
11507,2017-09-05,29.0459,29.3025,28.9682,29.0459,23270526
11508,2017-09-06,29.2098,29.809,29.1182,29.6594,33809276
11509,2017-09-07,29.7575,29.8164,29.3025,29.4737,19649009
11510,2017-09-08,29.3771,29.4737,29.0946,29.1769,17030874
11511,2017-09-11,29.4344,29.8577,29.1452,29.6684,23435760
11512,2017-09-12,29.7575,30.1413,29.6413,29.9325,23499151
11513,2017-09-13,29.8577,30.1891,29.8334,30.1329,18685013
11514,2017-09-14,30.0159,30.4334,29.9907,30.2565,21784058
11515,2017-09-15,30.3135,30.7535,30.0392,30.6853,40338078
11516,2017-09-18,30.6853,30.9595,30.5205,30.6853,23258772
11517,2017-09-19,30.8518,30.9334,30.7011,30.8772,28558271
11518,2017-09-20,30.8772,30.9287,30.3998,30.7442,28836981
11519,2017-09-21,30.6767,30.9108,30.5607,30.8518,27634414
11520,2017-09-22,30.6467,30.8687,30.6467,30.8342,26079663
11521,2017-09-25,30.7284,30.8772,30.5607,30.819,27909780
11522,2017-09-26,30.8604,31.217,30.6853,31.0765,35880954
11523,2017-09-27,31.2011,31.2591,30.7713,31.1355,31307958
11524,2017-09-28,30.9541,31.4173,30.9287,31.3762,25513796
11525,2017-09-29,31.3845,31.6402,31.2675,31.5831,27924180
11526,2017-10-02,31.6141,32.4191,31.5831,32.4023,45039823
11527,2017-10-03,32.3029,32.9265,32.3029,32.6597,40994938
11528,2017-10-04,32.6681,32.6775,32.2298,32.6298,34186945
11529,2017-10-05,32.7608,32.8835,32.5184,32.7852,21351888
11530,2017-10-06,32.8443,33.0849,32.6935,32.8668,22768829
11531,2017-10-09,32.9095,33.0764,32.7776,33.0586,22253982
11532,2017-10-10,33.1165,33.1326,32.6597,32.8835,36027686
11533,2017-10-11,32.744,32.9023,32.3939,32.5952,37042865
11534,2017-10-12,32.6371,32.6681,32.3302,32.5043,22345668
11535,2017-10-13,32.7103,33.0162,32.5762,32.9023,20290219
11536,2017-10-16,32.935,33.0005,32.7103,32.9771,15055527
11537,2017-10-17,32.8114,33.0623,32.6533,33.0005,18712839
11538,2017-10-18,33.0089,33.4162,32.8443,33.3805,25828451
11539,2017-10-19,33.0764,33.4488,33.0342,33.2487,22784038
11540,2017-10-20,33.4488,33.5491,33.2571,33.5323,22077674
11541,2017-10-23,33.6305,34.037,33.5006,33.8637,34529337
11542,2017-10-24,34.0051,34.0444,33.7712,33.9629,23395620
11543,2017-10-25,33.9125,34.049,33.581,33.8225,28970752
11544,2017-10-26,33.9302,34.4807,33.7625,34.2934,45796661
11545,2017-10-27,35.9129,37.3221,35.7463,36.821,108498314
11546,2017-10-30,36.8923,37.4822,36.3933,36.7996,58069504
11547,2017-10-31,37.4898,37.9848,37.0308,37.7275,56670138
11548,2017-11-01,38.1262,38.7403,37.8125,38.7403,57650159
11549,2017-11-02,38.6581,39.173,38.3294,39.0643,53778007
11550,2017-11-03,39.1469,39.2273,37.822,38.4333,47382679
11551,2017-11-06,38.8764,38.9913,38.4492,38.9586,40763282
11552,2017-11-07,38.9586,39.2852,38.909,39.026,29274760
11553,2017-11-08,38.893,38.9586,38.6084,38.9586,25840292
11554,2017-11-09,38.4185,38.7001,38.0813,38.6253,30643848
11555,2017-11-10,38.4089,38.4492,37.8567,38.0253,28874942
11556,2017-11-13,37.7574,38.3257,37.7479,38.1666,22773057
11557,2017-11-14,38.1244,38.3087,37.8089,38.2573,26609099
11558,2017-11-15,37.8651,38.2114,37.6862,37.9259,20538973
11559,2017-11-16,38.0682,38.4333,37.9259,38.0813,26558702
11560,2017-11-17,37.9577,38.0589,37.2265,37.234,75746583
11561,2017-11-20,37.3147,37.6374,37.1228,37.2265,26822233
11562,2017-11-21,37.307,37.7228,37.2986,37.4916,26086643
11563,2017-11-22,37.4916,37.4998,37.1517,37.2482,23405822
11564,2017-11-24,37.1647,37.3557,37.0674,37.3322,7750564
11565,2017-11-27,37.058,37.2183,36.9353,37.1132,21606967
11566,2017-11-28,37.2482,37.4054,36.9709,37.3147,24200257
11567,2017-11-29,37.4148,37.6169,36.5149,36.6638,32399424
11568,2017-11-30,37.0074,37.7069,36.9803,37.4054,40884782
11569,2017-12-01,37.3147,37.4054,36.3147,37.2716,31934692
11570,2017-12-04,37.5572,37.793,36.9803,37.1132,33563199
11571,2017-12-05,37.2088,37.457,36.0638,36.2388,36672342
11572,2017-12-06,35.9889,36.4729,35.5957,36.2566,33126421
11573,2017-12-07,36.2566,36.3727,35.6893,35.9309,39202208
11574,2017-12-08,36.1629,36.3569,35.9637,36.1629,27750540
11575,2017-12-11,36.105,36.5224,36.0796,36.4204,24479759
11576,2017-12-12,36.2652,36.3895,35.9391,36.1489,19833812
11577,2017-12-13,36.4149,36.4204,36.0724,36.1554,25534051
11578,2017-12-14,36.2305,36.3483,35.8849,36.0881,23547186
11579,2017-12-15,36.2072,37.4054,35.9309,37.1732,56883112
11580,2017-12-18,37.6665,38.6674,37.5729,38.5915,60098160
11581,2017-12-19,38.6253,39.4285,38.2843,39.2413,49634216
11582,2017-12-20,39.6015,39.7431,38.925,39.6766,47641792
11583,2017-12-21,39.6586,39.7019,38.8406,39.0091,51467860
11584,2017-12-22,38.6504,39.2245,38.3904,38.9586,40623524
11585,2017-12-26,38.6084,38.7665,38.3341,38.4407,18593806
11586,2017-12-27,38.4671,38.6749,38.3733,38.4671,16013731
11587,2017-12-28,38.6749,38.6749,38.3341,38.5598,11369279
11588,2017-12-29,38.551,38.7845,38.4492,38.5073,20836268
11589,2018-01-02,38.6917,39.126,38.551,39.0831,27544122
11590,2018-01-03,37.9341,38.551,36.4149,37.7574,138677934
11591,2018-01-04,36.3062,37.2482,35.6143,37.0674,106889517
11592,2018-01-05,37.0674,37.6665,36.6246,37.2902,50081689
11593,2018-01-08,36.9334,37.4054,36.6724,37.3237,40406621
11594,2018-01-09,37.2902,37.4054,36.2809,36.3895,53047938
11595,2018-01-10,36.1489,36.3727,35.4036,35.4554,54808562
11596,2018-01-11,35.7043,36.3569,35.4123,36.2145,42342372
11597,2018-01-12,36.2471,36.3727,35.8803,36.0724,35883262
11598,2018-01-16,36.3305,36.531,35.7772,35.9889,45437926
11599,2018-01-17,36.3259,37.0842,36.2976,37.0308,38664499
11600,2018-01-18,37.0402,37.3193,36.8474,37.1049,32058670
11601,2018-01-19,37.2265,37.4483,36.9167,37.3894,30589218
11602,2018-01-22,37.3754,38.2013,37.368,38.1666,33031069
11603,2018-01-23,38.2162,38.4492,38.0682,38.4267,26404122
11604,2018-01-24,38.2929,38.4849,37.5074,37.9662,40439718
11605,2018-01-25,38.2752,38.6843,37.6843,37.793,43317008
11606,2018-01-26,40.3601,41.8366,40.1447,41.7803,103970938
11607,2018-01-29,41.3795,42.4215,41.1858,41.6943,55479184
11608,2018-01-30,41.2775,41.7624,40.6616,40.7026,39310354
11609,2018-01-31,41.0679,41.0856,39.6766,40.1616,49770251
11610,2018-02-01,39.788,40.4348,39.5878,39.7513,34531716
11611,2018-02-02,39.4763,39.8695,38.4576,38.5008,34118219
11612,2018-02-05,38.6674,39.4285,37.1228,37.1376,56945846
11613,2018-02-06,36.97,37.7359,36.1416,37.7189,69229139
11614,2018-02-07,37.441,38.8873,37.2434,37.9633,44623692
11615,2018-02-08,38.0307,38.1479,35.8972,35.9066,50528759
11616,2018-02-09,36.5357,37.191,35.3081,36.9148,58557650
11617,2018-02-12,37.0842,37.9318,37.0308,37.6619,33781842
11618,2018-02-13,37.4503,37.6066,37.1684,37.3437,23163824
11619,2018-02-14,37.0131,38.2217,36.9877,38.115,23714599
11620,2018-02-15,38.5344,38.6262,37.7528,38.5671,26503902
11621,2018-02-16,38.481,39.131,38.2217,38.2658,25566360
11622,2018-02-20,38.1834,39.2291,38.1226,38.9053,30325041
11623,2018-02-21,39.2,39.5239,38.5671,38.584,32738939
11624,2018-02-22,38.7527,39.1045,38.3163,38.4681,19813070
11625,2018-02-23,38.92,40.1391,38.892,40.0875,30995451
11626,2018-02-26,40.4815,41.2644,40.3984,41.2475,31478907
11627,2018-02-27,41.4666,42.7493,41.4142,41.9207,51939762
11628,2018-02-28,42.1435,42.2802,41.3907,41.3974,42316094
11629,2018-03-01,41.5764,41.7569,39.8713,40.1793,43251276
11630,2018-03-02,39.64,41.1961,39.4446,41.1389,39660304
11631,2018-03-05,40.7935,41.8222,40.3488,41.7859,36702716
11632,2018-03-06,42.1286,43.1116,42.1209,42.591,46591756
11633,2018-03-07,42.1435,43.2416,42.08,43.104,37864072
11634,2018-03-08,43.5,43.7424,42.3898,42.6154,35100898
11635,2018-03-09,43.06,43.9269,42.8353,43.8342,38966554
11636,2018-03-12,43.5544,43.634,42.4151,43.2725,38152728
11637,2018-03-13,44.1106,45.1695,43.1631,43.4907,54261289
11638,2018-03-14,43.7247,43.8212,43.0956,43.5544,29757801
11639,2018-03-15,43.8679,43.9269,42.7352,42.7352,30517090
11640,2018-03-16,42.9777,43.4205,42.8268,42.9777,50672623
11641,2018-03-19,42.6154,43.0273,41.9376,42.693,37046482
11642,2018-03-20,42.7352,43.5168,42.709,43.2959,26449596
11643,2018-03-21,43.2959,43.8163,42.9777,43.3054,27669417
11644,2018-03-22,42.6154,43.6414,42.4982,42.693,36809213
11645,2018-03-23,42.4909,42.8268,41.4573,41.4573,44867226
11646,2018-03-26,42.6154,44.0851,42.2643,44.0777,46798835
11647,2018-03-27,44.5224,44.7238,42.651,42.9954,46168777
11648,2018-03-28,42.4151,42.5825,41.1632,41.6565,45208919
11649,2018-03-29,41.977,43.7424,41.886,43.7424,53894436
11650,2018-04-02,43.4128,43.707,39.7215,41.0876,79995262
11651,2018-04-03,41.1558,41.9619,40.6606,41.7859,46949016
11652,2018-04-04,40.3984,42.1286,40.3245,41.9862,36159227
11653,2018-04-05,42.0021,42.5994,41.9686,42.3148,29902877
11654,2018-04-06,41.8177,42.3307,40.7346,40.9787,33593579
11655,2018-04-09,41.2887,42.9272,41.2887,41.6182,37344281
11656,2018-04-10,42.9354,43.2463,42.2802,43.06,31453552
11657,2018-04-11,42.9177,43.4468,42.9177,42.9177,20907842
11658,2018-04-12,43.2463,44.7397,43.2136,44.2809,35458320
11659,2018-04-13,44.5664,44.6899,43.3391,43.5544,24865979
11660,2018-04-16,43.9196,44.1189,43.5,44.0103,22449712
11661,2018-04-17,44.4401,45.1027,44.4232,44.968,25275341
11662,2018-04-18,44.9504,45.6543,44.8004,45.0272,26389742
11663,2018-04-19,44.4718,44.4784,43.3483,43.8588,30268426
11664,2018-04-20,43.8163,43.9119,42.7352,43.2811,32039734
11665,2018-04-23,43.4128,43.5815,42.709,42.9177,25844500
11666,2018-04-24,43.5637,45.0523,42.9524,43.2136,50595063
11667,2018-04-25,43.5544,43.7602,42.4982,43.1555,30661841
11668,2018-04-26,43.8942,44.7405,43.7332,44.5579,47118876
11669,2018-04-27,46.5643,46.8564,43.8679,44.2902,83210327
11670,2018-04-30,44.1462,44.8257,43.0133,43.3567,43359302
11671,2018-05-01,43.3728,44.866,43.2052,44.791,32862053
11672,2018-05-02,44.5906,44.6836,43.8016,43.9345,30692227
11673,2018-05-03,43.5815,44.1462,43.0133,43.9119,34005301
11674,2018-05-04,43.606,44.6366,43.0806,44.5861,30355284
11675,2018-05-07,44.6526,45.262,44.6283,45.0506,24014049
11676,2018-05-08,45.0206,45.3021,44.6031,45.3021,24891290
11677,2018-05-09,45.4136,45.9268,44.9333,45.9032,23471621
11678,2018-05-10,46.0795,46.4615,45.7019,46.4434,22155693
11679,2018-05-11,46.1401,46.6205,45.9811,46.1822,18236279
11680,2018-05-14,46.2686,46.6644,46.2423,46.3761,25899176
11681,2018-05-15,46.1065,46.2506,45.2461,45.5477,25703200
11682,2018-05-16,45.7601,46.2065,45.5765,46.1561,19248957
11683,2018-05-17,46.0795,46.8339,45.9716,46.3001,19973599
11684,2018-05-18,46.0624,46.0709,45.1695,45.1919,28032062
11685,2018-05-21,45.9173,46.6467,45.4989,45.8883,30029629
11686,2018-05-22,46.2328,46.5034,45.6582,45.9978,22503345
11687,2018-05-23,45.6158,46.6558,45.4811,46.6392,24333291
11688,2018-05-24,46.6121,46.714,45.7254,46.2506,23281694
11689,2018-05-25,46.291,46.8826,46.0709,46.8339,21959278
11690,2018-05-29,46.5624,47.1429,46.3001,46.73,28711044
11691,2018-05-30,47.2142,47.4751,46.9792,47.0334,29253231
11692,2018-05-31,47.0249,47.1869,46.5128,46.6298,36652607
11693,2018-06-01,47.169,48.2345,47.1354,48.2194,36914297
11694,2018-06-04,48.1588,48.6558,47.9604,48.007,26680304
11695,2018-06-05,48.065,48.2504,47.4884,47.7552,25672858
11696,2018-06-06,47.7552,48.2017,47.3732,48.1766,27174302
11697,2018-06-07,48.0829,48.1494,46.9827,47.2048,32667978
11698,2018-06-08,46.9359,47.0521,46.1748,46.5034,36487763
11699,2018-06-11,46.291,46.5371,45.8369,46.0541,30485366
11700,2018-06-12,46.3507,46.4867,45.8005,46.3086,27576301
11701,2018-06-13,46.4434,47.0521,46.3854,46.4867,26790850
11702,2018-06-14,46.8405,47.1869,46.6121,46.9173,27724141
11703,2018-06-15,46.6047,46.7825,46.1065,46.555,46398250
11704,2018-06-18,45.8704,45.8704,44.2126,44.956,48256510
11705,2018-06-19,44.0469,44.7295,43.825,44.7116,37621831
11706,2018-06-20,44.9333,45.4014,44.5085,45.1608,25336685
11707,2018-06-21,45.9351,46.0624,43.8765,44.086,52602332
11708,2018-06-22,44.4513,44.8463,44.1798,44.3484,41056266
11709,2018-06-25,43.225,43.7144,42.1604,42.8382,53692496
11710,2018-06-26,42.1959,42.5825,41.6961,41.9591,44443003
11711,2018-06-27,41.6792,42.2869,41.1822,41.1876,39466107
11712,2018-06-28,41.037,41.8065,40.9704,41.6052,34395813
11713,2018-06-29,41.8403,42.3297,41.8141,41.9909,34219231
11714,2018-07-02,41.4255,42.4647,41.2492,42.4067,28121564
11715,2018-07-03,42.7285,42.9645,41.7569,41.7896,19328797
11716,2018-07-05,42.2213,43.0478,42.0256,42.8719,30972103
11717,2018-07-06,42.8868,43.5057,42.5761,43.3943,23637960
11718,2018-07-09,43.6227,43.8333,43.0806,43.8081,25287642
11719,2018-07-10,44.0112,44.1477,43.7922,44.0628,20554015
11720,2018-07-11,43.6668,43.8155,43.2416,43.251,22096083
11721,2018-07-12,43.9673,44.3324,43.6967,44.2217,24022295
11722,2018-07-13,44.2649,44.2837,43.7238,44.1115,16277403
11723,2018-07-16,44.0542,44.1974,43.8155,43.9345,18883271
11724,2018-07-17,43.1246,43.8241,43.0901,43.7144,18649975
11725,2018-07-18,43.8155,43.9036,43.4738,43.6891,17341353
11726,2018-07-19,43.5882,43.9345,43.1246,43.9119,18886926
11727,2018-07-20,43.7829,43.986,43.3616,43.8493,20583199
11728,2018-07-23,43.7322,44.3435,43.3616,44.1893,18876075
11729,2018-07-24,44.5693,45.0252,43.9906,44.0786,21058047
11730,2018-07-25,44.1029,44.3071,43.1594,44.292,23549110
11731,2018-07-26,44.3071,44.9249,43.8155,44.0628,33480502
11732,2018-07-27,41.1876,41.5611,40.1073,40.2777,80280630
11733,2018-07-30,40.2345,40.5407,39.2196,40.287,42257218
11734,2018-07-31,40.7484,41.1184,40.287,40.6315,43304433
11735,2018-08-01,40.5931,41.3178,40.5483,41.2335,33217931
11736,2018-08-02,40.9704,41.8307,40.7149,41.7972,31314177
11737,2018-08-03,41.8141,42.0518,41.536,41.9252,26053023
11738,2018-08-06,41.4488,41.9076,41.0659,41.8991,31379644
11739,2018-08-07,42.0087,42.3485,41.9909,42.2399,33325456
11740,2018-08-08,42.153,42.6031,42.0171,42.4599,25883397
11741,2018-08-09,42.3748,43.0068,42.2557,42.6115,27998736
11742,2018-08-10,41.2289,41.7887,41.0481,41.5152,33783958
11743,2018-08-13,41.5772,41.8468,41.1175,41.1772,20085825
11744,2018-08-14,41.3646,41.4403,40.4968,40.8955,27135041
11745,2018-08-15,40.6072,40.7944,39.8592,40.3366,31463026
11746,2018-08-16,40.5801,40.7504,39.9865,40.0885,28660487
11747,2018-08-17,39.9443,40.2757,39.3734,40.0296,31041938
11748,2018-08-20,39.9865,40.0475,39.2562,39.5175,28632253
11749,2018-08-21,39.6543,40.6672,39.6355,40.4714,22655299
11750,2018-08-22,40.1588,40.2401,39.8769,39.9865,27277291
11751,2018-08-23,39.8245,40.0885,39.6981,39.9276,36879467
11752,2018-08-24,40.1915,40.7017,40.0127,40.5059,21432037
11753,2018-08-27,40.7944,41.1261,40.4798,41.0921,20203101
11754,2018-08-28,41.2617,41.4666,41.0565,41.2775,15852109
11755,2018-08-29,41.3898,41.5237,41.1343,41.4312,15859961
11756,2018-08-30,41.2373,41.5004,40.8712,40.9995,19318926
11757,2018-08-31,40.7598,41.271,40.7251,41.1595,19395603
11758,2018-09-04,41.1175,41.1568,40.4219,40.7598,18453018
11759,2018-09-05,40.5801,40.8955,40.3441,40.5567,24541222
11760,2018-09-06,40.5893,40.7598,40.1223,40.1653,22730356
11761,2018-09-07,39.8685,40.3515,39.4006,39.4773,30543460
11762,2018-09-10,39.5719,39.7403,39.29,39.3491,25323935
11763,2018-09-11,39.0941,39.1193,38.1516,38.1871,38188019
11764,2018-09-12,37.8696,38.2264,37.4445,38.1871,35038643
11765,2018-09-13,38.8226,38.966,38.3397,38.73,21952588
11766,2018-09-14,38.9071,39.0662,38.5428,38.7039,27061003
11767,2018-09-17,38.4904,39.0099,38.4061,38.6008,20712481
11768,2018-09-18,38.7377,39.5455,38.5925,39.1805,24154032
11769,2018-09-19,39.172,39.4697,39.0005,39.2206,18730728
11770,2018-09-20,39.7572,40.2496,39.5362,40.1138,25885076
11771,2018-09-21,40.0475,40.3002,39.4097,39.6543,61950464
11772,2018-09-24,39.3564,39.9443,39.2206,39.8685,20999372
11773,2018-09-25,39.2824,39.4276,38.925,39.0194,27521311
11774,2018-09-26,39.129,39.3491,38.7377,38.8377,28189391
11775,2018-09-27,39.0194,39.2328,38.8648,38.9913,18138434
11776,2018-09-28,38.7713,40.5801,38.6357,40.1915,54388079
11777,2018-10-01,39.7655,40.1316,39.2646,39.4773,28001090
11778,2018-10-02,40.3779,41.5425,40.2159,40.8797,49561087
11779,2018-10-03,41.3225,42.2557,41.271,41.4403,46138092
11780,2018-10-04,41.5079,41.5237,40.4714,40.904,35426382
11781,2018-10-05,40.9911,41.0837,39.6543,39.9705,34006415
11782,2018-10-08,39.9115,40.2401,39.5362,39.9705,22799418
11783,2018-10-09,40.096,40.4714,39.5539,39.5633,27398752
11784,2018-10-10,39.1449,39.198,38.0747,38.0747,50724071
11785,2018-10-11,38.3707,38.7629,37.1647,37.5897,51358668
11786,2018-10-12,38.4744,38.5363,37.5897,38.142,37755094
11787,2018-10-15,37.9318,38.3622,37.7685,37.8454,25454059
11788,2018-10-16,38.1598,39.1019,38.0954,39.0448,25264656
11789,2018-10-17,39.0941,39.3734,38.7039,39.0005,27208911
11790,2018-10-18,38.7975,38.8826,38.1001,38.2189,31344141
11791,2018-10-19,38.2609,38.3969,37.2743,37.3941,33379337
11792,2018-10-22,37.822,38.5335,37.4822,38.2525,40604253
11793,2018-10-23,37.5477,38.322,37.3174,37.822,45406699
11794,2018-10-24,37.5307,37.7001,36.002,36.0525,39572310
11795,2018-10-25,37.0046,38.1956,36.7819,37.6582,56778782
11796,2018-10-26,38.746,39.4697,37.9895,38.8303,79164328
11797,2018-10-29,39.5175,39.7338,37.7685,38.584,42043733
11798,2018-10-30,38.6944,40.6944,38.6357,40.5893,51742712
11799,2018-10-31,41.0398,41.271,39.8,39.8433,39263193
11800,2018-11-01,39.9022,41.1922,39.8245,40.9817,33340298
11801,2018-11-02,40.904,41.0079,39.7338,40.0379,36192997
11802,2018-11-05,40.2326,41.0079,39.8769,40.7684,27946485
11803,2018-11-06,40.8806,40.9837,40.2206,40.4096,27875027
11804,2018-11-07,40.7336,41.6923,40.7008,41.6661,34976748
11805,2018-11-08,41.4704,42.153,41.4451,41.8971,31081369
11806,2018-11-09,41.7269,41.929,40.9395,41.1464,25445114
11807,2018-11-12,40.8029,40.8806,39.8536,39.8966,28545326
11808,2018-11-13,40.1879,41.2654,40.1879,40.5303,34278376
11809,2018-11-14,40.9215,41.0219,40.1006,40.2729,29971710
11810,2018-11-15,40.2056,41.256,39.9564,41.1464,34588315
11811,2018-11-16,40.8554,41.9498,40.787,41.7614,37031609
11812,2018-11-19,41.5735,42.034,40.8638,41.0499,31405592
11813,2018-11-20,40.5387,41.154,40.2729,40.5303,34143820
11814,2018-11-21,40.9215,40.9488,40.213,40.2206,22229596
11815,2018-11-23,39.9302,40.2553,39.7843,39.803,10414591
11816,2018-11-26,40.4266,40.5885,39.9387,40.5791,24230930
11817,2018-11-27,40.1447,41.2402,39.846,41.1108,32296574
11818,2018-11-28,40.9966,41.8036,40.7504,41.7869,32743471
11819,2018-11-29,41.4704,41.5294,40.7336,40.7944,27586135
11820,2018-11-30,41.0097,42.1791,40.6755,42.1705,50644346
11821,2018-12-03,42.7604,43.1837,42.3598,42.8738,36091798
11822,2018-12-04,42.3504,42.4205,40.7728,40.8374,41389672
11823,2018-12-06,40.0249,41.3851,39.7843,41.3675,37021291
11824,2018-12-07,41.0003,41.1016,39.5372,39.5464,39774498
11825,2018-12-10,39.5819,40.5885,39.3491,40.375,27231243
11826,2018-12-11,40.9659,41.5545,40.3066,40.5221,27888332
11827,2018-12-12,41.5462,41.5997,40.5463,40.9048,36604207
11828,2018-12-13,41.2738,41.5462,40.9255,41.299,22831219
11829,2018-12-14,40.9574,41.7007,40.9215,40.9302,30836209
11830,2018-12-17,40.9302,41.4011,39.9061,40.2645,31101166
11831,2018-12-18,40.597,41.4357,40.5041,40.83,33925682
11832,2018-12-19,40.6148,40.8207,38.8116,38.9726,46440749
11833,2018-12-20,38.8358,39.6064,38.4933,38.9482,44141240
11834,2018-12-21,39.127,39.8966,38.3144,38.3489,61700002
11835,2018-12-24,38.1693,38.6298,37.2378,37.2779,22498679
11836,2018-12-26,37.6301,39.5099,37.2134,39.5005,33532040
11837,2018-12-27,39.0166,39.6645,38.2032,39.6466,35044019
11838,2018-12-28,39.7749,40.83,39.6006,39.981,28915811
11839,2018-12-31,40.2729,40.6062,39.8124,40.1352,23958919
11840,2019-01-02,39.3069,40.597,39.1439,40.2645,21952640
11841,2019-01-03,39.4697,39.5819,37.9633,38.0484,37729343
11842,2019-01-04,39.201,40.6839,38.9482,40.3833,41447624
11843,2019-01-07,40.2815,41.0453,39.981,40.5717,26585569
11844,2019-01-08,40.8806,41.0763,40.007,40.83,26600077
11845,2019-01-09,41.0171,41.5387,40.8638,41.0584,26372442
11846,2019-01-10,40.8374,41.6081,40.5463,41.5294,31807293
11847,2019-01-11,41.137,42.1539,41.0941,41.845,25433241
11848,2019-01-14,41.4451,41.7614,41.3086,41.3496,22442960
11849,2019-01-15,41.6565,42.0163,41.4265,41.564,26286262
11850,2019-01-16,41.564,41.8112,41.1202,41.1622,22283701
11851,2019-01-17,41.0499,41.769,40.9694,41.4536,20402279
11852,2019-01-18,41.9993,42.2325,41.6407,42.0705,34931293
11853,2019-01-22,41.8719,41.8889,40.9395,41.2802,30331836
11854,2019-01-23,41.4011,41.7362,40.6408,41.0003,22170283
11855,2019-01-24,41.6483,42.7914,41.564,42.5583,59139905
11856,2019-01-25,40.0679,40.5642,39.127,40.229,101109374
11857,2019-01-28,39.4536,39.9658,39.3817,39.9482,42010537
11858,2019-01-29,40.007,40.1709,39.6215,39.803,24541142
11859,2019-01-30,39.922,40.7775,39.7271,40.6586,31490536
11860,2019-01-31,39.9387,40.3497,39.4276,40.2982,50338816
11861,2019-02-01,40.2459,41.9498,40.2056,41.6755,43781078
11862,2019-02-04,41.5808,42.1108,41.256,42.0967,24443706
11863,2019-02-05,42.061,43.3737,42.061,42.769,36997694
11864,2019-02-06,42.9954,43.5882,42.8812,42.9495,25150314
11865,2019-02-07,42.606,42.9065,41.9001,42.3738,32327910
11866,2019-02-08,41.977,42.194,41.3253,42.0376,21901205
11867,2019-02-11,42.194,42.4515,41.8141,41.977,20917026
11868,2019-02-12,42.4862,43.1594,42.4086,43.045,20970432
11869,2019-02-13,43.1508,43.7342,43.0358,43.4409,20578587
11870,2019-02-14,43.3905,43.9306,43.3382,43.7342,20384084
11871,2019-02-15,44.1125,44.4728,43.9747,44.4671,26164001
11872,2019-02-19,44.1993,44.5076,44.191,44.2408,18137648
11873,2019-02-20,44.4409,44.526,43.9475,44.2322,25103707
11874,2019-02-21,44.1731,44.6199,44.0777,44.2498,18777065
11875,2019-02-22,45.3622,45.5964,44.8062,45.1796,37100872
11876,2019-02-25,45.67,46.1439,45.4999,45.7058,24062769
11877,2019-02-26,45.6282,45.936,45.5417,45.8173,18684205
11878,2019-02-27,45.4128,45.9453,45.1956,45.8266,20436302
11879,2019-02-28,45.5495,45.775,45.4531,45.5832,21364006
11880,2019-03-01,45.9987,46.2038,45.527,45.878,21329737
11881,2019-03-04,46.2657,46.5663,45.7947,46.4286,25218039
11882,2019-03-05,46.3507,46.4707,45.7142,46.2038,24464743
11883,2019-03-06,46.1608,46.1785,45.5662,45.5737,17125441
11884,2019-03-07,45.4203,45.6046,45.0673,45.2751,20683876
11885,2019-03-08,44.7321,45.2424,44.499,45.1715,19511027
11886,2019-03-11,45.5186,46.1785,45.2499,45.9181,22031027
11887,2019-03-12,45.9099,46.4444,45.7704,46.1101,24144475
11888,2019-03-13,46.48,46.9725,46.1785,46.7993,29651646
11889,2019-03-14,46.7366,46.8658,45.9032,45.9987,30958371
11890,2019-03-15,46.2038,47.0754,46.2038,46.7638,54006233
11891,2019-03-18,46.8405,46.9145,46.3678,46.5663,18907007
11892,2019-03-19,46.8835,47.0334,46.48,46.6261,21231498
11893,2019-03-20,46.5306,46.8254,46.1439,46.3255,28260946
11894,2019-03-21,46.4116,47.331,46.3425,47.0287,22221868
11895,2019-03-22,46.8254,47.0074,45.7985,45.8433,24907026
11896,2019-03-25,45.5915,46.0867,45.0812,45.4277,19717263
11897,2019-03-26,45.8949,46.2815,45.6552,45.9987,20592023
11898,2019-03-27,46.129,46.3602,45.5662,45.7563,22836174
11899,2019-03-28,45.8349,45.9987,45.4203,45.7142,15809550
11900,2019-03-29,46.3076,46.5156,46.0315,46.2208,21767444
11901,2019-04-01,46.7721,46.9725,46.5663,46.9191,20715281
11902,2019-04-02,46.965,47.1673,46.6739,46.7908,15921806
11903,2019-04-03,47.3666,48.1933,47.2478,47.7552,28525316
11904,2019-04-04,47.5735,48.3234,47.5735,48.1315,19193351
11905,2019-04-05,47.9865,48.1578,47.2299,47.8591,22385893
11906,2019-04-08,47.582,47.9778,47.5119,47.9256,13661319
11907,2019-04-09,47.641,47.7112,47.2559,47.6156,15497943
11908,2019-04-10,47.6156,48.081,47.6156,47.9865,15200952
11909,2019-04-11,47.9948,48.2597,47.8833,48.0295,12600597
11910,2019-04-12,48.3814,48.623,48.0631,48.5622,14998965
11911,2019-04-15,48.5968,48.6781,48.1315,48.4424,13566155
11912,2019-04-16,48.7692,49.4675,48.2597,48.8122,35204578
11913,2019-04-17,50.3006,51.2922,50.0256,50.4055,45064151
11914,2019-04-18,50.5337,50.6797,50.0282,50.3446,23775162
11915,2019-04-22,50.0517,50.6367,49.8187,50.6285,14321985
11916,2019-04-23,50.6893,50.7659,50.3532,50.5947,20610128
11917,2019-04-24,50.3711,51.0338,50.0425,50.5422,20591324
11918,2019-04-25,50.18,50.2503,49.2587,49.5871,32472031
11919,2019-04-26,45.3976,45.6973,44.3435,45.1289,84072595
11920,2019-04-29,44.9053,45.1289,43.899,43.9926,48960635
11921,2019-04-30,43.899,44.2688,43.7855,43.9306,31520441
11922,2019-05-01,43.984,44.4157,43.6742,43.69,23779096
11923,2019-05-02,43.7257,44.1771,43.1414,43.5112,26320883
11924,2019-05-03,43.9654,44.6031,43.6668,44.543,29807710
11925,2019-05-06,43.5226,44.4148,43.47,44.3594,30302994
11926,2019-05-07,43.8241,44.0677,43.2435,43.7201,34307341
11927,2019-05-08,43.4766,43.9896,42.4982,42.6462,42503964
11928,2019-05-09,41.4864,41.8231,39.8835,40.377,68863381
11929,2019-05-10,40.2206,40.5332,39.0614,40.0127,49097189
11930,2019-05-13,39.2608,39.5277,38.7141,38.7656,45135896
11931,2019-05-14,39.13,39.3939,38.8612,39.1213,28526301
11932,2019-05-15,38.9053,39.6223,38.7656,39.5099,27026966
11933,2019-05-16,39.3809,39.7973,39.3387,39.435,23039825
11934,2019-05-17,39.13,39.6073,38.7695,38.8798,25979120
11935,2019-05-20,38.1075,38.5588,37.6355,37.7266,33108375
11936,2019-05-21,38.4023,38.7845,38.2593,38.5054,29492610
11937,2019-05-22,38.2366,38.5054,37.9746,38.1075,19550440
11938,2019-05-23,37.5617,38.7489,37.1208,38.5671,41316449
11939,2019-05-24,38.6185,39.0186,38.5327,38.6008,31368498
11940,2019-05-28,38.6794,38.7068,37.5016,37.7349,40157147
11941,2019-05-29,37.5458,38.5671,37.5307,38.3078,32849024
11942,2019-05-30,38.366,38.9996,38.3078,38.7403,24961333
11943,2019-05-31,38.2638,38.7918,38.0465,38.142,29480091
11944,2019-06-03,38.3257,38.614,37.4148,37.6403,35972630
11945,2019-06-04,38.2452,38.8481,37.908,38.7918,32438649
11946,2019-06-05,39.0699,39.13,38.2733,38.584,24018193
11947,2019-06-06,38.7564,39.1213,38.5466,39.0614,22025522
11948,2019-06-07,39.1915,39.9443,39.0614,39.8656,28138114
11949,2019-06-10,40.0407,40.872,40.0127,40.5332,24022892
11950,2019-06-11,40.9302,40.9844,40.2906,40.5762,21262699
11951,2019-06-12,40.4209,40.4209,40.0577,40.1166,18358941
11952,2019-06-13,40.3601,40.6672,40.3002,40.4462,14164321
11953,2019-06-14,39.6925,40.2056,39.4484,40.0033,17759130
11954,2019-06-17,39.9621,40.3002,39.6663,39.953,14598118
11955,2019-06-18,40.4893,41.5735,40.3601,41.0276,29710740
11956,2019-06-19,41.1231,41.2074,40.7074,40.7665,20132203
11957,2019-06-20,41.46,41.6165,40.5931,40.872,23238564
11958,2019-06-21,40.6634,41.3385,40.5332,41.1043,35904015
11959,2019-06-24,41.0519,41.4394,40.8554,41.2522,16718675
11960,2019-06-25,41.1894,41.2953,40.5332,40.5762,19242225
11961,2019-06-26,41.27,41.9872,41.1894,41.738,25270130
11962,2019-06-27,41.7017,41.9386,40.9133,41.1043,26628686
11963,2019-06-28,41.374,41.7476,41.2953,41.46,30765926
11964,2019-07-01,42.6911,42.8288,41.3505,41.6165,31758040
11965,2019-07-02,41.4947,41.7624,41.3047,41.6764,17763298
11966,2019-07-03,41.7287,42.0584,41.5686,42.0217,12399463
11967,2019-07-05,41.5997,41.7242,41.0866,41.6407,16556203
11968,2019-07-08,41.2448,41.5285,40.7665,41.4161,19125280
11969,2019-07-09,41.0191,41.3984,40.8188,41.3552,20613450
11970,2019-07-10,41.5032,42.1023,41.4864,41.7549,18511006
11971,2019-07-11,42.0584,42.2494,41.8412,42.0937,19183925
11972,2019-07-12,42.4385,43.2435,42.2736,43.2343,23263906
11973,2019-07-15,43.3054,43.5226,43.104,43.4083,16562961
11974,2019-07-16,43.2259,43.3054,42.4047,42.5855,19780032
11975,2019-07-17,42.8728,43.0441,42.6462,42.7756,13772875
11976,2019-07-18,42.6818,43.2959,42.343,43.253,18103851
11977,2019-07-19,43.2716,43.8765,43.2259,43.5393,33646563
11978,2019-07-22,43.3082,44.6171,43.2089,44.4728,25039465
11979,2019-07-23,45.0372,45.0372,44.4325,44.8202,21260415
11980,2019-07-24,45.8341,45.878,44.8631,45.8341,24127136
11981,2019-07-25,45.4782,45.556,44.9333,45.1758,32058222
11982,2019-07-26,45.6355,46.3368,44.6302,44.6827,42029554
11983,2019-07-29,44.6302,45.5242,43.9801,45.4782,25283002
11984,2019-07-30,44.7876,45.3031,44.6563,44.7781,19036839
11985,2019-07-31,44.6122,44.7948,43.3483,43.781,27906616
11986,2019-08-01,43.7556,44.9417,42.8477,42.8728,39280702
11987,2019-08-02,42.5161,42.7493,42.005,42.1604,32192375
11988,2019-08-05,41.3646,41.5378,40.3356,40.681,44956611
11989,2019-08-06,41.1165,41.4742,40.7812,40.9507,29952426
11990,2019-08-07,40.375,40.8816,40.0866,40.7494,33760563
11991,2019-08-08,40.2526,41.3047,40.0361,41.1353,35140492
11992,2019-08-09,40.9321,40.9862,39.922,40.0943,28640427
11993,2019-08-12,39.8966,40.1755,39.624,39.7655,21208204
11994,2019-08-13,39.6551,41.0266,39.5558,40.8468,33685180
11995,2019-08-14,40.1672,40.6596,39.8096,39.9996,29414203
11996,2019-08-15,40.2017,40.2701,39.6206,39.8517,25219953
11997,2019-08-16,40.4096,40.7074,40.1672,40.5493,26760040
11998,2019-08-19,41.3881,41.5089,41.0219,41.1858,24545937
11999,2019-08-20,41.0135,41.0893,40.5155,40.6372,26507334
12000,2019-08-21,41.0807,41.2393,40.8889,41.1165,18251330
12001,2019-08-22,41.2299,41.36,40.714,40.7935,22689328
12002,2019-08-23,40.419,40.6634,39.0672,39.2076,37632758
12003,2019-08-26,39.9564,39.9564,39.4594,39.731,25327691
12004,2019-08-27,39.9996,40.2169,39.6776,39.9302,19411568
12005,2019-08-28,39.8517,40.0361,39.5653,39.9302,17081132
12006,2019-08-29,40.5155,41.1782,40.463,40.873,20419033
12007,2019-08-30,41.1931,41.6745,41.1261,41.3412,19406497
12008,2019-09-03,41.0893,41.1782,40.5445,40.9676,17212917
12009,2019-09-04,41.4742,42.6876,41.4563,42.6602,26916477
12010,2019-09-05,43.5366,44.6215,43.4878,43.6882,34428795
12011,2019-09-06,43.8193,44.4662,43.664,44.4045,19572538
12012,2019-09-09,44.526,45.3733,44.4898,44.9895,23794525
12013,2019-09-10,44.762,45.2058,44.3209,45.1872,21251472
12014,2019-09-11,44.9971,46.0344,44.8052,46.0344,21752501
12015,2019-09-12,46.2169,46.5062,45.4024,46.2263,26729099
12016,2019-09-13,46.0099,46.2169,45.5485,45.8163,20653772
12017,2019-09-16,45.2593,45.5935,45.0861,45.5223,15314279
12018,2019-09-17,45.3913,45.4708,44.78,45.3003,22806672
12019,2019-09-18,45.4577,45.4577,44.6131,45.1199,17235391
12020,2019-09-19,45.0851,45.3369,44.9108,44.9708,13588810
12021,2019-09-20,44.9971,45.2433,44.0889,44.2292,44301544
12022,2019-09-23,44.3248,44.6693,43.9412,44.3856,24740004
12023,2019-09-24,44.5617,44.631,43.2887,43.4448,32651135
12024,2019-09-25,43.384,44.6563,43.0956,44.4898,23073428
12025,2019-09-26,44.4579,44.6012,43.899,44.4045,13167021
12026,2019-09-27,44.1516,44.6658,43.899,44.2837,17025009
12027,2019-09-30,44.6395,44.9944,44.4202,44.9362,16122290
12028,2019-10-01,45.3181,45.5543,43.9765,44.2649,21200221
12029,2019-10-02,43.8718,43.9261,42.7127,43.0675,24582724
12030,2019-10-03,43.1669,43.664,42.3205,43.6273,19764763
12031,2019-10-04,43.9084,44.4484,43.6273,44.4045,14618759
12032,2019-10-07,44.2117,44.6741,44.0889,44.1432,14588925
12033,2019-10-08,43.7414,44.0198,43.2624,43.3625,20508848
12034,2019-10-09,44.0112,44.292,43.7322,44.0198,13978744
12035,2019-10-10,43.9578,45.1489,43.9495,44.5703,16755814
12036,2019-10-11,45.3462,46.0344,45.1872,45.4221,27713465
12037,2019-10-14,45.2593,45.3003,44.8575,45.0316,18835863
12038,2019-10-15,45.2847,46.2778,45.1965,45.9108,21754589
12039,2019-10-16,45.6534,45.8349,45.4493,45.733,17399608
12040,2019-10-17,45.8997,46.0766,44.8052,45.2245,19400965
12041,2019-10-18,45.1279,45.1872,44.498,44.7892,19466142
12042,2019-10-21,44.9289,45.4951,44.7714,45.4577,15046016
12043,2019-10-22,45.2593,45.6254,45.2517,45.3558,15305941
12044,2019-10-23,44.7965,45.3089,44.6479,45.1017,18303855
12045,2019-10-24,45.4221,45.7199,44.8483,45.5447,29418608
12046,2019-10-25,47.2569,49.3654,47.0182,49.2363,68538164
12047,2019-10-28,49.1838,49.5404,48.8851,49.4966,37048411
12048,2019-10-29,49.1567,49.9169,49.0433,49.1285,20820001
12049,2019-10-30,49.1127,49.3831,48.4986,49.3571,17485536
12050,2019-10-31,49.1201,49.3571,48.5021,49.2971,22074433
12051,2019-11-01,48.7821,49.3973,48.5021,49.2783,20588012
12052,2019-11-04,49.6475,50.4036,49.5743,50.238,21866072
12053,2019-11-05,50.1163,50.884,49.8887,50.1856,23927198
12054,2019-11-06,50.4139,50.6059,49.9674,50.5113,20208430
12055,2019-11-07,50.8616,51.3426,50.7331,50.9064,19343865
12056,2019-11-08,50.7294,51.1226,50.2558,51.0965,13559270
12057,2019-11-11,50.8353,51.2998,50.7734,51.1685,12813575
12058,2019-11-12,51.2135,51.5627,50.8877,51.0364,13631986
12059,2019-11-13,50.7474,50.8353,50.2904,50.764,17572859
12060,2019-11-14,50.5179,50.8971,50.4834,50.6949,13845438
12061,2019-11-15,51.0104,51.4737,50.5274,50.8259,18374716
12062,2019-11-18,50.5974,51.2808,50.4834,51.0807,18361363
12063,2019-11-19,51.2808,51.4316,50.6417,51.1685,19457873
12064,2019-11-20,51.0881,51.1761,50.3045,50.7734,21164167
12065,2019-11-21,50.4139,51.1226,50.3438,51.0545,18404413
12066,2019-11-22,51.1592,51.4316,50.4139,50.5179,17892534
12067,2019-11-25,50.8616,51.5974,50.8616,51.5714,17119656
12068,2019-11-26,51.6936,51.85,51.2546,51.6489,25523113
12069,2019-11-27,51.3259,51.3793,50.7772,51.3081,20734485
12070,2019-11-29,50.9916,51.1181,50.6761,50.9064,10811962
12071,2019-12-02,51.3426,51.4654,50.3952,50.5629,21857140
12072,2019-12-03,49.8597,49.8597,48.8871,49.1688,30349314
12073,2019-12-04,49.6855,49.6855,48.9835,49.1229,21533234
12074,2019-12-05,49.4665,49.4665,48.8964,49.178,20156644
12075,2019-12-06,49.6855,49.976,49.4759,49.8168,18790281
12076,2019-12-09,49.5797,49.9487,49.5453,49.5706,16498621
12077,2019-12-10,49.7286,49.8354,49.4927,49.6247,18426018
12078,2019-12-11,49.9056,50.133,49.6155,50.045,22866476
12079,2019-12-12,49.7652,50.9064,49.6435,50.4663,31811843
12080,2019-12-13,50.4663,51.1592,50.3173,50.6761,25995627
12081,2019-12-16,51.045,51.3605,50.5535,50.5974,21821239
12082,2019-12-17,50.8616,50.9476,50.0985,50.2474,24696207
12083,2019-12-18,50.325,50.3821,49.932,50.133,32241655
12084,2019-12-19,50.133,50.8521,49.9534,50.8259,21517579
12085,2019-12-20,51.1413,51.7817,50.764,51.6936,56985056
12086,2019-12-23,51.7902,52.4221,51.7735,51.9391,26904881
12087,2019-12-24,51.9569,52.1601,51.878,52.0963,7199339
12088,2019-12-26,52.0963,52.484,52.0458,52.4567,13098982
12089,2019-12-27,52.5344,53.0363,52.5262,52.6854,16063371
12090,2019-12-30,52.6077,52.6572,52.07,52.2827,14540942
12091,2019-12-31,52.2827,52.5533,52.0533,52.484,16462140
12092,2020-01-02,52.8248,53.4659,52.8069,53.3517,20199773
12093,2020-01-03,52.4494,53.2291,52.4494,52.7022,17445987
12094,2020-01-06,52.2546,52.7854,52.027,52.5533,20251925
12095,2020-01-07,52.4221,52.4409,51.6414,51.677,25043049
12096,2020-01-08,51.6414,52.0177,51.3174,51.7096,26386113
12097,2020-01-09,51.7817,52.1842,51.5879,52.0008,21459977
12098,2020-01-10,52.2367,52.6806,51.6246,51.6861,17335772
12099,2020-01-13,51.8866,52.4175,51.808,52.2546,18765672
12100,2020-01-14,52.1676,52.3857,51.9008,52.115,19491653
12101,2020-01-15,52.0008,52.309,51.5176,51.6861,21095417
12102,2020-01-16,51.9653,52.4755,51.7997,52.3174,24364537
12103,2020-01-17,52.5981,52.6158,51.9485,52.2639,24863921
12104,2020-01-21,52.4494,53.7114,52.4315,53.0982,32339050
12105,2020-01-22,53.5268,55.1137,53.4659,55.0097,33612443
12106,2020-01-23,55.123,55.8647,55.0783,55.5256,48783444
12107,2020-01-24,58.3776,60.7608,58.28,60.0419,96601636
12108,2020-01-27,58.5075,59.1227,57.5246,57.6058,35082239
12109,2020-01-28,58.3138,59.2622,57.8241,59.0243,35254881
12110,2020-01-29,59.3072,59.6833,58.0244,58.164,20614052
12111,2020-01-30,57.5601,58.3138,56.9386,58.2867,21122279
12112,2020-01-31,57.7013,57.8578,55.8329,56.0603,28815270
12113,2020-02-03,56.5219,57.0322,56.387,56.491,18992309
12114,2020-02-04,57.6743,57.9289,56.9292,57.4009,23914346
12115,2020-02-05,58.4803,59.2791,57.9897,59.0515,26686196
12116,2020-02-06,59.3072,59.3949,58.8397,59.1227,19754262
12117,2020-02-07,58.9194,59.3072,58.1685,58.1779,20578801
12118,2020-02-10,57.7727,58.514,57.6669,58.5057,25304746
12119,2020-02-11,58.8924,59.6685,58.6639,59.4036,20398344
12120,2020-02-12,59.571,60.0027,59.3153,59.4475,17687333
12121,2020-02-13,59.0337,59.6158,58.8127,59.4307,13166527
12122,2020-02-14,59.5,59.8049,58.883,59.28,15212215
12123,2020-02-18,58.7425,58.7686,58.0552,58.283,14487219
12124,2020-02-19,58.5057,59.219,58.3193,59.1394,15377608
12125,2020-02-20,59.0775,59.2986,56.8918,57.6761,30017827
12126,2020-02-21,57.4383,57.4992,56.4339,56.6988,23581217
12127,2020-02-24,54.2966,55.3151,54.039,54.4264,30529069
12128,2020-02-25,54.6269,54.8834,52.3978,52.6348,39145001
12129,2020-02-26,52.9708,53.5952,52.2294,52.5662,29751319
12130,2020-02-27,51.0497,51.5609,49.1735,49.2008,47918121
12131,2020-02-28,47.8244,49.6846,47.2345,48.9273,68912812
12132,2020-03-02,49.1641,51.3051,48.0444,51.2698,48954677
12133,2020-03-03,51.1376,52.0094,48.8195,49.3231,56444182
12134,2020-03-04,50.2388,51.7369,49.4901,51.7088,33161706
12135,2020-03-05,50.283,51.6936,49.886,50.194,33021097
12136,2020-03-06,48.6257,49.358,48.0622,49.1452,41146101
12137,2020-03-09,45.7544,46.449,44.0628,44.8108,63771112
12138,2020-03-10,46.4942,47.5866,44.4409,47.5688,41497649
12139,2020-03-11,46.1673,47.1804,44.9513,45.5261,43772891
12140,2020-03-12,42.2894,44.1425,39.98,40.1306,57489846
12141,2020-03-13,42.5283,48.4685,42.0714,47.9658,55382919
12142,2020-03-16,41.8674,46.0447,38.4473,39.3123,61140647
12143,2020-03-17,40.3215,45.4989,39.831,44.1319,59105108
12144,2020-03-18,41.1622,44.1049,39.831,41.9553,55955775
12145,2020-03-19,42.1574,43.3831,39.7964,40.4825,50540788
12146,2020-03-20,40.9862,43.5506,40.0697,40.3871,59398882
12147,2020-03-23,40.5548,44.4924,40.4602,43.691,52992415
12148,2020-03-24,46.8303,48.1494,45.2527,46.1767,56761326
12149,2020-03-25,46.2479,47.3966,43.9821,45.1715,46646264
12150,2020-03-26,45.5945,49.3055,45.5261,48.9451,47065386
12151,2020-03-27,47.0764,48.1494,45.8828,46.1496,35896992
12152,2020-03-30,46.6973,49.4375,46.555,48.8992,35891457
12153,2020-03-31,48.5201,49.1688,46.8975,47.6915,54562249
12154,2020-04-01,46.2657,48.1943,45.3201,45.718,33574186
12155,2020-04-02,45.1974,48.0801,45.1365,47.8947,31558169
12156,2020-04-03,47.4547,48.5828,46.4669,47.7009,27128079
12157,2020-04-06,49.9047,51.7893,49.4544,51.4906,36679874
12158,2020-04-07,52.8211,54.1859,51.2969,51.4635,46991179
12159,2020-04-08,51.984,52.4437,51.032,51.9747,30320707
12160,2020-04-09,52.3108,52.6272,49.4011,50.3532,45976015
12161,2020-04-13,49.8514,51.7893,49.8514,51.7276,26385792
12162,2020-04-14,52.9081,53.6674,52.4437,53.4557,29134287
12163,2020-04-15,52.644,52.7244,51.4514,51.878,25920096
12164,2020-04-16,52.5289,53.7187,51.8257,53.57,27726622
12165,2020-04-17,54.655,54.7495,52.7199,53.1927,31076622
12166,2020-04-20,52.2377,52.91,51.8962,52.1515,29981191
12167,2020-04-21,51.2098,51.6404,49.2867,49.666,28650919
12168,2020-04-22,51.3492,53.3153,50.9429,52.9613,26603450
12169,2020-04-23,52.5862,52.9613,51.8257,52.028,39821582
12170,2020-04-24,49.5245,52.3454,49.4375,52.2199,56989133
12171,2020-04-27,52.6272,52.7244,51.4514,52.4072,29393292
12172,2020-04-28,52.8647,53.0683,51.3407,51.7725,32664259
12173,2020-04-29,52.3791,54.6635,52.2753,54.4582,34555745
12174,2020-04-30,54.0775,54.23,52.6526,52.8566,29821833
12175,2020-05-01,51.8427,52.2753,50.5039,50.6442,24051400
12176,2020-05-04,50.3354,51.1732,49.6219,51.1021,21512249
12177,2020-05-05,51.808,52.2564,51.4195,51.7725,19577264
12178,2020-05-06,52.322,53.1271,52.2321,52.4465,20140497
12179,2020-05-07,53.1103,53.2573,52.2143,52.4383,16625363
12180,2020-05-08,52.88,52.9782,52.3303,52.88,23009393
12181,2020-05-11,52.9427,53.9173,52.9145,53.2873,21083599
12182,2020-05-12,53.3678,53.7393,51.6311,51.7462,18906297
12183,2020-05-13,51.7987,52.4894,50.4254,51.1703,23769800
12184,2020-05-14,50.7961,52.4193,49.7155,52.3566,24338946
12185,2020-05-15,50.8688,51.7276,50.4777,51.6479,24117684
12186,2020-05-18,52.9435,53.4201,52.6067,53.1018,23068765
12187,2020-05-19,53.2873,54.7403,53.0401,53.4297,24672568
12188,2020-05-20,54.1992,56.2653,54.0755,55.9179,34511098
12189,2020-05-21,55.9134,56.5404,54.7851,54.9266,23682655
12190,2020-05-22,54.9266,55.229,54.4323,55.1718,15913897
12191,2020-05-26,56.4339,56.8412,55.0501,55.2458,23621510
12192,2020-05-27,55.229,56.3544,54.1214,56.3262,22439750
12193,2020-05-28,55.8309,56.2296,54.4921,54.6795,19480916
12194,2020-05-29,54.8563,56.416,54.6073,55.7691,37683891
12195,2020-06-01,55.3742,55.5295,54.6438,54.8207,16168951
12196,2020-06-02,54.6795,55.096,53.9042,55.0501,23360620
12197,2020-06-03,55.3441,55.4228,54.5295,54.8834,18886407
12198,2020-06-04,54.715,56.2486,54.3629,55.8037,24836335
12199,2020-06-05,56.152,57.7013,55.9723,57.0189,30256011
12200,2020-06-08,56.6903,56.8506,55.7775,56.4255,24312796
12201,2020-06-09,55.8253,56.4592,55.743,55.8672,26623717
12202,2020-06-10,55.6447,56.973,55.61,56.6015,24111565
12203,2020-06-11,55.8944,56.0968,52.7471,52.9071,30464928
12204,2020-06-12,53.2695,54.0242,51.5076,52.5796,34325793
12205,2020-06-15,52.5796,53.4915,51.9147,53.2601,33459122
12206,2020-06-16,54.4921,54.6343,52.7209,53.5268,26209029
12207,2020-06-17,53.8284,54.3067,53.2254,53.6064,23081250
12208,2020-06-18,53.4819,53.6241,52.571,53.2431,28096924
12209,2020-06-19,53.7487,53.9602,52.3736,52.8357,68070505
12210,2020-06-22,52.9333,53.656,52.1357,53.2507,25779536
12211,2020-06-23,53.3416,53.5897,53.0505,53.1018,25738424
12212,2020-06-24,52.854,52.9997,51.9942,52.3652,31329556
12213,2020-06-25,52.2686,52.3652,50.9384,51.851,24719882
12214,2020-06-26,51.8333,52.0486,50.5771,50.957,43418182
12215,2020-06-29,50.9309,51.7088,50.3006,51.6404,24994452
12216,2020-06-30,52.0298,53.1544,51.879,53.0215,35592187
12217,2020-07-01,53.0936,53.199,52.073,52.1178,16641786
12218,2020-07-02,52.4547,53.0035,52.2593,52.4016,17578935
12219,2020-07-06,52.0394,52.8357,51.9316,52.7639,23173717
12220,2020-07-07,52.3483,52.7909,51.5234,51.6751,18050502
12221,2020-07-08,51.7987,52.0158,51.3389,51.9401,14982801
12222,2020-07-09,51.5777,52.0608,51.1339,51.7725,23339560
12223,2020-07-10,51.3559,52.8977,51.249,52.7564,20020511
12224,2020-07-13,53.0307,53.7206,51.7462,51.9147,21533271
12225,2020-07-14,51.2876,52.5064,50.8196,52.2686,27297072
12226,2020-07-15,52.3135,52.5878,51.7725,52.3135,22552635
12227,2020-07-16,51.879,52.6067,51.7555,52.4101,14021407
12228,2020-07-17,52.6572,53.5803,52.5335,53.1731,18418731
12229,2020-07-20,53.2431,54.3966,52.5878,54.1897,19034666
12230,2020-07-21,54.5155,54.8817,53.5625,53.7937,22376598
12231,2020-07-22,54.3312,54.7367,53.7206,54.1027,21394452
12232,2020-07-23,54.2851,54.715,53.1544,53.5268,49106513
12233,2020-07-24,46.215,46.2433,43.8679,44.8332,205674114
12234,2020-07-27,45.2235,45.3191,43.8361,43.9287,121333403
12235,2020-07-28,43.8493,44.514,43.5486,43.6369,70370230
12236,2020-07-29,43.8588,43.8679,42.4495,42.5994,68269359
12237,2020-07-30,42.387,42.9823,42.1755,42.5293,44837347
12238,2020-07-31,42.6529,42.8232,41.6257,42.2989,52549649
12239,2020-08-03,42.7764,43.0938,42.3082,42.8043,35846171
12240,2020-08-04,43.0685,43.5486,42.9823,43.5393,32775441
12241,2020-08-05,44.0638,44.0638,43.1236,43.3522,33255274
12242,2020-08-06,43.532,43.5583,42.9159,43.3344,26669846
12243,2020-08-07,43.3006,43.4073,42.5601,42.8549,41206183
12244,2020-08-10,43.0068,44.0677,42.8794,43.9157,41965387
12245,2020-08-11,44.2818,44.3698,42.8794,42.9972,39617867
12246,2020-08-12,43.4252,43.9504,43.0405,43.8887,34393942
12247,2020-08-13,43.9504,44.013,43.1703,43.325,27767081
12248,2020-08-14,43.4766,43.9074,43.4073,43.6207,25017393
12249,2020-08-17,43.8163,43.9916,43.4766,43.6565,22436325
12250,2020-08-18,43.9504,44.2274,43.3801,43.4073,21576815
12251,2020-08-19,43.5273,43.7015,43.0497,43.1219,31129977
12252,2020-08-20,44.4419,44.791,43.7192,43.8709,61734742
12253,2020-08-21,43.737,43.9963,43.4073,43.9683,38461634
12254,2020-08-24,43.9504,44.0758,43.5583,43.8436,40679499
12255,2020-08-25,44.0318,44.5047,43.9074,44.1019,43020860
12256,2020-08-26,44.0677,44.3174,43.9252,44.2099,32073286
12257,2020-08-27,44.4241,44.5486,43.8709,44.0758,27370434
12258,2020-08-28,44.2274,45.3238,44.1293,44.9953,39658881
12259,2020-08-31,45.5046,45.9493,44.8969,45.4577,51684363
12260,2020-09-01,45.4221,45.5046,44.8081,45.3144,34209615
12261,2020-09-02,45.6908,47.0025,45.5832,46.6186,59402809
12262,2020-09-03,46.8414,46.9501,44.7313,44.9585,53119209
12263,2020-09-04,45.0842,45.7077,44.1564,44.6836,48550894
12264,2020-09-08,43.9504,44.5224,43.5863,43.6388,44554511
12265,2020-09-09,44.1929,44.5833,43.7556,44.2726,37476239
12266,2020-09-10,44.6105,44.6909,43.4608,43.6826,36592915
12267,2020-09-11,43.9541,44.6563,43.6742,43.9683,32876838
12268,2020-09-14,43.5863,44.3604,43.5863,44.0835,30499549
12269,2020-09-15,44.4241,45.146,44.3698,44.6105,30931921
12270,2020-09-16,45.0653,45.5327,44.7584,44.9417,29762956
12271,2020-09-17,44.0496,45.044,43.9869,44.8969,30216484
12272,2020-09-18,44.9062,45.0571,43.7556,44.5131,56178025
12273,2020-09-21,44.0677,44.3839,43.5675,44.3604,30684061
12274,2020-09-22,44.5131,44.7994,44.1386,44.5674,24983418
12275,2020-09-23,44.4599,44.7397,43.4158,43.5583,33712086
12276,2020-09-24,43.3006,44.2912,43.2005,43.8623,32887852
12277,2020-09-25,43.6826,44.8603,43.4956,44.5579,29850521
12278,2020-09-28,45.0653,45.9127,44.7537,45.8883,33234008
12279,2020-09-29,45.7759,46.158,45.4577,45.672,22065538
12280,2020-09-30,45.7171,46.7338,45.6384,46.1993,31058661
12281,2020-10-01,46.7524,47.0372,46.3873,46.6092,24800420
12282,2020-10-02,45.9493,46.377,45.4951,45.5138,28929628
12283,2020-10-05,45.7723,46.2263,45.7451,46.1205,23405778
12284,2020-10-06,46.1365,47.0191,45.7077,45.8341,28740240
12285,2020-10-07,46.2628,47.1982,46.2084,46.9939,24633528
12286,2020-10-08,47.2074,47.8046,46.9939,47.6184,25071603
12287,2020-10-09,47.7785,48.0463,46.9939,47.1279,27284452
12288,2020-10-12,47.7785,48.3589,47.4751,48.0725,30601522
12289,2020-10-13,48.4209,48.4395,47.8412,48.0286,22422310
12290,2020-10-14,48.1904,48.536,47.743,47.7785,24528657
12291,2020-10-15,47.0651,48.1624,46.9501,48.0463,20480085
12292,2020-10-16,48.0912,48.8048,48.0912,48.3244,26250510
12293,2020-10-19,48.5996,50.1706,48.0379,48.6979,48796179
12294,2020-10-20,48.7157,48.8048,47.5284,47.6709,30513455
12295,2020-10-21,47.4125,48.2428,47.1279,47.7355,24507271
12296,2020-10-22,47.3946,48.3759,47.3507,48.0912,46538365
12297,2020-10-23,43.1405,43.4205,42.5236,43.0068,109078293
12298,2020-10-26,42.694,42.7024,41.2664,41.6847,60703558
12299,2020-10-27,41.0257,41.4077,40.4714,40.7214,56185895
12300,2020-10-28,40.0539,40.405,39.4369,39.4809,50509638
12301,2020-10-29,39.4726,39.6776,39.187,39.3554,41241570
12302,2020-10-30,39.3481,39.9677,38.909,39.5072,52446545
12303,2020-11-02,40.1138,40.1998,39.4726,39.6682,37946374
12304,2020-11-03,39.9105,40.5612,39.8826,40.0165,37644655
12305,2020-11-04,40.2476,41.1763,39.9539,40.7747,38945461
12306,2020-11-05,41.476,41.6817,40.9133,41.0519,34608509
12307,2020-11-06,40.9265,41.1568,40.3515,40.7926,40317174
12308,2020-11-09,41.9161,42.5554,40.9265,40.9817,53945573
12309,2020-11-10,40.8019,41.772,40.6663,40.8374,43645021
12310,2020-11-11,41.2512,41.7503,41.2148,41.6547,35046612
12311,2020-11-12,41.4583,41.5125,40.0388,40.3975,47745821
12312,2020-11-13,40.433,40.963,40.4161,40.8563,34380293
12313,2020-11-16,41.3776,42.0143,41.153,41.5125,40397975
12314,2020-11-17,41.1165,41.4488,40.8047,40.918,34573852
12315,2020-11-18,40.9359,41.0565,40.4789,40.4958,36516465
12316,2020-11-19,40.3692,41.0433,40.1738,41.0003,32790220
12317,2020-11-20,41.035,41.2335,40.7392,40.7926,26926512
12318,2020-11-23,40.8748,41.5294,40.8468,41.3955,39489284
12319,2020-11-24,41.6024,42.5086,41.3496,42.2494,37721801
12320,2020-11-25,42.2661,42.4018,41.8532,42.2849,31296759
12321,2020-11-27,42.5638,43.2277,42.5638,42.6435,17715748
12322,2020-11-30,42.6163,43.5882,42.4767,43.4533,51554318
12323,2020-12-01,43.8117,45.1385,43.7753,44.5403,64289737
12324,2020-12-02,44.2342,44.9904,44.2002,44.8454,37557506
12325,2020-12-03,44.8631,45.9324,44.7368,45.8256,55925534
12326,2020-12-04,45.8892,47.317,45.8349,46.7205,44249501
12327,2020-12-07,45.8349,46.0952,44.5403,45.1161,56769282
12328,2020-12-08,44.7836,45.5822,44.7648,45.555,32203403
12329,2020-12-09,45.1862,45.689,44.6928,44.999,37887984
12330,2020-12-10,44.6302,45.5822,44.5684,45.1695,37504612
12331,2020-12-11,45.0615,45.0615,44.1405,44.6928,32712059
12332,2020-12-14,44.7743,46.1392,44.7021,45.3586,37204654
12333,2020-12-15,45.8163,45.8433,45.1253,45.5343,28343774
12334,2020-12-16,45.5728,46.2489,45.5457,45.9417,31546103
12335,2020-12-17,45.9697,46.1234,45.1347,45.5213,29374160
12336,2020-12-18,45.4474,45.5457,42.3391,42.6529,132743222
12337,2020-12-21,41.6296,41.7466,40.6578,41.6642,59836170
12338,2020-12-22,41.565,41.6455,41.1305,41.4937,35816413
12339,2020-12-23,41.4898,42.2661,41.4031,41.8532,25107195
12340,2020-12-24,41.8804,42.3205,41.6455,42.3027,13202888
12341,2020-12-28,42.4103,42.8109,42.1135,42.3027,23666180
12342,2020-12-29,42.4376,45.5363,41.7813,44.3865,94057992
12343,2020-12-30,44.1358,44.208,43.6414,43.8117,41598707
12344,2020-12-31,43.8117,45.1067,43.7845,44.7743,31797366
12345,2021-01-04,44.837,46.1852,44.398,44.6395,51298161
12346,2021-01-05,44.4372,45.6814,44.3344,45.4839,27668999
12347,2021-01-06,45.3257,46.8677,45.1161,45.924,40958055
12348,2021-01-07,46.274,47.3535,46.1046,46.9032,35709111
12349,2021-01-08,47.1362,47.2092,46.0766,46.4182,38527624
12350,2021-01-11,46.0952,46.9501,46.0596,46.3201,36644827
12351,2021-01-12,46.643,48.3946,46.3378,47.8479,44378763
12352,2021-01-13,53.4745,54.1475,51.1368,51.1817,138053313
12353,2021-01-14,52.5289,54.0483,51.9821,53.2471,83097356
12354,2021-01-15,52.8894,53.6083,51.676,51.7492,55930220
12355,2021-01-19,52.07,52.4315,51.3174,52.117,39664541
12356,2021-01-20,52.3417,53.2228,52.2058,52.7283,31935867
12357,2021-01-21,53.0588,57.474,52.3266,56.1342,96978912
12358,2021-01-22,52.8894,53.5822,50.9121,50.9214,95390925
12359,2021-01-25,50.6687,50.7781,48.5855,49.8242,68952342
12360,2021-01-26,49.6773,50.5084,49.2943,49.6183,35034308
12361,2021-01-27,49.08,49.2923,47.9021,48.1624,55326671
12362,2021-01-28,49.2408,51.5861,49.1597,50.387,54747638
12363,2021-01-29,50.3102,51.3708,49.7483,49.8877,41454964
12364,2021-02-01,50.2838,51.5777,50.0668,50.9476,29961243
12365,2021-02-02,51.396,52.3762,51.1181,52.1261,26238432
12366,2021-02-03,52.0317,52.4221,51.5684,51.838,24360529
12367,2021-02-04,52.091,53.2382,51.7093,53.1582,33016955
12368,2021-02-05,53.665,53.7363,52.8632,52.9189,25762467
12369,2021-02-08,53.095,53.8646,52.7089,53.809,37774467
12370,2021-02-09,53.4539,53.9465,52.6946,53.4634,31613031
12371,2021-02-10,53.937,54.0454,52.8632,53.5377,17948321
12372,2021-02-11,53.7506,55.4742,53.5377,55.1739,30277277
12373,2021-02-12,55.1192,56.8569,54.9645,56.2213,28820595
12374,2021-02-16,56.3927,57.1839,56.1195,56.8204,28943865
12375,2021-02-17,55.9301,56.5603,55.6741,56.2551,23159815
12376,2021-02-18,55.1606,56.3747,55.1559,56.0384,19620547
12377,2021-02-19,56.3107,57.5391,56.2551,57.312,31102941
12378,2021-02-22,56.2834,57.0294,55.1739,55.2201,35498527
12379,2021-02-23,55.0108,55.935,53.8326,55.5921,30058129
12380,2021-02-24,55.056,57.5578,54.9185,57.476,27122743
12381,2021-02-25,56.762,57.7933,54.6916,54.9372,40012525
12382,2021-02-26,55.383,56.111,54.2827,55.2831,42016587
12383,2021-03-01,56.1373,57.3751,56.0752,57.1932,31337543
12384,2021-03-02,57.1208,57.4306,55.5836,55.7022,25638674
12385,2021-03-03,55.1559,55.9556,54.3006,54.4833,31597949
12386,2021-03-04,54.4184,54.7867,52.6682,53.0553,44208382
12387,2021-03-05,53.9014,55.6429,53.2184,55.2464,43440232
12388,2021-03-08,54.9996,56.1147,54.3185,54.4373,36404680
12389,2021-03-09,55.6477,57.4524,55.3387,57.0022,40005409
12390,2021-03-10,57.5013,58.3227,56.5114,56.6206,29860816
12391,2021-03-11,57.2479,58.2943,56.7477,57.5851,33754376
12392,2021-03-12,56.9851,57.5768,56.6121,57.2122,22178716
12393,2021-03-15,57.8563,58.0975,56.8296,58.0213,23364474
12394,2021-03-16,58.3483,59.7853,58.2851,58.9218,33188027
12395,2021-03-17,58.4148,60.2951,57.9488,59.8307,35615582
12396,2021-03-18,59.6942,59.7581,57.8931,57.963,33101426
12397,2021-03-19,57.4665,59.112,57.2301,57.993,60415377
12398,2021-03-22,58.9565,60.377,58.721,59.6942,37798493
12399,2021-03-23,60.0314,60.0765,57.4568,57.7386,38655831
12400,2021-03-24,60.5588,61.3396,56.3832,56.4283,82000466
12401,2021-03-25,56.0791,56.7922,55.4611,56.4106,38921318
12402,2021-03-26,56.2117,59.0932,56.1835,59.0037,38156475
12403,2021-03-29,58.2218,59.2344,57.8563,58.6664,28762803
12404,2021-03-30,58.0023,58.2106,57.4401,58.0023,22768586
12405,2021-03-31,58.22,58.6569,57.831,58.2106,36295665
12406,2021-04-01,58.8717,59.0225,57.8263,58.7117,34539901
12407,2021-04-05,59.0753,60.7047,58.8483,60.5229,30726284
12408,2021-04-06,60.0868,60.5542,59.3852,59.632,31632084
12409,2021-04-07,59.7308,60.5493,59.4491,60.2582,19562402
12410,2021-04-08,60.9129,61.2031,60.3582,60.9864,24433931
12411,2021-04-09,60.7576,62.2146,60.6041,62.0865,29879257
12412,2021-04-12,62.032,62.2957,58.8577,59.4907,56364242
12413,2021-04-13,59.6771,59.6988,58.4028,59.321,29488843
12414,2021-04-14,59.4032,59.4671,58.0674,58.3839,28330512
12415,2021-04-15,58.1862,59.3172,57.9214,59.1403,27406182
12416,2021-04-16,59.4219,59.5943,58.7305,58.8954,27073915
12417,2021-04-19,58.8483,58.886,57.3656,57.8753,26383712
12418,2021-04-20,57.8847,57.993,56.7667,57.0294,21847966
12419,2021-04-21,57.1115,58.007,56.6648,57.9394,26786690
12420,2021-04-22,57.62,58.1296,56.647,56.9117,42061489
12421,2021-04-23,53.809,54.5738,52.6645,53.8826,85227464
12422,2021-04-26,53.7554,54.1378,53.1732,53.4444,43587819
12423,2021-04-27,53.2599,53.3268,52.5449,52.7276,41962633
12424,2021-04-28,52.3188,52.9001,51.9807,52.4084,33408703
12425,2021-04-29,52.6457,53.028,52.2718,53.0092,25606355
12426,2021-04-30,52.3989,53.1459,51.9091,52.3274,33787442
12427,2021-05-03,52.6229,52.6429,51.6991,52.0815,24497122
12428,2021-05-04,51.7358,51.8272,50.762,51.7546,38835774
12429,2021-05-05,51.8093,52.1173,51.3534,51.7086,23090107
12430,2021-05-06,51.8121,52.3914,51.4721,52.3378,27896252
12431,2021-05-07,52.8049,53.0874,52.3821,52.7767,21809587
12432,2021-05-10,52.2981,52.3736,51.1386,51.2206,38295883
12433,2021-05-11,50.3785,50.9098,49.6918,50.3691,39302911
12434,2021-05-12,49.7746,50.012,48.8886,49.0702,33035302
12435,2021-05-13,49.4545,49.7746,48.9233,49.4263,31899113
12436,2021-05-14,49.9716,51.1076,49.6513,50.6535,30769072
12437,2021-05-17,50.5989,51.1481,50.113,50.6347,21865479
12438,2021-05-18,51.2028,51.3769,50.1498,50.1874,20437510
12439,2021-05-19,49.4825,50.7271,49.2728,50.6629,25973509
12440,2021-05-20,50.8541,51.4673,50.6629,51.2028,25291123
12441,2021-05-21,51.6331,51.8979,51.23,51.3214,19366322
12442,2021-05-24,51.8404,52.5203,51.6142,52.1266,20941215
12443,2021-05-25,52.6759,52.6759,51.6331,52.0448,24378381
12444,2021-05-26,52.2095,52.3736,51.7837,52.091,16580452
12445,2021-05-27,52.2632,52.9679,52.1635,52.8313,35390528
12446,2021-05-28,52.6674,52.7585,52.108,52.2727,22192648
12447,2021-06-01,52.7222,52.9142,51.7886,52.0637,22210970
12448,2021-06-02,52.0815,52.7955,51.9403,52.6033,20197335
12449,2021-06-03,52.1446,52.2539,51.3261,51.4673,23855441
12450,2021-06-04,51.7519,52.8492,51.7425,52.5017,23486601
12451,2021-06-07,52.5382,52.5664,51.9573,52.2454,18974378
12452,2021-06-08,52.575,52.7495,51.798,52.1635,36337744
12453,2021-06-09,52.4932,52.5985,52.1353,52.1635,15194005
12454,2021-06-10,52.301,53.1053,52.0955,52.511,29217162
12455,2021-06-11,52.5938,53.0243,52.1173,52.9416,19799748
12456,2021-06-14,53.0959,53.2617,52.3736,53.2523,23804321
12457,2021-06-15,53.2712,53.4578,52.8961,53.0696,22735661
12458,2021-06-16,53.2154,53.4181,51.9497,52.3661,23908302
12459,2021-06-17,52.2095,52.9867,51.8893,52.3283,23492060
12460,2021-06-18,51.8707,51.9354,50.4248,50.9464,60228720
12461,2021-06-21,51.0201,51.2856,50.6724,51.1294,21039876
12462,2021-06-22,51.1933,51.5052,50.7959,51.1294,20415026
12463,2021-06-23,51.1294,51.2244,50.5434,50.5717,22168914
12464,2021-06-24,50.7817,51.3401,50.6441,51.3119,23176240
12465,2021-06-25,51.2668,51.6191,51.0153,51.166,23057687
12466,2021-06-28,51.5775,52.8267,51.5596,52.6033,24565242
12467,2021-06-29,52.6674,52.9236,51.1386,51.9354,28804016
12468,2021-06-30,51.5596,51.5907,50.6903,51.3769,32663046
12469,2021-07-01,51.3674,51.8328,51.1294,51.2573,27177616
12470,2021-07-02,51.7519,52.154,51.5408,51.9449,18820499
12471,2021-07-06,52.091,52.1728,50.9728,51.3308,28614542
12472,2021-07-07,51.587,51.6604,50.9775,51.2122,16234923
12473,2021-07-08,50.6168,50.9917,50.1402,50.6903,20938607
12474,2021-07-09,50.8005,51.344,50.6168,51.2395,20442557
12475,2021-07-12,51.4862,51.9403,51.3487,51.9167,16819932
12476,2021-07-13,51.8158,52.4386,51.5596,52.0448,17173124
12477,2021-07-14,52.3197,52.5799,51.5541,51.7236,17771527
12478,2021-07-15,51.6142,51.6142,50.8541,51.0746,20670982
12479,2021-07-16,51.295,52.0984,50.241,50.3061,27606179
12480,2021-07-19,49.7936,50.1543,49.3913,50.0027,29511741
12481,2021-07-20,50.2542,50.8457,49.6636,50.5528,21708975
12482,2021-07-21,50.4972,51.5052,50.3436,51.459,20212174
12483,2021-07-22,51.3024,51.7425,50.956,51.2122,40092868
12484,2021-07-23,49.95,50.0686,47.8806,48.503,74023127
12485,2021-07-26,48.3291,49.9123,48.2827,49.7012,35929826
12486,2021-07-27,48.6134,48.686,47.8711,48.668,43575403
12487,2021-07-28,48.5305,49.3454,48.4477,48.5665,31119324
12488,2021-07-29,48.942,49.51,48.796,49.1436,18452307
12489,2021-07-30,49.0983,49.3264,48.732,49.1607,17992340
12490,2021-08-02,49.4084,49.8483,48.9929,49.1257,19776085
12491,2021-08-03,49.3169,49.5637,48.7414,49.4734,17894258
12492,2021-08-04,49.6468,49.8219,49.1436,49.3264,19245708
12493,2021-08-05,49.7295,49.7558,49.3518,49.6362,16621808
12494,2021-08-06,49.6099,49.8587,49.4904,49.6645,20905926
12495,2021-08-09,49.8124,50.1149,49.5816,49.7842,15927108
12496,2021-08-10,49.9594,50.0931,49.2868,49.6833,17605116
12497,2021-08-11,49.9784,50.0706,49.5911,49.868,20183702
12498,2021-08-12,49.8944,49.9038,49.0513,49.3141,16365243
12499,2021-08-13,49.2775,49.3284,48.8686,49.2689,16590385
12500,2021-08-16,49.0288,49.2689,48.8168,49.251,19208878
12501,2021-08-17,48.9742,48.9816,48.098,48.5314,23901194
12502,2021-08-18,48.4487,48.8449,47.9972,48.0718,16352263
12503,2021-08-19,47.9463,48.5134,47.5095,48.3016,24970039
12504,2021-08-20,48.0435,48.2459,47.3625,47.906,27932801
12505,2021-08-23,48.439,49.3095,48.3383,49.0288,26030598
12506,2021-08-24,49.3284,49.7108,49.1032,49.5627,22092331
12507,2021-08-25,49.8124,49.951,49.4912,49.5627,16337770
12508,2021-08-26,49.5035,49.5035,48.7924,48.9365,21246788
12509,2021-08-27,49.1492,49.6833,48.7444,49.6362,17940893
12510,2021-08-30,49.9784,50.5395,49.5167,49.6833,15830689
12511,2021-08-31,50.143,50.1995,49.4244,49.7936,24265111
12512,2021-09-01,49.8397,49.8803,49.3048,49.4338,20210009
12513,2021-09-02,49.5542,49.6362,49.14,49.4904,17240706
12514,2021-09-03,49.2229,49.8124,49.1117,49.2868,14627129
12515,2021-09-07,49.3424,49.6918,49.2229,49.4158,15107240
12516,2021-09-08,49.4904,49.6645,48.8075,49.3424,19797504
12517,2021-09-09,49.4244,49.6362,49.1314,49.1852,14652149
12518,2021-09-10,49.6006,50.6405,49.5627,49.5911,22066165
12519,2021-09-13,50.3003,51.1057,50.1149,50.6499,24579027
12520,2021-09-14,51.0002,51.0643,49.9876,50.2184,23963962
12521,2021-09-15,50.356,50.7977,50.1241,50.7694,20406683
12522,2021-09-16,50.5303,50.613,49.9594,50.5019,21565006
12523,2021-09-17,50.2816,50.2816,49.4291,49.9784,38388899
12524,2021-09-20,49.0137,49.2775,48.1914,48.7979,38055238
12525,2021-09-21,49.0024,49.2322,48.6605,48.6972,19508546
12526,2021-09-22,49.1852,49.6193,48.8168,49.2775,20187307
12527,2021-09-23,49.5081,50.014,49.3706,49.7654,17885896
12528,2021-09-24,49.5307,50.1269,49.4904,49.9415,14088032
12529,2021-09-27,49.6833,50.5395,49.5723,50.3464,15090888
12530,2021-09-28,49.9038,50.2816,49.7012,49.739,26806932
12531,2021-09-29,49.739,49.7842,48.9835,49.2689,22272025
12532,2021-09-30,49.5167,49.72,49.0561,49.0749,22293481
12533,2021-10-01,49.4112,49.835,48.864,49.6099,21599762
12534,2021-10-04,49.674,50.0424,48.8903,49.251,29697023
12535,2021-10-05,49.3235,50.0517,49.2558,49.6918,19682728
12536,2021-10-06,49.2596,49.8028,48.8826,49.72,21778332
12537,2021-10-07,50.0318,50.645,49.8493,49.9038,22478450
12538,2021-10-08,50.2439,50.2721,49.462,49.5627,17444778
12539,2021-10-11,49.5627,50.1149,49.2039,49.2229,15632479
12540,2021-10-12,49.3424,49.4808,47.906,48.053,35593349
12541,2021-10-13,48.2459,48.4287,47.7723,48.1357,20121990
12542,2021-10-14,48.7208,49.739,48.5683,49.6458,28864659
12543,2021-10-15,49.9226,50.19,49.5627,50.1619,27393007
12544,2021-10-18,49.9085,50.2532,49.4808,50.1713,24327507
12545,2021-10-19,50.3155,50.8618,50.0799,50.8521,19968826
12546,2021-10-20,50.8901,51.1057,50.7325,51.0002,18294038
12547,2021-10-21,50.5904,51.6453,50.5019,51.5804,41680279
12548,2021-10-22,46.413,46.5601,45.2619,45.5569,119394550
12549,2021-10-25,45.8931,46.1181,45.4186,45.5106,46878436
12550,2021-10-26,45.5014,45.539,44.1476,44.4707,74266532
12551,2021-10-27,44.6912,44.9624,44.0921,44.1102,44601424
12552,2021-10-28,44.3541,44.5434,44.1014,44.2852,34000511
12553,2021-10-29,44.3042,45.3911,44.1384,45.1329,45925415
12554,2021-11-01,45.5014,45.6859,45.1329,45.6397,30414028
12555,2021-11-02,45.6953,45.9564,45.344,45.9261,29523248
12556,2021-11-03,45.9901,46.4686,45.7876,46.413,26015248
12557,2021-11-04,46.5958,46.6975,46.123,46.6608,26745939
12558,2021-11-05,46.884,47.8391,46.8745,47.2269,39695406
12559,2021-11-08,47.727,48.2186,47.3568,47.8108,34122899
12560,2021-11-09,47.8015,48.0153,47.0827,47.486,24268718
12561,2021-11-10,47.2779,47.6603,47.032,47.0782,26999074
12562,2021-11-11,47.3098,47.3653,46.7539,46.8651,27407987
12563,2021-11-12,46.9245,47.2079,46.5403,46.6608,25752777
12564,2021-11-15,46.7446,46.9574,46.4847,46.6702,26627141
12565,2021-11-16,46.7163,47.4398,46.688,46.9386,33346506
12566,2021-11-17,46.9291,47.2459,46.3544,46.5864,25388431
12567,2021-11-18,46.5958,46.5958,45.4186,46.0759,33066061
12568,2021-11-19,46.0025,46.123,45.6689,45.929,29766687
12569,2021-11-22,45.9554,47.1617,45.8254,46.2152,36000909
12570,2021-11-23,46.5223,46.7907,45.1113,45.539,48210196
12571,2021-11-24,45.312,46.1701,45.1017,46.1512,28071938
12572,2021-11-26,45.3525,45.6077,44.6253,45.2413,27245166
12573,2021-11-29,45.7235,46.4942,45.1867,46.3735,33940738
12574,2021-11-30,45.9101,46.7446,45.1491,45.6312,53328982
12575,2021-12-01,46.2248,46.6568,45.0001,45.0757,37881051
12576,2021-12-02,45.085,46.1822,44.8249,45.9101,40153234
12577,2021-12-03,46.071,46.4291,45.2225,45.6782,34745117
12578,2021-12-06,45.8912,47.4953,45.6125,47.2918,43490503
12579,2021-12-07,50.6961,51.0105,48.4232,48.7575,98905432
12580,2021-12-08,48.7575,49.0438,47.6564,47.9962,40048282
12581,2021-12-09,47.5792,47.8428,46.7719,46.8179,34172925
12582,2021-12-10,47.1525,47.3653,46.4195,46.9207,25643658
12583,2021-12-13,47.1617,47.3192,46.3262,46.3735,38520957
12584,2021-12-14,46.2057,46.624,45.7423,46.0947,36788805
12585,2021-12-15,46.2529,47.0968,45.7471,46.9951,35139087
12586,2021-12-16,47.0593,47.6714,46.9066,47.1431,35723400
12587,2021-12-17,46.9207,47.3192,46.3827,46.9481,54115616
12588,2021-12-20,46.2906,46.4942,45.409,46.0025,32497430
12589,2021-12-21,46.3171,47.1525,46.3171,47.0874,34455470
12590,2021-12-22,46.9669,47.3192,46.5676,47.2731,25130772
12591,2021-12-23,47.3748,47.9775,47.3474,47.5886,27168907
12592,2021-12-27,47.6252,48.2836,47.5811,48.1726,22632318
12593,2021-12-28,48.1632,48.3392,47.8852,48.0058,20799069
12594,2021-12-29,48.052,48.3581,47.9125,48.0708,15283336
12595,2021-12-30,48.1536,48.3581,47.9041,47.9871,19795174
12596,2021-12-31,48.1264,48.376,47.727,47.7647,17595207
12597,2022-01-03,47.9041,49.3697,47.8569,49.3509,36543568
12598,2022-01-04,49.6842,50.0224,48.8311,49.2849,49253949
12599,2022-01-05,50.2571,52.0955,49.9254,49.9631,63732036
12600,2022-01-06,50.6489,50.7043,49.5401,50.0931,38554367
12601,2022-01-07,50.259,50.4453,49.2943,49.5637,33119492
12602,2022-01-10,50.0554,51.298,49.4432,51.2055,53113330
12603,2022-01-11,51.4739,52.0129,50.76,51.8544,42907416
12604,2022-01-12,52.0646,52.1983,50.8344,51.6973,31415462
12605,2022-01-13,51.9335,52.1324,50.7977,50.955,31920670
12606,2022-01-14,50.8711,51.7246,50.5755,51.6595,32509567
12607,2022-01-18,51.298,51.6132,50.7139,50.7882,38095813
12608,2022-01-19,50.6678,50.8711,49.6749,49.7313,32987839
12609,2022-01-20,49.9537,50.1619,48.1726,48.2658,30817941
12610,2022-01-21,48.3026,49.2755,48.1821,48.2658,49998978
12611,2022-01-24,47.7459,48.3478,46.2623,48.1726,69300226
12612,2022-01-25,47.3098,47.8759,46.6053,47.3004,47543887
12613,2022-01-26,47.421,48.8959,47.0686,47.9408,59188550
12614,2022-01-27,46.3544,46.4291,44.3145,44.5649,96653386
12615,2022-01-28,44.2494,44.7044,42.942,44.2675,66789920
12616,2022-01-31,44.222,45.3261,43.8738,45.279,55881749
12617,2022-02-01,45.2366,45.473,44.8524,45.3994,38153469
12618,2022-02-02,44.7449,45.9835,44.6018,45.9194,40931572
12619,2022-02-03,45.6782,46.0804,44.7496,44.7779,45441898
12620,2022-02-04,44.727,45.0821,44.0442,44.8664,34703477
12621,2022-02-07,44.9795,45.474,44.8203,45.0257,29489073
12622,2022-02-08,44.8391,45.7358,44.7637,45.6143,30016305
12623,2022-02-09,46.1005,46.6985,45.6285,46.6429,37684442
12624,2022-02-10,45.96,46.6636,45.5681,45.6615,35057867
12625,2022-02-11,45.7453,45.895,44.3898,44.5114,39814843
12626,2022-02-14,44.7827,45.0229,44.0262,44.4651,30450471
12627,2022-02-15,44.5772,45.2875,44.1005,45.2687,38369516
12628,2022-02-16,44.9134,45.3157,44.484,45.0727,27845974
12629,2022-02-17,44.727,45.1009,44.2777,44.4557,34274524
12630,2022-02-18,43.1664,43.1852,41.596,42.0915,81880707
12631,2022-02-22,41.7646,42.4326,40.979,41.7646,61092979
12632,2022-02-23,42.213,42.7179,41.6347,41.727,40851201
12633,2022-02-24,41.0262,43.7267,40.7691,43.6617,77835844
12634,2022-02-25,43.8576,44.661,43.2218,44.5867,42017127
12635,2022-02-28,43.9226,44.6893,43.7832,44.5772,44884642
12636,2022-03-01,44.4276,44.7637,43.1945,43.7551,57625640
12637,2022-03-02,44.4087,45.7828,44.3719,45.6707,50224639
12638,2022-03-03,45.0257,45.3712,44.5057,44.7919,38939169
12639,2022-03-04,44.2684,45.1046,44.2684,44.9229,41009842
12640,2022-03-07,44.8625,45.3618,44.484,44.5583,46883112
12641,2022-03-08,44.5679,45.5306,43.8198,44.3898,47953380
12642,2022-03-09,45.2403,45.2875,43.8152,44.5114,38603788
12643,2022-03-10,44.1939,44.2128,43.1333,43.6053,39009869
12644,2022-03-11,44.063,44.1798,42.7689,42.8298,28979316
12645,2022-03-14,42.8951,42.9695,41.4002,41.4933,38515444
12646,2022-03-15,41.5865,41.9607,41.1845,41.8769,36862200
12647,2022-03-16,42.3344,43.5769,42.3062,43.5769,41609615
12648,2022-03-17,43.2879,44.191,42.7357,44.0535,30555403
12649,2022-03-18,43.7551,44.484,43.315,44.3436,49476250
12650,2022-03-21,44.3531,44.7544,43.9837,44.2871,35216513
12651,2022-03-22,44.3898,45.2969,44.2966,45.2215,29879487
12652,2022-03-23,45.2875,46.334,44.9134,45.1094,39727260
12653,2022-03-24,45.474,48.2685,45.409,48.2403,55298195
12654,2022-03-25,47.371,48.5756,47.1467,48.4371,35578780
12655,2022-03-28,47.9972,48.1942,47.2496,48.1376,24538889
12656,2022-03-29,48.5955,48.8669,47.9181,48.8291,29216463
12657,2022-03-30,48.8291,49.0722,47.8664,48.0632,26348240
12658,2022-03-31,47.8477,47.9041,46.269,46.3152,46759523
12659,2022-04-01,46.5676,46.6334,44.2267,44.9605,49863017
12660,2022-04-04,45.0161,46.007,44.7779,45.9788,25479422
12661,2022-04-05,45.633,45.7735,44.876,44.9795,27585126
12662,2022-04-06,44.3343,45.0161,44.1476,44.4276,33726789
12663,2022-04-07,44.32,44.7731,43.7077,44.4464,25806482
12664,2022-04-08,44.1845,44.4651,43.7786,43.9415,23720179
12665,2022-04-11,43.8294,44.1984,43.4837,43.5213,32478816
12666,2022-04-12,44.222,44.7731,43.3716,43.4553,31953313
12667,2022-04-13,43.689,44.1741,43.5025,43.9319,23724474
12668,2022-04-14,43.6842,43.689,42.6332,42.6803,38716556
12669,2022-04-18,42.5493,43.8198,42.5397,43.5864,27385975
12670,2022-04-19,43.5495,44.8578,43.3066,44.7919,33688645
12671,2022-04-20,45.1943,45.5588,44.8344,44.9605,24383491
12672,2022-04-21,45.4373,45.6981,44.2966,44.3898,29230566
12673,2022-04-22,44.3436,44.5301,43.4553,43.4931,30196798
12674,2022-04-25,43.1852,44.0535,43.1568,43.979,38521173
12675,2022-04-26,43.6335,43.7738,42.5304,42.5397,37833471
12676,2022-04-27,42.5022,43.0448,42.0632,42.2591,30304920
12677,2022-04-28,42.7876,44.1751,42.5596,43.7738,43976090
12678,2022-04-29,42.0444,42.3901,40.6521,40.7361,75723380
12679,2022-05-02,40.8577,42.0444,40.6618,42.0163,48630217
12680,2022-05-03,41.8579,42.5116,41.3343,42.1105,42971675
12681,2022-05-04,42.1105,43.5864,41.5029,43.4931,47751855
12682,2022-05-05,42.9514,43.2434,41.5669,42.0095,56264595
12683,2022-05-06,41.906,42.5275,41.2938,41.727,43439604
12684,2022-05-09,41.2654,41.6327,40.3799,40.5684,47696014
12685,2022-05-10,41.774,42.1368,40.9734,41.4539,45407339
12686,2022-05-11,41.4632,41.7176,40.2952,40.3424,42839858
12687,2022-05-12,40.2482,40.413,39.5701,40.3517,44939802
12688,2022-05-13,40.8981,41.2938,40.4742,41.0677,34009453
12689,2022-05-16,40.8981,41.0769,40.3,40.5778,26617906
12690,2022-05-17,41.2749,41.8402,41.1146,41.8211,30359974
12691,2022-05-18,41.4256,41.4256,39.7676,39.8903,37390054
12692,2022-05-19,39.862,40.22,39.2969,39.5701,30980386
12693,2022-05-20,39.7914,39.8338,37.9686,39.2308,47564916
12694,2022-05-23,39.2686,39.796,38.9249,39.5605,28876680
12695,2022-05-24,39.2761,39.4569,38.7128,39.2498,31677349
12696,2022-05-25,39.0331,40.0458,38.9859,39.7489,27903766
12697,2022-05-26,39.7206,41.1429,39.6359,40.9546,30604213
12698,2022-05-27,41.0581,41.9625,41.0206,41.9625,32437321
12699,2022-05-31,41.6798,42.1508,41.11,41.8402,43646522
12700,2022-06-01,42.1697,42.3204,40.997,41.548,31728366
12701,2022-06-02,41.6234,42.2733,41.3879,42.2356,30499060
12702,2022-06-03,41.5434,41.676,40.8227,40.8698,35220295
12703,2022-06-06,41.2654,41.4821,40.5778,40.8227,27005578
12704,2022-06-07,40.5589,41.0581,40.1823,41.0017,26720658
12705,2022-06-08,39.796,39.8056,38.6467,38.8353,63328046
12706,2022-06-09,38.6282,38.9483,37.6862,37.6862,41454936
12707,2022-06-10,37.5355,37.7521,36.9044,36.9044,45741136
12708,2022-06-13,36.3111,36.5559,35.482,35.5763,53439771
12709,2022-06-14,35.8023,35.9813,35.3598,35.7271,33284912
12710,2022-06-15,36.3203,36.8949,35.7176,36.4052,39973995
12711,2022-06-16,35.5056,35.5951,34.7851,35.1712,48386918
12712,2022-06-17,35.3032,35.906,34.4742,34.8229,75795491
12713,2022-06-21,35.1902,35.8165,35.1572,35.5385,36101712
12714,2022-06-22,35.1618,35.5763,35.0583,35.2089,34601205
12715,2022-06-23,35.4256,35.435,34.7663,35.2373,32022901
12716,2022-06-24,35.647,36.3956,35.548,36.3674,40512956
12717,2022-06-27,36.6123,36.7913,36.2358,36.3864,31409636
12718,2022-06-28,36.3393,36.7537,35.548,35.5856,40176216
12719,2022-06-29,35.3598,35.4115,34.8699,35.1241,27005723
12720,2022-06-30,35.0487,35.7929,34.592,35.2373,37307936
12721,2022-07-01,34.9358,35.0393,33.7961,34.2294,43099566
12722,2022-07-05,33.8432,34.6061,33.4759,34.559,35274664
12723,2022-07-06,34.6813,35.2514,34.3424,34.8416,27877483
12724,2022-07-07,35.6893,36.1037,35.5385,35.9248,35210478
12725,2022-07-08,35.4727,35.9248,35.2183,35.7835,23957850
12726,2022-07-11,35.4727,35.4869,34.8793,35.0393,27546833
12727,2022-07-12,35.4632,35.5103,34.8416,35.0487,32429847
12728,2022-07-13,34.5496,35.256,34.4931,35.0487,28727696
12729,2022-07-14,34.8416,35.9388,34.1824,35.5198,38953120
12730,2022-07-15,36.0472,36.4239,35.5385,36.3769,34920520
12731,2022-07-18,36.8291,37.0551,36.2875,36.4616,32714466
12732,2022-07-19,37.0362,38.3645,36.9608,37.8839,56369320
12733,2022-07-20,37.8745,38.3078,37.2622,38.2042,38631647
12734,2022-07-21,38.1571,38.2842,37.5073,38.2513,31490187
12735,2022-07-22,38.0253,38.1571,36.6783,36.9231,43899715
12736,2022-07-25,37.0032,37.1211,36.3111,36.8856,34252852
12737,2022-07-26,36.8291,37.2671,36.6218,36.6972,38140747
12738,2022-07-27,36.989,38.0771,36.9515,37.8463,45196658
12739,2022-07-28,37.7616,37.7898,36.7725,37.4035,60156253
12740,2022-07-29,33.537,34.4931,33.1932,34.201,133018250
12741,2022-08-01,33.9562,35.501,33.9562,34.8134,55751567
12742,2022-08-02,34.4648,34.5308,33.9092,33.9185,57254801
12743,2022-08-03,33.9939,34.4648,33.2119,34.399,63183643
12744,2022-08-04,34.2629,34.3465,33.6425,33.9278,56805421
12745,2022-08-05,33.6282,33.9564,33.4713,33.671,42257634
12746,2022-08-08,33.6425,34.2135,33.4903,33.6615,43725404
12747,2022-08-09,33.5093,33.5854,32.7291,32.8435,50663097
12748,2022-08-10,33.2904,33.6805,32.9098,33.652,44399904
12749,2022-08-11,33.909,34.5273,33.7613,33.8613,37385625
12750,2022-08-12,34.0611,34.3846,33.9375,34.356,39598619
12751,2022-08-15,34.3465,34.6604,33.9754,34.5749,26697297
12752,2022-08-16,34.4037,34.7985,33.9661,34.4322,26276549
12753,2022-08-17,34.0707,34.3228,33.5569,34.0423,30665555
12754,2022-08-18,33.947,34.5654,33.8423,34.4416,25854010
12755,2022-08-19,34.0611,34.2752,33.4806,33.6615,33029862
12756,2022-08-22,33.3001,33.3571,32.0917,32.1963,53610086
12757,2022-08-23,32.3295,32.7196,32.2628,32.3009,32253732
12758,2022-08-24,32.3201,32.339,31.9679,32.2154,26387343
12759,2022-08-25,32.2248,33.2334,32.1773,33.1954,31320450
12760,2022-08-26,33.2526,33.3239,31.7301,31.7397,47141229
12761,2022-08-29,31.6113,31.7874,31.2164,31.34,34660288
12762,2022-08-30,31.4352,31.4637,30.5885,30.6929,42233842
12763,2022-08-31,30.8119,30.8119,30.2268,30.3696,46324574
12764,2022-09-01,30.0384,30.2791,29.6179,30.2174,38301046
12765,2022-09-02,30.6454,30.8026,29.5513,29.7036,36674651
12766,2022-09-06,29.8653,29.8653,28.8565,28.8852,49388511
12767,2022-09-07,28.9425,29.2898,28.5903,29.1612,39235287
12768,2022-09-08,28.8949,29.3485,28.4572,29.2564,39266743
12769,2022-09-09,29.6751,29.9699,29.5657,29.9319,35821122
12770,2022-09-12,30.1937,30.3124,29.5896,30.027,40261061
12771,2022-09-13,29.3325,29.4275,27.8293,27.8674,75063867
12772,2022-09-14,28.1147,28.3193,27.6009,27.7626,42848410
12773,2022-09-15,27.7342,27.9815,27.3155,27.439,41957050
12774,2022-09-16,27.3059,27.8958,27.0396,27.8197,76461914
12775,2022-09-19,27.6104,28.0672,27.4963,28.01,34844348
12776,2022-09-20,27.6534,27.7484,27.3155,27.5534,32718223
12777,2022-09-21,27.7342,28.1527,27.0777,27.0871,42018230
12778,2022-09-22,27.0207,27.1157,26.678,26.7065,37935268
12779,2022-09-23,26.5448,26.5448,25.8694,26.1834,45711360
12780,2022-09-26,26.2212,26.3541,25.5553,25.66,47072844
12781,2022-09-27,26.069,26.2547,25.3271,25.5838,46373913
12782,2022-09-28,25.5553,25.955,25.308,25.8124,42497553
12783,2022-09-29,25.4792,25.4792,24.9133,25.0988,43966860
12784,2022-09-30,25.0225,25.2794,24.4898,24.5184,46058107
12785,2022-10-03,25.0511,25.9264,24.7991,25.66,46347373
12786,2022-10-04,26.093,26.445,25.7741,26.3546,44593483
12787,2022-10-05,26.0358,26.4877,25.5838,26.2975,31657643
12788,2022-10-06,26.1072,26.4117,25.6885,25.8598,35720136
12789,2022-10-07,24.899,24.9988,24.405,24.4708,60136473
12790,2022-10-10,24.68,24.7277,23.8714,23.976,45625466
12791,2022-10-11,23.7952,24.2424,23.4907,23.8238,50592309
12792,2022-10-12,23.8333,24.2805,23.4623,24.0996,41657449
12793,2022-10-13,23.524,25.5315,23.3955,25.1368,65635083
12794,2022-10-14,25.1747,25.3365,24.5087,24.6514,50645321
12795,2022-10-17,25.0321,25.4508,24.9,25.1368,41428759
12796,2022-10-18,25.4411,25.6456,24.2995,24.6136,53736973
12797,2022-10-19,24.485,24.9749,24.4423,24.7371,35612028
12798,2022-10-20,24.8798,25.6411,24.6848,24.8132,34945046
12799,2022-10-21,24.5944,25.7361,24.5372,25.66,55767458
12800,2022-10-24,25.4508,26.1453,25.2319,25.8598,46069273
12801,2022-10-25,25.8598,26.2166,25.6885,26.0786,33849441
12802,2022-10-26,25.8694,26.4498,25.6789,25.8883,39050709
12803,2022-10-27,26.1167,26.2499,24.8609,24.994,59179608
12804,2022-10-28,26.8064,27.7994,26.5068,27.6579,96376934
12805,2022-10-31,27.6676,27.7626,26.6876,27.0491,62545726
12806,2022-11-01,27.4011,27.4486,26.5352,26.9255,46686390
12807,2022-11-02,26.8969,27.4486,26.0786,26.0882,54608556
12808,2022-11-03,26.1167,26.5258,25.8502,26.0597,41703835
12809,2022-11-04,26.5852,27.2264,26.4308,27.1926,44646808
12810,2022-11-07,27.3469,27.4481,26.8937,27.3951,35663771
12811,2022-11-08,27.7278,27.9159,26.9324,27.4626,37601158
12812,2022-11-09,27.212,27.2892,26.5369,26.5369,31676329
12813,2022-11-10,27.8482,28.7644,27.6219,28.6969,65275715
12814,2022-11-11,27.8919,29.5359,27.8387,29.3431,51672367
12815,2022-11-14,29.2563,29.8829,29.1019,29.2659,40854760
12816,2022-11-15,29.9842,30.2156,29.0875,29.613,42449616
12817,2022-11-16,29.0345,29.1502,28.3884,28.4751,36900933
12818,2022-11-17,28.0267,28.8803,27.9641,28.8224,33177926
12819,2022-11-18,29.1791,29.1791,28.5523,28.8029,28126966
12820,2022-11-21,28.6005,28.6535,27.8773,27.9061,37423621
12821,2022-11-22,28.0943,28.7933,28.0178,28.7547,26531837
12822,2022-11-23,28.6679,29.0054,28.4366,28.6102,24001245
12823,2022-11-25,28.6196,28.6196,28.2871,28.2919,11734043
12824,2022-11-28,28.0605,28.1471,27.5204,27.699,29329842
12825,2022-11-29,27.8194,28.1376,27.7133,27.8677,25263977
12826,2022-11-30,27.7423,29.0054,27.212,28.9958,74742497
12827,2022-12-01,29.1597,29.3914,28.4654,28.7644,40337243
12828,2022-12-02,28.128,28.3786,27.6843,28.3595,32714591
12829,2022-12-05,28.369,28.6872,27.858,28.128,35301428
12830,2022-12-06,28.1471,28.263,27.3311,27.5784,28727391
12831,2022-12-07,27.2698,27.5303,27.1443,27.3181,29286096
12832,2022-12-08,27.3084,27.5784,27.0623,27.424,29541373
12833,2022-12-09,27.3758,27.7519,27.183,27.2312,26591246
12834,2022-12-12,27.1252,27.6843,26.8636,27.6651,36418826
12835,2022-12-13,28.7259,29.0152,27.3566,27.7037,60715738
12836,2022-12-14,27.4915,28.0797,27.0094,27.2504,38516988
12837,2022-12-15,26.942,26.9996,26.1511,26.1802,47374992
12838,2022-12-16,26.0355,26.1656,25.5073,25.9582,84108779
12839,2022-12-19,25.9392,26.0065,25.5534,25.833,39057687
12840,2022-12-20,25.5871,25.9101,25.4762,25.4955,33043666
12841,2022-12-21,25.6402,26.0065,25.6304,25.8716,29141919
12842,2022-12-22,25.5051,25.5071,24.4444,25.0423,49237166
12843,2022-12-23,24.9941,25.2544,24.766,25.1581,24475224
12844,2022-12-27,24.9218,25.1675,24.7337,25.0134,30642681
12845,2022-12-28,24.917,25.1822,24.5892,24.6276,27146655
12846,2022-12-29,24.8495,25.3509,24.8302,25.2738,32091196
12847,2022-12-30,24.9767,25.5148,24.8783,25.4858,32179620
12848,2023-01-03,26.0789,26.1029,25.4281,25.7751,32467775
12849,2023-01-04,26.4308,26.9227,26.1897,26.6913,39060526
12850,2023-01-05,26.4549,26.7867,26.4019,26.5755,34795524
12851,2023-01-06,26.9324,27.8001,26.4019,27.7037,32966261
12852,2023-01-09,27.8097,28.7982,27.8097,28.263,38882111
12853,2023-01-10,28.1908,28.4559,27.882,28.3884,23860426
12854,2023-01-11,28.6196,28.8126,27.9641,28.7836,31500649
12855,2023-01-12,28.9091,29.2948,28.4172,29.2081,30036861
12856,2023-01-13,28.8994,29.0923,28.7452,29.0344,32523756
12857,2023-01-17,29.1019,29.1749,28.4654,28.5426,36046748
12858,2023-01-18,28.7354,28.7547,27.6072,27.7808,45836977
12859,2023-01-19,27.588,27.7278,27.2312,27.4049,38253099
12860,2023-01-20,27.4049,28.1858,27.2409,28.1761,36460962
12861,2023-01-23,28.2774,29.4008,28.1376,29.1886,40233050
12862,2023-01-24,28.8706,29.1116,28.6679,28.8512,25775901
12863,2023-01-25,28.4654,28.8174,28.128,28.639,29315227
12864,2023-01-26,28.9862,29.0344,28.2822,29.0152,58165893
12865,2023-01-27,26.1029,27.2312,25.8233,27.154,154051237
12866,2023-01-30,26.7249,27.4915,26.6815,26.9515,57188675
12867,2023-01-31,26.7877,27.2794,26.5466,27.2504,54570972
12868,2023-02-01,26.8937,28.3786,26.6913,28.0316,65676682
12869,2023-02-02,28.2051,29.2176,27.7665,29.1116,64536027
12870,2023-02-03,28.5619,30.0565,28.4751,29.2369,59737038
12871,2023-02-06,28.8416,28.9392,27.9243,28.0023,49923142
12872,2023-02-07,27.9632,28.5683,27.7485,28.3535,52028018
12873,2023-02-08,28.2559,28.4218,27.5339,27.5631,37375098
12874,2023-02-09,27.9924,28.1292,26.9041,27.0652,44984776
12875,2023-02-10,26.9676,27.319,26.6797,27.1336,31999656
12876,2023-02-13,27.2018,27.8656,27.0507,27.8656,33141966
12877,2023-02-14,27.6998,28.0316,27.319,27.9535,28614900
12878,2023-02-15,27.6802,28.1877,27.485,28.1584,23962108
12879,2023-02-16,27.8168,28.134,27.4557,27.524,29684078
12880,2023-02-17,27.3287,27.3971,26.7238,26.9481,32874297
12881,2023-02-21,26.4599,26.6163,25.4157,25.4352,65232140
12882,2023-02-22,25.2888,26.2551,24.6936,24.8595,91386071
12883,2023-02-23,25.1621,25.4548,24.713,24.9961,57860294
12884,2023-02-24,24.6155,24.7423,24.3227,24.5372,45172784
12885,2023-02-27,24.9375,24.9668,24.2836,24.3031,38581860
12886,2023-02-28,24.3422,24.5179,24.1371,24.3322,51489637
12887,2023-03-01,24.4298,25.2987,24.3715,24.7228,48998002
12888,2023-03-02,24.6066,25.6696,24.5179,25.572,49569370
12889,2023-03-03,25.572,25.8404,25.3864,25.767,37647360
12890,2023-03-06,25.8354,25.9038,25.3084,25.367,38810213
12891,2023-03-07,25.2205,25.367,24.8888,24.918,44224786
12892,2023-03-08,24.9472,25.3864,24.8398,25.3571,36957908
12893,2023-03-09,25.3571,26.3307,25.3474,25.8062,56234158
12894,2023-03-10,25.9136,26.8603,25.6842,26.5675,66788110
12895,2023-03-13,26.0988,26.6553,25.9721,26.3039,52229058
12896,2023-03-14,26.6944,27.4264,26.5968,27.3386,48861162
12897,2023-03-15,27.0652,27.8119,26.9969,27.729,50534271
12898,2023-03-16,27.7093,29.5443,27.7093,29.4565,77666086
12899,2023-03-17,29.2028,30.2569,28.7342,29.0953,82608840
12900,2023-03-20,29.0857,29.1834,27.9436,28.4611,39732543
12901,2023-03-21,28.3048,28.4658,27.3043,27.7777,57017689
12902,2023-03-22,27.7973,28.4218,27.4264,27.4557,38334514
12903,2023-03-23,27.6998,28.4611,27.5435,28.3342,44860908
12904,2023-03-24,28.3439,29.0953,28.2315,28.6562,57305360
12905,2023-03-27,28.6659,29.0174,28.3829,28.4804,35611862
12906,2023-03-28,28.378,28.6269,27.9436,28.5877,38326660
12907,2023-03-29,29.0563,31.1255,29.0418,30.7645,87657561
12908,2023-03-30,31.0864,31.7989,31.0473,31.3206,71798796
12909,2023-03-31,31.0377,32.1112,30.9693,31.8869,61232898
12910,2023-04-03,32.1505,32.7555,31.7599,32.1016,58439280
12911,2023-04-04,32.0624,33.0288,32.0529,32.3064,57082468
12912,2023-04-05,32.0088,32.1991,31.5598,32.0429,40588749
12913,2023-04-06,31.8185,32.2089,31.6818,32.0236,29253188
12914,2023-04-10,31.8185,31.9747,31.428,31.7405,31284405
12915,2023-04-11,31.8771,32.3163,31.5453,31.5745,27723713
12916,2023-04-12,31.9845,32.1016,31.1939,31.2524,37981293
12917,2023-04-13,31.0572,31.6525,30.8912,31.3598,30452363
12918,2023-04-14,31.2329,31.4622,30.9304,31.1255,25228421
12919,2023-04-17,31.184,31.8575,31.0085,31.3696,30328191
12920,2023-04-18,31.6525,31.6818,31.018,31.067,26680990
12921,2023-04-19,30.3545,30.7645,30.3349,30.4033,26378943
12922,2023-04-20,30.0227,30.5009,29.9739,30.1201,30998173
12923,2023-04-21,30.1007,30.1007,29.5004,29.5736,29359585
12924,2023-04-24,29.4077,29.6419,28.9002,28.949,39683772
12925,2023-04-25,28.7342,28.861,28.1779,28.1877,39230322
12926,2023-04-26,28.5,29.0953,28.1438,28.3535,42231193
12927,2023-04-27,28.0608,29.2271,27.8266,29.1442,61664497
12928,2023-04-28,31.2084,31.7892,30.0713,30.3154,82223549
12929,2023-05-01,30.3642,30.4912,29.5541,29.5736,37825296
12930,2023-05-02,29.5736,29.842,29.0368,29.0563,34285260
12931,2023-05-03,29.9054,30.3642,29.5199,29.9152,46673367
12932,2023-05-04,29.8271,31.0863,29.7731,30.616,47043750
12933,2023-05-05,30.7531,30.7825,30.1161,30.3709,35738462
12934,2023-05-08,30.0866,30.224,29.7831,30.1553,31512280
12935,2023-05-09,29.7731,29.9691,29.3126,29.4987,31332401
12936,2023-05-10,29.685,29.7886,28.901,29.3713,41352566
12937,2023-05-11,29.0087,29.0872,28.2443,28.2835,48105295
12938,2023-05-12,28.4453,28.5187,28.1463,28.3717,24646143
12939,2023-05-15,28.3226,29.2292,28.3032,29.2047,29302818
12940,2023-05-16,29.0283,29.3027,28.6265,28.6363,23277014
12941,2023-05-17,28.9303,28.9695,28.1071,28.2933,42516558
12942,2023-05-18,28.4206,29.1655,28.2933,29.0872,37273761
12943,2023-05-19,29.0087,29.6359,28.9108,29.3321,41512233
12944,2023-05-22,29.2537,29.8417,29.2194,29.6752,29278291
12945,2023-05-23,29.4498,29.5919,28.901,28.9204,30000124
12946,2023-05-24,28.7245,28.901,28.2443,28.4206,28617494
12947,2023-05-25,27.7249,27.7249,26.3185,26.8527,79599489
12948,2023-05-26,26.8919,28.509,26.5586,28.4206,73376364
12949,2023-05-30,29.1067,29.4398,28.4158,29.3911,55993298
12950,2023-05-31,29.1067,31.6451,29.0772,30.8119,139020791
12951,2023-06-01,31.1648,31.302,30.4004,30.5081,53740878
12952,2023-06-02,30.7708,30.9589,30.2092,30.6846,37265358
12953,2023-06-05,30.6846,30.7728,29.2342,29.2636,49227480
12954,2023-06-06,29.1753,30.8218,29.1018,30.3415,43157391
12955,2023-06-07,30.4102,30.7433,30.3121,30.6552,39894920
12956,2023-06-08,30.8022,31.2138,30.4396,31.1843,35916406
12957,2023-06-09,31.2921,31.3509,30.0671,30.7141,41047015
12958,2023-06-12,30.7728,32.6348,30.7336,32.4094,61147578
12959,2023-06-13,33.0954,33.2718,32.4094,33.2327,53049746
12960,2023-06-14,33.1934,34.8889,33.1248,34.8693,75920862
12961,2023-06-15,34.5753,35.6925,34.5116,35.1044,69055731
12962,2023-06-16,35.6338,36.06,34.884,35.6434,112487289
12963,2023-06-20,36.0355,36.3687,34.0215,34.3008,67314899
12964,2023-06-21,34.2175,34.3499,32.1742,32.2429,72420163
12965,2023-06-22,32.0369,32.5759,31.4833,32.0566,46672625
12966,2023-06-23,31.5666,32.7818,31.3902,32.3407,47271419
12967,2023-06-26,32.5074,33.311,32.4339,32.6739,39746329
12968,2023-06-27,32.5564,33.5462,32.3507,33.4188,33712350
12969,2023-06-28,32.9386,33.1347,32.3751,32.8995,34597995
12970,2023-06-29,32.6739,32.6739,31.8409,32.2526,39093897
12971,2023-06-30,32.6927,32.8897,32.4976,32.7719,34500421
12972,2023-07-03,32.87,33.2129,32.478,32.9484,16074069
12973,2023-07-05,32.6446,32.6643,31.8509,31.8606,38432436
12974,2023-07-06,31.2627,31.4,30.7531,31.3313,42561639
12975,2023-07-07,31.3608,31.7626,31.1843,31.2138,28934231
12976,2023-07-10,31.2334,32.1742,31.1354,32.086,37045670
12977,2023-07-11,32.1643,32.6937,31.8509,32.6348,28722585
12978,2023-07-12,33.017,33.3992,32.3996,33.3013,38531916
12979,2023-07-13,33.4679,33.6148,32.9484,33.1934,33413203
12980,2023-07-14,33.1053,33.1934,32.3407,32.4878,31059085
12981,2023-07-17,32.4976,33.9089,32.4094,33.6834,34806455
12982,2023-07-18,33.5953,34.0069,33.1542,33.8108,30284467
12983,2023-07-19,33.7129,34.1391,33.6443,33.7718,27026549
12984,2023-07-20,33.0308,33.5218,32.5662,32.7033,38650057
12985,2023-07-21,33.0513,33.5659,32.7524,33.3404,81362222
12986,2023-07-24,33.164,33.7718,32.8897,32.9582,25799138
12987,2023-07-25,33.0268,33.654,32.7329,33.4188,32418676
12988,2023-07-26,33.0464,33.8354,33.0268,33.6737,33308601
12989,2023-07-27,34.1244,34.3302,33.4286,33.8598,60091183
12990,2023-07-28,36.0159,36.251,34.8006,36.0943,92715059
12991,2023-07-31,36.1335,36.4472,34.9624,35.0555,56764612
12992,2023-08-01,35.1044,35.3005,34.5753,35.0849,25247733
12993,2023-08-02,34.4479,34.4773,33.5963,33.703,39847961
12994,2023-08-03,33.605,34.3302,33.4482,34.1734,25371187
12995,2023-08-04,33.9129,34.975,33.9129,34.5619,27121035
12996,2023-08-07,34.8274,34.9652,34.1784,34.6505,22862963
12997,2023-08-08,34.0997,34.5227,33.303,34.4439,35334853
12998,2023-08-09,34.4242,34.5226,33.6669,33.7161,29200502
12999,2023-08-10,34.1292,34.5128,33.9129,34.1095,31475056
13000,2023-08-11,33.8932,34.3702,33.7948,34.3161,29265138
13001,2023-08-14,34.0997,35.1226,33.9029,35.0932,37513143
13002,2023-08-15,34.8274,35.0389,34.1784,34.198,27878914
13003,2023-08-16,33.9521,34.0603,32.9095,32.9784,36355295
13004,2023-08-17,33.0079,33.0375,31.8179,32.044,40574180
13005,2023-08-18,31.6998,32.3686,31.6506,32.2113,24097457
13006,2023-08-21,32.0637,32.6243,31.4933,32.5949,44449438
13007,2023-08-22,32.6734,33.2439,32.29,32.349,23826127
13008,2023-08-23,32.3391,33.5882,32.2605,33.421,32864934
13009,2023-08-24,33.1653,33.5292,31.9556,32.054,38565356
13010,2023-08-25,31.9948,32.8456,31.8179,32.7029,27781818
13011,2023-08-28,32.9489,33.2243,32.6638,33.0669,22715445
13012,2023-08-29,32.939,33.9129,32.9194,33.7457,30444437
13013,2023-08-30,33.4998,34.0898,33.2194,33.962,26718675
13014,2023-08-31,33.7554,34.975,33.7358,34.5619,48963020
13015,2023-09-01,35.2012,36.1455,35.1423,36.0078,44541176
13016,2023-09-05,35.9782,36.7946,35.8602,36.1062,44104877
13017,2023-09-06,35.9586,36.4307,35.4373,36.3717,40306427
13018,2023-09-07,36.2241,37.7093,36.1457,37.552,68791293
13019,2023-09-08,37.493,38.1912,37.0921,37.3847,45005388
13020,2023-09-11,37.611,38.1027,37.2176,37.9552,36957234
13021,2023-09-12,38.0142,39.409,38.0142,38.2207,56251902
13022,2023-09-13,38.1617,38.5059,37.6208,38.0732,35999976
13023,2023-09-14,38.1716,38.2601,37.665,38.0339,31128551
13024,2023-09-15,37.788,37.8864,37.0012,37.257,70033281
13025,2023-09-18,37.0012,37.7586,36.893,37.3651,29812564
13026,2023-09-19,37.4143,37.4732,35.4275,35.7422,54179314
13027,2023-09-20,35.6242,35.6537,34.0603,34.1193,58625208
13028,2023-09-21,34.0013,34.6702,33.8932,34.08,45997276
13029,2023-09-22,34.2374,34.3112,33.5783,33.6177,29730671
13030,2023-09-25,33.4408,33.8047,33.2095,33.7259,22092843
13031,2023-09-26,33.5783,34.2079,33.0866,33.2735,34770258
13032,2023-09-27,33.362,34.2522,33.3227,34.0408,45111144
13033,2023-09-28,34.08,35.0698,33.8145,34.6013,32804913
13034,2023-09-29,35.0617,35.3192,34.5768,34.9652,29244786
13035,2023-10-02,35.0242,35.3832,34.4047,34.8767,26522455
13036,2023-10-03,34.6849,35.9389,34.6849,35.1028,46050152
13037,2023-10-04,35.9192,35.9192,34.7439,35.3389,40508562
13038,2023-10-05,35.3783,35.5062,35.0144,35.2997,26202257
13039,2023-10-06,35.2799,35.8602,34.6013,35.5947,33818468
13040,2023-10-09,35.1128,35.575,34.9161,35.4668,19700210
13041,2023-10-10,35.5455,36.1357,35.2161,35.8307,24446242
13042,2023-10-11,36.0176,36.4208,35.7815,36.2733,19584769
13043,2023-10-12,36.1947,36.6078,35.7914,36.234,24034595
13044,2023-10-13,36.1357,36.1848,35.2701,35.3783,28883567
13045,2023-10-16,35.5455,36.3323,35.4865,35.9586,30050104
13046,2023-10-17,35.3292,35.7521,34.4931,35.4668,25411579
13047,2023-10-18,34.9399,35.4275,34.8668,35.0537,22455338
13048,2023-10-19,35.3683,35.7618,34.9357,35.0832,29690249
13049,2023-10-20,35.0637,35.6831,34.2963,34.3456,32843599
13050,2023-10-23,34.0308,34.6111,32.8408,33.2932,54826552
13051,2023-10-24,33.0866,34.139,33.0866,34.0209,53554829
13052,2023-10-25,33.6177,33.8833,32.0145,32.29,45405376
13053,2023-10-26,32.349,32.6734,31.6162,31.9851,60131669
13054,2023-10-27,34.0898,35.7815,34.0308,34.9554,85535259
13055,2023-10-30,34.8816,35.3683,34.3456,35.1028,37269344
13056,2023-10-31,35.0733,35.9684,35.0341,35.8997,41874031
13057,2023-11-01,35.8997,36.7012,35.6831,36.6766,42408318
13058,2023-11-02,36.9617,37.1978,36.3028,37.0798,36032698
13059,2023-11-03,37.3749,37.6896,37.0455,37.5126,31012903
13060,2023-11-06,37.5175,37.6952,37.3547,37.4484,24196986
13061,2023-11-07,37.7346,38.3859,37.4781,38.2576,32481308
13062,2023-11-08,38.3366,38.376,37.2503,37.4189,33931796
13063,2023-11-09,37.5471,38.006,37.2709,37.3004,49611426
13064,2023-11-10,37.7346,38.4746,37.7346,38.3464,39391875
13065,2023-11-13,37.8431,38.0553,37.636,37.7248,24887165
13066,2023-11-14,38.2872,38.9681,37.5668,38.8891,46066164
13067,2023-11-15,39.0618,40.3003,39.0569,40.0733,48026857
13068,2023-11-16,40.4582,42.8216,40.2806,42.777,87562910
13069,2023-11-17,42.3429,43.2311,41.9975,43.2311,50416010
13070,2023-11-20,43.2013,44.3363,43.2013,44.1486,45193667
13071,2023-11-21,43.9118,44.071,42.7278,43.0633,37750966
13072,2023-11-22,43.4481,44.0402,42.9646,43.0929,31912292
13073,2023-11-24,43.1027,43.4185,43.0336,43.379,13211708
13074,2023-11-27,43.0731,43.9563,43.0731,43.4975,33786452
13075,2023-11-28,43.1126,43.7962,43.083,43.6454,24877652
13076,2023-11-29,44.0106,44.7408,44.0106,44.3461,39504105
13077,2023-11-30,44.0599,44.494,43.8231,44.1093,46882562
13078,2023-12-01,43.7738,43.7738,42.2935,43.162,44516695
13079,2023-12-04,42.7278,42.7376,41.1342,41.7903,51092820
13080,2023-12-05,41.3562,41.7311,41.0601,41.366,32286004
13081,2023-12-06,41.9186,42.0271,40.6259,40.7246,32420728
13082,2023-12-07,41.1983,41.8742,40.6358,41.593,29508678
13083,2023-12-08,41.287,42.3873,41.2575,42.1357,43388372
13084,2023-12-11,42.5896,44.1389,42.5106,43.9513,48934870
13085,2023-12-12,43.7738,43.8527,43.0534,43.458,31873396
13086,2023-12-13,43.4975,44.129,42.7574,43.9809,35687692
13087,2023-12-14,44.4152,46.4479,44.0599,44.583,71566576
13088,2023-12-15,45.3328,46.6452,45.0664,45.55,85716215
13089,2023-12-18,45.5401,45.619,44.8,45.0862,28269253
13090,2023-12-19,44.9974,46.0631,44.9085,46.0433,35832324
13091,2023-12-20,46.0236,46.3295,45.096,45.1553,38670195
13092,2023-12-21,45.8657,46.4972,45.4118,46.4578,28699753
13093,2023-12-22,46.6255,47.5194,46.5762,47.3656,30498793
13094,2023-12-26,48.2735,49.8474,48.0662,49.8326,61094826
13095,2023-12-27,49.9609,50.6023,49.5267,50.0892,52846450
13096,2023-12-28,50.1385,50.1977,49.4971,49.7241,28076284
13097,2023-12-29,49.6352,49.9015,49.1123,49.5858,29680965
13098,2024-01-02,48.5498,48.7274,46.8256,47.1683,46520535
13099,2024-01-03,46.4775,47.1782,46.1814,46.4282,36338679
13100,2024-01-04,45.1108,46.5368,44.6421,46.2506,48437959
13101,2024-01-05,46.4084,47.1979,46.0187,46.2704,34803994
13102,2024-01-08,46.4479,48.1156,46.3492,47.8097,42699435
13103,2024-01-09,47.3756,47.9182,47.1633,47.415,30500088
13104,2024-01-10,47.6024,47.6617,46.3197,46.8427,31901794
13105,2024-01-11,46.8131,47.2077,46.1124,47.0104,32132539
13106,2024-01-12,46.9709,47.04,45.994,46.4972,27957381
13107,2024-01-16,46.3591,46.5959,45.767,46.4381,44306209
13108,2024-01-17,45.8017,45.8017,45.0467,45.4513,33936514
13109,2024-01-18,46.4084,46.9413,45.5599,46.1223,47306543
13110,2024-01-19,46.3788,48.1156,45.8263,47.5137,56729523
13111,2024-01-22,48.2044,48.5202,47.0104,47.5828,46250763
13112,2024-01-23,47.4841,48.2932,46.6946,48.2439,37722676
13113,2024-01-24,48.5202,49.1123,47.6271,48.4412,50037115
13114,2024-01-25,49.3392,49.6352,48.3229,48.8951,85981401
13115,2024-01-26,43.5961,44.8098,42.777,43.0731,129375085
13116,2024-01-29,43.1324,43.4086,42.2442,43.2607,52484488
13117,2024-01-30,43.0929,43.2409,42.3231,42.3528,48601065
13118,2024-01-31,42.0074,43.2063,41.8001,42.5106,52275105
13119,2024-02-01,42.5798,42.9943,41.9235,42.787,39339762
13120,2024-02-02,42.4317,42.5699,41.0502,42.037,54402473
13121,2024-02-05,42.0567,42.5798,41.8643,42.2048,29277186
13122,2024-02-06,42.2592,42.3383,41.7049,42.2988,34423584
13123,2024-02-07,42.4472,42.6501,42.1108,42.3383,34626710
13124,2024-02-08,42.279,42.5264,41.893,42.0613,33552849
13125,2024-02-09,42.1108,43.0707,41.9573,42.8629,51726955
13126,2024-02-12,42.9421,44.575,42.8728,43.5755,51640453
13127,2024-02-13,42.5561,43.1796,42.3185,42.7144,37004242
13128,2024-02-14,43.3676,43.8327,42.9421,43.7338,36563694
13129,2024-02-15,44.293,44.8027,43.5655,43.5953,44483729
13130,2024-02-16,43.5755,43.7634,42.6749,43.0608,30287975
13131,2024-02-20,43.8031,44.7037,42.9718,44.0604,62155794
13132,2024-02-21,44.0209,44.2286,42.6352,43.0213,58316999
13133,2024-02-22,44.2188,44.2188,42.091,42.5363,63464486
13134,2024-02-23,42.6798,43.0608,42.2196,42.5462,34163395
13135,2024-02-26,43.0509,43.2291,42.378,42.5462,27317386
13136,2024-02-27,42.8035,42.8184,42.0711,42.2888,25388466
13137,2024-02-28,42.0019,42.0118,41.4774,41.5565,27209362
13138,2024-02-29,41.9326,42.7045,41.9179,42.6055,49384939
13139,2024-03-01,42.9619,43.8128,42.6847,43.3676,41858190
13140,2024-03-04,43.813,46.1288,43.3973,45.1392,60616579
13141,2024-03-05,44.0999,44.4043,42.2493,42.7144,57246108
13142,2024-03-06,43.4765,45.0352,43.1054,44.0505,53201262
13143,2024-03-07,45.0797,45.9407,44.7136,45.6736,50903651
13144,2024-03-08,45.9605,46.1464,43.5458,43.5458,55489437
13145,2024-03-11,43.4171,44.4661,43.2093,44.3969,35416605
13146,2024-03-12,44.5948,44.7977,44.001,44.773,32127496
13147,2024-03-13,44.0505,44.5156,42.754,42.7837,53750822
13148,2024-03-14,42.7837,42.9024,42.0711,42.3087,38497440
13149,2024-03-15,42.0118,42.7045,41.9128,42.1998,67651247
13150,2024-03-18,42.6452,42.9322,42.1553,42.2691,27956891
13151,2024-03-19,41.8139,41.8534,41.0122,41.6159,35034626
13152,2024-03-20,42.5462,42.566,40.9825,41.7644,75645914
13153,2024-03-21,42.5462,43.1499,41.8831,41.9821,51337569
13154,2024-03-22,41.8139,42.3582,41.6555,42.1305,28800374
13155,2024-03-25,40.4679,41.7792,40.1512,41.3982,47769675
13156,2024-03-26,41.5169,41.8287,41.225,41.5565,39517606
13157,2024-03-27,42.1008,43.3775,42.0613,43.3181,51549998
13158,2024-03-28,43.3083,44.1396,43.2588,43.714,54769601
13159,2024-04-01,43.8327,44.9412,43.7239,44.0604,32043389
13160,2024-04-02,43.4715,43.625,43.0509,43.4863,33089960
13161,2024-04-03,40.9726,41.22,39.8048,39.9137,84591244
13162,2024-04-04,40.171,40.3588,39.2902,39.3199,57905008
13163,2024-04-05,38.9438,39.0527,38.1124,38.3104,67964660
13164,2024-04-08,38.2411,38.4588,37.5186,37.588,57562023
13165,2024-04-09,37.6572,38.1817,36.9397,37.9343,79604771
13166,2024-04-10,37.6275,37.8265,36.6378,36.816,51641495
13167,2024-04-11,37.0436,37.2811,36.6972,37.2416,42346242
13168,2024-04-12,36.3113,36.3211,35.2375,35.3215,81091932
13169,2024-04-15,35.6679,36.3211,35.5195,35.9351,51280956
13170,2024-04-16,35.8956,36.1331,35.3948,35.8857,30926771
13171,2024-04-17,35.7274,35.7567,35.0048,35.3117,41602827
13172,2024-04-18,35.0543,35.2918,34.411,34.6783,42775988
13173,2024-04-19,34.7674,34.7674,33.8271,33.8371,59580439
13174,2024-04-22,34.0597,34.2132,33.7233,34.0548,40326230
13175,2024-04-23,33.9805,34.2428,33.8271,33.9261,47322571
13176,2024-04-24,34.5001,34.8168,33.9855,34.1438,53816666
13177,2024-04-25,34.2032,34.9306,34.1438,34.7476,67243584
13178,2024-04-26,31.4519,31.9072,30.3237,31.5509,120991536
13179,2024-04-29,31.5311,31.5806,30.7492,31.0362,59143828
13180,2024-04-30,30.7195,30.8532,30.1059,30.1554,73101009
13181,2024-05-01,29.8586,30.7147,29.7101,30.0564,61287454
13182,2024-05-02,30.2743,30.3534,29.8784,30.1951,51430377
13183,2024-05-03,30.6602,30.7344,30.3831,30.581,37178637
13184,2024-05-06,30.9189,31.0033,30.5363,30.7748,36415117
13185,2024-05-07,30.894,31.2518,30.417,30.4866,44966853
13186,2024-05-08,29.8109,29.9599,29.5426,29.8109,64138901
13187,2024-05-09,29.7413,30.1935,29.6171,29.9003,45288884
13188,2024-05-10,30.1388,30.263,29.6519,29.6618,43203627
13189,2024-05-13,29.8407,30.9338,29.8109,30.3177,51785577
13190,2024-05-14,30.427,30.9139,30.417,30.8543,48062822
13191,2024-05-15,31.1822,31.2021,30.6158,31.0729,37227594
13192,2024-05-16,31.4306,32.0566,31.3213,31.8281,48055751
13193,2024-05-17,31.8579,31.9076,31.3909,31.6294,41712716
13194,2024-05-20,31.6492,32.2156,31.5598,31.8977,32191924
13195,2024-05-21,31.7784,32.0368,31.4207,31.5399,43247980
13196,2024-05-22,31.7089,31.8639,30.899,31.2219,36939284
13197,2024-05-23,31.2468,31.371,29.6817,29.8904,62407940
13198,2024-05-24,30.0991,30.8245,29.9402,30.5264,42703674
13199,2024-05-28,30.745,31.1718,30.4618,30.8642,37032584
13200,2024-05-29,30.273,30.4767,29.9152,29.9401,36076019
13201,2024-05-30,30.0196,30.3077,29.8705,29.9997,33594521
13202,2024-05-31,30.0295,30.7648,29.7513,30.6555,96405227
13203,2024-06-03,30.8344,30.8692,29.8606,30.0991,35770377
13204,2024-06-04,30.5562,30.5562,29.7513,29.8407,51350873
13205,2024-06-05,30.0782,30.6406,29.8208,30.586,44441799
13206,2024-06-06,30.3594,30.3972,29.9699,30.2282,34465373
13207,2024-06-07,30.0593,30.586,30.0146,30.5462,34301753
13208,2024-06-10,30.3574,30.7549,30.0941,30.7152,37683347
13209,2024-06-11,30.576,30.8344,30.3376,30.7251,25487512
13210,2024-06-12,31.2567,31.2816,30.1983,30.5661,51649512
13211,2024-06-13,30.1885,30.3872,29.95,30.268,34001493
13212,2024-06-14,30.0941,30.3674,30.0196,30.2581,28304304
13213,2024-06-17,30.1487,30.8046,29.9898,30.7847,36465176
13214,2024-06-18,30.7947,31.2716,30.3077,30.4369,33505956
13215,2024-06-20,30.3624,30.9139,30.2581,30.427,44104337
13216,2024-06-21,30.6555,31.1623,30.4768,30.894,93136114
13217,2024-06-24,30.9437,31.2219,30.3376,30.3773,40869416
13218,2024-06-25,30.5065,30.6357,30.0992,30.5462,29685709
13219,2024-06-26,30.4469,30.4866,30.0823,30.3475,30938004
13220,2024-06-27,30.2282,30.4649,30.0941,30.3972,30375754
13221,2024-06-28,30.5562,31.1126,30.5264,30.7748,41730727
13222,2024-07-01,30.7152,30.8245,30.417,30.6456,32607302
13223,2024-07-02,30.6605,31.1126,30.3922,30.8741,36227643
13224,2024-07-03,30.9238,31.1424,30.7152,31.0331,24218335
13225,2024-07-05,31.2021,32.1361,31.114,31.8182,45596869
13226,2024-07-08,32.8218,33.8751,32.6131,33.7757,82838113
13227,2024-07-09,34.7943,34.998,33.5074,34.372,98409170
13228,2024-07-10,34.2229,34.7496,33.9149,34.6502,52587685
13229,2024-07-11,34.8102,34.9284,33.1,33.2888,55563919
13230,2024-07-12,33.5571,35.2514,33.5571,34.2726,63190975
13231,2024-07-15,34.4813,35.003,34.0937,34.2428,40100694
13232,2024-07-16,34.1434,34.2328,33.6217,34.1235,28590126
13233,2024-07-17,35.8526,36.9258,34.1832,34.2428,113016623
13234,2024-07-18,34.7396,36.0712,34.3123,34.6502,84722664
13235,2024-07-19,34.3471,34.362,32.6429,32.7721,70070348
13236,2024-07-22,33.0702,33.1994,32.5535,33.1596,48811435
13237,2024-07-23,32.7522,33.0205,32.6231,32.7423,29653295
13238,2024-07-24,32.3299,32.5932,31.4604,31.5002,62611344
13239,2024-07-25,31.1742,31.7834,30.7549,30.904,50089776
13240,2024-07-26,31.2319,31.3611,30.8245,31.1524,38595834
13241,2024-07-29,31.2219,31.2716,30.5959,30.6357,32547365
13242,2024-07-30,30.6506,30.7152,29.8159,29.9401,48562747
13243,2024-07-31,30.3475,30.6754,30.0891,30.5462,56466551
13244,2024-08-01,30.2382,30.5164,28.7079,28.8669,108355543
13245,2024-08-02,21.8017,21.8414,20.2913,21.3446,302804673
13246,2024-08-05,20.0727,20.2565,19.1718,19.9832,148320648
13247,2024-08-06,20.1919,20.5,19.6255,19.705,107347042
13248,2024-08-07,19.92,20.25,18.95,18.99,97972290
13249,2024-08-08,19.1,20.55,18.84,20.49,96836821
13250,2024-08-09,20.08,20.15,19.5,19.71,76394546
13251,2024-08-12,19.87,19.97,19.0,19.36,54677578
13252,2024-08-13,19.48,20.48,19.47,20.47,77511346
13253,2024-08-14,20.485,20.5,19.785,19.92,56758181
13254,2024-08-15,20.32,21.06,20.23,20.69,84814880
13255,2024-08-16,20.53,20.895,20.4101,20.87,48582663
13256,2024-08-19,20.885,21.86,20.835,21.52,65956303
13257,2024-08-20,21.21,21.23,20.82,20.99,84161270
13258,2024-08-21,21.072,21.44,21.07,21.41,57028870
13259,2024-08-22,21.39,21.4,20.04,20.1,81444673
13260,2024-08-23,20.32,20.93,20.26,20.54,73398430
13261,2024-08-26,20.53,20.56,19.95,20.13,58534794
13262,2024-08-27,20.13,20.26,19.84,20.07,43862017
13263,2024-08-28,19.98,20.105,19.51,19.61,50144885
13264,2024-08-29,19.76,20.6,19.75,20.13,64529661
13265,2024-08-30,21.25,22.12,21.0,22.04,177785378
13266,2024-09-03,21.54,21.69,19.99,20.1,115305533
13267,2024-09-04,19.76,20.045,19.28,19.43,85871887
13268,2024-09-05,19.28,19.9,19.24,19.4,65388789
13269,2024-09-06,19.44,19.49,18.64,18.89,92686460
13270,2024-09-09,19.0,19.54,18.95,19.07,64244126
13271,2024-09-10,19.03,19.11,18.51,18.98,55621273
13272,2024-09-11,19.01,19.69,18.52,19.64,71403141
13273,2024-09-12,19.43,19.54,19.04,19.36,51602918
13274,2024-09-13,19.49,19.8,19.49,19.66,44236271
13275,2024-09-16,20.03,21.0699,19.76,20.91,149337028
13276,2024-09-17,21.71,22.58,21.24,21.47,196249783
13277,2024-09-18,21.36,21.74,20.715,20.77,118727940
13278,2024-09-19,21.28,21.69,21.03,21.14,99829168
13279,2024-09-20,20.89,23.14,20.35,21.84,260377912
13280,2024-09-23,22.43,22.82,22.03,22.56,184439134
13281,2024-09-24,22.53,23.105,22.285,22.81,113082534
13282,2024-09-25,22.8,24.055,22.73,23.54,117013357
13283,2024-09-26,24.28,24.42,23.25,23.92,95416939
13284,2024-09-27,24.16,24.66,23.7034,23.91,85883278
13285,2024-09-30,23.74,23.95,23.09,23.46,66460225
13286,2024-10-01,23.46,23.72,22.255,22.69,86344357
13287,2024-10-02,22.67,23.0668,22.35,22.39,59033896
13288,2024-10-03,22.14,22.73,21.65,22.26,49565931
13289,2024-10-04,22.7,22.91,22.3,22.59,49966930
13290,2024-10-07,22.4,22.65,22.0209,22.38,54928674
13291,2024-10-08,22.25,23.42,22.045,23.32,58650461
13292,2024-10-09,23.25,23.48,23.06,23.46,44759018
13293,2024-10-10,23.19,23.53,22.96,23.22,44874580
13294,2024-10-11,23.05,23.82,22.98,23.56,43585252
13295,2024-10-14,23.58,23.77,23.2701,23.44,35403646
13296,2024-10-15,23.41,23.72,22.47,22.66,68900556
13297,2024-10-16,22.38,22.54,21.74,22.31,62151767
13298,2024-10-17,22.72,22.82,22.4,22.44,43807577
13299,2024-10-18,22.61,22.82,22.5,22.77,39971695
13300,2024-10-21,22.61,22.88,22.25,22.84,39726985
13301,2024-10-22,22.73,22.82,22.17,22.4,50160378
13302,2024-10-23,22.3,22.425,21.575,21.98,45799051
13303,2024-10-24,22.09,22.365,21.97,22.34,40554417
13304,2024-10-25,22.42,23.3399,22.41,22.68,67502984
13305,2024-10-28,22.67,23.27,22.56,22.92,41914966
13306,2024-10-29,22.87,23.14,22.41,22.9,83422242
13307,2024-10-30,22.415,22.93,22.26,22.3,50941231
13308,2024-10-31,22.15,22.25,21.47,21.52,112485547
13309,2024-11-01,23.0,23.58,21.91,23.2,173471115
13310,2024-11-04,22.96,23.0,22.0,22.52,84616300
13311,2024-11-05,22.58,23.58,22.4,23.32,59153326
13312,2024-11-06,24.3,25.12,24.05,25.05,116760537
13313,2024-11-07,25.43,26.3799,25.19,26.23,101489302
13314,2024-11-08,26.0,26.43,25.83,26.2,76427983
13315,2024-11-11,25.96,26.2863,24.83,25.05,80185321
13316,2024-11-12,24.66,24.96,23.89,24.16,62539733
13317,2024-11-13,24.06,25.14,24.02,24.92,58201972
13318,2024-11-14,25.12,25.61,24.9346,25.03,49252121
13319,2024-11-15,24.81,24.82,24.23,24.35,55104875
13320,2024-11-18,24.33,25.02,24.16,24.84,59667333
13321,2024-11-19,24.5,24.54,24.095,24.2,61190859
13322,2024-11-20,24.07,24.21,23.55,24.01,50191510
13323,2024-11-21,24.08,24.77,23.83,24.44,58928410
13324,2024-11-22,24.35,24.68,24.14,24.5,36784715
13325,2024-11-25,25.04,25.565,24.76,24.87,91128387
13326,2024-11-26,24.95,24.985,23.81,24.05,69613557
13327,2024-11-27,23.83,23.93,23.06,23.65,53992319
13328,2024-11-29,23.72,24.28,23.6,24.05,36616750
13329,2024-12-02,24.84,25.48,23.44,23.93,150497884
13330,2024-12-03,23.68,23.75,22.44,22.47,138160493
13331,2024-12-04,22.53,22.54,21.81,21.96,104648976
13332,2024-12-05,22.04,22.19,20.66,20.8,167993483
13333,2024-12-06,20.95,21.05,20.66,20.92,78539132
13334,2024-12-09,20.92,21.06,20.73,20.81,68818217
13335,2024-12-10,20.83,20.86,19.96,20.16,90004833
13336,2024-12-11,20.14,20.25,19.87,20.12,75209342
13337,2024-12-12,20.02,20.9,19.92,20.78,77695010
13338,2024-12-13,20.6,20.8,20.25,20.34,55104079
13339,2024-12-16,20.17,21.1,20.0,20.83,73832891
13340,2024-12-17,20.64,20.77,20.2925,20.44,51767153
13341,2024-12-18,20.48,20.58,19.21,19.3,86041243
13342,2024-12-19,19.53,19.69,19.03,19.06,69117805
13343,2024-12-20,18.97,19.76,18.9,19.52,108453667
13344,2024-12-23,19.58,20.23,19.52,20.2,57988375
13345,2024-12-24,20.22,20.4,19.96,20.4,29884026
13346,2024-12-26,20.23,20.665,20.08,20.44,39950380
13347,2024-12-27,20.21,20.605,20.09,20.3,48260830
13348,2024-12-30,20.01,20.115,19.73,19.82,59608126
13349,2024-12-31,19.99,20.4,19.88,20.05,49846656
13350,2025-01-02,20.23,20.43,20.0,20.22,46438529
13351,2025-01-03,20.39,20.665,20.06,20.56,48983942
13352,2025-01-06,20.83,20.98,19.78,19.87,83270990
13353,2025-01-07,20.02,20.34,19.9,20.01,61726060
13354,2025-01-08,19.825,20.12,19.71,19.88,47897071
13355,2025-01-10,19.66,19.66,18.91,19.15,71244581
13356,2025-01-13,18.92,19.249,18.73,19.2,50668970
13357,2025-01-14,19.36,19.52,18.82,19.2,47147526
13358,2025-01-15,19.4,19.77,19.171,19.72,56305989
13359,2025-01-16,19.75,19.95,19.4,19.67,44898059
13360,2025-01-17,21.26,21.62,20.79,21.49,166483914
13361,2025-01-21,22.03,22.41,21.75,21.77,96262179
13362,2025-01-22,21.725,22.285,21.57,21.86,60972578
13363,2025-01-23,21.69,21.75,21.35,21.57,55778156
13364,2025-01-24,21.36,21.41,20.75,20.83,66300614
13365,2025-01-27,20.81,21.06,20.14,20.29,83582097
13366,2025-01-28,20.34,20.342,19.74,19.8,73411385
13367,2025-01-29,19.87,20.08,19.66,19.75,86506821
13368,2025-01-30,19.72,20.1,19.43,20.01,108166983
13369,2025-01-31,20.1,20.33,19.38,19.43,117474899
13370,2025-02-03,18.97,19.75,18.78,19.38,77523142
13371,2025-02-04,19.1,19.53,19.02,19.29,54098200
13372,2025-02-05,19.19,19.77,18.91,19.65,66250254
13373,2025-02-06,19.51,19.7,19.22,19.38,45553771
13374,2025-02-07,19.35,19.36,19.03,19.1,58277917
13375,2025-02-10,19.25,20.08,19.24,19.77,73007266
13376,2025-02-11,19.87,21.88,19.8618,20.97,150960704
13377,2025-02-12,21.98,22.56,20.93,22.48,162631182
13378,2025-02-13,22.84,24.83,22.79,24.13,248661333
13379,2025-02-14,24.36,25.19,22.86,23.6,230254092
13380,2025-02-18,24.6,27.55,24.49,27.39,284292210
13381,2025-02-19,25.98,26.33,25.46,25.72,151881727
13382,2025-02-20,25.56,26.12,24.48,26.09,144939566
13383,2025-02-21,25.96,26.29,24.84,24.87,111630859
13384,2025-02-24,24.55,24.8,23.62,24.26,91358071
13385,2025-02-25,24.21,24.28,22.7701,22.99,88886469
13386,2025-02-26,23.245,23.82,23.21,23.52,67449304
13387,2025-02-27,23.7,24.4,23.07,23.09,97871945
13388,2025-02-28,23.02,24.44,22.64,23.73,104133777
13389,2025-03-03,25.0,25.04,22.52,22.74,141348692
13390,2025-03-04,22.54,22.63,20.76,21.33,152182200
13391,2025-03-05,21.33,21.36,20.18,20.81,127219259
13392,2025-03-06,20.26,21.13,20.0,20.75,96466381
13393,2025-03-07,20.27,21.2,20.11,20.64,81099646
13394,2025-03-10,20.24,20.51,19.65,19.93,82760577
13395,2025-03-11,19.965,20.06,19.29,19.78,80788985
13396,2025-03-12,20.79,21.17,20.21,20.68,128671089
13397,2025-03-13,23.5,24.53,23.13,23.7,243260993
13398,2025-03-14,23.675,24.37,23.52,24.05,116901643
13399,2025-03-17,24.42,26.145,24.37,25.69,160723633
13400,2025-03-18,25.55,26.41,25.39,25.92,132488822
13401,2025-03-19,24.9,25.2299,24.03,24.12,135491427
13402,2025-03-20,23.77,24.31,23.73,23.96,68937584
13403,2025-03-21,23.6,24.7,23.49,24.26,94110710
13404,2025-03-24,24.715,24.99,24.13,24.22,69169028
13405,2025-03-25,24.175,24.75,24.11,24.2,51743281
13406,2025-03-26,24.25,24.4194,23.25,23.42,59678008
13407,2025-03-27,23.285,23.76,22.855,23.62,57720584
13408,2025-03-28,23.35,23.58,22.56,22.71,58365257
13409,2025-03-31,22.38,22.745,21.75,22.71,65832019
13410,2025-04-01,22.56,22.62,21.66,22.05,64060355
13411,2025-04-02,21.89,22.38,21.7,21.98,58878848
13412,2025-04-03,21.4,23.9,20.86,22.43,242972129
13413,2025-04-04,21.7,22.2,19.7,19.85,175014739
13414,2025-04-07,19.14,20.67,18.56,19.57,142491152
13415,2025-04-08,20.06,20.39,17.665,18.13,163982681
13416,2025-04-09,18.07,21.73,17.975,21.53,224183490
13417,2025-04-10,20.675,20.82,19.16,19.88,129064855
13418,2025-04-11,19.245,19.795,18.175,19.74,128425810
13419,2025-04-14,20.59,21.05,19.9801,20.31,101964371
13420,2025-04-15,20.2,20.47,19.81,19.85,64056895
13421,2025-04-16,19.34,19.43,18.72,19.23,89469703
13422,2025-04-17,18.91,19.1,18.56,18.93,85646667
13423,2025-04-21,18.93,18.985,18.25,18.84,72409946
13424,2025-04-22,19.055,19.735,19.04,19.51,83365634
13425,2025-04-23,20.715,21.03,20.31,20.59,97188101
13426,2025-04-24,21.035,21.55,20.88,21.49,117086220
13427,2025-04-25,19.73,20.18,19.34,20.05,147711174
13428,2025-04-28,20.12,21.08,20.05,20.51,96624416
13429,2025-04-29,20.31,20.845,20.22,20.34,70031864
13430,2025-04-30,19.71,20.18,19.55,20.1,68297323
13431,2025-05-01,20.215,20.65,19.94,19.98,72607511
13432,2025-05-02,20.26,20.78,20.21,20.62,63298512
13433,2025-05-05,20.39,20.58,20.235,20.27,44236981
13434,2025-05-06,19.92,20.12,19.77,19.94,51330772
13435,2025-05-07,19.97,20.37,19.82,20.31,61134293
13436,2025-05-08,21.01,21.24,20.64,21.0,71651698
13437,2025-05-09,21.2,21.45,20.83,21.42,51768565
13438,2025-05-12,22.18,22.67,21.88,22.18,94578691
13439,2025-05-13,22.355,22.88,22.3,22.56,76850385
13440,2025-05-14,22.35,22.46,21.46,21.52,91584827
13441,2025-05-15,21.23,21.63,21.185,21.55,66705457
13442,2025-05-16,21.53,21.76,21.35,21.66,55795144
13443,2025-05-19,21.18,21.56,21.05,21.38,64279077
13444,2025-05-20,21.325,21.41,21.12,21.27,48497384
13445,2025-05-21,21.19,21.6292,20.59,20.69,62904697
13446,2025-05-22,20.73,20.9,20.51,20.55,56077473
13447,2025-05-23,20.16,20.27,19.94,20.05,68206064
13448,2025-05-27,20.44,20.67,20.18,20.55,69504564
13449,2025-05-28,20.57,20.64,20.33,20.37,46096476
13450,2025-05-29,20.54,20.595,20.1,20.25,66485207
13451,2025-05-30,20.26,20.26,19.31,19.55,114281897
13452,2025-06-02,19.482,19.82,19.3745,19.74,67885473
13453,2025-06-03,19.75,20.4099,19.4,20.29,80401865
13454,2025-06-04,20.34,20.5,20.01,20.25,71166549
13455,2025-06-05,20.27,20.55,19.85,19.99,72595606
13456,2025-06-06,20.17,20.44,20.03,20.06,70072846
13457,2025-06-09,20.22,20.96,20.22,20.48,92893898
13458,2025-06-10,20.5,22.44,20.28,22.08,171457008
13459,2025-06-11,21.78,21.83,20.38,20.68,146784468
13460,2025-06-12,20.5,20.98,20.41,20.77,78175914
13461,2025-06-13,20.33,20.6,20.1,20.14,87655889
13462,2025-06-16,20.41,20.93,20.3,20.74,86745123
13463,2025-06-17,20.63,21.48,20.62,20.8,87512156
13464,2025-06-18,20.805,21.6,20.66,21.49,94200572
13465,2025-06-20,21.7,21.885,20.88,21.08,133472814
13466,2025-06-23,21.065,21.58,20.73,21.19,81460982
13467,2025-06-24,21.34,22.69,21.325,22.55,130368742
13468,2025-06-25,22.575,22.77,22.125,22.2,64975117
13469,2025-06-26,22.4,22.6201,22.21,22.5,63229338
13470,2025-06-27,22.71,23.38,22.42,22.69,95542384
13471,2025-06-30,22.97,22.97,22.265,22.4,77102415
13472,2025-07-01,22.325,23.155,22.2831,22.85,79094907
13473,2025-07-02,22.525,22.77,21.52,21.88,138245252
13474,2025-07-03,22.15,22.63,21.99,22.49,61175951
13475,2025-07-07,22.205,22.39,21.86,22.0,80725235
13476,2025-07-08,22.18,23.785,22.1323,23.59,119545462
13477,2025-07-09,23.29,23.53,23.13,23.44,70247739
13478,2025-07-10,23.63,24.04,23.48,23.82,54599844
13479,2025-07-11,23.56,23.66,23.16,23.43,49367905
13480,2025-07-14,23.24,23.4,22.88,23.3,48420516
13481,2025-07-15,23.57,23.78,22.9,22.92,66099351
13482,2025-07-16,22.99,23.13,22.25,22.69,58865893
13483,2025-07-17,22.66,23.045,22.5902,22.8,49384037
13484,2025-07-18,23.22,23.59,22.9,23.1,60195598
13485,2025-07-21,23.4,23.83,23.16,23.26,61657989
13486,2025-07-22,23.34,23.535,23.08,23.24,53969845
13487,2025-07-23,23.255,23.62,22.92,23.49,68711715
13488,2025-07-24,23.49,23.575,22.6,22.63,131963323
13489,2025-07-25,20.675,21.045,20.36,20.7,245077682
13490,2025-07-28,20.82,21.29,20.65,20.68,86105582
13491,2025-07-29,20.69,20.845,20.34,20.41,100831524
13492,2025-07-30,20.43,20.6199,20.08,20.34,67420330
13493,2025-07-31,20.17,20.2288,19.66,19.8,90665198
13494,2025-08-01,19.5,19.55,18.965,19.31,86496139
13495,2025-08-04,19.515,19.59,19.35,19.5,69249371
13496,2025-08-05,19.7,20.535,19.68,20.19,97338249
13497,2025-08-06,20.12,20.48,19.87,20.41,67074217
13498,2025-08-07,20.0,20.44,19.6,19.77,131382767
13499,2025-08-08,20.0,20.02,19.61,19.95,75415017
13500,2025-08-11,20.445,21.6,20.44,20.65,175545596
13501,2025-08-12,21.2,21.86,20.76,21.81,134488173
13502,2025-08-13,21.62,22.3,21.36,22.22,86024355
13503,2025-08-14,21.99,24.2,21.9,23.86,188052460
13504,2025-08-15,25.01,25.645,24.11,24.56,310161102
13505,2025-08-18,24.0,24.9,23.21,23.66,212515617
13506,2025-08-19,24.94,26.53,24.94,25.31,297659156
13507,2025-08-20,24.9,24.933,23.3302,23.54,161149398
13508,2025-08-21,23.525,23.57,22.775,23.5,97718294
13509,2025-08-22,23.65,25.23,23.65,24.8,200266834
13510,2025-08-25,25.5,25.88,24.44,24.55,156825631
13511,2025-08-26,24.58,24.735,24.1,24.35,78558225
13512,2025-08-27,24.19,24.99,24.05,24.85,90934420
13513,2025-08-28,24.96,25.14,24.61,24.93,60035093
13514,2025-08-29,24.76,24.97,24.28,24.35,63734417
13515,2025-09-02,23.88,24.24,23.68,24.21,57661836
13516,2025-09-03,24.09,24.0905,23.72,24.0,47822866
13517,2025-09-04,23.85,24.64,23.75,24.61,59056496
13518,2025-09-05,24.6,24.71,24.1701,24.49,55975270
13519,2025-09-08,24.48,24.735,24.12,24.48,51122136
13520,2025-09-09,24.53,24.805,24.27,24.44,42146182
13521,2025-09-10,24.415,24.87,24.28,24.77,61600705
13522,2025-09-11,24.76,24.93,24.57,24.61,55536921
13523,2025-09-12,24.61,24.63,24.05,24.08,52672821
13524,2025-09-15,24.33,25.46,24.2201,24.77,83951622
13525,2025-09-16,24.82,25.34,24.69,25.27,60336569
13526,2025-09-17,25.075,25.26,24.45,24.9,63093682
13527,2025-09-18,31.78,32.3771,30.16,30.57,523907959
13528,2025-09-19,30.38,30.63,29.33,29.58,225702854
13529,2025-09-22,29.67,30.1,28.73,28.76,130314474
13530,2025-09-23,28.99,30.2,28.815,29.34,126317911
13531,2025-09-24,29.38,31.7,29.23,31.22,164458509
13532,2025-09-25,31.61,34.25,31.21,33.99,295709290
13533,2025-09-26,35.015,36.3,34.49,35.5,268583278
13534,2025-09-29,34.52,35.05,33.73,34.48,152605909
13535,2025-09-30,33.93,34.235,33.02,33.55,124818376
13536,2025-10-01,33.53,36.06,33.5,35.94,162649650
13537,2025-10-02,35.76,37.57,35.44,37.3,149361652
13538,2025-10-03,37.95,38.08,36.45,36.83,125359342
13539,2025-10-06,37.19,38.68,36.43,36.59,112086069
13540,2025-10-07,36.64,38.0468,36.3501,37.17,111140155
13541,2025-10-08,36.545,37.79,35.9102,37.43,103202085
13542,2025-10-09,37.53,38.1,36.86,37.8,89884658
13543,2025-10-10,38.46,39.65,36.3,36.37,183063296
13544,2025-10-13,36.44,37.51,36.28,37.22,104020679
13545,2025-10-14,36.0,36.545,34.69,35.63,117908345
13546,2025-10-15,36.4,37.485,35.64,37.15,99242706
13547,2025-10-16,37.15,38.02,36.41,36.84,83357846
13548,2025-10-17,36.36,38.38,36.08,37.01,119394707
13549,2025-10-20,37.57,38.5198,37.56,38.1,80230234
13550,2025-10-21,38.14,38.35,37.67,38.12,73134908
13551,2025-10-22,37.835,37.93,36.0401,36.92,87099905
13552,2025-10-23,36.6,38.4,36.4301,38.16,121974238
13553,2025-10-24,40.02,41.12,37.83,38.28,246379974
13554,2025-10-27,38.39,40.67,38.23,39.54,160007604
13555,2025-10-28,39.59,42.48,39.54,41.53,181256370
13556,2025-10-29,41.6,42.04,40.92,41.34,106962947
13557,2025-10-30,40.97,41.43,40.11,40.16,84855468
13558,2025-10-31,40.68,40.8263,39.79,39.99,80471369
13559,2025-11-03,40.25,40.45,39.05,39.5,61267512
13560,2025-11-04,38.14,38.25,36.63,37.03,102250306
13561,2025-11-05,37.415,38.6898,37.11,38.38,74631599
13562,2025-11-06,38.335,39.8446,36.8,37.24,77629908
13563,2025-11-07,37.26,38.27,36.97,38.13,95521436
13564,2025-11-10,38.93,39.525,37.9659,38.45,77820266
13565,2025-11-11,38.145,38.22,37.49,37.88,53741898
13566,2025-11-12,38.06,38.2,37.3525,37.89,53875959
13567,2025-11-13,37.27,37.31,35.45,35.91,95593170
13568,2025-11-14,35.025,36.1,34.62,35.52,71716180
13569,2025-11-17,35.445,35.73,34.23,34.71,72580118
13570,2025-11-18,34.25,34.76,33.57,34.33,61504802
13571,2025-11-19,34.33,35.7499,34.25,35.11,67115474
13572,2025-11-20,36.0,36.68,33.48,33.62,96389096
13573,2025-11-21,33.51,34.98,32.89,34.5,105641670
13574,2025-11-24,34.97,36.155,34.685,35.79,103804208
13575,2025-11-25,35.55,36.13,34.68,35.83,62203283
13576,2025-11-26,36.2,37.24,36.13,36.81,54563435
13577,2025-11-28,37.4,40.59,37.34,40.56,95799486
13578,2025-12-01,39.86,40.375,39.6,40.01,74534896
13579,2025-12-02,40.47,43.68,40.05,43.47,167205815
13580,2025-12-03,43.385,44.02,42.51,43.76,91957186
13581,2025-12-04,43.26,43.2801,40.14,40.5,107850164
13582,2025-12-05,41.155,42.83,41.15,41.41,103042015
13583,2025-12-08,41.935,42.115,39.7,40.3,93953619
13584,2025-12-09,40.73,41.2622,40.03,40.5,61877155
13585,2025-12-10,40.11,40.99,38.89,40.78,75974890
13586,2025-12-11,40.07,40.19,39.075,39.51,59096759
13587,2025-12-12,39.245,40.03,37.62,37.81,87784470
13588,2025-12-15,38.325,38.48,37.32,37.51,60898465
13589,2025-12-16,37.58,37.96,36.92,37.31,50490257
13590,2025-12-17,37.585,37.84,35.965,36.05,54791951
13591,2025-12-18,37.38,37.485,35.67,36.28,69468393
13592,2025-12-19,36.48,37.58,36.44,36.82,163221251
13593,2025-12-22,37.89,37.9,36.29,36.37,51685394
13594,2025-12-23,36.24,36.8,36.03,36.35,35957954
13595,2025-12-24,35.17,36.175,34.95,36.16,37443756
13596,2025-12-26,36.17,36.49,35.85,36.2,28779396
13597,2025-12-29,36.01,36.795,35.82,36.68,38062295
13598,2025-12-30,36.91,38.26,36.82,37.3,61935279
13599,2025-12-31,37.395,37.58,36.87,36.9,51524682
13600,2026-01-02,37.77,39.86,37.76,39.38,95396447
13601,2026-01-05,41.59,42.1,39.27,39.37,96665355
13602,2026-01-06,39.86,40.31,38.95,40.04,66395138
13603,2026-01-07,40.18,44.57,40.12,42.63,166028381
13604,2026-01-08,42.62,43.34,40.68,41.11,88241955
13605,2026-01-09,41.825,45.7265,41.57,45.55,186691417
13606,2026-01-12,44.24,45.45,43.89,44.06,101989119
13607,2026-01-13,45.89,48.24,45.215,47.29,168656410
13608,2026-01-14,48.95,49.0,47.42,48.72,148225796
13609,2026-01-15,49.35,50.39,47.825,48.32,132328902
13610,2026-01-16,49.27,50.21,46.71,46.96,127314711
13611,2026-01-20,47.3,50.23,47.0,48.56,150153031
13612,2026-01-21,50.32,54.41,50.15,54.25,220565312
13613,2026-01-22,54.21,54.6,53.08,54.32,190066397
13614,2026-01-23,46.86,48.13,44.45,45.07,294675401
13615,2026-01-26,44.28,44.46,42.275,42.49,149407768
13616,2026-01-27,43.97,44.53,43.099,43.93,121832221
13617,2026-01-28,46.6,49.285,46.32,48.78,201995055
13618,2026-01-29,47.56,48.77,46.99,48.66,124256563
13619,2026-01-30,48.975,49.5777,45.96,46.47,114920097
13620,2026-02-02,45.63,49.84,45.5,48.81,101414583
13621,2026-02-03,50.055,51.49,48.43,49.25,122205136
13622,2026-02-04,49.54,49.698,47.0,48.6,128702304
