,Date,Open,High,Low,Close,Volume
0,1999-01-22,0.0401271,0.0447103,0.0355331,0.0376018,740416863
1,1999-01-25,0.0405864,0.0419634,0.0376018,0.0414991,139413824
2,1999-01-26,0.0419634,0.0428759,0.0378386,0.0382868,93919355
3,1999-01-27,0.0385123,0.0394331,0.0362297,0.0382868,67279765
4,1999-01-28,0.0382868,0.0385123,0.0378386,0.0380583,62320835
5,1999-01-29,0.0380583,0.0382868,0.0362297,0.0362297,67135680
6,1999-02-01,0.0362297,0.037377,0.0362297,0.036919,42340959
7,1999-02-02,0.0362297,0.037377,0.0330168,0.0341571,72003214
8,1999-02-03,0.0337177,0.0353183,0.0334779,0.0348559,20961127
9,1999-02-04,0.0353183,0.0378386,0.0348559,0.0366834,50256916
10,1999-02-05,0.037377,0.0382868,0.0364567,0.0378386,37682947
11,1999-02-08,0.0380583,0.0382868,0.0364567,0.0364567,42079279
12,1999-02-09,0.037377,0.0376018,0.0346193,0.0350837,23800379
13,1999-02-10,0.0350837,0.0359942,0.0341571,0.0348559,41045539
14,1999-02-11,0.0348559,0.0392015,0.0348559,0.0378386,36452934
15,1999-02-12,0.0382868,0.0401271,0.0382868,0.0398945,30538831
16,1999-02-16,0.0405864,0.04218,0.0359942,0.0401271,58225371
17,1999-02-17,0.0392015,0.0396677,0.037377,0.0380583,18540590
18,1999-02-18,0.0392015,0.0396677,0.0376018,0.0385123,19809611
19,1999-02-19,0.0382868,0.0405864,0.0378386,0.0398945,21052724
20,1999-02-22,0.0405864,0.0410388,0.0380583,0.0401271,56511247
21,1999-02-23,0.0410388,0.0428759,0.0387442,0.0419634,38206287
22,1999-02-24,0.0481421,0.0502051,0.044251,0.0454024,167518929
23,1999-02-25,0.0472315,0.0488351,0.0433452,0.0440182,40705352
24,1999-02-26,0.0444845,0.0458586,0.0414991,0.0419634,47757932
25,1999-03-01,0.0428759,0.0440182,0.0401271,0.04218,25265792
26,1999-03-02,0.0419634,0.04218,0.0410388,0.0417307,15439579
27,1999-03-03,0.0419634,0.0419634,0.0387442,0.038972,17310627
28,1999-03-04,0.0408112,0.0410388,0.0378386,0.0380583,16329315
29,1999-03-05,0.0385123,0.0403518,0.0385123,0.0401271,21772336
30,1999-03-08,0.0392015,0.0419634,0.0385123,0.0408112,21288285
31,1999-03-09,0.0408112,0.0426466,0.0408112,0.04218,39645642
32,1999-03-10,0.0426466,0.0426466,0.0408112,0.0414991,64178733
33,1999-03-11,0.0408112,0.0414991,0.0396677,0.0396677,15020865
34,1999-03-12,0.0398945,0.0398945,0.0382868,0.038972,25409737
35,1999-03-15,0.0398945,0.0410388,0.0396677,0.0405864,30159616
36,1999-03-16,0.0408112,0.0412705,0.038972,0.0392015,21942510
37,1999-03-17,0.0396677,0.0403518,0.0385123,0.0394331,14510454
38,1999-03-18,0.0396677,0.0405864,0.0387442,0.0401271,13110558
39,1999-03-19,0.0398945,0.0412705,0.0398945,0.0401271,29400494
40,1999-03-22,0.0410388,0.0410388,0.038972,0.038972,10467489
41,1999-03-23,0.0392015,0.0392015,0.0357676,0.0364567,44813824
42,1999-03-24,0.0362297,0.0364567,0.0348559,0.0362297,17088025
43,1999-03-25,0.0362297,0.0382868,0.0359942,0.0366834,11291817
44,1999-03-26,0.037377,0.0401271,0.037377,0.0401271,24350028
45,1999-03-29,0.0412705,0.04218,0.0405864,0.0412705,18527400
46,1999-03-30,0.0412705,0.0417307,0.0376018,0.0378386,19299291
47,1999-03-31,0.038972,0.0408112,0.0371475,0.0403518,41869987
48,1999-04-01,0.0403518,0.0405864,0.0385123,0.0392015,8544193
49,1999-04-05,0.0387442,0.0396677,0.0378386,0.0380583,27293895
50,1999-04-06,0.0382868,0.0385123,0.0362297,0.036919,19377868
51,1999-04-07,0.037377,0.0403518,0.036919,0.0401271,24781851
52,1999-04-08,0.0403518,0.0419634,0.0398945,0.0408112,35550119
53,1999-04-09,0.0410388,0.0410388,0.0398945,0.0401271,13345989
54,1999-04-12,0.0396677,0.0396677,0.0378386,0.0385123,9773975
55,1999-04-13,0.0392015,0.0392015,0.0362297,0.036919,10244957
56,1999-04-14,0.0366834,0.0376018,0.0357676,0.0357676,13202114
57,1999-04-15,0.0366834,0.0366834,0.0357676,0.0366834,10114242
58,1999-04-16,0.0364567,0.0385123,0.0364567,0.0380583,10689940
59,1999-04-19,0.0385123,0.0385123,0.0357676,0.0362297,8910459
60,1999-04-20,0.0362297,0.0378386,0.0353183,0.0355331,18527400
61,1999-04-21,0.0355331,0.0362297,0.0353183,0.0362297,10820815
62,1999-04-22,0.0362297,0.0362297,0.0343868,0.0346193,62176800
63,1999-04-23,0.0343868,0.0346193,0.032785,0.0330168,34555657
64,1999-04-26,0.0330168,0.0334779,0.0304884,0.0311834,34202370
65,1999-04-27,0.0320983,0.0348559,0.0314141,0.0346193,62072134
66,1999-04-28,0.0348559,0.0348559,0.0332515,0.0343868,32750106
67,1999-04-29,0.0343868,0.0346193,0.0337177,0.0343868,13149726
68,1999-04-30,0.0348559,0.0362297,0.0343868,0.0348559,27581884
69,1999-05-03,0.0353183,0.0353183,0.0341571,0.0350837,9263665
70,1999-05-04,0.0350837,0.0350837,0.0325554,0.0332515,26194777
71,1999-05-05,0.0334779,0.0339333,0.0314141,0.0339333,39501598
72,1999-05-06,0.0337177,0.0343868,0.0323268,0.0332515,10022556
73,1999-05-07,0.0323268,0.0337177,0.0323268,0.0334779,6974053
74,1999-05-10,0.0332515,0.0341571,0.0332515,0.0334779,5443071
75,1999-05-11,0.0348559,0.0362297,0.0341571,0.0353183,47391496
76,1999-05-12,0.0355331,0.0364567,0.0350837,0.0362297,46004509
77,1999-05-13,0.0362297,0.037377,0.0362297,0.0362297,19482574
78,1999-05-14,0.0362297,0.0362297,0.0339333,0.0343868,8439427
79,1999-05-17,0.0339333,0.0359942,0.0337177,0.0359942,10074944
80,1999-05-18,0.0364567,0.0382868,0.0353183,0.0378386,41725822
81,1999-05-19,0.0394331,0.0408112,0.0355331,0.0359942,123215304
82,1999-05-20,0.0362297,0.0362297,0.0318705,0.0332515,48660677
83,1999-05-21,0.032785,0.032785,0.0314141,0.0325554,82902487
84,1999-05-24,0.032785,0.0334779,0.0318705,0.0323268,44983998
85,1999-05-25,0.0325554,0.0330168,0.0323268,0.0325554,35537130
86,1999-05-26,0.0325554,0.0341571,0.0325554,0.0325554,29151964
87,1999-05-27,0.032785,0.032785,0.0323268,0.0323268,22544407
88,1999-05-28,0.032785,0.032785,0.0323268,0.0325554,24506962
89,1999-06-01,0.0325554,0.032785,0.0320983,0.032785,27254737
90,1999-06-02,0.032785,0.032785,0.0314141,0.0314141,35550119
91,1999-06-03,0.0323268,0.0325554,0.0320983,0.0323268,11815237
92,1999-06-04,0.0325554,0.032785,0.0323268,0.0325554,21837764
93,1999-06-07,0.032785,0.0334779,0.032785,0.0330168,34163242
94,1999-06-08,0.0330168,0.0343868,0.0330168,0.0337177,42484934
95,1999-06-09,0.0339333,0.0350837,0.0339333,0.0343868,26561293
96,1999-06-10,0.0343868,0.0346193,0.0341571,0.0343868,10218758
97,1999-06-11,0.0343868,0.0346193,0.0325554,0.0337177,17153523
98,1999-06-14,0.0339333,0.0339333,0.0323268,0.0325554,14641349
99,1999-06-15,0.0325554,0.032785,0.0320983,0.0325554,13633828
100,1999-06-16,0.0330168,0.0343868,0.0325554,0.0334779,17873296
101,1999-06-17,0.0332515,0.0337177,0.0325554,0.0325554,20869561
102,1999-06-18,0.032785,0.032785,0.0311834,0.0311834,43322272
103,1999-06-21,0.0323268,0.0330168,0.0314141,0.0330168,23041608
104,1999-06-22,0.0330168,0.0330168,0.0316407,0.0323268,52782209
105,1999-06-23,0.0320983,0.0330168,0.0316407,0.0330168,58186073
106,1999-06-24,0.0332515,0.0332515,0.0320983,0.0323268,31402408
107,1999-06-25,0.0320983,0.0330168,0.0320983,0.032785,20280803
108,1999-06-28,0.0337177,0.0337177,0.0325554,0.0332515,30303240
109,1999-06-29,0.0337177,0.0339333,0.0332515,0.0334779,25488354
110,1999-06-30,0.0346193,0.0364567,0.0339333,0.0364567,73455518
111,1999-07-01,0.0364567,0.0364567,0.032785,0.0346193,24650756
112,1999-07-02,0.0350837,0.0371475,0.0343868,0.0371475,61928260
113,1999-07-06,0.0376018,0.0376018,0.0366834,0.037377,54195375
114,1999-07-07,0.0376018,0.0376018,0.0364567,0.0364567,17310627
115,1999-07-08,0.0366834,0.0380583,0.0355331,0.037377,51277517
116,1999-07-09,0.037377,0.0408112,0.037377,0.0405864,57793568
117,1999-07-12,0.0428759,0.044251,0.0412705,0.0424127,109725320
118,1999-07-13,0.0428759,0.0431057,0.0405864,0.0424127,38533405
119,1999-07-14,0.0424127,0.04356,0.0405864,0.0408112,38153809
120,1999-07-15,0.0412705,0.0424127,0.0410388,0.0410388,37761394
121,1999-07-16,0.0417307,0.04218,0.0410388,0.0419634,28785648
122,1999-07-19,0.0419634,0.04218,0.0405864,0.0408112,11959062
123,1999-07-20,0.0408112,0.0408112,0.0387442,0.0401271,48909258
124,1999-07-21,0.0396677,0.0396677,0.0378386,0.038972,30813680
125,1999-07-22,0.0387442,0.0387442,0.0366834,0.0371475,58447763
126,1999-07-23,0.036919,0.0382868,0.036919,0.0371475,22400392
127,1999-07-26,0.0380583,0.0380583,0.037377,0.037377,16944211
128,1999-07-27,0.037377,0.0376018,0.0366834,0.037377,27267806
129,1999-07-28,0.037377,0.0385123,0.0371475,0.0380583,67227367
130,1999-07-29,0.037377,0.0385123,0.036919,0.0382868,105983133
131,1999-07-30,0.0382868,0.0394331,0.0382868,0.0385123,123463804
132,1999-08-02,0.0385123,0.038972,0.0382868,0.0387442,85623842
133,1999-08-03,0.0387442,0.0387442,0.0376018,0.0378386,69700342
134,1999-08-04,0.0380583,0.0382868,0.0378386,0.0378386,25069580
135,1999-08-05,0.0378386,0.0385123,0.037377,0.0385123,65670406
136,1999-08-06,0.0382868,0.0385123,0.0382868,0.0385123,50400841
137,1999-08-09,0.0385123,0.038972,0.0382868,0.0385123,8805863
138,1999-08-10,0.0387442,0.0408112,0.0385123,0.0392015,57937612
139,1999-08-11,0.0398945,0.04218,0.0394331,0.0417307,54038391
140,1999-08-12,0.0419634,0.0449409,0.0417307,0.0437967,65997474
141,1999-08-13,0.04356,0.044251,0.0428759,0.0433452,23551798
142,1999-08-16,0.0437967,0.0437967,0.0401271,0.0417307,61313183
143,1999-08-17,0.0417307,0.0424127,0.0408112,0.0417307,52991642
144,1999-08-18,0.0412705,0.0433452,0.0405864,0.0426466,76517411
145,1999-08-19,0.0458586,0.0541092,0.044251,0.0518125,536759047
146,1999-08-20,0.0520423,0.0522719,0.0495241,0.0513634,96654000
147,1999-08-23,0.0506643,0.0506643,0.0465426,0.0481421,139086747
148,1999-08-24,0.0474581,0.0483788,0.0451755,0.0479156,109188831
149,1999-08-25,0.0481421,0.0486054,0.0458586,0.0476939,96235336
150,1999-08-26,0.0476939,0.0483788,0.0463127,0.0469969,75339676
151,1999-08-27,0.0479156,0.0515931,0.0476939,0.0497567,150626995
152,1999-08-30,0.0504347,0.0515931,0.0474581,0.0495241,43283113
153,1999-08-31,0.0497567,0.0538797,0.0488351,0.0536499,215172055
154,1999-09-01,0.0536499,0.0536499,0.0504347,0.0511337,154682929
155,1999-09-02,0.0495241,0.0509039,0.0483788,0.0506643,93016610
156,1999-09-03,0.0515931,0.0522719,0.0506643,0.0509039,71244233
157,1999-09-07,0.0518125,0.0518125,0.0504347,0.0506643,34594996
158,1999-09-08,0.0509039,0.0511337,0.0506643,0.0506643,46671873
159,1999-09-09,0.0511337,0.0515931,0.0490628,0.0499754,57571126
160,1999-09-10,0.0506643,0.0513634,0.0504347,0.0506643,46292348
161,1999-09-13,0.0509039,0.0509039,0.0483788,0.0490628,47797060
162,1999-09-14,0.0490628,0.0490628,0.0472315,0.0474581,68365653
163,1999-09-15,0.0469969,0.0483788,0.0465426,0.0479156,58225371
164,1999-09-16,0.0472315,0.0476939,0.0460801,0.0467673,43793384
165,1999-09-17,0.0463127,0.0467673,0.0449409,0.0465426,47352297
166,1999-09-20,0.0458586,0.0463127,0.0449409,0.0449409,62987979
167,1999-09-21,0.0440182,0.044251,0.0401271,0.0405864,201433511
168,1999-09-22,0.0405864,0.0417307,0.0382868,0.0414991,102738238
169,1999-09-23,0.0417307,0.0417307,0.0378386,0.0380583,103523227
170,1999-09-24,0.0382868,0.0392015,0.0320983,0.0346193,187210845
171,1999-09-27,0.036919,0.0376018,0.0346193,0.0366834,117759123
172,1999-09-28,0.036919,0.0405864,0.0366834,0.0401271,112682387
173,1999-09-29,0.0410388,0.0424127,0.0362297,0.036919,162494581
174,1999-09-30,0.0382868,0.0394331,0.0362297,0.0366834,93631596
175,1999-10-01,0.0362297,0.0376018,0.0346193,0.0364567,95123219
176,1999-10-04,0.0378386,0.0378386,0.0366834,0.037377,48412137
177,1999-10-05,0.037377,0.0410388,0.037377,0.0408112,130764895
178,1999-10-06,0.0410388,0.0476939,0.0405864,0.0458586,411502551
179,1999-10-07,0.0476939,0.0476939,0.0424127,0.0426466,133211601
180,1999-10-08,0.0426466,0.0463127,0.0410388,0.0449409,108822345
181,1999-10-11,0.0451755,0.0454024,0.0424127,0.0437967,148729838
182,1999-10-12,0.0440182,0.0444845,0.0428759,0.0431057,88253992
183,1999-10-13,0.0426466,0.0426466,0.0410388,0.0419634,76726583
184,1999-10-14,0.0419634,0.0419634,0.0405864,0.0410388,52481271
185,1999-10-15,0.038972,0.0410388,0.038972,0.0408112,58107506
186,1999-10-18,0.0410388,0.0410388,0.0385123,0.0387442,59272191
187,1999-10-19,0.0398945,0.0398945,0.0364567,0.0371475,84472487
188,1999-10-20,0.0378386,0.038972,0.0371475,0.0385123,95541773
189,1999-10-21,0.0382868,0.0401271,0.037377,0.0401271,104609206
190,1999-10-22,0.0401271,0.0424127,0.0401271,0.0412705,78715447
191,1999-10-25,0.0410388,0.0414991,0.0392015,0.0392015,58696423
192,1999-10-26,0.0408112,0.0444845,0.0405864,0.0428759,131379962
193,1999-10-27,0.0433452,0.04356,0.0403518,0.0410388,58814169
194,1999-10-28,0.0412705,0.0419634,0.038972,0.0392015,61025404
195,1999-10-29,0.0396677,0.0428759,0.0394331,0.04218,90726847
196,1999-11-01,0.0414991,0.0465426,0.0414991,0.0449409,213340195
197,1999-11-02,0.0458586,0.0479156,0.0454024,0.0476939,228648999
198,1999-11-03,0.0497567,0.0536499,0.0492945,0.0525018,548443400
199,1999-11-04,0.0529609,0.0573246,0.0529609,0.0557067,343974295
200,1999-11-05,0.0573246,0.0577738,0.0513634,0.0538797,168317038
201,1999-11-08,0.0522719,0.0570848,0.0506643,0.0554773,128802330
202,1999-11-09,0.0554773,0.0557067,0.0525018,0.0547982,74790097
203,1999-11-10,0.0547982,0.0550179,0.0531905,0.0541092,39279146
204,1999-11-11,0.0541092,0.060989,0.0529609,0.0580132,153557953
205,1999-11-12,0.0605396,0.0612287,0.0570848,0.0612287,137058464
206,1999-11-15,0.0616878,0.0635152,0.058932,0.0598507,99074678
207,1999-11-17,0.0669402,0.071753,0.0658019,0.0681083,214975762
208,1999-11-18,0.0696961,0.0701552,0.0678686,0.0683281,64440393
209,1999-11-19,0.0765857,0.0848433,0.076356,0.081858,590274019
210,1999-11-22,0.0839146,0.0841545,0.0768152,0.081858,147643729
211,1999-11-23,0.0733705,0.0768152,0.0726915,0.0758966,151006450
212,1999-11-24,0.075667,0.076356,0.0678686,0.0736001,111465524
213,1999-11-26,0.0729113,0.0736001,0.0706147,0.0731409,20254504
214,1999-11-29,0.0729113,0.0738298,0.0687874,0.070385,81554658
215,1999-11-30,0.0706147,0.0719926,0.066251,0.066251,86186591
216,1999-12-01,0.066251,0.070385,0.066251,0.0694663,61352401
217,1999-12-02,0.0696961,0.075667,0.0696961,0.0747485,84878171
218,1999-12-03,0.0754375,0.0765857,0.0719926,0.0729113,93736362
219,1999-12-06,0.0731409,0.0751977,0.0731409,0.074978,48843920
220,1999-12-07,0.0754375,0.075667,0.0694663,0.0724518,51421512
221,1999-12-08,0.072232,0.076356,0.0719926,0.075667,54993535
222,1999-12-09,0.0754375,0.0772747,0.0706147,0.0733705,59167375
223,1999-12-10,0.0747485,0.074978,0.071074,0.0724518,27149950
224,1999-12-13,0.071753,0.0740594,0.0706147,0.072232,50335373
225,1999-12-14,0.0724518,0.0740594,0.070385,0.071074,74698591
226,1999-12-15,0.0706147,0.0708444,0.0671698,0.0687874,56812185
227,1999-12-16,0.0692365,0.0701552,0.0681083,0.0683281,36596969
228,1999-12-17,0.0701552,0.0729113,0.0699257,0.0719926,71885398
229,1999-12-20,0.0719926,0.0793316,0.0694663,0.0779734,110313967
230,1999-12-21,0.0779734,0.0813986,0.074978,0.0811689,106532772
231,1999-12-22,0.0813986,0.0841545,0.078423,0.0832259,68718950
232,1999-12-23,0.0832259,0.0887275,0.0830161,0.0887275,76661075
233,1999-12-27,0.0905548,0.0905548,0.0843841,0.0853027,55307533
234,1999-12-28,0.0853027,0.0882682,0.0848433,0.0850629,49092541
235,1999-12-29,0.0848433,0.0887275,0.0848433,0.087819,36413646
236,1999-12-30,0.087819,0.089187,0.0864409,0.0887275,38193138
237,1999-12-31,0.0884978,0.0898759,0.0880387,0.0896361,35105266
238,2000-01-03,0.0903253,0.091014,0.0843841,0.0894165,82535971
239,2000-01-04,0.087819,0.0880387,0.0825467,0.0871299,82352798
240,2000-01-05,0.0846137,0.0859816,0.0830161,0.0841545,51526148
241,2000-01-06,0.0841545,0.0841545,0.0754375,0.0786527,32920079
242,2000-01-07,0.078423,0.0809392,0.0772747,0.0800206,20018913
243,2000-01-10,0.0802502,0.0859816,0.0788823,0.0825467,66102030
244,2000-01-11,0.0820874,0.0832259,0.0793316,0.0793316,41006340
245,2000-01-12,0.0793316,0.0793316,0.0761264,0.0772747,34228620
246,2000-01-13,0.0772747,0.0811689,0.0761264,0.08048,36426715
247,2000-01-14,0.0816381,0.0873596,0.0813986,0.0839146,165490686
248,2000-01-18,0.0850629,0.087819,0.0811689,0.0875893,71702195
249,2000-01-19,0.087819,0.087819,0.0859816,0.0866707,45114763
250,2000-01-20,0.0873596,0.0921724,0.0857421,0.0864409,49249605
251,2000-01-21,0.0862015,0.0866707,0.0834654,0.0855225,148651220
252,2000-01-24,0.0882682,0.0882682,0.0811689,0.0816381,70433064
253,2000-01-25,0.0820874,0.0830161,0.078423,0.0809392,64937564
254,2000-01-26,0.0809392,0.0832259,0.0761264,0.077734,63681442
255,2000-01-27,0.0781833,0.0781833,0.0706147,0.0736001,125243426
256,2000-01-28,0.0726915,0.0731409,0.0685576,0.0715432,53384126
257,2000-01-31,0.071753,0.0733705,0.0669402,0.0708444,49720557
258,2000-02-01,0.0708444,0.0731409,0.0683281,0.0724518,25619199
259,2000-02-02,0.0729113,0.0758966,0.0724518,0.0745187,40665993
260,2000-02-03,0.0768152,0.078423,0.0751977,0.075667,29910825
261,2000-02-04,0.0781833,0.0781833,0.0758966,0.0775044,34280937
262,2000-02-07,0.0779734,0.0779734,0.0726915,0.0726915,59507632
263,2000-02-08,0.0745187,0.0788823,0.0726915,0.0761264,128291980
264,2000-02-09,0.0791219,0.08048,0.0779734,0.0781833,161094404
265,2000-02-10,0.0830161,0.0956073,0.0830161,0.0940097,264513166
266,2000-02-11,0.0988226,0.0988226,0.0887275,0.0956073,115730980
267,2000-02-14,0.095837,0.110746,0.0949185,0.110746,177541615
268,2000-02-15,0.110976,0.111203,0.102038,0.106611,123424526
269,2000-02-16,0.10777,0.1151,0.106611,0.111432,278225431
270,2000-02-17,0.111203,0.116005,0.109596,0.115328,146505353
271,2000-02-18,0.113731,0.130455,0.112801,0.128628,262053230
272,2000-02-22,0.124724,0.126332,0.120381,0.125184,147892360
273,2000-02-23,0.123804,0.12726,0.122218,0.125873,139793119
274,2000-02-24,0.126561,0.127479,0.119451,0.124724,67266645
275,2000-02-25,0.124724,0.124724,0.111662,0.116935,76033110
276,2000-02-28,0.116245,0.117624,0.114181,0.116005,141821242
277,2000-02-29,0.115328,0.123804,0.115328,0.122218,83988465
278,2000-03-01,0.122218,0.122218,0.116705,0.118764,105224272
279,2000-03-02,0.119681,0.119681,0.110286,0.110746,52664394
280,2000-03-03,0.110746,0.113731,0.109826,0.112582,74620004
281,2000-03-06,0.113261,0.121758,0.110746,0.111662,117798381
282,2000-03-07,0.143305,0.166691,0.137127,0.159113,532676804
283,2000-03-08,0.159113,0.161869,0.14765,0.16049,182526514
284,2000-03-09,0.162318,0.206332,0.161869,0.191693,260155983
285,2000-03-10,0.201538,0.276976,0.200162,0.225382,589305826
286,2000-03-13,0.204515,0.286661,0.202447,0.285325,658469649
287,2000-03-14,0.283698,0.283698,0.206332,0.210464,427818837
288,2000-03-15,0.225382,0.231335,0.1949,0.201768,271709511
289,2000-03-16,0.20817,0.215518,0.177016,0.179991,204796222
290,2000-03-17,0.17586,0.204515,0.17586,0.190775,152131587
291,2000-03-20,0.198324,0.204744,0.184585,0.190775,99650526
292,2000-03-21,0.191005,0.192843,0.166222,0.181369,146871819
293,2000-03-22,0.182746,0.188259,0.179532,0.182516,62883313
294,2000-03-23,0.180911,0.19583,0.180451,0.185733,84681829
295,2000-03-24,0.184585,0.193072,0.171964,0.178154,63315126
296,2000-03-27,0.177695,0.183445,0.164844,0.166222,106048671
297,2000-03-28,0.16049,0.162318,0.150865,0.153829,107906670
298,2000-03-29,0.154528,0.158194,0.137567,0.143765,128553539
299,2000-03-30,0.139412,0.156127,0.13459,0.142846,98943813
300,2000-03-31,0.152692,0.167828,0.149947,0.16141,262956166
301,2000-04-03,0.16004,0.16049,0.144683,0.14881,90491326
302,2000-04-04,0.156586,0.159343,0.108907,0.143305,140080908
303,2000-04-05,0.144683,0.186423,0.137357,0.17517,174532110
304,2000-04-06,0.183445,0.192613,0.17448,0.183445,110497211
305,2000-04-07,0.192613,0.200631,0.184345,0.196049,87115505
306,2000-04-10,0.199243,0.210924,0.17494,0.178614,108011136
307,2000-04-11,0.166222,0.181598,0.152922,0.168058,124981807
308,2000-04-12,0.168288,0.171964,0.149947,0.150625,85663251
309,2000-04-13,0.151784,0.157046,0.141698,0.144223,85597774
310,2000-04-14,0.135048,0.145373,0.125184,0.131383,115678702
311,2000-04-17,0.120381,0.143305,0.120381,0.138266,80364054
312,2000-04-18,0.152004,0.171514,0.14765,0.162548,130516355
313,2000-04-19,0.167828,0.170124,0.152922,0.154758,76608838
314,2000-04-20,0.159113,0.162098,0.152004,0.154069,42013852
315,2000-04-24,0.145133,0.151555,0.138723,0.14651,56812185
316,2000-04-25,0.152922,0.16713,0.152692,0.162318,68077904
317,2000-04-26,0.173801,0.177695,0.16049,0.16072,69961942
318,2000-04-27,0.149947,0.17563,0.149029,0.173801,76988243
319,2000-04-28,0.176556,0.183445,0.170354,0.170354,49026993
320,2000-05-01,0.176796,0.180451,0.171514,0.17586,33194889
321,2000-05-02,0.17586,0.185963,0.164165,0.168988,64335797
322,2000-05-03,0.167828,0.173332,0.152922,0.166222,90164219
323,2000-05-04,0.165763,0.1754,0.164394,0.168288,65931976
324,2000-05-05,0.16759,0.179991,0.165303,0.176099,46894325
325,2000-05-08,0.171514,0.177695,0.169437,0.169676,50884992
326,2000-05-09,0.172424,0.173801,0.162318,0.16713,48817741
327,2000-05-10,0.165533,0.165533,0.149259,0.150625,74790097
328,2000-05-11,0.152922,0.1598,0.150865,0.157046,67201188
329,2000-05-12,0.16141,0.170124,0.152452,0.152452,51290677
330,2000-05-15,0.151555,0.165533,0.144223,0.162788,77459425
331,2000-05-16,0.170124,0.184805,0.168058,0.179532,100134427
332,2000-05-17,0.189167,0.218954,0.189167,0.211154,352466221
333,2000-05-18,0.212303,0.215738,0.19559,0.196737,139165244
334,2000-05-19,0.191005,0.201538,0.189626,0.19513,142501536
335,2000-05-22,0.193072,0.20771,0.17586,0.20771,141520233
336,2000-05-23,0.202447,0.225382,0.199243,0.206112,212371962
337,2000-05-24,0.205882,0.209328,0.176328,0.203376,201682091
338,2000-05-25,0.206332,0.218734,0.198114,0.200631,155585865
339,2000-05-26,0.201538,0.207261,0.189167,0.201538,50165279
340,2000-05-30,0.207021,0.215278,0.206112,0.210008,82967864
341,2000-05-31,0.209328,0.22171,0.209328,0.218034,128592918
342,2000-06-01,0.224465,0.226532,0.218504,0.224237,114422681
343,2000-06-02,0.228837,0.254,0.228837,0.251305,161696401
344,2000-06-05,0.251075,0.269427,0.240969,0.256786,134441574
345,2000-06-06,0.257754,0.26731,0.242569,0.244017,102685839
346,2000-06-07,0.242089,0.244265,0.229526,0.233202,90766126
347,2000-06-08,0.239163,0.239383,0.225382,0.23503,126303266
348,2000-06-09,0.239383,0.252253,0.23564,0.241589,127637935
349,2000-06-12,0.242569,0.244684,0.229716,0.23503,103719670
350,2000-06-13,0.228617,0.242569,0.227449,0.242569,122299469
351,2000-06-14,0.247161,0.248309,0.239163,0.242319,75208901
352,2000-06-15,0.241589,0.248559,0.228617,0.248559,92689502
353,2000-06-16,0.247841,0.286661,0.247581,0.286212,269864582
354,2000-06-19,0.285534,0.327121,0.278375,0.303957,286952647
355,2000-06-20,0.3093,0.312932,0.296249,0.299872,166458939
356,2000-06-21,0.295299,0.336437,0.295299,0.330417,167688902
357,2000-06-22,0.328949,0.335957,0.3093,0.312513,168199262
358,2000-06-23,0.303957,0.307882,0.28277,0.283009,165961878
359,2000-06-26,0.288438,0.318904,0.284157,0.317057,169141487
360,2000-06-27,0.31434,0.319604,0.263896,0.272154,330301269
361,2000-06-28,0.278175,0.288438,0.254,0.2618,320121598
362,2000-06-29,0.257285,0.257285,0.219654,0.223997,646484408
363,2000-06-30,0.23457,0.246932,0.223089,0.242819,659843437
364,2000-07-03,0.244684,0.252253,0.231095,0.233671,127546148
365,2000-07-05,0.232743,0.233202,0.201538,0.2084,424220524
366,2000-07-06,0.20887,0.228837,0.203835,0.22125,329725521
367,2000-07-07,0.229306,0.233202,0.217814,0.222399,189238877
368,2000-07-10,0.218504,0.239383,0.216427,0.2339,191764120
369,2000-07-11,0.230635,0.264565,0.228138,0.252673,412300740
370,2000-07-12,0.263227,0.273023,0.25494,0.259803,212149600
371,2000-07-13,0.265295,0.285764,0.264815,0.284397,250198784
372,2000-07-14,0.290077,0.295299,0.275119,0.28204,153309172
373,2000-07-17,0.286461,0.286661,0.278175,0.279014,58264510
374,2000-07-18,0.263716,0.286661,0.263716,0.273473,100526962
375,2000-07-19,0.263716,0.265495,0.250605,0.256086,104020569
376,2000-07-20,0.255859,0.269427,0.25516,0.262998,78388310
377,2000-07-21,0.263716,0.271226,0.259803,0.266413,138065825
378,2000-07-24,0.266633,0.268488,0.233202,0.243787,153348541
379,2000-07-25,0.247361,0.249258,0.23413,0.23457,183324653
380,2000-07-26,0.23457,0.23457,0.210684,0.217115,207465420
381,2000-07-27,0.210237,0.212992,0.198784,0.201538,180864838
382,2000-07-28,0.202447,0.22148,0.191005,0.206332,279939586
383,2000-07-31,0.217814,0.229716,0.206332,0.229306,202885895
384,2000-08-01,0.229306,0.231095,0.223089,0.224694,191214642
385,2000-08-02,0.22171,0.232983,0.218034,0.229306,189003356
386,2000-08-03,0.206332,0.244684,0.206332,0.239383,201433511
387,2000-08-04,0.245183,0.248309,0.239851,0.243787,106310211
388,2000-08-07,0.245383,0.264815,0.244465,0.262748,135279012
389,2000-08-08,0.257036,0.271226,0.256086,0.257036,70119016
390,2000-08-09,0.260233,0.262029,0.245843,0.249258,74842465
391,2000-08-10,0.243787,0.258014,0.238903,0.252253,85414541
392,2000-08-11,0.252673,0.2545,0.23457,0.246263,72644249
393,2000-08-14,0.249258,0.251774,0.240769,0.248559,59376757
394,2000-08-15,0.249957,0.276976,0.249258,0.272154,242230459
395,2000-08-16,0.286841,0.286841,0.270557,0.279014,145825079
396,2000-08-17,0.275119,0.285764,0.27418,0.284397,70838628
397,2000-08-18,0.283009,0.297615,0.28251,0.294172,111832010
398,2000-08-21,0.304884,0.310227,0.298065,0.298763,253613884
399,2000-08-22,0.283258,0.289608,0.268008,0.270557,359597108
400,2000-08-23,0.266413,0.286841,0.260632,0.286461,192339788
401,2000-08-24,0.284857,0.296969,0.279512,0.293953,181767853
402,2000-08-25,0.291034,0.297168,0.285325,0.286661,84001455
403,2000-08-28,0.287978,0.301939,0.284857,0.298065,103811147
404,2000-08-29,0.299162,0.299872,0.294172,0.297397,81620046
405,2000-08-30,0.293953,0.303957,0.291034,0.299872,97229829
406,2000-08-31,0.304435,0.315287,0.298543,0.303287,212044834
407,2000-09-01,0.309548,0.312513,0.300321,0.303737,111334679
408,2000-09-05,0.310895,0.311124,0.302189,0.304217,134598648
409,2000-09-06,0.305314,0.305314,0.280911,0.283258,126119903
410,2000-09-07,0.287509,0.298962,0.275597,0.298543,131379962
411,2000-09-08,0.29507,0.301939,0.279972,0.280911,121946173
412,2000-09-11,0.277196,0.279014,0.258854,0.269427,155952271
413,2000-09-12,0.269607,0.283698,0.263716,0.267758,69046147
414,2000-09-13,0.267062,0.272154,0.261331,0.26751,131563125
415,2000-09-14,0.268957,0.280911,0.2618,0.265065,118046932
416,2000-09-15,0.263716,0.27465,0.2618,0.270756,132308806
417,2000-09-18,0.271456,0.273223,0.252253,0.25516,89222185
418,2000-09-19,0.243289,0.263716,0.240769,0.262998,164496444
419,2000-09-20,0.255859,0.260632,0.250406,0.25425,124667528
420,2000-09-21,0.256336,0.270986,0.256086,0.265295,189461319
421,2000-09-22,0.239163,0.273223,0.238903,0.269857,211390679
422,2000-09-25,0.278175,0.293253,0.276017,0.289358,255511161
423,2000-09-26,0.292373,0.299422,0.279014,0.296249,184332225
424,2000-09-27,0.293733,0.326203,0.293733,0.312513,369148632
425,2000-09-28,0.309548,0.323936,0.301939,0.32192,182055642
426,2000-09-29,0.312932,0.324884,0.307632,0.312932,204403637
427,2000-10-02,0.317057,0.329449,0.297615,0.305314,186347148
428,2000-10-03,0.307233,0.309548,0.286661,0.288908,163776702
429,2000-10-04,0.28137,0.290556,0.277415,0.285764,229342322
430,2000-10-05,0.287758,0.287758,0.273023,0.279014,286808773
431,2000-10-06,0.279712,0.28161,0.257754,0.261581,560729590
432,2000-10-09,0.25494,0.271226,0.236837,0.26731,362828844
433,2000-10-10,0.256086,0.268957,0.244684,0.246932,226987293
434,2000-10-11,0.231795,0.262748,0.222629,0.249258,292277974
435,2000-10-12,0.2545,0.269427,0.236837,0.239383,219202020
436,2000-10-13,0.240969,0.256086,0.238534,0.248788,315829892
437,2000-10-16,0.248788,0.248788,0.237565,0.243289,185182682
438,2000-10-17,0.242089,0.243289,0.222859,0.225382,252567084
439,2000-10-18,0.210924,0.2348,0.20085,0.221939,227850820
440,2000-10-19,0.23611,0.246512,0.232743,0.243289,161408452
441,2000-10-20,0.237565,0.272154,0.23586,0.265934,211482136
442,2000-10-23,0.268228,0.269857,0.251774,0.260033,99925125
443,2000-10-24,0.258854,0.263227,0.250855,0.251774,106349459
444,2000-10-25,0.244944,0.248309,0.228138,0.229716,210631708
445,2000-10-26,0.231095,0.248309,0.214819,0.239592,145445573
446,2000-10-27,0.239851,0.245843,0.225382,0.23413,115678702
447,2000-10-30,0.230146,0.23541,0.217354,0.217574,104779389
448,2000-10-31,0.226062,0.241119,0.219194,0.237565,163658926
449,2000-11-01,0.231795,0.240769,0.223549,0.237565,166681501
450,2000-11-02,0.245843,0.2618,0.241589,0.25564,105433584
451,2000-11-03,0.252253,0.276976,0.250406,0.272154,147133419
452,2000-11-06,0.278844,0.305554,0.276976,0.293253,346656613
453,2000-11-07,0.288438,0.288438,0.263716,0.273473,141232485
454,2000-11-08,0.276496,0.276496,0.261331,0.265295,102685839
455,2000-11-09,0.249258,0.2618,0.226062,0.237565,307927045
456,2000-11-10,0.245843,0.258014,0.218734,0.224694,439385344
457,2000-11-13,0.213451,0.250406,0.206332,0.225612,289595836
458,2000-11-14,0.240769,0.268957,0.238903,0.267062,256741084
459,2000-11-15,0.262278,0.270557,0.251554,0.263477,231527429
460,2000-11-16,0.256086,0.262748,0.244684,0.246932,128514381
461,2000-11-17,0.248788,0.261581,0.23413,0.242089,97831705
462,2000-11-20,0.233202,0.233442,0.22102,0.223549,163227233
463,2000-11-21,0.233202,0.23503,0.20771,0.219194,208813088
464,2000-11-22,0.210237,0.216885,0.198784,0.20771,223925520
465,2000-11-24,0.210237,0.227909,0.210237,0.219654,90569903
466,2000-11-27,0.23541,0.236837,0.203605,0.212303,198816671
467,2000-11-28,0.215518,0.217814,0.191693,0.196508,208669013
468,2000-11-29,0.199473,0.199703,0.169676,0.184345,347088496
469,2000-11-30,0.168748,0.168748,0.138963,0.154758,535175788
470,2000-12-01,0.164394,0.186423,0.163476,0.170124,427975821
471,2000-12-04,0.171044,0.176796,0.159582,0.172643,259004587
472,2000-12-05,0.184805,0.191693,0.16759,0.183895,544047078
473,2000-12-06,0.180221,0.185265,0.156586,0.157496,518584853
474,2000-12-07,0.149947,0.163007,0.141928,0.154758,428185132
475,2000-12-08,0.170814,0.191005,0.154758,0.190085,465684947
476,2000-12-11,0.183895,0.19399,0.179073,0.190085,413543733
477,2000-12-12,0.185265,0.188708,0.178614,0.184805,223716128
478,2000-12-13,0.184115,0.187331,0.16713,0.170574,368245736
479,2000-12-14,0.169437,0.170814,0.154758,0.158883,310282085
480,2000-12-15,0.14881,0.158194,0.142377,0.143075,596672254
481,2000-12-18,0.149029,0.152922,0.145833,0.14765,359597108
482,2000-12-19,0.149947,0.163476,0.133681,0.136667,516033390
483,2000-12-20,0.129777,0.14857,0.1151,0.121758,603070520
484,2000-12-21,0.120141,0.136667,0.105013,0.106611,460961448
485,2000-12-22,0.1151,0.146063,0.1151,0.133901,517747375
486,2000-12-26,0.135748,0.137127,0.119921,0.128628,187642578
487,2000-12-27,0.12702,0.142377,0.121758,0.137127,185391994
488,2000-12-28,0.131613,0.141478,0.129547,0.137807,229054523
489,2000-12-29,0.137567,0.142158,0.122218,0.125184,270191709
490,2001-01-02,0.126112,0.127709,0.113951,0.114411,158673867
491,2001-01-03,0.110746,0.150625,0.108,0.149489,496550936
492,2001-01-04,0.14697,0.170574,0.142846,0.166691,445129384
493,2001-01-05,0.165303,0.165993,0.138504,0.141698,236172411
494,2001-01-08,0.137807,0.16141,0.137807,0.155218,312859836
495,2001-01-09,0.157276,0.16141,0.149717,0.158423,165294544
496,2001-01-10,0.150166,0.170124,0.14674,0.169437,214753371
497,2001-01-11,0.165303,0.190545,0.162318,0.183445,244428755
498,2001-01-12,0.186651,0.197885,0.177695,0.179532,365275670
499,2001-01-16,0.180451,0.180451,0.162548,0.165533,226908625
500,2001-01-17,0.178154,0.183445,0.170814,0.171514,323732930
501,2001-01-18,0.171514,0.209328,0.16759,0.204285,516975564
502,2001-01-19,0.210237,0.217814,0.19583,0.199014,555718342
503,2001-01-22,0.193072,0.200631,0.185504,0.191005,206196128
504,2001-01-23,0.188708,0.21392,0.1878,0.210008,236905213
505,2001-01-24,0.210008,0.212074,0.196967,0.209328,246430458
506,2001-01-25,0.201998,0.202447,0.183895,0.188259,240137009
507,2001-01-26,0.177695,0.196508,0.176328,0.19422,141350250
508,2001-01-29,0.188259,0.19537,0.181598,0.19513,193504404
509,2001-01-30,0.198324,0.203605,0.19444,0.199473,133277039
510,2001-01-31,0.199703,0.207261,0.193072,0.197415,195584714
511,2001-02-01,0.197415,0.199703,0.188708,0.198324,203422264
512,2001-02-02,0.198554,0.203156,0.177695,0.179073,175147047
513,2001-02-05,0.178853,0.180221,0.168288,0.178853,200517636
514,2001-02-06,0.17563,0.183445,0.17517,0.179752,136796724
515,2001-02-07,0.178614,0.180221,0.161869,0.171514,392857254
516,2001-02-08,0.172424,0.182276,0.169885,0.170574,209598178
517,2001-02-09,0.168988,0.170354,0.163007,0.169437,141664218
518,2001-02-12,0.16737,0.169437,0.156586,0.164844,193648238
519,2001-02-13,0.167828,0.177695,0.165993,0.169885,255654895
520,2001-02-14,0.16759,0.187331,0.16049,0.182276,377300220
521,2001-02-15,0.207261,0.219194,0.205882,0.215738,604993886
522,2001-02-16,0.204744,0.233202,0.204515,0.227449,589803027
523,2001-02-20,0.22171,0.226292,0.204515,0.204744,382494661
524,2001-02-21,0.196967,0.222629,0.1949,0.21392,352740910
525,2001-02-22,0.212763,0.229306,0.206332,0.223089,445011699
526,2001-02-23,0.221939,0.225382,0.200631,0.20771,564157659
527,2001-02-26,0.201538,0.207261,0.19422,0.203156,410076395
528,2001-02-27,0.198114,0.205882,0.189626,0.190775,291349149
529,2001-02-28,0.189397,0.200631,0.16713,0.170814,427962681
530,2001-03-01,0.168748,0.187331,0.152922,0.184345,499272342
531,2001-03-02,0.171044,0.183206,0.164394,0.166451,771322100
532,2001-03-05,0.16004,0.172424,0.159113,0.168058,404895134
533,2001-03-06,0.176796,0.190315,0.173801,0.184345,455400611
534,2001-03-07,0.188478,0.199703,0.185045,0.199243,512225906
535,2001-03-08,0.19353,0.20794,0.19353,0.205882,452561320
536,2001-03-09,0.19513,0.196049,0.173332,0.191235,664095924
537,2001-03-12,0.184805,0.19353,0.176328,0.184345,415925152
538,2001-03-13,0.186871,0.209328,0.185963,0.206332,590797479
539,2001-03-14,0.196967,0.218734,0.196967,0.218034,737329071
540,2001-03-15,0.231335,0.243548,0.223089,0.228837,1023234909
541,2001-03-16,0.225163,0.23413,0.218504,0.227909,668322182
542,2001-03-19,0.226751,0.242569,0.21437,0.240969,514803538
543,2001-03-20,0.238285,0.253072,0.215968,0.218504,1085516446
544,2001-03-21,0.218954,0.241119,0.217814,0.2348,1023666893
545,2001-03-22,0.236837,0.259354,0.23503,0.258454,925887425
546,2001-03-23,0.263227,0.268008,0.243289,0.256086,823070690
547,2001-03-26,0.256086,0.271226,0.256086,0.269857,841859781
548,2001-03-27,0.264565,0.273922,0.248788,0.260033,928150968
549,2001-03-28,0.252932,0.267062,0.252253,0.260233,781541089
550,2001-03-29,0.258014,0.273223,0.252673,0.264115,890559757
551,2001-03-30,0.262278,0.26731,0.246512,0.248059,776621248
552,2001-04-02,0.247361,0.253332,0.23457,0.237565,689845979
553,2001-04-03,0.23413,0.252033,0.2339,0.245613,1086406212
554,2001-04-04,0.23611,0.236588,0.205652,0.220342,1833182002
555,2001-04-05,0.2348,0.244465,0.228378,0.240519,940790495
556,2001-04-06,0.237565,0.252253,0.233442,0.239592,844385024
557,2001-04-09,0.244265,0.250206,0.224237,0.227909,598150848
558,2001-04-10,0.233442,0.256786,0.231095,0.249508,646811486
559,2001-04-11,0.264815,0.27442,0.257285,0.264335,777903498
560,2001-04-12,0.259584,0.279972,0.2545,0.268488,785204629
561,2001-04-16,0.263716,0.269207,0.257036,0.2618,416579337
562,2001-04-17,0.258014,0.276746,0.258014,0.27465,606485439
563,2001-04-18,0.286461,0.322559,0.286461,0.295299,1254932592
564,2001-04-19,0.296969,0.325804,0.295529,0.320524,889879413
565,2001-04-20,0.316607,0.343868,0.308352,0.332286,967063919
566,2001-04-23,0.325134,0.325334,0.311364,0.314788,675479268
567,2001-04-24,0.313891,0.337537,0.287509,0.292553,996765543
568,2001-04-25,0.293253,0.316407,0.292133,0.305784,776189464
569,2001-04-26,0.312513,0.312513,0.279014,0.28179,810143385
570,2001-04-27,0.292803,0.303057,0.287061,0.301939,499206994
571,2001-04-30,0.310227,0.336177,0.303487,0.318186,863174215
572,2001-05-01,0.319384,0.348989,0.31434,0.348089,1018053538
573,2001-05-02,0.356977,0.356977,0.335508,0.339953,843822476
574,2001-05-03,0.329669,0.339953,0.327591,0.338653,523648539
575,2001-05-04,0.328469,0.348759,0.327121,0.343198,519840925
576,2001-05-07,0.34183,0.361122,0.338004,0.358643,531878494
577,2001-05-08,0.363917,0.364117,0.329669,0.332745,883271816
578,2001-05-09,0.32217,0.328949,0.314788,0.317057,719115588
579,2001-05-10,0.326203,0.330168,0.302589,0.306514,544583558
580,2001-05-11,0.305554,0.307632,0.292553,0.298543,502229599
581,2001-05-14,0.299422,0.304655,0.288678,0.30102,382952674
582,2001-05-15,0.303737,0.324884,0.300321,0.312063,677441913
583,2001-05-16,0.304655,0.328469,0.302838,0.326691,521790470
584,2001-05-17,0.327591,0.34203,0.322559,0.332515,501051894
585,2001-05-18,0.331346,0.339953,0.323238,0.329669,313932785
586,2001-05-21,0.328949,0.351515,0.322369,0.344567,580447805
587,2001-05-22,0.349658,0.358403,0.336437,0.354851,572427062
588,2001-05-23,0.368971,0.382168,0.34784,0.351984,1223883411
589,2001-05-24,0.349658,0.366135,0.339103,0.357207,916218075
590,2001-05-25,0.349888,0.355081,0.343868,0.350357,516805521
591,2001-05-29,0.348539,0.348539,0.331346,0.336177,501876142
592,2001-05-30,0.32805,0.344796,0.326203,0.329669,1803951641
593,2001-05-31,0.332515,0.33434,0.320104,0.327121,688524449
594,2001-06-01,0.329449,0.348089,0.327371,0.345265,557432296
595,2001-06-04,0.345465,0.34736,0.335508,0.339733,338858381
596,2001-06-05,0.339553,0.361341,0.338903,0.357676,538185133
597,2001-06-06,0.359123,0.363917,0.353832,0.359322,381068496
598,2001-06-07,0.356049,0.380583,0.353632,0.379785,622134460
599,2001-06-08,0.378386,0.379066,0.365715,0.369869,388539520
600,2001-06-11,0.370297,0.370757,0.353183,0.358903,317256078
601,2001-06-12,0.351287,0.376248,0.350587,0.370996,601186322
602,2001-06-13,0.373521,0.379286,0.355081,0.358403,511768054
603,2001-06-14,0.353832,0.363917,0.348759,0.357676,515824169
604,2001-06-15,0.353632,0.369639,0.346892,0.363217,596724733
605,2001-06-18,0.362297,0.368271,0.344796,0.348989,467032606
606,2001-06-19,0.355331,0.363667,0.322559,0.329669,824928679
607,2001-06-20,0.323706,0.34784,0.316807,0.343868,959082425
608,2001-06-21,0.3425,0.356528,0.333412,0.350357,809358215
609,2001-06-22,0.348759,0.358174,0.344327,0.348989,414983088
610,2001-06-25,0.352933,0.354232,0.338004,0.348339,348933296
611,2001-06-26,0.340373,0.359942,0.339103,0.358403,413203636
612,2001-06-27,0.356528,0.357207,0.341072,0.347141,488346910
613,2001-06-28,0.351755,0.356279,0.34784,0.351287,495752757
614,2001-06-29,0.352484,0.359942,0.348539,0.354452,398483759
615,2001-07-02,0.340373,0.343198,0.333661,0.338653,566996860
616,2001-07-03,0.336437,0.346663,0.334779,0.342998,221504762
617,2001-07-05,0.338903,0.340873,0.317756,0.318186,556137066
618,2001-07-06,0.313412,0.315987,0.302189,0.308352,437684339
619,2001-07-09,0.304435,0.311814,0.295299,0.298294,552852761
620,2001-07-10,0.302189,0.306254,0.297168,0.300761,666071729
621,2001-07-11,0.299642,0.304884,0.291034,0.300121,493188185
622,2001-07-12,0.31434,0.318006,0.306514,0.315987,535123600
623,2001-07-13,0.313662,0.317057,0.302838,0.3093,376253410
624,2001-07-16,0.305784,0.309548,0.283009,0.284657,649690015
625,2001-07-17,0.279712,0.303057,0.276976,0.300321,637809400
626,2001-07-18,0.293253,0.30122,0.283898,0.290077,458488483
627,2001-07-19,0.294172,0.306983,0.289608,0.294601,457965143
628,2001-07-20,0.28731,0.293953,0.276976,0.286212,404777248
629,2001-07-23,0.286661,0.287061,0.258684,0.259114,843927062
630,2001-07-24,0.262508,0.276746,0.257036,0.276496,744342213
631,2001-07-25,0.276017,0.276746,0.264815,0.273922,679234445
632,2001-07-26,0.271456,0.303737,0.270087,0.301939,934523195
633,2001-07-27,0.30122,0.312932,0.292373,0.309548,596803179
634,2001-07-30,0.309977,0.311124,0.298763,0.302189,317452250
635,2001-07-31,0.302589,0.310447,0.291733,0.30908,647544197
636,2001-08-01,0.315287,0.329669,0.312932,0.32805,656912579
637,2001-08-02,0.332286,0.337157,0.321003,0.335957,598569472
638,2001-08-03,0.332515,0.338433,0.326203,0.333212,447236003
639,2001-08-06,0.330887,0.346663,0.327121,0.343198,704683661
640,2001-08-07,0.343198,0.344796,0.33408,0.338234,593492656
641,2001-08-08,0.335258,0.343868,0.32805,0.329449,613708002
642,2001-08-09,0.32805,0.334579,0.318006,0.323706,896068316
643,2001-08-10,0.323706,0.32785,0.313662,0.323468,565073574
644,2001-08-13,0.328949,0.340633,0.323936,0.337157,825831504
645,2001-08-14,0.330887,0.333212,0.323936,0.32805,1265452269
646,2001-08-15,0.335508,0.339333,0.325564,0.32827,990262511
647,2001-08-16,0.322369,0.342749,0.321003,0.34227,559408111
648,2001-08-17,0.333661,0.338004,0.317307,0.320104,909819870
649,2001-08-20,0.318006,0.321222,0.308132,0.318006,645123430
650,2001-08-21,0.318685,0.327121,0.310675,0.311124,646942290
651,2001-08-22,0.316607,0.324434,0.306514,0.323936,816737842
652,2001-08-23,0.322788,0.326891,0.315287,0.316807,552591151
653,2001-08-24,0.320354,0.332515,0.318186,0.325804,605661280
654,2001-08-27,0.318685,0.341331,0.317307,0.337377,697617971
655,2001-08-28,0.336177,0.343648,0.330168,0.332745,642637555
656,2001-08-29,0.333661,0.335957,0.319384,0.32217,782771022
657,2001-08-30,0.315987,0.323238,0.308612,0.321003,780324106
658,2001-08-31,0.318904,0.326691,0.314588,0.323706,484068354
659,2001-09-04,0.322788,0.322788,0.298962,0.30122,1011930102
660,2001-09-05,0.30102,0.309977,0.288678,0.307632,1306026897
661,2001-09-06,0.301469,0.311124,0.293733,0.29507,1063521658
662,2001-09-07,0.290556,0.302589,0.288908,0.298065,1074146221
663,2001-09-10,0.295529,0.300121,0.283698,0.289608,1020775134
664,2001-09-17,0.271456,0.278175,0.258454,0.259803,1241481957
665,2001-09-18,0.264815,0.266633,0.238285,0.244265,975189248
666,2001-09-19,0.245613,0.248309,0.206791,0.241119,1703045283
667,2001-09-20,0.228138,0.236588,0.21392,0.2208,1603591039
668,2001-09-21,0.203605,0.216208,0.198784,0.206112,1337115257
669,2001-09-24,0.222399,0.232743,0.212533,0.229306,1643720693
670,2001-09-25,0.229936,0.239851,0.219654,0.220342,1026820112
671,2001-09-26,0.223089,0.223997,0.210237,0.212303,469741062
672,2001-09-27,0.211614,0.21392,0.1949,0.200631,989281069
673,2001-09-28,0.206332,0.220113,0.197645,0.210008,1139293068
674,2001-10-01,0.209788,0.213211,0.188708,0.192153,1060708545
675,2001-10-02,0.191923,0.199473,0.173103,0.182516,1224511476
676,2001-10-03,0.181598,0.229936,0.181598,0.218504,1961369436
677,2001-10-04,0.229936,0.258454,0.222169,0.246742,2159544982
678,2001-10-05,0.243069,0.257514,0.2339,0.251554,1175641347
679,2001-10-08,0.241369,0.266633,0.241369,0.257036,835108179
680,2001-10-09,0.257754,0.262998,0.238713,0.246043,1000468231
681,2001-10-10,0.241589,0.263716,0.240091,0.2618,1055605641
682,2001-10-11,0.275817,0.291034,0.27418,0.290077,1000952492
683,2001-10-12,0.28277,0.309548,0.28179,0.30908,1366332719
684,2001-10-15,0.299872,0.317057,0.291733,0.307632,990667996
685,2001-10-16,0.307233,0.340873,0.300761,0.338653,1508899823
686,2001-10-17,0.345963,0.346163,0.317057,0.318685,1848752466
687,2001-10-18,0.318685,0.335258,0.318006,0.332286,1113111290
688,2001-10-19,0.327371,0.343868,0.323238,0.339103,1154981277
689,2001-10-22,0.336677,0.351515,0.328949,0.347141,1058549678
690,2001-10-23,0.351515,0.357676,0.333212,0.340873,1039145671
691,2001-10-24,0.334779,0.356747,0.330887,0.356049,1321675798
692,2001-10-25,0.34784,0.383068,0.34227,0.376967,1256528871
693,2001-10-26,0.37422,0.385393,0.34784,0.349888,1196262448
694,2001-10-29,0.351287,0.357207,0.321222,0.321481,1095591450
695,2001-10-30,0.315727,0.335957,0.308352,0.321003,1257601580
696,2001-10-31,0.332965,0.34203,0.322788,0.327591,1078686437
697,2001-11-01,0.331816,0.358174,0.326691,0.355551,1192611817
698,2001-11-02,0.354012,0.364767,0.340873,0.360402,1185493820
699,2001-11-05,0.366864,0.376748,0.359522,0.361819,1017805027
700,2001-11-06,0.361122,0.388361,0.359322,0.386492,1543272167
701,2001-11-07,0.383548,0.40194,0.381451,0.386922,1547380760
702,2001-11-08,0.391815,0.396907,0.368741,0.380184,2088248230
703,2001-11-09,0.397127,0.407013,0.38974,0.406563,2475649554
704,2001-11-12,0.405164,0.427841,0.392713,0.417567,1590441342
705,2001-11-13,0.418934,0.418934,0.408112,0.414093,1577226168
706,2001-11-14,0.417067,0.42113,0.391357,0.40262,1254160602
707,2001-11-15,0.397976,0.410158,0.392953,0.404695,954005769
708,2001-11-16,0.405164,0.409288,0.395709,0.401271,540959147
709,2001-11-19,0.405164,0.408829,0.370757,0.392255,2118630088
710,2001-11-20,0.394331,0.401271,0.376967,0.381201,1022633072
711,2001-11-21,0.374889,0.386492,0.365265,0.376488,794232814
712,2001-11-23,0.377917,0.382168,0.371475,0.381699,276969450
713,2001-11-26,0.388122,0.409488,0.386922,0.409058,1325640446
714,2001-11-27,0.408829,0.422479,0.401271,0.413385,1290979903
715,2001-11-28,0.408112,0.414991,0.391587,0.392484,807788305
716,2001-11-29,0.42093,0.423178,0.408112,0.409708,5599523791
717,2001-11-30,0.409488,0.420501,0.403518,0.417567,1127464931
718,2001-12-03,0.408829,0.413843,0.403966,0.411257,928438887
719,2001-12-04,0.413385,0.444875,0.413385,0.444376,1509763320
720,2001-12-05,0.447772,0.480952,0.447522,0.480072,1861287206
721,2001-12-06,0.476459,0.477629,0.460583,0.472544,1241861312
722,2001-12-07,0.469049,0.473443,0.450088,0.458166,879961513
723,2001-12-10,0.455901,0.473214,0.452184,0.462658,758748112
724,2001-12-11,0.470887,0.490179,0.466125,0.479354,863841550
725,2001-12-12,0.483089,0.494522,0.473633,0.494322,1095408247
726,2001-12-13,0.484487,0.490648,0.478078,0.480072,961045039
727,2001-12-14,0.479852,0.503937,0.477879,0.501672,822874538
728,2001-12-17,0.497767,0.526903,0.497767,0.519744,1178637782
729,2001-12-18,0.508301,0.515472,0.502091,0.506263,967116357
730,2001-12-19,0.497967,0.508101,0.490648,0.492446,931880056
731,2001-12-20,0.494522,0.503507,0.471387,0.472964,1037182886
732,2001-12-21,0.483319,0.496849,0.477879,0.493654,789391589
733,2001-12-24,0.493404,0.508301,0.493174,0.505806,289281889
734,2001-12-26,0.508301,0.526903,0.508301,0.518185,700182423
735,2001-12-27,0.522759,0.532684,0.522059,0.530317,796129961
736,2001-12-28,0.533382,0.537029,0.512527,0.517545,826145412
737,2001-12-31,0.521362,0.524378,0.510197,0.511357,804229251
738,2002-01-02,0.513694,0.523178,0.500504,0.514324,1416275587
739,2002-01-03,0.515472,0.550239,0.515272,0.547992,1542591803
740,2002-01-04,0.555261,0.555261,0.522759,0.532235,1020892859
741,2002-01-07,0.534282,0.534932,0.510657,0.517785,1060996545
742,2002-01-08,0.516849,0.536329,0.515043,0.523878,844332756
743,2002-01-09,0.531287,0.540664,0.509478,0.516849,1244308149
744,2002-01-10,0.514124,0.520862,0.499824,0.504387,1082193153
745,2002-01-11,0.507632,0.507881,0.480072,0.481921,1505628688
746,2002-01-14,0.480952,0.484257,0.456798,0.456798,1493316189
747,2002-01-15,0.47571,0.499604,0.47528,0.499354,2004966438
748,2002-01-16,0.492446,0.495741,0.478078,0.479852,1216176645
749,2002-01-17,0.495741,0.496849,0.477879,0.49662,1222889129
750,2002-01-18,0.478078,0.491108,0.477629,0.487652,876297673
751,2002-01-22,0.492206,0.493404,0.469749,0.47528,1183073473
752,2002-01-23,0.479602,0.487652,0.470188,0.484257,969510625
753,2002-01-24,0.48905,0.506733,0.478737,0.501672,1240487535
754,2002-01-25,0.494522,0.512995,0.488361,0.500304,891645806
755,2002-01-28,0.510197,0.519744,0.505107,0.519514,1007808600
756,2002-01-29,0.520862,0.522279,0.486054,0.494073,1506806143
757,2002-01-30,0.496849,0.500504,0.484937,0.500084,1328558165
758,2002-01-31,0.506733,0.510657,0.485585,0.502291,1061990956
759,2002-02-01,0.501672,0.506983,0.487182,0.490179,750465588
760,2002-02-04,0.48905,0.500942,0.466355,0.467073,1204701755
761,2002-02-05,0.463827,0.467892,0.444376,0.462398,1607869635
762,2002-02-06,0.474562,0.482141,0.465426,0.473842,1354805300
763,2002-02-07,0.474562,0.474562,0.456599,0.458566,1051627973
764,2002-02-08,0.46176,0.464277,0.423658,0.441112,2040385832
765,2002-02-11,0.440382,0.466125,0.438894,0.465426,1362106471
766,2002-02-12,0.458566,0.484257,0.453354,0.47528,1326425346
767,2002-02-13,0.481441,0.489509,0.464757,0.469269,1341616375
768,2002-02-14,0.473214,0.484937,0.467273,0.47506,1336447952
769,2002-02-15,0.453354,0.455901,0.433802,0.438445,4348961311
770,2002-02-19,0.419634,0.423897,0.405834,0.409288,2150765338
771,2002-02-20,0.40194,0.435132,0.401271,0.430608,2004887941
772,2002-02-21,0.424787,0.424787,0.400772,0.401271,1669392491
773,2002-02-22,0.393183,0.397726,0.376488,0.381451,2819257554
774,2002-02-25,0.383328,0.414323,0.383068,0.411257,1744103861
775,2002-02-26,0.420501,0.427612,0.409288,0.420301,2074601423
776,2002-02-27,0.429908,0.431776,0.405164,0.406344,1878937981
777,2002-02-28,0.403518,0.410827,0.386292,0.38974,1728703501
778,2002-03-01,0.393653,0.428081,0.392484,0.427612,1429896316
779,2002-03-04,0.428739,0.456379,0.424577,0.451485,1618886774
780,2002-03-05,0.444376,0.462199,0.444207,0.450327,1504097827
781,2002-03-06,0.436769,0.441112,0.426713,0.43608,1576728957
782,2002-03-07,0.44225,0.443707,0.420501,0.432732,1468207430
783,2002-03-08,0.440852,0.454754,0.438645,0.445544,1385147949
784,2002-03-11,0.440632,0.445544,0.432952,0.440182,883782046
785,2002-03-12,0.426913,0.429239,0.414323,0.417307,1368439328
786,2002-03-13,0.413385,0.416367,0.408112,0.409708,1124834971
787,2002-03-14,0.406563,0.406563,0.386122,0.386922,1242423811
788,2002-03-15,0.38974,0.403718,0.382168,0.403298,1361085890
789,2002-03-18,0.410607,0.419634,0.398705,0.403298,1348773431
790,2002-03-19,0.406344,0.407013,0.392255,0.39483,922524794
791,2002-03-20,0.388122,0.38904,0.354232,0.355551,2499750952
792,2002-03-21,0.361569,0.378846,0.351984,0.37447,1877289364
793,2002-03-22,0.381031,0.381031,0.368491,0.371226,1362014984
794,2002-03-25,0.36944,0.369869,0.351515,0.351984,964054504
795,2002-03-26,0.348339,0.368271,0.346423,0.359322,1225034816
796,2002-03-27,0.353832,0.360872,0.341571,0.34784,1164519732
797,2002-03-28,0.350137,0.352484,0.320104,0.339103,3406378285
798,2002-04-01,0.320354,0.336177,0.309977,0.333412,2579081266
799,2002-04-02,0.323468,0.341571,0.322788,0.324634,1567949433
800,2002-04-03,0.326203,0.335008,0.319384,0.330887,1193554041
801,2002-04-04,0.32827,0.340373,0.323706,0.329189,1233160155
802,2002-04-05,0.331346,0.336937,0.318425,0.3217,1119692818
803,2002-04-08,0.306733,0.332515,0.306733,0.332515,1255351376
804,2002-04-09,0.335957,0.338653,0.310675,0.311614,1505537031
805,2002-04-10,0.314111,0.316407,0.272154,0.294402,4023135181
806,2002-04-11,0.291933,0.295769,0.278175,0.28137,1567164273
807,2002-04-12,0.287758,0.290077,0.271456,0.280442,1501297523
808,2002-04-15,0.285764,0.296499,0.285076,0.291733,1261775660
809,2002-04-16,0.304655,0.307882,0.298294,0.304217,932102567
810,2002-04-17,0.307882,0.312513,0.298294,0.307882,1029829577
811,2002-04-18,0.304655,0.308132,0.296249,0.302838,755791015
812,2002-04-19,0.292553,0.296249,0.28179,0.28229,1227390016
813,2002-04-22,0.279014,0.289358,0.279014,0.283698,881204485
814,2002-04-23,0.285764,0.289108,0.269607,0.272154,843403712
815,2002-04-24,0.275119,0.279273,0.247581,0.248309,1725995094
816,2002-04-25,0.247161,0.262748,0.247161,0.258014,1273865788
817,2002-04-26,0.260632,0.260861,0.232045,0.232045,1298752105
818,2002-04-29,0.259584,0.27465,0.250855,0.270756,4286051659
819,2002-04-30,0.277196,0.280911,0.260233,0.265934,1937032528
820,2002-05-01,0.261581,0.27465,0.25494,0.270756,1874227751
821,2002-05-02,0.272154,0.278844,0.259803,0.260033,1226748891
822,2002-05-03,0.260233,0.262278,0.249038,0.250406,929812675
823,2002-05-06,0.243787,0.25516,0.238713,0.240769,1201626972
824,2002-05-07,0.246043,0.251305,0.2348,0.246742,1540079750
825,2002-05-08,0.263716,0.279512,0.25516,0.275119,1841281242
826,2002-05-09,0.27418,0.279972,0.262998,0.263477,1342061148
827,2002-05-10,0.268727,0.269857,0.240769,0.243787,1440965973
828,2002-05-13,0.246263,0.259354,0.244265,0.258454,873262229
829,2002-05-14,0.274899,0.287061,0.270087,0.284157,1664014757
830,2002-05-15,0.279712,0.29507,0.275817,0.289608,1640502006
831,2002-05-16,0.289838,0.296249,0.283898,0.290337,1074617253
832,2002-05-17,0.298065,0.300121,0.290806,0.299422,1018838688
833,2002-05-20,0.296969,0.304435,0.295529,0.302589,1039564305
834,2002-05-21,0.306514,0.310675,0.279273,0.279512,1507538935
835,2002-05-22,0.28179,0.292553,0.28137,0.290806,1687867374
836,2002-05-23,0.291733,0.292373,0.264335,0.273023,2787815828
837,2002-05-24,0.267758,0.269207,0.261581,0.267758,804451813
838,2002-05-28,0.270087,0.270307,0.251774,0.257036,1490620802
839,2002-05-29,0.252932,0.267758,0.249038,0.266833,1429477672
840,2002-05-30,0.261331,0.269207,0.256336,0.262998,1162413253
841,2002-05-31,0.264335,0.265495,0.25516,0.25564,735026200
842,2002-06-03,0.249508,0.250605,0.237565,0.240769,982686731
843,2002-06-04,0.239163,0.254,0.238713,0.252932,1194417458
844,2002-06-05,0.253332,0.253332,0.24029,0.249258,1214999070
845,2002-06-06,0.246512,0.252673,0.246512,0.249258,806165757
846,2002-06-07,0.229067,0.249957,0.228837,0.246932,1495213326
847,2002-06-10,0.250206,0.257036,0.244265,0.244944,816842438
848,2002-06-11,0.248788,0.249957,0.233202,0.2339,936956882
849,2002-06-12,0.228138,0.232285,0.203835,0.21368,2472443987
850,2002-06-13,0.215278,0.219194,0.204744,0.211384,1380280715
851,2002-06-14,0.203605,0.216885,0.196737,0.215278,1217328211
852,2002-06-17,0.220113,0.223089,0.213451,0.217354,1149394331
853,2002-06-18,0.2146,0.222399,0.212074,0.216208,1099412014
854,2002-06-19,0.205652,0.205652,0.180681,0.182276,2827984810
855,2002-06-20,0.182746,0.187561,0.178154,0.180681,1553818204
856,2002-06-21,0.179752,0.186651,0.169437,0.173103,1618494199
857,2002-06-24,0.168748,0.181827,0.163476,0.176328,1504254630
858,2002-06-25,0.179532,0.179532,0.16072,0.161869,1278157293
859,2002-06-26,0.143535,0.158883,0.139412,0.153381,2254681191
860,2002-06-27,0.159113,0.16026,0.128398,0.130455,3470412984
861,2002-06-28,0.128398,0.136667,0.125643,0.131383,2171111389
862,2002-07-01,0.130695,0.13459,0.128168,0.130913,1269587202
863,2002-07-02,0.129547,0.129996,0.119451,0.122668,1491811467
864,2002-07-03,0.121988,0.133681,0.121988,0.133451,1170289801
865,2002-07-05,0.142846,0.145133,0.138723,0.145133,806348950
866,2002-07-08,0.143535,0.154758,0.143305,0.149489,1730600918
867,2002-07-09,0.149947,0.151784,0.138963,0.142158,1172226397
868,2002-07-10,0.145593,0.14674,0.137357,0.138266,1010752507
869,2002-07-11,0.137567,0.152922,0.136197,0.152243,1247317444
870,2002-07-12,0.16049,0.16118,0.149029,0.152243,1466427978
871,2002-07-15,0.152452,0.16737,0.145593,0.16737,1630387723
872,2002-07-16,0.163236,0.178384,0.16004,0.162788,1933682886
873,2002-07-17,0.159343,0.162318,0.142606,0.149029,2096072671
874,2002-07-18,0.14651,0.155218,0.144683,0.145133,1355525123
875,2002-07-19,0.140788,0.146281,0.137567,0.138504,922197706
876,2002-07-22,0.138036,0.141928,0.126561,0.132073,1407378178
877,2002-07-23,0.132991,0.133681,0.117854,0.122218,1537031086
878,2002-07-24,0.12061,0.132073,0.12061,0.129996,1281284334
879,2002-07-25,0.124964,0.125413,0.110976,0.1151,1958778806
880,2002-07-26,0.118554,0.121298,0.109366,0.112342,1332313381
881,2002-07-29,0.117165,0.117624,0.111892,0.115558,1338659348
882,2002-07-30,0.1151,0.129777,0.114631,0.124034,1982291115
883,2002-07-31,0.0903253,0.0921724,0.083685,0.0846137,5274233730
884,2002-08-01,0.0853027,0.0853027,0.076356,0.0765857,1881646427
885,2002-08-02,0.0788823,0.0795713,0.0694663,0.0715432,1957483425
886,2002-08-05,0.070385,0.0706147,0.0648933,0.0658019,1450962190
887,2002-08-06,0.0687874,0.071753,0.067639,0.0692365,1274415267
888,2002-08-07,0.072232,0.0729113,0.0648933,0.067639,973671496
889,2002-08-08,0.0683281,0.0731409,0.0664907,0.0719926,823685676
890,2002-08-09,0.0701552,0.0726915,0.0687874,0.070385,633831852
891,2002-08-12,0.0694663,0.0729113,0.067639,0.070385,646366613
892,2002-08-13,0.0708444,0.0742792,0.0687874,0.0687874,713554781
893,2002-08-14,0.0701552,0.0740594,0.0694663,0.0736001,689858918
894,2002-08-15,0.076356,0.0802502,0.0754375,0.0786527,1243143553
895,2002-08-16,0.0745187,0.0843841,0.072232,0.0816381,1807196657
896,2002-08-19,0.0853027,0.102717,0.0850629,0.0967556,2446693812
897,2002-08-20,0.0974446,0.0992718,0.0912339,0.092402,1558659508
898,2002-08-21,0.0965259,0.0985829,0.0921724,0.0972149,1302847499
899,2002-08-22,0.0944489,0.0981234,0.0933105,0.0940097,1481252481
900,2002-08-23,0.0912339,0.0919328,0.0873596,0.087819,1003058902
901,2002-08-26,0.0894165,0.0901056,0.0843841,0.0884978,761692039
902,2002-08-27,0.0901056,0.0905548,0.0830161,0.0834654,748764644
903,2002-08-28,0.0830161,0.0832259,0.0779734,0.0781833,763641704
904,2002-08-29,0.0772747,0.0827864,0.0765857,0.0793316,889212079
905,2002-08-30,0.078423,0.081858,0.075667,0.0772747,1162203711
906,2002-09-03,0.0736001,0.0738298,0.0713135,0.0724518,923846313
907,2002-09-04,0.0726915,0.0745187,0.0687874,0.0719926,1014638508
908,2002-09-05,0.0713135,0.0715432,0.0687874,0.0692365,778858772
909,2002-09-06,0.072232,0.0726915,0.0696961,0.0708444,813911620
910,2002-09-09,0.0701552,0.0729113,0.0681083,0.0706147,630272828
911,2002-09-10,0.070385,0.0843841,0.0701552,0.0807094,2527057877
912,2002-09-11,0.0832259,0.091014,0.0832259,0.0848433,1807314352
913,2002-09-12,0.0827864,0.0871299,0.0811689,0.0820874,1411944643
914,2002-09-13,0.0811689,0.0850629,0.0802502,0.0807094,868879087
915,2002-09-16,0.0795713,0.0797909,0.0738298,0.075667,1009090761
916,2002-09-17,0.0791219,0.0809392,0.0740594,0.0745187,963936679
917,2002-09-18,0.0733705,0.0747485,0.0701552,0.0724518,885038158
918,2002-09-19,0.0708444,0.0733705,0.0696961,0.0699257,674380220
919,2002-09-20,0.0706147,0.0719926,0.0687874,0.070385,749418959
920,2002-09-23,0.0692365,0.0699257,0.0669402,0.0674092,568815771
921,2002-09-24,0.0664907,0.071074,0.0653525,0.0678686,680869942
922,2002-09-25,0.071753,0.0729113,0.069017,0.0715432,977636045
923,2002-09-26,0.0729113,0.0738298,0.0667105,0.0678686,806388008
924,2002-09-27,0.067639,0.0694663,0.0653525,0.0653525,709485407
925,2002-09-30,0.0651227,0.0683281,0.0637448,0.0653525,636906655
926,2002-10-01,0.0660217,0.0694663,0.0635152,0.069017,968634039
927,2002-10-02,0.0694663,0.0729113,0.0687874,0.0687874,816790200
928,2002-10-03,0.0681083,0.0692365,0.0653525,0.0655721,643932836
929,2002-10-04,0.0653525,0.0674092,0.0612287,0.0621372,577660862
930,2002-10-07,0.0614583,0.0625967,0.0587024,0.0591516,537622534
931,2002-10-08,0.0612287,0.0612287,0.0550179,0.0573246,778793325
932,2002-10-09,0.0566254,0.06031,0.0552576,0.056406,624921363
933,2002-10-10,0.0557067,0.060989,0.0557067,0.0591516,586649598
934,2002-10-11,0.0614583,0.0683281,0.0612287,0.0674092,1083972595
935,2002-10-14,0.0653525,0.0674092,0.0639745,0.0653525,666739023
936,2002-10-15,0.0726915,0.0751977,0.071074,0.072232,929825914
937,2002-10-16,0.0671698,0.0678686,0.0648933,0.0660217,630364555
938,2002-10-17,0.071753,0.0745187,0.0701552,0.071074,638725475
939,2002-10-18,0.0708444,0.0726915,0.0681083,0.071753,543405983
940,2002-10-21,0.0708444,0.0809392,0.0692365,0.078423,1014717156
941,2002-10-22,0.0747485,0.0855225,0.0747485,0.0809392,1387123723
942,2002-10-23,0.0820874,0.0853027,0.0809392,0.0841545,1009051492
943,2002-10-24,0.0859816,0.0869004,0.0786527,0.0800206,1150519438
944,2002-10-25,0.0802502,0.0853027,0.0791219,0.0848433,813362202
945,2002-10-28,0.0887275,0.0894165,0.0848433,0.0853027,1167280527
946,2002-10-29,0.0855225,0.0859816,0.0772747,0.0816381,842553224
947,2002-10-30,0.0841545,0.0887275,0.0839146,0.0859816,1242463250
948,2002-10-31,0.0864409,0.0914736,0.0862015,0.091014,1368923230
949,2002-11-01,0.0896361,0.109137,0.0894165,0.10777,2321201945
950,2002-11-04,0.114181,0.126112,0.113951,0.119451,2931036886
951,2002-11-05,0.119243,0.121298,0.109596,0.11486,2218385190
952,2002-11-06,0.118764,0.123804,0.113951,0.123574,1794753313
953,2002-11-07,0.120381,0.120381,0.110506,0.111203,1810611526
954,2002-11-08,0.0940097,0.0995114,0.0841545,0.0869004,4142176165
955,2002-11-11,0.0827864,0.0839146,0.0781833,0.0800206,1503011878
956,2002-11-12,0.0820874,0.0901056,0.0813986,0.0871299,1505994844
957,2002-11-13,0.0850629,0.092402,0.0834654,0.0898759,1964954559
958,2002-11-14,0.095837,0.0976741,0.0930811,0.095837,1241625781
959,2002-11-15,0.10088,0.106391,0.0997312,0.102937,2239961314
960,2002-11-18,0.111203,0.111662,0.106391,0.106841,2161612303
961,2002-11-19,0.106162,0.113731,0.105013,0.108229,2150137282
962,2002-11-20,0.111662,0.114631,0.110056,0.113731,1409615552
963,2002-11-21,0.118314,0.129088,0.118084,0.123345,2239516421
964,2002-11-22,0.115796,0.122668,0.114631,0.120141,1365024259
965,2002-11-25,0.125643,0.127479,0.120828,0.124494,1341236819
966,2002-11-26,0.125184,0.127479,0.120828,0.121068,1182314542
967,2002-11-27,0.126332,0.132752,0.124724,0.130455,1186920135
968,2002-11-29,0.133901,0.135968,0.129996,0.130913,566329726
969,2002-12-02,0.137807,0.13964,0.129318,0.129996,1273002101
970,2002-12-03,0.127479,0.127709,0.121068,0.121298,1140758442
971,2002-12-04,0.112801,0.114631,0.106391,0.106841,2405936142
972,2002-12-05,0.113731,0.114411,0.105253,0.10777,1738987867
973,2002-12-06,0.103175,0.110056,0.101578,0.108,1263973946
974,2002-12-09,0.104553,0.106162,0.0985829,0.0992718,1057424291
975,2002-12-10,0.101808,0.109596,0.10066,0.10777,1515481111
976,2002-12-11,0.106841,0.110056,0.103415,0.107081,1487480713
977,2002-12-12,0.110976,0.112342,0.105013,0.105253,1420253255
978,2002-12-13,0.103415,0.103415,0.10043,0.10112,771675437
979,2002-12-16,0.104783,0.10777,0.102038,0.107081,1152482263
980,2002-12-17,0.109137,0.112801,0.106162,0.107081,1175131146
981,2002-12-18,0.103633,0.103873,0.0985829,0.0988226,1228659158
982,2002-12-19,0.0969853,0.102258,0.0956073,0.0967556,1200056913
983,2002-12-20,0.0997312,0.10088,0.0930811,0.097894,877279175
984,2002-12-23,0.0976741,0.10112,0.0974446,0.0985829,543706891
985,2002-12-24,0.0992718,0.10112,0.0960668,0.0967556,327475077
986,2002-12-26,0.0983632,0.0997312,0.0940097,0.0949185,784799135
987,2002-12-27,0.0974446,0.0976741,0.0905548,0.0912339,766009844
988,2002-12-30,0.0917031,0.0926319,0.0859816,0.0880387,855650723
989,2002-12-31,0.0871299,0.0901056,0.0855225,0.0880387,899980517
990,2003-01-02,0.0917031,0.0951479,0.0884978,0.0940097,1420240156
991,2003-01-03,0.0944489,0.0974446,0.092402,0.0940097,1131246156
992,2003-01-06,0.0962963,0.103175,0.0962963,0.101808,1126810666
993,2003-01-07,0.103633,0.106162,0.1002,0.10134,1633658838
994,2003-01-08,0.0988226,0.101808,0.0905548,0.0912339,2019921795
995,2003-01-09,0.0942294,0.0951479,0.0919328,0.0928513,1565842824
996,2003-01-10,0.0917031,0.095837,0.0905548,0.0944489,1008030961
997,2003-01-13,0.0981234,0.0990521,0.0933105,0.0937702,925848136
998,2003-01-14,0.0940097,0.0953775,0.0917031,0.0944489,947005607
999,2003-01-15,0.0944489,0.0953775,0.0914736,0.0914736,986324092
1000,2003-01-16,0.0901056,0.0912339,0.0841545,0.0853027,2224312323
1001,2003-01-17,0.0830161,0.0841545,0.0811689,0.0820874,1154510195
1002,2003-01-21,0.083685,0.0855225,0.0797909,0.0800206,1054768353
1003,2003-01-22,0.0797909,0.0823271,0.0795713,0.0802502,600780717
1004,2003-01-23,0.0823271,0.083685,0.0802502,0.0823271,1001449543
1005,2003-01-24,0.0816381,0.0820874,0.076356,0.077734,978172614
1006,2003-01-27,0.0761264,0.0800206,0.0747485,0.0765857,969458368
1007,2003-01-28,0.075667,0.0807094,0.0731409,0.0793316,1946819683
1008,2003-01-29,0.0772747,0.0816381,0.0772747,0.0809392,1114393701
1009,2003-01-30,0.0825467,0.0832259,0.0768152,0.077734,810208802
1010,2003-01-31,0.0754375,0.0809392,0.0747485,0.0788823,1035468871
1011,2003-02-03,0.0802502,0.081858,0.0786527,0.08048,823829511
1012,2003-02-04,0.0797909,0.0802502,0.075667,0.0768152,684441995
1013,2003-02-05,0.078423,0.0807094,0.0772747,0.0775044,634054264
1014,2003-02-06,0.0827864,0.0830161,0.0768152,0.0781833,1336984412
1015,2003-02-07,0.0795713,0.0800206,0.0745187,0.0745187,997851461
1016,2003-02-10,0.0745187,0.0761264,0.0713135,0.0754375,1071424555
1017,2003-02-11,0.0761264,0.078423,0.0738298,0.0740594,927588470
1018,2003-02-12,0.0740594,0.0772747,0.0736001,0.0745187,699358174
1019,2003-02-13,0.0758966,0.0761264,0.0738298,0.0754375,969510625
1020,2003-02-14,0.0857421,0.0921724,0.083685,0.0919328,3869524970
1021,2003-02-18,0.0956073,0.0990521,0.0944489,0.0972149,1897792610
1022,2003-02-19,0.0967556,0.0988226,0.0956073,0.0981234,1244334188
1023,2003-02-20,0.0985829,0.10112,0.097894,0.0981234,1066518063
1024,2003-02-21,0.0981234,0.0985829,0.0946888,0.0983632,995783990
1025,2003-02-24,0.0974446,0.103175,0.0969853,0.0995114,1239754763
1026,2003-02-25,0.0962963,0.0992718,0.0946888,0.0988226,1351181099
1027,2003-02-26,0.0976741,0.0992718,0.0937702,0.0940097,814382692
1028,2003-02-27,0.0949185,0.0965259,0.0935504,0.0960668,736334539
1029,2003-02-28,0.0930811,0.0967556,0.0903253,0.0965259,1802734727
1030,2003-03-03,0.0976741,0.0992718,0.0935504,0.0949185,765473354
1031,2003-03-04,0.0951479,0.0960668,0.0930811,0.0940097,587042103
1032,2003-03-05,0.0930811,0.0960668,0.0928513,0.0956073,569339191
1033,2003-03-06,0.0949185,0.095837,0.0935504,0.0940097,597588099
1034,2003-03-07,0.0926319,0.095837,0.0917031,0.0953775,633661759
1035,2003-03-10,0.0944489,0.0949185,0.0926319,0.0928513,375952431
1036,2003-03-11,0.0935504,0.0949185,0.092402,0.0935504,454837942
1037,2003-03-12,0.0942294,0.0962963,0.0933105,0.0960668,538551649
1038,2003-03-13,0.0988226,0.106162,0.0983632,0.105703,1485871264
1039,2003-03-14,0.105932,0.107081,0.101808,0.102488,1193095959
1040,2003-03-17,0.10088,0.110506,0.10066,0.108459,1425984196
1041,2003-03-18,0.108229,0.109366,0.105473,0.10777,1016522746
1042,2003-03-19,0.108,0.108907,0.104333,0.108229,777419437
1043,2003-03-20,0.108229,0.111432,0.105473,0.109137,850547798
1044,2003-03-21,0.113031,0.113261,0.103415,0.108229,1833770950
1045,2003-03-24,0.103873,0.107081,0.103175,0.104103,914831238
1046,2003-03-25,0.104553,0.108689,0.104103,0.107081,733626173
1047,2003-03-26,0.109596,0.111892,0.108689,0.110056,1207946680
1048,2003-03-27,0.108689,0.110976,0.106611,0.107081,1518582062
1049,2003-03-28,0.107081,0.107301,0.10088,0.102717,1407312831
1050,2003-03-31,0.0995114,0.10066,0.097894,0.0983632,742000032
1051,2003-04-01,0.10043,0.102488,0.0983632,0.10134,582044014
1052,2003-04-02,0.104783,0.106841,0.103415,0.105013,841650489
1053,2003-04-03,0.107081,0.107081,0.104333,0.106391,766846440
1054,2003-04-04,0.106841,0.106841,0.101808,0.102258,560043528
1055,2003-04-07,0.109366,0.110056,0.102488,0.103415,731972028
1056,2003-04-08,0.104333,0.104783,0.101808,0.102488,519952611
1057,2003-04-09,0.102717,0.105473,0.101808,0.101808,757618689
1058,2003-04-10,0.103175,0.103415,0.10134,0.102488,397308388
1059,2003-04-11,0.103633,0.104333,0.1002,0.10134,409436121
1060,2003-04-14,0.0997312,0.103415,0.0995114,0.102937,488211017
1061,2003-04-15,0.102258,0.103873,0.0997312,0.102488,539228527
1062,2003-04-16,0.104783,0.105013,0.101578,0.102488,735588628
1063,2003-04-17,0.103175,0.104553,0.10112,0.104333,570295846
1064,2003-04-21,0.104333,0.107301,0.103415,0.107081,651108399
1065,2003-04-22,0.106391,0.108459,0.104783,0.108459,863411929
1066,2003-04-23,0.108229,0.111432,0.107301,0.110746,663838370
1067,2003-04-24,0.110976,0.110976,0.106162,0.10753,723309649
1068,2003-04-25,0.106841,0.108689,0.102488,0.103633,966959093
1069,2003-04-28,0.104783,0.108689,0.103633,0.106611,738606716
1070,2003-04-29,0.109137,0.111432,0.108229,0.110056,734833923
1071,2003-04-30,0.109366,0.112342,0.108907,0.109137,511484251
1072,2003-05-01,0.108689,0.111203,0.108229,0.110286,802030194
1073,2003-05-02,0.111662,0.122218,0.110976,0.121528,1848928449
1074,2003-05-05,0.122668,0.130226,0.12061,0.124494,1722365105
1075,2003-05-06,0.123804,0.127938,0.121758,0.124724,1251152058
1076,2003-05-07,0.122886,0.125643,0.12061,0.122668,981624178
1077,2003-05-08,0.122668,0.127709,0.119681,0.122668,2233121151
1078,2003-05-09,0.143995,0.164614,0.13986,0.163236,10102773455
1079,2003-05-12,0.163696,0.16737,0.157496,0.158643,3292557771
1080,2003-05-13,0.152922,0.158194,0.152452,0.155668,1997701231
1081,2003-05-14,0.156356,0.158194,0.153609,0.155668,1056067399
1082,2003-05-15,0.157965,0.16118,0.157046,0.16096,1210502319
1083,2003-05-16,0.158883,0.165303,0.158643,0.162548,1116667109
1084,2003-05-19,0.16026,0.161869,0.151325,0.152004,1334619387
1085,2003-05-20,0.153609,0.155448,0.152922,0.154288,967642602
1086,2003-05-21,0.154528,0.1598,0.153609,0.1598,991420758
1087,2003-05-22,0.16004,0.161869,0.156356,0.16026,973372010
1088,2003-05-23,0.16049,0.163476,0.158883,0.159582,948937716
1089,2003-05-27,0.157736,0.17426,0.154758,0.173562,1830327819
1090,2003-05-28,0.172883,0.17494,0.168988,0.173103,1351446004
1091,2003-05-29,0.173103,0.191005,0.172643,0.185045,2505655552
1092,2003-05-30,0.202447,0.203605,0.197645,0.199933,2336364702
1093,2003-06-02,0.204055,0.205423,0.1878,0.188937,1708729564
1094,2003-06-03,0.186871,0.198554,0.184585,0.192843,1742037422
1095,2003-06-04,0.192153,0.197645,0.189167,0.197415,1282870517
1096,2003-06-05,0.1949,0.203835,0.192153,0.203156,1318801074
1097,2003-06-06,0.210924,0.212074,0.19537,0.196967,1508901505
1098,2003-06-09,0.19559,0.200631,0.191463,0.19444,786188335
1099,2003-06-10,0.19444,0.197415,0.192393,0.197415,614383229
1100,2003-06-11,0.196049,0.199243,0.192613,0.197415,1029229453
1101,2003-06-12,0.198784,0.201079,0.19399,0.19444,1141488359
1102,2003-06-13,0.186183,0.191463,0.178154,0.179303,1992237148
1103,2003-06-16,0.181598,0.185504,0.169437,0.183206,2078443639
1104,2003-06-17,0.187331,0.188708,0.181827,0.187561,1090723886
1105,2003-06-18,0.185733,0.198554,0.184115,0.19467,1224671265
1106,2003-06-19,0.19559,0.196508,0.181827,0.182976,1298087485
1107,2003-06-20,0.184805,0.185045,0.178154,0.180911,1033074583
1108,2003-06-23,0.180911,0.181827,0.171044,0.17448,801188459
1109,2003-06-24,0.173562,0.177235,0.168528,0.17426,1104013031
1110,2003-06-25,0.17472,0.181827,0.17402,0.1754,1156474703
1111,2003-06-26,0.17586,0.177934,0.170354,0.17563,1046434373
1112,2003-06-27,0.177695,0.179303,0.171514,0.172643,773200610
1113,2003-06-30,0.17472,0.178154,0.172643,0.17517,599686166
1114,2003-07-01,0.172883,0.182516,0.171264,0.182276,1065305206
1115,2003-07-02,0.183895,0.186423,0.179303,0.181827,923362973
1116,2003-07-03,0.177465,0.184345,0.177235,0.179752,458952184
1117,2003-07-07,0.182056,0.192393,0.182056,0.191463,907410169
1118,2003-07-08,0.186183,0.191923,0.185733,0.189397,657231154
1119,2003-07-09,0.189167,0.196737,0.188937,0.19375,823607951
1120,2003-07-10,0.187561,0.190085,0.182516,0.185733,704214662
1121,2003-07-11,0.18802,0.189167,0.185045,0.186651,539736795
1122,2003-07-14,0.191463,0.192613,0.184345,0.185265,760492331
1123,2003-07-15,0.18802,0.188937,0.177465,0.179303,1246799622
1124,2003-07-16,0.179303,0.183445,0.172643,0.177016,960417855
1125,2003-07-17,0.171734,0.173801,0.165763,0.168058,930937150
1126,2003-07-18,0.164844,0.165303,0.156356,0.162548,1397860394
1127,2003-07-21,0.163476,0.163935,0.156127,0.16004,1074153712
1128,2003-07-22,0.161869,0.165763,0.161869,0.162788,634619546
1129,2003-07-23,0.162548,0.165763,0.157736,0.164844,660041692
1130,2003-07-24,0.167828,0.168988,0.157046,0.158423,1217471956
1131,2003-07-25,0.158643,0.161869,0.152922,0.16096,1092642956
1132,2003-07-28,0.162318,0.162548,0.155218,0.155898,767355349
1133,2003-07-29,0.141928,0.154069,0.140328,0.145833,3047341001
1134,2003-07-30,0.145133,0.14697,0.143305,0.144223,860005032
1135,2003-07-31,0.14743,0.149717,0.144443,0.145833,978715123
1136,2003-08-01,0.146063,0.152004,0.144443,0.150625,837182280
1137,2003-08-04,0.150625,0.159113,0.149717,0.156356,1557976901
1138,2003-08-05,0.156356,0.164165,0.154528,0.155898,1159653580
1139,2003-08-06,0.153829,0.155898,0.145833,0.149489,1117706788
1140,2003-08-07,0.149259,0.151325,0.145593,0.14743,1139276804
1141,2003-08-08,0.126561,0.12702,0.116705,0.118554,4110266611
1142,2003-08-11,0.120381,0.126561,0.119681,0.124964,1831469430
1143,2003-08-12,0.126791,0.127709,0.124494,0.127479,833215719
1144,2003-08-13,0.127938,0.130226,0.124724,0.128168,755648472
1145,2003-08-14,0.124034,0.125873,0.122428,0.123804,1668146354
1146,2003-08-15,0.123115,0.124264,0.122218,0.123345,237398779
1147,2003-08-18,0.125413,0.12702,0.123115,0.12702,782511496
1148,2003-08-19,0.129996,0.137567,0.129777,0.136887,1530845638
1149,2003-08-20,0.136887,0.137357,0.131843,0.134818,951387527
1150,2003-08-21,0.138036,0.13986,0.135968,0.138504,708554129
1151,2003-08-22,0.14697,0.14881,0.139412,0.13964,1092977685
1152,2003-08-25,0.142158,0.142158,0.137567,0.138723,474597710
1153,2003-08-26,0.137127,0.139183,0.132752,0.136667,838476068
1154,2003-08-27,0.137567,0.142158,0.135968,0.140558,621145106
1155,2003-08-28,0.142158,0.142846,0.135508,0.137127,903164041
1156,2003-08-29,0.136887,0.139412,0.136197,0.138963,581040949
1157,2003-09-02,0.141248,0.142606,0.136887,0.137567,774731281
1158,2003-09-03,0.13964,0.140098,0.134361,0.135048,927123958
1159,2003-09-04,0.135508,0.139412,0.13459,0.136197,815106862
1160,2003-09-05,0.136427,0.146063,0.134818,0.142846,1307066136
1161,2003-09-08,0.145133,0.151105,0.143305,0.149259,1646710719
1162,2003-09-09,0.149259,0.163935,0.143305,0.158423,2714576952
1163,2003-09-10,0.154069,0.158194,0.14651,0.14765,1505543531
1164,2003-09-11,0.149717,0.154069,0.13986,0.145833,2849037044
1165,2003-09-12,0.144443,0.151105,0.142846,0.14788,1267559670
1166,2003-09-15,0.149029,0.149947,0.144903,0.145373,649912317
1167,2003-09-16,0.145833,0.150405,0.145833,0.149947,677457386
1168,2003-09-17,0.150865,0.154528,0.149717,0.151784,985725069
1169,2003-09-18,0.150865,0.152922,0.149259,0.152922,658023214
1170,2003-09-19,0.154528,0.155668,0.150166,0.151555,706655009
1171,2003-09-22,0.14857,0.149029,0.144443,0.145593,802578391
1172,2003-09-23,0.145833,0.14788,0.143995,0.14697,686075289
1173,2003-09-24,0.143995,0.145133,0.135748,0.135968,1745299713
1174,2003-09-25,0.136887,0.139412,0.133451,0.133901,803455828
1175,2003-09-26,0.133451,0.133901,0.12702,0.128868,976793609
1176,2003-09-29,0.122428,0.126791,0.119921,0.121988,2120845139
1177,2003-09-30,0.120828,0.126112,0.120381,0.121988,1113129016
1178,2003-10-01,0.122218,0.124494,0.121988,0.123115,956479686
1179,2003-10-02,0.122218,0.126791,0.121988,0.124964,935134436
1180,2003-10-03,0.128398,0.131383,0.126112,0.128168,940770935
1181,2003-10-06,0.128398,0.129777,0.126112,0.12726,411108403
1182,2003-10-07,0.12726,0.128398,0.125413,0.128398,556964279
1183,2003-10-08,0.128398,0.129547,0.123115,0.123804,806423431
1184,2003-10-09,0.126112,0.130455,0.124724,0.125643,929427851
1185,2003-10-10,0.127709,0.128868,0.126112,0.127938,451837581
1186,2003-10-13,0.129318,0.131843,0.128398,0.129088,474199276
1187,2003-10-14,0.127709,0.131843,0.12702,0.131613,680951674
1188,2003-10-15,0.132991,0.135508,0.129088,0.129777,768161390
1189,2003-10-16,0.129996,0.131843,0.127938,0.131383,487337956
1190,2003-10-17,0.130695,0.133231,0.12726,0.12726,501227165
1191,2003-10-20,0.127479,0.130226,0.126561,0.130226,510208289
1192,2003-10-21,0.132532,0.136667,0.130695,0.134131,829155318
1193,2003-10-22,0.132073,0.135048,0.131143,0.131843,677110990
1194,2003-10-23,0.131843,0.133681,0.129777,0.131143,492314242
1195,2003-10-24,0.129996,0.131843,0.128628,0.130695,487843730
1196,2003-10-27,0.130695,0.132991,0.130455,0.131383,277560701
1197,2003-10-28,0.133231,0.140558,0.132532,0.13964,1042506309
1198,2003-10-29,0.135508,0.141478,0.135508,0.13964,538642214
1199,2003-10-30,0.143305,0.143305,0.136887,0.136887,633496473
1200,2003-10-31,0.138266,0.139412,0.132991,0.135048,652198634
1201,2003-11-03,0.134361,0.140328,0.133901,0.137567,843637550
1202,2003-11-04,0.140558,0.141008,0.137127,0.138036,764227387
1203,2003-11-05,0.135288,0.140098,0.132991,0.138036,962240171
1204,2003-11-06,0.140788,0.141478,0.136427,0.138963,1435539656
1205,2003-11-07,0.165533,0.168528,0.162098,0.166222,4682358254
1206,2003-11-10,0.166691,0.168988,0.164844,0.165763,1318604090
1207,2003-11-11,0.162098,0.164844,0.158643,0.16164,871393795
1208,2003-11-12,0.16118,0.164394,0.16026,0.163696,673490044
1209,2003-11-13,0.163696,0.166222,0.162788,0.163935,632759705
1210,2003-11-14,0.164394,0.164394,0.153609,0.154069,969215716
1211,2003-11-17,0.154069,0.154288,0.149717,0.152452,655040479
1212,2003-11-18,0.156356,0.158194,0.149717,0.150405,1082493000
1213,2003-11-19,0.151325,0.155218,0.150865,0.154528,618825038
1214,2003-11-20,0.152004,0.155448,0.149717,0.150405,805628066
1215,2003-11-21,0.152243,0.152452,0.14811,0.151105,592992921
1216,2003-11-24,0.152452,0.16049,0.151325,0.16004,1025834714
1217,2003-11-25,0.16072,0.164165,0.158883,0.162318,897954567
1218,2003-11-26,0.162788,0.165993,0.16004,0.163007,468880299
1219,2003-11-28,0.163007,0.163476,0.16096,0.162318,224762507
1220,2003-12-01,0.164165,0.165763,0.162098,0.164614,574592830
1221,2003-12-02,0.163476,0.16713,0.162788,0.163935,626664100
1222,2003-12-03,0.164394,0.169676,0.161869,0.162098,773647386
1223,2003-12-04,0.162788,0.165533,0.157496,0.16141,569433832
1224,2003-12-05,0.157496,0.162098,0.154758,0.156127,610436156
1225,2003-12-08,0.156127,0.158883,0.154758,0.157276,372893393
1226,2003-12-09,0.157046,0.158423,0.149029,0.149029,652216300
1227,2003-12-10,0.149029,0.153151,0.149029,0.152243,620028051
1228,2003-12-11,0.152243,0.162098,0.152004,0.16004,757651357
1229,2003-12-12,0.162318,0.163236,0.156586,0.159343,764111775
1230,2003-12-15,0.163935,0.164165,0.155668,0.156127,679024732
1231,2003-12-16,0.155218,0.159113,0.152452,0.158194,656090143
1232,2003-12-17,0.156826,0.157496,0.152452,0.155218,544205525
1233,2003-12-18,0.155448,0.16026,0.155218,0.158643,476185546
1234,2003-12-19,0.162548,0.165073,0.159343,0.16096,999809429
1235,2003-12-22,0.158643,0.16164,0.157046,0.16118,404722757
1236,2003-12-23,0.16072,0.169437,0.16049,0.167828,788279041
1237,2003-12-24,0.168288,0.168288,0.166222,0.166691,229894045
1238,2003-12-26,0.167828,0.17472,0.16713,0.173801,396838517
1239,2003-12-29,0.177016,0.181827,0.176328,0.18114,824984913
1240,2003-12-30,0.179303,0.185045,0.179073,0.181598,600613508
1241,2003-12-31,0.181369,0.182276,0.17448,0.177235,542199896
1242,2004-01-02,0.180221,0.182516,0.176328,0.176328,475832380
1243,2004-01-05,0.179073,0.183445,0.177465,0.182056,627265086
1244,2004-01-06,0.181598,0.192153,0.180681,0.189626,1192134846
1245,2004-01-07,0.187331,0.192153,0.186183,0.191235,733470381
1246,2004-01-08,0.19353,0.19444,0.190085,0.191923,472807722
1247,2004-01-09,0.190545,0.196967,0.189167,0.19467,835843996
1248,2004-01-12,0.19537,0.197415,0.19353,0.196967,590952500
1249,2004-01-13,0.19583,0.197885,0.184585,0.186651,944028019
1250,2004-01-14,0.18802,0.190315,0.183665,0.185265,594102515
1251,2004-01-15,0.183895,0.187111,0.180681,0.185733,664247660
1252,2004-01-16,0.18802,0.190085,0.185733,0.188478,492540279
1253,2004-01-20,0.190775,0.19399,0.188708,0.19375,531871874
1254,2004-01-21,0.192153,0.192843,0.184585,0.184805,539132194
1255,2004-01-22,0.185265,0.188708,0.178384,0.180451,660456000
1256,2004-01-23,0.179532,0.183206,0.176099,0.176556,526063007
1257,2004-01-26,0.177695,0.184115,0.176328,0.183445,429256139
1258,2004-01-27,0.179752,0.182746,0.171514,0.172883,1018727933
1259,2004-01-28,0.17494,0.177934,0.171514,0.172424,670788888
1260,2004-01-29,0.173103,0.173801,0.16164,0.16737,1013699449
1261,2004-01-30,0.16713,0.173801,0.165993,0.170124,508607354
1262,2004-02-02,0.171514,0.176099,0.169676,0.172883,611515465
1263,2004-02-03,0.172424,0.1754,0.169885,0.172194,455794909
1264,2004-02-04,0.169676,0.171044,0.16737,0.16759,476258825
1265,2004-02-05,0.168528,0.171964,0.16737,0.170124,361920260
1266,2004-02-06,0.172194,0.176328,0.171264,0.17402,513689337
1267,2004-02-09,0.17472,0.178154,0.172643,0.172643,407780614
1268,2004-02-10,0.173103,0.179303,0.173103,0.179073,555750950
1269,2004-02-11,0.181369,0.185963,0.180681,0.185265,804471612
1270,2004-02-12,0.184345,0.185265,0.177016,0.179752,1067375491
1271,2004-02-13,0.1754,0.182516,0.173562,0.178154,1905403662
1272,2004-02-17,0.178853,0.180681,0.176328,0.179991,628013642
1273,2004-02-18,0.180221,0.181598,0.178853,0.179991,349172212
1274,2004-02-19,0.182276,0.185504,0.179532,0.179991,688049842
1275,2004-02-20,0.179752,0.185045,0.178614,0.184585,673962278
1276,2004-02-23,0.184115,0.184585,0.17563,0.178154,930433290
1277,2004-02-24,0.17494,0.177235,0.168988,0.171044,772369712
1278,2004-02-25,0.171264,0.17517,0.170124,0.171964,711471587
1279,2004-02-26,0.17448,0.17472,0.171044,0.173103,376162124
1280,2004-02-27,0.173562,0.173562,0.16737,0.170124,649384881
1281,2004-03-01,0.169676,0.172883,0.169437,0.172643,552399225
1282,2004-03-02,0.172643,0.17402,0.168748,0.169437,886841937
1283,2004-03-03,0.168988,0.168988,0.164394,0.16713,602404267
1284,2004-03-04,0.168748,0.171044,0.16737,0.170814,450700537
1285,2004-03-05,0.16692,0.173562,0.166451,0.169676,386955619
1286,2004-03-08,0.169676,0.171964,0.162318,0.163696,507197593
1287,2004-03-09,0.165073,0.165303,0.1598,0.162548,404769467
1288,2004-03-10,0.162548,0.165303,0.159113,0.16026,525339219
1289,2004-03-11,0.157965,0.163696,0.157965,0.158883,574473011
1290,2004-03-12,0.16049,0.164394,0.159343,0.162318,412094122
1291,2004-03-15,0.16118,0.162098,0.157736,0.158643,459276767
1292,2004-03-16,0.16026,0.166222,0.159582,0.165533,651486873
1293,2004-03-17,0.168058,0.171044,0.16737,0.169437,571984202
1294,2004-03-18,0.168528,0.173562,0.168058,0.171514,575760230
1295,2004-03-19,0.170814,0.172194,0.168528,0.169437,493888759
1296,2004-03-22,0.16692,0.169437,0.164394,0.168058,629201001
1297,2004-03-23,0.170354,0.172194,0.16692,0.168748,628077827
1298,2004-03-24,0.168528,0.179303,0.168058,0.176328,858482343
1299,2004-03-25,0.178384,0.187561,0.178154,0.186651,1087227035
1300,2004-03-26,0.186651,0.188937,0.183665,0.186183,601447651
1301,2004-03-29,0.188478,0.196737,0.188478,0.19422,1070700476
1302,2004-03-30,0.192843,0.20085,0.192613,0.199933,790148116
1303,2004-03-31,0.20085,0.203835,0.199933,0.201768,657572943
1304,2004-04-01,0.204055,0.206112,0.193072,0.198114,1433180821
1305,2004-04-02,0.202447,0.203835,0.196508,0.201079,703057708
1306,2004-04-05,0.199933,0.209088,0.199933,0.20817,628850349
1307,2004-04-06,0.204055,0.205423,0.198784,0.199703,680486901
1308,2004-04-07,0.20085,0.201308,0.19513,0.198784,488327351
1309,2004-04-08,0.203156,0.206332,0.201538,0.204285,487489793
1310,2004-04-12,0.205882,0.206791,0.199243,0.200631,483880073
1311,2004-04-13,0.202447,0.202447,0.1949,0.19583,482787675
1312,2004-04-14,0.1949,0.200631,0.192613,0.196967,558278958
1313,2004-04-15,0.19422,0.19513,0.185733,0.186651,902769853
1314,2004-04-16,0.185045,0.185963,0.179991,0.180451,714026134
1315,2004-04-19,0.180451,0.181598,0.177016,0.180221,570035188
1316,2004-04-20,0.180681,0.182746,0.172424,0.172643,560224497
1317,2004-04-21,0.173103,0.178853,0.171514,0.172883,751048477
1318,2004-04-22,0.171964,0.176796,0.16759,0.173801,758365732
1319,2004-04-23,0.17586,0.180681,0.1754,0.177695,484041384
1320,2004-04-26,0.177934,0.178853,0.170124,0.170574,468754953
1321,2004-04-27,0.171964,0.177235,0.168528,0.169217,539246084
1322,2004-04-28,0.169217,0.171964,0.16713,0.168528,511116022
1323,2004-04-29,0.16759,0.168748,0.16164,0.163935,703329052
1324,2004-04-30,0.163696,0.163935,0.156127,0.156826,559267451
1325,2004-05-03,0.158423,0.16004,0.152004,0.154758,665841065
1326,2004-05-04,0.157046,0.166691,0.156586,0.164614,842163804
1327,2004-05-05,0.164844,0.16759,0.163476,0.165993,506226465
1328,2004-05-06,0.164394,0.168748,0.16096,0.16737,775694186
1329,2004-05-07,0.172424,0.17563,0.167828,0.168748,1042878394
1330,2004-05-10,0.164394,0.165993,0.158643,0.162098,729520194
1331,2004-05-11,0.164165,0.167828,0.163476,0.166222,436066558
1332,2004-05-12,0.165303,0.165533,0.158194,0.163935,525902258
1333,2004-05-13,0.162548,0.16737,0.162098,0.164394,379381331
1334,2004-05-14,0.165073,0.168058,0.163476,0.164394,500472510
1335,2004-05-17,0.162098,0.164165,0.159343,0.161869,336190385
1336,2004-05-18,0.163236,0.166222,0.162548,0.164394,222891409
1337,2004-05-19,0.168058,0.170354,0.163236,0.163935,543289369
1338,2004-05-20,0.163696,0.166451,0.16072,0.16164,459566559
1339,2004-05-21,0.163476,0.163696,0.1598,0.162098,307582331
1340,2004-05-24,0.16164,0.163236,0.159582,0.16141,328929825
1341,2004-05-25,0.162098,0.169217,0.158883,0.168528,742815828
1342,2004-05-26,0.167828,0.17426,0.16759,0.171964,571967658
1343,2004-05-27,0.17472,0.177465,0.172194,0.172424,606836482
1344,2004-05-28,0.17426,0.180221,0.173332,0.179303,695628206
1345,2004-06-01,0.176556,0.180911,0.17586,0.179073,347190128
1346,2004-06-02,0.184115,0.184345,0.177465,0.177695,701962836
1347,2004-06-03,0.177695,0.178154,0.168528,0.169217,764347937
1348,2004-06-04,0.172643,0.172883,0.16737,0.16737,708298648
1349,2004-06-07,0.170124,0.173332,0.168058,0.171514,623786592
1350,2004-06-08,0.170354,0.170814,0.165993,0.168528,670571965
1351,2004-06-09,0.169437,0.169676,0.16004,0.16049,543363770
1352,2004-06-10,0.162098,0.163476,0.157496,0.158883,615517559
1353,2004-06-14,0.158194,0.158194,0.152692,0.154069,463125994
1354,2004-06-15,0.156586,0.158643,0.154758,0.156356,430231362
1355,2004-06-16,0.155898,0.156826,0.153151,0.153829,275427882
1356,2004-06-17,0.153151,0.156586,0.149947,0.150865,525952653
1357,2004-06-18,0.151325,0.155218,0.149029,0.151105,583268219
1358,2004-06-21,0.151325,0.153609,0.14743,0.14833,291154790
1359,2004-06-22,0.149029,0.153151,0.14811,0.152452,469188809
1360,2004-06-23,0.152004,0.155668,0.151784,0.155218,288575236
1361,2004-06-24,0.159343,0.1598,0.152692,0.153829,644023100
1362,2004-06-25,0.152922,0.156586,0.152922,0.154758,358900219
1363,2004-06-28,0.157046,0.157496,0.152922,0.153381,326422138
1364,2004-06-29,0.154288,0.158883,0.153829,0.158643,396741753
1365,2004-06-30,0.154528,0.158883,0.154528,0.156356,359587163
1366,2004-07-01,0.158194,0.158423,0.149029,0.149259,552334519
1367,2004-07-02,0.150865,0.150865,0.146063,0.14719,321591569
1368,2004-07-06,0.14697,0.14697,0.136887,0.138504,627375240
1369,2004-07-07,0.140328,0.143305,0.138504,0.139183,375225498
1370,2004-07-08,0.138036,0.140328,0.134818,0.135048,469017834
1371,2004-07-09,0.134818,0.135048,0.126561,0.129088,1215201672
1372,2004-07-12,0.125643,0.129088,0.124494,0.126112,737204075
1373,2004-07-13,0.127709,0.129996,0.124494,0.125873,618472983
1374,2004-07-14,0.121528,0.124964,0.117854,0.120381,983077193
1375,2004-07-15,0.121528,0.122886,0.118764,0.119451,666591693
1376,2004-07-16,0.123115,0.123345,0.116005,0.116005,506680893
1377,2004-07-19,0.117624,0.118554,0.114631,0.117394,502763154
1378,2004-07-20,0.117165,0.120141,0.116005,0.119681,372398175
1379,2004-07-21,0.121528,0.121758,0.112122,0.112342,668842508
1380,2004-07-22,0.113031,0.115328,0.110056,0.11486,569000165
1381,2004-07-23,0.115558,0.115796,0.110976,0.111662,405057696
1382,2004-07-26,0.113031,0.114181,0.10753,0.108689,548688786
1383,2004-07-27,0.10753,0.112582,0.105703,0.112122,861386261
1384,2004-07-28,0.111892,0.112342,0.106162,0.109366,550883376
1385,2004-07-29,0.110286,0.119451,0.110286,0.116475,814885982
1386,2004-07-30,0.116475,0.119921,0.11486,0.117854,440477732
1387,2004-08-02,0.117624,0.119921,0.116005,0.119451,459366161
1388,2004-08-03,0.119921,0.119921,0.112342,0.113261,808931358
1389,2004-08-04,0.113031,0.115558,0.111892,0.114411,553736208
1390,2004-08-05,0.1151,0.116245,0.109366,0.111203,952977467
1391,2004-08-06,0.0772747,0.0779734,0.071074,0.0719926,5549127046
1392,2004-08-09,0.0740594,0.077045,0.0726915,0.0751977,1722668887
1393,2004-08-10,0.0797909,0.0820874,0.0781833,0.0811689,2237331415
1394,2004-08-11,0.0795713,0.0802502,0.078423,0.0788823,1051379232
1395,2004-08-12,0.0791219,0.0793316,0.0768152,0.077045,713504486
1396,2004-08-13,0.0786527,0.0807094,0.0781833,0.0802502,889402653
1397,2004-08-16,0.0793316,0.0813986,0.0788823,0.0795713,579792178
1398,2004-08-17,0.0811689,0.0843841,0.08048,0.0839146,812215182
1399,2004-08-18,0.0841545,0.0894165,0.0834654,0.0894165,951315670
1400,2004-08-19,0.0884978,0.0905548,0.087819,0.089187,789854479
1401,2004-08-20,0.0887275,0.0956073,0.0882682,0.0944489,1307525680
1402,2004-08-23,0.0944489,0.0974446,0.0944489,0.0965259,872308428
1403,2004-08-24,0.097894,0.0983632,0.091014,0.0928513,1024295550
1404,2004-08-25,0.0949185,0.0974446,0.0930811,0.0967556,786497015
1405,2004-08-26,0.0965259,0.0976741,0.095837,0.0969853,668081333
1406,2004-08-27,0.0972149,0.1002,0.0969853,0.0988226,616189570
1407,2004-08-30,0.0988226,0.0990521,0.0956073,0.0956073,684922872
1408,2004-08-31,0.0960668,0.0965259,0.0921724,0.0951479,640424878
1409,2004-09-01,0.0940097,0.0983632,0.0928513,0.0969853,645547672
1410,2004-09-02,0.0976741,0.101808,0.0965259,0.10112,840174549
1411,2004-09-03,0.10112,0.10112,0.0972149,0.097894,779669550
1412,2004-09-07,0.0985829,0.10066,0.0949185,0.0960668,793327715
1413,2004-09-08,0.0960668,0.0969853,0.0940097,0.0942294,910830125
1414,2004-09-09,0.0965259,0.105253,0.0960668,0.103633,1416865817
1415,2004-09-10,0.101808,0.108,0.101578,0.10753,1133647925
1416,2004-09-13,0.107301,0.111662,0.107301,0.109596,1055194057
1417,2004-09-14,0.108689,0.110746,0.10777,0.110056,745319029
1418,2004-09-15,0.106611,0.107081,0.102488,0.103873,1270013397
1419,2004-09-16,0.105703,0.108907,0.105253,0.10777,883217095
1420,2004-09-17,0.108689,0.112801,0.10777,0.112342,1102068373
1421,2004-09-20,0.110056,0.115328,0.108689,0.112122,866441394
1422,2004-09-21,0.113731,0.116005,0.113261,0.1151,549431523
1423,2004-09-22,0.113031,0.11486,0.109137,0.109826,682467713
1424,2004-09-23,0.110976,0.111432,0.10777,0.110746,630946623
1425,2004-09-24,0.111203,0.111432,0.105703,0.107301,519347680
1426,2004-09-27,0.106611,0.10777,0.103633,0.105473,443421849
1427,2004-09-28,0.104783,0.108,0.103873,0.107081,518106600
1428,2004-09-29,0.106841,0.112582,0.105473,0.109596,585955133
1429,2004-09-30,0.110746,0.113491,0.108689,0.110976,675675451
1430,2004-10-01,0.111432,0.116245,0.110976,0.115558,643755712
1431,2004-10-04,0.116935,0.120381,0.116245,0.118764,735072008
1432,2004-10-05,0.116935,0.119004,0.1151,0.116245,690408898
1433,2004-10-06,0.116005,0.117165,0.113261,0.116705,543538961
1434,2004-10-07,0.118764,0.121528,0.116705,0.117394,870178734
1435,2004-10-08,0.116005,0.116475,0.109826,0.110976,756073866
1436,2004-10-11,0.110976,0.113261,0.109137,0.110976,407627206
1437,2004-10-12,0.107301,0.110286,0.105473,0.109366,902400603
1438,2004-10-13,0.112801,0.114181,0.10777,0.108689,733782126
1439,2004-10-14,0.108459,0.109826,0.104783,0.105473,547632762
1440,2004-10-15,0.105703,0.105932,0.0999606,0.102488,1396285026
1441,2004-10-18,0.102038,0.105473,0.10112,0.104333,626691401
1442,2004-10-19,0.106841,0.10777,0.102937,0.103633,674573809
1443,2004-10-20,0.103415,0.105473,0.102717,0.105013,589335080
1444,2004-10-21,0.105703,0.108689,0.105253,0.107301,1105583702
1445,2004-10-22,0.108229,0.108459,0.10112,0.101578,749754889
1446,2004-10-25,0.10066,0.104103,0.10043,0.102038,589273078
1447,2004-10-26,0.112122,0.116005,0.108229,0.110746,2677740986
1448,2004-10-27,0.110056,0.115796,0.108689,0.113731,1171292436
1449,2004-10-28,0.112342,0.114631,0.111432,0.112582,612292102
1450,2004-10-29,0.111432,0.113031,0.109596,0.110506,810208802
1451,2004-11-01,0.112122,0.113031,0.110746,0.113031,714109208
1452,2004-11-02,0.112342,0.116935,0.111662,0.114631,1195156119
1453,2004-11-03,0.119004,0.119681,0.1151,0.115558,992767755
1454,2004-11-04,0.115558,0.119243,0.113951,0.117854,1172666714
1455,2004-11-05,0.135508,0.143535,0.133231,0.134818,4197379303
1456,2004-11-08,0.133451,0.138036,0.132752,0.136197,783744994
1457,2004-11-09,0.134131,0.137357,0.134131,0.135508,671624153
1458,2004-11-10,0.135288,0.136667,0.13459,0.135508,704329974
1459,2004-11-11,0.136197,0.138036,0.135288,0.138036,553007051
1460,2004-11-12,0.140328,0.140558,0.136887,0.138266,705624874
1461,2004-11-15,0.136887,0.141478,0.136197,0.140328,585229852
1462,2004-11-16,0.140788,0.142377,0.137357,0.13986,515509359
1463,2004-11-17,0.141698,0.146063,0.140788,0.142377,658006689
1464,2004-11-18,0.143535,0.145373,0.140558,0.144223,581377080
1465,2004-11-19,0.155218,0.156826,0.143765,0.144903,2319728760
1466,2004-11-22,0.145373,0.149029,0.143995,0.149029,804040540
1467,2004-11-23,0.14788,0.151325,0.14651,0.149717,736891760
1468,2004-11-24,0.149489,0.152692,0.149029,0.150166,467693501
1469,2004-11-26,0.150865,0.153151,0.149717,0.151784,382512838
1470,2004-11-29,0.152922,0.154069,0.14743,0.14881,768624350
1471,2004-11-30,0.149489,0.149489,0.145373,0.146281,628763289
1472,2004-12-01,0.14743,0.149947,0.14651,0.149947,561069376
1473,2004-12-02,0.14833,0.152922,0.14719,0.151784,828378270
1474,2004-12-03,0.155448,0.16049,0.154988,0.158423,1469047863
1475,2004-12-06,0.159113,0.16737,0.156356,0.165993,1058224323
1476,2004-12-07,0.17563,0.190775,0.172194,0.17426,3192056697
1477,2004-12-08,0.177016,0.179532,0.17494,0.176328,951584541
1478,2004-12-09,0.172883,0.176556,0.169885,0.17472,948565421
1479,2004-12-10,0.178853,0.179991,0.177016,0.178154,712474301
1480,2004-12-13,0.1754,0.177695,0.172424,0.173332,804842455
1481,2004-12-14,0.173332,0.177016,0.173103,0.176796,559612355
1482,2004-12-15,0.178614,0.178853,0.17586,0.178384,472254348
1483,2004-12-16,0.184115,0.190085,0.180451,0.180681,1661741058
1484,2004-12-17,0.183445,0.184805,0.17426,0.176328,1331698334
1485,2004-12-20,0.178154,0.18114,0.173332,0.17426,979933478
1486,2004-12-21,0.173801,0.176796,0.170124,0.17563,980842423
1487,2004-12-22,0.179303,0.179991,0.1754,0.17586,460139573
1488,2004-12-23,0.17517,0.178384,0.17402,0.176328,400128510
1489,2004-12-27,0.178853,0.179532,0.173801,0.17472,336099750
1490,2004-12-28,0.17472,0.176556,0.173103,0.173801,318076881
1491,2004-12-29,0.173103,0.177465,0.172883,0.1754,321358221
1492,2004-12-30,0.17494,0.177016,0.17402,0.17472,283278762
1493,2004-12-31,0.177016,0.180911,0.176556,0.179991,628016486
1494,2005-01-03,0.186651,0.188937,0.179532,0.180221,1164168239
1495,2005-01-04,0.181827,0.181827,0.168988,0.171734,861619889
1496,2005-01-05,0.170354,0.1754,0.168988,0.173332,790346953
1497,2005-01-06,0.176328,0.178384,0.170354,0.171734,616033047
1498,2005-01-07,0.172424,0.173332,0.165763,0.168288,832034529
1499,2005-01-10,0.168288,0.170354,0.167828,0.168748,633096727
1500,2005-01-11,0.16713,0.168058,0.16096,0.163476,1195811706
1501,2005-01-12,0.164844,0.165533,0.158194,0.162098,1154437477
1502,2005-01-13,0.162098,0.168058,0.158883,0.163935,979983102
1503,2005-01-14,0.166222,0.16737,0.162788,0.164394,625849867
1504,2005-01-18,0.162548,0.16737,0.162098,0.16692,506565360
1505,2005-01-19,0.16737,0.168058,0.162548,0.163236,367284794
1506,2005-01-20,0.1598,0.16759,0.1598,0.163476,698111136
1507,2005-01-21,0.163696,0.16713,0.163236,0.163935,650164933
1508,2005-01-24,0.163236,0.165303,0.156356,0.157276,505760281
1509,2005-01-25,0.158194,0.162318,0.157046,0.16004,479430732
1510,2005-01-26,0.16049,0.164394,0.157965,0.162098,467913018
1511,2005-01-27,0.16141,0.17586,0.16141,0.17517,1094833070
1512,2005-01-28,0.17517,0.176556,0.171044,0.17494,732253137
1513,2005-01-31,0.176556,0.178384,0.172643,0.17517,614022281
1514,2005-02-01,0.17517,0.179303,0.17402,0.178384,557511835
1515,2005-02-02,0.185733,0.189856,0.180221,0.188478,2216322166
1516,2005-02-03,0.188478,0.188478,0.183895,0.186423,761760221
1517,2005-02-04,0.186423,0.197645,0.186423,0.197186,879678671
1518,2005-02-07,0.196278,0.201079,0.193072,0.19467,568935669
1519,2005-02-08,0.193072,0.199703,0.192843,0.196737,497075288
1520,2005-02-09,0.197415,0.197885,0.188708,0.189856,855617684
1521,2005-02-10,0.190775,0.19513,0.190085,0.19422,656900711
1522,2005-02-11,0.193072,0.201308,0.192393,0.199933,607935500
1523,2005-02-14,0.199243,0.200631,0.1949,0.19559,472008932
1524,2005-02-15,0.196967,0.203605,0.196737,0.197415,828384799
1525,2005-02-16,0.197415,0.199703,0.193302,0.196737,508558160
1526,2005-02-17,0.199473,0.199473,0.19353,0.1949,1262716973
1527,2005-02-18,0.209788,0.216208,0.204055,0.215968,3415588230
1528,2005-02-22,0.2146,0.223767,0.212763,0.218734,1549343415
1529,2005-02-23,0.215518,0.218034,0.20817,0.211614,1207940551
1530,2005-02-24,0.209328,0.217574,0.20887,0.217354,758330610
1531,2005-02-25,0.216667,0.22148,0.215278,0.220342,572612349
1532,2005-02-28,0.219424,0.22171,0.217354,0.22148,826918024
1533,2005-03-01,0.221939,0.226292,0.218734,0.22102,803928182
1534,2005-03-02,0.218504,0.219873,0.213211,0.2146,1033071979
1535,2005-03-03,0.21415,0.215278,0.2084,0.211614,830184371
1536,2005-03-04,0.212303,0.21415,0.20887,0.210684,646719969
1537,2005-03-07,0.211614,0.217354,0.210237,0.212763,557397795
1538,2005-03-08,0.212303,0.212763,0.200631,0.201998,1452780660
1539,2005-03-09,0.200631,0.204515,0.196278,0.196737,991641677
1540,2005-03-10,0.196967,0.199243,0.19353,0.196737,750790713
1541,2005-03-11,0.197885,0.198784,0.190545,0.192393,798333505
1542,2005-03-14,0.19583,0.198554,0.1949,0.197645,619771649
1543,2005-03-15,0.198784,0.200631,0.19353,0.19375,412661518
1544,2005-03-16,0.192153,0.196049,0.190315,0.190545,583783897
1545,2005-03-17,0.191005,0.191693,0.18802,0.188478,482784430
1546,2005-03-18,0.188708,0.189397,0.181369,0.184805,702575699
1547,2005-03-21,0.183445,0.191463,0.183445,0.191005,714036399
1548,2005-03-22,0.191923,0.193072,0.186871,0.187561,685589025
1549,2005-03-23,0.187561,0.193072,0.187111,0.191693,803427286
1550,2005-03-24,0.192843,0.197415,0.191923,0.192153,944286905
1551,2005-03-28,0.192613,0.1949,0.18802,0.189856,557270785
1552,2005-03-29,0.188937,0.191923,0.184805,0.185733,640153193
1553,2005-03-30,0.185963,0.188478,0.179303,0.185733,935817103
1554,2005-03-31,0.184585,0.185963,0.180681,0.181598,569446020
1555,2005-04-01,0.183445,0.184805,0.178853,0.179752,557324145
1556,2005-04-04,0.179752,0.179752,0.17472,0.178853,460077361
1557,2005-04-05,0.178853,0.182516,0.17448,0.17563,470662545
1558,2005-04-06,0.178614,0.181827,0.177695,0.178384,619259175
1559,2005-04-07,0.178614,0.183445,0.176099,0.181598,562271328
1560,2005-04-08,0.182746,0.186423,0.178853,0.179303,677701841
1561,2005-04-11,0.180451,0.18114,0.17517,0.17563,358166766
1562,2005-04-12,0.17494,0.178154,0.171264,0.177934,558810440
1563,2005-04-13,0.178614,0.178614,0.169217,0.170354,543564249
1564,2005-04-14,0.170814,0.172424,0.168528,0.168988,385176848
1565,2005-04-15,0.16692,0.168058,0.16164,0.163236,687139295
1566,2005-04-18,0.163236,0.165763,0.16118,0.162098,515917137
1567,2005-04-19,0.164394,0.168988,0.163935,0.16759,399571580
1568,2005-04-20,0.170574,0.171514,0.162318,0.162548,618519883
1569,2005-04-21,0.165993,0.172194,0.164394,0.171514,588927633
1570,2005-04-22,0.170574,0.171734,0.168058,0.169885,366652462
1571,2005-04-25,0.171514,0.17402,0.170574,0.172643,347011381
1572,2005-04-26,0.172643,0.176328,0.168288,0.171964,390167255
1573,2005-04-27,0.168058,0.168058,0.161869,0.165303,664780264
1574,2005-04-28,0.164844,0.168058,0.163236,0.165763,407258105
1575,2005-04-29,0.166691,0.168748,0.1598,0.16759,521708939
1576,2005-05-02,0.169676,0.171514,0.164394,0.16692,373202263
1577,2005-05-03,0.16713,0.170124,0.165303,0.165993,479439996
1578,2005-05-04,0.16713,0.172643,0.166222,0.171264,511371082
1579,2005-05-05,0.172194,0.176796,0.171514,0.17472,675969088
1580,2005-05-06,0.176556,0.177235,0.172643,0.177016,388125543
1581,2005-05-09,0.177934,0.181598,0.176796,0.180451,815527589
1582,2005-05-10,0.178154,0.178154,0.171264,0.173332,802396309
1583,2005-05-11,0.17426,0.17494,0.170124,0.170354,606465479
1584,2005-05-12,0.171264,0.176556,0.170354,0.17426,989347348
1585,2005-05-13,0.189856,0.19467,0.181827,0.19353,2889800022
1586,2005-05-16,0.191693,0.19559,0.191235,0.19422,724025926
1587,2005-05-17,0.193072,0.197415,0.193072,0.196508,697605412
1588,2005-05-18,0.196278,0.198324,0.19399,0.197885,600281503
1589,2005-05-19,0.198324,0.199243,0.19537,0.197415,493801609
1590,2005-05-20,0.197885,0.201079,0.1949,0.201079,563872033
1591,2005-05-23,0.202447,0.20771,0.201768,0.205652,767248359
1592,2005-05-24,0.204515,0.209328,0.203605,0.20864,573286653
1593,2005-05-25,0.20864,0.209088,0.203835,0.205882,585798099
1594,2005-05-26,0.207481,0.213211,0.207261,0.211614,860200714
1595,2005-05-27,0.212303,0.212303,0.20817,0.210237,351896822
1596,2005-05-31,0.210008,0.211154,0.203605,0.207021,831759248
1597,2005-06-01,0.205652,0.212763,0.203376,0.209088,868608854
1598,2005-06-02,0.20817,0.216885,0.20817,0.216885,746486058
1599,2005-06-03,0.216208,0.218034,0.21392,0.216208,615643637
1600,2005-06-06,0.212763,0.216667,0.212303,0.21415,559349383
1601,2005-06-07,0.212763,0.216208,0.20817,0.209088,1063026940
1602,2005-06-08,0.210008,0.212533,0.205423,0.207481,674625486
1603,2005-06-09,0.205652,0.216427,0.205652,0.216208,676047145
1604,2005-06-10,0.215968,0.216208,0.212303,0.21392,507135891
1605,2005-06-13,0.21392,0.224694,0.213451,0.218504,1537307258
1606,2005-06-14,0.218734,0.222169,0.198784,0.205652,2627124554
1607,2005-06-15,0.204515,0.205882,0.196967,0.204964,1821190742
1608,2005-06-16,0.204964,0.207481,0.198324,0.206112,533442144
1609,2005-06-17,0.20864,0.209088,0.205193,0.205652,498155127
1610,2005-06-20,0.205652,0.210237,0.202228,0.20887,664798992
1611,2005-06-21,0.210237,0.211844,0.20817,0.210684,466856734
1612,2005-06-22,0.213451,0.21437,0.20794,0.210464,763969984
1613,2005-06-23,0.210684,0.216427,0.209328,0.21392,912642727
1614,2005-06-24,0.213451,0.213451,0.205882,0.207021,519452145
1615,2005-06-27,0.206791,0.207481,0.203605,0.205423,387452189
1616,2005-06-28,0.206332,0.20794,0.203835,0.206562,286014840
1617,2005-06-29,0.206332,0.207021,0.203156,0.204744,309193422
1618,2005-06-30,0.206332,0.20794,0.202687,0.204285,640585667
1619,2005-07-01,0.203376,0.205423,0.201079,0.205193,343644494
1620,2005-07-05,0.205193,0.209088,0.203835,0.2084,404012439
1621,2005-07-06,0.209328,0.214819,0.206562,0.21392,767593394
1622,2005-07-07,0.211154,0.21392,0.209788,0.212303,509801113
1623,2005-07-08,0.213211,0.215738,0.210924,0.215058,445008524
1624,2005-07-11,0.216427,0.220572,0.215968,0.218264,435589267
1625,2005-07-12,0.218504,0.218734,0.212533,0.217115,615338993
1626,2005-07-13,0.218504,0.218504,0.21368,0.217354,649063041
1627,2005-07-14,0.219654,0.223997,0.207481,0.20771,2041236811
1628,2005-07-15,0.20771,0.20771,0.201998,0.205423,1333890561
1629,2005-07-18,0.204964,0.204964,0.198324,0.200401,1139387609
1630,2005-07-19,0.201308,0.203605,0.200162,0.203156,564818824
1631,2005-07-20,0.201308,0.207021,0.198114,0.206112,574789243
1632,2005-07-21,0.204055,0.204515,0.198554,0.202687,648378751
1633,2005-07-22,0.203835,0.206562,0.196049,0.197415,765013218
1634,2005-07-25,0.19559,0.204744,0.19422,0.198554,1064443441
1635,2005-07-26,0.197885,0.202917,0.196967,0.202687,828561062
1636,2005-07-27,0.202917,0.20771,0.199473,0.206791,881127390
1637,2005-07-28,0.207021,0.209328,0.203605,0.2084,459189858
1638,2005-07-29,0.207481,0.209788,0.205193,0.206791,383963150
1639,2005-08-01,0.20794,0.210924,0.206562,0.210008,424761991
1640,2005-08-02,0.210008,0.213451,0.209788,0.212763,466396027
1641,2005-08-03,0.212074,0.214819,0.210924,0.212763,565133513
1642,2005-08-04,0.210924,0.212074,0.210008,0.210464,388822632
1643,2005-08-05,0.209328,0.216427,0.20887,0.215968,745925472
1644,2005-08-08,0.217354,0.22148,0.215058,0.216667,796076722
1645,2005-08-09,0.216667,0.217574,0.21368,0.216208,318269949
1646,2005-08-10,0.217814,0.218034,0.210684,0.212992,484906473
1647,2005-08-11,0.212992,0.216208,0.210924,0.215968,965173662
1648,2005-08-12,0.228837,0.230855,0.2208,0.228837,2524736277
1649,2005-08-15,0.228837,0.237086,0.226751,0.2348,962402893
1650,2005-08-16,0.233202,0.23457,0.229067,0.230635,699294399
1651,2005-08-17,0.229716,0.233671,0.229526,0.230635,664729438
1652,2005-08-18,0.229067,0.230146,0.223767,0.224694,897064731
1653,2005-08-19,0.225382,0.225852,0.222399,0.223089,460374323
1654,2005-08-22,0.223089,0.226292,0.218734,0.22125,596665925
1655,2005-08-23,0.22171,0.223997,0.220342,0.222859,277450787
1656,2005-08-24,0.221939,0.227679,0.220342,0.222859,561111669
1657,2005-08-25,0.224237,0.225612,0.221939,0.224465,323269970
1658,2005-08-26,0.224465,0.224694,0.218954,0.22102,352653039
1659,2005-08-29,0.218954,0.22171,0.217115,0.22148,373031569
1660,2005-08-30,0.22125,0.229936,0.2208,0.229306,1034402011
1661,2005-08-31,0.229306,0.237336,0.228138,0.23457,986658621
1662,2005-09-01,0.233202,0.236588,0.232503,0.23457,607013275
1663,2005-09-02,0.2339,0.23503,0.229936,0.230635,512242861
1664,2005-09-06,0.231575,0.2339,0.228138,0.232743,459447622
1665,2005-09-07,0.232045,0.240769,0.231795,0.240091,641151631
1666,2005-09-08,0.238903,0.245843,0.238713,0.242819,704435791
1667,2005-09-09,0.245383,0.246512,0.241369,0.246043,495271860
1668,2005-09-12,0.246263,0.246932,0.242319,0.245183,606883282
1669,2005-09-13,0.244684,0.253772,0.244017,0.252673,931961397
1670,2005-09-14,0.250855,0.254,0.248309,0.249508,529469945
1671,2005-09-15,0.252932,0.256786,0.251774,0.254,828421875
1672,2005-09-16,0.256336,0.257514,0.252033,0.254,566680208
1673,2005-09-19,0.254,0.25473,0.249258,0.250605,466775973
1674,2005-09-20,0.252673,0.258214,0.252033,0.25539,569506039
1675,2005-09-21,0.25425,0.259584,0.251075,0.253072,681964854
1676,2005-09-22,0.252932,0.253772,0.241849,0.246512,805950366
1677,2005-09-23,0.246512,0.252253,0.243787,0.249957,343064980
1678,2005-09-26,0.252033,0.253772,0.247361,0.252033,443418805
1679,2005-09-27,0.253072,0.25539,0.251075,0.252932,440691921
1680,2005-09-28,0.253332,0.25516,0.250855,0.2545,385495503
1681,2005-09-29,0.25473,0.259803,0.252453,0.259803,559765403
1682,2005-09-30,0.259803,0.264335,0.259354,0.262029,499559119
1683,2005-10-03,0.264335,0.270986,0.262998,0.269207,596187953
1684,2005-10-04,0.270307,0.27465,0.265065,0.265734,560956799
1685,2005-10-05,0.265934,0.265934,0.25516,0.256786,653328538
1686,2005-10-06,0.256586,0.260383,0.248309,0.255859,747357567
1687,2005-10-07,0.256586,0.259114,0.250605,0.252673,601778784
1688,2005-10-10,0.254,0.2545,0.246263,0.246263,500723985
1689,2005-10-11,0.246932,0.249258,0.24029,0.243289,588860603
1690,2005-10-12,0.242569,0.249957,0.242089,0.246043,717028097
1691,2005-10-13,0.244684,0.246043,0.23541,0.244944,555256023
1692,2005-10-14,0.246512,0.249707,0.240769,0.244944,339331456
1693,2005-10-17,0.245383,0.249707,0.244944,0.247161,265944730
1694,2005-10-18,0.248059,0.248559,0.241369,0.243069,326625701
1695,2005-10-19,0.240091,0.241369,0.233202,0.240969,693428367
1696,2005-10-20,0.241589,0.247841,0.24029,0.242819,391953187
1697,2005-10-21,0.246932,0.247581,0.242319,0.244265,323234047
1698,2005-10-24,0.246043,0.250855,0.244017,0.250855,317304430
1699,2005-10-25,0.250605,0.253072,0.248059,0.252453,364917136
1700,2005-10-26,0.252673,0.252932,0.245183,0.245613,452884631
1701,2005-10-27,0.246043,0.246742,0.239592,0.24029,249729475
1702,2005-10-28,0.240969,0.248309,0.23503,0.247841,506623046
1703,2005-10-31,0.249258,0.258214,0.248788,0.256336,472242610
1704,2005-11-01,0.255859,0.258454,0.251305,0.253332,436793952
1705,2005-11-02,0.252453,0.268228,0.252253,0.268008,681812867
1706,2005-11-03,0.268957,0.271226,0.262748,0.264815,507087138
1707,2005-11-04,0.265495,0.265495,0.257514,0.260233,621770758
1708,2005-11-07,0.261581,0.262508,0.258214,0.259114,404339927
1709,2005-11-08,0.260383,0.260383,0.253072,0.25425,587482559
1710,2005-11-09,0.25564,0.26751,0.252033,0.265734,836794392
1711,2005-11-10,0.275119,0.28114,0.251075,0.255859,2729691536
1712,2005-11-11,0.258454,0.263227,0.257036,0.260233,595255643
1713,2005-11-14,0.260233,0.26751,0.256336,0.265734,538032826
1714,2005-11-15,0.265734,0.269857,0.265495,0.266164,541062611
1715,2005-11-16,0.266413,0.268008,0.260233,0.265295,495904082
1716,2005-11-17,0.26731,0.277415,0.264335,0.277196,766046679
1717,2005-11-18,0.278595,0.280442,0.271226,0.276496,507545511
1718,2005-11-21,0.275817,0.28204,0.275119,0.28161,492923681
1719,2005-11-22,0.28251,0.291733,0.280692,0.288908,797542336
1720,2005-11-23,0.289358,0.292373,0.286661,0.288208,449111188
1721,2005-11-25,0.290337,0.291503,0.287509,0.291034,127214173
1722,2005-11-28,0.291254,0.294172,0.284397,0.289608,462110851
1723,2005-11-29,0.272154,0.280212,0.269857,0.271226,1137245987
1724,2005-11-30,0.270087,0.277675,0.269207,0.276277,626924468
1725,2005-12-01,0.279014,0.280911,0.275597,0.279512,612777315
1726,2005-12-02,0.280692,0.28161,0.275817,0.279712,364557270
1727,2005-12-05,0.279712,0.280212,0.273473,0.27442,422569444
1728,2005-12-06,0.275119,0.279273,0.27442,0.275597,404816487
1729,2005-12-07,0.276746,0.278375,0.271226,0.276017,378187653
1730,2005-12-08,0.275817,0.278175,0.270756,0.273702,409274210
1731,2005-12-09,0.275119,0.278175,0.270756,0.277675,286551570
1732,2005-12-12,0.279014,0.28251,0.278175,0.28179,306533879
1733,2005-12-13,0.28251,0.287978,0.280212,0.285534,483477663
1734,2005-12-14,0.283458,0.284857,0.279512,0.28277,313457908
1735,2005-12-15,0.28277,0.284857,0.276277,0.279273,362676156
1736,2005-12-16,0.28114,0.283009,0.277415,0.28161,1146419148
1737,2005-12-19,0.28277,0.284397,0.276277,0.276976,317511529
1738,2005-12-20,0.276277,0.280911,0.273023,0.276746,330356982
1739,2005-12-21,0.276277,0.280442,0.273702,0.276277,303173491
1740,2005-12-22,0.276017,0.285076,0.276017,0.284857,347102337
1741,2005-12-23,0.285534,0.28731,0.283698,0.286841,233917771
1742,2005-12-27,0.286841,0.291933,0.285764,0.288678,401205435
1743,2005-12-28,0.288678,0.292373,0.286841,0.291503,288319354
1744,2005-12-29,0.290337,0.292133,0.283698,0.284857,338525455
1745,2005-12-30,0.283009,0.283458,0.278375,0.279512,250353234
1746,2006-01-03,0.280692,0.294172,0.280212,0.292133,515523751
1747,2006-01-04,0.294172,0.300761,0.291254,0.300321,556141843
1748,2006-01-05,0.299872,0.307632,0.299872,0.306983,704485716
1749,2006-01-06,0.309548,0.313162,0.298543,0.312063,679729002
1750,2006-01-09,0.312513,0.322559,0.311364,0.320783,611140376
1751,2006-01-10,0.317756,0.321003,0.315287,0.321003,370351264
1752,2006-01-11,0.321222,0.33434,0.320783,0.332515,682773819
1753,2006-01-12,0.332515,0.337537,0.325334,0.32785,539339974
1754,2006-01-13,0.327121,0.329669,0.320354,0.324884,459370087
1755,2006-01-17,0.319604,0.324884,0.316157,0.324634,340655539
1756,2006-01-18,0.316157,0.327371,0.311814,0.326203,501507022
1757,2006-01-19,0.330168,0.348989,0.330168,0.344327,996718272
1758,2006-01-20,0.343648,0.348989,0.334779,0.334779,503464780
1759,2006-01-23,0.337157,0.339553,0.332965,0.336937,365156102
1760,2006-01-24,0.337157,0.345465,0.336677,0.338433,423664085
1761,2006-01-25,0.339953,0.34227,0.331346,0.335508,436393235
1762,2006-01-26,0.340373,0.347141,0.338234,0.346892,489396775
1763,2006-01-27,0.351515,0.357446,0.348539,0.353632,419828689
1764,2006-01-30,0.355331,0.355331,0.34784,0.349439,344314362
1765,2006-01-31,0.34784,0.349658,0.340873,0.343648,416091029
1766,2006-02-01,0.337537,0.345265,0.336177,0.343868,491594620
1767,2006-02-02,0.346892,0.347141,0.332965,0.333412,516321550
1768,2006-02-03,0.331346,0.340373,0.330168,0.336437,549818770
1769,2006-02-06,0.336177,0.346163,0.33408,0.345963,396313245
1770,2006-02-07,0.346163,0.346663,0.333412,0.333661,434996864
1771,2006-02-08,0.335258,0.343198,0.334579,0.343198,428592850
1772,2006-02-09,0.345045,0.349658,0.335258,0.337537,476548707
1773,2006-02-10,0.338004,0.340203,0.327591,0.335508,452489162
1774,2006-02-13,0.33408,0.339103,0.332286,0.336677,306117639
1775,2006-02-14,0.336677,0.338433,0.332965,0.337377,373290344
1776,2006-02-15,0.337537,0.344567,0.335707,0.343648,537506521
1777,2006-02-16,0.350357,0.361569,0.34784,0.360622,1368814347
1778,2006-02-17,0.386922,0.387642,0.360622,0.362767,2569515100
1779,2006-02-21,0.361569,0.362767,0.351984,0.355081,745023068
1780,2006-02-22,0.349888,0.357207,0.341571,0.354452,1024664109
1781,2006-02-23,0.353183,0.35581,0.348089,0.348989,414558715
1782,2006-02-24,0.348539,0.354652,0.347141,0.348989,454034826
1783,2006-02-27,0.351515,0.365265,0.348089,0.363217,726703066
1784,2006-02-28,0.361122,0.364567,0.356747,0.360142,614195178
1785,2006-03-01,0.360142,0.376018,0.359322,0.37399,767542638
1786,2006-03-02,0.373521,0.379785,0.369639,0.37447,594446307
1787,2006-03-03,0.371694,0.382168,0.370297,0.375818,649642344
1788,2006-03-06,0.383328,0.385622,0.373121,0.374889,576835382
1789,2006-03-07,0.376748,0.377917,0.361122,0.368491,660849105
1790,2006-03-08,0.368741,0.370527,0.353632,0.366614,730931077
1791,2006-03-09,0.371475,0.377447,0.368491,0.368741,585141671
1792,2006-03-10,0.368013,0.372872,0.358903,0.362297,568289847
1793,2006-03-13,0.365715,0.368271,0.363217,0.366614,405757069
1794,2006-03-14,0.367084,0.378386,0.365465,0.376748,684415736
1795,2006-03-15,0.376748,0.383328,0.376018,0.382628,556742398
1796,2006-03-16,0.383548,0.383797,0.368491,0.369869,619445943
1797,2006-03-17,0.368271,0.37377,0.362537,0.372872,674362063
1798,2006-03-20,0.376018,0.376018,0.369639,0.369869,320313174
1799,2006-03-21,0.378167,0.395049,0.378167,0.388122,1338966746
1800,2006-03-22,0.378167,0.380184,0.368491,0.376967,1263167595
1801,2006-03-23,0.379066,0.385622,0.37399,0.384047,721810765
1802,2006-03-24,0.385393,0.397726,0.384247,0.397127,750049689
1803,2006-03-27,0.397346,0.408112,0.395948,0.407693,707924481
1804,2006-03-28,0.405834,0.419404,0.405164,0.414093,856346350
1805,2006-03-29,0.414991,0.437018,0.412225,0.43633,1052549306
1806,2006-03-30,0.434932,0.441552,0.428739,0.439344,1136218035
1807,2006-03-31,0.439752,0.445075,0.434932,0.437728,906918777
1808,2006-04-03,0.440852,0.448712,0.434482,0.44251,1054832979
1809,2006-04-04,0.443947,0.463827,0.442749,0.463127,1309108870
1810,2006-04-05,0.46176,0.469269,0.452654,0.467073,1213533546
1811,2006-04-06,0.466125,0.471387,0.459263,0.467892,860435374
1812,2006-04-07,0.465177,0.469969,0.457467,0.466575,743303124
1813,2006-04-10,0.466125,0.468352,0.455202,0.458566,691476098
1814,2006-04-11,0.458566,0.460163,0.444625,0.447302,765479603
1815,2006-04-12,0.451255,0.467892,0.447772,0.465426,651995331
1816,2006-04-13,0.460583,0.460583,0.450587,0.452424,805077535
1817,2006-04-17,0.450587,0.464977,0.450088,0.453784,483982936
1818,2006-04-18,0.444875,0.445744,0.430837,0.442978,1270458260
1819,2006-04-19,0.441781,0.450587,0.434002,0.445744,564171930
1820,2006-04-20,0.441332,0.453104,0.434482,0.445075,602593439
1821,2006-04-21,0.448242,0.448242,0.423897,0.428979,839591711
1822,2006-04-24,0.431776,0.446424,0.424127,0.44225,736940452
1823,2006-04-25,0.438645,0.442978,0.429459,0.441781,783530204
1824,2006-04-26,0.445075,0.450327,0.434002,0.438894,360391842
1825,2006-04-27,0.43563,0.450088,0.427612,0.445974,504797416
1826,2006-04-28,0.445544,0.452424,0.44225,0.446643,310002348
1827,2006-05-01,0.451027,0.480952,0.449629,0.472315,983930094
1828,2006-05-02,0.475959,0.481441,0.463577,0.471617,588086359
1829,2006-05-03,0.468352,0.479852,0.465875,0.47481,412122194
1830,2006-05-04,0.464757,0.476939,0.462877,0.471617,557306228
1831,2006-05-05,0.477629,0.479852,0.467473,0.478078,367797198
1832,2006-05-08,0.476689,0.487182,0.471617,0.475959,549009033
1833,2006-05-09,0.473842,0.477879,0.460801,0.461531,612275137
1834,2006-05-10,0.457048,0.461301,0.446643,0.451255,821256366
1835,2006-05-11,0.454983,0.460163,0.431776,0.435132,1298642222
1836,2006-05-12,0.425287,0.426913,0.393413,0.4024,1709832247
1837,2006-05-15,0.401021,0.411757,0.398226,0.408361,603152502
1838,2006-05-16,0.410388,0.410607,0.395049,0.397526,542310831
1839,2006-05-17,0.395948,0.398445,0.37447,0.381451,901291380
1840,2006-05-18,0.384497,0.388122,0.363917,0.364337,748649752
1841,2006-05-19,0.364337,0.380583,0.363917,0.371923,1017102901
1842,2006-05-22,0.370757,0.370757,0.356747,0.366864,798015281
1843,2006-05-23,0.37467,0.383068,0.361341,0.362997,580420535
1844,2006-05-24,0.365715,0.378616,0.357925,0.367554,631809709
1845,2006-05-25,0.372653,0.379944,0.363667,0.365715,461946366
1846,2006-05-26,0.366864,0.36944,0.362537,0.366364,321267666
1847,2006-05-30,0.367084,0.367084,0.351057,0.351057,482783789
1848,2006-05-31,0.355551,0.359322,0.349219,0.351287,652431050
1849,2006-06-01,0.353832,0.369639,0.349658,0.369639,585604851
1850,2006-06-02,0.376018,0.377447,0.360622,0.364337,734589549
1851,2006-06-05,0.362297,0.368971,0.34784,0.348989,633621319
1852,2006-06-06,0.351515,0.353832,0.330168,0.339553,898605558
1853,2006-06-07,0.343648,0.343868,0.330887,0.333661,616473403
1854,2006-06-08,0.329669,0.33408,0.31434,0.327371,796465781
1855,2006-06-09,0.331816,0.337377,0.323468,0.326203,472990485
1856,2006-06-12,0.319854,0.324884,0.306514,0.308352,505049201
1857,2006-06-13,0.308352,0.31434,0.300521,0.303487,579873029
1858,2006-06-14,0.305314,0.313412,0.302189,0.312513,523854095
1859,2006-06-15,0.323936,0.340873,0.321222,0.339733,912984326
1860,2006-06-16,0.337757,0.338433,0.32785,0.331087,548797247
1861,2006-06-19,0.336437,0.336437,0.320354,0.321222,423053014
1862,2006-06-20,0.314111,0.323238,0.311124,0.316157,583406154
1863,2006-06-21,0.315727,0.324634,0.314788,0.319604,481045108
1864,2006-06-22,0.323468,0.323936,0.308132,0.310227,581443630
1865,2006-06-23,0.309548,0.316807,0.306733,0.310447,365392534
1866,2006-06-26,0.309748,0.313412,0.306014,0.307433,307189386
1867,2006-06-27,0.307882,0.309748,0.293733,0.297825,659372715
1868,2006-06-28,0.300121,0.319154,0.292373,0.31434,908684428
1869,2006-06-29,0.304884,0.328469,0.304655,0.328469,749770723
1870,2006-06-30,0.329449,0.336937,0.323008,0.325334,508362589
1871,2006-07-03,0.332965,0.333212,0.32785,0.330168,190486927
1872,2006-07-05,0.32785,0.32785,0.315287,0.315287,501252793
1873,2006-07-06,0.315287,0.318425,0.302389,0.305554,513163704
1874,2006-07-07,0.307632,0.308352,0.292803,0.296029,590140050
1875,2006-07-10,0.296499,0.298962,0.280692,0.283258,490582642
1876,2006-07-11,0.28229,0.293733,0.278175,0.292803,654791538
1877,2006-07-12,0.290806,0.29507,0.278375,0.278595,502659820
1878,2006-07-13,0.274899,0.28137,0.270087,0.271456,589331955
1879,2006-07-14,0.27442,0.278175,0.262508,0.270087,623700374
1880,2006-07-17,0.268228,0.275348,0.26751,0.272154,548205846
1881,2006-07-18,0.28137,0.290077,0.271456,0.287061,1068086330
1882,2006-07-19,0.284857,0.303287,0.283698,0.299642,1150931292
1883,2006-07-20,0.304217,0.310227,0.293253,0.293733,551287058
1884,2006-07-21,0.283698,0.285076,0.269427,0.271684,691108741
1885,2006-07-24,0.280212,0.305784,0.280212,0.298962,1071645434
1886,2006-07-25,0.302389,0.312713,0.298294,0.309548,625793383
1887,2006-07-26,0.307882,0.313162,0.300321,0.309548,540012486
1888,2006-07-27,0.313412,0.326203,0.308352,0.313891,757084553
1889,2006-07-28,0.322788,0.347141,0.320354,0.346423,888590803
1890,2006-07-31,0.343868,0.346423,0.337537,0.338433,648430028
1891,2006-08-01,0.33434,0.335008,0.318685,0.324884,653132626
1892,2006-08-02,0.332745,0.351515,0.331346,0.349658,825152843
1893,2006-08-03,0.348339,0.381201,0.343648,0.371694,971047916
1894,2006-08-04,0.381699,0.382168,0.357207,0.366614,892169907
1895,2006-08-07,0.359722,0.367084,0.355331,0.362537,474974151
1896,2006-08-08,0.365265,0.379944,0.364337,0.372173,674677914
1897,2006-08-09,0.379545,0.38974,0.36919,0.371923,637329425
1898,2006-08-10,0.367304,0.371475,0.361569,0.36944,1155476796
1899,2006-08-11,0.34227,0.367084,0.341072,0.357676,1748132335
1900,2006-08-14,0.362297,0.365715,0.353832,0.35581,882552114
1901,2006-08-15,0.364337,0.392015,0.361569,0.389959,983698469
1902,2006-08-16,0.393183,0.419884,0.382168,0.418007,1122169379
1903,2006-08-17,0.412925,0.423658,0.407433,0.411507,887668548
1904,2006-08-18,0.412485,0.420301,0.397526,0.418236,726039857
1905,2006-08-21,0.411986,0.412705,0.40194,0.40282,545404281
1906,2006-08-22,0.401501,0.413385,0.401271,0.40214,516491633
1907,2006-08-23,0.40194,0.409288,0.392953,0.40194,528680448
1908,2006-08-24,0.40194,0.408112,0.396428,0.406094,284368637
1909,2006-08-25,0.40282,0.411986,0.398945,0.404695,259845881
1910,2006-08-28,0.411087,0.430608,0.410607,0.418704,833135349
1911,2006-08-29,0.422479,0.439582,0.419634,0.437728,793736524
1912,2006-08-30,0.439952,0.451255,0.439124,0.446643,743213982
1913,2006-08-31,0.445544,0.447522,0.435372,0.445075,557478845
1914,2006-09-01,0.438197,0.441781,0.424577,0.426246,660284384
1915,2006-09-05,0.429239,0.437248,0.42135,0.43563,599000424
1916,2006-09-06,0.428081,0.42851,0.412705,0.413843,537810755
1917,2006-09-07,0.407013,0.431337,0.40262,0.422029,809961393
1918,2006-09-08,0.42851,0.430608,0.414093,0.423398,488451936
1919,2006-09-11,0.412705,0.434932,0.409288,0.429908,651955491
1920,2006-09-12,0.427363,0.444207,0.426913,0.441332,543454215
1921,2006-09-13,0.441781,0.450587,0.440852,0.444875,519240290
1922,2006-09-14,0.44225,0.451027,0.437248,0.443228,467566552
1923,2006-09-15,0.448492,0.454024,0.44251,0.451985,708482412
1924,2006-09-18,0.454754,0.469749,0.451735,0.46882,865498489
1925,2006-09-19,0.466125,0.469049,0.452884,0.456798,772035814
1926,2006-09-20,0.462398,0.473842,0.46176,0.473443,557786444
1927,2006-09-21,0.473443,0.477629,0.465177,0.469519,587823217
1928,2006-09-22,0.467693,0.471147,0.450587,0.455681,712363185
1929,2006-09-25,0.463577,0.473842,0.450088,0.472115,746343105
1930,2006-09-26,0.470418,0.472744,0.456119,0.461979,562762369
1931,2006-09-27,0.461301,0.47528,0.456379,0.460583,630325056
1932,2006-09-28,0.443707,0.453784,0.440632,0.451985,705766795
1933,2006-09-29,0.454274,0.458566,0.449889,0.452424,407680034
1934,2006-10-02,0.450587,0.453104,0.437248,0.440852,705947384
1935,2006-10-03,0.433202,0.43585,0.422948,0.432732,989637139
1936,2006-10-04,0.432254,0.47528,0.432035,0.47506,1592166333
1937,2006-10-05,0.47481,0.478078,0.460403,0.461531,722230921
1938,2006-10-06,0.462398,0.477629,0.461061,0.472744,647181166
1939,2006-10-09,0.471147,0.509478,0.470188,0.503268,1016540743
1940,2006-10-10,0.500504,0.502541,0.486054,0.491726,681093876
1941,2006-10-11,0.488611,0.503268,0.481661,0.494522,524980043
1942,2006-10-12,0.496849,0.506733,0.489279,0.49642,452177167
1943,2006-10-13,0.495251,0.519085,0.486762,0.51615,636936319
1944,2006-10-16,0.517545,0.526206,0.506004,0.515272,522249905
1945,2006-10-17,0.506733,0.510427,0.490648,0.495501,574279273
1946,2006-10-18,0.50301,0.508301,0.478937,0.48239,896804253
1947,2006-10-19,0.480732,0.495251,0.476689,0.491506,515889887
1948,2006-10-20,0.493174,0.495741,0.478737,0.485814,391959727
1949,2006-10-23,0.484937,0.49662,0.481441,0.482639,305529482
1950,2006-10-24,0.482141,0.502291,0.482141,0.496849,566211349
1951,2006-10-25,0.502091,0.508999,0.493174,0.501442,424022499
1952,2006-10-26,0.502541,0.518865,0.502541,0.517319,399575987
1953,2006-10-27,0.517089,0.528752,0.48905,0.495021,618021430
1954,2006-10-30,0.49642,0.509727,0.492925,0.500942,522909478
1955,2006-10-31,0.510197,0.533133,0.509259,0.533133,1086033416
1956,2006-11-01,0.527353,0.530817,0.484487,0.491726,1282749627
1957,2006-11-02,0.492925,0.504867,0.481661,0.488611,940918565
1958,2006-11-03,0.491726,0.498885,0.486054,0.498206,597481150
1959,2006-11-06,0.499824,0.520213,0.493404,0.513445,806406956
1960,2006-11-07,0.51615,0.526674,0.514324,0.521112,603172952
1961,2006-11-08,0.517089,0.535382,0.51637,0.528951,706583342
1962,2006-11-09,0.539796,0.553254,0.534932,0.539537,1303731386
1963,2006-11-10,0.534932,0.537478,0.513225,0.526455,1436218458
1964,2006-11-13,0.527573,0.551867,0.527353,0.550239,929298729
1965,2006-11-14,0.548212,0.556867,0.536579,0.55573,685218923
1966,2006-11-15,0.553764,0.561713,0.543588,0.546642,536118683
1967,2006-11-16,0.549121,0.55548,0.544008,0.553764,489192991
1968,2006-11-17,0.54979,0.556647,0.546392,0.555063,394285583
1969,2006-11-20,0.548212,0.56333,0.544008,0.560344,661486305
1970,2006-11-21,0.561713,0.562862,0.547772,0.551637,422358579
1971,2006-11-22,0.553764,0.561713,0.550738,0.561013,261965880
1972,2006-11-24,0.557787,0.566503,0.553254,0.565205,157427740
1973,2006-11-27,0.561962,0.569299,0.535882,0.539796,637678475
1974,2006-11-28,0.537248,0.554563,0.52945,0.54979,524397485
1975,2006-11-29,0.554163,0.564736,0.552835,0.557787,632184287
1976,2006-11-30,0.557787,0.569998,0.551188,0.565435,636233141
1977,2006-12-01,0.559196,0.559884,0.538368,0.54309,855225910
1978,2006-12-04,0.551188,0.572297,0.548212,0.565205,677819706
1979,2006-12-05,0.557787,0.562612,0.553254,0.559446,723272283
1980,2006-12-06,0.559196,0.561243,0.550938,0.558747,521043076
1981,2006-12-07,0.558747,0.561713,0.540464,0.545175,530880226
1982,2006-12-08,0.542691,0.550938,0.533582,0.543329,615871697
1983,2006-12-11,0.543588,0.559196,0.542211,0.552835,561895507
1984,2006-12-12,0.548672,0.550488,0.539796,0.547112,626867023
1985,2006-12-13,0.553064,0.557787,0.551408,0.553504,535496356
1986,2006-12-14,0.557787,0.570228,0.557347,0.56333,780028305
1987,2006-12-15,0.564736,0.573226,0.56333,0.573226,813152850
1988,2006-12-18,0.573944,0.58999,0.573445,0.583032,750535563
1989,2006-12-19,0.57614,0.594542,0.574841,0.591526,594766364
1990,2006-12-20,0.58856,0.595442,0.584428,0.584908,334765351
1991,2006-12-21,0.588112,0.58973,0.573226,0.579884,401105977
1992,2006-12-22,0.578915,0.580812,0.56333,0.566075,400338744
1993,2006-12-26,0.56905,0.574163,0.56358,0.565875,248813830
1994,2006-12-27,0.56835,0.575321,0.56835,0.573445,288810236
1995,2006-12-28,0.573944,0.574622,0.566503,0.569299,233106993
1996,2006-12-29,0.569299,0.581232,0.565205,0.565655,420945393
1997,2007-01-03,0.566503,0.573445,0.531736,0.551408,1258758224
1998,2007-01-04,0.550239,0.551408,0.535382,0.548871,869346594
1999,2007-01-05,0.535382,0.538118,0.510877,0.514554,1355671120
2000,2007-01-08,0.518185,0.528252,0.507432,0.518415,716498819
2001,2007-01-09,0.519085,0.522509,0.507632,0.508301,833032566
2002,2007-01-10,0.50279,0.538118,0.495251,0.533382,1208455208
2003,2007-01-11,0.531985,0.537478,0.522509,0.531287,1008042869
2004,2007-01-12,0.523658,0.540664,0.520862,0.538617,761124563
2005,2007-01-16,0.542691,0.542911,0.533382,0.539537,775840264
2006,2007-01-17,0.531985,0.535152,0.526206,0.528052,771505624
2007,2007-01-18,0.522759,0.523438,0.477879,0.484487,1637237271
2008,2007-01-19,0.478937,0.497318,0.47571,0.487182,1027714345
2009,2007-01-22,0.491726,0.499824,0.485356,0.487182,796209469
2010,2007-01-23,0.484937,0.495251,0.47571,0.487412,687320405
2011,2007-01-24,0.493654,0.509259,0.491308,0.502541,747572277
2012,2007-01-25,0.504387,0.508999,0.482639,0.484937,671973434
2013,2007-01-26,0.48905,0.493843,0.472315,0.480952,904546551
2014,2007-01-29,0.478557,0.479156,0.457237,0.461301,1371973215
2015,2007-01-30,0.464757,0.473214,0.460163,0.470188,693530990
2016,2007-01-31,0.467473,0.472964,0.461979,0.468352,509984486
2017,2007-02-01,0.463127,0.476939,0.463127,0.474312,709169446
2018,2007-02-02,0.477629,0.48905,0.472964,0.486762,639595101
2019,2007-02-05,0.48905,0.498885,0.488361,0.494771,632156315
2020,2007-02-06,0.506263,0.518865,0.498435,0.512527,845322441
2021,2007-02-07,0.51662,0.533582,0.513445,0.532435,829833759
2022,2007-02-08,0.525957,0.533133,0.519744,0.525507,791906647
2023,2007-02-09,0.528052,0.532684,0.497099,0.499125,1022331483
2024,2007-02-12,0.502291,0.520862,0.497318,0.510197,860113684
2025,2007-02-13,0.518185,0.523878,0.513225,0.519744,916788285
2026,2007-02-14,0.524378,0.527353,0.511597,0.512995,1179445776
2027,2007-02-15,0.512057,0.518415,0.507632,0.515951,532830413
2028,2007-02-16,0.512297,0.514324,0.498625,0.500084,997562551
2029,2007-02-20,0.500942,0.507432,0.497318,0.504607,681783654
2030,2007-02-21,0.500504,0.505806,0.491976,0.497099,714547360
2031,2007-02-22,0.504387,0.512995,0.499125,0.500304,714542984
2032,2007-02-23,0.500722,0.505307,0.498885,0.499125,439473736
2033,2007-02-26,0.500084,0.504157,0.490648,0.491308,539109550
2034,2007-02-27,0.486283,0.497537,0.47571,0.476689,778606556
2035,2007-02-28,0.476689,0.484018,0.469269,0.473842,850327550
2036,2007-03-01,0.462398,0.476689,0.457467,0.467892,912884737
2037,2007-03-02,0.464757,0.469519,0.454274,0.455202,744425637
2038,2007-03-05,0.446903,0.456119,0.438197,0.439582,722295547
2039,2007-03-06,0.449409,0.470648,0.447302,0.465675,878808765
2040,2007-03-07,0.465177,0.465426,0.450587,0.452424,884918180
2041,2007-03-08,0.461979,0.476209,0.461531,0.471147,839695616
2042,2007-03-09,0.476939,0.483089,0.461061,0.466355,604519980
2043,2007-03-12,0.461061,0.470188,0.460403,0.463577,466773119
2044,2007-03-13,0.457707,0.461531,0.443707,0.444207,672550774
2045,2007-03-14,0.443707,0.447772,0.42851,0.441781,1059370191
2046,2007-03-15,0.439582,0.444875,0.430837,0.437468,715175447
2047,2007-03-16,0.437728,0.438645,0.430358,0.433452,573145713
2048,2007-03-19,0.43585,0.44251,0.434002,0.435372,503382848
2049,2007-03-20,0.434002,0.444207,0.431776,0.433452,715989039
2050,2007-03-21,0.451027,0.465177,0.44225,0.458166,1516273962
2051,2007-03-22,0.458566,0.470887,0.456599,0.468122,889442262
2052,2007-03-23,0.464757,0.472964,0.459733,0.462877,572173915
2053,2007-03-26,0.463357,0.467693,0.455681,0.463827,487241342
2054,2007-03-27,0.46176,0.463827,0.454754,0.455202,511209812
2055,2007-03-28,0.451485,0.455202,0.445744,0.446424,506151664
2056,2007-03-29,0.453354,0.453784,0.431537,0.438645,783407010
2057,2007-03-30,0.444625,0.447772,0.437728,0.439952,633711713
2058,2007-04-02,0.437728,0.44251,0.432254,0.439582,437038236
2059,2007-04-03,0.439582,0.444376,0.433652,0.437728,516528148
2060,2007-04-04,0.437248,0.440632,0.43563,0.436769,394374736
2061,2007-04-05,0.438894,0.472744,0.438645,0.472315,1453342187
2062,2007-04-09,0.472315,0.477629,0.462877,0.463827,698865901
2063,2007-04-10,0.463127,0.468352,0.458166,0.459063,865984593
2064,2007-04-11,0.460163,0.464497,0.44919,0.450807,883346928
2065,2007-04-12,0.447772,0.464977,0.445544,0.463577,810832682
2066,2007-04-13,0.461979,0.468352,0.456599,0.467473,696428478
2067,2007-04-16,0.468122,0.469749,0.459063,0.464977,732664470
2068,2007-04-17,0.47554,0.487652,0.467073,0.469269,1154807208
2069,2007-04-18,0.466575,0.479354,0.466125,0.47528,745532487
2070,2007-04-19,0.471387,0.484487,0.469969,0.481661,619385373
2071,2007-04-20,0.488611,0.48905,0.480952,0.487412,644475925
2072,2007-04-23,0.485136,0.486054,0.478078,0.479354,649089791
2073,2007-04-24,0.487652,0.501892,0.484487,0.497537,1120983031
2074,2007-04-25,0.497537,0.50878,0.494522,0.506004,555593526
2075,2007-04-26,0.506004,0.51615,0.501442,0.512297,545251704
2076,2007-04-27,0.510657,0.51637,0.497318,0.505566,604119302
2077,2007-04-30,0.511357,0.518865,0.502541,0.50279,614278883
2078,2007-05-01,0.512057,0.515272,0.503937,0.508101,593758392
2079,2007-05-02,0.510657,0.512995,0.499604,0.502091,719260014
2080,2007-05-03,0.507881,0.515043,0.506004,0.511597,545450220
2081,2007-05-04,0.514324,0.517965,0.509478,0.515272,441859471
2082,2007-05-07,0.522059,0.528502,0.504387,0.505107,607438118
2083,2007-05-08,0.500722,0.510197,0.492206,0.50878,803702726
2084,2007-05-09,0.503707,0.514124,0.499354,0.511097,455627349
2085,2007-05-10,0.513445,0.519984,0.497318,0.501672,870710857
2086,2007-05-11,0.527353,0.542211,0.520683,0.537248,1663657935
2087,2007-05-14,0.534932,0.540015,0.526674,0.531736,797676385
2088,2007-05-15,0.533133,0.536579,0.525737,0.527153,677506860
2089,2007-05-16,0.527573,0.533832,0.517545,0.533832,570388284
2090,2007-05-17,0.530317,0.534932,0.521811,0.524778,490121394
2091,2007-05-18,0.528951,0.536779,0.524378,0.535382,658464321
2092,2007-05-21,0.533832,0.550239,0.531287,0.537029,704119991
2093,2007-05-22,0.537478,0.544716,0.528752,0.540015,438033219
2094,2007-05-23,0.541991,0.543329,0.523878,0.525507,488683441
2095,2007-05-24,0.528052,0.52945,0.504387,0.506503,662719353
2096,2007-05-25,0.510197,0.517089,0.50878,0.514554,336760955
2097,2007-05-29,0.512527,0.521581,0.510877,0.519984,344817682
2098,2007-05-30,0.513924,0.521112,0.507432,0.521112,361612952
2099,2007-05-31,0.523438,0.532684,0.522509,0.52945,525083828
2100,2007-06-01,0.535382,0.543329,0.532235,0.533133,466635985
2101,2007-06-04,0.528252,0.539067,0.526206,0.536081,351097551
2102,2007-06-05,0.538118,0.552835,0.536779,0.551867,761705830
2103,2007-06-06,0.548212,0.564976,0.545893,0.55593,1036634378
2104,2007-06-07,0.553504,0.561713,0.55004,0.55004,863439511
2105,2007-06-08,0.545415,0.559446,0.538817,0.558747,581440064
2106,2007-06-11,0.558747,0.56406,0.55548,0.560543,474942994
2107,2007-06-12,0.557787,0.565655,0.554563,0.554803,574366132
2108,2007-06-13,0.558517,0.56835,0.553764,0.568101,640293672
2109,2007-06-14,0.565655,0.580382,0.564736,0.578208,554495570
2110,2007-06-15,0.584908,0.60924,0.584648,0.604626,1179765333
2111,2007-06-18,0.610619,0.612706,0.600086,0.604856,747613969
2112,2007-06-19,0.600984,0.61015,0.59681,0.608771,536389186
2113,2007-06-20,0.611568,0.614533,0.605096,0.60924,897137540
2114,2007-06-21,0.621562,0.66235,0.61634,0.65691,1414513552
2115,2007-06-22,0.657359,0.670641,0.647314,0.666665,962367731
2116,2007-06-25,0.647934,0.663997,0.642193,0.649082,893770001
2117,2007-06-26,0.647504,0.649302,0.617457,0.619057,946550088
2118,2007-06-27,0.619057,0.636431,0.61612,0.635721,668554238
2119,2007-06-28,0.636901,0.648604,0.631217,0.641743,651523978
2120,2007-06-29,0.646106,0.646336,0.631217,0.631456,562699385
2121,2007-07-02,0.640374,0.657839,0.638497,0.657839,614818507
2122,2007-07-03,0.657359,0.663997,0.651886,0.658708,260341810
2123,2007-07-05,0.655781,0.667844,0.655781,0.665826,406934924
2124,2007-07-06,0.664897,0.671558,0.663769,0.668992,308004821
2125,2007-07-09,0.672517,0.691687,0.671338,0.688542,585275360
2126,2007-07-10,0.686716,0.699317,0.677588,0.695123,602510024
2127,2007-07-11,0.695373,0.699766,0.682682,0.692166,635256485
2128,2007-07-12,0.696971,0.706177,0.692166,0.705507,478391173
2129,2007-07-13,0.706876,0.711917,0.700444,0.701112,404376251
2130,2007-07-16,0.701811,0.716651,0.701581,0.713784,590692974
2131,2007-07-17,0.716651,0.73118,0.71012,0.71074,701112809
2132,2007-07-18,0.700444,0.702711,0.68402,0.697667,600413810
2133,2007-07-19,0.707764,0.711237,0.691937,0.696971,444181431
2134,2007-07-20,0.701581,0.704109,0.686046,0.68944,551335290
2135,2007-07-23,0.686976,0.71052,0.685399,0.696292,393044533
2136,2007-07-24,0.694473,0.699317,0.673655,0.677787,498872907
2137,2007-07-25,0.684249,0.687644,0.659157,0.674772,476715075
2138,2007-07-26,0.667594,0.687644,0.658508,0.678006,774222613
2139,2007-07-27,0.679406,0.707575,0.67616,0.67639,669830190
2140,2007-07-30,0.678956,0.696292,0.678706,0.695373,586783868
2141,2007-07-31,0.72291,0.732568,0.698617,0.699566,774855516
2142,2007-08-01,0.68944,0.706406,0.661872,0.694253,769612833
2143,2007-08-02,0.702261,0.702711,0.682002,0.691268,510882284
2144,2007-08-03,0.688992,0.694054,0.64998,0.650229,679538548
2145,2007-08-06,0.650229,0.660535,0.637398,0.655781,572006746
2146,2007-08-07,0.653963,0.677089,0.647065,0.666045,616442057
2147,2007-08-08,0.677588,0.71753,0.672937,0.696772,720023291
2148,2007-08-09,0.701581,0.724528,0.685596,0.705057,1328030899
2149,2007-08-10,0.648184,0.677089,0.632585,0.672517,1243847172
2150,2007-08-13,0.675691,0.682422,0.651147,0.665097,763255108
2151,2007-08-14,0.669722,0.701581,0.667594,0.690839,1189426490
2152,2007-08-15,0.686276,0.696971,0.660704,0.661672,757895691
2153,2007-08-16,0.655111,0.659837,0.619057,0.650697,849602880
2154,2007-08-17,0.668762,0.68969,0.647934,0.688992,797027488
2155,2007-08-20,0.68944,0.696971,0.678006,0.686276,566640359
2156,2007-08-21,0.69039,0.728923,0.680355,0.72333,779875577
2157,2007-08-22,0.739425,0.74417,0.726885,0.739895,611442796
2158,2007-08-23,0.741274,0.752257,0.730501,0.733685,728291783
2159,2007-08-24,0.731649,0.738956,0.726186,0.737559,394264321
2160,2007-08-27,0.737559,0.761942,0.734184,0.754135,693091145
2161,2007-08-28,0.7564,0.759596,0.706406,0.708264,610536175
2162,2007-08-29,0.72406,0.74926,0.721562,0.748383,587216603
2163,2007-08-30,0.747016,0.762611,0.740774,0.743952,507252705
2164,2007-08-31,0.759596,0.78488,0.755504,0.782062,785849430
2165,2007-09-04,0.78438,0.809572,0.773356,0.806177,744675470
2166,2007-09-05,0.802691,0.825437,0.799466,0.799946,714844123
2167,2007-09-06,0.810241,0.817331,0.800146,0.80362,463941940
2168,2007-09-07,0.781104,0.789492,0.759146,0.774285,656727894
2169,2007-09-10,0.791139,0.80476,0.769931,0.776343,633928787
2170,2007-09-11,0.787594,0.798767,0.777509,0.792836,442056545
2171,2007-09-12,0.801344,0.805239,0.753906,0.761693,604443696
2172,2007-09-13,0.774974,0.776792,0.7564,0.761942,493842049
2173,2007-09-14,0.754305,0.755254,0.737099,0.739425,531398589
2174,2007-09-17,0.739196,0.748383,0.729782,0.737779,408570692
2175,2007-09-18,0.745647,0.813916,0.744419,0.802462,920952631
2176,2007-09-19,0.809821,0.825437,0.780064,0.787594,568437777
2177,2007-09-20,0.788294,0.796752,0.774505,0.78318,353460843
2178,2007-09-21,0.791139,0.802462,0.78318,0.790891,498875310
2179,2007-09-24,0.795603,0.823111,0.789952,0.810939,497362986
2180,2007-09-25,0.806177,0.824738,0.80384,0.821274,393192464
2181,2007-09-26,0.824988,0.842613,0.823371,0.840766,564839705
2182,2007-09-27,0.848833,0.853007,0.834355,0.843341,409258296
2183,2007-09-28,0.848353,0.851329,0.829162,0.830901,440821444
2184,2007-10-01,0.840266,0.870171,0.83707,0.865717,434181399
2185,2007-10-02,0.8639,0.865478,0.845159,0.857461,310706958
2186,2007-10-03,0.838249,0.842613,0.807744,0.821274,509412714
2187,2007-10-04,0.820355,0.829802,0.796752,0.824988,413219790
2188,2007-10-05,0.833877,0.851329,0.829162,0.846536,375984339
2189,2007-10-08,0.852748,0.861805,0.842613,0.860426,275269647
2190,2007-10-09,0.860426,0.86438,0.832728,0.845379,439387267
2191,2007-10-10,0.851079,0.851079,0.825886,0.846306,424055248
2192,2007-10-11,0.835722,0.849051,0.799466,0.808623,573958655
2193,2007-10-12,0.818031,0.828434,0.80502,0.828434,446992100
2194,2007-10-15,0.828903,0.845159,0.827304,0.834355,387764875
2195,2007-10-16,0.833628,0.856762,0.830481,0.841944,297089855
2196,2007-10-17,0.874734,0.909053,0.873835,0.906536,782447620
2197,2007-10-18,0.903543,0.90952,0.880886,0.905818,371332607
2198,2007-10-19,0.903773,0.904201,0.856982,0.857232,551468218
2199,2007-10-22,0.851779,0.899708,0.84496,0.897849,585640043
2200,2007-10-23,0.908383,0.90952,0.877721,0.902246,320448916
2201,2007-10-24,0.882762,0.882762,0.828903,0.871738,616527965
2202,2007-10-25,0.84474,0.853007,0.770131,0.795603,878541737
2203,2007-10-26,0.820805,0.826385,0.777271,0.788773,672278378
2204,2007-10-29,0.761444,0.773825,0.746546,0.770131,887181483
2205,2007-10-30,0.776343,0.814615,0.76353,0.798329,572407613
2206,2007-10-31,0.803161,0.811639,0.778208,0.811169,496554021
2207,2007-11-01,0.802462,0.827504,0.787594,0.811169,640299761
2208,2007-11-02,0.822441,0.848353,0.810939,0.842363,536355846
2209,2007-11-05,0.835244,0.862502,0.830061,0.842363,476080600
2210,2007-11-06,0.850409,0.875883,0.846536,0.868994,604736132
2211,2007-11-07,0.868514,0.871988,0.820805,0.827764,585664049
2212,2007-11-08,0.819628,0.834554,0.752257,0.775643,1061975483
2213,2007-11-09,0.793006,0.797899,0.748582,0.764898,949756597
2214,2007-11-12,0.762111,0.770131,0.688542,0.688542,779781477
2215,2007-11-13,0.697667,0.74996,0.688542,0.74926,792358591
2216,2007-11-14,0.768531,0.775643,0.733685,0.737559,724713671
2217,2007-11-15,0.732119,0.739675,0.71074,0.727805,541293725
2218,2007-11-16,0.734603,0.746087,0.727805,0.743952,461868079
2219,2007-11-19,0.730501,0.737099,0.68989,0.693824,619817918
2220,2007-11-20,0.707335,0.708024,0.667364,0.688542,678781369
2221,2007-11-21,0.673903,0.697449,0.672038,0.681303,707045350
2222,2007-11-23,0.686046,0.695822,0.677329,0.692885,154805963
2223,2007-11-26,0.692405,0.706636,0.675491,0.676859,420765886
2224,2007-11-27,0.686516,0.708024,0.681303,0.705957,500212062
2225,2007-11-28,0.728503,0.76328,0.724787,0.753207,624193238
2226,2007-11-29,0.752037,0.781803,0.748582,0.759366,533231931
2227,2007-11-30,0.78416,0.78416,0.720863,0.72311,709522252
2228,2007-12-03,0.738278,0.747246,0.72253,0.733685,534297068
2229,2007-12-04,0.736879,0.739425,0.718718,0.732986,405254209
2230,2007-12-05,0.760295,0.785359,0.751608,0.77106,726910725
2231,2007-12-06,0.769491,0.789272,0.762351,0.786676,404472414
2232,2007-12-07,0.790891,0.790891,0.768791,0.776792,349227774
2233,2007-12-10,0.777042,0.794406,0.777042,0.785359,366601346
2234,2007-12-11,0.802242,0.816661,0.78438,0.785977,635054925
2235,2007-12-12,0.81853,0.827504,0.79743,0.813236,673301693
2236,2007-12-13,0.805927,0.808623,0.767636,0.791139,545577229
2237,2007-12-14,0.782062,0.812797,0.782062,0.80409,385873537
2238,2007-12-17,0.796072,0.803161,0.761244,0.76303,553212718
2239,2007-12-18,0.774974,0.791139,0.766967,0.782531,432749184
2240,2007-12-19,0.779884,0.797171,0.776542,0.789952,276441693
2241,2007-12-20,0.802462,0.808204,0.785777,0.806407,305203847
2242,2007-12-21,0.813916,0.823111,0.798767,0.806177,472568726
2243,2007-12-24,0.810719,0.82427,0.806177,0.820355,113402961
2244,2007-12-26,0.821973,0.83133,0.813916,0.83133,234753426
2245,2007-12-27,0.832229,0.834554,0.80362,0.805707,263177846
2246,2007-12-28,0.80429,0.813916,0.790891,0.797669,280604797
2247,2007-12-31,0.792156,0.805707,0.779884,0.780064,298366527
2248,2008-01-02,0.779635,0.785359,0.746546,0.7569,527693137
2249,2008-01-03,0.763979,0.776343,0.748163,0.750939,518257104
2250,2008-01-04,0.730501,0.732119,0.683351,0.687844,802604279
2251,2008-01-07,0.692405,0.698147,0.604126,0.616789,1097302030
2252,2008-01-08,0.620235,0.671558,0.605826,0.629801,1206974452
2253,2008-01-09,0.638497,0.66255,0.628871,0.66235,807797358
2254,2008-01-10,0.644508,0.658958,0.635721,0.648604,604530565
2255,2008-01-11,0.633234,0.646585,0.61564,0.620235,624232256
2256,2008-01-14,0.626406,0.66235,0.619286,0.661433,587832360
2257,2008-01-15,0.636431,0.64381,0.602083,0.612936,791102689
2258,2008-01-16,0.574392,0.581412,0.531037,0.543588,1596800349
2259,2008-01-17,0.550488,0.566733,0.532913,0.534282,1236305923
2260,2008-01-18,0.535882,0.572527,0.51637,0.569529,999432848
2261,2008-01-22,0.515272,0.554403,0.512057,0.542911,772604502
2262,2008-01-23,0.518415,0.566972,0.514124,0.550938,1006220293
2263,2008-01-24,0.562412,0.593383,0.556428,0.593154,651038565
2264,2008-01-25,0.61586,0.629571,0.569299,0.572048,748826576
2265,2008-01-28,0.572048,0.575691,0.553064,0.565205,629753655
2266,2008-01-29,0.575321,0.584908,0.560344,0.582532,451934516
2267,2008-01-30,0.573226,0.586275,0.561013,0.577518,578387705
2268,2008-01-31,0.564976,0.574392,0.546392,0.56384,638440531
2269,2008-02-01,0.56905,0.619057,0.557787,0.61586,646650526
2270,2008-02-04,0.625927,0.632585,0.593383,0.596621,616163051
2271,2008-02-05,0.584648,0.584908,0.558966,0.559196,539572640
2272,2008-02-06,0.564309,0.580812,0.547112,0.557347,607504898
2273,2008-02-07,0.541332,0.578716,0.529649,0.562862,724135930
2274,2008-02-08,0.557567,0.577318,0.550239,0.572997,429524889
2275,2008-02-11,0.577738,0.587204,0.570898,0.574841,549237454
2276,2008-02-12,0.5835,0.604376,0.580382,0.596141,664764340
2277,2008-02-13,0.600754,0.621312,0.594322,0.619536,795360124
2278,2008-02-14,0.601864,0.601864,0.517089,0.518415,2378112407
2279,2008-02-15,0.517965,0.530317,0.502291,0.510657,888616541
2280,2008-02-19,0.519984,0.520862,0.498625,0.50301,608824515
2281,2008-02-20,0.488361,0.506733,0.486283,0.499354,827453471
2282,2008-02-21,0.504387,0.506983,0.485136,0.488131,702402441
2283,2008-02-22,0.491726,0.512755,0.488361,0.511797,788345810
2284,2008-02-25,0.511357,0.517319,0.497967,0.511597,732428909
2285,2008-02-26,0.50856,0.523658,0.500722,0.515951,616509637
2286,2008-02-27,0.513445,0.528052,0.510197,0.523878,586403541
2287,2008-02-28,0.517785,0.520213,0.504157,0.504157,549037516
2288,2008-02-29,0.49597,0.502541,0.488361,0.490428,589378294
2289,2008-03-03,0.489509,0.493174,0.478308,0.484737,489601089
2290,2008-03-04,0.481441,0.48239,0.461061,0.479852,849227751
2291,2008-03-05,0.482639,0.496849,0.479354,0.485136,702907284
2292,2008-03-06,0.479354,0.482639,0.454274,0.454983,1171871188
2293,2008-03-07,0.446643,0.465875,0.43563,0.448242,836850796
2294,2008-03-10,0.442749,0.448242,0.4218,0.422479,846799592
2295,2008-03-11,0.43563,0.440852,0.418236,0.43655,935645647
2296,2008-03-12,0.440852,0.444625,0.42093,0.424577,810575399
2297,2008-03-13,0.418007,0.458166,0.415468,0.451735,1330862499
2298,2008-03-14,0.454024,0.454504,0.416857,0.420102,1259346911
2299,2008-03-17,0.403966,0.423658,0.396907,0.409488,874061670
2300,2008-03-18,0.419184,0.43563,0.407213,0.434932,1172494577
2301,2008-03-19,0.424787,0.430837,0.404915,0.404915,960036567
2302,2008-03-20,0.409708,0.425546,0.4024,0.424577,690720682
2303,2008-03-24,0.433202,0.46176,0.432502,0.459263,967652216
2304,2008-03-25,0.46176,0.474562,0.457048,0.465875,801847181
2305,2008-03-26,0.459733,0.462877,0.445974,0.451027,786958022
2306,2008-03-27,0.445075,0.456798,0.437248,0.444625,655698560
2307,2008-03-28,0.453104,0.462877,0.448002,0.451255,612548014
2308,2008-03-31,0.456119,0.464497,0.448002,0.453784,619114099
2309,2008-04-01,0.467073,0.482639,0.460583,0.481441,737267490
2310,2008-04-02,0.482639,0.482889,0.463127,0.466824,672245599
2311,2008-04-03,0.462398,0.463577,0.444625,0.458166,917904558
2312,2008-04-04,0.44919,0.451255,0.429459,0.430608,1660897972
2313,2008-04-07,0.441781,0.447522,0.437468,0.440852,794920609
2314,2008-04-08,0.43585,0.452654,0.43563,0.438445,697240228
2315,2008-04-09,0.443947,0.451735,0.439344,0.447093,736240890
2316,2008-04-10,0.449889,0.470188,0.44225,0.455901,1190621040
2317,2008-04-11,0.447302,0.449889,0.422029,0.424787,1201598199
2318,2008-04-14,0.424127,0.424127,0.408112,0.410607,850411936
2319,2008-04-15,0.412705,0.417067,0.403718,0.415468,472679241
2320,2008-04-16,0.431537,0.437468,0.423658,0.432035,705133641
2321,2008-04-17,0.411986,0.427612,0.411507,0.426016,650829513
2322,2008-04-18,0.438645,0.442978,0.430158,0.43608,625149373
2323,2008-04-21,0.432952,0.458566,0.432732,0.455681,741326659
2324,2008-04-22,0.449409,0.452184,0.437468,0.447093,640716022
2325,2008-04-23,0.453354,0.473633,0.447302,0.468571,1112935628
2326,2008-04-24,0.471387,0.473633,0.450587,0.457467,715258510
2327,2008-04-25,0.46176,0.463127,0.447302,0.461979,602159772
2328,2008-04-28,0.459933,0.466824,0.451985,0.453784,583969754
2329,2008-04-29,0.448712,0.46882,0.448712,0.463127,625221581
2330,2008-04-30,0.468352,0.476209,0.465426,0.471147,1164310841
2331,2008-05-01,0.476939,0.494073,0.474562,0.492925,1106262113
2332,2008-05-02,0.506503,0.51637,0.498625,0.51637,1233192103
2333,2008-05-05,0.512995,0.515272,0.502291,0.503507,1028592584
2334,2008-05-06,0.502091,0.517785,0.494322,0.51662,794327104
2335,2008-05-07,0.517965,0.524778,0.506263,0.508999,536774841
2336,2008-05-08,0.50856,0.510197,0.481661,0.503268,1438217998
2337,2008-05-09,0.504607,0.537248,0.503707,0.51662,2212502533
2338,2008-05-12,0.523178,0.523178,0.496849,0.501892,1097611511
2339,2008-05-13,0.504387,0.504387,0.487911,0.491506,924371706
2340,2008-05-14,0.497767,0.519085,0.491506,0.506004,805807012
2341,2008-05-15,0.504867,0.547542,0.502541,0.545175,1258510074
2342,2008-05-16,0.553764,0.560793,0.541762,0.559666,1190191040
2343,2008-05-19,0.560344,0.580382,0.544008,0.547992,1263219182
2344,2008-05-20,0.533133,0.539317,0.527573,0.533832,840946670
2345,2008-05-21,0.535382,0.55573,0.528252,0.52945,1162945456
2346,2008-05-22,0.537029,0.546642,0.528502,0.542211,755691306
2347,2008-05-23,0.541332,0.545674,0.522059,0.529897,875202120
2348,2008-05-27,0.530817,0.536329,0.520683,0.535632,907980899
2349,2008-05-28,0.549541,0.551637,0.534512,0.540664,819660267
2350,2008-05-29,0.540914,0.541762,0.52945,0.539317,753390197
2351,2008-05-30,0.554803,0.568101,0.553064,0.566254,904831195
2352,2008-06-02,0.566254,0.572997,0.560114,0.5686,801002823
2353,2008-06-03,0.570898,0.571368,0.542691,0.549341,916660765
2354,2008-06-04,0.538368,0.556867,0.534282,0.55573,906876994
2355,2008-06-05,0.574163,0.581232,0.56333,0.569769,902529055
2356,2008-06-06,0.562862,0.56358,0.548442,0.551637,855798794
2357,2008-06-09,0.548442,0.55593,0.532235,0.54309,695559213
2358,2008-06-10,0.528502,0.529201,0.507632,0.511097,1335919235
2359,2008-06-11,0.510877,0.523438,0.486512,0.487182,1089271862
2360,2008-06-12,0.498206,0.507881,0.486054,0.490179,897035558
2361,2008-06-13,0.490848,0.49662,0.474082,0.488611,769520886
2362,2008-06-16,0.483319,0.487911,0.478078,0.481921,687465972
2363,2008-06-17,0.488831,0.48905,0.469049,0.470188,750060515
2364,2008-06-18,0.464757,0.481441,0.448961,0.456599,1161530327
2365,2008-06-19,0.457467,0.465426,0.444376,0.455452,855829790
2366,2008-06-20,0.447093,0.458166,0.445075,0.453104,807964488
2367,2008-06-23,0.457048,0.457048,0.439752,0.443707,846780164
2368,2008-06-24,0.441332,0.46882,0.441112,0.458386,1176391895
2369,2008-06-25,0.465426,0.46882,0.453604,0.460801,982380235
2370,2008-06-26,0.447093,0.450587,0.437248,0.437248,921778231
2371,2008-06-27,0.438645,0.444625,0.428979,0.442031,636046493
2372,2008-06-30,0.437018,0.440852,0.426246,0.429239,712973725
2373,2008-07-01,0.425287,0.430358,0.416367,0.429908,961111909
2374,2008-07-02,0.427841,0.430608,0.412705,0.413385,811746394
2375,2008-07-03,0.297615,0.30102,0.284397,0.286461,3258243183
2376,2008-07-07,0.291254,0.292553,0.269607,0.277415,2397090800
2377,2008-07-08,0.278595,0.286212,0.270557,0.275817,1968391992
2378,2008-07-09,0.276496,0.280692,0.270986,0.270986,1540682438
2379,2008-07-10,0.271684,0.275597,0.265295,0.270307,1150279110
2380,2008-07-11,0.263716,0.27418,0.259584,0.26751,880739873
2381,2008-07-14,0.269607,0.271684,0.253552,0.25539,961916598
2382,2008-07-15,0.252253,0.263477,0.245383,0.258214,1223800928
2383,2008-07-16,0.258014,0.266413,0.252033,0.259584,1127859839
2384,2008-07-17,0.263477,0.263716,0.250406,0.260383,939951935
2385,2008-07-18,0.258214,0.266633,0.251305,0.265065,981016763
2386,2008-07-21,0.268957,0.273023,0.264335,0.266633,622730478
2387,2008-07-22,0.264815,0.265295,0.255859,0.260861,606069088
2388,2008-07-23,0.262748,0.271456,0.261581,0.268727,648512490
2389,2008-07-24,0.265934,0.268488,0.252253,0.252932,769474787
2390,2008-07-25,0.25539,0.265934,0.250206,0.265065,1133478713
2391,2008-07-28,0.261581,0.273023,0.260383,0.264335,800619582
2392,2008-07-29,0.264815,0.273702,0.2618,0.267062,833667833
2393,2008-07-30,0.272304,0.272804,0.257285,0.263227,641608582
2394,2008-07-31,0.262508,0.268008,0.259584,0.262278,531173874
2395,2008-08-01,0.25539,0.256336,0.245383,0.248559,960608889
2396,2008-08-04,0.246742,0.249957,0.241849,0.242569,568049158
2397,2008-08-05,0.247161,0.256586,0.244465,0.256586,747338598
2398,2008-08-06,0.257285,0.265734,0.249038,0.263477,888281171
2399,2008-08-07,0.261081,0.272804,0.256336,0.259354,893229746
2400,2008-08-08,0.261331,0.263716,0.251305,0.252253,930657103
2401,2008-08-11,0.254,0.263716,0.253072,0.257514,1303061367
2402,2008-08-12,0.259584,0.260233,0.250206,0.253772,1525835512
2403,2008-08-13,0.272304,0.285325,0.26731,0.28114,2284500170
2404,2008-08-14,0.279712,0.3093,0.279014,0.298065,1782849152
2405,2008-08-15,0.303287,0.306733,0.29507,0.297168,847776568
2406,2008-08-18,0.298763,0.305784,0.296029,0.303057,974745607
2407,2008-08-19,0.298065,0.309548,0.296969,0.307632,1105635258
2408,2008-08-20,0.312513,0.323706,0.309977,0.322788,1245216483
2409,2008-08-21,0.316407,0.319604,0.305784,0.312313,1113867196
2410,2008-08-22,0.314111,0.318186,0.305314,0.312063,500760510
2411,2008-08-25,0.309977,0.317527,0.306514,0.307433,514154450
2412,2008-08-26,0.30908,0.3093,0.296969,0.300121,668506096
2413,2008-08-27,0.291503,0.306014,0.290556,0.302389,489943369
2414,2008-08-28,0.302838,0.306014,0.298294,0.30122,397601865
2415,2008-08-29,0.297168,0.298065,0.288908,0.289838,562625465
2416,2008-09-02,0.295769,0.297168,0.278595,0.28251,756631848
2417,2008-09-03,0.278595,0.279712,0.264815,0.26731,779425336
2418,2008-09-04,0.264335,0.267062,0.262029,0.263716,780788207
2419,2008-09-05,0.261331,0.268228,0.261081,0.26751,862582603
2420,2008-09-08,0.270087,0.270087,0.252253,0.256586,1433571313
2421,2008-09-09,0.25564,0.271226,0.246932,0.247841,1197397810
2422,2008-09-10,0.250855,0.255859,0.246512,0.248059,702288552
2423,2008-09-11,0.23413,0.241119,0.228378,0.23611,1162645599
2424,2008-09-12,0.232743,0.23564,0.220342,0.233671,1318413066
2425,2008-09-15,0.224465,0.228837,0.210464,0.213211,941987559
2426,2008-09-16,0.20817,0.22148,0.201768,0.219873,1352811989
2427,2008-09-17,0.214819,0.23437,0.212763,0.229306,1515654489
2428,2008-09-18,0.232045,0.2618,0.231575,0.249707,1738141055
2429,2008-09-19,0.262029,0.263716,0.249957,0.261581,1207267959
2430,2008-09-22,0.259803,0.267062,0.25473,0.256086,763265243
2431,2008-09-23,0.254,0.263477,0.247841,0.248788,894521251
2432,2008-09-24,0.244684,0.262998,0.244265,0.258014,944282328
2433,2008-09-25,0.258014,0.269207,0.253552,0.262998,641452199
2434,2008-09-26,0.256586,0.269857,0.251774,0.268008,705229584
2435,2008-09-29,0.259584,0.264115,0.229306,0.231575,1063327328
2436,2008-09-30,0.23586,0.247841,0.232743,0.245613,718595854
2437,2008-10-01,0.241849,0.246263,0.23437,0.238713,607533010
2438,2008-10-02,0.239383,0.24029,0.212763,0.21392,858738385
2439,2008-10-03,0.217574,0.223549,0.205652,0.207021,998583141
2440,2008-10-06,0.196967,0.197645,0.16759,0.179991,1828855795
2441,2008-10-07,0.186423,0.186871,0.164614,0.165993,1155748020
2442,2008-10-08,0.16049,0.179303,0.158423,0.169437,1329635580
2443,2008-10-09,0.17563,0.178154,0.156826,0.158643,991365806
2444,2008-10-10,0.144683,0.168058,0.143995,0.156127,1308532982
2445,2008-10-13,0.169676,0.184805,0.16737,0.184585,999258788
2446,2008-10-14,0.191693,0.192613,0.1754,0.180451,1318042573
2447,2008-10-15,0.179073,0.180221,0.16096,0.16096,931148525
2448,2008-10-16,0.165763,0.177465,0.158194,0.176556,1110467109
2449,2008-10-17,0.171514,0.185504,0.168288,0.1754,915266397
2450,2008-10-20,0.181369,0.182746,0.17448,0.178853,649548695
2451,2008-10-21,0.1754,0.177235,0.164165,0.165073,716884143
2452,2008-10-22,0.162788,0.169676,0.154528,0.158883,655171364
2453,2008-10-23,0.158423,0.162318,0.143535,0.149947,907341016
2454,2008-10-24,0.137567,0.159343,0.136887,0.151555,870440824
2455,2008-10-27,0.150625,0.169217,0.145833,0.1598,762113397
2456,2008-10-28,0.168288,0.184115,0.165303,0.183895,926776240
2457,2008-10-29,0.182746,0.201768,0.181827,0.189856,1065634566
2458,2008-10-30,0.200401,0.201768,0.185733,0.197885,716695582
2459,2008-10-31,0.19422,0.204744,0.191235,0.20085,656084445
2460,2008-11-03,0.205193,0.20887,0.190315,0.19353,789310558
2461,2008-11-04,0.200162,0.205882,0.1949,0.205882,675544375
2462,2008-11-05,0.198324,0.204055,0.19513,0.19513,858721269
2463,2008-11-06,0.183445,0.190545,0.17426,0.17472,866009691
2464,2008-11-07,0.199473,0.20794,0.185733,0.199933,1234506292
2465,2008-11-10,0.207481,0.20864,0.182746,0.187111,628468840
2466,2008-11-11,0.184585,0.185733,0.177016,0.178853,628547818
2467,2008-11-12,0.173332,0.177465,0.166222,0.168288,703160892
2468,2008-11-13,0.16164,0.182276,0.157276,0.182056,869209489
2469,2008-11-14,0.17472,0.17563,0.163696,0.164394,807968293
2470,2008-11-17,0.165993,0.16713,0.159343,0.16096,423286763
2471,2008-11-18,0.164165,0.165073,0.150405,0.155668,614577188
2472,2008-11-19,0.154288,0.158194,0.142158,0.142846,545357942
2473,2008-11-20,0.141698,0.14881,0.133681,0.135288,923489141
2474,2008-11-21,0.139412,0.146281,0.131843,0.146281,652120137
2475,2008-11-24,0.154528,0.157736,0.14674,0.155898,654420605
2476,2008-11-25,0.162788,0.163007,0.155668,0.16026,575836153
2477,2008-11-26,0.158194,0.17494,0.156586,0.17448,655060599
2478,2008-11-28,0.171734,0.17426,0.168988,0.171264,191782608
2479,2008-12-01,0.165303,0.165993,0.156356,0.156586,596516743
2480,2008-12-02,0.16049,0.16737,0.157496,0.165303,523355252
2481,2008-12-03,0.159343,0.17402,0.157496,0.173801,637438167
2482,2008-12-04,0.169437,0.178853,0.158423,0.162318,508425242
2483,2008-12-05,0.159343,0.169437,0.154528,0.168748,478105798
2484,2008-12-08,0.171964,0.1754,0.159343,0.163236,771686413
2485,2008-12-09,0.16118,0.185504,0.159343,0.179073,904627772
2486,2008-12-10,0.182516,0.200631,0.179532,0.196049,1047971253
2487,2008-12-11,0.1949,0.201768,0.185504,0.1878,635324106
2488,2008-12-12,0.181827,0.198324,0.178614,0.197186,740645764
2489,2008-12-15,0.198554,0.199473,0.184585,0.190775,520098198
2490,2008-12-16,0.190775,0.204055,0.190775,0.203605,569102438
2491,2008-12-17,0.199933,0.216667,0.197186,0.21368,735098597
2492,2008-12-18,0.212303,0.212992,0.191463,0.19399,600379559
2493,2008-12-19,0.196508,0.204055,0.19467,0.19537,646254536
2494,2008-12-22,0.19467,0.198784,0.176796,0.183895,569671245
2495,2008-12-23,0.185963,0.188937,0.178614,0.181369,411534138
2496,2008-12-24,0.180681,0.182056,0.173332,0.177016,160037169
2497,2008-12-26,0.177016,0.179303,0.16737,0.172194,246448776
2498,2008-12-29,0.17402,0.177695,0.163236,0.177695,501710535
2499,2008-12-30,0.179991,0.186651,0.17586,0.183895,446606575
2500,2008-12-31,0.180451,0.189626,0.178384,0.185045,481478334
2501,2009-01-02,0.185045,0.201079,0.184345,0.199703,542044404
2502,2009-01-05,0.198324,0.20794,0.196049,0.203376,769506855
2503,2009-01-06,0.20864,0.216208,0.204744,0.210237,717079975
2504,2009-01-07,0.205423,0.205423,0.190545,0.197645,948606873
2505,2009-01-08,0.1949,0.19513,0.180681,0.192613,1101708917
2506,2009-01-09,0.191923,0.192613,0.181369,0.181827,830105474
2507,2009-01-12,0.18114,0.182746,0.171964,0.17448,703808747
2508,2009-01-13,0.16737,0.182056,0.165303,0.1754,1989025001
2509,2009-01-14,0.169217,0.171264,0.165073,0.16759,1063002484
2510,2009-01-15,0.168288,0.176328,0.165073,0.173562,1088403248
2511,2009-01-16,0.178384,0.184805,0.172643,0.183206,906334416
2512,2009-01-20,0.181827,0.183445,0.163935,0.165303,768080289
2513,2009-01-21,0.169676,0.17448,0.162318,0.173332,707029517
2514,2009-01-22,0.16713,0.17472,0.163935,0.170124,597142125
2515,2009-01-23,0.165303,0.182056,0.165073,0.176796,690242810
2516,2009-01-26,0.17586,0.18802,0.17472,0.182746,634265549
2517,2009-01-27,0.185733,0.1949,0.185045,0.19353,790501693
2518,2009-01-28,0.200401,0.204744,0.19399,0.201538,789151691
2519,2009-01-29,0.19537,0.197186,0.188937,0.189856,448293319
2520,2009-01-30,0.188478,0.19353,0.179991,0.182276,552548298
2521,2009-02-02,0.179532,0.19422,0.178614,0.192153,630165148
2522,2009-02-03,0.192613,0.196049,0.187331,0.19444,432770756
2523,2009-02-04,0.1949,0.209788,0.1949,0.199933,849643901
2524,2009-02-05,0.192613,0.216885,0.192613,0.2146,1002240141
2525,2009-02-06,0.216208,0.227679,0.211614,0.226292,1262442234
2526,2009-02-09,0.225382,0.228617,0.217115,0.223319,780823851
2527,2009-02-10,0.219873,0.226062,0.209548,0.21368,1223167734
2528,2009-02-11,0.196049,0.203835,0.180221,0.186871,2162523691
2529,2009-02-12,0.182746,0.191923,0.180221,0.190775,1116546920
2530,2009-02-13,0.186651,0.192843,0.185045,0.190545,833306164
2531,2009-02-17,0.182746,0.1878,0.178853,0.179532,850018109
2532,2009-02-18,0.179532,0.190315,0.179303,0.184345,704562120
2533,2009-02-19,0.188478,0.189626,0.170124,0.170124,811215603
2534,2009-02-20,0.167828,0.177235,0.166222,0.17448,839633593
2535,2009-02-23,0.177465,0.178384,0.165303,0.166451,740935075
2536,2009-02-24,0.16713,0.181598,0.16713,0.181369,719115949
2537,2009-02-25,0.178853,0.188937,0.17472,0.183445,765824117
2538,2009-02-26,0.191463,0.19583,0.187111,0.189397,1218503723
2539,2009-02-27,0.184585,0.19422,0.183206,0.189856,823673929
2540,2009-03-02,0.182276,0.189167,0.173103,0.173801,763310661
2541,2009-03-03,0.176556,0.187561,0.171264,0.180681,1135187089
2542,2009-03-04,0.185504,0.199473,0.183895,0.19399,1208846381
2543,2009-03-05,0.190775,0.199014,0.188478,0.189397,1040906114
2544,2009-03-06,0.189397,0.199243,0.186871,0.192393,1062834333
2545,2009-03-09,0.191005,0.205423,0.189856,0.190315,744463514
2546,2009-03-10,0.197415,0.211154,0.19537,0.207481,1368216036
2547,2009-03-11,0.207481,0.271684,0.204055,0.213211,943179004
2548,2009-03-12,0.211154,0.228138,0.209788,0.225852,1749595866
2549,2009-03-13,0.222629,0.227909,0.218954,0.224694,1303167275
2550,2009-03-16,0.226979,0.227229,0.21415,0.215968,762600272
2551,2009-03-17,0.216667,0.227229,0.21392,0.226751,1096265044
2552,2009-03-18,0.223319,0.240519,0.223089,0.2339,1482411708
2553,2009-03-19,0.232983,0.23541,0.229526,0.231095,896979915
2554,2009-03-20,0.2348,0.2348,0.212533,0.218504,1192506160
2555,2009-03-23,0.225852,0.2348,0.220342,0.23437,889787296
2556,2009-03-24,0.228617,0.230635,0.223089,0.224237,1215613296
2557,2009-03-25,0.232743,0.238534,0.219194,0.227909,1356333087
2558,2009-03-26,0.231335,0.242569,0.229067,0.242089,1454227967
2559,2009-03-27,0.238534,0.245383,0.23611,0.239851,798024665
2560,2009-03-30,0.231335,0.233671,0.22125,0.224465,850520087
2561,2009-03-31,0.227449,0.231575,0.224465,0.226062,878027691
2562,2009-04-01,0.220342,0.2339,0.214819,0.231795,968132261
2563,2009-04-02,0.239592,0.246932,0.237086,0.242569,1092550959
2564,2009-04-03,0.239163,0.260233,0.238713,0.259584,1093856174
2565,2009-04-06,0.2545,0.262508,0.251774,0.260233,967346861
2566,2009-04-07,0.25516,0.258014,0.249707,0.251305,662641787
2567,2009-04-08,0.254,0.262278,0.252033,0.261581,797760130
2568,2009-04-09,0.268228,0.276976,0.266164,0.276017,986031166
2569,2009-04-13,0.272554,0.272804,0.261081,0.267062,836954541
2570,2009-04-14,0.263716,0.275119,0.262278,0.268727,775975545
2571,2009-04-15,0.260632,0.262278,0.250206,0.261081,1139825802
2572,2009-04-16,0.265934,0.270986,0.255859,0.267758,1129838798
2573,2009-04-17,0.267758,0.272154,0.261331,0.269607,758631378
2574,2009-04-20,0.259354,0.261581,0.252033,0.253332,644003291
2575,2009-04-21,0.250206,0.263227,0.246263,0.252673,1016417039
2576,2009-04-22,0.249957,0.270756,0.246263,0.260233,999208944
2577,2009-04-23,0.262278,0.265065,0.248059,0.256086,822083098
2578,2009-04-24,0.258684,0.263896,0.252453,0.262029,828138252
2579,2009-04-27,0.258014,0.265934,0.251075,0.252673,858073694
2580,2009-04-28,0.249508,0.258684,0.247161,0.253332,691653603
2581,2009-04-29,0.253552,0.25564,0.246512,0.249508,937128417
2582,2009-04-30,0.25473,0.270557,0.252253,0.263227,1210536620
2583,2009-05-01,0.262508,0.273702,0.262278,0.26751,916391534
2584,2009-05-04,0.271226,0.284157,0.268488,0.28204,1011627912
2585,2009-05-05,0.275817,0.277675,0.264815,0.270557,912678690
2586,2009-05-06,0.273473,0.276017,0.259803,0.265065,1017257431
2587,2009-05-07,0.268957,0.270986,0.242569,0.246043,1399749399
2588,2009-05-08,0.239851,0.240769,0.20887,0.212074,3193539537
2589,2009-05-11,0.20864,0.22148,0.206791,0.216208,1132403200
2590,2009-05-12,0.22102,0.22102,0.201768,0.205882,1307178203
2591,2009-05-13,0.204515,0.205652,0.191005,0.192613,1382365953
2592,2009-05-14,0.193072,0.199473,0.191005,0.19537,1109621179
2593,2009-05-15,0.19537,0.207261,0.19444,0.200401,850508099
2594,2009-05-18,0.205193,0.21392,0.204964,0.212533,1023052638
2595,2009-05-19,0.21437,0.219194,0.210464,0.216667,937411910
2596,2009-05-20,0.219873,0.23503,0.219654,0.223089,1427758600
2597,2009-05-21,0.220342,0.224694,0.215518,0.22171,1052852968
2598,2009-05-22,0.22171,0.228378,0.217574,0.225163,783153022
2599,2009-05-26,0.222859,0.239163,0.2208,0.237336,943481174
2600,2009-05-27,0.23611,0.244944,0.2339,0.237805,887716570
2601,2009-05-28,0.240769,0.243069,0.230635,0.240969,1085223579
2602,2009-05-29,0.241119,0.241589,0.230855,0.239163,909612381
2603,2009-06-01,0.240969,0.252253,0.240969,0.250855,1115170679
2604,2009-06-02,0.250855,0.256336,0.244265,0.248788,990001773
2605,2009-06-03,0.245613,0.246512,0.23503,0.240969,802162511
2606,2009-06-04,0.241589,0.250206,0.241369,0.249707,733974412
2607,2009-06-05,0.252253,0.25425,0.245383,0.248309,610574703
2608,2009-06-08,0.245613,0.250406,0.240769,0.246932,516576169
2609,2009-06-09,0.248559,0.263227,0.248559,0.260383,790532719
2610,2009-06-10,0.261581,0.270307,0.256086,0.268727,908599922
2611,2009-06-11,0.269427,0.279712,0.263716,0.265295,910553403
2612,2009-06-12,0.2618,0.264815,0.25539,0.263896,648763755
2613,2009-06-15,0.259114,0.262508,0.25494,0.259584,485356774
2614,2009-06-16,0.260861,0.262748,0.248788,0.252453,648669024
2615,2009-06-17,0.257036,0.261081,0.246512,0.258684,871212875
2616,2009-06-18,0.257754,0.262508,0.250855,0.253552,617512162
2617,2009-06-19,0.257036,0.262508,0.252932,0.256336,815114773
2618,2009-06-22,0.254,0.257285,0.240969,0.241849,626794855
2619,2009-06-23,0.244265,0.244684,0.231335,0.240769,643055668
2620,2009-06-24,0.243787,0.2545,0.243787,0.248788,561506097
2621,2009-06-25,0.246512,0.262278,0.244017,0.2618,949031596
2622,2009-06-26,0.259803,0.266164,0.258454,0.265295,560389453
2623,2009-06-29,0.265934,0.270087,0.262508,0.265295,556145248
2624,2009-06-30,0.264115,0.268008,0.254,0.258854,642798515
2625,2009-07-01,0.261331,0.263477,0.25564,0.260033,759326263
2626,2009-07-02,0.251554,0.25473,0.246512,0.249957,602080444
2627,2009-07-06,0.249038,0.249957,0.237805,0.241849,820445868
2628,2009-07-07,0.242319,0.244265,0.230635,0.231335,1169952979
2629,2009-07-08,0.232743,0.233442,0.222629,0.231795,1314785489
2630,2009-07-09,0.23518,0.240769,0.23503,0.236837,779131028
2631,2009-07-10,0.23457,0.239383,0.231795,0.237805,566994416
2632,2009-07-13,0.238903,0.242569,0.228138,0.240519,605391438
2633,2009-07-14,0.242319,0.246512,0.239592,0.245613,493357026
2634,2009-07-15,0.2545,0.260632,0.252253,0.25564,1115126934
2635,2009-07-16,0.259354,0.269857,0.257036,0.268957,1038005942
2636,2009-07-17,0.268957,0.277675,0.266164,0.276746,927193521
2637,2009-07-20,0.278175,0.283258,0.275348,0.280212,853485707
2638,2009-07-21,0.280692,0.280692,0.268008,0.27442,1026306186
2639,2009-07-22,0.271456,0.283898,0.267062,0.28137,655137814
2640,2009-07-23,0.28179,0.298962,0.278844,0.298065,1140471254
2641,2009-07-24,0.289838,0.298065,0.287061,0.297168,709443635
2642,2009-07-27,0.293953,0.302838,0.291733,0.298543,738606796
2643,2009-07-28,0.296499,0.302189,0.293953,0.298962,614049461
2644,2009-07-29,0.295529,0.297397,0.290077,0.293053,407713744
2645,2009-07-30,0.298065,0.301939,0.292803,0.295299,510625922
2646,2009-07-31,0.295529,0.300521,0.288438,0.296499,590495139
2647,2009-08-03,0.297825,0.307882,0.297825,0.304435,514282561
2648,2009-08-04,0.299872,0.311814,0.298763,0.306514,757982841
2649,2009-08-05,0.305554,0.309548,0.30102,0.307233,663533696
2650,2009-08-06,0.3093,0.313891,0.298962,0.300761,1031294220
2651,2009-08-07,0.319854,0.326203,0.309977,0.31434,1528498390
2652,2009-08-10,0.315507,0.321222,0.302189,0.303957,755937804
2653,2009-08-11,0.302389,0.306514,0.295299,0.296969,525402162
2654,2009-08-12,0.297825,0.311124,0.296969,0.307882,692314087
2655,2009-08-13,0.311614,0.318186,0.304655,0.317057,614994610
2656,2009-08-14,0.317057,0.317057,0.303487,0.307632,465741151
2657,2009-08-17,0.299162,0.299162,0.291733,0.294831,507051194
2658,2009-08-18,0.295299,0.30908,0.294601,0.305554,693644680
2659,2009-08-19,0.30102,0.303957,0.298065,0.302189,602962739
2660,2009-08-20,0.302589,0.315507,0.300121,0.314111,893882088
2661,2009-08-21,0.318006,0.319854,0.310227,0.319384,662199949
2662,2009-08-24,0.318006,0.321003,0.308612,0.310447,503154137
2663,2009-08-25,0.311364,0.316407,0.306733,0.313162,484214962
2664,2009-08-26,0.313162,0.317527,0.311364,0.316807,473551140
2665,2009-08-27,0.318186,0.322559,0.314788,0.321222,600863941
2666,2009-08-28,0.329449,0.344567,0.329449,0.337757,963824191
2667,2009-08-31,0.335258,0.335508,0.328469,0.332965,470803075
2668,2009-09-01,0.332046,0.34203,0.319854,0.3217,803414297
2669,2009-09-02,0.321003,0.329449,0.320354,0.326203,441200279
2670,2009-09-03,0.32827,0.334579,0.325334,0.33408,582274277
2671,2009-09-04,0.333661,0.348759,0.332745,0.346423,559373980
2672,2009-09-08,0.349439,0.356049,0.346163,0.356049,599381221
2673,2009-09-09,0.354652,0.366614,0.350357,0.365935,623020851
2674,2009-09-10,0.365935,0.378167,0.362997,0.377687,662885951
2675,2009-09-11,0.377217,0.378167,0.371475,0.37422,777133771
2676,2009-09-14,0.370297,0.371694,0.364767,0.368013,534729523
2677,2009-09-15,0.369639,0.380184,0.368013,0.375569,595480528
2678,2009-09-16,0.37467,0.375369,0.359942,0.365465,764413354
2679,2009-09-17,0.364117,0.364567,0.343198,0.349439,1006496725
2680,2009-09-18,0.352933,0.355331,0.346163,0.348989,659382089
2681,2009-09-21,0.346892,0.353413,0.34183,0.34736,641965924
2682,2009-09-22,0.349658,0.351984,0.345265,0.348089,394039927
2683,2009-09-23,0.349658,0.353183,0.34203,0.3425,522126481
2684,2009-09-24,0.346663,0.348339,0.336937,0.338004,602692787
2685,2009-09-25,0.336177,0.337757,0.329919,0.332515,411670842
2686,2009-09-28,0.335508,0.348539,0.333661,0.339953,509968923
2687,2009-09-29,0.340633,0.346163,0.333212,0.333881,513452584
2688,2009-09-30,0.341331,0.348759,0.333212,0.344567,943628905
2689,2009-10-01,0.342749,0.343428,0.319854,0.320104,1088823775
2690,2009-10-02,0.316607,0.324434,0.315027,0.317527,667733195
2691,2009-10-05,0.320783,0.32217,0.310447,0.315987,822359130
2692,2009-10-06,0.320104,0.326691,0.317527,0.321222,826516705
2693,2009-10-07,0.319604,0.322369,0.315287,0.318685,500130240
2694,2009-10-08,0.318685,0.321481,0.3093,0.320783,1353708105
2695,2009-10-09,0.320524,0.325334,0.318425,0.324884,674421392
2696,2009-10-12,0.319854,0.327371,0.319154,0.321222,544008621
2697,2009-10-13,0.322559,0.326691,0.317057,0.320104,651711798
2698,2009-10-14,0.332286,0.332515,0.318006,0.319604,1198958185
2699,2009-10-15,0.319854,0.32217,0.308132,0.310227,1190807078
2700,2009-10-16,0.307233,0.307233,0.297615,0.303057,1110872353
2701,2009-10-19,0.303957,0.316607,0.303057,0.314111,758396498
2702,2009-10-20,0.317756,0.3217,0.311814,0.31434,719756674
2703,2009-10-21,0.313162,0.318006,0.305134,0.306733,549445353
2704,2009-10-22,0.303957,0.310447,0.299872,0.308852,413604393
2705,2009-10-23,0.311124,0.312932,0.299642,0.301469,468318542
2706,2009-10-26,0.301719,0.308352,0.296029,0.297615,525177918
2707,2009-10-27,0.297168,0.300521,0.284657,0.287509,645316518
2708,2009-10-28,0.280911,0.28731,0.27418,0.275597,843558582
2709,2009-10-29,0.278375,0.289108,0.277415,0.287758,694357322
2710,2009-10-30,0.286661,0.28731,0.272804,0.27418,658569759
2711,2009-11-02,0.273702,0.28277,0.268957,0.276746,646729433
2712,2009-11-03,0.26751,0.276746,0.265065,0.275348,955669679
2713,2009-11-04,0.278844,0.280442,0.273473,0.27465,999674288
2714,2009-11-05,0.278595,0.284157,0.276976,0.28137,1032973372
2715,2009-11-06,0.298065,0.307882,0.295299,0.301719,1788580243
2716,2009-11-09,0.306014,0.312932,0.305554,0.308612,891932783
2717,2009-11-10,0.307882,0.309748,0.297168,0.30102,851820535
2718,2009-11-11,0.306514,0.316807,0.305554,0.309548,950262731
2719,2009-11-12,0.312713,0.317527,0.307632,0.308612,551528308
2720,2009-11-13,0.308612,0.312513,0.306983,0.310895,423596204
2721,2009-11-16,0.312063,0.318904,0.312063,0.315287,439214649
2722,2009-11-17,0.315027,0.315507,0.308852,0.314788,381750272
2723,2009-11-18,0.312313,0.312932,0.304655,0.309977,496676934
2724,2009-11-19,0.302589,0.303287,0.292133,0.297615,909184573
2725,2009-11-20,0.291254,0.297168,0.290077,0.295769,465262057
2726,2009-11-23,0.299872,0.305554,0.296749,0.298065,426231962
2727,2009-11-24,0.296749,0.298763,0.291503,0.296249,456318619
2728,2009-11-25,0.299162,0.303737,0.297615,0.299642,481677290
2729,2009-11-27,0.288208,0.296749,0.28731,0.293253,305226781
2730,2009-11-30,0.294601,0.299642,0.291254,0.299422,555831080
2731,2009-12-01,0.30102,0.308852,0.299422,0.305314,503669264
2732,2009-12-02,0.304884,0.315287,0.304217,0.314588,656712381
2733,2009-12-03,0.317756,0.323936,0.316607,0.317057,719400383
2734,2009-12-04,0.323238,0.32827,0.318006,0.326891,899066835
2735,2009-12-07,0.361569,0.377217,0.346163,0.368971,2977938242
2736,2009-12-08,0.361122,0.364567,0.348989,0.351057,1172665592
2737,2009-12-09,0.352234,0.362537,0.351287,0.359722,732242701
2738,2009-12-10,0.362297,0.364567,0.352234,0.353413,454423955
2739,2009-12-11,0.355081,0.356747,0.34784,0.348759,454399048
2740,2009-12-14,0.353832,0.360402,0.349888,0.359322,442128582
2741,2009-12-15,0.356977,0.364767,0.35581,0.358903,486369273
2742,2009-12-16,0.370107,0.391815,0.369639,0.387642,1835386437
2743,2009-12-17,0.38879,0.400772,0.380184,0.385862,1107948756
2744,2009-12-18,0.38952,0.390439,0.381031,0.385622,886206339
2745,2009-12-21,0.387422,0.401021,0.387422,0.399423,466444600
2746,2009-12-22,0.399423,0.414093,0.398945,0.409908,864691606
2747,2009-12-23,0.413843,0.416857,0.40859,0.415688,482152479
2748,2009-12-24,0.414991,0.417567,0.413185,0.414773,149174681
2749,2009-12-28,0.413185,0.417807,0.403966,0.408112,507260837
2750,2009-12-29,0.406793,0.414323,0.405834,0.413185,518604061
2751,2009-12-30,0.417307,0.430608,0.414093,0.428081,767619673
2752,2009-12-31,0.430837,0.434482,0.427841,0.42831,763604349
2753,2010-01-04,0.424357,0.426913,0.415209,0.423897,872202470
2754,2010-01-05,0.424127,0.434732,0.422279,0.430158,794468925
2755,2010-01-06,0.42831,0.433802,0.425766,0.432952,702899312
2756,2010-01-07,0.430608,0.432502,0.42113,0.424357,597291407
2757,2010-01-08,0.422479,0.42831,0.418466,0.425287,521374079
2758,2010-01-11,0.426913,0.429459,0.413385,0.419404,606905955
2759,2010-01-12,0.413843,0.414773,0.396428,0.405164,683994779
2760,2010-01-13,0.408112,0.411986,0.392015,0.410607,554788396
2761,2010-01-14,0.405164,0.40859,0.397346,0.404196,663488849
2762,2010-01-15,0.404435,0.404695,0.386922,0.392255,892122085
2763,2010-01-19,0.38926,0.40214,0.388122,0.399673,594585034
2764,2010-01-20,0.392484,0.399673,0.38926,0.397726,784718234
2765,2010-01-21,0.399174,0.404915,0.387162,0.390919,663628618
2766,2010-01-22,0.386292,0.393413,0.375119,0.377447,1164332604
2767,2010-01-25,0.384047,0.391139,0.380842,0.383797,701815396
2768,2010-01-26,0.380583,0.384497,0.371475,0.371694,766263271
2769,2010-01-27,0.371475,0.383068,0.367304,0.381699,885918480
2770,2010-01-28,0.385622,0.386122,0.363667,0.368971,749267823
2771,2010-01-29,0.373121,0.377217,0.34736,0.352933,841526224
2772,2010-02-01,0.353632,0.380583,0.351287,0.379944,1027812972
2773,2010-02-02,0.378616,0.388561,0.377447,0.383797,925545836
2774,2010-02-03,0.380583,0.388561,0.378616,0.386922,612222909
2775,2010-02-04,0.381031,0.383548,0.360402,0.364567,849059300
2776,2010-02-05,0.365715,0.372872,0.357676,0.371923,657404412
2777,2010-02-08,0.372653,0.380184,0.363917,0.371226,484657271
2778,2010-02-09,0.376748,0.379066,0.364567,0.368271,1014190971
2779,2010-02-10,0.370107,0.378846,0.368013,0.375369,584200137
2780,2010-02-11,0.380842,0.396677,0.378616,0.392484,754797274
2781,2010-02-12,0.392015,0.405834,0.385393,0.397726,837139346
2782,2010-02-16,0.40307,0.406793,0.398226,0.405164,495665487
2783,2010-02-17,0.409708,0.410388,0.397346,0.409058,947342469
2784,2010-02-18,0.386492,0.388561,0.371694,0.382168,1641041620
2785,2010-02-19,0.380583,0.384745,0.378386,0.380184,556682188
2786,2010-02-22,0.382168,0.387422,0.378386,0.380842,497437317
2787,2010-02-23,0.381699,0.383548,0.367783,0.371694,531600249
2788,2010-02-24,0.37422,0.383068,0.37377,0.379545,484537743
2789,2010-02-25,0.370757,0.376967,0.361341,0.376018,628116745
2790,2010-02-26,0.375119,0.376967,0.36919,0.371475,426888881
2791,2010-03-01,0.370107,0.388122,0.368741,0.386292,602015097
2792,2010-03-02,0.38879,0.39458,0.383328,0.386122,587030445
2793,2010-03-03,0.38879,0.390439,0.378167,0.381201,432931506
2794,2010-03-04,0.382848,0.385862,0.377217,0.381949,607228105
2795,2010-03-05,0.381451,0.396428,0.379286,0.393653,685874039
2796,2010-03-08,0.394331,0.395049,0.386292,0.387892,475838910
2797,2010-03-09,0.392015,0.406344,0.391587,0.4024,898236768
2798,2010-03-10,0.40307,0.407693,0.401021,0.403298,456249396
2799,2010-03-11,0.400772,0.401501,0.392484,0.394132,583047319
2800,2010-03-12,0.396907,0.399673,0.393413,0.395509,565815199
2801,2010-03-15,0.394331,0.398945,0.38974,0.393413,391335166
2802,2010-03-16,0.392953,0.409488,0.392953,0.407013,725075300
2803,2010-03-17,0.410388,0.420501,0.409488,0.414991,710006463
2804,2010-03-18,0.413604,0.415688,0.396677,0.400343,807915955
2805,2010-03-19,0.405594,0.407433,0.390439,0.395509,637444787
2806,2010-03-22,0.393413,0.403518,0.390439,0.40194,474670158
2807,2010-03-23,0.40282,0.412225,0.40214,0.410158,538213705
2808,2010-03-24,0.407693,0.407912,0.395509,0.396428,475775165
2809,2010-03-25,0.4024,0.404695,0.396677,0.397526,539928100
2810,2010-03-26,0.40262,0.405164,0.394331,0.397526,375821026
2811,2010-03-29,0.401721,0.403518,0.39458,0.40262,430070372
2812,2010-03-30,0.407013,0.409288,0.397346,0.404196,353387273
2813,2010-03-31,0.403518,0.404435,0.396907,0.398945,424975950
2814,2010-04-01,0.400343,0.405414,0.390659,0.39483,370307890
2815,2010-04-05,0.397526,0.401501,0.396907,0.400772,451009928
2816,2010-04-06,0.396428,0.396677,0.384047,0.390919,881244575
2817,2010-04-07,0.388361,0.400103,0.385143,0.393413,891263486
2818,2010-04-08,0.390919,0.393653,0.384925,0.386922,1131214288
2819,2010-04-09,0.384925,0.390919,0.384047,0.38952,891393860
2820,2010-04-12,0.390189,0.398226,0.38926,0.396677,595825733
2821,2010-04-13,0.398445,0.406344,0.396677,0.404915,700272647
2822,2010-04-14,0.412225,0.415688,0.403518,0.409908,981535245
2823,2010-04-15,0.410607,0.415468,0.407213,0.412925,1044060535
2824,2010-04-16,0.396907,0.397726,0.382398,0.391139,2090993632
2825,2010-04-19,0.388122,0.390439,0.376248,0.38926,1193382255
2826,2010-04-20,0.392255,0.396208,0.385622,0.390659,739417183
2827,2010-04-21,0.392484,0.393183,0.376018,0.380583,976155969
2828,2010-04-22,0.37467,0.383328,0.36919,0.382168,716293703
2829,2010-04-23,0.381031,0.381949,0.370297,0.376967,820940035
2830,2010-04-26,0.377447,0.385143,0.376748,0.380583,0
2831,2010-04-27,0.377917,0.381699,0.368741,0.369869,661504662
2832,2010-04-28,0.370297,0.375818,0.362997,0.370527,732861654
2833,2010-04-29,0.37399,0.382168,0.366135,0.381699,1076275394
2834,2010-04-30,0.377447,0.377917,0.359942,0.360142,1164558861
2835,2010-05-03,0.361569,0.364117,0.350837,0.356279,1176432305
2836,2010-05-04,0.350837,0.351515,0.333212,0.338234,1429873422
2837,2010-05-05,0.338234,0.340873,0.32827,0.332515,1450645208
2838,2010-05-06,0.330647,0.337157,0.298962,0.325564,1093367626
2839,2010-05-07,0.321481,0.328469,0.308612,0.320104,1257962367
2840,2010-05-10,0.339333,0.343428,0.330168,0.333881,1067409642
2841,2010-05-11,0.331586,0.336937,0.327591,0.330168,903986757
2842,2010-05-12,0.332286,0.338433,0.330417,0.336677,981455997
2843,2010-05-13,0.335008,0.350587,0.332745,0.335957,1354742647
2844,2010-05-14,0.314111,0.314111,0.288908,0.297168,2717295503
2845,2010-05-17,0.298065,0.301469,0.288438,0.297825,933330217
2846,2010-05-18,0.300121,0.302189,0.286461,0.287978,734217635
2847,2010-05-19,0.286841,0.293053,0.284657,0.292553,901204911
2848,2010-05-20,0.284397,0.292553,0.275348,0.285764,1230434624
2849,2010-05-21,0.278375,0.299642,0.277415,0.291933,1166239946
2850,2010-05-24,0.290337,0.294402,0.28251,0.283458,724594844
2851,2010-05-25,0.272554,0.292373,0.271684,0.291034,1053926759
2852,2010-05-26,0.302589,0.308352,0.291503,0.292373,1084768862
2853,2010-05-27,0.299642,0.309548,0.298962,0.309548,777675909
2854,2010-05-28,0.308852,0.30908,0.296749,0.30122,594359237
2855,2010-06-01,0.297168,0.300521,0.288208,0.288438,575133416
2856,2010-06-02,0.288908,0.291933,0.287061,0.291733,707449353
2857,2010-06-03,0.286461,0.291933,0.284857,0.291254,639343066
2858,2010-06-04,0.28179,0.287758,0.275817,0.277415,731160348
2859,2010-06-07,0.278844,0.280442,0.262508,0.263716,628730290
2860,2010-06-08,0.262278,0.262508,0.249707,0.256336,1055066647
2861,2010-06-09,0.258014,0.264565,0.249258,0.250206,760144413
2862,2010-06-10,0.2545,0.261331,0.2545,0.260233,666155353
2863,2010-06-11,0.257754,0.267062,0.256786,0.266164,482045739
2864,2010-06-14,0.270087,0.270557,0.259803,0.260383,408717100
2865,2010-06-15,0.263477,0.27465,0.262998,0.273223,576318181
2866,2010-06-16,0.270557,0.273922,0.266164,0.269857,395831387
2867,2010-06-17,0.278844,0.280911,0.269607,0.280212,936647801
2868,2010-06-18,0.28114,0.285534,0.279712,0.28204,1017121449
2869,2010-06-21,0.286661,0.288678,0.272804,0.275348,630649370
2870,2010-06-22,0.279712,0.28229,0.263716,0.265065,891091630
2871,2010-06-23,0.26731,0.270756,0.260033,0.268008,669506447
2872,2010-06-24,0.266413,0.267758,0.253772,0.25473,790430497
2873,2010-06-25,0.256086,0.256786,0.249957,0.254,549159487
2874,2010-06-28,0.255859,0.258214,0.249957,0.2545,405622738
2875,2010-06-29,0.249258,0.249258,0.238713,0.24029,719806268
2876,2010-06-30,0.24029,0.243289,0.23413,0.23413,679185291
2877,2010-07-01,0.23457,0.239592,0.227679,0.238055,803581345
2878,2010-07-02,0.237565,0.239383,0.226979,0.23503,803701364
2879,2010-07-06,0.23503,0.241589,0.230385,0.232503,776245638
2880,2010-07-07,0.23413,0.245183,0.232983,0.243787,663016165
2881,2010-07-08,0.244944,0.245613,0.233442,0.236369,853845883
2882,2010-07-09,0.236369,0.238903,0.23437,0.237336,623150054
2883,2010-07-12,0.237336,0.244684,0.237086,0.241589,616159275
2884,2010-07-13,0.246043,0.252033,0.244265,0.250406,775970297
2885,2010-07-14,0.260233,0.263227,0.249258,0.252932,1477583813
2886,2010-07-15,0.253072,0.253332,0.242819,0.245843,1036866053
2887,2010-07-16,0.245843,0.246512,0.229526,0.230385,1402008275
2888,2010-07-19,0.2339,0.240769,0.232045,0.239851,869772478
2889,2010-07-20,0.23413,0.247161,0.231575,0.245843,1264941348
2890,2010-07-21,0.247841,0.248309,0.23541,0.237805,680557366
2891,2010-07-22,0.24029,0.244265,0.238903,0.241589,503516377
2892,2010-07-23,0.241119,0.241589,0.23518,0.237565,889482782
2893,2010-07-26,0.237336,0.242819,0.233202,0.241849,742913524
2894,2010-07-27,0.242819,0.243069,0.236837,0.239851,744007955
2895,2010-07-28,0.23564,0.240091,0.231575,0.232285,1428490801
2896,2010-07-29,0.215738,0.220113,0.20794,0.209328,2902600017
2897,2010-07-30,0.207261,0.21437,0.204515,0.210684,1073137458
2898,2010-08-02,0.2146,0.215278,0.209548,0.210464,998840876
2899,2010-08-03,0.20887,0.209088,0.203376,0.204964,1041124480
2900,2010-08-04,0.206791,0.21437,0.205882,0.21368,932767548
2901,2010-08-05,0.21437,0.216885,0.210464,0.216427,872745419
2902,2010-08-06,0.215518,0.22125,0.21368,0.218954,806610780
2903,2010-08-09,0.218954,0.22148,0.215518,0.22102,508117433
2904,2010-08-10,0.217814,0.217814,0.210924,0.211844,841685721
2905,2010-08-11,0.207481,0.207481,0.202917,0.203605,866651968
2906,2010-08-12,0.199933,0.210008,0.198324,0.205423,1423881072
2907,2010-08-13,0.212074,0.218264,0.211614,0.215278,1959514933
2908,2010-08-16,0.212763,0.216667,0.207021,0.209788,887525155
2909,2010-08-17,0.211614,0.216427,0.209788,0.212533,524664113
2910,2010-08-18,0.211614,0.215518,0.210464,0.21368,378370765
2911,2010-08-19,0.215738,0.227229,0.214819,0.226532,1759514127
2912,2010-08-20,0.225382,0.23413,0.224694,0.228617,1422702816
2913,2010-08-23,0.229526,0.23503,0.224465,0.225163,813700025
2914,2010-08-24,0.217574,0.225163,0.217354,0.222859,698205016
2915,2010-08-25,0.220113,0.229306,0.219194,0.227449,825948138
2916,2010-08-26,0.230385,0.232983,0.224694,0.224694,716823933
2917,2010-08-27,0.226062,0.2339,0.220342,0.232045,1156233694
2918,2010-08-30,0.229306,0.231095,0.22102,0.22102,657166277
2919,2010-08-31,0.217574,0.224694,0.213211,0.21368,1015333294
2920,2010-09-01,0.217354,0.219873,0.21437,0.215518,928376595
2921,2010-09-02,0.215518,0.220113,0.21415,0.219424,650143291
2922,2010-09-03,0.224237,0.227679,0.221939,0.226979,617672140
2923,2010-09-07,0.226062,0.23437,0.225852,0.229067,980434215
2924,2010-09-08,0.229526,0.238285,0.226979,0.236588,1333916380
2925,2010-09-09,0.239383,0.239851,0.230385,0.233442,757580361
2926,2010-09-10,0.23503,0.23564,0.228837,0.230855,664345276
2927,2010-09-13,0.23503,0.246932,0.2348,0.244017,1107334341
2928,2010-09-14,0.244017,0.244944,0.239592,0.241589,760928401
2929,2010-09-15,0.238713,0.242319,0.23611,0.242089,605770954
2930,2010-09-16,0.239383,0.244465,0.238903,0.242089,397231143
2931,2010-09-17,0.244684,0.244944,0.241119,0.241849,454553919
2932,2010-09-20,0.242319,0.246512,0.239592,0.245613,482918490
2933,2010-09-21,0.244465,0.262998,0.244265,0.258854,1940355981
2934,2010-09-22,0.258014,0.263477,0.256336,0.261081,1090232414
2935,2010-09-23,0.264335,0.27465,0.2618,0.266413,1352550379
2936,2010-09-24,0.272304,0.28204,0.270307,0.28114,1184076638
2937,2010-09-27,0.283009,0.283458,0.271456,0.274899,1089694643
2938,2010-09-28,0.275348,0.278375,0.269607,0.27442,788495984
2939,2010-09-29,0.271226,0.280442,0.269427,0.272304,1062997236
2940,2010-09-30,0.275817,0.279014,0.265495,0.267758,858033644
2941,2010-10-01,0.270307,0.272154,0.258214,0.260233,1089315087
2942,2010-10-04,0.257514,0.262029,0.252453,0.257754,817219089
2943,2010-10-05,0.262508,0.263716,0.258854,0.259584,821012873
2944,2010-10-06,0.259584,0.260632,0.244684,0.247161,1153126373
2945,2010-10-07,0.248309,0.248559,0.238055,0.245383,830285502
2946,2010-10-08,0.245383,0.251075,0.240969,0.249038,770808966
2947,2010-10-11,0.250206,0.252253,0.246742,0.247841,482646194
2948,2010-10-12,0.246043,0.253772,0.243787,0.252673,659199978
2949,2010-10-13,0.256336,0.263716,0.254,0.260033,1056265594
2950,2010-10-14,0.260632,0.260632,0.25473,0.255859,651197792
2951,2010-10-15,0.259114,0.262998,0.255859,0.258854,697765651
2952,2010-10-18,0.259114,0.261581,0.2545,0.260383,488625285
2953,2010-10-19,0.25494,0.260632,0.252673,0.258854,943840730
2954,2010-10-20,0.259114,0.265934,0.2545,0.258854,832526291
2955,2010-10-21,0.259354,0.259584,0.250406,0.25425,1104185568
2956,2010-10-22,0.25564,0.272554,0.253072,0.270557,1442109787
2957,2010-10-25,0.272804,0.274899,0.270087,0.273023,733925860
2958,2010-10-26,0.269857,0.276277,0.26751,0.272154,736218797
2959,2010-10-27,0.269607,0.276976,0.268957,0.276017,541245383
2960,2010-10-28,0.279273,0.280692,0.273702,0.276277,768099568
2961,2010-10-29,0.275817,0.278595,0.272804,0.275597,604751685
2962,2010-11-01,0.277675,0.28179,0.273702,0.276017,516741135
2963,2010-11-02,0.277196,0.286461,0.275597,0.28161,633538535
2964,2010-11-03,0.283698,0.285764,0.276277,0.283898,732447587
2965,2010-11-04,0.286661,0.289608,0.283898,0.284397,762809474
2966,2010-11-05,0.286461,0.291733,0.285076,0.288908,801585371
2967,2010-11-08,0.287061,0.292803,0.286661,0.290337,659813402
2968,2010-11-09,0.290806,0.292553,0.287061,0.288678,691615676
2969,2010-11-10,0.290337,0.292133,0.286661,0.292133,567805195
2970,2010-11-11,0.286661,0.293953,0.28137,0.289108,1170392534
2971,2010-11-12,0.298763,0.313662,0.298763,0.303957,2335259515
2972,2010-11-15,0.303957,0.309748,0.299642,0.300321,799625210
2973,2010-11-16,0.295529,0.299422,0.291034,0.291503,806062283
2974,2010-11-17,0.291254,0.299642,0.288438,0.296249,601619948
2975,2010-11-18,0.300321,0.308352,0.300121,0.305314,1082804715
2976,2010-11-19,0.304435,0.316407,0.304217,0.315287,781219310
2977,2010-11-22,0.312063,0.317307,0.310447,0.315507,502417249
2978,2010-11-23,0.311814,0.315027,0.305784,0.308132,499172062
2979,2010-11-24,0.311364,0.316807,0.311124,0.315727,433724928
2980,2010-11-26,0.315987,0.317307,0.311814,0.311814,156051128
2981,2010-11-29,0.310447,0.316407,0.30908,0.315287,510292194
2982,2010-11-30,0.309977,0.313662,0.306254,0.312063,786078211
2983,2010-12-01,0.318186,0.327591,0.317756,0.325804,683147486
2984,2010-12-02,0.325804,0.331816,0.325564,0.329669,577098554
2985,2010-12-03,0.328719,0.339103,0.327371,0.339103,660805701
2986,2010-12-06,0.339103,0.340873,0.331346,0.332745,477918990
2987,2010-12-07,0.339953,0.351515,0.339733,0.343428,1118209848
2988,2010-12-08,0.342998,0.350137,0.340373,0.346423,668639295
2989,2010-12-09,0.338004,0.342998,0.333412,0.340633,1027450011
2990,2010-12-10,0.340633,0.345963,0.339733,0.342749,492731514
2991,2010-12-13,0.343868,0.344796,0.333212,0.33408,664146159
2992,2010-12-14,0.340203,0.346663,0.33408,0.334579,823378769
2993,2010-12-15,0.335258,0.339333,0.326691,0.327121,680567151
2994,2010-12-16,0.330887,0.332515,0.326691,0.327591,688957424
2995,2010-12-17,0.327591,0.331346,0.323936,0.329449,645976511
2996,2010-12-20,0.330647,0.332286,0.32785,0.32805,374937819
2997,2010-12-21,0.331346,0.340873,0.331087,0.340873,509031796
2998,2010-12-22,0.340203,0.345045,0.337157,0.344567,521169975
2999,2010-12-23,0.343868,0.344567,0.340633,0.34203,298518153
3000,2010-12-27,0.339553,0.346423,0.335008,0.343868,278584266
3001,2010-12-28,0.344098,0.346163,0.340373,0.3425,211810775
3002,2010-12-29,0.34227,0.345045,0.339333,0.3425,193713425
3003,2010-12-30,0.3425,0.345724,0.340873,0.343648,190234331
3004,2010-12-31,0.343868,0.353632,0.343428,0.353183,426389276
3005,2011-01-03,0.356049,0.366135,0.355331,0.362767,891099481
3006,2011-01-04,0.363667,0.365016,0.353632,0.361569,710212691
3007,2011-01-05,0.366864,0.38974,0.364567,0.38926,1553103398
3008,2011-01-06,0.398945,0.443477,0.398226,0.443228,3807198947
3009,2011-01-07,0.438197,0.457048,0.42831,0.455681,2812753301
3010,2011-01-10,0.447302,0.473842,0.443947,0.472964,1894940780
3011,2011-01-11,0.479852,0.484018,0.455681,0.465675,2955932758
3012,2011-01-12,0.466355,0.535882,0.464277,0.535382,3738821065
3013,2011-01-13,0.529897,0.546642,0.513225,0.536329,2938316294
3014,2011-01-14,0.526903,0.54979,0.523878,0.540914,1738375765
3015,2011-01-18,0.533582,0.537248,0.515272,0.528252,1972031756
3016,2011-01-19,0.528752,0.541112,0.512755,0.513924,1305308807
3017,2011-01-20,0.507881,0.517319,0.499604,0.514324,1211762948
3018,2011-01-21,0.518865,0.527153,0.50856,0.509478,806038157
3019,2011-01-24,0.533133,0.574392,0.526903,0.566972,2242294411
3020,2011-01-25,0.564508,0.570428,0.545893,0.549541,1183641279
3021,2011-01-26,0.555063,0.573226,0.551408,0.562612,1170736537
3022,2011-01-27,0.570898,0.572048,0.550239,0.561013,716357558
3023,2011-01-28,0.561962,0.571848,0.531985,0.544716,1193649333
3024,2011-01-31,0.546392,0.55593,0.536779,0.548442,817266480
3025,2011-02-01,0.553904,0.565205,0.549541,0.561013,712634460
3026,2011-02-02,0.558517,0.600086,0.557787,0.586505,1751179686
3027,2011-02-03,0.586744,0.587424,0.562862,0.575321,1123903493
3028,2011-02-04,0.58373,0.593154,0.581232,0.58856,951306176
3029,2011-02-07,0.580382,0.583032,0.561962,0.56406,1017811567
3030,2011-02-08,0.565435,0.56835,0.544716,0.547312,1173619323
3031,2011-02-09,0.55004,0.554803,0.524138,0.534052,1392074311
3032,2011-02-10,0.522509,0.532235,0.518185,0.523178,1135680654
3033,2011-02-11,0.520683,0.555063,0.512995,0.538118,1477525617
3034,2011-02-14,0.544716,0.561713,0.527802,0.529897,1402734708
3035,2011-02-15,0.530117,0.532684,0.514794,0.517089,965140162
3036,2011-02-16,0.523878,0.543588,0.522059,0.536081,1399851842
3037,2011-02-17,0.521112,0.596391,0.518415,0.58881,3781538857
3038,2011-02-18,0.585128,0.594992,0.578457,0.587644,1520329276
3039,2011-02-22,0.567652,0.569998,0.530317,0.532235,1520276077
3040,2011-02-23,0.534052,0.537248,0.499354,0.506983,1625419419
3041,2011-02-24,0.509977,0.528252,0.505806,0.519285,1358213359
3042,2011-02-25,0.533133,0.538817,0.525957,0.530117,845648607
3043,2011-02-28,0.538817,0.539067,0.507632,0.519514,985167078
3044,2011-03-01,0.522279,0.527153,0.49642,0.49642,1076078531
3045,2011-03-02,0.495251,0.505107,0.464277,0.47571,1872650150
3046,2011-03-03,0.486512,0.489509,0.464077,0.478557,1736599758
3047,2011-03-04,0.478937,0.483758,0.470648,0.47571,1046422415
3048,2011-03-07,0.478078,0.480952,0.457467,0.469269,1111096407
3049,2011-03-08,0.474562,0.476939,0.438445,0.448242,2122617811
3050,2011-03-09,0.446903,0.451255,0.434932,0.438894,1438082376
3051,2011-03-10,0.42851,0.432035,0.410388,0.410827,1876673827
3052,2011-03-11,0.410827,0.425287,0.404915,0.413843,1621008966
3053,2011-03-14,0.416367,0.427612,0.410388,0.417307,1094024105
3054,2011-03-15,0.397976,0.411757,0.389959,0.404915,1368684594
3055,2011-03-16,0.401021,0.420701,0.396677,0.40194,1608861834
3056,2011-03-17,0.411507,0.413385,0.394331,0.409488,1350428607
3057,2011-03-18,0.416607,0.417307,0.403518,0.403966,966372769
3058,2011-03-21,0.412705,0.416857,0.40307,0.407213,819853015
3059,2011-03-22,0.406344,0.409908,0.398226,0.400103,783521100
3060,2011-03-23,0.398445,0.409488,0.390659,0.408361,853131639
3061,2011-03-24,0.416367,0.445974,0.416137,0.440852,1940826422
3062,2011-03-25,0.444625,0.445974,0.426466,0.427143,1304113465
3063,2011-03-28,0.437947,0.450327,0.433452,0.442978,1312385042
3064,2011-03-29,0.442978,0.444625,0.433652,0.439582,780439528
3065,2011-03-30,0.442978,0.444875,0.417567,0.422948,1282035864
3066,2011-03-31,0.422948,0.42831,0.415468,0.423178,714306512
3067,2011-04-01,0.42851,0.429239,0.411507,0.417307,925886784
3068,2011-04-04,0.417567,0.418466,0.399423,0.4024,1004818314
3069,2011-04-05,0.40859,0.411507,0.40214,0.40307,895043629
3070,2011-04-06,0.406563,0.406563,0.396907,0.400343,934237569
3071,2011-04-07,0.400343,0.417567,0.399673,0.414991,1112845824
3072,2011-04-08,0.417807,0.418236,0.401271,0.4024,813644552
3073,2011-04-11,0.403518,0.406094,0.392713,0.397127,594938330
3074,2011-04-12,0.393183,0.401021,0.385862,0.398226,916284614
3075,2011-04-13,0.4024,0.409708,0.397346,0.407213,816364215
3076,2011-04-14,0.403298,0.424577,0.401271,0.424357,1368010509
3077,2011-04-15,0.420301,0.434252,0.419184,0.428979,1058009563
3078,2011-04-18,0.418704,0.42158,0.408112,0.414773,810382221
3079,2011-04-19,0.414773,0.416607,0.40194,0.413185,718892506
3080,2011-04-20,0.428081,0.434482,0.418934,0.425766,707609261
3081,2011-04-21,0.430158,0.433202,0.423658,0.424577,459367162
3082,2011-04-25,0.426246,0.438445,0.426246,0.431337,675478427
3083,2011-04-26,0.434482,0.446903,0.430608,0.44251,737501689
3084,2011-04-27,0.443947,0.444875,0.433452,0.44251,490666377
3085,2011-04-28,0.441112,0.456379,0.437468,0.447302,747203387
3086,2011-04-29,0.450587,0.468571,0.449629,0.458566,911308849
3087,2011-05-02,0.467693,0.468352,0.450088,0.452424,669248323
3088,2011-05-03,0.447093,0.448492,0.425287,0.430837,882289382
3089,2011-05-04,0.432732,0.437018,0.419634,0.427612,696866231
3090,2011-05-05,0.422029,0.432952,0.418466,0.427841,591176464
3091,2011-05-06,0.436769,0.447093,0.433452,0.442978,917010656
3092,2011-05-09,0.443947,0.455202,0.443228,0.452884,770055373
3093,2011-05-10,0.457048,0.457048,0.448961,0.453604,752690715
3094,2011-05-11,0.454504,0.460403,0.449409,0.455681,672673166
3095,2011-05-12,0.453604,0.470418,0.452884,0.469969,1312456999
3096,2011-05-13,0.440182,0.441332,0.415468,0.418704,2207894496
3097,2011-05-16,0.417567,0.418466,0.405594,0.405834,793926267
3098,2011-05-17,0.404435,0.404695,0.392484,0.404196,1548598955
3099,2011-05-18,0.405834,0.417067,0.404435,0.413604,718359411
3100,2011-05-19,0.416137,0.417067,0.401501,0.407693,709679586
3101,2011-05-20,0.406793,0.415688,0.404915,0.414773,627808235
3102,2011-05-23,0.408829,0.417307,0.403518,0.414323,640115957
3103,2011-05-24,0.416137,0.432732,0.415209,0.415908,785396685
3104,2011-05-25,0.413843,0.423658,0.409708,0.42093,594305597
3105,2011-05-26,0.42135,0.435132,0.419884,0.431537,770270123
3106,2011-05-27,0.433802,0.447772,0.432952,0.447093,718329557
3107,2011-05-31,0.455901,0.459733,0.444875,0.459483,1309161468
3108,2011-06-01,0.457937,0.458166,0.437947,0.438894,830473442
3109,2011-06-02,0.439582,0.442749,0.431537,0.436769,662261761
3110,2011-06-03,0.429679,0.43563,0.42113,0.423178,598935287
3111,2011-06-06,0.422029,0.426466,0.413843,0.414323,475286877
3112,2011-06-07,0.417567,0.419884,0.412225,0.414093,473102932
3113,2011-06-08,0.411986,0.414543,0.399673,0.40282,620508136
3114,2011-06-09,0.403518,0.403518,0.383797,0.398226,808322721
3115,2011-06-10,0.398705,0.401271,0.38926,0.392484,538120216
3116,2011-06-13,0.392953,0.397526,0.386922,0.38974,626696008
3117,2011-06-14,0.393883,0.401721,0.391357,0.392953,582878358
3118,2011-06-15,0.387422,0.389959,0.376488,0.384497,1020397100
3119,2011-06-16,0.384745,0.390659,0.365715,0.371226,1117455804
3120,2011-06-17,0.375119,0.375818,0.351057,0.362297,1600524569
3121,2011-06-20,0.359322,0.366864,0.355331,0.358174,813349783
3122,2011-06-21,0.359722,0.368741,0.356049,0.365935,767739181
3123,2011-06-22,0.363417,0.368271,0.360142,0.360872,710601400
3124,2011-06-23,0.356747,0.37422,0.353183,0.371694,811211356
3125,2011-06-24,0.369869,0.373121,0.358643,0.360872,576841611
3126,2011-06-27,0.361341,0.363217,0.340633,0.353413,1244627956
3127,2011-06-28,0.354452,0.359522,0.350837,0.355331,754573030
3128,2011-06-29,0.357925,0.364567,0.345265,0.360872,1047276097
3129,2011-06-30,0.361341,0.36944,0.356279,0.365465,711242886
3130,2011-07-01,0.366864,0.371694,0.358174,0.370107,589630250
3131,2011-07-05,0.371226,0.373351,0.360872,0.364117,583511181
3132,2011-07-06,0.363917,0.364567,0.354851,0.359322,577339694
3133,2011-07-07,0.362297,0.362997,0.354232,0.360402,1074689451
3134,2011-07-08,0.35581,0.358174,0.350837,0.353832,675489203
3135,2011-07-11,0.347141,0.348539,0.340373,0.341331,778937199
3136,2011-07-12,0.339333,0.342998,0.331087,0.336937,945562576
3137,2011-07-13,0.340873,0.343648,0.332965,0.336177,691499553
3138,2011-07-14,0.337757,0.339553,0.321222,0.322788,1187384347
3139,2011-07-15,0.324434,0.326691,0.316607,0.323238,902442546
3140,2011-07-18,0.320524,0.322559,0.312313,0.316157,892088736
3141,2011-07-19,0.317307,0.326691,0.317307,0.326014,655791078
3142,2011-07-20,0.326691,0.328949,0.321003,0.32192,722416938
3143,2011-07-21,0.32217,0.339333,0.317527,0.337157,1246661126
3144,2011-07-22,0.339953,0.345045,0.335707,0.343868,803348468
3145,2011-07-25,0.339333,0.339953,0.333661,0.338433,618133157
3146,2011-07-26,0.32827,0.337157,0.325334,0.330168,761297341
3147,2011-07-27,0.325334,0.327121,0.316807,0.317756,711112291
3148,2011-07-28,0.316607,0.323706,0.311614,0.317057,706744532
3149,2011-07-29,0.313891,0.320104,0.312313,0.317057,738874124
3150,2011-08-01,0.325134,0.335008,0.3217,0.33408,1111659757
3151,2011-08-02,0.332965,0.352713,0.330647,0.330647,1478649281
3152,2011-08-03,0.331087,0.340633,0.32805,0.339553,834518330
3153,2011-08-04,0.332965,0.333412,0.307233,0.307233,1060605622
3154,2011-08-05,0.312932,0.318186,0.288908,0.296969,1385400385
3155,2011-08-08,0.283258,0.292553,0.271684,0.273473,1181376043
3156,2011-08-09,0.278844,0.296969,0.275119,0.296499,1449917193
3157,2011-08-10,0.286461,0.296029,0.28137,0.283009,1242144645
3158,2011-08-11,0.284657,0.311614,0.283009,0.307433,1151230027
3159,2011-08-12,0.339953,0.340633,0.290556,0.295299,3483677392
3160,2011-08-15,0.298763,0.307233,0.296749,0.306514,941526862
3161,2011-08-16,0.301939,0.307233,0.292373,0.297825,781423755
3162,2011-08-17,0.298294,0.303737,0.289838,0.293733,603327162
3163,2011-08-18,0.280692,0.283258,0.270557,0.273702,874561475
3164,2011-08-19,0.268727,0.284157,0.267062,0.268957,830124963
3165,2011-08-22,0.276496,0.279712,0.270557,0.273702,667162544
3166,2011-08-23,0.279972,0.303487,0.279972,0.303287,1022861152
3167,2011-08-24,0.301939,0.303487,0.291254,0.298962,747862119
3168,2011-08-25,0.292373,0.298294,0.285764,0.286212,752794489
3169,2011-08-26,0.285076,0.30122,0.279972,0.298294,798863705
3170,2011-08-29,0.303057,0.307433,0.299642,0.306254,655883325
3171,2011-08-30,0.303957,0.316157,0.302189,0.313662,746484095
3172,2011-08-31,0.316407,0.319154,0.302589,0.305134,769498262
3173,2011-09-01,0.309748,0.315987,0.304217,0.304435,831008299
3174,2011-09-02,0.297615,0.301719,0.293953,0.296249,513248781
3175,2011-09-06,0.286661,0.302838,0.283898,0.302189,753911904
3176,2011-09-07,0.326203,0.335707,0.317756,0.326691,1750448046
3177,2011-09-08,0.323468,0.331346,0.319854,0.325134,959583602
3178,2011-09-09,0.32192,0.331087,0.315507,0.318186,945265964
3179,2011-09-12,0.315287,0.328469,0.313891,0.325804,998215383
3180,2011-09-13,0.328949,0.334779,0.323468,0.333212,924410594
3181,2011-09-14,0.34227,0.354652,0.341571,0.350357,1686620966
3182,2011-09-15,0.358903,0.359942,0.352234,0.355081,820283116
3183,2011-09-16,0.35581,0.36919,0.352713,0.354452,1515318148
3184,2011-09-19,0.348759,0.351057,0.338234,0.347141,1051828922
3185,2011-09-20,0.351057,0.352933,0.336677,0.338234,859535883
3186,2011-09-21,0.339953,0.345963,0.331586,0.331586,778633697
3187,2011-09-22,0.318425,0.319154,0.303737,0.309748,1430371234
3188,2011-09-23,0.307882,0.325134,0.306014,0.316157,1102573486
3189,2011-09-26,0.321003,0.321003,0.302589,0.316807,1059137604
3190,2011-09-27,0.324884,0.327591,0.314788,0.317307,851434400
3191,2011-09-28,0.319154,0.326014,0.302589,0.307632,1347178905
3192,2011-09-29,0.31434,0.318425,0.292373,0.300121,944442998
3193,2011-09-30,0.294831,0.296969,0.286461,0.286841,738969256
3194,2011-10-03,0.283258,0.292133,0.270756,0.270756,1035455752
3195,2011-10-04,0.264115,0.295769,0.262998,0.295769,1484015118
3196,2011-10-05,0.294172,0.30908,0.289108,0.306254,933796001
3197,2011-10-06,0.307882,0.319384,0.307433,0.318425,842946771
3198,2011-10-07,0.320104,0.329189,0.313162,0.324434,879850738
3199,2011-10-10,0.329919,0.338903,0.329189,0.338903,582044695
3200,2011-10-11,0.335957,0.341571,0.33408,0.335258,889777551
3201,2011-10-12,0.340873,0.34183,0.334779,0.335008,667265337
3202,2011-10-13,0.333412,0.355081,0.332515,0.354452,930562162
3203,2011-10-14,0.359942,0.364337,0.351755,0.360402,765925177
3204,2011-10-17,0.355331,0.356279,0.340633,0.3425,666635519
3205,2011-10-18,0.340633,0.35581,0.338653,0.354851,644157721
3206,2011-10-19,0.355331,0.361569,0.346663,0.34784,607658357
3207,2011-10-20,0.339103,0.339733,0.317307,0.330417,1079608371
3208,2011-10-21,0.33408,0.339953,0.326463,0.332046,684589395
3209,2011-10-24,0.333412,0.349658,0.332745,0.344327,583495477
3210,2011-10-25,0.339953,0.34227,0.330647,0.331346,629986602
3211,2011-10-26,0.337377,0.339553,0.325564,0.335258,548173889
3212,2011-10-27,0.348089,0.353183,0.339733,0.349658,629544233
3213,2011-10-28,0.346423,0.360872,0.345724,0.357676,534071642
3214,2011-10-31,0.346663,0.348339,0.339333,0.339333,567096889
3215,2011-11-01,0.325564,0.32785,0.319154,0.322369,862310919
3216,2011-11-02,0.326203,0.327121,0.310227,0.316607,1048500021
3217,2011-11-03,0.321003,0.336677,0.311814,0.335957,816499317
3218,2011-11-04,0.33434,0.340873,0.327591,0.339733,714009739
3219,2011-11-07,0.335707,0.342998,0.330168,0.338004,668921516
3220,2011-11-08,0.3425,0.34784,0.336937,0.345724,598990920
3221,2011-11-09,0.33408,0.34203,0.326891,0.32827,579490950
3222,2011-11-10,0.338903,0.339733,0.323468,0.331816,1072825984
3223,2011-11-11,0.341072,0.346163,0.322559,0.343428,1909734206
3224,2011-11-14,0.343648,0.346892,0.335957,0.336937,544822073
3225,2011-11-15,0.334579,0.343428,0.332745,0.341072,551258195
3226,2011-11-16,0.334779,0.343648,0.333212,0.33434,558619345
3227,2011-11-17,0.333661,0.334579,0.316407,0.322369,716811705
3228,2011-11-18,0.323468,0.324185,0.315987,0.319384,546478061
3229,2011-11-21,0.314788,0.338653,0.309548,0.335508,1449164211
3230,2011-11-22,0.338903,0.34759,0.337377,0.345724,1403817311
3231,2011-11-23,0.34227,0.344567,0.330887,0.331087,899905074
3232,2011-11-25,0.327121,0.33434,0.321003,0.32192,443358996
3233,2011-11-28,0.333661,0.345045,0.332515,0.339953,752887858
3234,2011-11-29,0.339103,0.346163,0.336437,0.34183,679768160
3235,2011-11-30,0.351755,0.359322,0.349219,0.358403,795863974
3236,2011-12-01,0.354851,0.363667,0.353832,0.362767,577413133
3237,2011-12-02,0.366364,0.368013,0.356977,0.360402,595838151
3238,2011-12-05,0.366364,0.366864,0.351984,0.354851,702854345
3239,2011-12-06,0.356528,0.357676,0.346163,0.349888,623206047
3240,2011-12-07,0.34736,0.350357,0.340373,0.34784,555822387
3241,2011-12-08,0.343648,0.350137,0.335707,0.336937,535799708
3242,2011-12-09,0.33408,0.344327,0.329669,0.341571,606066204
3243,2011-12-12,0.33434,0.335707,0.326891,0.333212,624957687
3244,2011-12-13,0.337537,0.341571,0.32192,0.323936,562472007
3245,2011-12-14,0.321222,0.323008,0.307882,0.311364,692629337
3246,2011-12-15,0.317057,0.318685,0.307882,0.308612,474244423
3247,2011-12-16,0.311124,0.317057,0.308352,0.309748,675055777
3248,2011-12-19,0.311124,0.314788,0.300521,0.301469,505111133
3249,2011-12-20,0.308612,0.319854,0.308612,0.318685,444303263
3250,2011-12-21,0.317057,0.320354,0.308352,0.314588,597908356
3251,2011-12-22,0.315987,0.328949,0.315507,0.32785,628658503
3252,2011-12-23,0.329919,0.330168,0.32217,0.324884,271442884
3253,2011-12-27,0.324185,0.327371,0.321481,0.322369,213393354
3254,2011-12-28,0.322788,0.323008,0.314111,0.31434,255097294
3255,2011-12-29,0.317756,0.321003,0.312932,0.320354,229901025
3256,2011-12-30,0.319154,0.322559,0.317307,0.317756,203857653
3257,2012-01-03,0.32785,0.330168,0.321222,0.32192,510345914
3258,2012-01-04,0.32217,0.326891,0.319154,0.325564,327491391
3259,2012-01-05,0.323936,0.338903,0.322559,0.337377,614496848
3260,2012-01-06,0.337157,0.337377,0.329449,0.333412,500247786
3261,2012-01-09,0.333661,0.339733,0.331087,0.333412,554168452
3262,2012-01-10,0.338433,0.338653,0.329669,0.332046,595731673
3263,2012-01-11,0.328949,0.332046,0.323936,0.325334,528102467
3264,2012-01-12,0.326014,0.326203,0.316157,0.323238,711311558
3265,2012-01-13,0.320783,0.3217,0.313162,0.314788,549908884
3266,2012-01-17,0.319604,0.319604,0.309548,0.309977,683858586
3267,2012-01-18,0.315987,0.323008,0.314111,0.320524,689913389
3268,2012-01-19,0.322788,0.329449,0.319854,0.328949,663277094
3269,2012-01-20,0.328469,0.332515,0.324884,0.326014,595630452
3270,2012-01-23,0.326463,0.335258,0.32217,0.335008,613660902
3271,2012-01-24,0.332745,0.343868,0.332515,0.3425,794782092
3272,2012-01-25,0.332745,0.341331,0.323706,0.340373,1389415208
3273,2012-01-26,0.344327,0.349439,0.335508,0.337377,782397886
3274,2012-01-27,0.335258,0.343648,0.332515,0.34183,490802650
3275,2012-01-30,0.335957,0.340873,0.330887,0.339333,435019427
3276,2012-01-31,0.340373,0.340373,0.332745,0.338653,390298541
3277,2012-02-01,0.34227,0.346163,0.337757,0.34227,466695924
3278,2012-02-02,0.344098,0.356528,0.340633,0.354851,759349628
3279,2012-02-03,0.359942,0.365715,0.359722,0.362767,540202459
3280,2012-02-06,0.360872,0.361341,0.356747,0.359722,304087403
3281,2012-02-07,0.360142,0.362997,0.354452,0.360872,447368080
3282,2012-02-08,0.360872,0.381031,0.359123,0.37399,924213951
3283,2012-02-09,0.377687,0.380583,0.373121,0.37377,612813920
3284,2012-02-10,0.370297,0.371475,0.362537,0.364567,480055784
3285,2012-02-13,0.37377,0.375119,0.362767,0.370297,665966502
3286,2012-02-14,0.370297,0.375569,0.367084,0.372393,494833977
3287,2012-02-15,0.375818,0.387422,0.369869,0.370757,1061053269
3288,2012-02-16,0.345465,0.380184,0.343868,0.377217,2059355973
3289,2012-02-17,0.376748,0.379944,0.359942,0.363417,1112607549
3290,2012-02-21,0.363217,0.37422,0.362537,0.365265,564997490
3291,2012-02-22,0.363417,0.372393,0.362297,0.362767,536950262
3292,2012-02-23,0.363417,0.366864,0.357676,0.364767,353238071
3293,2012-02-24,0.365935,0.366364,0.360402,0.362038,399802204
3294,2012-02-27,0.357446,0.359123,0.349439,0.354652,812688347
3295,2012-02-28,0.354652,0.358903,0.34784,0.351515,763125816
3296,2012-02-29,0.352713,0.358643,0.347141,0.34736,751495263
3297,2012-03-01,0.348989,0.353832,0.34736,0.349658,490646817
3298,2012-03-02,0.348539,0.357676,0.348539,0.352713,745888628
3299,2012-03-05,0.350357,0.350837,0.338234,0.340633,561396854
3300,2012-03-06,0.336937,0.339553,0.331586,0.337537,514013981
3301,2012-03-07,0.338653,0.340873,0.334779,0.339553,371223524
3302,2012-03-08,0.340373,0.344098,0.338653,0.340373,469792679
3303,2012-03-09,0.34183,0.344098,0.338004,0.339733,401071095
3304,2012-03-12,0.341072,0.343428,0.333661,0.334579,327053198
3305,2012-03-13,0.335957,0.340873,0.33434,0.339103,603545327
3306,2012-03-14,0.339103,0.339553,0.32827,0.329189,802375178
3307,2012-03-15,0.330417,0.336177,0.329189,0.33434,417150388
3308,2012-03-16,0.334579,0.336177,0.332745,0.334779,467060718
3309,2012-03-19,0.335957,0.338234,0.33408,0.335707,442028363
3310,2012-03-20,0.333661,0.333881,0.327121,0.330168,490280381
3311,2012-03-21,0.329669,0.334579,0.326463,0.331586,510139497
3312,2012-03-22,0.328949,0.333881,0.32805,0.331087,463859347
3313,2012-03-23,0.331087,0.334579,0.32785,0.333661,303495020
3314,2012-03-26,0.336437,0.339103,0.333661,0.337537,314677645
3315,2012-03-27,0.338903,0.343868,0.338234,0.339733,458284559
3316,2012-03-28,0.344098,0.352234,0.341571,0.34759,973105743
3317,2012-03-29,0.347141,0.351984,0.342749,0.349219,406378024
3318,2012-03-30,0.352234,0.355081,0.347141,0.353183,574921840
3319,2012-04-02,0.352484,0.355081,0.346423,0.351515,444140100
3320,2012-04-03,0.354012,0.354452,0.343868,0.345724,469423639
3321,2012-04-04,0.340373,0.344796,0.333881,0.335957,540738338
3322,2012-04-05,0.336437,0.340373,0.33434,0.335508,409982225
3323,2012-04-09,0.330168,0.332286,0.324634,0.331087,364753332
3324,2012-04-10,0.329669,0.33434,0.323008,0.324634,512859611
3325,2012-04-11,0.328949,0.335957,0.32785,0.328719,406660405
3326,2012-04-12,0.329189,0.338433,0.32785,0.336677,419642271
3327,2012-04-13,0.333661,0.335508,0.324434,0.324634,339452797
3328,2012-04-16,0.326691,0.32785,0.315507,0.320783,505540002
3329,2012-04-17,0.3217,0.325564,0.320354,0.321481,502334756
3330,2012-04-18,0.319384,0.321003,0.314111,0.318006,436976784
3331,2012-04-19,0.313891,0.325804,0.311614,0.312932,727474916
3332,2012-04-20,0.315027,0.315987,0.306254,0.306983,555646084
3333,2012-04-23,0.301719,0.304435,0.296029,0.303287,770058617
3334,2012-04-24,0.304217,0.306733,0.292373,0.293953,796040888
3335,2012-04-25,0.298294,0.302189,0.292803,0.299872,792811626
3336,2012-04-26,0.299642,0.302589,0.297615,0.300121,587931809
3337,2012-04-27,0.299642,0.301469,0.294402,0.297615,518307289
3338,2012-04-30,0.296029,0.299642,0.293953,0.298065,286032276
3339,2012-05-01,0.296499,0.306514,0.296499,0.303287,445608708
3340,2012-05-02,0.302189,0.303287,0.293053,0.294601,745818683
3341,2012-05-03,0.295299,0.296969,0.287758,0.289608,457442474
3342,2012-05-04,0.287758,0.289358,0.28114,0.28114,594374991
3343,2012-05-07,0.286212,0.291034,0.283698,0.285983,663119229
3344,2012-05-08,0.283458,0.287509,0.278375,0.285764,504095610
3345,2012-05-09,0.280692,0.289108,0.277915,0.286841,558332468
3346,2012-05-10,0.289608,0.290077,0.280212,0.284857,650898256
3347,2012-05-11,0.308352,0.313662,0.301719,0.302838,1575185056
3348,2012-05-14,0.300321,0.305554,0.294172,0.30102,473598020
3349,2012-05-15,0.30102,0.307632,0.296749,0.298065,654209300
3350,2012-05-16,0.298543,0.301939,0.291254,0.291933,498965985
3351,2012-05-17,0.293253,0.296029,0.290077,0.290077,276534031
3352,2012-05-18,0.290806,0.292133,0.275597,0.276976,618590799
3353,2012-05-21,0.277415,0.283258,0.275597,0.28179,453937941
3354,2012-05-22,0.28161,0.28204,0.27418,0.278375,447366438
3355,2012-05-23,0.275348,0.285764,0.270986,0.285325,532154535
3356,2012-05-24,0.286661,0.28731,0.275597,0.277675,461157560
3357,2012-05-25,0.277415,0.286661,0.277415,0.284397,427150290
3358,2012-05-29,0.288908,0.293473,0.287758,0.291733,338009406
3359,2012-05-30,0.288438,0.290556,0.283258,0.288208,414110537
3360,2012-05-31,0.288208,0.289358,0.28137,0.285076,390555564
3361,2012-06-01,0.279014,0.28179,0.27418,0.27465,480957548
3362,2012-06-04,0.276017,0.277675,0.266633,0.268957,472046668
3363,2012-06-05,0.26751,0.277415,0.26751,0.276496,398241989
3364,2012-06-06,0.278844,0.284857,0.276746,0.284157,354470397
3365,2012-06-07,0.288208,0.289838,0.272304,0.272554,574270460
3366,2012-06-08,0.273473,0.278844,0.273023,0.277915,403875835
3367,2012-06-11,0.286841,0.291933,0.280442,0.28114,914902514
3368,2012-06-12,0.284397,0.289608,0.283898,0.286841,541209580
3369,2012-06-13,0.286661,0.28731,0.277915,0.279273,539419582
3370,2012-06-14,0.278844,0.28114,0.273023,0.275817,643354754
3371,2012-06-15,0.277915,0.28204,0.275348,0.28179,420241464
3372,2012-06-18,0.279712,0.286661,0.277415,0.284397,331573164
3373,2012-06-19,0.296029,0.307882,0.294601,0.303287,1047271851
3374,2012-06-20,0.306514,0.314111,0.304655,0.308352,1060747834
3375,2012-06-21,0.308132,0.308132,0.293733,0.294402,563081094
3376,2012-06-22,0.298065,0.301469,0.293953,0.297825,943553142
3377,2012-06-25,0.298294,0.299162,0.287509,0.288678,481544993
3378,2012-06-26,0.290337,0.293953,0.286212,0.291933,476688215
3379,2012-06-27,0.292133,0.303287,0.292133,0.30122,551792481
3380,2012-06-28,0.298543,0.305314,0.296029,0.303487,595307030
3381,2012-06-29,0.310675,0.317527,0.310447,0.316807,672213922
3382,2012-07-02,0.318425,0.318685,0.305784,0.308132,634242745
3383,2012-07-03,0.308352,0.317057,0.308132,0.316407,239171981
3384,2012-07-05,0.31434,0.315727,0.308352,0.313162,305429102
3385,2012-07-06,0.310895,0.311814,0.303737,0.307233,417346290
3386,2012-07-09,0.305314,0.306733,0.300521,0.303057,334067141
3387,2012-07-10,0.299872,0.308852,0.291733,0.293953,558159450
3388,2012-07-11,0.294831,0.298543,0.287758,0.289108,529127594
3389,2012-07-12,0.285983,0.286461,0.28179,0.284397,514824499
3390,2012-07-13,0.284657,0.289108,0.28277,0.287978,353570807
3391,2012-07-16,0.286212,0.291254,0.283458,0.288908,364721675
3392,2012-07-17,0.289838,0.291503,0.278844,0.283698,487909608
3393,2012-07-18,0.283009,0.303487,0.28161,0.299422,671720487
3394,2012-07-19,0.301469,0.306254,0.299422,0.302389,439455178
3395,2012-07-20,0.300521,0.302589,0.290556,0.293733,491773887
3396,2012-07-23,0.285983,0.299642,0.28277,0.297615,492404437
3397,2012-07-24,0.298065,0.299872,0.291034,0.294402,382896500
3398,2012-07-25,0.293473,0.303057,0.292133,0.300121,452545486
3399,2012-07-26,0.305554,0.30908,0.299162,0.301469,369021112
3400,2012-07-27,0.302589,0.309977,0.300321,0.30908,410537272
3401,2012-07-30,0.30908,0.312932,0.303057,0.305554,396399433
3402,2012-07-31,0.305554,0.314788,0.305134,0.310447,422826066
3403,2012-08-01,0.312313,0.315287,0.305554,0.306983,366264684
3404,2012-08-02,0.305314,0.312713,0.300321,0.308132,401155972
3405,2012-08-03,0.312932,0.317756,0.305554,0.314588,356052735
3406,2012-08-06,0.317527,0.322788,0.317057,0.321222,393042931
3407,2012-08-07,0.325134,0.32785,0.322559,0.324434,444233349
3408,2012-08-08,0.324185,0.329669,0.323238,0.326203,563835268
3409,2012-08-09,0.326691,0.338004,0.326203,0.337377,894655661
3410,2012-08-10,0.346163,0.348989,0.330887,0.335258,1394324384
3411,2012-08-13,0.335707,0.339733,0.33434,0.339553,487654839
3412,2012-08-14,0.340633,0.341072,0.333212,0.334579,424033966
3413,2012-08-15,0.335707,0.338433,0.330168,0.332046,648111683
3414,2012-08-16,0.335008,0.339733,0.333881,0.338903,404683408
3415,2012-08-17,0.338903,0.338903,0.332965,0.335957,337926422
3416,2012-08-20,0.334779,0.336437,0.330887,0.335957,343081425
3417,2012-08-21,0.337157,0.339103,0.331586,0.335008,348791945
3418,2012-08-22,0.332965,0.337157,0.331816,0.335707,341888887
3419,2012-08-23,0.335008,0.335258,0.326691,0.32805,413504524
3420,2012-08-24,0.32805,0.336437,0.327371,0.334779,379143217
3421,2012-08-27,0.334579,0.335478,0.328719,0.328949,371750389
3422,2012-08-28,0.326463,0.330887,0.325804,0.327591,338842267
3423,2012-08-29,0.327371,0.330417,0.326691,0.32827,273077299
3424,2012-08-30,0.327591,0.328719,0.320524,0.32217,335279908
3425,2012-08-31,0.324434,0.326691,0.318425,0.3217,528894888
3426,2012-09-04,0.316407,0.317527,0.301469,0.304217,757212754
3427,2012-09-05,0.305554,0.309977,0.302189,0.305314,523649941
3428,2012-09-06,0.307632,0.323008,0.307433,0.314788,716687009
3429,2012-09-07,0.306733,0.3093,0.296969,0.307233,851718954
3430,2012-09-10,0.306514,0.310895,0.303737,0.304435,404673023
3431,2012-09-11,0.304217,0.312932,0.303057,0.308132,417530013
3432,2012-09-12,0.310675,0.313162,0.307632,0.311614,351761160
3433,2012-09-13,0.31434,0.315507,0.307632,0.313662,473197213
3434,2012-09-14,0.313412,0.322788,0.313412,0.317307,370142934
3435,2012-09-17,0.318006,0.318006,0.305134,0.308612,537940989
3436,2012-09-18,0.305134,0.31434,0.304884,0.310675,392537828
3437,2012-09-19,0.311364,0.318685,0.307632,0.31434,492773707
3438,2012-09-20,0.313662,0.315287,0.309548,0.312063,349577656
3439,2012-09-21,0.312513,0.315287,0.311364,0.313292,370869266
3440,2012-09-24,0.308352,0.313662,0.307882,0.313162,390165813
3441,2012-09-25,0.317307,0.318685,0.306983,0.307433,525056487
3442,2012-09-26,0.306254,0.306254,0.298543,0.302189,476281008
3443,2012-09-27,0.302838,0.304884,0.300321,0.304217,609389627
3444,2012-09-28,0.303057,0.310227,0.299162,0.305784,529393771
3445,2012-10-01,0.307233,0.30908,0.299642,0.300521,549799040
3446,2012-10-02,0.302838,0.302838,0.298543,0.301939,322189881
3447,2012-10-03,0.302589,0.303487,0.297397,0.298763,469803205
3448,2012-10-04,0.299642,0.314111,0.298065,0.312313,548031586
3449,2012-10-05,0.313162,0.316407,0.303737,0.304884,526715399
3450,2012-10-08,0.303737,0.305134,0.299642,0.301939,262333959
3451,2012-10-09,0.301469,0.302389,0.294601,0.295529,399482227
3452,2012-10-10,0.294172,0.295529,0.289358,0.290556,356077052
3453,2012-10-11,0.293253,0.294172,0.289838,0.292133,349477887
3454,2012-10-12,0.290077,0.292373,0.287758,0.289608,284248898
3455,2012-10-15,0.290077,0.293473,0.286661,0.293253,272129467
3456,2012-10-16,0.295769,0.302589,0.293053,0.301719,400988402
3457,2012-10-17,0.298065,0.300761,0.29507,0.299422,427149970
3458,2012-10-18,0.298763,0.298763,0.293733,0.294831,277792857
3459,2012-10-19,0.290556,0.292553,0.275817,0.277415,773545454
3460,2012-10-22,0.278844,0.280442,0.272154,0.27442,524308853
3461,2012-10-23,0.271904,0.284657,0.271226,0.28277,625808746
3462,2012-10-24,0.284657,0.285764,0.276277,0.279014,362994841
3463,2012-10-25,0.28137,0.284397,0.278175,0.279273,335129624
3464,2012-10-26,0.279712,0.28137,0.276277,0.276277,424563525
3465,2012-10-31,0.277415,0.279712,0.273922,0.27465,378477555
3466,2012-11-01,0.276017,0.287978,0.275817,0.287758,516000551
3467,2012-11-02,0.290806,0.291254,0.284657,0.286461,279895540
3468,2012-11-05,0.285764,0.299642,0.285764,0.298543,485034994
3469,2012-11-06,0.299162,0.299162,0.293253,0.298294,382503084
3470,2012-11-07,0.296029,0.297825,0.287758,0.289108,353949110
3471,2012-11-08,0.292373,0.299872,0.290077,0.290806,914551742
3472,2012-11-09,0.292373,0.295769,0.278595,0.279512,922755167
3473,2012-11-12,0.279972,0.28114,0.270557,0.273023,701807775
3474,2012-11-13,0.271904,0.278175,0.270986,0.271226,536594813
3475,2012-11-14,0.272804,0.275597,0.264335,0.264565,675338629
3476,2012-11-15,0.266164,0.273023,0.263896,0.265734,508922844
3477,2012-11-16,0.266633,0.266633,0.25564,0.260861,681027156
3478,2012-11-19,0.265734,0.269207,0.262508,0.268228,440636879
3479,2012-11-20,0.267162,0.268358,0.262348,0.265165,365143463
3480,2012-11-21,0.265165,0.273383,0.264915,0.272704,457519689
3481,2012-11-23,0.273852,0.277875,0.272354,0.27458,300018910
3482,2012-11-26,0.275049,0.280172,0.27458,0.279214,394994489
3483,2012-11-27,0.278315,0.284857,0.275977,0.280542,489036558
3484,2012-11-28,0.279473,0.284377,0.275977,0.28299,330254870
3485,2012-11-29,0.283428,0.284857,0.276926,0.277875,529430245
3486,2012-11-30,0.277615,0.279692,0.27458,0.276197,498922611
3487,2012-12-03,0.278095,0.279692,0.270457,0.271126,424006215
3488,2012-12-04,0.271585,0.279692,0.269987,0.279214,572113976
3489,2012-12-05,0.276926,0.278794,0.272054,0.275977,685797185
3490,2012-12-06,0.275298,0.278315,0.27432,0.276416,447316403
3491,2012-12-07,0.276676,0.278095,0.272704,0.275777,366488778
3492,2012-12-10,0.275977,0.28731,0.275298,0.285295,556493487
3493,2012-12-11,0.286212,0.295599,0.285534,0.291953,884807845
3494,2012-12-12,0.293533,0.294452,0.287788,0.288938,432703196
3495,2012-12-13,0.288458,0.294671,0.286461,0.289138,409255722
3496,2012-12-14,0.290357,0.293533,0.288238,0.290576,366894623
3497,2012-12-17,0.289858,0.291533,0.285076,0.289138,482348240
3498,2012-12-18,0.289388,0.293103,0.288458,0.289858,451160612
3499,2012-12-19,0.291533,0.295369,0.290835,0.291953,496782692
3500,2012-12-20,0.293103,0.293273,0.288458,0.291753,362205365
3501,2012-12-21,0.287788,0.287788,0.28177,0.285076,500744315
3502,2012-12-24,0.284857,0.285764,0.28177,0.28274,138158774
3503,2012-12-26,0.28201,0.286661,0.28134,0.28249,213143642
3504,2012-12-27,0.28201,0.283428,0.277375,0.280672,324796425
3505,2012-12-28,0.278095,0.283678,0.277615,0.279214,238991062
3506,2012-12-31,0.278315,0.284157,0.277615,0.28299,353831575
3507,2013-01-02,0.289858,0.293773,0.288708,0.293533,518757270
3508,2013-01-03,0.293773,0.297029,0.290357,0.293773,323805699
3509,2013-01-04,0.294232,0.304335,0.293273,0.303387,568765015
3510,2013-01-07,0.303157,0.304087,0.292603,0.294671,661679162
3511,2013-01-08,0.295369,0.296329,0.286212,0.288238,505310941
3512,2013-01-09,0.290576,0.291953,0.279912,0.28177,752983992
3513,2013-01-10,0.284377,0.285764,0.280672,0.28227,548585672
3514,2013-01-11,0.283228,0.283678,0.278974,0.28177,555954584
3515,2013-01-14,0.283678,0.283678,0.278315,0.28157,331166909
3516,2013-01-15,0.280172,0.280172,0.274819,0.276416,407269583
3517,2013-01-16,0.276676,0.28134,0.275977,0.278974,365507836
3518,2013-01-17,0.279912,0.283898,0.279214,0.28274,629241772
3519,2013-01-18,0.28274,0.28274,0.277375,0.280871,430212954
3520,2013-01-22,0.280672,0.283228,0.278095,0.279473,333918299
3521,2013-01-23,0.280412,0.280672,0.276926,0.279912,456993545
3522,2013-01-24,0.278974,0.28249,0.277615,0.28134,430189630
3523,2013-01-25,0.28177,0.286661,0.280412,0.286461,426760239
3524,2013-01-28,0.287788,0.292853,0.287061,0.291054,457712146
3525,2013-01-29,0.289858,0.290576,0.283678,0.284857,421403887
3526,2013-01-30,0.285076,0.288938,0.283228,0.284377,311565728
3527,2013-01-31,0.284377,0.287529,0.28111,0.28299,509860131
3528,2013-02-01,0.284157,0.286461,0.28299,0.285534,312904933
3529,2013-02-04,0.283898,0.289638,0.280412,0.280672,554409291
3530,2013-02-05,0.28201,0.288708,0.28111,0.287061,397914321
3531,2013-02-06,0.280172,0.287061,0.278545,0.284857,575012916
3532,2013-02-07,0.283898,0.286212,0.280871,0.283678,476728535
3533,2013-02-08,0.285534,0.287788,0.283678,0.285534,332850488
3534,2013-02-11,0.287788,0.291753,0.285076,0.288708,442349671
3535,2013-02-12,0.286212,0.289858,0.285764,0.286861,300985340
3536,2013-02-13,0.287061,0.292173,0.284627,0.285534,926636411
3537,2013-02-14,0.28157,0.294003,0.278095,0.293773,955570791
3538,2013-02-15,0.293103,0.29513,0.28731,0.293803,795042140
3539,2013-02-19,0.294003,0.294232,0.287978,0.289858,469694994
3540,2013-02-20,0.290835,0.295369,0.284857,0.285764,772464843
3541,2013-02-21,0.285295,0.288458,0.28299,0.283678,628795236
3542,2013-02-22,0.285534,0.289138,0.283898,0.288938,401006509
3543,2013-02-25,0.289638,0.291953,0.283428,0.283898,698170054
3544,2013-02-26,0.284497,0.288738,0.283528,0.28721,524923830
3545,2013-02-27,0.28721,0.294631,0.286561,0.292533,513592302
3546,2013-02-28,0.291673,0.298363,0.290507,0.293953,636788509
3547,2013-03-01,0.291903,0.296049,0.289158,0.29507,419285409
3548,2013-03-04,0.293253,0.296529,0.290756,0.293733,380840075
3549,2013-03-05,0.295549,0.297665,0.293953,0.297218,394290230
3550,2013-03-06,0.299042,0.301819,0.295549,0.296999,369252657
3551,2013-03-07,0.298593,0.301559,0.294631,0.296269,339205138
3552,2013-03-08,0.297218,0.299042,0.295549,0.297665,265383383
3553,2013-03-11,0.294631,0.296049,0.292353,0.294731,322755834
3554,2013-03-12,0.294402,0.296769,0.291673,0.295799,334719213
3555,2013-03-13,0.295799,0.300841,0.293033,0.295799,523132079
3556,2013-03-14,0.297665,0.298593,0.294172,0.296049,412726355
3557,2013-03-15,0.296049,0.296049,0.292353,0.293473,383105241
3558,2013-03-18,0.291673,0.294172,0.289278,0.291473,321212033
3559,2013-03-19,0.291673,0.293033,0.287459,0.289538,382765254
3560,2013-03-20,0.292353,0.293953,0.289788,0.293033,366733753
3561,2013-03-21,0.291673,0.291903,0.287908,0.288378,365064826
3562,2013-03-22,0.289278,0.291004,0.288138,0.289788,259763578
3563,2013-03-25,0.291673,0.291673,0.286113,0.288138,389875771
3564,2013-03-26,0.288858,0.290507,0.287678,0.290257,250416969
3565,2013-03-27,0.289058,0.295329,0.288378,0.293733,274522052
3566,2013-03-28,0.293033,0.298124,0.291004,0.297865,376085650
3567,2013-04-01,0.297218,0.297218,0.286113,0.288138,476819541
3568,2013-04-02,0.288378,0.289058,0.283328,0.284976,400043524
3569,2013-04-03,0.284497,0.286362,0.279542,0.28167,379580248
3570,2013-04-04,0.280771,0.285444,0.279772,0.284277,317329537
3571,2013-04-05,0.280272,0.289278,0.279542,0.289278,593676460
3572,2013-04-08,0.289538,0.289538,0.283099,0.288608,351733028
3573,2013-04-09,0.288858,0.295329,0.286781,0.293253,409805402
3574,2013-04-10,0.293473,0.298363,0.292773,0.297865,414215053
3575,2013-04-11,0.293733,0.298363,0.285664,0.296529,1043626148
3576,2013-04-12,0.297865,0.307153,0.295329,0.303857,829719799
3577,2013-04-15,0.302938,0.303857,0.295799,0.297665,463460362
3578,2013-04-16,0.300361,0.302938,0.298793,0.300841,504832578
3579,2013-04-17,0.298593,0.30132,0.29507,0.296899,573857584
3580,2013-04-18,0.298793,0.299492,0.291234,0.291234,433449748
3581,2013-04-19,0.290507,0.292653,0.28721,0.291903,326290251
3582,2013-04-22,0.291673,0.294831,0.289278,0.292353,264416022
3583,2013-04-23,0.294831,0.302938,0.294402,0.299942,405882415
3584,2013-04-24,0.300621,0.312713,0.300621,0.310177,599319399
3585,2013-04-25,0.311814,0.313432,0.30903,0.312713,380342564
3586,2013-04-26,0.312313,0.312713,0.309748,0.311344,349232822
3587,2013-04-29,0.312932,0.316207,0.310427,0.315057,290414657
3588,2013-04-30,0.315787,0.319704,0.313662,0.319704,297953271
3589,2013-05-01,0.319704,0.32182,0.315827,0.316887,367514256
3590,2013-05-02,0.316657,0.32158,0.314827,0.320654,348323246
3591,2013-05-03,0.322908,0.324335,0.320853,0.32205,316422666
3592,2013-05-06,0.32205,0.323617,0.319254,0.321102,243028458
3593,2013-05-07,0.321102,0.32182,0.313891,0.316887,482462841
3594,2013-05-08,0.317357,0.324554,0.316207,0.322708,359706901
3595,2013-05-09,0.316887,0.324335,0.316457,0.322908,609760039
3596,2013-05-10,0.329669,0.339003,0.329669,0.337637,927375643
3597,2013-05-13,0.335308,0.336757,0.329169,0.330647,312316116
3598,2013-05-14,0.334609,0.338334,0.331346,0.335557,488999422
3599,2013-05-15,0.333911,0.34243,0.333911,0.340973,337252428
3600,2013-05-16,0.340753,0.344267,0.338503,0.339653,332036705
3601,2013-05-17,0.341232,0.34759,0.338753,0.345195,336073170
3602,2013-05-20,0.343798,0.345793,0.342669,0.344497,254524961
3603,2013-05-21,0.346523,0.349588,0.342529,0.348219,383322315
3604,2013-05-22,0.349588,0.349588,0.334659,0.336107,514666013
3605,2013-05-23,0.332116,0.342529,0.331166,0.341331,421975899
3606,2013-05-24,0.339503,0.3423,0.335637,0.339273,303507689
3607,2013-05-28,0.34183,0.342769,0.335857,0.339073,299217235
3608,2013-05-29,0.337077,0.339073,0.335637,0.337077,358945366
3609,2013-05-30,0.336577,0.344626,0.335637,0.341331,304813355
3610,2013-05-31,0.339573,0.344467,0.337757,0.337757,618696146
3611,2013-06-03,0.338174,0.340633,0.330188,0.337337,476166308
3612,2013-06-04,0.339273,0.345345,0.335637,0.337707,389611067
3613,2013-06-05,0.337337,0.339703,0.329469,0.330447,497649543
3614,2013-06-06,0.330447,0.335138,0.330188,0.332585,365411262
3615,2013-06-07,0.334878,0.339273,0.333512,0.337207,294166308
3616,2013-06-10,0.336337,0.339073,0.33446,0.337077,240145061
3617,2013-06-11,0.332585,0.337337,0.330687,0.330687,317469316
3618,2013-06-12,0.332346,0.335008,0.325984,0.32785,334879802
3619,2013-06-13,0.326651,0.337077,0.326433,0.335378,253155761
3620,2013-06-14,0.336577,0.337077,0.332585,0.334878,252843806
3621,2013-06-17,0.337507,0.341072,0.335637,0.338174,273543765
3622,2013-06-18,0.339703,0.343468,0.333282,0.336107,521490413
3623,2013-06-19,0.339073,0.361242,0.337934,0.346263,1242331333
3624,2013-06-20,0.343468,0.343898,0.334559,0.337077,673535181
3625,2013-06-21,0.338853,0.339933,0.330917,0.336577,765206767
3626,2013-06-24,0.331646,0.335857,0.324584,0.329469,622194119
3627,2013-06-25,0.333045,0.333761,0.32827,0.331866,489980645
3628,2013-06-26,0.335637,0.336107,0.328469,0.329949,621171875
3629,2013-06-27,0.330917,0.331386,0.323388,0.326871,865666459
3630,2013-06-28,0.326871,0.330917,0.322708,0.327591,462313163
3631,2013-07-01,0.329949,0.330687,0.326971,0.328969,213754502
3632,2013-07-02,0.327091,0.333761,0.325764,0.328719,274677875
3633,2013-07-03,0.326433,0.333761,0.325984,0.329719,150398084
3634,2013-07-05,0.330687,0.333045,0.328389,0.332346,197852524
3635,2013-07-08,0.333282,0.334878,0.328719,0.330567,280776814
3636,2013-07-09,0.331386,0.33438,0.330447,0.332366,168586580
3637,2013-07-10,0.332346,0.337707,0.331386,0.336837,223308120
3638,2013-07-11,0.338603,0.34183,0.337934,0.341331,256935994
3639,2013-07-12,0.340633,0.344865,0.339503,0.341571,231790871
3640,2013-07-15,0.3423,0.3423,0.335637,0.340853,215690738
3641,2013-07-16,0.3423,0.344626,0.340503,0.342769,174151202
3642,2013-07-17,0.342769,0.343898,0.339933,0.340853,178070844
3643,2013-07-18,0.340373,0.341571,0.335138,0.339503,369058678
3644,2013-07-19,0.337507,0.339073,0.328719,0.332346,514814724
3645,2013-07-22,0.334878,0.337934,0.330687,0.332116,313234495
3646,2013-07-23,0.336337,0.336337,0.329949,0.331646,264393738
3647,2013-07-24,0.334659,0.335637,0.331166,0.331646,304524805
3648,2013-07-25,0.331386,0.337207,0.328969,0.332815,260671892
3649,2013-07-26,0.328719,0.333382,0.328719,0.331386,243576335
3650,2013-07-29,0.330687,0.334878,0.329719,0.330687,192344716
3651,2013-07-30,0.331866,0.340633,0.331646,0.336337,285095019
3652,2013-07-31,0.334659,0.340173,0.33446,0.336957,289428707
3653,2013-08-01,0.338174,0.3423,0.33421,0.341571,297448159
3654,2013-08-02,0.340853,0.345095,0.338603,0.344367,224578783
3655,2013-08-05,0.343468,0.347241,0.341701,0.346043,198397035
3656,2013-08-06,0.346263,0.347021,0.340173,0.340853,221345505
3657,2013-08-07,0.339073,0.344148,0.338853,0.340633,261969205
3658,2013-08-08,0.342529,0.344626,0.338603,0.343028,369789357
3659,2013-08-09,0.329469,0.343228,0.329219,0.338174,970870482
3660,2013-08-12,0.324365,0.340173,0.305854,0.335378,275937382
3661,2013-08-13,0.335857,0.337934,0.333761,0.336577,211777616
3662,2013-08-14,0.335857,0.352933,0.335637,0.350757,887865061
3663,2013-08-15,0.347021,0.35583,0.345545,0.353033,775227040
3664,2013-08-16,0.352434,0.359372,0.351715,0.354432,707561349
3665,2013-08-19,0.352434,0.353612,0.348689,0.348859,421493811
3666,2013-08-20,0.348559,0.353053,0.348339,0.350657,249661393
3667,2013-08-21,0.348559,0.353053,0.34759,0.348989,278789752
3668,2013-08-22,0.348759,0.354132,0.348759,0.350887,137614082
3669,2013-08-23,0.351336,0.354132,0.350187,0.350887,261449140
3670,2013-08-26,0.351336,0.352583,0.350187,0.351585,320137662
3671,2013-08-27,0.348339,0.350657,0.345923,0.347241,295759512
3672,2013-08-28,0.34784,0.350417,0.345665,0.347121,339850750
3673,2013-08-29,0.345923,0.349688,0.344965,0.346363,294434527
3674,2013-08-30,0.346623,0.34759,0.344247,0.345923,403056634
3675,2013-09-03,0.346863,0.351117,0.343998,0.346143,303456923
3676,2013-09-04,0.346143,0.351585,0.345665,0.349459,236756091
3677,2013-09-05,0.348089,0.351835,0.34784,0.350417,186435950
3678,2013-09-06,0.350657,0.352583,0.346363,0.348989,241715462
3679,2013-09-09,0.351835,0.354781,0.350887,0.354781,262691091
3680,2013-09-10,0.357426,0.362637,0.35573,0.362397,311516534
3681,2013-09-11,0.361898,0.36947,0.359372,0.368491,422292911
3682,2013-09-12,0.367524,0.372972,0.366564,0.368241,323853970
3683,2013-09-13,0.36947,0.372273,0.366814,0.370577,170228817
3684,2013-09-16,0.37365,0.376188,0.36947,0.370797,251110373
3685,2013-09-17,0.372273,0.375019,0.370577,0.372023,179748404
3686,2013-09-18,0.372273,0.376188,0.370327,0.375269,285859739
3687,2013-09-19,0.376947,0.377647,0.372023,0.373521,242579589
3688,2013-09-20,0.37459,0.376947,0.369669,0.370577,379513949
3689,2013-09-23,0.370137,0.373191,0.364717,0.366814,289138194
3690,2013-09-24,0.367054,0.369669,0.364936,0.368241,243495224
3691,2013-09-25,0.367524,0.371524,0.365865,0.368971,248762914
3692,2013-09-26,0.369669,0.370327,0.365395,0.367524,158629060
3693,2013-09-27,0.364717,0.367754,0.363317,0.365395,161934957
3694,2013-09-30,0.361639,0.367524,0.359542,0.364936,241667951
3695,2013-10-01,0.365395,0.367054,0.362897,0.364717,241940838
3696,2013-10-02,0.360922,0.365865,0.360922,0.364467,172717987
3697,2013-10-03,0.364717,0.367993,0.359143,0.360672,465571148
3698,2013-10-04,0.360202,0.368741,0.359342,0.365635,262210976
3699,2013-10-07,0.364267,0.368241,0.362397,0.365635,181156082
3700,2013-10-08,0.364717,0.369909,0.359772,0.362637,309888779
3701,2013-10-09,0.364936,0.365196,0.355011,0.356947,294053069
3702,2013-10-10,0.359542,0.361898,0.356947,0.360922,238222656
3703,2013-10-11,0.355251,0.359772,0.354132,0.357925,227682689
3704,2013-10-14,0.356947,0.363317,0.356947,0.363317,177617188
3705,2013-10-15,0.363317,0.365395,0.361172,0.361419,222638612
3706,2013-10-16,0.363537,0.367284,0.363067,0.365865,222881674
3707,2013-10-17,0.363067,0.367524,0.363067,0.366564,227388440
3708,2013-10-18,0.365865,0.372023,0.364467,0.370797,271885653
3709,2013-10-21,0.375269,0.375519,0.370577,0.371774,207868861
3710,2013-10-22,0.371774,0.372023,0.366564,0.369909,191299668
3711,2013-10-23,0.36921,0.36921,0.362397,0.363537,268845403
3712,2013-10-24,0.364467,0.366814,0.360302,0.360802,252028942
3713,2013-10-25,0.362897,0.363067,0.356229,0.357426,352297369
3714,2013-10-28,0.356947,0.358643,0.351835,0.356707,420006434
3715,2013-10-29,0.356229,0.357925,0.353053,0.357177,413537483
3716,2013-10-30,0.358403,0.360002,0.353932,0.356947,217483750
3717,2013-10-31,0.357426,0.360002,0.355511,0.356209,312716883
3718,2013-11-01,0.358144,0.359542,0.355251,0.357925,219730768
3719,2013-11-04,0.359143,0.359143,0.346863,0.34759,437343231
3720,2013-11-05,0.346143,0.348559,0.341651,0.347121,450227542
3721,2013-11-06,0.347121,0.349688,0.343548,0.349459,211100377
3722,2013-11-07,0.348339,0.349239,0.340453,0.341172,589395820
3723,2013-11-08,0.351835,0.366095,0.350417,0.364936,783003449
3724,2013-11-11,0.363537,0.368971,0.362897,0.367993,317252312
3725,2013-11-12,0.369669,0.371774,0.364467,0.368741,336869958
3726,2013-11-13,0.367754,0.378846,0.367054,0.378846,354735422
3727,2013-11-14,0.377647,0.382598,0.377387,0.380413,328291674
3728,2013-11-15,0.381769,0.382248,0.375519,0.379316,480031247
3729,2013-11-18,0.371056,0.37437,0.36921,0.370137,337867775
3730,2013-11-19,0.368371,0.371654,0.363637,0.364117,219162051
3731,2013-11-20,0.364337,0.365265,0.357975,0.358723,217101140
3732,2013-11-21,0.359202,0.362217,0.357476,0.361499,226424734
3733,2013-11-22,0.361968,0.361968,0.357227,0.357975,168216859
3734,2013-11-25,0.357975,0.366194,0.357975,0.365735,263151908
3735,2013-11-26,0.369789,0.372872,0.367124,0.368841,798519272
3736,2013-11-27,0.368611,0.371296,0.366194,0.370227,192187612
3737,2013-11-29,0.370227,0.371176,0.365495,0.367883,124005952
3738,2013-12-02,0.366414,0.37402,0.365735,0.371425,396384291
3739,2013-12-03,0.371425,0.376088,0.368841,0.371176,308054164
3740,2013-12-04,0.370227,0.377087,0.369091,0.376348,522869378
3741,2013-12-05,0.377087,0.377087,0.369789,0.370227,288177373
3742,2013-12-06,0.37472,0.37472,0.363897,0.364767,297918550
3743,2013-12-09,0.364767,0.365965,0.357975,0.358473,408409311
3744,2013-12-10,0.358723,0.368611,0.358224,0.366914,555837569
3745,2013-12-11,0.367624,0.368113,0.362717,0.363397,439091336
3746,2013-12-12,0.362217,0.364117,0.355531,0.356279,274297157
3747,2013-12-13,0.357007,0.359602,0.353782,0.354152,195705945
3748,2013-12-16,0.354382,0.357726,0.354152,0.354582,251926679
3749,2013-12-17,0.354382,0.357227,0.351356,0.356279,290700613
3750,2013-12-18,0.357007,0.361968,0.352613,0.361242,451894105
3751,2013-12-19,0.360742,0.363167,0.358473,0.362717,274110519
3752,2013-12-20,0.363397,0.370227,0.362467,0.369909,404848084
3753,2013-12-23,0.372153,0.375169,0.369091,0.372153,177932788
3754,2013-12-24,0.37427,0.37427,0.36934,0.373121,84394030
3755,2013-12-26,0.37452,0.375648,0.368611,0.36954,179090413
3756,2013-12-27,0.371425,0.372393,0.36934,0.371654,223679653
3757,2013-12-30,0.371893,0.376848,0.371425,0.376588,263143736
3758,2013-12-31,0.377317,0.379715,0.374969,0.377817,249971716
3759,2014-01-02,0.375419,0.376848,0.370677,0.37402,275751585
3760,2014-01-03,0.37472,0.375449,0.368371,0.36954,274945514
3761,2014-01-06,0.373351,0.377317,0.369789,0.37452,434151734
3762,2014-01-07,0.378286,0.381949,0.375648,0.380563,353350478
3763,2014-01-08,0.381949,0.387592,0.380563,0.385742,326743437
3764,2014-01-09,0.379914,0.380563,0.370227,0.371425,309771724
3765,2014-01-10,0.372623,0.375169,0.367624,0.370926,231648479
3766,2014-01-13,0.370926,0.373121,0.361499,0.362217,257978318
3767,2014-01-14,0.362467,0.37427,0.362467,0.373551,256386506
3768,2014-01-15,0.375169,0.378986,0.373551,0.377567,185578873
3769,2014-01-16,0.377567,0.379486,0.375868,0.378766,233939173
3770,2014-01-17,0.378766,0.383128,0.37472,0.377087,360894982
3771,2014-01-21,0.377817,0.380813,0.37452,0.378546,260892471
3772,2014-01-22,0.379246,0.379745,0.373551,0.378067,358286635
3773,2014-01-23,0.376848,0.380813,0.37377,0.376588,196164098
3774,2014-01-24,0.373551,0.374969,0.366914,0.366914,263177596
3775,2014-01-27,0.366914,0.372153,0.362467,0.364567,247889483
3776,2014-01-28,0.363897,0.368371,0.362467,0.368113,178106537
3777,2014-01-29,0.366194,0.368841,0.364337,0.364567,168064281
3778,2014-01-30,0.366664,0.371425,0.365495,0.370677,215110152
3779,2014-01-31,0.365515,0.372393,0.365295,0.370227,355534583
3780,2014-02-03,0.372872,0.373351,0.363897,0.365265,457721199
3781,2014-02-04,0.365016,0.368113,0.363167,0.367384,297593645
3782,2014-02-05,0.364767,0.365965,0.361242,0.364117,227602680
3783,2014-02-06,0.364567,0.369789,0.364117,0.368841,178519593
3784,2014-02-07,0.369789,0.37472,0.366414,0.37427,166841078
3785,2014-02-10,0.37377,0.380363,0.373551,0.375419,343900936
3786,2014-02-11,0.377567,0.384127,0.375648,0.383128,249556697
3787,2014-02-12,0.384347,0.399723,0.384347,0.396847,790177901
3788,2014-02-13,0.406793,0.411687,0.399723,0.409358,957247500
3789,2014-02-14,0.405594,0.423178,0.405394,0.422259,866927499
3790,2014-02-18,0.42178,0.423927,0.418584,0.422029,454917391
3791,2014-02-19,0.42088,0.431557,0.420231,0.427731,477582178
3792,2014-02-20,0.428659,0.443827,0.427981,0.442848,422058402
3793,2014-02-21,0.44211,0.447772,0.4367,0.439582,478210264
3794,2014-02-24,0.438615,0.44921,0.434572,0.445924,427533011
3795,2014-02-25,0.445355,0.447173,0.439194,0.443947,255967401
3796,2014-02-26,0.442948,0.449589,0.441712,0.443208,380906715
3797,2014-02-27,0.443208,0.447642,0.437018,0.438247,410405316
3798,2014-02-28,0.43583,0.440082,0.429059,0.435332,339526106
3799,2014-03-03,0.425646,0.433332,0.42178,0.433332,396790486
3800,2014-03-04,0.434652,0.440512,0.434652,0.437748,274918563
3801,2014-03-05,0.437268,0.441712,0.435332,0.441482,254861893
3802,2014-03-06,0.44221,0.444645,0.434652,0.435332,306230006
3803,2014-03-07,0.437268,0.437997,0.431606,0.434902,283339102
3804,2014-03-10,0.433572,0.435332,0.426614,0.42848,317576315
3805,2014-03-11,0.430638,0.43655,0.429209,0.432832,313824304
3806,2014-03-12,0.430638,0.43655,0.428959,0.433902,252817587
3807,2014-03-13,0.434902,0.43655,0.418087,0.420231,406527226
3808,2014-03-14,0.415938,0.425886,0.415938,0.422029,485552235
3809,2014-03-17,0.423198,0.426366,0.42156,0.422029,316329347
3810,2014-03-18,0.423698,0.434902,0.42178,0.432105,310199492
3811,2014-03-19,0.435332,0.447892,0.434152,0.439652,386467672
3812,2014-03-20,0.437268,0.443707,0.435332,0.439832,202435464
3813,2014-03-21,0.443208,0.447173,0.436769,0.439194,597504224
3814,2014-03-24,0.439832,0.442948,0.430638,0.437018,323066156
3815,2014-03-25,0.441712,0.44221,0.433752,0.437018,321302388
3816,2014-03-26,0.441002,0.449359,0.423198,0.427063,588700584
3817,2014-03-27,0.426136,0.429679,0.416407,0.42133,570714991
3818,2014-03-28,0.420681,0.426614,0.419564,0.423957,420941588
3819,2014-03-31,0.425147,0.42848,0.42168,0.424177,288560524
3820,2014-04-01,0.438475,0.446973,0.432602,0.441712,692668495
3821,2014-04-02,0.441712,0.442709,0.437018,0.438944,253249961
3822,2014-04-03,0.439832,0.454384,0.439652,0.443707,632788678
3823,2014-04-04,0.446044,0.448632,0.427911,0.429938,388437738
3824,2014-04-07,0.430178,0.439652,0.427781,0.431377,452270126
3825,2014-04-08,0.431377,0.447892,0.430638,0.446743,496790263
3826,2014-04-09,0.449359,0.452704,0.442709,0.446294,445362782
3827,2014-04-10,0.444406,0.450557,0.433902,0.435332,393531609
3828,2014-04-11,0.431606,0.438725,0.423458,0.429209,372689218
3829,2014-04-14,0.432353,0.43557,0.429209,0.433902,306274713
3830,2014-04-15,0.434402,0.439443,0.430178,0.437018,321526712
3831,2014-04-16,0.439194,0.439652,0.432473,0.437997,248174067
3832,2014-04-17,0.437997,0.443707,0.435332,0.439652,162045321
3833,2014-04-21,0.439832,0.444406,0.437018,0.443208,123490384
3834,2014-04-22,0.443947,0.449829,0.441482,0.446973,269309464
3835,2014-04-23,0.447642,0.453424,0.446973,0.452224,276083039
3836,2014-04-24,0.455352,0.460901,0.455352,0.456299,413197507
3837,2014-04-25,0.455352,0.459533,0.442709,0.443707,330987361
3838,2014-04-28,0.445355,0.449589,0.4363,0.441712,239361714
3839,2014-04-29,0.443447,0.444406,0.437748,0.442709,180797187
3840,2014-04-30,0.441951,0.44245,0.43655,0.437498,322732229
3841,2014-05-01,0.444207,0.445125,0.4363,0.439832,209091263
3842,2014-05-02,0.441951,0.441951,0.433902,0.43655,165045002
3843,2014-05-05,0.43557,0.444645,0.43557,0.441232,252523418
3844,2014-05-06,0.445604,0.449359,0.431137,0.432353,439264354
3845,2014-05-07,0.432353,0.4363,0.428041,0.432832,310318789
3846,2014-05-08,0.431137,0.445125,0.428959,0.438247,456719226
3847,2014-05-09,0.424427,0.428959,0.419564,0.427543,569443576
3848,2014-05-12,0.429209,0.441002,0.42826,0.440082,316478910
3849,2014-05-13,0.434152,0.441232,0.431606,0.433072,233362634
3850,2014-05-14,0.433332,0.434902,0.42848,0.428709,226203925
3851,2014-05-15,0.427781,0.430178,0.422029,0.426366,343984030
3852,2014-05-16,0.427781,0.42848,0.422978,0.425386,299701737
3853,2014-05-19,0.428709,0.441482,0.428041,0.439194,380044950
3854,2014-05-20,0.439324,0.440382,0.431956,0.434002,269164889
3855,2014-05-21,0.43567,0.439552,0.431457,0.434002,227677391
3856,2014-05-22,0.433172,0.438366,0.433172,0.43593,136960488
3857,2014-05-23,0.438844,0.44211,0.43567,0.439952,191900774
3858,2014-05-27,0.44235,0.447822,0.441112,0.447822,220290803
3859,2014-05-28,0.449509,0.454584,0.445245,0.451685,236085461
3860,2014-05-29,0.451685,0.455302,0.450009,0.450957,180581105
3861,2014-05-30,0.451925,0.453384,0.448562,0.452184,251216641
3862,2014-06-02,0.453624,0.456499,0.446903,0.450727,190683400
3863,2014-06-03,0.451685,0.452184,0.442848,0.448812,255517851
3864,2014-06-04,0.447572,0.452654,0.447342,0.449289,169393272
3865,2014-06-05,0.450009,0.452654,0.447342,0.451185,198243707
3866,2014-06-06,0.453384,0.456948,0.451685,0.452904,169200535
3867,2014-06-09,0.452654,0.457667,0.449289,0.453384,259976315
3868,2014-06-10,0.451925,0.457907,0.449759,0.455781,228618323
3869,2014-06-11,0.454084,0.462558,0.454084,0.461601,279703224
3870,2014-06-12,0.461601,0.466625,0.457667,0.464477,354211041
3871,2014-06-13,0.469189,0.469449,0.460433,0.464957,239381383
3872,2014-06-16,0.462798,0.466625,0.459503,0.463527,208669614
3873,2014-06-17,0.464027,0.468471,0.461601,0.466625,165590034
3874,2014-06-18,0.465426,0.468222,0.461131,0.466155,226442200
3875,2014-06-19,0.458136,0.459963,0.452184,0.455502,498607040
3876,2014-06-20,0.456698,0.458366,0.446903,0.450487,371016886
3877,2014-06-23,0.444555,0.445504,0.439324,0.445245,435161379
3878,2014-06-24,0.443607,0.448072,0.4364,0.438366,289734854
3879,2014-06-25,0.439552,0.443108,0.435421,0.442848,226320549
3880,2014-06-26,0.442848,0.443108,0.435421,0.436899,269907325
3881,2014-06-27,0.4364,0.439952,0.433802,0.437368,318144552
3882,2014-06-30,0.43567,0.44235,0.43567,0.441112,189704731
3883,2014-07-01,0.440632,0.448682,0.439324,0.446204,337431905
3884,2014-07-02,0.444555,0.446424,0.441851,0.444555,188352336
3885,2014-07-03,0.440382,0.449759,0.440382,0.448562,143817457
3886,2014-07-07,0.449289,0.449509,0.444306,0.445025,133946056
3887,2014-07-08,0.443847,0.445724,0.437148,0.441352,233235594
3888,2014-07-09,0.445245,0.456698,0.441851,0.454804,407288220
3889,2014-07-10,0.446204,0.454324,0.44261,0.452184,279785807
3890,2014-07-11,0.452184,0.454804,0.451185,0.453384,200893055
3891,2014-07-14,0.455302,0.460213,0.453624,0.459063,286430940
3892,2014-07-15,0.459763,0.462079,0.456698,0.460881,415450114
3893,2014-07-16,0.462798,0.466375,0.457907,0.460433,335907854
3894,2014-07-17,0.455302,0.464027,0.455302,0.459283,341358767
3895,2014-07-18,0.450009,0.453384,0.438127,0.438844,596554639
3896,2014-07-21,0.437148,0.444555,0.437148,0.441352,255684419
3897,2014-07-22,0.444805,0.447123,0.438595,0.439552,313938113
3898,2014-07-23,0.439732,0.439952,0.429759,0.430238,312398909
3899,2014-07-24,0.430957,0.433802,0.427861,0.430957,267459928
3900,2014-07-25,0.429539,0.430458,0.422529,0.423258,279602133
3901,2014-07-28,0.422779,0.425197,0.414513,0.4216,347071110
3902,2014-07-29,0.42183,0.428779,0.4216,0.423028,229003457
3903,2014-07-30,0.425686,0.431457,0.424477,0.430238,258644971
3904,2014-07-31,0.425446,0.42834,0.415708,0.416437,422221084
3905,2014-08-01,0.416437,0.423258,0.414991,0.4209,231009206
3906,2014-08-04,0.420461,0.423997,0.417907,0.420063,253971076
3907,2014-08-05,0.418834,0.426446,0.415209,0.420261,313434412
3908,2014-08-06,0.417407,0.424947,0.414293,0.419804,234764222
3909,2014-08-07,0.423258,0.427143,0.412625,0.415468,428394174
3910,2014-08-08,0.433652,0.454584,0.433652,0.452184,939894620
3911,2014-08-11,0.452654,0.454584,0.448562,0.449759,362061500
3912,2014-08-12,0.449509,0.452184,0.444805,0.449759,311137780
3913,2014-08-13,0.450487,0.456249,0.447572,0.452424,269579567
3914,2014-08-14,0.454084,0.454084,0.445504,0.447342,268945372
3915,2014-08-15,0.448812,0.455651,0.444555,0.453124,388507903
3916,2014-08-18,0.455052,0.459763,0.450487,0.459283,298468329
3917,2014-08-19,0.459413,0.465327,0.457787,0.462957,259674215
3918,2014-08-20,0.461261,0.463427,0.459063,0.460083,231652335
3919,2014-08-21,0.458934,0.461261,0.455152,0.455881,285337631
3920,2014-08-22,0.455402,0.459883,0.452524,0.456099,262773794
3921,2014-08-25,0.458007,0.461011,0.455881,0.456818,160430064
3922,2014-08-26,0.458007,0.465825,0.456349,0.464877,282034979
3923,2014-08-27,0.461979,0.465456,0.458934,0.459633,191386017
3924,2014-08-28,0.458686,0.464377,0.457287,0.463427,187967302
3925,2014-08-29,0.465097,0.465825,0.460083,0.464877,217490440
3926,2014-09-02,0.466055,0.466055,0.461601,0.465925,201492118
3927,2014-09-03,0.466055,0.472035,0.465327,0.470418,271386279
3928,2014-09-04,0.469619,0.481541,0.469369,0.478757,514445244
3929,2014-09-05,0.478308,0.480402,0.474142,0.477339,265462121
3930,2014-09-08,0.476829,0.477809,0.471047,0.472984,333969686
3931,2014-09-09,0.470787,0.473882,0.466525,0.467024,207720830
3932,2014-09-10,0.469619,0.470318,0.464177,0.468651,180302920
3933,2014-09-11,0.467024,0.467024,0.458934,0.463927,262246639
3934,2014-09-12,0.462698,0.466774,0.456349,0.457078,274606849
3935,2014-09-15,0.458486,0.459183,0.448891,0.450807,307680618
3936,2014-09-16,0.449589,0.459883,0.448142,0.457537,230046982
3937,2014-09-17,0.456349,0.461979,0.454184,0.457787,181564931
3938,2014-09-18,0.460083,0.465097,0.459183,0.464627,229701548
3939,2014-09-19,0.466055,0.466525,0.455402,0.456099,628963597
3940,2014-09-22,0.465327,0.465327,0.451027,0.451525,231646236
3941,2014-09-23,0.44911,0.454684,0.447402,0.449589,205162267
3942,2014-09-24,0.449359,0.453724,0.448891,0.452284,166936300
3943,2014-09-25,0.451785,0.453004,0.441412,0.44241,312161195
3944,2014-09-26,0.442908,0.446723,0.441911,0.443278,252277161
3945,2014-09-29,0.439752,0.445774,0.435451,0.44241,218131515
3946,2014-09-30,0.440682,0.444147,0.4357,0.440932,289950135
3947,2014-10-01,0.440932,0.444845,0.435451,0.43667,367113709
3948,2014-10-02,0.43595,0.438147,0.424667,0.434752,302281542
3949,2014-10-03,0.437398,0.443407,0.4357,0.4357,250133787
3950,2014-10-06,0.437398,0.440932,0.430238,0.433172,208181917
3951,2014-10-07,0.431207,0.435332,0.427961,0.42841,315777805
3952,2014-10-08,0.428081,0.438615,0.424667,0.43643,272133152
3953,2014-10-09,0.434502,0.434872,0.424457,0.428081,321068139
3954,2014-10-10,0.424667,0.426166,0.4025,0.4025,723164292
3955,2014-10-13,0.405394,0.413484,0.400821,0.401191,415910961
3956,2014-10-14,0.406833,0.42178,0.404385,0.410458,393935251
3957,2014-10-15,0.404635,0.419034,0.40202,0.416857,423023480
3958,2014-10-16,0.409408,0.42178,0.40849,0.417087,367261099
3959,2014-10-17,0.422029,0.426863,0.414673,0.416367,304108184
3960,2014-10-20,0.416367,0.423698,0.413484,0.420003,209547022
3961,2014-10-21,0.422978,0.438395,0.42178,0.437897,367262221
3962,2014-10-22,0.437168,0.438615,0.427582,0.427582,250529056
3963,2014-10-23,0.434972,0.440202,0.431956,0.437048,224335691
3964,2014-10-24,0.439752,0.444346,0.437048,0.441652,219816286
3965,2014-10-27,0.441412,0.443647,0.43667,0.441911,151783068
3966,2014-10-28,0.440682,0.453104,0.440202,0.452524,201432309
3967,2014-10-29,0.450557,0.453224,0.445544,0.449459,176079907
3968,2014-10-30,0.448402,0.450307,0.440932,0.446723,178085926
3969,2014-10-31,0.457078,0.467253,0.454684,0.467024,268116086
3970,2014-11-03,0.477809,0.479404,0.472484,0.47488,322989382
3971,2014-11-04,0.472035,0.482789,0.470069,0.481051,376756159
3972,2014-11-05,0.484018,0.484018,0.477559,0.481051,351082569
3973,2014-11-06,0.482041,0.484018,0.474641,0.483289,412153341
3974,2014-11-07,0.488781,0.494502,0.468152,0.472984,471512172
3975,2014-11-10,0.472984,0.481541,0.471287,0.478557,306875548
3976,2014-11-11,0.47561,0.478308,0.468392,0.472744,222783418
3977,2014-11-12,0.471047,0.472265,0.463177,0.469619,213976343
3978,2014-11-13,0.471287,0.472015,0.463427,0.467253,235656041
3979,2014-11-14,0.467723,0.472984,0.463177,0.472744,167608562
3980,2014-11-17,0.470787,0.475839,0.467723,0.470667,166029879
3981,2014-11-18,0.471047,0.483289,0.469819,0.482041,217325033
3982,2014-11-19,0.481181,0.483888,0.47523,0.480272,250286615
3983,2014-11-20,0.476939,0.488681,0.47548,0.488181,230154453
3984,2014-11-21,0.492476,0.493224,0.486762,0.490948,207248867
3985,2014-11-24,0.491976,0.49617,0.490099,0.493943,141658489
3986,2014-11-25,0.492725,0.497338,0.491976,0.493723,198148886
3987,2014-11-26,0.491976,0.502561,0.490608,0.501971,228379968
3988,2014-11-28,0.503787,0.506203,0.499235,0.503308,130020425
3989,2014-12-01,0.501142,0.504037,0.493224,0.493943,197960835
3990,2014-12-02,0.494172,0.496849,0.488931,0.494672,256175842
3991,2014-12-03,0.497099,0.507662,0.495671,0.507432,296281660
3992,2014-12-04,0.506703,0.5086,0.499484,0.50281,194389263
3993,2014-12-05,0.50307,0.508361,0.50281,0.505736,172568374
3994,2014-12-08,0.504737,0.510077,0.495171,0.499235,236507470
3995,2014-12-09,0.49617,0.498725,0.488681,0.497567,249401185
3996,2014-12-10,0.49617,0.498016,0.486034,0.486512,213223941
3997,2014-12-11,0.489409,0.492725,0.485306,0.486253,141291052
3998,2014-12-12,0.479772,0.484138,0.470618,0.471117,337612585
3999,2014-12-15,0.476689,0.485306,0.468252,0.469669,265284256
4000,2014-12-16,0.469189,0.476689,0.464227,0.464297,192991319
4001,2014-12-17,0.473782,0.484138,0.458506,0.483388,359963504
4002,2014-12-18,0.489409,0.495171,0.480702,0.485306,235558636
4003,2014-12-19,0.488681,0.491976,0.484138,0.490099,339061063
4004,2014-12-22,0.489649,0.498725,0.487931,0.498725,155167031
4005,2014-12-23,0.502561,0.504987,0.495041,0.495671,113821995
4006,2014-12-24,0.496849,0.497467,0.493224,0.493723,47542511
4007,2014-12-26,0.493723,0.496849,0.492476,0.494172,54832415
4008,2014-12-29,0.492725,0.496849,0.490348,0.493474,86784662
4009,2014-12-30,0.490099,0.492476,0.488181,0.488931,116772853
4010,2014-12-31,0.489649,0.492226,0.479772,0.481181,173231952
4011,2015-01-02,0.483159,0.486762,0.47548,0.483159,118406027
4012,2015-01-05,0.483159,0.484637,0.472814,0.47498,206168066
4013,2015-01-06,0.47568,0.476179,0.460103,0.460533,205985705
4014,2015-01-07,0.463977,0.467992,0.458036,0.459303,335184616
4015,2015-01-08,0.464677,0.479533,0.464427,0.476689,295577911
4016,2015-01-09,0.478408,0.482161,0.471866,0.478657,218254458
4017,2015-01-12,0.479772,0.479902,0.468222,0.472564,198660808
4018,2015-01-13,0.476179,0.485785,0.468591,0.471746,246558449
4019,2015-01-14,0.467523,0.47523,0.465626,0.473782,161715269
4020,2015-01-15,0.477179,0.480032,0.470148,0.470368,196802589
4021,2015-01-16,0.469669,0.479533,0.468222,0.479037,189057267
4022,2015-01-20,0.481661,0.485087,0.474482,0.480502,131511798
4023,2015-01-21,0.477909,0.488431,0.474482,0.487212,147402970
4024,2015-01-22,0.487931,0.496969,0.483159,0.495671,158446118
4025,2015-01-23,0.49617,0.497917,0.491976,0.497338,118284686
4026,2015-01-26,0.494921,0.497338,0.491726,0.494801,138760230
4027,2015-01-27,0.487212,0.487682,0.470148,0.471117,372820103
4028,2015-01-28,0.476939,0.478837,0.463227,0.463477,285701323
4029,2015-01-29,0.463977,0.477439,0.461531,0.474741,245124202
4030,2015-01-30,0.471367,0.476939,0.460103,0.460781,310586268
4031,2015-02-02,0.463727,0.472814,0.454684,0.470867,270395042
4032,2015-02-03,0.474242,0.483159,0.471866,0.482659,191093331
4033,2015-02-04,0.481181,0.489409,0.479772,0.483888,189060251
4034,2015-02-05,0.484387,0.491976,0.483888,0.491726,146286086
4035,2015-02-06,0.491278,0.497099,0.487432,0.489649,219274168
4036,2015-02-09,0.486762,0.490608,0.483638,0.489179,285356238
4037,2015-02-10,0.489649,0.50307,0.487432,0.50281,235606127
4038,2015-02-11,0.504037,0.504037,0.49617,0.499484,333635357
4039,2015-02-12,0.537648,0.540115,0.524908,0.535252,705037548
4040,2015-02-13,0.534112,0.536249,0.525877,0.535512,322975922
4041,2015-02-17,0.535512,0.539865,0.531217,0.537108,211787070
4042,2015-02-18,0.536979,0.537458,0.529997,0.530957,178063753
4043,2015-02-19,0.537648,0.538637,0.529997,0.532185,176470719
4044,2015-02-20,0.531935,0.536509,0.528052,0.536002,164310357
4045,2015-02-23,0.536002,0.536002,0.529251,0.531935,130218381
4046,2015-02-24,0.533982,0.537548,0.529121,0.537548,154943588
4047,2015-02-25,0.535412,0.537798,0.530837,0.533512,128452769
4048,2015-02-26,0.533982,0.537918,0.530587,0.534912,158578535
4049,2015-02-27,0.533512,0.534682,0.529649,0.531556,163408423
4050,2015-03-02,0.530117,0.547442,0.52937,0.544228,312836782
4051,2015-03-03,0.540264,0.54303,0.532814,0.534432,166368734
4052,2015-03-04,0.532554,0.541662,0.530337,0.540494,235359109
4053,2015-03-05,0.540494,0.551737,0.539017,0.550808,335194481
4054,2015-03-06,0.547692,0.550309,0.542591,0.543289,267063137
4055,2015-03-09,0.543539,0.548871,0.542331,0.544716,230739815
4056,2015-03-10,0.547442,0.557717,0.546213,0.554183,547017075
4057,2015-03-11,0.554183,0.561383,0.54981,0.551268,271964661
4058,2015-03-12,0.545713,0.55006,0.535912,0.546213,422259311
4059,2015-03-13,0.543539,0.548412,0.536151,0.546972,372783709
4060,2015-03-16,0.551268,0.556767,0.547692,0.553464,245855161
4061,2015-03-17,0.551737,0.560414,0.548412,0.560184,311209817
4062,2015-03-18,0.560184,0.563061,0.545973,0.551038,429389487
4063,2015-03-19,0.552985,0.561383,0.548871,0.559466,322428106
4064,2015-03-20,0.56406,0.5686,0.558717,0.565505,479446366
4065,2015-03-23,0.548672,0.5558,0.546972,0.547212,442014692
4066,2015-03-24,0.545475,0.549341,0.537348,0.539766,342897270
4067,2015-03-25,0.538797,0.539517,0.505267,0.506983,562937711
4068,2015-03-26,0.4966,0.507462,0.492945,0.505267,323635926
4069,2015-03-27,0.508131,0.517149,0.499984,0.515222,330243132
4070,2015-03-30,0.517615,0.519944,0.510877,0.517368,262763409
4071,2015-03-31,0.512795,0.51639,0.503807,0.504157,370701987
4072,2015-04-01,0.504767,0.507931,0.497567,0.506233,343196226
4073,2015-04-02,0.509877,0.510627,0.50307,0.507462,199421712
4074,2015-04-06,0.505007,0.523778,0.499984,0.522109,535242888
4075,2015-04-07,0.522109,0.532554,0.519245,0.526724,429516867
4076,2015-04-08,0.527233,0.532554,0.522109,0.530587,380196076
4077,2015-04-09,0.526475,0.544476,0.526236,0.542591,393689835
4078,2015-04-10,0.543289,0.548672,0.541412,0.548412,268449453
4079,2015-04-13,0.547212,0.550309,0.540934,0.543289,245618648
4080,2015-04-14,0.541162,0.543289,0.533512,0.538797,228548339
4081,2015-04-15,0.540264,0.549241,0.537548,0.545215,248551129
4082,2015-04-16,0.542091,0.546722,0.538038,0.541891,161116938
4083,2015-04-17,0.531556,0.540264,0.530337,0.534912,304668990
4084,2015-04-20,0.537798,0.540694,0.531337,0.532315,240328955
4085,2015-04-21,0.538797,0.538797,0.528871,0.531556,238417447
4086,2015-04-22,0.534682,0.538298,0.526475,0.537548,215212775
4087,2015-04-23,0.527653,0.540494,0.521611,0.535412,269121755
4088,2015-04-24,0.535152,0.535412,0.524758,0.530837,250012637
4089,2015-04-27,0.532554,0.544228,0.527902,0.534912,257787213
4090,2015-04-28,0.533982,0.539397,0.528871,0.537478,243294715
4091,2015-04-29,0.533732,0.539017,0.531337,0.533512,202488753
4092,2015-04-30,0.530837,0.537548,0.529629,0.534682,227062615
4093,2015-05-01,0.539267,0.54981,0.536879,0.548172,266619085
4094,2015-05-04,0.546972,0.551268,0.54303,0.544716,208261847
4095,2015-05-05,0.542831,0.543539,0.528372,0.530837,303930219
4096,2015-05-06,0.536151,0.538797,0.525507,0.532554,328334448
4097,2015-05-07,0.530337,0.543539,0.528632,0.541891,554353528
4098,2015-05-08,0.506233,0.526236,0.493704,0.501872,1189628061
4099,2015-05-11,0.494901,0.502091,0.491028,0.497069,564589512
4100,2015-05-12,0.493444,0.505984,0.493204,0.501872,403408448
4101,2015-05-13,0.505506,0.509378,0.499984,0.504767,320115189
4102,2015-05-14,0.506233,0.515671,0.505007,0.513055,304058860
4103,2015-05-15,0.515222,0.517615,0.510127,0.513305,223934213
4104,2015-05-18,0.512077,0.515671,0.509628,0.512577,337182113
4105,2015-05-19,0.513255,0.514923,0.508301,0.509309,262138257
4106,2015-05-20,0.509558,0.515621,0.5088,0.509309,203282476
4107,2015-05-21,0.509558,0.511757,0.505167,0.505666,247553953
4108,2015-05-22,0.506633,0.50856,0.503707,0.504907,219585342
4109,2015-05-26,0.502471,0.505885,0.497997,0.501762,268254873
4110,2015-05-27,0.505167,0.530857,0.503467,0.528652,446515890
4111,2015-05-28,0.528652,0.537598,0.527653,0.535952,338410123
4112,2015-05-29,0.535952,0.539337,0.534952,0.535712,346167283
4113,2015-06-01,0.539097,0.547072,0.535712,0.541712,384889991
4114,2015-06-02,0.538338,0.541232,0.530617,0.530987,231660187
4115,2015-06-03,0.532584,0.536679,0.524278,0.525258,259014121
4116,2015-06-04,0.522079,0.536449,0.522079,0.534732,334331365
4117,2015-06-05,0.533053,0.541232,0.527453,0.538837,323602366
4118,2015-06-08,0.537408,0.540764,0.520413,0.526475,354062199
4119,2015-06-09,0.526973,0.533053,0.525977,0.529151,265305257
4120,2015-06-10,0.522838,0.526236,0.516849,0.519684,546816045
4121,2015-06-11,0.519684,0.528901,0.519684,0.525258,292340947
4122,2015-06-12,0.521841,0.525008,0.509797,0.511027,334347869
4123,2015-06-15,0.508301,0.512507,0.504407,0.510057,316604096
4124,2015-06-16,0.50856,0.517089,0.503967,0.51635,265318517
4125,2015-06-17,0.51612,0.525258,0.514923,0.522339,241208356
4126,2015-06-18,0.526724,0.534482,0.525258,0.531117,309225530
4127,2015-06-19,0.531117,0.535452,0.524538,0.5294,367327728
4128,2015-06-22,0.530357,0.533312,0.519215,0.526973,531112062
4129,2015-06-23,0.528152,0.532335,0.509558,0.513754,427653710
4130,2015-06-24,0.512995,0.515621,0.506133,0.50856,261683089
4131,2015-06-25,0.511757,0.515621,0.50856,0.512507,361961361
4132,2015-06-26,0.508301,0.512507,0.499854,0.501991,435117814
4133,2015-06-29,0.49624,0.501272,0.486283,0.487012,404575237
4134,2015-06-30,0.489909,0.492046,0.483359,0.486782,326281919
4135,2015-07-01,0.498855,0.505885,0.489429,0.493773,312861118
4136,2015-07-02,0.493544,0.497437,0.491108,0.494242,150547727
4137,2015-07-06,0.490129,0.496939,0.484367,0.488211,221824439
4138,2015-07-07,0.485306,0.487232,0.463777,0.479007,613753901
4139,2015-07-08,0.476359,0.479225,0.471746,0.47561,343399509
4140,2015-07-09,0.483139,0.485306,0.466924,0.469769,369323262
4141,2015-07-10,0.475859,0.48239,0.474641,0.478078,223819752
4142,2015-07-13,0.482889,0.483858,0.478078,0.481151,219440576
4143,2015-07-14,0.481891,0.48239,0.47514,0.481391,257395880
4144,2015-07-15,0.480232,0.483359,0.473682,0.478078,274413210
4145,2015-07-16,0.480902,0.488711,0.479225,0.488711,292171635
4146,2015-07-17,0.487012,0.487452,0.479474,0.485785,227604082
4147,2015-07-20,0.485785,0.487702,0.47561,0.476859,194591144
4148,2015-07-21,0.475859,0.485785,0.475859,0.479007,154633426
4149,2015-07-22,0.47561,0.47561,0.464027,0.469769,368170494
4150,2015-07-23,0.470747,0.482639,0.469769,0.47561,175488125
4151,2015-07-24,0.479007,0.479474,0.468092,0.469989,195037318
4152,2015-07-27,0.465925,0.472714,0.462059,0.467393,198734739
4153,2015-07-28,0.468571,0.480652,0.463777,0.477579,204815991
4154,2015-07-29,0.476609,0.487232,0.474641,0.483359,240317358
4155,2015-07-30,0.482141,0.489429,0.482141,0.484617,196417025
4156,2015-07-31,0.486532,0.486782,0.479972,0.482889,225534347
4157,2015-08-03,0.486782,0.491546,0.480472,0.491108,410164106
4158,2015-08-04,0.489429,0.494502,0.487452,0.493045,268635900
4159,2015-08-05,0.505167,0.505666,0.496939,0.498126,242323918
4160,2015-08-06,0.496939,0.500554,0.486782,0.495001,674262996
4161,2015-08-07,0.543588,0.565705,0.529649,0.556199,1451360704
4162,2015-08-10,0.552366,0.579734,0.548971,0.575591,684039185
4163,2015-08-11,0.567132,0.578238,0.567132,0.572727,449243024
4164,2015-08-12,0.56348,0.578238,0.56348,0.574193,396684748
4165,2015-08-13,0.574891,0.576091,0.567831,0.56928,285970704
4166,2015-08-14,0.56877,0.573226,0.565455,0.569769,221692191
4167,2015-08-17,0.56877,0.56877,0.559116,0.566155,282863984
4168,2015-08-18,0.564408,0.568251,0.556597,0.561013,295265255
4169,2015-08-19,0.560264,0.566573,0.552735,0.558766,256379255
4170,2015-08-20,0.552486,0.555162,0.536002,0.538667,439104846
4171,2015-08-21,0.534782,0.543688,0.521342,0.521841,393574663
4172,2015-08-24,0.492176,0.530637,0.486134,0.503388,701697451
4173,2015-08-25,0.524278,0.527473,0.492925,0.492925,640438178
4174,2015-08-26,0.508999,0.530637,0.505087,0.530137,632510453
4175,2015-08-27,0.535752,0.550309,0.532634,0.55006,476982894
4176,2015-08-28,0.55006,0.55586,0.546173,0.552486,330094851
4177,2015-08-31,0.54981,0.553704,0.544188,0.546412,225606214
4178,2015-09-01,0.530637,0.539666,0.520164,0.524038,363484441
4179,2015-09-02,0.538417,0.540165,0.52943,0.539915,353849362
4180,2015-09-03,0.547872,0.550568,0.540394,0.541312,270042006
4181,2015-09-04,0.532135,0.540594,0.528432,0.528672,296219828
4182,2015-09-08,0.541562,0.553464,0.539417,0.551268,245246774
4183,2015-09-09,0.552985,0.557547,0.539167,0.540394,297643159
4184,2015-09-10,0.537228,0.55563,0.534652,0.548841,367256973
4185,2015-09-11,0.542731,0.554183,0.540594,0.550568,310182977
4186,2015-09-14,0.553204,0.554903,0.548612,0.551518,197951662
4187,2015-09-15,0.551737,0.560513,0.55006,0.557547,337327319
4188,2015-09-16,0.556597,0.564656,0.552486,0.561483,178451050
4189,2015-09-17,0.571228,0.576319,0.565405,0.566573,276372390
4190,2015-09-18,0.558766,0.570968,0.55538,0.566105,335714616
4191,2015-09-21,0.566833,0.573197,0.56391,0.571968,289900501
4192,2015-09-22,0.559516,0.56341,0.553204,0.556359,234866955
4193,2015-09-23,0.556817,0.562442,0.554663,0.559016,166242546
4194,2015-09-24,0.55563,0.575561,0.546912,0.569729,393329087
4195,2015-09-25,0.576788,0.585048,0.568251,0.573924,380228714
4196,2015-09-28,0.573924,0.577258,0.562662,0.566334,406861354
4197,2015-09-29,0.572447,0.577258,0.564408,0.576319,391587562
4198,2015-09-30,0.581612,0.599936,0.578238,0.599187,572243729
4199,2015-10-01,0.599187,0.600864,0.570468,0.587524,503246955
4200,2015-10-02,0.584299,0.60283,0.578238,0.60283,397153857
4201,2015-10-05,0.606776,0.625377,0.603557,0.617887,495766337
4202,2015-10-06,0.611388,0.628541,0.608921,0.625877,467376639
4203,2015-10-07,0.627342,0.638746,0.617157,0.632456,318995049
4204,2015-10-08,0.629771,0.637798,0.619136,0.636051,473185595
4205,2015-10-09,0.632704,0.638746,0.621702,0.633624,435315839
4206,2015-10-12,0.634353,0.644139,0.629771,0.640473,234078160
4207,2015-10-13,0.635302,0.645587,0.633154,0.641693,306949258
4208,2015-10-14,0.642392,0.675261,0.641693,0.664997,629642970
4209,2015-10-15,0.666225,0.680425,0.659437,0.666665,541042821
4210,2015-10-16,0.668862,0.683581,0.667165,0.677209,461176679
4211,2015-10-19,0.679426,0.682502,0.668143,0.67599,303114163
4212,2015-10-20,0.673087,0.678186,0.667923,0.675011,272375333
4213,2015-10-21,0.679186,0.683321,0.664997,0.666225,397705089
4214,2015-10-22,0.674072,0.692485,0.673087,0.69034,315629854
4215,2015-10-23,0.696372,0.699546,0.685996,0.694893,392657336
4216,2015-10-26,0.695393,0.697091,0.685546,0.691737,254490931
4217,2015-10-27,0.688372,0.695622,0.687874,0.691288,214202039
4218,2015-10-28,0.695622,0.696852,0.685546,0.696852,223220088
4219,2015-10-29,0.685776,0.692735,0.671588,0.672837,336492205
4220,2015-10-30,0.680185,0.694423,0.675011,0.68959,309742691
4221,2015-11-02,0.691737,0.698317,0.687644,0.697568,195507830
4222,2015-11-03,0.693474,0.697319,0.685049,0.692735,387511728
4223,2015-11-04,0.690809,0.695872,0.678186,0.681423,454870731
4224,2015-11-05,0.684799,0.686696,0.671588,0.673585,492447571
4225,2015-11-06,0.740155,0.776373,0.724857,0.766897,1205692110
4226,2015-11-09,0.759346,0.765667,0.752777,0.76348,506613232
4227,2015-11-10,0.753537,0.75767,0.732837,0.74888,568002178
4228,2015-11-11,0.74938,0.754755,0.738896,0.741573,637805194
4229,2015-11-12,0.739895,0.746716,0.735761,0.738896,299379347
4230,2015-11-13,0.739655,0.742752,0.720694,0.72436,301292488
4231,2015-11-16,0.733805,0.739395,0.728054,0.738896,354096310
4232,2015-11-17,0.740854,0.745217,0.735761,0.738896,264376994
4233,2015-11-18,0.741953,0.758129,0.733905,0.75713,358834791
4234,2015-11-19,0.759795,0.766867,0.753706,0.759296,260327649
4235,2015-11-20,0.764938,0.770311,0.760295,0.765897,245642764
4236,2015-11-23,0.772208,0.772208,0.751738,0.754435,248520022
4237,2015-11-24,0.754435,0.767117,0.751039,0.760545,173283189
4238,2015-11-25,0.759066,0.768092,0.75687,0.759546,141701023
4239,2015-11-27,0.761044,0.768331,0.75713,0.765897,89150288
4240,2015-11-30,0.766617,0.77737,0.765897,0.773925,335297154
4241,2015-12-01,0.780784,0.799796,0.780084,0.799046,419579738
4242,2015-12-02,0.800276,0.808573,0.791339,0.792936,301476612
4243,2015-12-03,0.799296,0.807604,0.787394,0.791339,252723056
4244,2015-12-04,0.791339,0.824968,0.791339,0.823471,470051335
4245,2015-12-07,0.823241,0.823241,0.805439,0.807844,341797241
4246,2015-12-08,0.797849,0.822241,0.792706,0.818809,322232414
4247,2015-12-09,0.81856,0.823471,0.789852,0.798069,381847767
4248,2015-12-10,0.800526,0.809043,0.797849,0.80469,242421364
4249,2015-12-11,0.796602,0.802222,0.791079,0.792706,232916969
4250,2015-12-14,0.793436,0.799046,0.785179,0.794655,283119275
4251,2015-12-15,0.80369,0.810021,0.799296,0.80444,314858084
4252,2015-12-16,0.806147,0.811998,0.799046,0.809302,242171381
4253,2015-12-17,0.810519,0.818809,0.796602,0.797101,260417723
4254,2015-12-18,0.791557,0.799546,0.78318,0.78418,405643529
4255,2015-12-21,0.792706,0.80344,0.785657,0.802721,291209762
4256,2015-12-22,0.805189,0.811499,0.798568,0.80344,133207595
4257,2015-12-23,0.80469,0.809801,0.803191,0.806655,125540669
4258,2015-12-24,0.80419,0.811239,0.802961,0.809302,53740588
4259,2015-12-28,0.800765,0.808573,0.789622,0.808573,145525062
4260,2015-12-29,0.809043,0.82421,0.806904,0.821744,208674942
4261,2015-12-30,0.820994,0.828134,0.814435,0.814695,163093734
4262,2015-12-31,0.813466,0.817091,0.80419,0.80419,138162850
4263,2016-01-04,0.787894,0.794874,0.781733,0.789852,334396382
4264,2016-01-05,0.80469,0.815942,0.792936,0.802462,409964669
4265,2016-01-06,0.789392,0.792936,0.760295,0.769331,402251715
4266,2016-01-07,0.75004,0.755254,0.729103,0.738777,586979770
4267,2016-01-08,0.748343,0.74906,0.721362,0.72296,378002116
4268,2016-01-11,0.72369,0.729322,0.711237,0.72419,419483895
4269,2016-01-12,0.737079,0.747116,0.731249,0.73636,449925952
4270,2016-01-13,0.741953,0.746866,0.713235,0.713934,464089740
4271,2016-01-14,0.699267,0.707605,0.678826,0.699516,559394681
4272,2016-01-15,0.671458,0.679586,0.64998,0.661433,798563047
4273,2016-01-19,0.675131,0.694124,0.664127,0.666765,468395517
4274,2016-01-20,0.654213,0.679086,0.645367,0.670461,451220501
4275,2016-01-21,0.677827,0.688792,0.663868,0.678326,379668439
4276,2016-01-22,0.691238,0.698787,0.68977,0.694124,227333609
4277,2016-01-25,0.693894,0.701841,0.691807,0.693424,250308688
4278,2016-01-26,0.694873,0.703161,0.687674,0.700264,196272018
4279,2016-01-27,0.699267,0.701342,0.678706,0.691937,207306162
4280,2016-01-28,0.697549,0.700016,0.67096,0.684479,261016766
4281,2016-01-29,0.69027,0.715931,0.687574,0.714653,290991607
4282,2016-02-01,0.713934,0.718508,0.707824,0.714913,271077810
4283,2016-02-02,0.707605,0.711237,0.679825,0.684719,317314815
4284,2016-02-03,0.69001,0.694124,0.672217,0.688043,272900476
4285,2016-02-04,0.689012,0.703909,0.681582,0.688292,310796872
4286,2016-02-05,0.683721,0.691238,0.64289,0.644868,552101882
4287,2016-02-08,0.635082,0.638248,0.606376,0.61539,562575631
4288,2016-02-09,0.608072,0.647784,0.605126,0.621882,385907167
4289,2016-02-10,0.625807,0.643889,0.617057,0.620514,323910975
4290,2016-02-11,0.604626,0.62361,0.604626,0.617287,299427448
4291,2016-02-12,0.627043,0.628971,0.603876,0.627802,307993344
4292,2016-02-16,0.636781,0.659507,0.634832,0.658508,415661128
4293,2016-02-17,0.666765,0.681323,0.664127,0.674901,682089439
4294,2016-02-18,0.730281,0.755803,0.729552,0.732907,1018990264
4295,2016-02-19,0.729103,0.74931,0.72343,0.742672,463637035
4296,2016-02-22,0.753457,0.777608,0.751977,0.769091,416075165
4297,2016-02-23,0.762951,0.778367,0.759296,0.77101,353748632
4298,2016-02-24,0.767833,0.777568,0.746616,0.776393,320941901
4299,2016-02-25,0.779365,0.781982,0.764209,0.778108,332377813
4300,2016-02-26,0.781733,0.7836,0.765168,0.772957,337790289
4301,2016-02-29,0.774055,0.7841,0.767467,0.767932,267058530
4302,2016-03-01,0.769931,0.801942,0.768691,0.801942,310158921
4303,2016-03-02,0.797569,0.809552,0.796072,0.806655,221523059
4304,2016-03-03,0.805647,0.809043,0.788823,0.799526,207787570
4305,2016-03-04,0.805647,0.806407,0.791039,0.797071,164096288
4306,2016-03-07,0.792656,0.798049,0.781534,0.791936,184693173
4307,2016-03-08,0.78386,0.788573,0.774915,0.777509,223214470
4308,2016-03-09,0.78436,0.785458,0.766967,0.777012,212620773
4309,2016-03-10,0.781634,0.786077,0.760125,0.775793,292065347
4310,2016-03-11,0.787324,0.789322,0.778008,0.789072,261150615
4311,2016-03-14,0.785359,0.794136,0.781634,0.791039,194292679
4312,2016-03-15,0.786826,0.791936,0.773057,0.787075,230945211
4313,2016-03-16,0.781164,0.813236,0.777509,0.810539,371243664
4314,2016-03-17,0.807604,0.811519,0.792756,0.80369,361070964
4315,2016-03-18,0.813236,0.838667,0.808104,0.827984,556914494
4316,2016-03-21,0.820605,0.830661,0.811769,0.830431,344841948
4317,2016-03-22,0.827734,0.834654,0.81861,0.828963,247069120
4318,2016-03-23,0.832559,0.849261,0.828963,0.843142,437974021
4319,2016-03-24,0.835522,0.845877,0.832798,0.844381,250074218
4320,2016-03-28,0.842883,0.856542,0.841914,0.852977,234044961
4321,2016-03-29,0.849261,0.868594,0.847335,0.866617,248362197
4322,2016-03-30,0.869812,0.887675,0.869342,0.875704,358716014
4323,2016-03-31,0.879648,0.881584,0.865618,0.872537,370402300
4324,2016-04-01,0.867096,0.885737,0.860486,0.885238,290424562
4325,2016-04-04,0.892627,0.89723,0.873286,0.876712,348996390
4326,2016-04-05,0.868844,0.883531,0.865378,0.875464,305779064
4327,2016-04-06,0.8644,0.877201,0.848034,0.876712,433713651
4328,2016-04-07,0.871059,0.87895,0.8639,0.867595,351015579
4329,2016-04-08,0.874734,0.880337,0.864519,0.873286,242583205
4330,2016-04-11,0.87845,0.893116,0.875704,0.87869,372106911
4331,2016-04-12,0.881584,0.882811,0.860486,0.877691,267839644
4332,2016-04-13,0.881584,0.899978,0.881584,0.899728,341422112
4333,2016-04-14,0.89723,0.905997,0.893585,0.902146,376793275
4334,2016-04-15,0.901906,0.917321,0.899029,0.909182,414792954
4335,2016-04-18,0.907494,0.907494,0.89651,0.905239,281773810
4336,2016-04-19,0.908703,0.91042,0.883531,0.889184,289553423
4337,2016-04-20,0.887675,0.897979,0.886705,0.892627,189828846
4338,2016-04-21,0.892856,0.89698,0.887675,0.891651,157355332
4339,2016-04-22,0.894554,0.900726,0.885108,0.888175,204448744
4340,2016-04-25,0.888435,0.897479,0.885985,0.892627,176313976
4341,2016-04-26,0.897979,0.908213,0.889403,0.893356,202856701
4342,2016-04-27,0.891152,0.914097,0.889473,0.913597,341457384
4343,2016-04-28,0.907964,0.913347,0.884239,0.886455,372209974
4344,2016-04-29,0.882811,0.884738,0.860486,0.870071,300413688
4345,2016-05-02,0.87845,0.886955,0.874284,0.881584,230111479
4346,2016-05-03,0.871569,0.875204,0.863451,0.871059,185506875
4347,2016-05-04,0.860486,0.861186,0.842383,0.851229,438661365
4348,2016-05-05,0.85828,0.866377,0.85001,0.856043,217680763
4349,2016-05-06,0.854955,0.867475,0.853227,0.865119,175242549
4350,2016-05-09,0.867346,0.871059,0.856792,0.8639,298045549
4351,2016-05-10,0.869342,0.882064,0.860926,0.880587,252814462
4352,2016-05-11,0.883281,0.892856,0.87845,0.883061,254664659
4353,2016-05-12,0.889403,0.893356,0.855394,0.871059,591401650
4354,2016-05-13,0.959669,1.004,0.954975,1.0036,2101226822
4355,2016-05-16,0.995913,1.04813,0.992718,1.03315,981848062
4356,2016-05-17,1.02847,1.04283,1.01539,1.03533,545838749
4357,2016-05-18,1.02847,1.07381,1.02847,1.06182,546171514
4358,2016-05-19,1.05773,1.07411,1.05613,1.06641,401670128
4359,2016-05-20,1.07311,1.08997,1.07141,1.08569,363614565
4360,2016-05-23,1.09017,1.09436,1.08069,1.08739,347776171
4361,2016-05-24,1.09057,1.11712,1.08769,1.11362,371387288
4362,2016-05-25,1.11712,1.12172,1.10016,1.10896,454046723
4363,2016-05-26,1.11093,1.12881,1.10776,1.12072,294555518
4364,2016-05-27,1.12192,1.12861,1.11832,1.12691,188350133
4365,2016-05-31,1.13181,1.1494,1.13111,1.14701,317535304
4366,2016-06-01,1.14171,1.16035,1.13821,1.1493,293714004
4367,2016-06-02,1.15538,1.16725,1.14411,1.15737,292624250
4368,2016-06-03,1.14601,1.1475,1.12102,1.14091,423464157
4369,2016-06-06,1.14411,1.15298,1.12931,1.13531,304515871
4370,2016-06-07,1.14211,1.1485,1.13701,1.13751,178091054
4371,2016-06-08,1.13771,1.14191,1.12442,1.13381,222496180
4372,2016-06-09,1.12981,1.16495,1.12741,1.16325,463518889
4373,2016-06-10,1.1495,1.15986,1.13281,1.13431,372729468
4374,2016-06-13,1.13551,1.17105,1.13551,1.1487,414620417
4375,2016-06-14,1.14601,1.15638,1.13321,1.151,269937670
4376,2016-06-15,1.16055,1.17284,1.1503,1.16285,275699507
4377,2016-06-16,1.15418,1.16935,1.14291,1.16745,202301244
4378,2016-06-17,1.16885,1.16915,1.14241,1.14701,397004204
4379,2016-06-20,1.16545,1.18264,1.16475,1.16765,265363143
4380,2016-06-21,1.17264,1.17584,1.15886,1.16055,192881005
4381,2016-06-22,1.16305,1.17065,1.15766,1.15966,167336897
4382,2016-06-23,1.17065,1.19183,1.16985,1.19064,270094094
4383,2016-06-24,1.14171,1.16285,1.11213,1.12252,588469580
4384,2016-06-27,1.11342,1.12192,1.09426,1.11073,414275063
4385,2016-06-28,1.13181,1.13311,1.11143,1.12671,341284727
4386,2016-06-29,1.13671,1.15418,1.13381,1.14451,295030476
4387,2016-06-30,1.14731,1.16125,1.13801,1.15418,366994892
4388,2016-07-01,1.1477,1.16285,1.14171,1.14551,204378640
4389,2016-07-05,1.13921,1.16445,1.13011,1.16255,349763953
4390,2016-07-06,1.15448,1.17664,1.1485,1.17015,237025793
4391,2016-07-07,1.17774,1.20461,1.17234,1.20041,365304263
4392,2016-07-08,1.21318,1.25433,1.20848,1.24844,446547127
4393,2016-07-11,1.26631,1.28658,1.26482,1.27719,383954527
4394,2016-07-12,1.29148,1.30814,1.27519,1.29637,410133430
4395,2016-07-13,1.29887,1.30615,1.29398,1.29587,320673601
4396,2016-07-14,1.30266,1.32093,1.29198,1.30903,299726504
4397,2016-07-15,1.29238,1.29966,1.2728,1.29398,402838319
4398,2016-07-18,1.30983,1.31183,1.29557,1.30056,253463439
4399,2016-07-19,1.29976,1.31913,1.29737,1.31403,254929254
4400,2016-07-20,1.31843,1.33821,1.31303,1.33131,271945733
4401,2016-07-21,1.32831,1.33251,1.30216,1.30665,336779914
4402,2016-07-22,1.31133,1.34221,1.30166,1.34221,278908059
4403,2016-07-25,1.35038,1.37037,1.3445,1.36717,295632873
4404,2016-07-26,1.37916,1.3975,1.37717,1.39043,407235101
4405,2016-07-27,1.40238,1.40488,1.36817,1.37647,436178615
4406,2016-07-28,1.37966,1.38973,1.37527,1.37946,194141413
4407,2016-07-29,1.38455,1.40568,1.35978,1.40198,367533184
4408,2016-08-01,1.40788,1.41298,1.38385,1.39293,290186116
4409,2016-08-02,1.3995,1.4002,1.36267,1.37597,259440677
4410,2016-08-03,1.37427,1.38236,1.36667,1.37966,265261081
4411,2016-08-04,1.38624,1.41158,1.38355,1.40518,266021875
4412,2016-08-05,1.42128,1.42965,1.41448,1.42885,315536685
4413,2016-08-08,1.44853,1.45203,1.42686,1.44213,263592224
4414,2016-08-09,1.44923,1.45983,1.44213,1.44583,351094146
4415,2016-08-10,1.45863,1.46083,1.43195,1.43655,332735106
4416,2016-08-11,1.44413,1.4719,1.44124,1.4657,544577269
4417,2016-08-12,1.51974,1.55598,1.48849,1.54768,1412662012
4418,2016-08-15,1.54938,1.55888,1.52532,1.54618,534354143
4419,2016-08-16,1.54388,1.54638,1.53221,1.53679,271559578
4420,2016-08-17,1.53679,1.54029,1.48909,1.50136,543817006
4421,2016-08-18,1.49907,1.52702,1.49319,1.52452,276478869
4422,2016-08-19,1.52392,1.53999,1.51724,1.52852,281557127
4423,2016-08-22,1.53311,1.53709,1.51505,1.53491,226651112
4424,2016-08-23,1.55048,1.55738,1.54288,1.54728,297019981
4425,2016-08-24,1.55278,1.55348,1.51635,1.52353,260271215
4426,2016-08-25,1.52402,1.52462,1.49449,1.51345,332965850
4427,2016-08-26,1.51734,1.53431,1.50525,1.52562,294469450
4428,2016-08-29,1.53181,1.53789,1.52213,1.52462,275452970
4429,2016-08-30,1.52273,1.53091,1.51175,1.51585,238979044
4430,2016-08-31,1.51884,1.52303,1.50425,1.50875,363306896
4431,2016-09-01,1.50995,1.55888,1.50875,1.55328,394416538
4432,2016-09-02,1.55638,1.55808,1.52054,1.53789,297308691
4433,2016-09-06,1.54328,1.55248,1.5354,1.55248,260426556
4434,2016-09-07,1.54758,1.55508,1.52084,1.52981,261691481
4435,2016-09-08,1.52812,1.54308,1.51075,1.54069,267894045
4436,2016-09-09,1.52373,1.53231,1.45123,1.46401,683460442
4437,2016-09-12,1.44463,1.49707,1.40978,1.49449,512761264
4438,2016-09-13,1.49049,1.50775,1.46431,1.473,372071708
4439,2016-09-14,1.476,1.49049,1.46381,1.4856,267614959
4440,2016-09-15,1.4881,1.54358,1.4846,1.54189,512970175
4441,2016-09-16,1.54728,1.55568,1.52792,1.54558,847120581
4442,2016-09-19,1.56177,1.6051,1.55468,1.56596,376918301
4443,2016-09-20,1.58393,1.58393,1.54308,1.55178,311956610
4444,2016-09-21,1.55638,1.5983,1.55618,1.59532,311737133
4445,2016-09-22,1.6046,1.6096,1.59013,1.5993,275354793
4446,2016-09-23,1.6012,1.6058,1.59033,1.59751,259360087
4447,2016-09-26,1.57925,1.58883,1.56247,1.58244,191718823
4448,2016-09-27,1.57626,1.63915,1.57556,1.63666,369056835
4449,2016-09-28,1.63915,1.64384,1.62158,1.64255,287059887
4450,2016-09-29,1.63985,1.66292,1.62458,1.65773,315408935
4451,2016-09-30,1.66691,1.70184,1.65703,1.68548,346978853
4452,2016-10-03,1.68548,1.70964,1.68068,1.68368,210856924
4453,2016-10-04,1.68618,1.71444,1.66741,1.67988,253980370
4454,2016-10-05,1.69427,1.71144,1.673,1.67818,283279003
4455,2016-10-06,1.65803,1.66841,1.62968,1.65623,358465591
4456,2016-10-07,1.66741,1.6718,1.63955,1.64434,267186410
4457,2016-10-10,1.65283,1.66172,1.63496,1.65013,255607004
4458,2016-10-11,1.64504,1.64744,1.614,1.62648,301055334
4459,2016-10-12,1.61989,1.64255,1.6063,1.63386,248045776
4460,2016-10-13,1.6147,1.61849,1.56666,1.6074,353077241
4461,2016-10-14,1.62698,1.63815,1.6135,1.62308,242717615
4462,2016-10-17,1.62288,1.63815,1.6115,1.6138,179267277
4463,2016-10-18,1.63616,1.64774,1.62948,1.63835,209127857
4464,2016-10-19,1.62718,1.64255,1.61899,1.63496,171322897
4465,2016-10-20,1.65403,1.6713,1.63066,1.66591,290723407
4466,2016-10-21,1.66002,1.66421,1.64554,1.66122,160806445
4467,2016-10-24,1.6725,1.7412,1.6723,1.7392,335179529
4468,2016-10-25,1.73631,1.77834,1.72793,1.76796,388890212
4469,2016-10-26,1.753,1.79443,1.7513,1.77495,325438943
4470,2016-10-27,1.78853,1.79193,1.73123,1.7385,321906178
4471,2016-10-28,1.7469,1.77345,1.73232,1.73562,282587662
4472,2016-10-31,1.7412,1.76189,1.7402,1.7503,256524171
4473,2016-11-01,1.7568,1.76646,1.67968,1.69845,480978840
4474,2016-11-02,1.71144,1.73462,1.68828,1.69127,300696720
4475,2016-11-03,1.69905,1.70054,1.63915,1.6715,314737575
4476,2016-11-04,1.66052,1.69057,1.63746,1.66192,334166599
4477,2016-11-07,1.71064,1.76418,1.70944,1.753,454798293
4478,2016-11-08,1.75979,1.76547,1.73402,1.7503,427769964
4479,2016-11-09,1.70284,1.744,1.69037,1.72084,457811003
4480,2016-11-10,1.7585,1.7588,1.64205,1.66691,691075621
4481,2016-11-11,1.9559,2.18334,1.93102,2.16367,2198524482
4482,2016-11-14,2.16667,2.16915,2.05672,2.05712,1370896490
4483,2016-11-15,2.07311,2.15088,2.06422,2.11994,636348753
4484,2016-11-16,2.14819,2.27659,2.12363,2.25382,994231356
4485,2016-11-17,2.27049,2.33162,2.22969,2.27249,838898187
4486,2016-11-18,2.27249,2.32025,2.25802,2.29636,580305574
4487,2016-11-21,2.31435,2.32075,2.27279,2.28707,424352611
4488,2016-11-22,2.29496,2.30575,2.27229,2.30345,312012974
4489,2016-11-23,2.30875,2.3464,2.28527,2.31495,432850495
4490,2016-11-25,2.32593,2.3427,2.30096,2.31955,187280879
4491,2016-11-28,2.31235,2.33382,2.30575,2.31835,239073835
4492,2016-11-29,2.31565,2.32643,2.27929,2.29706,418399269
4493,2016-11-30,2.30575,2.31955,2.26881,2.27119,417867236
4494,2016-12-01,2.26881,2.27049,2.0881,2.15878,1030535790
4495,2016-12-02,2.12453,2.18744,2.09678,2.17874,479673614
4496,2016-12-05,2.2167,2.28128,2.19234,2.26332,599554840
4497,2016-12-06,2.27149,2.30895,2.25572,2.30056,489312900
4498,2016-12-07,2.28697,2.3477,2.26881,2.342,461177039
4499,2016-12-08,2.3449,2.38015,2.29226,2.30246,373858100
4500,2016-12-09,2.32055,2.32225,2.23449,2.26182,383642742
4501,2016-12-12,2.2133,2.2157,2.15628,2.2069,596853565
4502,2016-12-13,2.21919,2.27349,2.21819,2.24585,382229366
4503,2016-12-14,2.27958,2.39223,2.25572,2.37595,968331779
4504,2016-12-15,2.38703,2.46163,2.37965,2.43189,739067983
4505,2016-12-16,2.45923,2.48079,2.40729,2.47361,998513878
4506,2016-12-19,2.45593,2.52403,2.43877,2.50376,737892381
4507,2016-12-20,2.57634,2.61431,2.56486,2.59084,843930266
4508,2016-12-21,2.60233,2.60981,2.5546,2.60682,573319142
4509,2016-12-22,2.63147,2.68158,2.62428,2.63836,724500053
4510,2016-12-23,2.62049,2.70557,2.61781,2.70307,624914463
4511,2016-12-27,2.76047,2.89138,2.73952,2.89038,1198761432
4512,2016-12-28,2.94631,2.95429,2.67709,2.69107,2291816182
4513,2016-12-29,2.58434,2.7462,2.53202,2.7448,2184423127
4514,2016-12-30,2.7428,2.75697,2.61849,2.62948,1230961268
4515,2017-01-03,2.57186,2.62029,2.44814,2.51305,1490041739
4516,2017-01-04,2.547,2.59913,2.50136,2.57156,1203497510
4517,2017-01-05,2.57514,2.60652,2.48958,2.50635,979410890
4518,2017-01-06,2.53332,2.56816,2.49308,2.53951,721229128
4519,2017-01-09,2.5494,2.66034,2.5494,2.64235,919726504
4520,2017-01-10,2.65565,2.68957,2.60233,2.62278,780025180
4521,2017-01-11,2.61111,2.61611,2.56556,2.59054,523254512
4522,2017-01-12,2.56756,2.57934,2.50356,2.5479,631415411
4523,2017-01-13,2.5519,2.58684,2.53851,2.5476,458732416
4524,2017-01-17,2.53702,2.542,2.47771,2.49108,555984028
4525,2017-01-18,2.46922,2.5427,2.44146,2.53572,550737940
4526,2017-01-19,2.53871,2.62248,2.53652,2.59054,631082195
4527,2017-01-20,2.61311,2.63107,2.54,2.56216,486924200
4528,2017-01-23,2.5569,2.60851,2.5544,2.58884,364398393
4529,2017-01-24,2.59913,2.64995,2.58434,2.64365,425813859
4530,2017-01-25,2.68607,2.69227,2.61929,2.65515,522487188
4531,2017-01-26,2.65794,2.70806,2.62848,2.70087,459376706
4532,2017-01-27,2.70756,2.75617,2.68108,2.75318,452048045
4533,2017-01-30,2.73203,2.73423,2.65814,2.70986,492263717
4534,2017-01-31,2.68358,2.71056,2.66533,2.68927,356105424
4535,2017-02-01,2.72354,2.8117,2.70607,2.80741,584684549
4536,2017-02-02,2.79114,2.85155,2.76047,2.84297,484353649
4537,2017-02-03,2.84457,2.85544,2.80612,2.8181,378286380
4538,2017-02-06,2.80871,2.89058,2.80871,2.89038,489361692
4539,2017-02-07,2.92453,2.97865,2.90477,2.93503,750363306
4540,2017-02-08,2.91703,2.93953,2.86741,2.92233,449092811
4541,2017-02-09,2.92853,2.93333,2.84827,2.86741,680524868
4542,2017-02-10,2.95429,2.97327,2.77375,2.79912,1662367352
4543,2017-02-13,2.79343,2.80811,2.66533,2.66932,1171844388
4544,2017-02-14,2.66014,2.71306,2.6183,2.67928,854343585
4545,2017-02-15,2.68228,2.70457,2.65435,2.68488,374559435
4546,2017-02-16,2.69457,2.69507,2.60253,2.64135,619051005
4547,2017-02-17,2.62848,2.64565,2.58154,2.64115,549700714
4548,2017-02-21,2.66613,2.73981,2.66593,2.73583,541262218
4549,2017-02-22,2.74799,2.75747,2.71256,2.73153,414725925
4550,2017-02-23,2.60233,2.62408,2.45873,2.47891,1595512239
4551,2017-02-24,2.39433,2.51604,2.3605,2.50136,997148283
4552,2017-02-27,2.52103,2.59034,2.50505,2.57534,669065770
4553,2017-02-28,2.58514,2.59484,2.48609,2.50336,614325793
4554,2017-03-01,2.55986,2.57435,2.49408,2.53472,475502098
4555,2017-03-02,2.52273,2.53632,2.43907,2.44186,700819743
4556,2017-03-03,2.43119,2.43618,2.37336,2.42779,866509956
4557,2017-03-06,2.39163,2.41969,2.3474,2.40899,887527518
4558,2017-03-07,2.40899,2.45493,2.39622,2.43548,600678014
4559,2017-03-08,2.48409,2.49877,2.42869,2.43089,624105457
4560,2017-03-09,2.41489,2.45293,2.4023,2.43049,466612500
4561,2017-03-10,2.45703,2.46882,2.42649,2.44435,474531131
4562,2017-03-13,2.48239,2.52233,2.45443,2.51235,784653778
4563,2017-03-14,2.52533,2.53402,2.47841,2.51055,529108957
4564,2017-03-15,2.52233,2.54,2.47461,2.52952,623390121
4565,2017-03-16,2.53971,2.56086,2.52633,2.56036,530206833
4566,2017-03-17,2.57814,2.61731,2.56036,2.61611,997272679
4567,2017-03-20,2.63377,2.70327,2.61751,2.69927,758736334
4568,2017-03-21,2.68208,2.71186,2.60383,2.61211,925895036
4569,2017-03-22,2.60133,2.66992,2.59734,2.66563,625143805
4570,2017-03-23,2.65764,2.67709,2.63177,2.64115,541195990
4571,2017-03-24,2.68757,2.69557,2.62478,2.65065,436747973
4572,2017-03-27,2.60383,2.6733,2.5546,2.66962,496579318
4573,2017-03-28,2.67092,2.68557,2.64565,2.65614,411778112
4574,2017-03-29,2.66363,2.67559,2.64515,2.64735,349109398
4575,2017-03-30,2.65465,2.71286,2.64895,2.69807,527930130
4576,2017-03-31,2.68857,2.71006,2.6733,2.68657,439648756
4577,2017-04-03,2.68707,2.70427,2.64935,2.6729,451281592
4578,2017-04-04,2.5502,2.57554,2.47521,2.48609,1278125626
4579,2017-04-05,2.46702,2.52533,2.45413,2.46732,745240902
4580,2017-04-06,2.47261,2.49757,2.42729,2.48559,637496464
4581,2017-04-07,2.49178,2.50935,2.45963,2.47491,434895403
4582,2017-04-10,2.47561,2.48239,2.40729,2.41149,745397315
4583,2017-04-11,2.38145,2.43937,2.37645,2.42019,626548278
4584,2017-04-12,2.42019,2.43448,2.39502,2.40011,404859911
4585,2017-04-13,2.37605,2.39771,2.3553,2.3553,503033126
4586,2017-04-17,2.36817,2.44774,2.363,2.44754,492264478
4587,2017-04-18,2.43318,2.45513,2.40729,2.44904,371586535
4588,2017-04-19,2.46652,2.49108,2.45193,2.45873,378795208
4589,2017-04-20,2.47341,2.50256,2.45193,2.49777,396348848
4590,2017-04-21,2.48758,2.51075,2.47561,2.50805,338004439
4591,2017-04-24,2.53931,2.5522,2.51874,2.53901,376543853
4592,2017-04-25,2.5536,2.59813,2.53202,2.58354,393473002
4593,2017-04-26,2.59714,2.59953,2.56356,2.56556,331049624
4594,2017-04-27,2.57315,2.61381,2.5549,2.60533,323755794
4595,2017-04-28,2.59883,2.60533,2.56686,2.57255,352977583
4596,2017-05-01,2.58354,2.63547,2.57634,2.63027,311351528
4597,2017-05-02,2.60313,2.60413,2.52972,2.5522,633247892
4598,2017-05-03,2.5453,2.58114,2.53032,2.57136,340629140
4599,2017-05-04,2.57754,2.58854,2.5534,2.56136,212417980
4600,2017-05-05,2.5496,2.56886,2.53402,2.56156,231532877
4601,2017-05-08,2.57355,2.57514,2.52373,2.53452,369479585
4602,2017-05-09,2.5403,2.58814,2.53172,2.53871,781627118
4603,2017-05-10,2.8194,3.00421,2.8127,2.99142,2154211163
4604,2017-05-11,2.96069,3.217,2.95729,3.12014,1961602424
4605,2017-05-12,3.12333,3.19654,3.10227,3.15427,974520041
4606,2017-05-15,3.19554,3.31546,3.19104,3.31286,1098468137
4607,2017-05-16,3.36437,3.39003,3.28919,3.37507,1134301839
4608,2017-05-17,3.30767,3.32665,3.14588,3.15007,1285802417
4609,2017-05-18,3.19404,3.29089,3.13362,3.2819,1171736477
4610,2017-05-19,3.38334,3.41232,3.33911,3.35837,1024128141
4611,2017-05-22,3.40133,3.44367,3.39073,3.42928,845919581
4612,2017-05-23,3.44925,3.45145,3.35108,3.38353,689123352
4613,2017-05-24,3.48059,3.48339,3.40873,3.421,826942590
4614,2017-05-25,3.45665,3.45744,3.36937,3.41331,614989602
4615,2017-05-26,3.40503,3.58723,3.38533,3.50217,787616544
4616,2017-05-30,3.54811,3.61202,3.53233,3.57706,1000154263
4617,2017-05-31,3.62197,3.62967,3.50757,3.56409,895067845
4618,2017-06-01,3.58005,3.58104,3.51915,3.56429,506755494
4619,2017-06-02,3.56129,3.58773,3.54082,3.54652,493008096
4620,2017-06-05,3.53053,3.66764,3.51885,3.65465,826304880
4621,2017-06-06,3.64996,3.69639,3.62467,3.63817,767774463
4622,2017-06-07,3.66264,3.70107,3.64697,3.68211,614223440
4623,2017-06-08,3.78946,3.95049,3.7482,3.9491,1165736526
4624,2017-06-09,4.06793,4.16037,3.52484,3.6941,3734732963
4625,2017-06-12,3.60172,3.7459,3.50887,3.70327,1712957485
4626,2017-06-13,3.81171,3.82099,3.59602,3.7385,1690689629
4627,2017-06-14,3.7415,3.80363,3.66694,3.7465,1195757776
4628,2017-06-15,3.62867,3.79266,3.61719,3.76248,972072163
4629,2017-06-16,3.77217,3.81929,3.70996,3.7439,932419349
4630,2017-06-19,3.78816,3.8892,3.78446,3.88391,783907105
4631,2017-06-20,3.92633,3.99323,3.87422,3.87842,1108032571
4632,2017-06-21,3.90589,3.94112,3.84397,3.93733,691197883
4633,2017-06-22,3.9455,3.95878,3.88591,3.90989,474455568
4634,2017-06-23,3.91755,3.93353,3.78346,3.79845,1100999920
4635,2017-06-26,3.83068,3.86622,3.66264,3.75688,1076749721
4636,2017-06-27,3.7395,3.7482,3.61341,3.61918,1010489826
4637,2017-06-28,3.68711,3.75169,3.59842,3.7472,1005735551
4638,2017-06-29,3.71893,3.72193,3.5573,3.62168,1074401852
4639,2017-06-30,3.63917,3.65265,3.54312,3.56927,739011509
4640,2017-07-03,3.58144,3.59622,3.4213,3.43998,717950442
4641,2017-07-05,3.50387,3.56079,3.48489,3.53233,829243479
4642,2017-07-06,3.50317,3.58973,3.45065,3.54282,754235407
4643,2017-07-07,3.59922,3.64217,3.57646,3.62367,660330372
4644,2017-07-10,3.69769,3.80244,3.67124,3.79516,967503084
4645,2017-07-11,3.79865,3.85592,3.75688,3.84845,766316871
4646,2017-07-12,3.90819,4.0247,3.86522,4.01241,1154332851
4647,2017-07-13,4.0247,4.10587,3.91935,3.96527,1384565721
4648,2017-07-14,3.98206,4.07433,3.97506,4.07433,952801284
4649,2017-07-17,4.10657,4.13584,3.99343,4.05564,937329437
4650,2017-07-18,3.99423,4.11207,3.98226,4.09728,785658706
4651,2017-07-19,4.10657,4.13325,4.06463,4.07663,693403951
4652,2017-07-20,4.09658,4.13604,4.04715,4.13584,705280330
4653,2017-07-21,4.11507,4.18037,4.10058,4.15041,646309217
4654,2017-07-24,4.15768,4.16737,4.09188,4.10208,657487115
4655,2017-07-25,4.07962,4.09658,4.03897,4.08291,499851405
4656,2017-07-26,4.14013,4.19584,4.09488,4.12985,646924965
4657,2017-07-27,4.15468,4.16637,3.8899,3.99323,772586114
4658,2017-07-28,3.95748,4.08361,3.93253,4.05914,519294691
4659,2017-07-31,4.07263,4.10827,3.96577,4.01241,565430756
4660,2017-08-01,4.00273,4.06334,3.97506,4.06164,435336200
4661,2017-08-02,4.09258,4.09608,3.98146,4.05914,471602606
4662,2017-08-03,4.05864,4.11407,4.04136,4.11027,447455791
4663,2017-08-04,4.13325,4.19933,4.11027,4.12855,595768638
4664,2017-08-07,4.15768,4.25566,4.14793,4.25516,723543187
4665,2017-08-08,4.29359,4.31007,4.16567,4.20481,761583988
4666,2017-08-09,4.15868,4.25167,4.13993,4.24917,534384979
4667,2017-08-10,4.25047,4.26286,4.05764,4.06793,1299711084
4668,2017-08-11,3.87962,3.92553,3.77587,3.85024,1514246691
4669,2017-08-14,3.94232,4.16167,3.93053,4.15788,1291525576
4670,2017-08-15,4.16307,4.18934,4.08889,4.12285,772804139
4671,2017-08-16,4.13793,4.16137,4.04535,4.07793,602859595
4672,2017-08-17,4.06963,4.0866,3.98425,3.98645,528448142
4673,2017-08-18,4.04116,4.05834,3.94152,3.98725,607935980
4674,2017-08-21,4.01201,4.0234,3.88521,3.92933,630566105
4675,2017-08-22,3.96607,4.023,3.9468,4.01701,454494671
4676,2017-08-23,3.98326,4.10827,3.97476,4.09708,585211184
4677,2017-08-24,4.12955,4.13404,4.05594,4.08261,474435929
4678,2017-08-25,4.10627,4.11657,4.04166,4.04815,360627513
4679,2017-08-28,4.06733,4.08032,4.01141,4.07713,390855030
4680,2017-08-29,4.018,4.09208,4.00971,4.07033,326856255
4681,2017-08-30,4.09008,4.10527,4.05964,4.09428,387146424
4682,2017-08-31,4.11457,4.19134,4.10707,4.18734,619186977
4683,2017-09-01,4.20003,4.24767,4.19134,4.2126,450354781
4684,2017-09-05,4.16107,4.16637,4.04196,4.09988,703864550
4685,2017-09-06,4.13305,4.14673,4.06294,4.09728,400500615
4686,2017-09-07,4.11427,4.14892,4.07663,4.11657,356633130
4687,2017-09-08,4.10487,4.11986,4.021,4.04515,502388716
4688,2017-09-11,4.09108,4.18734,4.0859,4.17667,573146675
4689,2017-09-12,4.20131,4.20131,4.12625,4.19164,415547038
4690,2017-09-13,4.16637,4.23897,4.13404,4.2103,586915835
4691,2017-09-14,4.17137,4.26416,4.14673,4.18634,517623510
4692,2017-09-15,4.27163,4.45125,4.26644,4.45125,1374108006
4693,2017-09-18,4.57587,4.72464,4.56898,4.63497,1695839845
4694,2017-09-19,4.58466,4.69149,4.56299,4.62997,882172838
4695,2017-09-20,4.63377,4.68092,4.55302,4.59233,704886343
4696,2017-09-21,4.48891,4.51525,4.38944,4.46703,1087127457
4697,2017-09-22,4.45604,4.50557,4.41382,4.4238,496233002
4698,2017-09-25,4.39294,4.39423,4.20501,4.22559,883277705
4699,2017-09-26,4.3607,4.41582,4.2098,4.24917,1136837829
4700,2017-09-27,4.34002,4.3563,4.26883,4.34272,718637987
4701,2017-09-28,4.35002,4.35401,4.29409,4.34152,439635246
4702,2017-09-29,4.4258,4.44207,4.38047,4.41811,625449761
4703,2017-10-02,4.46803,4.49729,4.37428,4.4238,508570338
4704,2017-10-03,4.43008,4.46274,4.38864,4.43308,394013778
4705,2017-10-04,4.43927,4.4921,4.40232,4.46973,432222149
4706,2017-10-05,4.49429,4.49789,4.43777,4.46723,441540215
4707,2017-10-06,4.44007,4.49389,4.4238,4.48042,321793820
4708,2017-10-09,4.51755,4.61461,4.49859,4.58186,567554000
4709,2017-10-10,4.73044,4.76809,4.62778,4.66874,984228940
4710,2017-10-11,4.68521,4.71966,4.63977,4.71816,534468964
4711,2017-10-12,4.72165,4.77159,4.69349,4.72045,531391298
4712,2017-10-13,4.78308,4.81861,4.73583,4.80852,634822168
4713,2017-10-16,4.83838,4.89429,4.77539,4.8915,580938236
4714,2017-10-17,4.87052,4.91506,4.85216,4.88711,470639391
4715,2017-10-18,4.89579,4.89649,4.77739,4.88281,572961519
4716,2017-10-19,4.80502,4.89309,4.7556,4.88831,573762543
4717,2017-10-20,4.90478,4.93224,4.85685,4.86582,455615752
4718,2017-10-23,4.88781,4.91376,4.83838,4.85884,432755964
4719,2017-10-24,4.86812,4.91128,4.84188,4.90948,408850999
4720,2017-10-25,4.87032,4.92306,4.72384,4.78577,836814632
4721,2017-10-26,4.81321,4.84737,4.78937,4.83558,324498862
4722,2017-10-27,4.8903,4.98855,4.86213,4.98825,578039496
4723,2017-10-30,4.98825,5.09329,4.97268,5.03737,509918457
4724,2017-10-31,5.06963,5.13794,5.06383,5.11127,416698474
4725,2017-11-01,5.17388,5.18885,5.05636,5.12077,508422468
4726,2017-11-02,5.09099,5.13595,5.03268,5.0896,346290307
4727,2017-11-03,5.12077,5.15771,5.07482,5.15771,357753500
4728,2017-11-06,5.12077,5.18915,5.10857,5.18065,393798237
4729,2017-11-07,5.20343,5.26137,5.19115,5.23878,431836834
4730,2017-11-08,5.23508,5.23878,5.12177,5.16919,527419058
4731,2017-11-09,5.07302,5.09927,4.95141,5.07432,966915568
4732,2017-11-10,5.26575,5.40414,5.22958,5.34152,1266594482
4733,2017-11-13,5.34152,5.36729,5.23908,5.25457,588000882
4734,2017-11-14,5.26375,5.30857,5.2198,5.2933,534184130
4735,2017-11-15,5.23758,5.23878,5.13575,5.18915,506454555
4736,2017-11-16,5.26336,5.2937,5.2204,5.22938,444699884
4737,2017-11-17,5.28672,5.32235,5.20812,5.22309,520878711
4738,2017-11-20,5.23858,5.30287,5.20213,5.29071,399523118
4739,2017-11-21,5.33053,5.35112,5.29867,5.33932,403003074
4740,2017-11-22,5.36679,5.36679,5.28272,5.31556,360298002
4741,2017-11-24,5.33182,5.36679,5.30737,5.36579,182727003
4742,2017-11-27,5.37448,5.37548,5.2927,5.29599,427029881
4743,2017-11-28,5.30117,5.31057,5.15023,5.21062,517561938
4744,2017-11-29,5.19365,5.19644,4.72864,4.85585,1410361063
4745,2017-11-30,4.92605,5.01192,4.86312,4.9634,831998174
4746,2017-12-01,4.92875,4.94901,4.75939,4.88881,818917641
4747,2017-12-04,4.94702,4.95321,4.56319,4.61601,1252523021
4748,2017-12-05,4.51107,4.76509,4.46573,4.64277,991321780
4749,2017-12-06,4.59233,4.70148,4.57177,4.67992,469286785
4750,2017-12-07,4.74681,4.78757,4.70088,4.74761,541633221
4751,2017-12-08,4.79752,4.81661,4.72664,4.73513,466386763
4752,2017-12-11,4.7494,4.81661,4.73344,4.81361,374959021
4753,2017-12-12,4.77009,4.79334,4.69569,4.71886,458588422
4754,2017-12-13,4.76009,4.76139,4.59683,4.60433,559201443
4755,2017-12-14,4.59783,4.68192,4.56579,4.61131,441748385
4756,2017-12-15,4.65496,4.7571,4.59033,4.73782,676051151
4757,2017-12-18,4.77759,4.89709,4.74781,4.89409,480920513
4758,2017-12-19,4.88481,4.8901,4.82121,4.84957,375645123
4759,2017-12-20,4.88931,4.89829,4.81101,4.86552,291693142
4760,2017-12-21,4.87032,4.89529,4.83558,4.84417,303759975
4761,2017-12-22,4.80732,4.83818,4.72914,4.82889,470923925
4762,2017-12-26,4.77339,4.8905,4.74342,4.88281,358243630
4763,2017-12-27,4.86932,4.94502,4.85455,4.87482,332430151
4764,2017-12-28,4.89949,4.93045,4.87552,4.88181,242598718
4765,2017-12-29,4.90748,4.90748,4.78507,4.78507,282327765
4766,2018-01-02,4.84138,4.93344,4.80971,4.92975,356569996
4767,2018-01-03,5.04737,5.28502,5.03867,5.25437,920382381
4768,2018-01-04,5.33582,5.39267,5.25977,5.28232,588501458
4769,2018-01-05,5.29727,5.36449,5.2198,5.32734,583555647
4770,2018-01-08,5.44995,5.56428,5.40534,5.48971,880552013
4771,2018-01-09,5.49511,5.53504,5.40694,5.48811,501903974
4772,2018-01-10,5.39636,5.53504,5.34182,5.53164,588085077
4773,2018-01-11,5.56428,5.59546,5.51986,5.54163,409798752
4774,2018-01-12,5.52965,5.56399,5.47342,5.51408,363403750
4775,2018-01-16,5.54083,5.62612,5.35912,5.44287,697770829
4776,2018-01-17,5.45743,5.56687,5.36429,5.5573,543235209
4777,2018-01-18,5.53804,5.60464,5.50668,5.55063,411823099
4778,2018-01-19,5.6406,5.71468,5.61363,5.6903,596494550
4779,2018-01-22,5.69829,5.78058,5.6408,5.77888,555444994
4780,2018-01-23,5.83232,5.93084,5.81382,5.90787,477741124
4781,2018-01-24,5.91107,5.94712,5.77538,5.83112,586282160
4782,2018-01-25,5.8859,5.92885,5.82982,5.84478,413374210
4783,2018-01-26,5.8889,6.01804,5.87604,6.01784,520763019
4784,2018-01-29,6.00305,6.13634,5.95012,6.10519,459399601
4785,2018-01-30,5.96271,6.0945,5.8961,6.00265,575762313
4786,2018-01-31,6.07822,6.1644,6.04556,6.07892,481926672
4787,2018-02-01,5.8989,6.10649,5.8873,5.94742,521676049
4788,2018-02-02,5.86105,5.8851,5.71668,5.77458,723636926
4789,2018-02-05,5.61363,5.76788,5.06983,5.28502,1172541327
4790,2018-02-06,5.05486,5.58117,5.04487,5.57817,1126982592
4791,2018-02-07,5.67702,5.81052,5.60613,5.65835,810111898
4792,2018-02-08,5.78358,5.81682,5.37918,5.37938,1113687989
4793,2018-02-09,5.8921,5.90727,5.37938,5.73924,1691027393
4794,2018-02-12,5.82032,5.82332,5.56498,5.6396,1102191657
4795,2018-02-13,5.60264,5.79914,5.57017,5.75291,631597933
4796,2018-02-14,5.71248,5.99936,5.70128,5.9704,751335265
4797,2018-02-15,6.05376,6.14273,5.97288,6.0965,704779223
4798,2018-02-16,6.06925,6.18237,6.02133,6.0306,644030681
4799,2018-02-20,6.05296,6.22852,6.04926,6.1594,692872639
4800,2018-02-21,6.22412,6.2305,5.9689,5.97268,853852814
4801,2018-02-22,6.00664,6.07852,5.92625,5.99207,538907860
4802,2018-02-23,6.05226,6.08591,6.00135,6.08591,418281253
4803,2018-02-26,6.13236,6.13674,6.03956,6.10219,471990985
4804,2018-02-27,6.07522,6.1592,6.06626,6.08921,460126544
4805,2018-02-28,6.1002,6.13973,5.97687,5.98837,528502663
4806,2018-03-01,5.98637,6.04026,5.64478,5.74592,1050831105
4807,2018-03-02,5.6384,5.85975,5.48941,5.85328,922834786
4808,2018-03-05,5.80312,5.87104,5.67901,5.83112,627169884
4809,2018-03-06,5.91626,6.01184,5.87374,5.99237,643368314
4810,2018-03-07,5.8896,6.03696,5.8883,5.98467,587194921
4811,2018-03-08,6.01204,6.01204,5.92355,5.9681,416152771
4812,2018-03-09,6.01584,6.08392,5.99966,6.07124,510732360
4813,2018-03-12,6.11269,6.26026,6.10449,6.18037,611293234
4814,2018-03-13,6.22312,6.29741,6.08871,6.13006,626155382
4815,2018-03-14,6.17257,6.20015,6.0932,6.1552,510700523
4816,2018-03-15,6.16858,6.25078,6.12836,6.16987,406093169
4817,2018-03-16,6.18637,6.21712,6.14873,6.19836,403571321
4818,2018-03-19,6.14173,6.17017,5.86475,5.96371,721124743
4819,2018-03-20,5.96671,6.21452,5.96671,6.17587,560409142
4820,2018-03-21,6.16937,6.2358,6.12057,6.15071,443206699
4821,2018-03-22,6.08771,6.13435,5.94712,5.98487,556873563
4822,2018-03-23,5.99836,6.00505,5.75361,5.76489,743194593
4823,2018-03-26,5.8896,6.05126,5.8373,6.04996,617722685
4824,2018-03-27,6.13106,6.18637,5.43988,5.58017,1423511791
4825,2018-03-28,5.54633,5.67572,5.37009,5.47712,955647826
4826,2018-03-29,5.54583,5.82732,5.46093,5.73067,926068064
4827,2018-04-02,5.66005,5.80632,5.38238,5.46972,931589292
4828,2018-04-03,5.6368,5.69968,5.47712,5.57617,674304297
4829,2018-04-04,5.32085,5.60863,5.29569,5.59815,797294076
4830,2018-04-05,5.65655,5.66932,5.40664,5.47792,708461040
4831,2018-04-06,5.37578,5.48342,5.27253,5.30187,669816960
4832,2018-04-09,5.36509,5.49241,5.31057,5.33053,504669465
4833,2018-04-10,5.56079,5.66603,5.50339,5.6396,772628557
4834,2018-04-11,5.62462,5.66533,5.56597,5.59815,463846117
4835,2018-04-12,5.691,5.82312,5.64706,5.80532,600034765
4836,2018-04-13,5.86904,5.87744,5.67971,5.72847,508216451
4837,2018-04-16,5.73495,5.7616,5.6338,5.72827,354403898
4838,2018-04-17,5.78038,5.8996,5.72467,5.87823,451831452
4839,2018-04-18,5.82732,5.92005,5.75991,5.84908,395393003
4840,2018-04-19,5.73425,5.76818,5.61213,5.66703,476858349
4841,2018-04-20,5.65875,5.74323,5.62812,5.65935,390176069
4842,2018-04-23,5.67672,5.72847,5.51388,5.54004,431911866
4843,2018-04-24,5.56578,5.66105,5.40834,5.47342,418865664
4844,2018-04-25,5.44346,5.48292,5.20413,5.36151,594554669
4845,2018-04-26,5.52306,5.58087,5.45674,5.57287,379693537
4846,2018-04-27,5.67851,5.69849,5.5583,5.60044,404978198
4847,2018-04-30,5.61683,5.66603,5.54603,5.56528,331219117
4848,2018-05-01,5.557,5.62312,5.4981,5.62062,256402950
4849,2018-05-02,5.61713,5.66105,5.57367,5.59984,271010149
4850,2018-05-03,5.6318,5.79155,5.58647,5.76539,447709539
4851,2018-05-04,5.73645,5.91855,5.71928,5.91526,404787904
4852,2018-05-07,6.02063,6.21053,6.01064,6.1536,694696948
4853,2018-05-08,6.1539,6.19915,6.10549,6.19636,511832530
4854,2018-05-09,6.21612,6.33104,6.18917,6.32904,602905293
4855,2018-05-10,6.38218,6.44588,6.36421,6.4366,1004319290
4856,2018-05-11,6.25477,6.4281,6.19985,6.29821,1226963961
4857,2018-05-14,6.33604,6.39625,6.29501,6.31886,528526929
4858,2018-05-15,6.25507,6.25777,5.97608,6.07672,973451819
4859,2018-05-16,6.03826,6.14971,6.00106,6.08791,559532175
4860,2018-05-17,6.08971,6.22332,6.07353,6.13006,525137468
4861,2018-05-18,6.18157,6.24479,6.08122,6.08621,488699525
4862,2018-05-21,6.18337,6.18717,5.95092,6.04396,647222658
4863,2018-05-22,6.05756,6.08272,5.94492,6.00584,523603111
4864,2018-05-23,5.94942,6.13076,5.94872,6.12956,447242453
4865,2018-05-24,6.12577,6.17517,6.07253,6.13335,441603159
4866,2018-05-25,6.14553,6.18857,6.11049,6.17217,294937397
4867,2018-05-29,6.1542,6.22332,6.10889,6.1552,356095439
4868,2018-05-30,6.18887,6.27272,6.1642,6.26406,394777376
4869,2018-05-31,6.2323,6.31886,6.22152,6.24429,498646319
4870,2018-06-01,6.28901,6.38477,6.28042,6.37878,426052374
4871,2018-06-04,6.41273,6.57959,6.38078,6.55811,648236910
4872,2018-06-05,6.5614,6.60077,6.51616,6.5636,395501795
4873,2018-06-06,6.47284,6.5684,6.45637,6.5656,374946963
4874,2018-06-07,6.5618,6.57339,6.41893,6.50957,373022916
4875,2018-06-08,6.4364,6.53685,6.41763,6.49402,363944977
4876,2018-06-11,6.48134,6.52315,6.43989,6.45287,267937480
4877,2018-06-12,6.47934,6.51367,6.4289,6.5016,322247156
4878,2018-06-13,6.50299,6.57809,6.48783,6.49701,341478426
4879,2018-06-14,6.54242,6.66525,6.52745,6.60874,434176621
4880,2018-06-15,6.55181,6.623,6.52045,6.5681,436441387
4881,2018-06-18,6.52385,6.58109,6.49661,6.5641,359713721
4882,2018-06-19,6.46016,6.52785,6.31426,6.44169,600688720
4883,2018-06-20,6.48284,6.54811,6.44438,6.49482,373357284
4884,2018-06-21,6.52685,6.54541,6.35821,6.36601,362994320
4885,2018-06-22,6.38666,6.40015,6.19836,6.21352,438358504
4886,2018-06-25,6.10769,6.11149,5.83212,5.92055,672258789
4887,2018-06-26,6.03459,6.08272,5.94022,5.99187,483518544
4888,2018-06-27,6.03577,6.10219,5.83112,5.8365,458283357
4889,2018-06-28,5.82652,5.97588,5.81912,5.96391,341282043
4890,2018-06-29,6.0293,6.04176,5.86475,5.86605,396094419
4891,2018-07-02,5.79614,6.00185,5.77558,5.99806,361033318
4892,2018-07-03,6.03299,6.03876,5.85607,5.86445,224887894
4893,2018-07-05,5.91925,6.01534,5.88092,6.01034,309180433
4894,2018-07-06,5.98587,6.13276,5.96441,6.12437,299219999
4895,2018-07-09,6.19836,6.20784,6.0932,6.17137,306820877
4896,2018-07-10,6.18387,6.29241,6.14353,6.27043,363498552
4897,2018-07-11,6.17757,6.21233,6.11857,6.12936,371061943
4898,2018-07-12,6.17417,6.26845,6.1642,6.22052,348849591
4899,2018-07-13,6.23929,6.23929,6.13156,6.17317,249554374
4900,2018-07-16,6.14553,6.19855,6.13355,6.14553,198943229
4901,2018-07-17,6.0967,6.29641,6.07124,6.28122,365639322
4902,2018-07-18,6.27402,6.28771,6.18117,6.2323,280327714
4903,2018-07-19,6.21332,6.27402,6.19836,6.24049,238032163
4904,2018-07-20,6.23809,6.27672,6.20135,6.21213,224638863
4905,2018-07-23,6.18557,6.18737,6.02401,6.17537,304502512
4906,2018-07-24,6.22352,6.31018,6.14103,6.1579,358052596
4907,2018-07-25,6.16739,6.24908,6.11019,6.23649,323279625
4908,2018-07-26,6.21632,6.34653,6.19955,6.30998,328270623
4909,2018-07-27,6.34623,6.35322,6.18617,6.24029,298279538
4910,2018-07-30,6.25407,6.26006,6.01004,6.04496,343634269
4911,2018-07-31,6.03477,6.13803,5.99566,6.06326,286735283
4912,2018-08-01,6.0947,6.14951,6.03876,6.10319,286298863
4913,2018-08-02,6.03179,6.20933,5.97268,6.20554,272276516
4914,2018-08-03,6.2301,6.26576,6.21312,6.24209,216361207
4915,2018-08-06,6.22951,6.29321,6.18287,6.28971,209514133
4916,2018-08-07,6.33823,6.38078,6.31198,6.36201,260627706
4917,2018-08-08,6.36321,6.44338,6.32824,6.39845,264634187
4918,2018-08-09,6.41613,6.41893,6.34203,6.34982,206254786
4919,2018-08-10,6.26805,6.34083,6.25677,6.30868,259109463
4920,2018-08-13,6.31726,6.46206,6.31556,6.34123,378836339
4921,2018-08-14,6.44688,6.48704,6.36381,6.47284,470729936
4922,2018-08-15,6.49382,6.52765,6.33584,6.41463,596854766
4923,2018-08-16,6.48464,6.48704,6.31416,6.37418,809010897
4924,2018-08-17,6.26276,6.26346,6.03527,6.06226,1154247674
4925,2018-08-20,6.02163,6.26924,5.91057,6.13703,862652077
4926,2018-08-21,6.1529,6.27672,6.13355,6.27222,680509064
4927,2018-08-22,6.23979,6.51247,6.2363,6.50757,757111413
4928,2018-08-23,6.46865,6.67225,6.45487,6.60704,727656947
4929,2018-08-24,6.61553,6.75511,6.61104,6.74043,536652689
4930,2018-08-27,6.77029,6.90569,6.73873,6.83181,510670618
4931,2018-08-28,6.82602,6.84879,6.67345,6.79426,479983025
4932,2018-08-29,6.78656,6.92385,6.7656,6.8991,423942159
4933,2018-08-30,6.86796,6.97917,6.84599,6.88212,349771224
4934,2018-08-31,6.86276,6.96622,6.85299,6.95323,309386871
4935,2018-09-04,6.93994,7.06636,6.91168,7.02861,395294587
4936,2018-09-05,7.01083,7.04658,6.81702,6.8974,396743396
4937,2018-09-06,6.88092,6.88342,6.72357,6.75661,325740332
4938,2018-09-07,6.66395,6.86096,6.61952,6.73535,298113741
4939,2018-09-10,6.7579,6.83621,6.71388,6.80685,222146539
4940,2018-09-11,6.7601,6.84799,6.73923,6.7586,245330529
4941,2018-09-12,6.71858,6.73833,6.48863,6.64427,422913546
4942,2018-09-13,6.7104,6.81353,6.69292,6.72237,308322825
4943,2018-09-14,6.81323,6.91407,6.77608,6.84879,390465139
4944,2018-09-17,6.82352,6.87146,6.76729,6.78686,207402526
4945,2018-09-18,6.79086,6.89292,6.7076,6.71438,302253350
4946,2018-09-19,6.69562,6.75611,6.64547,6.73833,226909867
4947,2018-09-20,6.61602,6.65826,6.54282,6.59677,434510839
4948,2018-09-21,6.60874,6.65426,6.49332,6.52665,439095742
4949,2018-09-24,6.49562,6.58578,6.40843,6.58238,296594306
4950,2018-09-25,6.64847,6.67444,6.5631,6.64947,282947739
4951,2018-09-26,6.65446,6.69492,6.59677,6.61273,270997380
4952,2018-09-27,6.64767,6.66895,6.59307,6.6245,216384802
4953,2018-09-28,6.75691,6.98387,6.72887,6.96172,715868179
4954,2018-10-01,7.04009,7.2356,7.00116,7.1685,627732943
4955,2018-10-02,7.14114,7.25306,7.07535,7.09721,387467542
4956,2018-10-03,7.1675,7.1751,6.99946,7.1034,323475006
4957,2018-10-04,7.06756,7.09142,6.84249,6.91867,394788512
4958,2018-10-05,6.8941,6.95622,6.628,6.68542,430526482
4959,2018-10-08,6.60237,6.71788,6.44289,6.58408,412338186
4960,2018-10-09,6.5638,6.65826,6.51047,6.57859,275994757
4961,2018-10-10,6.47204,6.51816,6.08471,6.08691,691186617
4962,2018-10-11,5.99966,6.13355,5.80352,5.82512,732055092
4963,2018-10-12,6.08252,6.18217,5.93703,6.10819,613785358
4964,2018-10-15,6.0947,6.0947,5.83032,5.83132,453864251
4965,2018-10-16,5.94402,6.1017,5.8951,6.0905,412440328
4966,2018-10-17,6.1525,6.19057,5.97268,6.02183,332675467
4967,2018-10-18,6.0912,6.12976,5.87404,5.93403,528802400
4968,2018-10-19,5.98937,6.00904,5.6408,5.67702,619207688
4969,2018-10-22,5.72967,5.82982,5.62512,5.72827,372208492
4970,2018-10-23,5.46073,5.554,5.36909,5.47642,632152580
4971,2018-10-24,5.43788,5.48472,4.92605,4.93973,892354962
4972,2018-10-25,4.84238,5.19644,4.79802,5.14953,960403794
4973,2018-10-26,4.91248,5.07502,4.78438,4.91208,670849699
4974,2018-10-29,5.05386,5.05736,4.3607,4.59863,764932759
4975,2018-10-30,4.62179,5.03907,4.59863,5.0291,814554428
4976,2018-10-31,5.19385,5.26674,5.05436,5.22309,752575573
4977,2018-11-01,5.25957,5.41312,5.13325,5.40364,571696544
4978,2018-11-02,5.39437,5.4997,5.20762,5.32485,457092222
4979,2018-11-05,5.31157,5.33482,5.0858,5.24638,382790913
4980,2018-11-06,5.23838,5.32315,5.19185,5.22878,301738142
4981,2018-11-07,5.29569,5.38637,5.23158,5.29668,488225689
4982,2018-11-08,5.23708,5.23778,5.04987,5.10357,516017757
4983,2018-11-09,5.01412,5.18585,4.98036,5.09558,417011831
4984,2018-11-12,5.00384,5.02591,4.67373,4.69549,622747654
4985,2018-11-13,4.79334,5.05935,4.78707,4.93743,650592510
4986,2018-11-14,5.11127,5.12557,4.77709,4.88531,531382645
4987,2018-11-15,4.87931,5.0863,4.84317,5.01392,848378165
4988,2018-11-16,4.04595,4.22779,4.00343,4.07363,1981431554
4989,2018-11-19,4.00802,4.00871,3.58323,3.58503,1713308778
4990,2018-11-20,3.32116,3.82148,3.30247,3.6934,1707469035
4991,2018-11-21,3.83048,3.84726,3.5578,3.58523,1034849268
4992,2018-11-23,3.55031,3.70597,3.53812,3.59242,415726716
4993,2018-11-26,3.71356,3.80214,3.63097,3.79186,822265650
4994,2018-11-27,3.76568,3.8896,3.72992,3.80862,744793275
4995,2018-11-28,3.92613,3.97077,3.79366,3.96547,811864900
4996,2018-11-29,3.96777,4.00472,3.87222,3.90219,553629589
4997,2018-11-30,3.91188,4.06334,3.86162,4.05264,735484182
4998,2018-12-03,4.28011,4.33202,4.14971,4.2168,898032253
4999,2018-12-04,4.17207,4.17707,3.88092,3.8959,818700888
5000,2018-12-06,3.75549,3.93033,3.7399,3.92534,697927012
5001,2018-12-07,3.92953,3.93983,3.61122,3.66065,687209149
5002,2018-12-10,3.61569,3.79086,3.61202,3.76588,634580929
5003,2018-12-11,3.85762,3.86592,3.59572,3.67504,677365189
5004,2018-12-12,3.68073,3.78886,3.59143,3.6927,659443601
5005,2018-12-13,3.7395,3.80363,3.65635,3.6924,475209782
5006,2018-12-14,3.65066,3.73451,3.60822,3.63197,475649537
5007,2018-12-17,3.60172,3.67404,3.50287,3.56049,668245728
5008,2018-12-18,3.60442,3.72822,3.57726,3.64417,568949330
5009,2018-12-19,3.61022,3.66394,3.38334,3.43498,751413751
5010,2018-12-20,3.42649,3.51685,3.29019,3.35038,755669984
5011,2018-12-21,3.37677,3.40973,3.18555,3.21302,870749374
5012,2018-12-24,3.13692,3.22319,3.08752,3.15127,467602655
5013,2018-12-26,3.19754,3.30148,3.08652,3.30049,700739433
5014,2018-12-27,3.24834,3.2825,3.10447,3.25234,642212101
5015,2018-12-28,3.27291,3.40703,3.23138,3.31416,633592285
5016,2018-12-31,3.35777,3.39033,3.2795,3.31047,468914200
5017,2019-01-02,3.23966,3.43428,3.22489,3.37806,512881613
5018,2019-01-03,3.31766,3.35178,3.16627,3.17387,711276216
5019,2019-01-04,3.24704,3.41551,3.2162,3.37737,590370994
5020,2019-01-07,3.43468,3.59302,3.38334,3.5561,714913286
5021,2019-01-08,3.63797,3.64017,3.39473,3.46793,792394875
5022,2019-01-09,3.51935,3.58323,3.46863,3.53632,622267388
5023,2019-01-10,3.51685,3.61022,3.45625,3.60142,527401091
5024,2019-01-11,3.57925,3.71375,3.55131,3.69091,881860443
5025,2019-01-14,3.63867,3.75589,3.61499,3.73091,736094532
5026,2019-01-15,3.76348,3.80284,3.69839,3.71674,622016494
5027,2019-01-16,3.7439,3.77687,3.68541,3.6911,473918037
5028,2019-01-17,3.65815,3.80244,3.63097,3.76248,497439921
5029,2019-01-18,3.81201,3.91755,3.76068,3.8916,656621866
5030,2019-01-22,3.86142,3.87322,3.65915,3.68941,666918811
5031,2019-01-23,3.7447,3.83328,3.67104,3.70227,595817340
5032,2019-01-24,3.78686,3.93183,3.78217,3.91417,714723062
5033,2019-01-25,3.85462,3.98925,3.75189,3.97147,1164595355
5034,2019-01-28,3.38633,3.51287,3.24854,3.4225,2531905241
5035,2019-01-29,3.37637,3.4247,3.24884,3.26303,1163296870
5036,2019-01-30,3.3396,3.4215,3.25954,3.40703,982134418
5037,2019-01-31,3.40373,3.60042,3.38204,3.56479,849692353
5038,2019-02-01,3.58343,3.64037,3.53632,3.58923,630118569
5039,2019-02-04,3.60502,3.7367,3.58303,3.69969,532889691
5040,2019-02-05,3.71156,3.75519,3.67783,3.71873,546826230
5041,2019-02-06,3.75169,3.85862,3.7465,3.79446,708165650
5042,2019-02-07,3.7479,3.74989,3.61301,3.65595,642289587
5043,2019-02-08,3.58873,3.68511,3.57426,3.67454,465350940
5044,2019-02-11,3.63037,3.68471,3.58343,3.63197,499198492
5045,2019-02-12,3.67024,3.76448,3.65595,3.74889,595856338
5046,2019-02-13,3.77847,3.86442,3.76468,3.79146,610284010
5047,2019-02-14,3.79046,3.86022,3.7472,3.83198,833975341
5048,2019-02-15,4.04066,4.06364,3.87922,3.90159,1529056282
5049,2019-02-19,3.8912,3.96507,3.87222,3.88441,556370654
5050,2019-02-20,3.91357,3.99873,3.90239,3.93183,545379053
5051,2019-02-21,3.94451,3.96907,3.84825,3.86292,452186181
5052,2019-02-22,3.91457,3.96647,3.90089,3.9478,405000982
5053,2019-02-25,4.03099,4.09858,3.92653,3.93533,661342140
5054,2019-02-26,3.93053,3.98625,3.86242,3.8956,492426189
5055,2019-02-27,3.88142,3.90789,3.79715,3.85393,504314276
5056,2019-02-28,3.84765,3.87022,3.80713,3.82928,327241929
5057,2019-03-01,3.87942,3.92583,3.82069,3.88361,359714603
5058,2019-03-04,3.92215,3.9451,3.83528,3.8919,412891140
5059,2019-03-05,3.87642,3.92355,3.82168,3.88541,365492874
5060,2019-03-06,3.87662,3.88491,3.77187,3.77467,406381429
5061,2019-03-07,3.75089,3.76068,3.65915,3.70527,453290316
5062,2019-03-08,3.61599,3.75019,3.59442,3.7397,425403878
5063,2019-03-11,3.76318,4.023,3.71594,4.00003,865809452
5064,2019-03-12,4.028,4.08092,3.95179,4.03418,583675866
5065,2019-03-13,4.07193,4.2153,4.06433,4.18584,774341510
5066,2019-03-14,4.19504,4.20701,4.10208,4.10987,523060443
5067,2019-03-15,4.15289,4.25786,4.14942,4.2156,666139840
5068,2019-03-18,4.24667,4.30078,4.16687,4.19404,490439178
5069,2019-03-19,4.28859,4.40632,4.27163,4.3623,861022298
5070,2019-03-20,4.39124,4.44445,4.29459,4.32952,724237391
5071,2019-03-21,4.35272,4.59263,4.34772,4.56648,830143520
5072,2019-03-22,4.54024,4.58765,4.39264,4.40632,752933887
5073,2019-03-25,4.366,4.43008,4.24747,4.31407,528928478
5074,2019-03-26,4.45574,4.51205,4.33452,4.39094,708485176
5075,2019-03-27,4.41632,4.46304,4.31207,4.38167,477728446
5076,2019-03-28,4.40752,4.46603,4.34732,4.40012,483662429
5077,2019-03-29,4.46703,4.48202,4.41652,4.45774,460128186
5078,2019-04-01,4.54983,4.55551,4.47802,4.52524,487248112
5079,2019-04-02,4.54953,4.58736,4.50627,4.54324,444039890
5080,2019-04-03,4.59263,4.74112,4.58765,4.68192,794360213
5081,2019-04-04,4.66675,4.71547,4.61081,4.67323,460613129
5082,2019-04-05,4.71617,4.75739,4.67992,4.73982,485154853
5083,2019-04-08,4.70917,4.78607,4.68521,4.76079,427195558
5084,2019-04-09,4.72714,4.73842,4.65576,4.69789,443086119
5085,2019-04-10,4.69719,4.79434,4.69269,4.76859,447919522
5086,2019-04-11,4.77109,4.80252,4.70488,4.7546,377252188
5087,2019-04-12,4.79334,4.79732,4.70767,4.71647,475044386
5088,2019-04-15,4.70867,4.71367,4.54584,4.58506,443207941
5089,2019-04-16,4.62458,4.69069,4.59163,4.67193,397758408
5090,2019-04-17,4.70667,4.72764,4.62728,4.64927,353486461
5091,2019-04-18,4.65576,4.6897,4.59703,4.62498,383684094
5092,2019-04-22,4.60133,4.69389,4.56998,4.67852,281916342
5093,2019-04-23,4.69149,4.76439,4.68172,4.73284,349309566
5094,2019-04-24,4.74342,4.78637,4.68252,4.74542,320456407
5095,2019-04-25,4.70488,4.72744,4.56049,4.64027,502830545
5096,2019-04-26,4.48612,4.49061,4.30208,4.4211,875138175
5097,2019-04-29,4.42908,4.47972,4.357,4.45205,394692629
5098,2019-04-30,4.41951,4.51905,4.40032,4.49329,365489709
5099,2019-05-01,4.54604,4.58785,4.48002,4.48022,356788151
5100,2019-05-02,4.48991,4.58934,4.44645,4.54804,397478201
5101,2019-05-03,4.55621,4.56618,4.48172,4.54354,339206860
5102,2019-05-06,4.357,4.47702,4.31956,4.46473,425165112
5103,2019-05-07,4.41632,4.41632,4.24887,4.29739,559147052
5104,2019-05-08,4.26963,4.39782,4.25766,4.31756,422132252
5105,2019-05-09,4.24817,4.25786,4.10587,4.22479,664918490
5106,2019-05-10,4.19404,4.25946,4.07113,4.19084,573527873
5107,2019-05-13,4.05864,4.08191,3.91735,3.93333,661561147
5108,2019-05-14,3.97306,4.05764,3.93433,4.0224,528592988
5109,2019-05-15,3.96677,3.99773,3.90739,3.96128,505874531
5110,2019-05-16,3.95609,4.019,3.91337,3.97626,786615191
5111,2019-05-17,3.93453,4.06394,3.84626,3.88561,1029300138
5112,2019-05-20,3.78716,3.84197,3.7425,3.76718,576113366
5113,2019-05-21,3.82768,3.86522,3.78946,3.84925,364410351
5114,2019-05-22,3.81031,3.83647,3.76748,3.77847,328175541
5115,2019-05-23,3.71594,3.71594,3.59742,3.65715,596032291
5116,2019-05-24,3.67604,3.71126,3.59642,3.60322,360115590
5117,2019-05-28,3.62098,3.65365,3.5561,3.5581,431385161
5118,2019-05-29,3.51087,3.54552,3.44925,3.48419,563762710
5119,2019-05-30,3.48739,3.52334,3.419,3.45744,396636957
5120,2019-05-31,3.40833,3.44098,3.36477,3.36657,392029871
5121,2019-06-03,3.37777,3.41651,3.29519,3.32465,481480577
5122,2019-06-04,3.38903,3.5591,3.36657,3.55381,645640160
5123,2019-06-05,3.62797,3.63337,3.4752,3.51157,514648196
5124,2019-06-06,3.51585,3.59802,3.51336,3.57327,410557923
5125,2019-06-07,3.57925,3.65036,3.56009,3.61619,350925494
5126,2019-06-10,3.67224,3.75748,3.67224,3.68891,405168551
5127,2019-06-11,3.74889,3.78666,3.70697,3.7467,386145572
5128,2019-06-12,3.70297,3.70926,3.61839,3.63367,361019417
5129,2019-06-13,3.65565,3.70297,3.63817,3.68471,309907366
5130,2019-06-14,3.59143,3.61599,3.54981,3.59472,396764357
5131,2019-06-17,3.59302,3.64167,3.57007,3.60442,277677845
5132,2019-06-18,3.66594,3.85492,3.65495,3.79944,585367537
5133,2019-06-19,3.83468,3.84596,3.77947,3.80543,333609899
5134,2019-06-20,3.8959,3.90989,3.8153,3.82968,352243018
5135,2019-06-21,3.81471,3.86422,3.76518,3.77167,437002142
5136,2019-06-24,3.79316,3.82348,3.7459,3.79416,284625990
5137,2019-06-25,3.79885,3.87422,3.76188,3.76468,313715181
5138,2019-06-26,3.8922,4.019,3.87942,3.95778,587535378
5139,2019-06-27,4.04365,4.07593,4.00742,4.05664,448082124
5140,2019-06-28,4.10058,4.10987,4.03468,4.08162,400023684
5141,2019-07-01,4.28879,4.32333,4.09228,4.12985,715750954
5142,2019-07-02,4.11307,4.13404,4.0184,4.03169,402600034
5143,2019-07-03,4.05514,4.06094,3.98445,4.04465,248096261
5144,2019-07-05,3.98605,3.99045,3.91855,3.98176,398904586
5145,2019-07-08,3.92235,3.94132,3.87722,3.90689,331741685
5146,2019-07-09,3.86492,3.93753,3.85223,3.90939,344892944
5147,2019-07-10,3.95309,4.03518,3.93913,3.97746,454755850
5148,2019-07-11,4.05095,4.17307,4.01341,4.13255,686604688
5149,2019-07-12,4.16007,4.23658,4.16007,4.16537,509394507
5150,2019-07-15,4.18664,4.20281,4.12885,4.15688,291557840
5151,2019-07-16,4.14213,4.17937,4.09658,4.15209,343467951
5152,2019-07-17,4.15389,4.22459,4.12485,4.2176,350268495
5153,2019-07-18,4.22799,4.29239,4.17137,4.22928,445806103
5154,2019-07-19,4.26763,4.27413,4.18007,4.18604,346940335
5155,2019-07-22,4.2076,4.27063,4.20003,4.25766,317812787
5156,2019-07-23,4.29709,4.36799,4.2814,4.366,430714742
5157,2019-07-24,4.44027,4.44605,4.33302,4.44027,368408539
5158,2019-07-25,4.39852,4.41132,4.2856,4.30907,395025956
5159,2019-07-26,4.33632,4.39782,4.33632,4.35132,275785065
5160,2019-07-29,4.34402,4.3613,4.25646,4.34502,249633021
5161,2019-07-30,4.29838,4.37298,4.2838,4.3607,198942789
5162,2019-07-31,4.32902,4.32972,4.15071,4.19304,361546282
5163,2019-08-01,4.20361,4.29409,4.04635,4.09858,423709493
5164,2019-08-02,4.00572,4.07533,3.95828,4.00572,430888521
5165,2019-08-05,3.82228,3.82348,3.70068,3.7477,592649890
5166,2019-08-06,3.82228,3.86792,3.7387,3.78646,363412293
5167,2019-08-07,3.72553,3.83647,3.70797,3.82448,374770330
5168,2019-08-08,3.88222,3.93433,3.82468,3.93313,311132372
5169,2019-08-09,3.8922,3.8954,3.78147,3.83168,343843000
5170,2019-08-12,3.77967,3.83168,3.7422,3.76388,280855511
5171,2019-08-13,3.75269,3.92414,3.72353,3.87842,362649496
5172,2019-08-14,3.79016,3.80114,3.68591,3.72972,422370327
5173,2019-08-15,3.75519,3.76848,3.66334,3.69739,557748798
5174,2019-08-16,3.96008,4.01441,3.89859,3.96527,1021404231
5175,2019-08-19,4.07893,4.26016,4.06264,4.24427,821161515
5176,2019-08-20,4.23877,4.23927,4.15071,4.17187,466269258
5177,2019-08-21,4.23797,4.31077,4.2166,4.25546,430447514
5178,2019-08-22,4.26515,4.30777,4.22259,4.26166,305557344
5179,2019-08-23,4.18506,4.23957,4.01701,4.03698,572873277
5180,2019-08-26,4.11587,4.13993,4.07363,4.11187,320482706
5181,2019-08-27,4.14991,4.15269,3.99144,4.021,293277834
5182,2019-08-28,3.99443,4.06334,3.95549,4.01041,257090134
5183,2019-08-29,4.10208,4.18684,4.09858,4.15438,360140968
5184,2019-08-30,4.20082,4.25047,4.14892,4.16707,292343561
5185,2019-09-03,4.09428,4.12725,4.06114,4.08411,297973552
5186,2019-09-04,4.14473,4.20581,4.14473,4.19834,229245718
5187,2019-09-05,4.30058,4.47802,4.29878,4.47173,699920843
5188,2019-09-06,4.44825,4.50527,4.40632,4.44445,378836459
5189,2019-09-09,4.47572,4.57707,4.47422,4.49061,419585026
5190,2019-09-10,4.45774,4.58366,4.44805,4.55721,354552670
5191,2019-09-11,4.57197,4.63397,4.54304,4.58566,363294718
5192,2019-09-12,4.63227,4.68671,4.57637,4.58406,329458292
5193,2019-09-13,4.51785,4.55502,4.48272,4.52654,326192716
5194,2019-09-16,4.45125,4.51805,4.44077,4.48342,232975507
5195,2019-09-17,4.49011,4.50887,4.44346,4.50487,229600247
5196,2019-09-18,4.49789,4.51355,4.39094,4.47772,265340219
5197,2019-09-19,4.48372,4.50207,4.39124,4.40182,257607345
5198,2019-09-20,4.40082,4.4245,4.2858,4.29609,359014189
5199,2019-09-23,4.29639,4.39512,4.29259,4.34972,257087881
5200,2019-09-24,4.38097,4.41052,4.25646,4.29209,322826549
5201,2019-09-25,4.29159,4.45375,4.24667,4.43407,314651516
5202,2019-09-26,4.4243,4.43308,4.361,4.41182,238999164
5203,2019-09-27,4.37028,4.42081,4.2123,4.27283,367764319
5204,2019-09-30,4.29878,4.34072,4.26743,4.33052,194152189
5205,2019-10-01,4.35372,4.50307,4.32403,4.32872,369379256
5206,2019-10-02,4.30677,4.31876,4.23228,4.30478,297120330
5207,2019-10-03,4.30937,4.51705,4.27881,4.51087,465013357
5208,2019-10-04,4.51305,4.55651,4.44775,4.52724,269282113
5209,2019-10-07,4.59183,4.68521,4.58306,4.58566,490722540
5210,2019-10-08,4.49409,4.49409,4.39094,4.40912,451559296
5211,2019-10-09,4.48612,4.54554,4.45724,4.49589,309402113
5212,2019-10-10,4.49359,4.60433,4.48831,4.55382,329131255
5213,2019-10-11,4.63757,4.70987,4.6186,4.62698,453090959
5214,2019-10-14,4.61561,4.66095,4.58706,4.64057,211373414
5215,2019-10-15,4.73044,4.95771,4.71647,4.88511,671280641
5216,2019-10-16,4.85087,4.95601,4.81961,4.83119,434887992
5217,2019-10-17,4.87582,4.92106,4.77879,4.83319,265620827
5218,2019-10-18,4.83359,4.86632,4.66425,4.73862,309141825
5219,2019-10-21,4.80002,4.88951,4.78138,4.87612,268284256
5220,2019-10-22,4.93304,5.03837,4.85834,4.86612,339033442
5221,2019-10-23,4.78408,4.86732,4.7521,4.85316,287179826
5222,2019-10-24,4.89429,4.93075,4.86034,4.89709,240216548
5223,2019-10-25,4.97797,5.10957,4.97019,5.0886,425178702
5224,2019-10-28,5.13255,5.19714,5.10297,5.14474,332423461
5225,2019-10-29,5.13075,5.13724,5.0287,5.04807,212278873
5226,2019-10-30,5.07502,5.08081,4.98186,5.05007,206977513
5227,2019-10-31,5.0291,5.05007,4.92076,5.00084,210767250
5228,2019-11-01,4.9654,5.07232,4.94043,5.03987,285037443
5229,2019-11-04,5.12127,5.24908,5.09797,5.23658,378574619
5230,2019-11-05,5.23638,5.26256,5.1669,5.21461,302352688
5231,2019-11-06,5.19065,5.21611,5.07782,5.1657,270340511
5232,2019-11-07,5.25178,5.26654,5.13854,5.18345,281722854
5233,2019-11-08,5.1665,5.20084,5.12875,5.16949,190341851
5234,2019-11-11,5.16869,5.20243,5.08201,5.17945,244992115
5235,2019-11-12,5.21741,5.27053,5.18265,5.21461,285239104
5236,2019-11-13,5.18365,5.21082,5.12257,5.18885,303856579
5237,2019-11-14,5.19784,5.22139,5.13774,5.21911,529606678
5238,2019-11-15,5.21681,5.26853,4.99125,5.07981,1059417001
5239,2019-11-18,5.07232,5.30757,5.06933,5.28102,578156721
5240,2019-11-19,5.25008,5.27353,5.11627,5.17468,417429353
5241,2019-11-20,5.15173,5.33752,5.13894,5.25357,475351053
5242,2019-11-21,5.24908,5.30487,5.20713,5.22878,289811858
5243,2019-11-22,5.25138,5.29827,5.22279,5.24638,225204295
5244,2019-11-25,5.37478,5.50788,5.36181,5.50289,509850276
5245,2019-11-26,5.48542,5.48991,5.39217,5.39865,387583595
5246,2019-11-27,5.44376,5.47812,5.40714,5.43309,216320116
5247,2019-11-29,5.40264,5.4306,5.37228,5.39616,142150402
5248,2019-12-02,5.38917,5.40264,5.19444,5.20942,375437023
5249,2019-12-03,5.02571,5.17418,4.98825,5.17019,476133789
5250,2019-12-04,5.25357,5.27603,5.18545,5.21362,274765425
5251,2019-12-05,5.23558,5.25138,5.1662,5.19684,185913892
5252,2019-12-06,5.26605,5.31516,5.25607,5.28232,233392648
5253,2019-12-09,5.25937,5.33712,5.25058,5.28232,216034680
5254,2019-12-10,5.31237,5.37918,5.25957,5.32734,257765200
5255,2019-12-11,5.33782,5.41662,5.33532,5.41112,234990920
5256,2019-12-12,5.38218,5.59646,5.37328,5.57817,407785782
5257,2019-12-13,5.58117,5.70048,5.52206,5.57617,456874688
5258,2019-12-16,5.62362,5.67772,5.59566,5.60513,322654373
5259,2019-12-17,5.62362,5.70598,5.61443,5.6833,324619121
5260,2019-12-18,5.71828,5.77418,5.70968,5.71368,345722070
5261,2019-12-19,5.74821,5.87544,5.74323,5.86205,455006474
5262,2019-12-20,5.92855,5.98487,5.90907,5.95941,605913817
5263,2019-12-23,5.98807,6.02033,5.93503,5.94572,356882472
5264,2019-12-24,5.93024,5.95791,5.8959,5.94082,139446042
5265,2019-12-26,5.94412,5.98307,5.92525,5.95492,183986159
5266,2019-12-27,5.9701,5.98367,5.87074,5.8971,255878238
5267,2019-12-30,5.87524,5.88032,5.75221,5.78358,259329792
5268,2019-12-31,5.74821,5.86724,5.72927,5.85806,232180562
5269,2020-01-02,5.94402,5.97288,5.8933,5.97288,238675161
5270,2020-01-03,5.85308,5.92105,5.82812,5.87724,206634962
5271,2020-01-06,5.78358,5.90707,5.75741,5.90189,264014644
5272,2020-01-07,5.93024,6.01934,5.8851,5.97338,320543948
5273,2020-01-08,5.9691,6.02601,5.92905,5.98467,278402946
5274,2020-01-09,6.07094,6.12277,5.99636,6.05026,256513024
5275,2020-01-10,6.1574,6.18787,6.06855,6.08272,317789012
5276,2020-01-13,6.16559,6.29821,6.14333,6.27322,321680962
5277,2020-01-14,6.2305,6.25577,6.14333,6.1562,361086768
5278,2020-01-15,6.16888,6.19136,6.08791,6.11388,264208422
5279,2020-01-16,6.16719,6.20334,6.14373,6.19736,285383048
5280,2020-01-17,6.21652,6.22412,6.1584,6.20614,254854482
5281,2020-01-21,6.16937,6.20634,6.13873,6.17257,218830597
5282,2020-01-22,6.21812,6.31316,6.19915,6.22532,240241635
5283,2020-01-23,6.26675,6.30341,6.17787,6.29501,245539460
5284,2020-01-24,6.41043,6.46016,6.18157,6.2361,375079410
5285,2020-01-27,5.93124,6.0313,5.78138,5.98007,472506764
5286,2020-01-28,6.04596,6.20584,5.99287,6.17337,312279722
5287,2020-01-29,6.1589,6.19516,6.07323,6.11318,260538864
5288,2020-01-30,6.01534,6.13335,5.96011,6.11977,291721434
5289,2020-01-31,6.07392,6.08591,5.84428,5.8861,371972560
5290,2020-02-03,5.86804,6.00285,5.86175,5.98337,257001091
5291,2020-02-04,6.12537,6.17157,6.07522,6.1525,272681950
5292,2020-02-05,6.27342,6.28342,6.1594,6.24309,209093025
5293,2020-02-06,6.27722,6.32954,6.19616,6.32924,219197133
5294,2020-02-07,6.28941,6.31168,6.23829,6.26346,190547628
5295,2020-02-10,6.28601,6.54741,6.28102,6.54661,531828029
5296,2020-02-11,6.65526,6.78426,6.59307,6.66945,641233843
5297,2020-02-12,6.72237,6.79186,6.68343,6.78526,376215333
5298,2020-02-13,6.72737,6.80884,6.69991,6.74142,530228936
5299,2020-02-14,7.15152,7.34334,7.12017,7.21432,1046291700
5300,2020-02-18,7.11117,7.40155,7.09162,7.38298,624488088
5301,2020-02-19,7.50579,7.85259,7.50579,7.8348,697242031
5302,2020-02-20,7.78667,7.87524,7.37759,7.68531,813446277
5303,2020-02-21,7.5733,7.59825,7.2361,7.32099,772518323
5304,2020-02-24,6.72687,7.01741,6.67225,6.80385,860507291
5305,2020-02-25,6.87874,6.94054,6.42193,6.52365,1059922634
5306,2020-02-26,6.52385,6.85776,6.52245,6.66345,752804204
5307,2020-02-27,6.34922,6.65127,6.20015,6.29221,909670668
5308,2020-02-28,6.0286,6.78726,6.02332,6.72787,1138750940
5309,2020-03-02,6.8977,6.91487,6.5016,6.88592,893945032
5310,2020-03-03,6.94174,7.00165,6.53785,6.6235,655137934
5311,2020-03-04,6.73117,7.09662,6.65626,7.08724,599553158
5312,2020-03-05,6.88772,7.05477,6.7633,6.80804,542268247
5313,2020-03-06,6.6283,6.68592,6.4267,6.6273,517263604
5314,2020-03-09,5.97608,6.46156,5.93324,6.11448,616364401
5315,2020-03-10,6.39026,6.50348,6.12806,6.50348,582734373
5316,2020-03-11,6.36321,6.39176,6.04276,6.14003,503871155
5317,2020-03-12,5.61613,5.88192,5.37608,5.38867,819474340
5318,2020-03-13,5.74163,6.00405,5.47042,5.99966,637118000
5319,2020-03-16,5.29151,5.6321,4.83239,4.89229,729583368
5320,2020-03-17,5.00484,5.5014,4.75759,5.41262,836626291
5321,2020-03-18,4.98426,5.22978,4.50108,5.05237,877406625
5322,2020-03-19,5.0309,5.39915,4.81721,5.30537,768263532
5323,2020-03-20,5.45515,5.73724,5.10997,5.12557,807524372
5324,2020-03-23,5.12457,5.39297,4.94522,5.29847,646187425
5325,2020-03-24,5.70448,6.29371,5.68071,6.20734,1105600837
5326,2020-03-25,6.32206,6.52185,6.06995,6.11877,796280615
5327,2020-03-26,6.32555,6.53195,6.22782,6.40773,700093380
5328,2020-03-27,6.22782,6.55441,6.19486,6.29541,641124360
5329,2020-03-30,6.36081,6.6253,6.31686,6.61602,604413351
5330,2020-03-31,6.65626,6.86046,6.42043,6.5664,953372726
5331,2020-04-01,6.36801,6.51466,6.01064,6.05526,659272666
5332,2020-04-02,6.08452,6.37678,6.03627,6.36351,678191761
5333,2020-04-03,6.32605,6.36751,5.93853,6.07622,665596080
5334,2020-04-06,6.35781,6.72317,6.30041,6.68622,730496960
5335,2020-04-07,6.90769,6.93125,6.40913,6.45237,787339811
5336,2020-04-08,6.5616,6.67494,6.49162,6.64997,544392944
5337,2020-04-09,6.77588,6.79885,6.48704,6.55011,528138070
5338,2020-04-13,6.49033,6.73117,6.40174,6.72237,399838318
5339,2020-04-14,6.85049,7.1074,6.82282,7.07355,532853787
5340,2020-04-15,6.9051,7.07894,6.85996,6.99586,367464031
5341,2020-04-16,7.15132,7.44818,7.13814,7.34104,748298579
5342,2020-04-17,7.42322,7.44469,7.14783,7.28184,541058445
5343,2020-04-20,7.15532,7.3112,7.1062,7.15052,451002396
5344,2020-04-21,7.0326,7.09362,6.65396,6.71388,737800464
5345,2020-04-22,6.90589,7.1711,6.86046,7.12816,486470243
5346,2020-04-23,7.1703,7.30201,7.04978,7.07505,425683094
5347,2020-04-24,7.06476,7.21562,6.98987,7.21362,353912145
5348,2020-04-27,7.34832,7.56053,7.32378,7.40025,481109885
5349,2020-04-28,7.54804,7.578,7.25226,7.25786,444494999
5350,2020-04-29,7.39256,7.48762,7.31749,7.43472,380523794
5351,2020-04-30,7.38078,7.43472,7.26686,7.28084,377268002
5352,2020-05-01,7.08324,7.19636,6.99616,7.04438,343326590
5353,2020-05-04,6.99686,7.26985,6.99686,7.25586,318695843
5354,2020-05-05,7.36031,7.47984,7.25606,7.31719,370220609
5355,2020-05-06,7.39655,7.52307,7.35881,7.41793,324627413
5356,2020-05-07,7.55754,7.65767,7.50639,7.59446,375072911
5357,2020-05-08,7.66617,7.79086,7.6323,7.78467,341128024
5358,2020-05-11,7.77968,8.08324,7.75094,8.0364,470745018
5359,2020-05-12,8.09422,8.14316,7.76492,7.7747,494830292
5360,2020-05-13,7.88953,8.0494,7.5677,7.75214,628098117
5361,2020-05-14,7.81364,8.00725,7.65997,8.00166,604475834
5362,2020-05-15,7.86177,8.47006,7.846,8.46057,991209343
5363,2020-05-18,8.72937,8.88455,8.64949,8.71908,779192159
5364,2020-05-19,8.75883,9.05468,8.73166,8.77401,719898505
5365,2020-05-20,8.95882,9.01076,8.85707,8.93785,589646554
5366,2020-05-21,9.01906,9.02006,8.7064,8.74404,763803365
5367,2020-05-22,8.79369,9.06017,8.68214,8.99408,1042496194
5368,2020-05-26,9.12379,9.14876,8.641,8.68674,773547617
5369,2020-05-27,8.59406,8.60186,7.96801,8.49461,1180115975
5370,2020-05-28,8.38219,8.72937,8.34924,8.45677,738772272
5371,2020-05-29,8.52378,8.84379,8.45479,8.84379,748599047
5372,2020-06-01,8.80167,8.80916,8.65847,8.77471,391913668
5373,2020-06-02,8.76482,8.80567,8.62702,8.79369,392726129
5374,2020-06-03,8.7907,8.83461,8.66897,8.73835,366751500
5375,2020-06-04,8.70091,8.91531,8.65049,8.73935,425608122
5376,2020-06-05,8.76702,8.9688,8.68094,8.89204,483255893
5377,2020-06-08,8.84958,8.86205,8.65877,8.77751,388952465
5378,2020-06-09,8.77261,9.08114,8.72408,9.01776,469957164
5379,2020-06-10,9.13897,9.47038,9.12479,9.33765,634162816
5380,2020-06-11,9.12119,9.23232,8.75863,8.76881,585479494
5381,2020-06-12,9.13377,9.15844,8.67615,8.90453,572697495
5382,2020-06-15,8.7877,9.15345,8.71668,9.14496,401255860
5383,2020-06-16,9.19607,9.2378,8.81115,9.04002,537394034
5384,2020-06-17,9.08503,9.26996,9.04172,9.20706,409585324
5385,2020-06-18,9.19807,9.2536,9.08583,9.18909,255206888
5386,2020-06-19,9.21365,9.41545,9.19837,9.23232,525803320
5387,2020-06-22,9.27096,9.50163,9.2443,9.49714,399715335
5388,2020-06-23,9.52128,9.61246,9.37811,9.42044,376283044
5389,2020-06-24,9.44669,9.52657,9.1158,9.20666,450779304
5390,2020-06-25,9.32667,9.47536,9.15345,9.46039,377250666
5391,2020-06-26,9.47038,9.47038,9.0962,9.12619,593941445
5392,2020-06-29,9.14097,9.17571,8.87205,9.17111,343320781
5393,2020-06-30,9.28493,9.49665,9.2376,9.46818,369045048
5394,2020-07-01,9.49115,9.54585,9.3835,9.50033,327670548
5395,2020-07-02,9.60898,9.7072,9.54855,9.5825,365195060
5396,2020-07-06,9.71119,9.87756,9.68224,9.80824,316883803
5397,2020-07-07,9.91499,10.038,9.81964,9.84061,358921100
5398,2020-07-08,9.96213,10.1938,9.93448,10.1838,366625952
5399,2020-07-09,10.3485,10.5373,10.2018,10.4763,496097190
5400,2020-07-10,10.5553,10.6222,10.3465,10.4473,499234566
5401,2020-07-13,10.5623,10.759,9.99404,10.021,458507511
5402,2020-07-14,10.044,10.3703,9.75485,10.3455,544375017
5403,2020-07-15,10.3823,10.4013,10.024,10.1958,405251044
5404,2020-07-16,9.9841,10.1748,9.86438,10.103,346045862
5405,2020-07-17,10.1938,10.2168,10.056,10.1698,267119220
5406,2020-07-20,10.2428,10.4983,10.125,10.4783,285743566
5407,2020-07-21,10.4803,10.5273,10.2547,10.2967,278537086
5408,2020-07-22,10.3355,10.5693,10.2597,10.4063,368441969
5409,2020-07-23,10.4173,10.5143,10.0,10.098,412951490
5410,2020-07-24,9.84391,10.3325,9.74645,10.1628,474775345
5411,2020-07-27,10.2008,10.4093,10.1858,10.3893,293045768
5412,2020-07-28,10.3425,10.3495,10.1778,10.1838,272487410
5413,2020-07-29,10.3583,10.4833,10.3155,10.4333,285399373
5414,2020-07-30,10.3435,10.5902,10.2637,10.5813,309848248
5415,2020-07-31,10.5303,10.7331,10.4013,10.5813,387496686
5416,2020-08-03,10.6991,11.0636,10.6821,10.9756,414312709
5417,2020-08-04,11.0156,11.1932,10.8729,11.1932,311308244
5418,2020-08-05,11.2092,11.3361,11.1313,11.2512,251284873
5419,2020-08-06,11.3141,11.3221,11.1432,11.3001,245081378
5420,2020-08-07,11.2771,11.4691,11.0026,11.1642,343589442
5421,2020-08-10,11.2991,11.3731,10.8229,11.1303,429136731
5422,2020-08-11,11.0396,11.1016,10.763,10.8169,355621613
5423,2020-08-12,10.9556,11.4311,10.9237,11.4041,466400113
5424,2020-08-13,11.51,11.6855,11.3201,11.4071,375633176
5425,2020-08-14,11.494,11.6685,11.4051,11.5278,367584651
5426,2020-08-17,11.8144,12.3704,11.7804,12.2976,623248190
5427,2020-08-18,12.4104,12.4564,12.049,12.2228,505024073
5428,2020-08-19,12.2578,12.2756,12.061,12.1008,624573765
5429,2020-08-20,11.9382,12.3355,11.8424,12.1038,924274011
5430,2020-08-21,12.1638,12.7679,12.1578,12.6442,1003003259
5431,2020-08-24,12.8438,12.8718,12.4684,12.6801,492101696
5432,2020-08-25,12.5913,12.721,12.5343,12.71,289982823
5433,2020-08-26,12.7589,12.8278,12.6382,12.733,322249760
5434,2020-08-27,12.7419,12.8098,12.5273,12.5883,318598308
5435,2020-08-28,12.6352,13.1063,12.6033,13.1063,538842042
5436,2020-08-31,13.1413,13.5328,12.9976,13.3331,502410909
5437,2020-09-01,13.4421,13.955,13.3991,13.7827,513926390
5438,2020-09-02,14.661,14.685,13.8614,14.3055,876489969
5439,2020-09-03,13.7906,13.8465,12.8428,12.9787,947804678
5440,2020-09-04,12.7479,13.1373,11.6715,12.5863,1467831119
5441,2020-09-08,11.7015,12.5144,11.6715,11.8804,797984705
5442,2020-09-09,12.3644,12.7729,12.1978,12.6791,738284766
5443,2020-09-10,12.9527,13.0286,12.1328,12.2766,700664631
5444,2020-09-11,12.4504,12.6162,11.8624,12.1308,638732005
5445,2020-09-14,13.0445,13.2772,12.5953,12.8358,1205150884
5446,2020-09-15,13.2432,13.2612,12.7918,12.9547,729618571
5447,2020-09-16,12.9208,13.0555,12.4784,12.4784,559179730
5448,2020-09-17,12.0978,12.5543,12.0011,12.4284,794757846
5449,2020-09-18,12.5583,12.5963,11.9551,12.1558,700441459
5450,2020-09-21,11.8924,12.4864,11.8714,12.4814,723085965
5451,2020-09-22,12.5393,12.6122,12.1218,12.6023,648284220
5452,2020-09-23,12.5403,12.6911,12.0461,12.0898,648846058
5453,2020-09-24,12.0381,12.5343,11.9801,12.3125,733312776
5454,2020-09-25,12.4194,12.8468,12.2118,12.8378,589682808
5455,2020-09-28,13.0036,13.0156,12.714,12.9986,575435396
5456,2020-09-29,12.9008,13.4051,12.8968,13.1883,624770629
5457,2020-09-30,13.1203,13.5848,13.1133,13.4928,691137383
5458,2020-10-01,13.7197,13.7247,13.4231,13.5768,526490264
5459,2020-10-02,13.1873,13.4818,13.0146,13.0256,554061733
5460,2020-10-05,13.1993,13.6058,13.1853,13.6048,481178157
5461,2020-10-06,13.7916,14.1028,13.6267,13.6987,786643013
5462,2020-10-07,13.961,14.0798,13.8256,13.9253,419270107
5463,2020-10-08,14.0358,14.0458,13.7197,13.8006,379974706
5464,2020-10-09,13.7287,13.7867,13.6227,13.7247,347874047
5465,2020-10-12,13.9502,14.3065,13.8743,14.1858,435975923
5466,2020-10-13,14.2557,14.3075,13.98,14.2078,345579758
5467,2020-10-14,14.2497,14.3025,13.9213,14.0558,277431188
5468,2020-10-15,13.7727,13.967,13.7297,13.9313,267982467
5469,2020-10-16,13.998,14.0818,13.7547,13.7737,243327274
5470,2020-10-19,13.8644,13.9442,13.3691,13.46,298913332
5471,2020-10-20,13.5458,13.7617,13.4689,13.6078,229861656
5472,2020-10-21,13.5868,13.7537,13.4401,13.4868,220219687
5473,2020-10-22,13.4848,13.5738,13.1943,13.3231,291302690
5474,2020-10-23,13.4121,13.5548,13.2542,13.5528,234145991
5475,2020-10-26,13.3891,13.6547,13.0016,13.1043,337849137
5476,2020-10-27,13.2692,13.4041,13.1543,13.3591,251229660
5477,2020-10-28,13.1613,13.2223,12.5733,12.5913,377585205
5478,2020-10-29,12.8018,13.1553,12.714,12.9877,320989021
5479,2020-10-30,12.8138,12.8998,12.2648,12.4984,418578987
5480,2020-11-02,12.6222,12.7998,12.3594,12.5453,300501879
5481,2020-11-03,12.6721,13.0685,12.5673,12.9827,273674489
5482,2020-11-04,13.3521,13.7896,13.2991,13.7557,411391956
5483,2020-11-05,14.1228,14.2985,13.952,14.1208,319932506
5484,2020-11-06,14.0708,14.5473,13.8564,14.5213,384435744
5485,2020-11-09,14.5113,14.649,13.5728,13.5928,584630118
5486,2020-11-10,13.5688,13.5688,12.5923,12.734,645892596
5487,2020-11-11,13.0176,13.3971,12.9118,13.3801,405890507
5488,2020-11-12,13.4411,13.7277,13.2782,13.4191,367674125
5489,2020-11-13,13.5888,13.6307,13.0226,13.2592,347745095
5490,2020-11-16,13.1353,13.6118,13.1193,13.4768,414947485
5491,2020-11-17,13.5148,13.5588,13.2672,13.3851,312912264
5492,2020-11-18,13.4271,13.5678,13.1473,13.3911,512373346
5493,2020-11-19,13.1753,13.45,13.0635,13.4031,567538167
5494,2020-11-20,13.4161,13.457,13.0286,13.0505,342056487
5495,2020-11-23,13.1343,13.3451,12.9787,13.1033,362378352
5496,2020-11-24,13.1053,13.1253,12.8488,12.9218,347482003
5497,2020-11-25,12.9956,13.2323,12.9837,13.1973,260653034
5498,2020-11-27,13.3371,13.3701,13.1333,13.2243,167749272
5499,2020-11-30,13.2273,13.3751,12.9358,13.3641,287765268
5500,2020-12-01,13.455,13.4908,13.1913,13.3531,298414639
5501,2020-12-02,13.3131,13.6357,13.1973,13.5068,284164302
5502,2020-12-03,13.5538,13.6257,13.2951,13.3631,200027034
5503,2020-12-04,13.4151,13.5258,13.3551,13.5248,202756682
5504,2020-12-07,13.5668,13.6967,13.4659,13.5728,223612984
5505,2020-12-08,13.5508,13.5648,13.2482,13.3171,272324457
5506,2020-12-09,13.2672,13.3801,12.8358,12.8978,401674464
5507,2020-12-10,12.8368,13.0356,12.8168,12.9398,208292042
5508,2020-12-11,12.9398,12.9877,12.7898,12.9807,209796764
5509,2020-12-14,13.0545,13.3551,13.0445,13.2752,270843540
5510,2020-12-15,13.4061,13.4301,13.1533,13.3271,193977008
5511,2020-12-16,13.3891,13.4031,13.1793,13.2093,223680935
5512,2020-12-17,13.3331,13.3461,13.1453,13.3081,231971140
5513,2020-12-18,13.3451,13.3711,13.0376,13.2393,342932803
5514,2020-12-21,13.0415,13.3371,12.9348,13.2991,303099471
5515,2020-12-22,13.2861,13.3041,13.0216,13.2452,186787764
5516,2020-12-23,13.2223,13.2422,12.9717,12.9767,179597429
5517,2020-12-24,13.0046,13.0993,12.9058,12.9607,98131953
5518,2020-12-28,13.0296,13.0296,12.731,12.8678,213105104
5519,2020-12-29,12.8928,13.0395,12.8098,12.9108,170804555
5520,2020-12-30,12.9577,13.1803,12.8638,13.1123,225969225
5521,2020-12-31,13.1033,13.1173,12.8818,13.0216,192912762
5522,2021-01-04,13.0715,13.6187,12.9298,13.0804,562064720
5523,2021-01-05,13.0665,13.4101,13.0535,13.3711,323579081
5524,2021-01-06,13.1893,13.2113,12.5543,12.5823,581896094
5525,2021-01-07,12.9348,13.3441,12.8538,13.3111,462652709
5526,2021-01-08,13.3291,13.3871,13.0096,13.2432,293271024
5527,2021-01-11,13.3851,13.9263,13.3291,13.5878,520346108
5528,2021-01-12,13.7187,13.7207,13.3111,13.451,292217483
5529,2021-01-13,13.456,13.5908,13.3511,13.4978,210561474
5530,2021-01-14,13.5408,13.5658,13.1473,13.1673,283838837
5531,2021-01-15,13.1953,13.2921,12.8158,12.8268,278486290
5532,2021-01-19,12.9837,13.0615,12.8118,12.9926,226760955
5533,2021-01-20,13.0785,13.3971,13.0236,13.3321,259227119
5534,2021-01-21,13.3851,13.964,13.2203,13.8335,339198288
5535,2021-01-22,13.7057,13.8076,13.5928,13.6787,247445000
5536,2021-01-25,13.7477,13.7946,13.2033,13.6197,251748494
5537,2021-01-26,13.5468,13.6108,13.3541,13.4011,164396585
5538,2021-01-27,13.1973,13.1993,12.7609,12.8848,372215142
5539,2021-01-28,12.9637,13.3061,12.9278,13.0176,228895416
5540,2021-01-29,13.0425,13.3011,12.8788,12.9567,272241233
5541,2021-02-01,13.0206,13.2373,12.8698,13.2033,217755575
5542,2021-02-02,13.3651,13.5378,13.2522,13.5228,220997747
5543,2021-02-03,13.6018,13.8973,13.4828,13.4968,246032145
5544,2021-02-04,13.4968,13.6397,13.3041,13.6307,201849460
5545,2021-02-05,13.6907,13.7027,13.5118,13.5568,169582954
5546,2021-02-08,13.6927,14.4373,13.6927,14.4025,435725890
5547,2021-02-09,14.3045,14.5463,14.1868,14.2267,288289940
5548,2021-02-10,14.4263,14.867,14.3045,14.726,486584133
5549,2021-02-11,14.9419,15.2333,14.8869,15.2124,451971911
5550,2021-02-12,15.0116,15.2512,14.737,14.9229,375708628
5551,2021-02-16,15.0256,15.3321,14.9119,15.2902,322776645
5552,2021-02-17,15.1325,15.1844,14.742,14.868,276398399
5553,2021-02-18,14.691,14.835,14.5383,14.791,234674899
5554,2021-02-19,14.9857,15.1385,14.809,14.8879,272413761
5555,2021-02-22,14.737,15.0945,14.2885,14.3195,326712651
5556,2021-02-23,14.0408,14.2028,13.3561,14.1068,391785948
5557,2021-02-24,14.0878,14.4703,13.7217,14.4623,449456883
5558,2021-02-25,14.0098,14.3385,13.1833,13.2742,826528453
5559,2021-02-26,13.7187,13.8206,13.3271,13.6807,502201737
5560,2021-03-01,13.8405,13.8903,13.5198,13.8076,354079385
5561,2021-03-02,13.8654,13.8863,13.3631,13.3721,264784441
5562,2021-03-03,13.3931,13.4181,12.7659,12.7719,378548590
5563,2021-03-04,12.7679,12.9428,12.054,12.3384,574800299
5564,2021-03-05,12.5184,12.5184,11.6495,12.4294,544216561
5565,2021-03-08,12.4184,12.4394,11.5368,11.5638,544490069
5566,2021-03-09,12.1038,12.5893,12.0331,12.4924,522969407
5567,2021-03-10,12.8118,12.9517,12.4304,12.4404,385219141
5568,2021-03-11,12.9218,13.0176,12.706,12.9657,300571714
5569,2021-03-12,12.6202,12.8608,12.5623,12.8278,244498750
5570,2021-03-15,12.8368,13.1783,12.7389,13.1623,223008223
5571,2021-03-16,13.3271,13.4828,13.0883,13.2622,272726136
5572,2021-03-17,13.0116,13.4241,12.9617,13.3121,244398771
5573,2021-03-18,13.1073,13.1553,12.6891,12.6941,294832961
5574,2021-03-19,12.722,12.8938,12.5843,12.8178,299862837
5575,2021-03-22,12.8848,13.3651,12.8788,13.1573,298455890
5576,2021-03-23,13.2253,13.3151,12.9926,13.0425,222532824
5577,2021-03-24,13.1223,13.1303,12.6092,12.6152,246377419
5578,2021-03-25,12.4724,12.6871,12.2448,12.5074,295791540
5579,2021-03-26,12.5263,12.8278,12.3464,12.8108,364766822
5580,2021-03-29,12.7918,13.0336,12.6721,12.9198,274119452
5581,2021-03-30,12.8138,12.9467,12.6771,12.8438,200641330
5582,2021-03-31,12.9877,13.4421,12.9537,13.3191,315467532
5583,2021-04-01,13.5428,13.8405,13.4818,13.7827,308950360
5584,2021-04-05,13.8385,13.984,13.7037,13.958,256231845
5585,2021-04-06,13.97,14.0238,13.7447,13.8325,192166280
5586,2021-04-07,13.8514,14.2118,13.6827,14.1138,251835193
5587,2021-04-08,14.2217,14.4403,14.2177,14.2856,244950703
5588,2021-04-09,14.1828,14.3765,14.1448,14.3685,195598705
5589,2021-04-12,14.2586,15.3171,14.1088,15.1754,871227627
5590,2021-04-13,15.1984,15.6646,15.0925,15.6436,677694189
5591,2021-04-14,15.5898,15.6846,15.1944,15.2422,386346972
5592,2021-04-15,15.6267,16.178,15.5967,16.101,599792595
5593,2021-04-16,16.017,16.13,15.8293,15.8763,335942366
5594,2021-04-19,15.5018,15.7716,15.1994,15.3271,405304594
5595,2021-04-20,15.2882,15.4618,14.9299,15.1375,334865481
5596,2021-04-21,15.0855,15.3271,15.0685,15.3251,217252225
5597,2021-04-22,15.3401,15.4039,14.751,14.817,278395204
5598,2021-04-23,14.9009,15.3001,14.867,15.2313,228271486
5599,2021-04-26,15.1515,15.4438,15.0915,15.4428,198230667
5600,2021-04-27,15.5428,15.6356,15.3191,15.3471,164933766
5601,2021-04-28,15.3301,15.4968,15.1824,15.2422,209875271
5602,2021-04-29,15.3649,15.4009,15.0385,15.2902,173576135
5603,2021-04-30,15.1405,15.3301,14.9638,14.9767,202352690
5604,2021-05-03,15.0915,15.2134,14.755,14.804,204358830
5605,2021-05-04,14.6053,14.6063,13.98,14.3195,406213308
5606,2021-05-05,14.676,14.781,14.3565,14.4263,292663188
5607,2021-05-06,14.4633,14.5393,14.1868,14.4913,193804832
5608,2021-05-07,14.775,14.9379,14.6401,14.779,229830029
5609,2021-05-10,14.754,14.773,14.2187,14.2347,269493258
5610,2021-05-11,13.7956,14.3235,13.7207,14.2746,286211383
5611,2021-05-12,13.98,14.2287,13.6797,13.7287,304074414
5612,2021-05-13,14.0039,14.0508,13.4301,13.6357,286353835
5613,2021-05-14,13.8604,14.2965,13.7197,14.2118,259181891
5614,2021-05-17,14.1268,14.1388,13.8246,14.1358,217456479
5615,2021-05-18,14.2357,14.3725,13.974,13.986,186662528
5616,2021-05-19,13.5368,14.0488,13.5138,14.0358,344753426
5617,2021-05-20,14.2706,14.651,14.2397,14.5803,322296870
5618,2021-05-21,15.1305,15.1884,14.836,14.9589,674467250
5619,2021-05-24,15.1784,15.7096,15.1425,15.5768,556032410
5620,2021-05-25,15.7306,15.7825,15.4468,15.6127,436361337
5621,2021-05-26,15.6986,15.7586,15.5508,15.6646,371250675
5622,2021-05-27,15.6646,15.7146,15.4249,15.4528,582749846
5623,2021-05-28,15.4658,16.2408,15.4658,16.2079,645948469
5624,2021-06-01,16.2338,16.3516,15.8673,16.2288,473839420
5625,2021-06-02,16.2158,16.8818,16.1989,16.741,595470023
5626,2021-06-03,16.6641,17.2214,16.5463,16.9327,581278223
5627,2021-06-04,17.0744,17.6229,17.0584,17.54,618473064
5628,2021-06-07,17.533,17.7734,17.1554,17.581,577017033
5629,2021-06-08,17.489,17.584,17.2134,17.419,324556658
5630,2021-06-09,17.482,17.541,17.2224,17.3242,382406460
5631,2021-06-10,17.3162,17.458,17.1424,17.391,288335168
5632,2021-06-11,17.446,17.9043,17.41,17.7904,417124619
5633,2021-06-14,17.8713,18.0051,17.6288,17.9842,322004955
5634,2021-06-15,17.8803,17.9812,17.6936,17.7535,243507372
5635,2021-06-16,17.7565,17.9203,17.55,17.7754,307725314
5636,2021-06-17,17.7405,18.799,17.7215,18.6213,811243775
5637,2021-06-18,18.7481,19.338,18.5484,18.6033,970755601
5638,2021-06-21,18.3995,18.5005,17.7884,18.3915,673701659
5639,2021-06-22,18.4365,18.9277,18.3505,18.8508,581284062
5640,2021-06-23,18.9716,19.1165,18.8718,19.0205,333009274
5641,2021-06-24,19.1913,19.383,19.0515,19.1693,321552190
5642,2021-06-25,19.2433,19.3092,18.8578,18.9946,278912205
5643,2021-06-28,19.3242,20.0401,19.2823,19.9463,496408824
5644,2021-06-29,19.8434,20.0601,19.6198,19.9883,368355310
5645,2021-06-30,19.9603,20.1228,19.8254,19.9633,327207037
5646,2021-07-01,20.086,20.4155,19.9803,20.1728,481077186
5647,2021-07-02,20.3995,20.4644,20.2487,20.4465,344070579
5648,2021-07-06,20.6961,20.8,20.3106,20.6562,447584122
5649,2021-07-07,20.812,20.833,20.2927,20.3326,419248414
5650,2021-07-08,19.8174,20.0939,19.6638,19.8644,504287376
5651,2021-07-09,19.9233,20.0411,19.7166,20.0112,297204786
5652,2021-07-12,20.2008,20.4924,20.1488,20.4714,322616647
5653,2021-07-13,20.3605,20.4205,20.0751,20.2108,291276812
5654,2021-07-14,20.3186,20.3785,19.7156,19.8044,380845123
5655,2021-07-15,19.7745,19.8094,18.8229,18.9297,551644971
5656,2021-07-16,18.9936,19.1205,18.0381,18.1259,689573232
5657,2021-07-19,17.8803,19.0055,17.8314,18.7441,750528743
5658,2021-07-20,18.6941,18.802,18.1289,18.5763,435539593
5659,2021-07-21,18.8388,19.49,18.7061,19.373,371745452
5660,2021-07-22,19.6049,19.8484,19.2393,19.557,324461436
5661,2021-07-23,19.6188,19.6628,19.2133,19.521,196055967
5662,2021-07-26,19.2743,19.405,18.8777,19.2573,204343377
5663,2021-07-27,19.2283,19.585,18.7051,19.1713,249350951
5664,2021-07-28,19.2823,19.6088,18.9586,19.466,202587941
5665,2021-07-29,19.482,19.8144,19.2912,19.6248,191155273
5666,2021-07-30,19.381,19.5929,19.2263,19.462,183857568
5667,2021-08-02,19.6628,19.9223,19.3242,19.7126,217870696
5668,2021-08-03,19.7027,20.1828,19.1833,19.7775,302403033
5669,2021-08-04,19.9513,20.2787,19.7905,20.2348,231763330
5670,2021-08-05,20.4594,20.6911,20.3026,20.5952,211850294
5671,2021-08-06,20.4834,20.5283,20.1708,20.3266,178846910
5672,2021-08-09,20.4055,20.4674,20.1039,20.2557,146730478
5673,2021-08-10,20.2827,20.3895,19.7965,19.8974,179589527
5674,2021-08-11,20.0042,20.0102,19.393,19.6618,186289712
5675,2021-08-12,19.8314,19.9903,19.583,19.8664,152159579
5676,2021-08-13,19.8664,20.1748,19.8134,20.1488,183422109
5677,2021-08-16,20.0959,20.2477,19.416,19.9113,211567172
5678,2021-08-17,19.6478,19.7325,19.2303,19.421,204986335
5679,2021-08-18,19.463,19.5959,18.9636,19.0035,286474575
5680,2021-08-19,19.456,20.4545,18.7261,19.7605,768059098
5681,2021-08-20,19.9523,20.823,19.8944,20.774,677067415
5682,2021-08-23,20.9288,21.9534,20.9078,21.9144,576936573
5683,2021-08-24,21.7095,21.9154,21.4919,21.7494,297882346
5684,2021-08-25,21.6935,22.4257,21.6786,22.169,348383386
5685,2021-08-26,22.156,22.2959,21.7464,22.0242,238407372
5686,2021-08-27,22.14,22.6771,22.123,22.5912,305320180
5687,2021-08-30,22.7849,22.9976,22.5063,22.6432,263095193
5688,2021-08-31,22.6542,22.6542,22.08,22.3449,260313718
5689,2021-09-01,22.4445,22.6561,22.3169,22.4007,202127264
5690,2021-09-02,22.4774,22.5522,22.2549,22.3559,188445495
5691,2021-09-03,22.2849,22.9446,22.16,22.8018,281333483
5692,2021-09-07,22.7919,22.8577,22.4824,22.6212,198460931
5693,2021-09-08,22.4724,22.5692,21.9374,22.2989,254888573
5694,2021-09-09,22.2719,22.4973,22.091,22.137,197207553
5695,2021-09-10,22.3089,22.5852,22.2299,22.4377,248819288
5696,2021-09-13,22.6432,22.9226,21.8184,22.112,298031167
5697,2021-09-14,22.2349,22.3697,22.0462,22.2019,200111320
5698,2021-09-15,22.2689,22.3269,21.9264,22.3009,166835410
5699,2021-09-16,22.144,22.2369,21.8874,22.2019,156312077
5700,2021-09-17,22.2599,22.2809,21.7904,21.8604,295028763
5701,2021-09-20,21.1074,21.394,20.6242,21.0744,350064471
5702,2021-09-21,21.378,21.386,20.9118,21.2074,205053625
5703,2021-09-22,21.3271,21.9204,21.1574,21.9014,269205449
5704,2021-09-23,22.1,22.4944,21.8504,22.4416,248998776
5705,2021-09-24,22.0302,22.109,21.8214,22.0412,218044135
5706,2021-09-27,21.6717,21.7594,21.2863,21.6208,245653040
5707,2021-09-28,21.1754,21.38,20.6132,20.6612,343681599
5708,2021-09-29,20.9018,20.9788,20.4305,20.4804,218783637
5709,2021-09-30,20.7311,21.0276,20.6502,20.6781,221403802
5710,2021-10-01,20.7121,20.821,20.1678,20.7041,241408294
5711,2021-10-04,20.4674,20.5054,19.521,19.6977,346252210
5712,2021-10-05,19.9153,20.6102,19.8194,20.4145,279780389
5713,2021-10-06,20.085,20.6821,20.0451,20.6622,297732492
5714,2021-10-07,21.0534,21.2833,20.9338,21.0366,257377733
5715,2021-10-08,21.0624,21.1674,20.7371,20.793,151528028
5716,2021-10-11,20.5373,21.0246,20.4744,20.6572,163679316
5717,2021-10-12,20.79,21.0187,20.4914,20.6332,162423074
5718,2021-10-13,20.88,20.9518,20.6752,20.9008,180974491
5719,2021-10-14,21.2493,21.7155,21.0834,21.7065,244023802
5720,2021-10-15,21.7704,21.8914,21.6228,21.8224,227399377
5721,2021-10-18,21.7095,22.2509,21.6048,22.1819,189831961
5722,2021-10-19,22.2359,22.3389,21.9973,22.2499,161761649
5723,2021-10-20,22.2649,22.3927,21.9424,22.0632,146537160
5724,2021-10-21,22.0572,22.6701,22.0432,22.6512,187925320
5725,2021-10-22,22.7819,23.0885,22.5203,22.6851,249829133
5726,2021-10-25,22.9316,23.3133,22.7289,23.1245,230645985
5727,2021-10-26,23.9463,25.2143,23.8813,24.6732,486766014
5728,2021-10-27,24.4305,25.0456,24.2389,24.4077,246429176
5729,2021-10-28,24.8339,24.9058,24.4794,24.8968,234622551
5730,2021-10-29,24.9558,25.6636,24.9558,25.522,293025187
5731,2021-11-01,25.6036,25.8484,25.1824,25.7814,266214312
5732,2021-11-02,25.7764,26.6303,25.7544,26.3547,294637620
5733,2021-11-03,26.6224,26.736,26.1889,26.5505,240338760
5734,2021-11-04,27.1555,31.3092,27.0696,29.7477,1155691296
5735,2021-11-05,30.133,31.3442,29.3573,29.6989,852780325
5736,2021-11-08,30.095,31.0447,29.8533,30.7493,503999356
5737,2021-11-09,32.2249,32.2519,29.9102,30.6024,647901159
5738,2021-11-10,29.3033,30.7952,28.726,29.4063,637341853
5739,2021-11-11,30.4137,30.5354,29.7237,30.3357,332765301
5740,2021-11-12,29.9562,30.6254,29.5769,30.3357,413791913
5741,2021-11-15,30.4974,30.5894,29.1943,29.9712,385596364
5742,2021-11-16,29.7059,30.3357,29.6529,30.1489,264955986
5743,2021-11-17,30.3637,30.4545,28.7479,29.2083,429273214
5744,2021-11-18,32.3088,32.7011,31.2653,31.6187,783106723
5745,2021-11-19,32.186,33.0287,31.8485,32.9259,534820028
5746,2021-11-22,33.4569,34.5853,31.8435,31.8994,755682323
5747,2021-11-23,31.4788,32.3018,30.8252,31.6897,533113034
5748,2021-11-24,31.4051,32.796,30.8732,32.6153,435939368
5749,2021-11-26,32.5414,32.6513,31.2942,31.4468,283574363
5750,2021-11-29,32.3078,33.3522,31.9794,33.3163,455776451
5751,2021-11-30,33.1097,33.2935,31.8076,32.6173,623177354
5752,2021-12-01,33.1646,33.2346,31.3282,31.3832,486610001
5753,2021-12-02,31.1624,32.4235,30.9738,32.0733,473676818
5754,2021-12-03,31.9474,32.0763,30.0801,30.6424,545230352
5755,2021-12-06,29.8304,30.1909,27.9912,29.9872,660034371
5756,2021-12-07,30.906,32.3946,30.6004,32.3726,594039821
5757,2021-12-08,31.9464,32.2359,31.3692,31.7736,476342370
5758,2021-12-09,31.6817,32.152,30.3777,30.4395,489319630
5759,2021-12-10,31.0984,31.2533,29.8114,30.1479,489638084
5760,2021-12-13,30.1989,30.2439,28.0692,28.114,599338798
5761,2021-12-14,27.6526,28.6302,27.2044,28.29,668144758
5762,2021-12-15,28.3528,30.4495,27.7915,30.4087,699458264
5763,2021-12-16,31.1004,31.1084,28.0462,28.3398,708542411
5764,2021-12-17,27.9383,28.8738,27.7136,27.7545,717814249
5765,2021-12-20,27.2594,28.0971,27.0996,27.6726,462614882
5766,2021-12-21,28.3268,29.0716,27.3553,29.0267,525257076
5767,2021-12-22,28.8428,29.506,28.4018,29.3513,395841632
5768,2021-12-23,29.7059,30.0091,29.3823,29.5909,343592236
5769,2021-12-27,29.6109,31.0347,29.5909,30.894,404357262
5770,2021-12-28,31.2603,31.2782,29.9622,30.2718,421290718
5771,2021-12-29,30.2219,30.4974,29.3173,29.9512,343709971
5772,2021-12-30,29.7775,30.4067,29.491,29.5369,309377907
5773,2021-12-31,29.6249,29.9802,29.2823,29.3623,266973193
5774,2022-01-03,29.7655,30.6604,29.7357,30.0711,393055570
5775,2022-01-04,30.2269,30.4177,28.3019,29.2413,528031140
5776,2022-01-05,28.9008,29.3673,27.4869,27.5577,498892235
5777,2022-01-06,27.5937,28.3908,27.0197,28.131,454941757
5778,2022-01-07,28.0941,28.3748,27.0117,27.2014,410620306
5779,2022-01-10,26.5365,27.423,25.6006,27.3543,595670001
5780,2022-01-11,27.2774,28.0182,26.7938,27.7705,404761355
5781,2022-01-12,28.0202,28.5474,27.5617,27.9522,384051161
5782,2022-01-13,28.3328,28.4327,26.4535,26.5305,539764316
5783,2022-01-14,26.2758,27.1515,26.1671,26.8967,396490679
5784,2022-01-18,26.2169,26.5934,25.7275,25.8604,426013526
5785,2022-01-19,26.0363,26.4995,25.0106,25.0256,489126652
5786,2022-01-20,25.2623,25.537,24.0379,24.1099,435904506
5787,2022-01-21,23.468,24.7821,23.2245,23.3352,720153585
5788,2022-01-24,22.2929,23.3412,20.853,23.3332,917333768
5789,2022-01-25,22.5083,22.9047,21.9634,22.2869,665721727
5790,2022-01-26,23.2015,24.0171,22.2629,22.7339,757216008
5791,2022-01-27,23.529,23.9552,21.6387,21.9074,574306293
5792,2022-01-28,21.9753,22.8198,21.2603,22.8018,544678630
5793,2022-01-31,23.1435,24.4684,23.0136,24.4455,565618836
5794,2022-02-01,25.0625,25.1035,23.8504,24.5973,519788226
5795,2022-02-02,25.7514,25.7744,24.5123,25.2003,544323200
5796,2022-02-03,24.4176,25.0356,23.7406,23.9083,410859973
5797,2022-02-04,23.9323,24.5943,23.593,24.2789,355418640
5798,2022-02-07,24.3318,25.1404,24.1619,24.6872,377494289
5799,2022-02-08,24.3189,25.1884,23.9403,25.0665,411041133
5800,2022-02-09,25.58,26.6803,25.3112,26.6603,525153622
5801,2022-02-10,25.9524,26.8797,25.558,25.7814,514053249
5802,2022-02-11,25.8734,26.1091,23.7336,23.9093,606478979
5803,2022-02-14,23.8943,24.8339,23.7156,24.2269,441156924
5804,2022-02-15,24.9078,26.5005,24.7431,26.4505,702919922
5805,2022-02-16,26.2159,26.5375,25.51,26.4665,733894884
5806,2022-02-17,25.5879,25.7425,24.1249,24.4664,811943227
5807,2022-02-18,24.6263,24.9448,23.0615,23.603,762520994
5808,2022-02-22,22.9966,24.024,22.9616,23.3512,634475922
5809,2022-02-23,23.7625,24.1149,22.2639,22.3499,567452970
5810,2022-02-24,20.9798,23.7605,20.855,23.7086,737024387
5811,2022-02-25,23.6817,24.1769,23.3422,24.1169,529745095
5812,2022-02-28,23.9522,24.6243,23.6677,24.3448,478112468
5813,2022-03-01,24.2509,24.3368,23.0935,23.438,412741297
5814,2022-03-02,23.7206,24.3728,23.3801,24.1839,390223389
5815,2022-03-03,24.2254,24.2898,23.434,23.6787,365639943
5816,2022-03-04,23.3492,23.6449,22.4485,22.9017,432655474
5817,2022-03-07,22.7829,22.9986,21.2982,21.3201,451493739
5818,2022-03-08,21.2773,22.3399,20.6192,21.4819,558299208
5819,2022-03-09,22.3539,23.1855,22.2139,22.9796,493477366
5820,2022-03-10,22.4973,22.7539,21.8494,22.6242,428704537
5821,2022-03-11,22.9876,23.1105,22.0133,22.0671,367756627
5822,2022-03-14,21.8364,22.2289,21.1274,21.2982,385929380
5823,2022-03-15,21.4859,23.0036,21.2902,22.9386,492729992
5824,2022-03-16,23.465,24.5603,23.1375,24.4594,672423835
5825,2022-03-17,24.0839,24.8049,23.8703,24.7291,472645561
5826,2022-03-18,24.7621,26.5295,24.5873,26.4135,731809155
5827,2022-03-21,26.4675,27.1116,25.9284,26.6942,592610231
5828,2022-03-22,26.6873,27.1974,26.0333,26.4845,547823506
5829,2022-03-23,26.0871,26.5719,25.537,25.5957,502869272
5830,2022-03-24,26.1271,28.278,25.8684,28.1081,878688626
5831,2022-03-25,27.8445,28.3159,27.2304,27.6506,579880360
5832,2022-03-28,27.7141,28.208,27.1655,28.177,426128968
5833,2022-03-29,28.6516,28.9028,27.9383,28.6133,489714208
5834,2022-03-30,28.262,28.4532,27.462,27.6486,464178883
5835,2022-03-31,27.7405,28.206,27.2294,27.2454,524221453
5836,2022-04-01,27.3343,27.455,26.2278,26.6723,518007082
5837,2022-04-04,26.6883,27.5169,26.5734,27.3193,398301398
5838,2022-04-05,27.2134,27.2784,25.7814,25.8924,437266376
5839,2022-04-06,24.8968,25.2623,23.9671,24.3708,704883028
5840,2022-04-07,24.4047,24.6852,23.443,24.1719,558825162
5841,2022-04-08,23.8813,23.8873,23.0276,23.0845,525563873
5842,2022-04-11,22.1809,22.2868,21.6277,21.8844,576065334
5843,2022-04-12,22.5033,22.6911,21.2503,21.472,663246488
5844,2022-04-13,21.6955,22.4664,21.423,22.17,517714976
5845,2022-04-14,22.4714,22.7429,21.1314,21.2264,569946225
5846,2022-04-18,21.1684,22.0552,21.0474,21.7504,526485216
5847,2022-04-19,21.6875,22.3399,21.2823,22.165,513545903
5848,2022-04-20,22.4835,22.6366,21.1684,21.45,469674383
5849,2022-04-21,21.6769,22.3588,19.9703,20.1528,657188831
5850,2022-04-22,20.2727,20.4555,19.471,19.486,625645813
5851,2022-04-25,19.1733,19.9153,19.0675,19.8724,642523145
5852,2022-04-26,19.6887,19.7585,18.6423,18.7601,654117313
5853,2022-04-27,18.5703,19.1383,18.2626,18.3875,500205613
5854,2022-04-28,18.9387,20.0072,18.4621,19.7525,571177921
5855,2022-04-29,19.373,20.0984,18.4895,18.5195,501181807
5856,2022-05-02,18.513,19.545,18.3635,19.504,572902461
5857,2022-05-03,19.371,19.7955,19.1045,19.573,476460897
5858,2022-05-04,19.8934,20.3695,18.7231,20.3036,649823044
5859,2022-05-05,19.8374,19.8954,18.4725,18.8159,627266208
5860,2022-05-06,18.7081,19.483,17.9632,18.6473,634241913
5861,2022-05-09,18.0071,18.2276,16.8018,16.9247,645416356
5862,2022-05-10,17.6626,18.1707,16.9994,17.569,762610788
5863,2022-05-11,17.3212,17.7265,16.5433,16.6052,671167252
5864,2022-05-12,16.195,16.763,15.5438,16.151,709786145
5865,2022-05-13,16.763,17.9017,16.5678,17.6796,671437134
5866,2022-05-16,17.483,17.7615,17.0804,17.2384,522224236
5867,2022-05-17,18.0471,18.3435,17.6079,18.1498,586704059
5868,2022-05-18,17.6786,18.0911,16.8388,16.9127,545974711
5869,2022-05-19,16.9117,17.6606,16.709,17.0984,622236893
5870,2022-05-20,17.3063,17.384,15.7316,16.6691,740208372
5871,2022-05-23,16.2498,16.8898,16.155,16.8728,640843722
5872,2022-05-24,16.4854,16.5723,15.7566,16.13,589428429
5873,2022-05-25,15.996,17.0854,15.9761,16.9496,782297737
5874,2022-05-26,16.012,18.0651,15.998,17.8244,998061905
5875,2022-05-27,18.1588,18.8528,18.0731,18.783,739481379
5876,2022-05-31,18.9516,19.1713,18.3225,18.6443,665090677
5877,2022-06-01,18.6961,19.0247,18.0951,18.2926,545326585
5878,2022-06-02,18.2646,19.59,18.1707,19.563,649623917
5879,2022-06-03,19.053,19.3035,18.494,18.6921,599672375
5880,2022-06-06,19.1105,19.3082,18.5366,18.7581,423036590
5881,2022-06-07,18.4445,18.9716,18.1608,18.8977,389494563
5882,2022-06-08,18.775,19.1554,18.5114,18.6242,363717725
5883,2022-06-09,18.4574,18.9087,18.0179,18.0249,396080453
5884,2022-06-10,17.5777,17.6743,16.8474,16.9522,466246079
5885,2022-06-13,15.9794,16.2912,15.5861,15.627,604927199
5886,2022-06-14,15.7109,16.0454,15.3922,15.8158,470281100
5887,2022-06-15,16.0744,16.8464,15.9057,16.5058,564657957
5888,2022-06-16,15.8397,15.922,15.3812,15.5811,546447682
5889,2022-06-17,15.628,15.9745,15.3083,15.8597,631141322
5890,2022-06-21,16.4534,16.9861,16.386,16.5448,483707636
5891,2022-06-22,16.2053,16.6407,16.1594,16.3391,438558441
5892,2022-06-23,16.4973,16.5638,15.8327,16.2043,464273486
5893,2022-06-24,16.4789,17.118,16.2892,17.104,472757578
5894,2022-06-27,17.29,17.308,16.6042,16.8474,428516035
5895,2022-06-28,16.8784,17.18,15.9247,15.9616,462450924
5896,2022-06-29,15.7938,15.7998,15.1507,15.5221,482970092
5897,2022-06-30,15.3413,15.5471,14.8431,15.1397,686948771
5898,2022-07-01,14.8811,15.0436,14.3735,14.5044,578349901
5899,2022-07-05,14.1568,14.9521,14.0368,14.9451,653042978
5900,2022-07-06,14.9909,15.2993,14.7701,15.1107,529743504
5901,2022-07-07,15.4356,15.9247,15.3692,15.8377,493534086
5902,2022-07-08,15.4102,16.0164,15.3692,15.8178,468571153
5903,2022-07-11,15.5061,15.5071,15.0188,15.1327,438950232
5904,2022-07-12,15.2484,15.4112,14.8581,15.0627,459070340
5905,2022-07-13,14.5714,15.3552,14.4464,15.1447,522586830
5906,2022-07-14,15.0887,15.4531,14.7091,15.3523,456819200
5907,2022-07-15,15.6389,15.7619,15.4252,15.7419,386429788
5908,2022-07-18,16.2812,16.8754,15.9814,16.0804,671376270
5909,2022-07-19,16.4649,17.088,16.1514,16.9702,703265693
5910,2022-07-20,16.9253,17.9096,16.7794,17.7842,761511911
5911,2022-07-21,17.8622,18.1207,17.5222,18.0269,557762767
5912,2022-07-22,17.8701,17.9441,17.1145,17.297,537358265
5913,2022-07-25,16.997,17.102,16.6277,17.002,481363267
5914,2022-07-26,16.8674,16.8974,16.4569,16.5118,398374508
5915,2022-07-27,17.01,17.9131,16.8914,17.7673,570506018
5916,2022-07-28,17.952,18.1168,17.4177,17.961,475254222
5917,2022-07-29,17.7902,18.2205,17.6693,18.1397,436018172
5918,2022-08-01,18.1586,18.8219,17.967,18.4174,477079317
5919,2022-08-02,18.0989,18.9132,18.0689,18.5024,490153922
5920,2022-08-03,18.1606,18.9436,18.1138,18.8688,418681144
5921,2022-08-04,18.8249,19.2494,18.7361,19.1904,410176966
5922,2022-08-05,18.786,19.2043,18.6422,18.9646,386562778
5923,2022-08-08,17.4797,18.2155,17.22,17.7703,985043241
5924,2022-08-09,17.23,17.4249,16.7025,17.064,669118582
5925,2022-08-10,17.6753,18.0949,17.295,18.0739,598187658
5926,2022-08-11,18.1078,18.6831,17.8532,17.9191,509978912
5927,2022-08-12,18.1367,18.6941,17.9301,18.6851,478706508
5928,2022-08-15,18.6771,19.1394,18.5892,19.0075,458251753
5929,2022-08-16,18.8952,19.1175,18.4774,18.8548,451817602
5930,2022-08-17,18.4994,18.6641,18.1217,18.3115,447371384
5931,2022-08-18,18.2775,18.8408,18.1596,18.7491,415978677
5932,2022-08-19,18.3974,18.4964,17.7473,17.8262,442153930
5933,2022-08-22,17.4677,17.5357,16.9443,17.012,410117329
5934,2022-08-23,16.9667,17.4427,16.9483,17.159,370459659
5935,2022-08-24,16.9901,17.3837,16.8734,17.2,523330151
5936,2022-08-25,16.8224,17.9241,16.8114,17.8901,771678456
5937,2022-08-26,17.8342,17.9011,16.2162,16.2392,770112553
5938,2022-08-29,15.9994,16.3171,15.7469,15.7808,496767402
5939,2022-08-30,15.9396,16.0184,15.1627,15.4481,530859762
5940,2022-08-31,15.3642,15.5201,14.9396,15.0747,574444686
5941,2022-09-01,14.1898,14.3615,13.2532,13.9192,1180375069
5942,2022-09-02,14.0818,14.1528,13.5737,13.6296,744109320
5943,2022-09-06,13.7136,13.7616,13.3339,13.4478,536437387
5944,2022-09-07,13.5497,13.8246,13.3329,13.7007,513161600
5945,2022-09-08,13.4458,13.9942,13.3559,13.9762,625487611
5946,2022-09-09,14.143,14.4597,14.112,14.3728,487607455
5947,2022-09-12,14.3548,14.5327,14.184,14.4907,484635355
5948,2022-09-13,13.7886,13.9083,13.086,13.118,715658707
5949,2022-09-14,13.2409,13.2769,12.9003,13.115,589085269
5950,2022-09-15,13.0025,13.22,12.7774,12.9163,524140085
5951,2022-09-16,12.729,13.199,12.6047,13.185,671411007
5952,2022-09-19,12.9993,13.4498,12.9973,13.3689,570245500
5953,2022-09-20,13.2015,13.4695,13.0442,13.163,525333848
5954,2022-09-21,13.2,14.017,13.097,13.2479,808473660
5955,2022-09-22,13.0652,13.136,12.4157,12.5487,759908709
5956,2022-09-23,12.4077,12.5987,12.245,12.5037,663961599
5957,2022-09-26,12.4787,12.6467,12.202,12.216,547880939
5958,2022-09-27,12.4947,12.7235,12.246,12.4007,554398712
5959,2022-09-28,12.3977,12.8103,12.3416,12.7235,542947282
5960,2022-09-29,12.4357,12.4877,11.9344,12.208,533287031
5961,2022-09-30,12.075,12.6207,12.0631,12.127,566194660
5962,2022-10-03,12.3348,12.6656,12.093,12.4997,548016852
5963,2022-10-04,12.8663,13.207,12.8663,13.154,584756146
5964,2022-10-05,12.898,13.3079,12.6087,13.196,507629435
5965,2022-10-06,13.207,13.6427,13.09,13.117,644790344
5966,2022-10-07,12.4927,12.6576,12.0102,12.0641,673139465
5967,2022-10-10,12.0252,12.1123,11.397,11.6585,699386341
5968,2022-10-11,11.5496,11.8344,11.2719,11.5745,668138022
5969,2022-10-12,11.5675,11.7234,11.3339,11.4888,493074596
5970,2022-10-13,10.9602,12.0661,10.8025,11.9482,850938989
5971,2022-10-14,12.0452,12.099,11.1929,11.2159,714133568
5972,2022-10-17,11.5068,11.9363,11.5058,11.8764,581345295
5973,2022-10-18,12.3318,12.4797,11.6065,11.9552,660010467
5974,2022-10-19,11.8674,12.3377,11.8224,12.0392,523645049
5975,2022-10-20,12.101,12.7564,12.093,12.182,653039168
5976,2022-10-21,12.0862,12.4857,11.8754,12.4537,610093778
5977,2022-10-24,12.4957,12.6975,12.0522,12.5867,517966260
5978,2022-10-25,12.6811,13.2869,12.6516,13.2479,505979414
5979,2022-10-26,12.8563,13.3749,12.6955,12.8833,536059925
5980,2022-10-27,13.6167,13.8246,13.109,13.163,583686505
5981,2022-10-28,13.091,13.8365,13.0482,13.8206,521552313
5982,2022-10-31,13.7647,13.8246,13.2839,13.4837,486819250
5983,2022-11-01,13.7976,13.9113,13.5057,13.5297,433242526
5984,2022-11-02,13.8365,14.196,13.1983,13.206,673289292
5985,2022-11-03,13.0303,13.7677,12.9433,13.4079,500556616
5986,2022-11-04,13.9722,14.215,13.6837,14.142,613178308
5987,2022-11-07,14.214,14.3978,13.9403,14.2868,410464198
5988,2022-11-08,14.7865,14.8765,14.202,14.5877,595877391
5989,2022-11-09,14.1475,14.197,13.7457,13.7627,454860524
5990,2022-11-10,14.7855,15.7576,14.5327,15.7346,701508425
5991,2022-11-11,15.792,16.373,15.4667,16.311,656132067
5992,2022-11-14,16.2021,16.5237,15.9064,16.279,528371532
5993,2022-11-15,16.705,16.9812,16.366,16.6496,546412306
5994,2022-11-16,16.1457,16.346,15.8574,15.8944,650185595
5995,2022-11-17,15.6996,16.25,15.5197,15.6616,711592642
5996,2022-11-18,15.9503,15.9862,15.1052,15.3938,492555546
5997,2022-11-21,15.1322,15.4617,15.0652,15.3019,405137324
5998,2022-11-22,15.3129,16.0418,15.1068,16.0222,473331079
5999,2022-11-23,16.0822,16.5107,16.0322,16.5027,427661072
6000,2022-11-25,16.302,16.4708,16.1562,16.254,168099444
6001,2022-11-28,16.0102,16.341,15.7096,15.8115,304451108
6002,2022-11-29,15.8115,15.9164,15.5047,15.6236,298677917
6003,2022-11-30,15.6856,16.9176,15.5857,16.9106,565709397
6004,2022-12-01,16.9865,17.2525,16.6229,17.1225,471319141
6005,2022-12-02,16.6469,16.9202,16.4331,16.8637,371658714
6006,2022-12-05,16.6669,16.9825,16.46,16.5979,352511387
6007,2022-12-06,16.5179,16.5609,15.8075,15.9754,352950806
6008,2022-12-07,15.7606,16.1743,15.6556,16.1083,372658441
6009,2022-12-08,16.2612,17.1665,15.9474,17.1565,515830463
6010,2022-12-09,17.1475,17.5704,16.9625,16.9885,465676660
6011,2022-12-12,17.0245,17.5254,16.7847,17.5224,457660443
6012,2022-12-13,18.5176,18.7764,17.6981,18.0589,657066338
6013,2022-12-14,17.9739,18.2386,17.4074,17.6611,497249518
6014,2022-12-15,17.1335,17.3075,16.6879,16.9396,478890174
6015,2022-12-16,16.8519,17.0285,16.3981,16.5589,478579778
6016,2022-12-19,16.5599,16.5969,16.1333,16.2422,354296284
6017,2022-12-20,16.0523,16.2982,15.8405,16.0733,403553106
6018,2022-12-21,16.1023,16.6149,16.0903,16.489,325261791
6019,2022-12-22,16.0818,16.1263,14.8713,15.3278,565456263
6020,2022-12-23,15.185,15.3278,14.8723,15.195,349579716
6021,2022-12-27,15.0631,15.0891,14.0456,14.1106,465240412
6022,2022-12-28,13.9169,14.2515,13.8739,14.0256,351321802
6023,2022-12-29,14.3915,14.6723,14.2165,14.5924,355181398
6024,2022-12-30,14.3235,14.6183,14.2225,14.6034,310715668
6025,2023-01-03,14.8403,14.9852,14.0856,14.3045,401568453
6026,2023-01-04,14.5564,14.8423,14.2305,14.7383,431637329
6027,2023-01-05,14.4804,14.5534,14.1375,14.2545,389451176
6028,2023-01-06,14.4634,14.9992,14.0236,14.8483,405338233
6029,2023-01-09,15.2728,16.0443,15.1301,15.6166,504597318
6030,2023-01-10,15.4957,15.9504,15.4607,15.8975,384380641
6031,2023-01-11,15.828,16.0163,15.5517,15.9893,353541896
6032,2023-01-12,16.0883,16.6249,15.4807,16.4989,551810134
6033,2023-01-13,16.2662,16.9096,16.1533,16.8867,447612400
6034,2023-01-17,16.8867,17.7151,16.8867,17.6891,511473917
6035,2023-01-18,17.6542,17.8601,17.2695,17.3644,439943316
6036,2023-01-19,17.0235,17.1845,16.7188,16.7528,453261045
6037,2023-01-20,16.9985,17.8431,16.8127,17.8261,565378056
6038,2023-01-23,18.0509,19.231,17.8046,19.179,655639131
6039,2023-01-24,18.8133,19.4809,18.8063,19.251,496565020
6040,2023-01-25,18.8986,19.3559,18.5665,19.3089,449864086
6041,2023-01-26,19.6868,20.1513,19.264,19.7877,489891490
6042,2023-01-27,19.4479,20.613,19.3909,20.3501,542536314
6043,2023-01-30,19.9355,20.1253,19.136,19.148,488966547
6044,2023-01-31,19.1555,19.6728,18.9361,19.5229,498378819
6045,2023-02-01,19.6768,21.1766,19.5968,20.9278,660957446
6046,2023-02-02,20.9848,21.9331,20.685,21.6932,564686233
6047,2023-02-03,20.9848,21.7292,20.7739,21.0846,429678255
6048,2023-02-06,20.7909,21.5543,20.7709,21.0736,452526001
6049,2023-02-07,21.3664,22.2429,21.1346,22.157,664632688
6050,2023-02-08,22.3708,22.8612,21.9921,22.1889,560058289
6051,2023-02-09,22.5895,23.0032,22.104,22.3209,524256828
6052,2023-02-10,21.6742,22.0617,20.7959,21.2495,551137335
6053,2023-02-13,21.5223,22.0321,20.9468,21.7721,475264058
6054,2023-02-14,21.5623,23.032,21.3504,22.9542,675964814
6055,2023-02-15,22.5325,22.8382,22.09,22.7473,421494616
6056,2023-02-16,22.117,22.5335,21.9109,21.9861,412325972
6057,2023-02-17,21.6153,21.7242,20.9598,21.3724,466226509
6058,2023-02-21,20.9848,21.4781,20.603,20.64,410312779
6059,2023-02-22,20.692,21.0886,20.4061,20.739,513557591
6060,2023-02-23,23.423,23.8706,23.0082,23.647,1118808599
6061,2023-02-24,23.2082,23.457,22.9302,23.2691,590144847
6062,2023-02-27,23.653,23.8626,23.437,23.484,453323161
6063,2023-02-28,23.355,23.8077,23.1892,23.1992,456294450
6064,2023-03-01,23.1752,23.2387,22.4917,22.6814,460360225
6065,2023-03-02,22.4717,23.3634,22.4158,23.2971,390358376
6066,2023-03-03,23.3031,23.8826,23.1132,23.8726,412693259
6067,2023-03-06,23.8736,24.2304,23.47,23.537,437747400
6068,2023-03-07,23.587,24.1115,23.2281,23.2751,515441035
6069,2023-03-08,23.474,24.1865,23.4105,24.1675,513859664
6070,2023-03-09,24.1615,24.4405,23.3698,23.423,501536399
6071,2023-03-10,23.396,23.614,22.7132,22.9521,475130348
6072,2023-03-13,22.7392,23.2851,22.2847,22.9531,422125489
6073,2023-03-14,23.483,24.2055,23.447,24.0495,475174853
6074,2023-03-15,23.7477,24.2725,23.347,24.2145,524778097
6075,2023-03-16,24.0135,25.5738,23.8807,25.5268,585272319
6076,2023-03-17,25.9676,26.3843,25.6536,25.7106,849019554
6077,2023-03-20,25.6006,26.0096,25.1158,25.8856,432988410
6078,2023-03-21,26.1655,26.3773,25.3669,26.1844,547712894
6079,2023-03-22,26.4103,27.5735,26.2224,26.4533,797739536
6080,2023-03-23,27.1004,27.4836,26.6751,27.1759,565203638
6081,2023-03-24,27.0159,27.1519,26.3403,26.764,455667925
6082,2023-03-27,26.822,26.9849,26.3503,26.5163,361226982
6083,2023-03-28,26.4323,26.4983,25.8356,26.3953,356302278
6084,2023-03-29,26.81,27.0629,26.5822,26.9689,393913321
6085,2023-03-30,27.2139,27.4836,27.0869,27.3678,364718927
6086,2023-03-31,27.1249,27.8188,27.0899,27.7615,434174651
6087,2023-04-03,27.4936,27.9844,27.3208,27.9494,398937851
6088,2023-04-04,27.9504,27.9844,27.2919,27.4377,368796989
6089,2023-04-05,26.814,26.9829,26.3803,26.8659,515301818
6090,2023-04-06,26.5692,27.0649,26.4123,27.0219,397875999
6091,2023-04-10,26.808,27.6055,26.6541,27.5635,395498885
6092,2023-04-11,27.708,27.7745,27.1109,27.1539,314553409
6093,2023-04-12,27.3548,27.4526,26.4328,26.4803,446507702
6094,2023-04-13,26.7191,26.8718,26.3143,26.4483,353812391
6095,2023-04-14,26.4893,26.8679,26.2054,26.743,395880677
6096,2023-04-17,26.5508,26.9909,26.4184,26.9869,321650493
6097,2023-04-18,27.5181,28.0944,27.3418,27.6515,605148672
6098,2023-04-19,27.3458,27.9844,27.2169,27.9154,358860333
6099,2023-04-20,27.6555,28.0144,26.9849,27.0889,427951674
6100,2023-04-21,26.9369,27.1679,26.7071,27.1039,345295136
6101,2023-04-24,26.9979,27.3508,26.6562,27.0269,339470981
6102,2023-04-25,27.0629,27.2319,26.2104,26.2264,378738157
6103,2023-04-26,26.9869,27.3148,26.6902,26.9409,406563309
6104,2023-04-27,27.3478,27.4796,26.6103,27.2109,377371426
6105,2023-04-28,27.2099,27.7425,27.0564,27.7335,292379026
6106,2023-05-01,27.8245,29.0421,27.7645,28.8938,570646441
6107,2023-05-02,28.6639,28.8198,28.0674,28.1944,402954058
6108,2023-05-03,27.8245,28.3513,27.4567,27.7865,383601106
6109,2023-05-04,27.6355,27.8435,27.2249,27.5465,322029815
6110,2023-05-05,27.81,28.7389,27.7155,28.6639,361695583
6111,2023-05-08,28.5062,29.2037,28.3343,29.1347,345171197
6112,2023-05-09,28.8828,28.9568,28.4343,28.5551,315044973
6113,2023-05-10,28.9888,29.0967,28.4455,28.8688,369555862
6114,2023-05-11,28.8798,28.9338,28.2304,28.5621,322328601
6115,2023-05-12,28.5131,28.7638,28.0304,28.3243,274375106
6116,2023-05-15,28.4927,28.9528,28.1364,28.9368,294089709
6117,2023-05-16,28.8248,29.8532,28.8158,29.1967,449655446
6118,2023-05-17,29.5676,30.1821,29.4137,30.1611,432776512
6119,2023-05-18,30.3931,31.8103,30.3031,31.6603,749142362
6120,2023-05-19,31.5183,31.5623,30.8989,31.2465,474171814
6121,2023-05-22,30.884,31.5023,30.663,31.1586,372207029
6122,2023-05-23,30.9827,31.2705,30.614,30.671,356451841
6123,2023-05-24,30.1931,30.59,29.7894,30.521,721820641
6124,2023-05-25,38.5014,39.4579,36.6147,37.959,1544771272
6125,2023-05-26,37.869,39.1483,37.529,38.9244,714794977
6126,2023-05-30,40.5724,41.9146,39.9267,40.0886,923915819
6127,2023-05-31,39.4659,40.2726,37.801,37.813,1003139055
6128,2023-06-01,38.4674,40.0277,38.3186,39.7478,636227396
6129,2023-06-02,40.0747,40.4774,39.0364,39.3051,483000292
6130,2023-06-05,38.8874,39.5429,38.6854,39.1493,396314599
6131,2023-06-06,38.8084,39.1383,38.1268,38.6324,388945824
6132,2023-06-07,38.8974,39.481,37.3389,37.4579,512230274
6133,2023-06-08,37.7069,38.8464,37.4879,38.4924,417962017
6134,2023-06-09,39.0194,39.6929,38.5494,38.7524,427911601
6135,2023-06-12,39.1823,39.512,38.6004,39.464,389850214
6136,2023-06-13,40.1678,41.0824,39.7219,41.0034,613486481
6137,2023-06-14,40.8054,42.9805,40.5336,42.9775,740801100
6138,2023-06-15,42.5828,43.2693,42.1278,42.6338,568880124
6139,2023-06-16,43.4303,43.7012,42.6413,42.6726,656007021
6140,2023-06-20,42.9785,43.97,42.6547,43.7881,451357878
6141,2023-06-21,43.4813,43.5953,42.0608,43.0255,551853270
6142,2023-06-22,42.2338,43.4058,42.2148,43.0055,417927031
6143,2023-06-23,42.4448,42.7896,41.9959,42.1898,358302391
6144,2023-06-26,42.4228,42.7446,40.0818,40.6136,594591669
6145,2023-06-27,40.7805,41.9209,40.4296,41.8569,462384470
6146,2023-06-28,40.6415,41.826,40.4996,41.0984,582903716
6147,2023-06-29,41.5391,41.581,40.5816,40.8034,380687006
6148,2023-06-30,41.661,42.5308,41.4823,42.2828,501375209
6149,2023-07-03,42.4978,42.8785,42.1828,42.3938,198299152
6150,2023-07-05,42.1158,43.1574,42.0658,42.2978,323764442
6151,2023-07-06,41.825,42.1598,41.3274,42.0838,304276831
6152,2023-07-07,42.3028,43.1944,42.1608,42.4838,356042996
6153,2023-07-10,42.6378,42.7916,41.63,42.1608,354068740
6154,2023-07-11,42.4618,42.7386,42.0478,42.3858,298379426
6155,2023-07-12,43.0135,43.915,42.7579,43.882,481495460
6156,2023-07-13,44.4977,46.134,44.4717,45.9561,478420735
6157,2023-07-14,46.5617,48.0662,45.0395,45.4485,772425757
6158,2023-07-17,46.2679,46.4749,45.2419,46.4399,510719919
6159,2023-07-18,46.6799,47.8743,45.7133,47.4724,570449216
6160,2023-07-19,47.4424,47.7964,46.7208,47.0557,427695823
6161,2023-07-20,46.4859,47.0657,45.0415,45.4994,538108634
6162,2023-07-21,45.7672,45.8451,44.08,44.2888,964206063
6163,2023-07-24,44.7107,45.0885,44.02,44.5917,383273620
6164,2023-07-25,44.9207,46.1615,44.9027,45.6584,348238896
6165,2023-07-26,46.0001,46.0321,44.6097,45.4315,364402579
6166,2023-07-27,46.4979,47.3734,45.7292,45.8791,456182477
6167,2023-07-28,46.6469,47.0057,46.3599,46.7288,331344561
6168,2023-07-31,46.7328,47.1087,46.4849,46.7078,251169228
6169,2023-08-01,46.4384,46.8787,46.0061,46.4859,239384572
6170,2023-08-02,45.8101,45.8191,43.3673,44.249,530382189
6171,2023-08-03,43.7802,45.0975,43.7802,44.4947,325224144
6172,2023-08-04,44.9646,45.6214,44.3728,44.6597,362830786
6173,2023-08-07,45.0905,45.5194,44.5432,45.396,322299758
6174,2023-08-08,44.8327,45.2215,44.036,44.6437,354004031
6175,2023-08-09,44.254,44.2918,42.1148,42.5348,586715246
6176,2023-08-10,42.1408,43.5543,41.816,42.3688,492928927
6177,2023-08-11,41.732,41.9989,40.6206,40.8364,533327215
6178,2023-08-14,40.4676,43.7802,40.2928,43.7332,690599135
6179,2023-08-15,44.5397,45.2475,43.6902,43.92,676818563
6180,2023-08-16,44.4997,44.6547,43.3863,43.4663,527690078
6181,2023-08-17,43.95,44.042,42.9815,43.3238,452600151
6182,2023-08-18,42.6158,43.5583,41.641,43.2793,584032829
6183,2023-08-21,44.4737,47.0437,44.202,46.9457,692887713
6184,2023-08-22,48.1131,48.1651,45.3126,45.6474,757550589
6185,2023-08-23,45.8451,47.1786,45.1875,47.0947,779399671
6186,2023-08-24,50.1932,50.2432,47.1377,47.1417,1156568792
6187,2023-08-25,46.9907,47.7834,45.0035,45.9971,925760511
6188,2023-08-28,46.4609,46.9587,44.8677,46.8138,685503223
6189,2023-08-29,46.6449,49.0588,46.3699,48.7618,701715338
6190,2023-08-30,49.0218,49.9044,48.403,49.2417,735539673
6191,2023-08-31,49.3576,49.7214,48.9358,49.3326,528809675
6192,2023-09-01,49.7394,49.7774,48.1197,48.487,464040822
6193,2023-09-05,48.2011,48.8286,47.8384,48.5259,382826257
6194,2023-09-06,48.423,48.5309,46.5627,47.0436,468843656
6195,2023-09-07,45.5082,46.3267,45.1352,46.2237,433490849
6196,2023-09-08,45.9249,46.5887,45.2542,45.5552,474075968
6197,2023-09-11,46.1308,46.1458,44.2955,45.1612,474141603
6198,2023-09-12,44.7214,45.6562,44.5144,44.8534,349386070
6199,2023-09-13,44.5834,45.9129,44.4864,45.4682,398503318
6200,2023-09-14,45.9329,45.9698,45.1142,45.5642,370234671
6201,2023-09-15,45.3242,45.5822,43.7917,43.8836,507018770
6202,2023-09-18,42.7321,44.2256,41.9844,43.9496,500456614
6203,2023-09-19,43.8167,43.9496,42.986,43.5039,373202813
6204,2023-09-20,43.5839,43.8866,42.2073,42.2233,367244051
6205,2023-09-21,41.5674,42.0843,40.9648,41.0018,450903384
6206,2023-09-22,41.5564,42.0993,41.2158,41.5944,479414321
6207,2023-09-25,41.5754,42.5203,41.1618,42.2063,419246630
6208,2023-09-26,41.9854,42.8041,41.6394,41.8954,402431516
6209,2023-09-27,42.3143,42.856,41.6135,42.4523,445100470
6210,2023-09-28,42.4443,43.4302,42.0993,43.073,424820529
6211,2023-09-29,43.8107,44.1276,43.2908,43.4829,397977702
6212,2023-10-02,44.0136,45.1582,43.8446,44.7654,433459157
6213,2023-10-03,44.7914,45.1132,43.2299,43.5009,471024435
6214,2023-10-04,43.7258,44.1266,43.2759,44.0246,361955257
6215,2023-10-05,44.0336,44.8834,43.8716,44.6714,393629248
6216,2023-10-06,44.1766,45.772,44.0096,45.745,434597390
6217,2023-10-09,44.8254,45.5882,44.3515,45.2562,409826892
6218,2023-10-10,45.2932,46.2417,45.0712,45.781,368718988
6219,2023-10-11,46.1787,46.8417,46.0329,46.7887,378277348
6220,2023-10-12,46.7597,47.5913,46.3127,46.9276,481503786
6221,2023-10-13,46.9426,47.0986,45.2632,45.4442,475602585
6222,2023-10-16,45.0462,46.2077,44.8954,46.0778,375238569
6223,2023-10-17,43.9836,44.7374,42.4643,43.9216,812634408
6224,2023-10-18,42.5753,43.203,41.8094,42.1803,627527346
6225,2023-10-19,42.7951,43.2809,41.8664,42.0853,501419261
6226,2023-10-20,41.8744,42.4543,41.0628,41.3717,477443329
6227,2023-10-23,41.2138,43.2319,40.9298,42.959,478708238
6228,2023-10-24,43.061,43.6808,42.6751,43.6469,401612492
6229,2023-10-25,43.3819,43.6339,41.5395,41.7634,398527196
6230,2023-10-26,41.8374,42.2398,39.8654,40.3111,541202273
6231,2023-10-27,41.1148,41.1908,40.0001,40.4849,416939223
6232,2023-10-30,41.0718,41.7504,40.4659,41.1458,388172272
6233,2023-10-31,40.4349,40.8638,39.2155,40.7649,518161098
6234,2023-11-01,40.8688,42.3653,40.8538,42.3093,437755442
6235,2023-11-02,43.3119,43.8676,42.878,43.4899,409323855
6236,2023-11-03,44.0036,45.2922,43.7068,44.9883,424767310
6237,2023-11-06,45.2677,45.9179,44.8824,45.734,400882201
6238,2023-11-07,45.7021,46.2007,45.1407,45.9379,343292937
6239,2023-11-08,46.0828,46.8497,45.9509,46.5567,346847727
6240,2023-11-09,47.4493,48.2121,46.7327,46.9326,540696735
6241,2023-11-10,47.4823,48.454,47.2655,48.3171,422598474
6242,2023-11-13,48.3021,49.0978,48.0812,48.6019,384278386
6243,2023-11-14,49.6616,49.8155,49.0218,49.6376,417108746
6244,2023-11-15,49.9165,49.9415,48.1821,48.8698,475673972
6245,2023-11-16,48.6608,49.5063,48.3121,49.4617,339882441
6246,2023-11-17,49.5056,49.6985,48.9888,49.2798,326017963
6247,2023-11-20,49.2938,50.5293,49.1628,50.3903,416297175
6248,2023-11-21,50.1073,50.4983,49.2038,49.9255,565957015
6249,2023-11-22,49.8335,50.3162,47.6723,48.6978,900976871
6250,2023-11-24,48.452,48.9028,47.7273,47.7583,294754085
6251,2023-11-27,47.7823,48.5119,47.6343,48.2241,395808867
6252,2023-11-28,48.2181,48.305,47.4553,47.8033,401639982
6253,2023-11-29,48.361,48.7438,47.8423,48.1221,382146544
6254,2023-11-30,48.0062,48.0922,46.4047,46.7527,526442102
6255,2023-12-01,46.5077,47.1825,46.1698,46.7477,369454191
6256,2023-12-04,46.0599,46.0599,44.9933,45.4932,437705964
6257,2023-12-05,45.4532,46.5868,45.2582,46.5528,371823010
6258,2023-12-06,47.2011,47.3735,45.3992,45.4902,380697455
6259,2023-12-07,45.6871,46.6158,45.5912,46.5828,350922015
6260,2023-12-08,46.5818,47.7273,46.5368,47.4925,359325547
6261,2023-12-11,47.4775,47.5175,45.8169,46.6138,509872609
6262,2023-12-12,46.0329,47.6525,46.0329,47.6435,372492439
6263,2023-12-13,47.6155,48.5802,47.5945,48.0744,447918818
6264,2023-12-14,48.3763,48.6561,47.4085,48.3363,391342662
6265,2023-12-15,48.1803,49.39,48.1063,48.8761,480083655
6266,2023-12-18,49.386,50.4187,49.1361,50.0628,412704147
6267,2023-12-19,49.41,49.6859,48.8811,49.59,464576140
6268,2023-12-20,49.641,49.9849,48.0844,48.0973,398007201
6269,2023-12-21,48.7971,49.0811,48.4053,48.9761,300510527
6270,2023-12-22,49.1811,49.369,48.4533,48.8161,252578351
6271,2023-12-26,48.9541,49.586,48.9461,49.2651,244268755
6272,2023-12-27,49.497,49.666,49.0711,49.403,233714224
6273,2023-12-28,49.629,49.8698,49.398,49.508,246657392
6274,2023-12-29,49.7989,49.9829,48.7371,49.508,389403673
6275,2024-01-02,49.2301,49.2811,47.5815,48.1543,411370819
6276,2024-01-03,47.4715,48.1704,47.3066,47.5555,320987151
6277,2024-01-04,47.7535,48.4863,47.4945,47.9844,306621799
6278,2024-01-05,48.4483,49.533,48.2923,49.0831,415156942
6279,2024-01-08,49.498,52.2601,49.465,52.2381,642692065
6280,2024-01-09,52.3861,54.3097,51.6754,53.1249,773319250
6281,2024-01-10,53.6008,54.5844,53.4738,54.3346,533947102
6282,2024-01-11,54.9834,55.3304,53.5448,54.8064,596927964
6283,2024-01-12,54.6044,54.9544,54.3147,54.6944,353093681
6284,2024-01-16,55.0024,56.8188,54.8844,56.3661,449707195
6285,2024-01-17,56.3311,56.4547,54.7244,56.0371,474528941
6286,2024-01-18,57.2438,57.5837,56.0911,57.0908,491789753
6287,2024-01-19,57.9725,59.4831,57.2088,59.4741,543655574
6288,2024-01-22,60.0321,60.3138,59.0532,59.6371,453083052
6289,2024-01-23,59.5531,59.8931,58.5685,59.8561,294737991
6290,2024-01-24,60.2868,62.8312,59.9211,61.3447,560429609
6291,2024-01-25,62.3324,62.7013,60.8327,61.5995,482913717
6292,2024-01-26,60.9427,61.7654,60.5558,61.0137,390419251
6293,2024-01-29,61.2147,62.4714,60.8897,62.4474,348831853
6294,2024-01-30,62.8821,63.475,62.2424,62.7562,410851752
6295,2024-01-31,61.4226,62.2514,60.6828,61.5095,453923530
6296,2024-02-01,62.0824,63.173,61.6325,63.0091,369250450
6297,2024-02-02,63.9558,66.5811,63.672,66.1412,476712770
6298,2024-02-05,68.2057,69.4773,67.186,69.3123,680270827
6299,2024-02-06,69.6102,69.7342,66.2812,68.2037,683305037
6300,2024-02-07,68.2997,70.2001,67.5807,70.0791,495715056
6301,2024-02-08,70.0541,70.7739,69.4353,69.6212,414539607
6302,2024-02-09,70.513,72.1645,70.1921,72.1125,436760686
6303,2024-02-12,72.5794,74.5899,71.2299,72.2275,613884180
6304,2024-02-13,70.3801,73.4292,69.6002,72.1075,602750994
6305,2024-02-14,73.1813,74.215,71.9175,73.879,505060575
6306,2024-02-15,73.848,73.954,72.3795,72.6374,420240923
6307,2024-02-16,74.079,74.3809,72.4804,72.5924,495467056
6308,2024-02-20,71.9265,71.9355,67.7147,69.4323,705032935
6309,2024-02-21,67.9867,68.8685,66.2292,67.4529,690493844
6310,2024-02-22,75.0037,78.5527,74.199,78.5158,865345014
6311,2024-02-23,80.7671,82.3706,77.5481,78.7947,829623519
6312,2024-02-26,79.6775,80.6231,78.4828,79.0696,504115617
6313,2024-02-27,79.3585,79.4575,77.1402,78.6787,391816297
6314,2024-02-28,77.5981,78.9106,77.1032,77.6411,393221855
6315,2024-02-29,79.0716,79.9673,78.3278,79.0896,507432807
6316,2024-03-01,79.9773,82.2766,79.4125,82.2556,479270945
6317,2024-03-04,84.1062,87.6702,83.6952,85.2128,615790990
6318,2024-03-05,85.2498,86.0766,83.3974,85.9436,520762473
6319,2024-03-06,88.0012,89.7027,87.0095,88.679,582658113
6320,2024-03-07,90.1367,92.7451,89.5807,92.6471,608263029
6321,2024-03-08,95.1154,97.377,86.4855,87.5073,1142539298
6322,2024-03-11,86.4085,88.776,84.1461,85.7538,678524607
6323,2024-03-12,88.0282,91.9382,86.1297,91.8913,668233203
6324,2024-03-13,91.0334,91.4824,88.414,90.8664,635863287
6325,2024-03-14,89.5557,90.6246,86.5795,87.9232,602460656
6326,2024-03-15,86.9095,89.5247,86.2366,87.8157,642238065
6327,2024-03-18,90.3667,92.3831,87.0644,88.434,669134196
6328,2024-03-19,86.6795,90.5227,84.9898,89.3769,672330292
6329,2024-03-20,89.7757,90.3887,88.2022,90.3507,479176127
6330,2024-03-21,92.2781,92.6261,90.3837,91.4134,480485956
6331,2024-03-22,91.1194,94.7556,90.8124,94.2667,586858166
6332,2024-03-25,93.9188,96.7431,93.4879,94.9796,552266704
6333,2024-03-26,95.8283,96.3523,92.4801,92.5391,513769099
6334,2024-03-27,93.09,93.2179,89.102,90.2287,586205882
6335,2024-03-28,89.9787,91.2784,89.172,90.3347,435315232
6336,2024-04-01,90.2777,92.2031,89.183,90.3417,452548528
6337,2024-04-02,88.427,90.0727,87.5993,89.4308,433166004
6338,2024-04-03,88.463,90.3527,88.379,88.943,370154100
6339,2024-04-04,90.3847,90.6126,85.8597,85.8847,435067824
6340,2024-04-05,86.8455,88.46,85.9057,87.9872,399773016
6341,2024-04-08,88.679,88.809,86.7115,87.1123,283287004
6342,2024-04-09,87.4213,87.6143,83.0024,85.3338,503666479
6343,2024-04-10,83.9061,87.3793,83.6891,87.0185,432030715
6344,2024-04-11,87.3993,90.7174,86.9055,90.5946,431739387
6345,2024-04-12,89.6777,90.1537,87.5093,88.1652,426905763
6346,2024-04-15,89.077,90.5916,85.9087,85.9806,443181773
6347,2024-04-16,86.412,88.0972,86.0435,87.3943,370540662
6348,2024-04-17,88.319,88.754,83.9301,84.0151,495516712
6349,2024-04-18,84.9498,86.1696,82.3825,84.651,447366153
6350,2024-04-19,83.1304,84.3041,75.5881,76.182,871686845
6351,2024-04-22,78.0855,80.0541,76.3819,79.4992,596481592
6352,2024-04-23,80.7499,82.7494,80.245,82.4035,438663124
6353,2024-04-24,83.9301,84.0621,79.1642,79.6582,512328708
6354,2024-04-25,78.8494,83.3034,78.2045,82.6124,424741191
6355,2024-04-26,83.7981,88.3099,83.3674,87.7143,551141138
6356,2024-04-29,87.5743,87.9712,85.2458,87.7363,389062783
6357,2024-04-30,87.2193,88.798,86.2796,86.3815,363794746
6358,2024-05-01,85.0568,85.9796,81.2354,83.0214,559995622
6359,2024-05-02,84.4291,86.2166,83.1804,85.7968,377986943
6360,2024-05-03,87.7683,89.2599,87.0195,88.768,398434959
6361,2024-05-06,89.3689,92.1981,89.034,92.1182,376291552
6362,2024-05-07,91.0764,91.7594,88.99,90.5327,437445076
6363,2024-05-08,89.4613,91.1724,89.3989,90.3907,325798079
6364,2024-05-09,90.5077,91.0504,88.2102,88.726,378102110
6365,2024-05-10,90.2832,91.3794,89.206,89.8567,335404741
6366,2024-05-13,90.4567,90.9764,88.508,90.3777,289748702
6367,2024-05-14,89.5777,91.6294,88.913,91.3344,296577227
6368,2024-05-15,92.4501,94.8396,91.5774,94.6076,417834278
6369,2024-05-16,94.8876,95.7963,94.0808,94.3367,324028460
6370,2024-05-17,94.3467,94.7176,91.7843,92.4571,359776125
6371,2024-05-20,93.7278,95.1775,93.4179,94.7576,318839873
6372,2024-05-21,93.5769,95.3774,93.1579,95.3634,329024282
6373,2024-05-22,95.4364,95.9973,93.2269,94.9276,548777789
6374,2024-05-23,102.004,106.295,101.496,103.774,835262840
6375,2024-05-24,104.424,106.45,102.976,106.444,429595279
6376,2024-05-28,110.218,114.912,109.857,113.874,652882312
6377,2024-05-29,113.023,115.465,110.875,114.798,557573810
6378,2024-05-30,114.623,115.791,109.637,110.474,487465627
6379,2024-05-31,112.493,112.69,106.915,109.607,613407586
6380,2024-06-03,113.594,114.973,111.976,114.973,438495475
6381,2024-06-04,115.688,116.572,114.018,116.409,403419428
6382,2024-06-05,118.343,122.421,117.44,122.412,528526789
6383,2024-06-06,124.018,125.557,118.292,120.97,664853444
6384,2024-06-07,119.742,121.664,117.994,120.86,412483362
6385,2024-06-10,120.342,123.071,116.982,121.762,314236974
6386,2024-06-11,121.752,122.851,118.722,120.892,222585531
6387,2024-06-12,123.041,126.86,122.552,125.18,299641274
6388,2024-06-13,129.37,129.78,127.14,129.59,260744803
6389,2024-06-14,129.94,132.82,128.3,131.86,309368151
6390,2024-06-17,132.97,133.71,129.56,130.96,288549004
6391,2024-06-18,131.12,136.309,130.67,135.559,294380514
6392,2024-06-20,139.778,140.738,129.5,130.76,517848395
6393,2024-06-21,127.1,130.61,124.28,126.55,655585905
6394,2024-06-24,123.221,124.44,118.022,118.092,476134394
6395,2024-06-25,121.182,126.48,119.302,126.07,425853220
6396,2024-06-26,126.11,128.1,122.582,126.38,363031980
6397,2024-06-27,124.08,126.39,122.901,123.97,252610703
6398,2024-06-28,124.56,127.69,122.732,123.52,315565472
6399,2024-07-01,123.45,124.82,118.812,124.28,284929535
6400,2024-07-02,121.112,123.39,121.012,122.652,218407697
6401,2024-07-03,121.642,128.26,121.342,128.26,215782278
6402,2024-07-05,127.36,128.83,125.66,125.81,214209769
6403,2024-07-08,127.47,130.75,127.02,128.18,237714031
6404,2024-07-09,130.33,133.8,128.63,131.36,287065151
6405,2024-07-10,134.01,135.079,132.4,134.889,249017024
6406,2024-07-11,135.729,136.129,127.03,127.38,374840624
6407,2024-07-12,128.24,131.9,127.2,129.22,252719562
6408,2024-07-15,130.54,131.37,127.16,128.42,208358340
6409,2024-07-16,128.42,129.02,124.56,126.34,214802686
6410,2024-07-17,121.332,121.832,116.702,117.972,390146438
6411,2024-07-18,121.832,122.382,116.542,121.072,321029106
6412,2024-07-19,120.332,121.582,117.352,117.912,217257350
6413,2024-07-22,120.332,124.05,119.842,123.52,258108802
6414,2024-07-23,122.761,124.67,122.082,122.572,173937844
6415,2024-07-24,119.152,119.932,113.422,114.232,327827510
6416,2024-07-25,113.022,116.612,106.284,112.262,460138077
6417,2024-07-26,116.172,116.182,111.562,113.042,293444389
6418,2024-07-29,113.672,116.262,111.282,111.572,248190395
6419,2024-07-30,111.502,111.972,102.524,103.714,486908466
6420,2024-07-31,112.882,118.322,110.863,117.002,473247265
6421,2024-08-01,117.512,120.142,106.794,109.193,523543176
6422,2024-08-02,103.744,108.704,101.354,107.254,482101914
6423,2024-08-05,92.0458,103.394,90.676,100.434,552927763
6424,2024-08-06,103.824,107.694,100.534,104.234,409075262
6425,2024-08-07,107.794,108.784,98.6748,98.8947,411503971
6426,2024-08-08,101.984,105.484,97.505,104.954,391970554
6427,2024-08-09,105.624,106.584,103.414,104.734,290889078
6428,2024-08-12,106.304,111.052,106.244,109.003,325610153
6429,2024-08-13,112.422,116.212,111.562,116.122,312694949
6430,2024-08-14,118.512,118.582,114.052,118.062,339298804
6431,2024-08-15,118.742,123.221,117.452,122.841,318135802
6432,2024-08-16,121.922,124.98,121.162,124.56,302636607
6433,2024-08-19,124.26,129.98,123.4,129.98,318382744
6434,2024-08-20,128.38,129.86,125.87,127.23,300133764
6435,2024-08-21,127.295,129.33,126.64,128.48,257923402
6436,2024-08-22,130.0,130.73,123.081,123.72,376247179
6437,2024-08-23,125.84,129.58,125.2,129.35,323280255
6438,2024-08-26,129.55,131.24,124.35,126.44,332015944
6439,2024-08-27,125.03,129.18,123.86,128.28,303181392
6440,2024-08-28,128.1,128.31,122.622,125.59,448170325
6441,2024-08-29,121.337,124.41,116.692,117.572,453093275
6442,2024-08-30,119.512,121.732,117.202,119.352,333803131
6443,2024-09-03,115.992,116.192,107.274,107.984,477228797
6444,2024-09-04,105.394,113.252,104.104,106.194,372527820
6445,2024-09-05,104.969,109.633,104.744,107.194,306898089
6446,2024-09-06,108.024,108.134,100.934,102.814,413701985
6447,2024-09-09,104.864,106.534,103.674,106.454,273954321
6448,2024-09-10,107.794,109.383,104.934,108.084,268325173
6449,2024-09-11,109.373,117.172,107.404,116.892,441490548
6450,2024-09-12,116.832,120.782,115.372,119.132,367125790
6451,2024-09-13,119.072,119.947,117.592,119.092,238374751
6452,2024-09-16,116.782,118.172,114.352,116.772,248789449
6453,2024-09-17,118.162,118.792,114.822,115.582,231941856
6454,2024-09-18,115.882,117.692,113.212,113.362,310340319
6455,2024-09-19,117.342,119.652,117.242,117.862,293526661
6456,2024-09-20,117.052,118.61,115.382,115.992,382488781
6457,2024-09-23,116.542,116.982,114.852,116.252,206242699
6458,2024-09-24,116.507,121.792,115.372,120.862,354991230
6459,2024-09-25,122.012,124.931,121.602,123.501,284712564
6460,2024-09-26,126.791,127.656,121.792,124.031,302603717
6461,2024-09-27,123.961,124.021,119.252,121.392,271027848
6462,2024-09-30,118.302,121.492,118.142,121.432,227069295
6463,2024-10-01,121.757,122.427,115.782,116.992,302115300
6464,2024-10-02,116.432,119.372,115.132,118.842,221861173
6465,2024-10-03,120.912,124.351,120.332,122.842,277137067
6466,2024-10-04,124.931,125.031,121.822,124.911,244482396
6467,2024-10-07,124.981,130.631,124.941,127.711,346274090
6468,2024-10-08,130.251,133.471,129.411,132.881,285742172
6469,2024-10-09,134.101,134.511,131.371,132.641,246208575
6470,2024-10-10,131.901,134.991,130.991,134.801,242328033
6471,2024-10-11,134.001,135.771,133.651,134.791,170221202
6472,2024-10-14,136.461,139.59,136.291,138.06,232363677
6473,2024-10-15,137.861,138.56,128.731,131.591,377857054
6474,2024-10-16,133.971,136.611,131.571,135.711,264897971
6475,2024-10-17,139.33,140.88,136.861,136.921,306457035
6476,2024-10-18,138.655,138.89,137.271,137.99,176102317
6477,2024-10-21,138.12,143.7,137.99,143.7,264572742
6478,2024-10-22,142.9,144.41,141.77,143.58,226327182
6479,2024-10-23,142.02,142.42,137.451,139.55,285949739
6480,2024-10-24,140.81,141.34,138.45,140.4,172366763
6481,2024-10-25,140.92,144.12,140.79,141.53,205136242
6482,2024-10-28,142.99,143.13,140.04,140.51,173598705
6483,2024-10-29,140.275,142.25,138.89,141.24,157604492
6484,2024-10-30,139.53,140.32,136.801,139.325,179430444
6485,2024-10-31,137.591,137.601,132.101,132.751,270058247
6486,2024-11-01,134.691,137.301,134.561,135.361,207142109
6487,2024-11-04,137.201,138.95,135.561,136.041,187541094
6488,2024-11-05,137.441,140.36,137.321,139.9,160548434
6489,2024-11-06,142.95,146.48,141.95,145.6,242060622
6490,2024-11-07,146.38,148.92,146.16,148.87,207337588
6491,2024-11-08,148.76,149.76,146.25,147.62,175677934
6492,2024-11-11,148.67,148.84,143.56,145.25,182338182
6493,2024-11-12,146.77,149.64,146.0,148.28,198648424
6494,2024-11-13,149.06,149.32,145.89,146.26,191916489
6495,2024-11-14,147.63,148.99,145.54,146.75,194476700
6496,2024-11-15,144.86,145.23,140.07,141.97,250150104
6497,2024-11-18,139.49,141.54,137.141,140.14,221881280
6498,2024-11-19,141.31,147.12,140.98,147.0,227850610
6499,2024-11-20,147.4,147.55,142.72,145.88,309893005
6500,2024-11-21,149.34,152.879,140.69,146.66,400974196
6501,2024-11-22,145.92,147.15,141.09,141.94,236422443
6502,2024-11-25,141.98,142.04,135.811,136.011,344965642
6503,2024-11-26,137.691,139.29,135.661,136.911,190300765
6504,2024-11-27,135.001,137.211,131.791,135.331,226386509
6505,2024-11-29,136.771,139.34,136.041,138.24,141872930
6506,2024-12-02,138.82,140.44,137.816,138.62,171694606
6507,2024-12-03,138.25,140.53,137.94,140.25,164425293
6508,2024-12-04,141.985,145.78,140.28,145.13,231240227
6509,2024-12-05,145.11,146.54,143.95,145.06,172621180
6510,2024-12-06,144.6,145.7,141.31,142.44,188505573
6511,2024-12-09,138.97,139.95,137.13,138.81,189308625
6512,2024-12-10,139.01,141.82,133.79,135.07,210020888
6513,2024-12-11,137.36,140.17,135.21,139.31,184905192
6514,2024-12-12,137.08,138.44,135.8,137.34,159211393
6515,2024-12-13,138.94,139.6,132.54,134.25,231514881
6516,2024-12-16,134.18,134.4,130.42,132.0,237951130
6517,2024-12-17,129.09,131.59,126.86,130.39,259410263
6518,2024-12-18,133.86,136.7,128.28,128.91,277444533
6519,2024-12-19,131.76,134.03,129.55,130.68,209719210
6520,2024-12-20,129.81,135.28,128.22,134.7,306528553
6521,2024-12-23,136.28,139.79,135.12,139.67,176053506
6522,2024-12-24,140.0,141.9,138.65,140.22,105156989
6523,2024-12-26,139.7,140.85,137.73,139.93,116519090
6524,2024-12-27,138.55,139.02,134.71,137.01,170582603
6525,2024-12-30,134.83,140.27,134.02,137.49,167734700
6526,2024-12-31,138.03,138.07,133.83,134.29,155659211
6527,2025-01-02,136.0,138.88,134.63,138.31,198247166
6528,2025-01-03,140.01,144.9,139.73,144.47,229322478
6529,2025-01-06,148.59,152.156,147.82,149.43,265377359
6530,2025-01-07,153.03,153.13,140.01,140.14,351782174
6531,2025-01-08,142.58,143.95,137.56,140.11,227349948
6532,2025-01-10,137.45,139.92,134.22,135.91,207602514
6533,2025-01-13,129.99,133.49,129.51,133.23,204808914
6534,2025-01-14,136.05,136.38,130.05,131.76,195590485
6535,2025-01-15,133.65,136.45,131.29,136.24,185217338
6536,2025-01-16,138.64,138.75,133.49,133.57,209235583
6537,2025-01-17,136.69,138.5,135.464,137.71,201188760
6538,2025-01-21,139.16,141.83,137.09,140.83,197748985
6539,2025-01-22,144.66,147.79,143.67,147.07,237651395
6540,2025-01-23,145.05,147.23,143.72,147.22,155915549
6541,2025-01-24,148.37,148.97,141.88,142.62,234657635
6542,2025-01-27,124.8,128.4,116.7,118.42,818830895
6543,2025-01-28,121.81,129.0,116.25,128.99,579666350
6544,2025-01-29,126.5,126.89,120.05,123.7,467120640
6545,2025-01-30,123.1,125.0,118.1,124.65,392925469
6546,2025-01-31,123.78,127.85,119.19,120.07,390372899
6547,2025-02-03,114.75,118.57,113.01,116.66,371235677
6548,2025-02-04,116.96,121.2,116.7,118.65,256550040
6549,2025-02-05,121.76,125.0,120.76,124.83,263110629
6550,2025-02-06,127.42,128.77,125.21,128.68,251483574
6551,2025-02-07,129.22,130.37,125.0,129.84,228186298
6552,2025-02-10,130.09,135.0,129.96,133.57,216989086
6553,2025-02-11,132.58,134.48,131.02,132.8,178902379
6554,2025-02-12,130.02,132.24,129.08,131.14,160278552
6555,2025-02-13,131.555,136.5,131.17,135.29,197429975
6556,2025-02-14,136.48,139.25,135.5,138.85,195479557
6557,2025-02-18,141.27,143.44,137.925,139.4,219176627
6558,2025-02-19,139.51,141.36,137.22,139.23,167536006
6559,2025-02-20,140.03,140.66,136.79,140.11,143903583
6560,2025-02-21,140.04,141.46,134.03,134.43,228217585
6561,2025-02-24,136.56,138.59,130.08,130.28,251381137
6562,2025-02-25,129.98,130.2,124.44,126.63,271428711
6563,2025-02-26,129.985,133.73,128.49,131.28,322553814
6564,2025-02-27,135.0,135.01,120.01,120.15,443175846
6565,2025-02-28,118.02,125.09,116.4,124.92,389091145
6566,2025-03-03,123.51,123.7,112.28,114.06,411381373
6567,2025-03-04,110.645,119.31,110.11,115.99,398163305
6568,2025-03-05,117.58,118.2781,114.51,117.3,284337886
6569,2025-03-06,113.53,115.35,110.22,110.57,321181861
6570,2025-03-07,111.25,113.48,107.56,112.69,341755468
6571,2025-03-10,109.9,111.85,105.46,106.98,366487363
6572,2025-03-11,106.99,112.236,104.77,108.76,354865692
6573,2025-03-12,114.12,116.76,112.88,115.74,323857454
6574,2025-03-13,117.03,117.76,113.79,115.58,299033131
6575,2025-03-14,118.61,121.88,118.15,121.67,277593455
6576,2025-03-17,122.74,122.89,118.03,119.53,255501481
6577,2025-03-18,118.0,119.02,114.54,115.43,299686944
6578,2025-03-19,117.27,120.445,115.68,117.52,273426225
6579,2025-03-20,116.55,120.2,116.47,118.53,248829749
6580,2025-03-21,116.94,117.99,115.42,117.7,266498528
6581,2025-03-24,119.88,122.22,119.34,121.41,228452534
6582,2025-03-25,120.545,121.29,118.92,120.69,167447198
6583,2025-03-26,118.73,118.84,112.71,113.76,296431667
6584,2025-03-27,111.35,114.45,110.66,111.43,236902055
6585,2025-03-28,111.485,112.87,109.0701,109.67,229872549
6586,2025-03-31,105.13,110.955,103.65,108.38,299212653
6587,2025-04-01,108.515,110.2,106.47,110.15,222614034
6588,2025-04-02,107.29,111.98,106.79,110.42,220601243
6589,2025-04-03,103.51,105.63,101.6,101.8,338769412
6590,2025-04-04,98.91,100.13,92.11,94.31,532273810
6591,2025-04-07,87.46,101.75,86.62,97.64,611041347
6592,2025-04-08,103.805,105.85,94.46,96.3,476243392
6593,2025-04-09,98.89,115.1,97.5301,114.33,612918336
6594,2025-04-10,109.37,110.86,99.15,107.57,437812353
6595,2025-04-11,108.5,111.5499,107.48,110.93,313417265
6596,2025-04-14,114.11,114.29,109.07,110.71,264705049
6597,2025-04-15,110.97,113.615,110.5,112.2,228966900
6598,2025-04-16,104.55,106.79,100.45,104.49,397016870
6599,2025-04-17,104.45,104.47,100.05,101.49,292517465
6600,2025-04-21,98.77,99.44,95.04,96.91,288501136
6601,2025-04-22,98.78,99.811,97.28,98.89,241004784
6602,2025-04-23,104.52,104.8,102.02,102.71,247525971
6603,2025-04-24,103.475,106.54,103.11,106.43,220815041
6604,2025-04-25,106.85,111.92,105.73,111.01,251064672
6605,2025-04-28,109.69,110.3699,106.02,108.73,207708479
6606,2025-04-29,107.67,110.1999,107.44,109.02,170444263
6607,2025-04-30,104.47,108.92,104.08,108.92,235044611
6608,2025-05-01,113.08,114.94,111.3,111.61,236121507
6609,2025-05-02,114.18,115.4,113.37,114.5,190194778
6610,2025-05-05,112.905,114.665,112.66,113.82,133163241
6611,2025-05-06,111.48,114.74,110.822,113.54,158525621
6612,2025-05-07,113.045,117.68,112.2818,117.06,207827821
6613,2025-05-08,118.25,118.68,115.85,117.37,198428122
6614,2025-05-09,117.35,118.23,115.21,116.65,132972189
6615,2025-05-12,121.97,123.0,120.28,123.0,225023345
6616,2025-05-13,124.98,131.2189,124.47,129.93,330430105
6617,2025-05-14,133.195,135.435,131.68,135.34,281180830
6618,2025-05-15,134.295,136.3,132.66,134.83,226632563
6619,2025-05-16,136.22,136.35,133.46,135.4,226542451
6620,2025-05-19,132.39,135.87,132.39,135.57,193154571
6621,2025-05-20,134.29,134.58,132.62,134.38,161514247
6622,2025-05-21,133.06,137.4,130.59,131.8,270608738
6623,2025-05-22,132.23,134.25,131.55,132.83,187343954
6624,2025-05-23,130.0,132.68,129.16,131.29,198821324
6625,2025-05-27,134.15,135.66,133.31,135.5,192953613
6626,2025-05-28,136.025,137.25,134.79,134.81,304021146
6627,2025-05-29,142.245,143.49,137.91,139.19,370615167
6628,2025-05-30,138.715,139.62,132.92,135.13,333170851
6629,2025-06-02,135.49,138.12,135.4,137.38,197663116
6630,2025-06-03,138.78,142.0,137.95,141.22,225578783
6631,2025-06-04,142.19,142.39,139.545,141.92,167120819
6632,2025-06-05,142.17,144.0,138.83,139.99,232410759
6633,2025-06-06,142.51,143.27,141.51,141.72,153986153
6634,2025-06-09,143.19,145.0,141.94,142.63,185114494
6635,2025-06-10,142.69,144.29,141.525,143.96,155881897
6636,2025-06-11,144.61,144.99,141.87,142.83,167694044
6637,2025-06-12,141.97,145.0,141.85,145.0,162364991
6638,2025-06-13,142.48,143.58,140.855,141.97,180820565
6639,2025-06-16,143.345,146.175,143.2001,144.69,183133666
6640,2025-06-17,144.49,145.22,143.78,144.12,139108000
6641,2025-06-18,144.005,145.65,143.12,145.48,161494121
6642,2025-06-20,145.45,146.2,142.65,143.85,242956157
6643,2025-06-23,142.5,144.78,142.03,144.17,154308941
6644,2025-06-24,145.56,147.96,145.5,147.9,187566121
6645,2025-06-25,149.27,154.45,149.26,154.31,269146471
6646,2025-06-26,155.975,156.715,154.0,155.02,198145746
6647,2025-06-27,156.04,158.71,155.255,157.75,263234539
6648,2025-06-30,158.4,158.66,155.96,157.99,194580316
6649,2025-07-01,156.29,157.2,151.49,153.3,213143621
6650,2025-07-02,152.98,157.6,152.97,157.25,171224111
6651,2025-07-03,158.37,160.98,157.77,159.34,143716055
6652,2025-07-07,158.2,159.31,157.342,158.24,140138975
6653,2025-07-08,159.33,160.22,158.39,160.0,138133025
6654,2025-07-09,161.22,164.42,161.16,162.88,183656443
6655,2025-07-10,164.32,164.5,161.61,164.1,167704075
6656,2025-07-11,163.715,167.89,163.47,164.92,193633263
6657,2025-07-14,165.37,165.49,162.02,164.07,136975754
6658,2025-07-15,171.19,172.4,169.195,170.7,230627350
6659,2025-07-16,171.06,171.75,168.9,171.37,158831509
6660,2025-07-17,172.02,174.16,170.83,173.0,160841119
6661,2025-07-18,173.64,174.25,171.26,172.41,146456416
6662,2025-07-21,172.75,173.38,171.0,171.38,123126136
6663,2025-07-22,171.34,171.39,164.58,167.03,193114327
6664,2025-07-23,169.53,171.26,167.97,170.78,154082197
6665,2025-07-24,172.44,173.83,171.3,173.74,128984628
6666,2025-07-25,173.61,174.72,172.96,173.5,122316792
6667,2025-07-28,174.02,177.0,173.97,176.75,140023521
6668,2025-07-29,177.96,179.38,175.02,175.51,154077512
6669,2025-07-30,176.51,179.89,176.04,179.27,174312208
6670,2025-07-31,182.9,183.3,175.93,177.87,221685446
6671,2025-08-01,174.09,176.54,170.89,173.72,204528985
6672,2025-08-04,175.16,180.2,174.52,180.0,148174609
6673,2025-08-05,179.62,180.26,175.9,178.26,156407621
6674,2025-08-06,176.325,179.9,176.25,179.42,137192265
6675,2025-08-07,181.57,183.88,178.795,180.77,151878365
6676,2025-08-08,181.55,183.3,180.4,182.7,123396679
6677,2025-08-11,182.05,183.84,180.25,182.06,138323191
6678,2025-08-12,182.96,184.48,179.46,183.16,145729202
6679,2025-08-13,182.615,183.97,179.35,181.59,179871724
6680,2025-08-14,179.75,183.02,179.46,182.02,129553959
6681,2025-08-15,181.88,181.9,178.0417,180.45,156602161
6682,2025-08-18,180.6,182.9375,180.59,182.01,132007959
6683,2025-08-19,182.43,182.5,175.49,175.64,185229219
6684,2025-08-20,175.165,176.0,168.801,175.4,215142725
6685,2025-08-21,174.85,176.9,173.81,174.98,140040850
6686,2025-08-22,172.61,178.59,171.2,177.99,172789427
6687,2025-08-25,178.35,181.91,176.57,179.81,163012789
6688,2025-08-26,180.055,182.39,178.81,181.77,168688186
6689,2025-08-27,181.98,182.49,179.1,181.6,235518949
6690,2025-08-28,180.82,184.47,176.41,180.17,281787824
6691,2025-08-29,178.11,178.15,173.145,174.18,243257873
6692,2025-09-02,170.0,172.379,167.22,170.78,231164853
6693,2025-09-03,171.06,172.41,168.875,170.62,164424873
6694,2025-09-04,170.57,171.86,169.41,171.66,141670144
6695,2025-09-05,168.03,169.03,164.07,167.02,224441435
6696,2025-09-08,167.55,170.96,167.35,168.31,163769133
6697,2025-09-09,169.09,170.98,166.7401,170.76,157548392
6698,2025-09-10,176.64,179.29,175.47,177.33,226852020
6699,2025-09-11,179.68,180.28,176.48,177.17,151159274
6700,2025-09-12,177.77,178.595,176.45,177.82,124911026
6701,2025-09-15,175.67,178.85,174.51,177.75,147061559
6702,2025-09-16,177.0,177.5,174.38,174.88,140737775
6703,2025-09-17,172.64,173.2,168.41,170.29,211843817
6704,2025-09-18,173.98,177.1,172.96,176.24,191763313
6705,2025-09-19,175.77,178.08,175.18,176.67,237182143
6706,2025-09-22,175.3,184.55,174.7053,183.61,269637001
6707,2025-09-23,181.97,182.42,176.21,178.43,192559552
6708,2025-09-24,179.77,179.78,175.4,176.97,143564116
6709,2025-09-25,174.48,180.26,173.125,177.69,191586733
6710,2025-09-26,178.17,179.77,174.93,178.19,148573732
6711,2025-09-29,180.425,184.0,180.32,181.85,193063455
6712,2025-09-30,182.08,187.35,181.48,186.58,236981032
6713,2025-10-01,185.24,188.14,183.9,187.24,173844901
6714,2025-10-02,189.6,191.05,188.06,188.89,136805821
6715,2025-10-03,189.19,190.36,185.38,187.62,137596896
6716,2025-10-06,185.5,187.23,183.33,185.54,157678104
6717,2025-10-07,186.23,189.06,184.0,185.04,140088008
6718,2025-10-08,186.57,189.6,186.54,189.11,130168861
6719,2025-10-09,192.225,195.3,191.06,192.57,182997234
6720,2025-10-10,193.505,195.62,182.05,183.16,268774359
6721,2025-10-13,187.965,190.1099,185.96,188.32,153482755
6722,2025-10-14,184.77,184.8,179.7,180.03,205641380
6723,2025-10-15,184.8,184.87,177.29,179.83,214450482
6724,2025-10-16,182.23,183.28,179.77,181.81,179723309
6725,2025-10-17,180.18,184.1,179.75,183.22,173135217
6726,2025-10-20,183.13,185.2,181.73,182.64,128544711
6727,2025-10-21,182.785,182.785,179.8,181.16,124240168
6728,2025-10-22,181.14,183.44,176.76,180.28,162249552
6729,2025-10-23,180.42,183.03,179.7901,182.16,111363718
6730,2025-10-24,183.835,187.47,183.5,186.26,131296677
6731,2025-10-27,189.99,192.0,188.4318,191.49,153452704
6732,2025-10-28,193.05,203.15,191.91,201.03,297986180
6733,2025-10-29,207.98,212.1899,204.775,207.04,308829564
6734,2025-10-30,205.15,206.16,201.41,202.89,178864443
6735,2025-10-31,206.45,207.97,202.07,202.49,179802178
6736,2025-11-03,208.08,211.335,205.56,206.88,180267285
6737,2025-11-04,203.0,203.9699,197.93,198.69,188919320
6738,2025-11-05,198.77,202.92,194.65,195.21,171350332
6739,2025-11-06,196.42,197.62,186.38,188.08,223029778
6740,2025-11-07,184.9,188.32,178.91,188.15,264942255
6741,2025-11-10,195.11,199.94,193.79,199.05,198897134
6742,2025-11-11,195.155,195.42,191.3,193.16,176483327
6743,2025-11-12,195.72,195.89,191.13,193.8,154935263
6744,2025-11-13,191.05,191.44,183.85,186.86,207423074
6745,2025-11-14,182.86,191.01,180.58,190.17,186591856
6746,2025-11-17,185.965,189.0,184.32,186.6,173628858
6747,2025-11-18,183.375,184.8,179.65,181.36,213598877
6748,2025-11-19,184.79,187.855,182.8301,186.52,247246436
6749,2025-11-20,195.95,196.0,179.85,180.64,343504849
6750,2025-11-21,181.235,184.56,172.93,178.88,346926153
6751,2025-11-24,179.49,183.5,176.48,182.55,256618335
6752,2025-11-25,174.91,178.16,169.55,177.82,320600271
6753,2025-11-26,181.63,182.91,178.24,180.26,183852010
6754,2025-11-28,179.01,179.29,176.5,177.0,121332776
6755,2025-12-01,174.76,180.3,173.68,179.92,188130955
6756,2025-12-02,181.76,185.66,180.0,181.46,182632230
6757,2025-12-03,181.08,182.45,179.1101,179.59,165138023
6758,2025-12-04,181.62,184.515,179.96,183.38,167364857
6759,2025-12-05,183.89,184.66,180.91,182.41,143971098
6760,2025-12-08,182.64,188.0,182.4,185.55,204378106
6761,2025-12-09,185.56,185.7167,183.32,184.97,144719705
6762,2025-12-10,184.965,185.48,182.035,183.78,162785370
6763,2025-12-11,180.275,181.32,176.62,180.93,182136641
6764,2025-12-12,181.11,182.82,174.62,175.02,204274918
6765,2025-12-15,177.936,178.415,175.03,176.29,164775636
6766,2025-12-16,176.26,178.49,174.9,177.72,148588098
6767,2025-12-17,176.1,176.13,170.31,170.94,222775464
6768,2025-12-18,174.53,176.15,171.82,174.14,176096001
6769,2025-12-19,176.665,181.45,176.34,180.99,324925927
6770,2025-12-22,183.92,184.16,182.35,183.69,129064369
6771,2025-12-23,182.97,189.33,182.9,189.21,174873621
6772,2025-12-24,187.94,188.91,186.59,188.61,65528545
6773,2025-12-26,189.92,192.69,188.0,190.53,139740292
6774,2025-12-29,187.71,188.755,185.91,188.22,120006103
6775,2025-12-30,188.24,188.99,186.93,187.54,97687274
6776,2025-12-31,189.57,190.56,186.49,186.5,120100484
6777,2026-01-02,189.835,192.9299,188.26,188.85,148240462
6778,2026-01-05,191.76,193.63,186.15,188.12,183529733
6779,2026-01-06,190.52,192.174,186.82,187.24,176862604
6780,2026-01-07,188.57,191.37,186.56,189.11,153543174
6781,2026-01-08,189.11,189.55,183.71,185.04,172457048
6782,2026-01-09,185.08,186.34,183.6701,184.86,131327534
6783,2026-01-12,183.22,187.12,183.02,184.94,137968453
6784,2026-01-13,184.995,188.1099,183.4,185.81,160128939
6785,2026-01-14,184.32,184.46,180.8,183.14,159586135
6786,2026-01-15,186.5,189.7,186.33,187.05,206188642
6787,2026-01-16,189.075,190.44,186.08,186.23,187967169
6788,2026-01-20,181.9,182.3786,177.61,178.07,223345257
6789,2026-01-21,179.05,185.379,178.4,183.32,200380959
6790,2026-01-22,184.75,186.17,183.93,184.84,139636626
6791,2026-01-23,187.5,189.6,186.8233,187.67,142748076
6792,2026-01-26,187.16,189.12,185.99,186.47,124799649
6793,2026-01-27,187.24,190.0,185.7,188.52,143711557
6794,2026-01-28,191.27,192.35,189.84,191.52,148552677
6795,2026-01-29,191.34,193.48,186.06,192.51,171764375
6796,2026-01-30,191.21,194.49,189.47,191.13,179489463
6797,2026-02-02,187.2,190.3,184.88,185.61,165794054
6798,2026-02-03,186.24,186.27,176.23,180.34,204019589
6799,2026-02-04,179.46,179.58,171.91,174.19,207014116
