,Date,Open,High,Low,Close,Volume
0,2010-06-28,1.13333,1.13333,1.13333,1.13333,0
1,2010-06-29,1.26667,1.66667,1.16933,1.59267,281749140
2,2010-06-30,1.71933,2.028,1.55333,1.58867,257915910
3,2010-07-01,1.66667,1.728,1.35133,1.464,123447945
4,2010-07-02,1.53333,1.54,1.24733,1.28,77127105
5,2010-07-06,1.33333,1.33333,1.05533,1.074,103189440
6,2010-07-07,1.09333,1.10867,0.998667,1.05333,103873710
7,2010-07-08,1.076,1.168,1.038,1.164,115793085
8,2010-07-09,1.172,1.19333,1.10333,1.16,60879090
9,2010-07-12,1.19667,1.20467,1.13333,1.13667,33053550
10,2010-07-13,1.15933,1.24267,1.12667,1.20933,40200900
11,2010-07-14,1.196,1.34333,1.184,1.32267,62941650
12,2010-07-15,1.32933,1.43333,1.26667,1.326,56179455
13,2010-07-16,1.38,1.42,1.33667,1.376,39318150
14,2010-07-19,1.42467,1.48333,1.39467,1.46067,37297335
15,2010-07-20,1.45667,1.45667,1.33667,1.35333,27378465
16,2010-07-21,1.37733,1.39333,1.3,1.348,18801630
17,2010-07-22,1.36667,1.41667,1.358,1.4,14435175
18,2010-07-23,1.41267,1.43733,1.404,1.41933,9810735
19,2010-07-26,1.43333,1.43333,1.35333,1.39667,13836795
20,2010-07-27,1.394,1.412,1.35067,1.37,9295125
21,2010-07-28,1.37,1.39333,1.36733,1.38133,7007745
22,2010-07-29,1.38467,1.392,1.33333,1.35667,9238650
23,2010-07-30,1.34667,1.36267,1.30333,1.32933,6402450
24,2010-08-02,1.36667,1.398,1.35533,1.39467,10787175
25,2010-08-03,1.4,1.46333,1.388,1.46333,18465345
26,2010-08-04,1.46333,1.47867,1.39,1.41733,13811340
27,2010-08-05,1.436,1.43667,1.33667,1.36333,11945700
28,2010-08-06,1.34,1.344,1.30133,1.306,11132070
29,2010-08-09,1.32667,1.332,1.29667,1.30667,12189840
30,2010-08-10,1.31,1.31,1.25467,1.26867,19219290
31,2010-08-11,1.246,1.25867,1.19,1.19333,11964750
32,2010-08-12,1.18667,1.19333,1.15933,1.17333,10369215
33,2010-08-13,1.212,1.23,1.17733,1.22133,9517695
34,2010-08-16,1.23,1.25333,1.21733,1.252,7293165
35,2010-08-17,1.264,1.29333,1.252,1.27667,6718215
36,2010-08-18,1.306,1.306,1.24,1.25133,9019980
37,2010-08-19,1.236,1.28333,1.222,1.25267,8686230
38,2010-08-20,1.24333,1.274,1.234,1.27333,4462485
39,2010-08-23,1.27267,1.35933,1.26667,1.342,16320435
40,2010-08-24,1.28333,1.314,1.26333,1.28,10096110
41,2010-08-25,1.27733,1.332,1.23733,1.32667,7549335
42,2010-08-26,1.326,1.35133,1.30667,1.31667,6506040
43,2010-08-27,1.31667,1.32467,1.3,1.31333,5672175
44,2010-08-30,1.31333,1.346,1.30733,1.32467,10990965
45,2010-08-31,1.31067,1.31933,1.28867,1.29867,3015180
46,2010-09-01,1.308,1.37933,1.30667,1.36333,7423275
47,2010-09-02,1.358,1.416,1.354,1.404,7305900
48,2010-09-03,1.39133,1.42,1.37733,1.40333,6389340
49,2010-09-07,1.374,1.4,1.36667,1.36933,3650025
50,2010-09-08,1.37733,1.39667,1.37333,1.39333,4325730
51,2010-09-09,1.4,1.40333,1.37933,1.38067,5642955
52,2010-09-10,1.38333,1.39533,1.31733,1.34467,5785335
53,2010-09-13,1.39267,1.39333,1.36667,1.38133,5410545
54,2010-09-14,1.36933,1.44,1.36867,1.408,9819435
55,2010-09-15,1.39867,1.46667,1.386,1.46533,10268370
56,2010-09-16,1.47667,1.544,1.38933,1.396,40282200
57,2010-09-17,1.40133,1.42133,1.32,1.34867,17622900
58,2010-09-20,1.378,1.42333,1.344,1.40333,14212125
59,2010-09-21,1.39267,1.43667,1.378,1.38467,11940000
60,2010-09-22,1.39133,1.39667,1.32,1.32467,14442240
61,2010-09-23,1.326,1.34267,1.3,1.304,10021140
62,2010-09-24,1.33,1.346,1.31,1.34,8597805
63,2010-09-27,1.36,1.38733,1.33667,1.36867,6278955
64,2010-09-28,1.40267,1.43267,1.384,1.42667,18216975
65,2010-09-29,1.41267,1.46867,1.40867,1.46533,29541855
66,2010-09-30,1.46667,1.47667,1.346,1.36067,32949375
67,2010-10-01,1.37933,1.38333,1.354,1.37333,7837770
68,2010-10-04,1.362,1.41133,1.35333,1.39933,9653985
69,2010-10-05,1.41,1.41867,1.40067,1.408,4979040
70,2010-10-06,1.404,1.41733,1.35467,1.364,4700355
71,2010-10-07,1.37133,1.376,1.356,1.362,2113800
72,2010-10-08,1.362,1.386,1.35933,1.362,3993285
73,2010-10-11,1.36267,1.38,1.338,1.34933,2567910
74,2010-10-12,1.34667,1.352,1.33533,1.34933,3658680
75,2010-10-13,1.376,1.39,1.35733,1.36933,4788000
76,2010-10-14,1.4,1.402,1.36,1.38333,4419300
77,2010-10-15,1.39267,1.39333,1.35,1.36933,4245675
78,2010-10-18,1.368,1.376,1.348,1.34867,2440935
79,2010-10-19,1.34667,1.36067,1.33333,1.33667,3676905
80,2010-10-20,1.344,1.37933,1.336,1.37667,4686660
81,2010-10-21,1.374,1.39667,1.36333,1.38333,6256485
82,2010-10-22,1.37867,1.39533,1.37,1.38133,2415315
83,2010-10-25,1.396,1.39867,1.382,1.39,1779210
84,2010-10-26,1.38667,1.458,1.36733,1.424,9912615
85,2010-10-27,1.41667,1.42533,1.37667,1.4,5347500
86,2010-10-28,1.426,1.43333,1.39733,1.41267,3362850
87,2010-10-29,1.40933,1.45667,1.40333,1.456,4184325
88,2010-11-01,1.46267,1.51667,1.42067,1.42733,6836760
89,2010-11-02,1.44533,1.45867,1.40333,1.41667,4836975
90,2010-11-03,1.41867,1.5,1.41067,1.45133,5612985
91,2010-11-04,1.50667,1.68867,1.47667,1.66,28122015
92,2010-11-05,1.658,1.66467,1.58133,1.62933,14810790
93,2010-11-08,1.63333,1.66667,1.602,1.66533,7640625
94,2010-11-09,1.66667,1.71267,1.60333,1.642,14349735
95,2010-11-10,1.632,1.998,1.60333,1.95733,45915570
96,2010-11-11,1.90667,1.94,1.822,1.86933,29171910
97,2010-11-12,1.88333,2.03333,1.87133,1.98933,40029195
98,2010-11-15,2.01467,2.196,2.01467,2.05333,39363495
99,2010-11-16,2.06667,2.09333,1.89467,1.978,20212965
100,2010-11-17,2.01333,2.05,1.90733,1.966,11249115
101,2010-11-18,2.04467,2.04933,1.928,1.99267,14343720
102,2010-11-19,2.01067,2.09133,0.535333,2.066,17183295
103,2010-11-22,2.10467,2.23,2.1,2.22667,22944330
104,2010-11-23,2.21933,2.37867,2.146,2.30467,23669550
105,2010-11-24,2.35133,2.398,2.28867,2.36467,21374385
106,2010-11-26,2.37333,2.4,2.31667,2.35467,5141310
107,2010-11-29,2.36067,2.39667,2.222,2.28867,17183145
108,2010-11-30,2.24933,2.35533,2.22733,2.35533,33338370
109,2010-12-01,2.39133,2.428,2.23,2.29,19487625
110,2010-12-02,2.26733,2.28667,2.08,2.15667,30104505
111,2010-12-03,2.134,2.15,2.058,2.09933,16552350
112,2010-12-06,2.09,2.09667,1.97067,2.02067,19115625
113,2010-12-07,2.03267,2.16,2.00333,2.104,19673220
114,2010-12-08,2.16533,2.166,2.10133,2.158,9899700
115,2010-12-09,2.16733,2.18133,2.11,2.13667,6089745
116,2010-12-10,2.13667,2.19467,2.07533,2.10133,6413715
117,2010-12-13,2.10933,2.118,2.02667,2.03667,6154965
118,2010-12-14,2.01933,2.026,1.85067,1.902,26485275
119,2010-12-15,1.91133,1.998,1.902,1.97333,11143500
120,2010-12-16,2.0,2.06067,1.97667,2.054,11851050
121,2010-12-17,2.08933,2.10267,2.04733,2.09067,10124325
122,2010-12-20,2.10933,2.146,2.084,2.11333,7849800
123,2010-12-21,2.12,2.17933,2.114,2.15067,11665170
124,2010-12-22,2.15,2.19067,2.11333,2.17533,12498840
125,2010-12-23,2.084,2.16533,1.99467,2.006,23287875
126,2010-12-27,1.868,1.90533,1.67067,1.70333,139528935
127,2010-12-28,1.72333,1.78333,1.66667,1.76067,60844050
128,2010-12-29,1.802,1.86733,1.76667,1.84867,49791450
129,2010-12-30,1.84667,1.86,1.75867,1.76667,30616005
130,2010-12-31,1.78533,1.8,1.76667,1.77533,18178245
131,2011-01-03,1.78933,1.8,1.72667,1.77467,19243560
132,2011-01-04,1.77733,1.79667,1.73467,1.778,17836065
133,2011-01-05,1.76533,1.79333,1.746,1.78867,21703035
134,2011-01-06,1.78733,1.86667,1.78733,1.85867,30916755
135,2011-01-07,1.86667,1.90533,1.86,1.88267,22708245
136,2011-01-10,1.87667,1.912,1.87,1.89667,20139180
137,2011-01-11,1.906,1.914,1.79467,1.79733,25660515
138,2011-01-12,1.80067,1.82667,1.768,1.79733,14470830
139,2011-01-13,1.79733,1.798,1.744,1.748,10852830
140,2011-01-14,1.742,1.772,1.70733,1.71667,17071785
141,2011-01-18,1.69867,1.70933,1.65,1.70933,24338085
142,2011-01-19,1.69667,1.698,1.58333,1.602,35572710
143,2011-01-20,1.602,1.63,1.49133,1.508,34197870
144,2011-01-21,1.54933,1.57267,1.514,1.536,17232990
145,2011-01-24,1.56867,1.654,1.54867,1.63267,24677835
146,2011-01-25,1.64333,1.65933,1.60133,1.64533,19071855
147,2011-01-26,1.64733,1.65867,1.60667,1.65,16198005
148,2011-01-27,1.64933,1.672,1.63533,1.66133,13434825
149,2011-01-28,1.654,1.65667,1.58333,1.60067,15081675
150,2011-01-31,1.60333,1.608,1.56667,1.60667,12467265
151,2011-02-01,1.62067,1.64867,1.56933,1.594,10616865
152,2011-02-02,1.61067,1.612,1.578,1.596,8542080
153,2011-02-03,1.588,1.59333,1.54333,1.57533,7681005
154,2011-02-04,1.578,1.578,1.548,1.564,8038770
155,2011-02-07,1.55067,1.55067,1.52533,1.538,13425165
156,2011-02-08,1.58533,1.68333,1.53333,1.63267,52577745
157,2011-02-09,1.60867,1.612,1.51933,1.54733,39537930
158,2011-02-10,1.55067,1.576,1.52067,1.54733,12540300
159,2011-02-11,1.55,1.58333,1.52933,1.55,9248865
160,2011-02-14,1.576,1.60933,1.53667,1.53867,19246560
161,2011-02-15,1.534,1.54467,1.504,1.52267,14334090
162,2011-02-16,1.54,1.66467,1.538,1.64867,61729590
163,2011-02-18,1.55533,1.566,1.53067,1.54533,34764405
164,2011-02-22,1.52333,1.53333,1.452,1.458,30968100
165,2011-02-23,1.47867,1.5,1.40733,1.45533,24082620
166,2011-02-24,1.452,1.50533,1.43333,1.502,15831750
167,2011-02-25,1.516,1.59,1.51267,1.574,20208855
168,2011-02-28,1.582,1.60667,1.56667,1.59267,15766590
169,2011-03-01,1.60333,1.62133,1.58,1.596,16595250
170,2011-03-02,1.588,1.61867,1.582,1.60133,9949410
171,2011-03-03,1.632,1.65267,1.604,1.624,9602100
172,2011-03-04,1.63067,1.666,1.58533,1.66333,23701500
173,2011-03-07,1.65933,1.69333,1.64667,1.66267,30502965
174,2011-03-08,1.64,1.664,1.6,1.644,20997765
175,2011-03-09,1.644,1.666,1.618,1.648,13870815
176,2011-03-10,1.62867,1.63267,1.582,1.60067,15254205
177,2011-03-11,1.59,1.61667,1.56867,1.60467,13961910
178,2011-03-14,1.588,1.6,1.54667,1.55,17489565
179,2011-03-15,1.47733,1.53067,1.45333,1.53,19783035
180,2011-03-16,1.524,1.55,1.51267,1.52133,17545140
181,2011-03-17,1.54933,1.562,1.50933,1.52067,13837560
182,2011-03-18,1.546,1.546,1.50067,1.53067,10317345
183,2011-03-21,1.534,1.53667,1.50267,1.51533,6174750
184,2011-03-22,1.516,1.524,1.46667,1.47933,8742195
185,2011-03-23,1.474,1.48467,1.45133,1.48067,6341895
186,2011-03-24,1.476,1.492,1.46533,1.48867,6932400
187,2011-03-25,1.49667,1.53333,1.49333,1.51667,8518830
188,2011-03-28,1.51333,1.56933,1.50333,1.55,15870270
189,2011-03-29,1.554,1.6,1.54733,1.59467,11333865
190,2011-03-30,1.60733,1.63267,1.534,1.58067,18349155
191,2011-03-31,1.76667,1.914,1.76667,1.85,172799715
192,2011-04-01,1.84667,1.87867,1.77133,1.77733,42971805
193,2011-04-04,1.78533,1.8,1.682,1.722,39138405
194,2011-04-05,1.72667,1.8,1.71267,1.78,47724405
195,2011-04-06,1.8,1.80067,1.72,1.766,19324455
196,2011-04-07,1.79,1.86267,1.76333,1.816,42161490
197,2011-04-08,1.83867,1.84,1.75733,1.766,29195280
198,2011-04-11,1.76467,1.76867,1.668,1.68467,20549100
199,2011-04-12,1.672,1.68067,1.62,1.64333,20361015
200,2011-04-13,1.67533,1.71267,1.654,1.662,18171660
201,2011-04-14,1.656,1.68533,1.61333,1.676,14750730
202,2011-04-15,1.71,1.74533,1.694,1.70533,14151765
203,2011-04-18,1.67533,1.708,1.624,1.66867,15508065
204,2011-04-19,1.684,1.684,1.64333,1.67733,8230395
205,2011-04-20,1.71333,1.73933,1.68667,1.71667,12557535
206,2011-04-21,1.72267,1.79867,1.706,1.78267,20790795
207,2011-04-25,1.78,1.782,1.73133,1.75933,12012585
208,2011-04-26,1.77733,1.81667,1.754,1.79533,20585145
209,2011-04-27,1.79533,1.824,1.77533,1.80533,14953515
210,2011-04-28,1.80467,1.846,1.78133,1.844,24673455
211,2011-04-29,1.846,1.858,1.828,1.84,10893600
212,2011-05-02,1.84,1.85333,1.804,1.83,11768400
213,2011-05-03,1.82533,1.826,1.76667,1.79133,13709475
214,2011-05-04,1.78533,1.8,1.71667,1.77933,15670485
215,2011-05-05,1.81667,1.82933,1.74467,1.76267,18291735
216,2011-05-06,1.79933,1.84667,1.77467,1.808,14724090
217,2011-05-09,1.8,1.86667,1.79,1.86067,13722045
218,2011-05-10,1.88267,1.93,1.86067,1.88867,23032020
219,2011-05-11,1.88,1.88667,1.79467,1.80467,14438475
220,2011-05-12,1.80467,1.84933,1.77667,1.84467,9416100
221,2011-05-13,1.86667,1.87933,1.82,1.83667,9923655
222,2011-05-16,1.866,1.866,1.77,1.77333,11334330
223,2011-05-17,1.8,1.8,1.71467,1.73067,18512340
224,2011-05-18,1.74,1.76467,1.70133,1.75667,10941105
225,2011-05-19,1.8,1.896,1.77333,1.88,39826005
226,2011-05-20,1.88333,1.88533,1.82333,1.86467,12638010
227,2011-05-23,1.836,1.84133,1.77467,1.788,12953220
228,2011-05-24,1.80133,1.83333,1.77333,1.78133,9205095
229,2011-05-25,1.79333,1.934,1.74467,1.932,70397235
230,2011-05-26,1.92133,1.984,1.87333,1.96533,50053365
231,2011-05-27,1.96933,1.978,1.92133,1.97,25306035
232,2011-05-31,1.97933,2.01867,1.97,2.00933,49352745
233,2011-06-01,2.0,2.00667,1.892,1.90133,22948440
234,2011-06-02,1.90133,1.95467,1.90067,1.91733,14794410
235,2011-06-03,1.99667,2.1,1.96667,2.00867,93140010
236,2011-06-06,2.00667,2.00867,1.884,1.91333,34965255
237,2011-06-07,1.92933,1.95933,1.884,1.89133,18331485
238,2011-06-08,1.894,1.90667,1.80133,1.808,25437540
239,2011-06-09,1.82867,1.87333,1.80667,1.84133,24046800
240,2011-06-10,1.83467,1.88667,1.82333,1.85733,23497980
241,2011-06-13,1.87133,1.92533,1.85867,1.89533,25704615
242,2011-06-14,1.90267,1.98,1.90133,1.90667,23599650
243,2011-06-15,1.896,1.89667,1.80467,1.82133,20198685
244,2011-06-16,1.84467,1.86667,1.716,1.76667,27631860
245,2011-06-17,1.79133,1.84667,1.74267,1.76667,25469040
246,2011-06-20,1.75267,1.764,1.7,1.734,23065635
247,2011-06-21,1.74933,1.84867,1.73333,1.83533,22448445
248,2011-06-22,1.83533,1.88333,1.80667,1.814,22132995
249,2011-06-23,1.81333,1.848,1.74733,1.84733,17549850
250,2011-06-24,1.846,1.86467,1.81733,1.838,49895520
251,2011-06-27,1.84867,1.88533,1.82067,1.83067,27140505
252,2011-06-28,1.85267,1.88333,1.84467,1.874,13336980
253,2011-06-29,1.9,1.93933,1.87133,1.886,21888120
254,2011-06-30,1.90667,1.95533,1.89333,1.942,14199810
255,2011-07-01,1.938,1.97333,1.92,1.93467,12822585
256,2011-07-05,1.946,1.968,1.914,1.94267,14939835
257,2011-07-06,1.94267,1.94267,1.90333,1.93067,13903335
258,2011-07-07,1.94267,2.0,1.934,1.982,19342275
259,2011-07-08,1.99267,1.99267,1.906,1.92067,18608700
260,2011-07-11,1.89333,1.902,1.86667,1.89,14635545
261,2011-07-12,1.89133,1.93933,1.86667,1.878,15679590
262,2011-07-13,1.896,1.93533,1.86,1.90933,15989130
263,2011-07-14,1.93067,1.93067,1.81667,1.84067,17386965
264,2011-07-15,1.85267,1.85533,1.82667,1.83867,10634310
265,2011-07-18,1.82267,1.83,1.77533,1.81533,12778155
266,2011-07-19,1.83867,1.874,1.836,1.85933,15390720
267,2011-07-20,1.86667,2.02933,1.85333,1.91267,45337185
268,2011-07-21,1.92733,1.944,1.87333,1.91333,15180090
269,2011-07-22,1.91333,1.96933,1.90333,1.95267,8758020
270,2011-07-25,1.934,1.95,1.896,1.89933,10100865
271,2011-07-26,1.88733,1.918,1.86467,1.86667,11407980
272,2011-07-27,1.9,1.9,1.834,1.84267,14376045
273,2011-07-28,1.84,1.90333,1.836,1.878,13595340
274,2011-07-29,1.84867,1.89333,1.83333,1.878,14221905
275,2011-08-01,1.91133,1.932,1.88067,1.918,17472330
276,2011-08-02,1.91267,1.94667,1.818,1.82267,23191800
277,2011-08-03,1.83333,1.85533,1.756,1.81333,27012420
278,2011-08-04,1.76733,1.79267,1.64467,1.65,45977745
279,2011-08-05,1.666,1.692,1.522,1.616,29460825
280,2011-08-08,1.544,1.62933,1.54,1.576,39127080
281,2011-08-09,1.62667,1.69667,1.58,1.67067,20000730
282,2011-08-10,1.69333,1.696,1.57533,1.588,23400705
283,2011-08-11,1.60267,1.71667,1.6,1.68667,12448260
284,2011-08-12,1.70667,1.80933,1.69067,1.754,15135300
285,2011-08-15,1.77467,1.78333,1.72867,1.74867,9680370
286,2011-08-16,1.742,1.76933,1.722,1.74,8065320
287,2011-08-17,1.75933,1.77667,1.70067,1.722,9655080
288,2011-08-18,1.66667,1.67667,1.56467,1.61733,15848535
289,2011-08-19,1.58667,1.61467,1.46667,1.48667,20629155
290,2011-08-22,1.54067,1.58667,1.44533,1.46333,14791215
291,2011-08-23,1.462,1.54067,1.43333,1.53067,13034520
292,2011-08-24,1.54,1.59533,1.522,1.59133,10263570
293,2011-08-25,1.59133,1.59133,1.52667,1.54067,10196100
294,2011-08-26,1.514,1.59667,1.47133,1.582,11426340
295,2011-08-29,1.61467,1.65667,1.60133,1.64733,12049530
296,2011-08-30,1.63333,1.65133,1.606,1.642,5492385
297,2011-08-31,1.65333,1.7,1.61867,1.64933,12356025
298,2011-09-01,1.644,1.658,1.58933,1.6,12721275
299,2011-09-02,1.584,1.584,1.512,1.538,10188075
300,2011-09-06,1.5,1.54667,1.486,1.52933,12146400
301,2011-09-07,1.56133,1.6,1.552,1.58933,6887790
302,2011-09-08,1.572,1.602,1.552,1.574,7585455
303,2011-09-09,1.558,1.57133,1.50333,1.53133,10038945
304,2011-09-12,1.526,1.554,1.49667,1.52533,8498565
305,2011-09-13,1.534,1.60667,1.51667,1.60533,10896915
306,2011-09-14,1.62267,1.656,1.586,1.62267,12461655
307,2011-09-15,1.63867,1.662,1.622,1.65467,8437680
308,2011-09-16,1.63267,1.72267,1.63267,1.72,21256110
309,2011-09-19,1.662,1.72067,1.588,1.718,16065945
310,2011-09-20,1.718,1.77333,1.71133,1.734,17705265
311,2011-09-21,1.73,1.79667,1.71333,1.72333,14813655
312,2011-09-22,1.70933,1.74067,1.65867,1.70867,11637030
313,2011-09-23,1.69467,1.77467,1.69,1.75867,17344920
314,2011-09-26,1.76667,1.768,1.66,1.70133,14020725
315,2011-09-27,1.73333,1.79933,1.70467,1.746,10116435
316,2011-09-28,1.73333,1.76667,1.634,1.63933,10848090
317,2011-09-29,1.71467,1.72133,1.57,1.608,13943175
318,2011-09-30,1.65333,1.65933,1.566,1.626,20040810
319,2011-10-03,1.66333,1.66667,1.55,1.582,15346950
320,2011-10-04,1.55267,1.62133,1.52867,1.57733,18003210
321,2011-10-05,1.602,1.722,1.55667,1.69133,18441210
322,2011-10-06,1.69867,1.84,1.668,1.79733,26535390
323,2011-10-07,1.8,1.84,1.73667,1.79933,16390275
324,2011-10-10,1.82333,1.87867,1.8,1.85867,13851240
325,2011-10-11,1.834,1.85133,1.806,1.84067,8634045
326,2011-10-12,1.81667,1.86667,1.81333,1.85333,16850460
327,2011-10-13,1.84867,1.898,1.82933,1.86267,15651195
328,2011-10-14,1.86733,1.90333,1.81733,1.87,21007035
329,2011-10-17,1.85733,1.86667,1.81733,1.828,11316585
330,2011-10-18,1.82,1.89533,1.78067,1.88933,14995350
331,2011-10-19,1.87067,1.87067,1.82,1.838,11892750
332,2011-10-20,1.82933,1.83133,1.8,1.82267,14994705
333,2011-10-21,1.82667,1.88667,1.80067,1.86867,17138250
334,2011-10-24,1.858,1.926,1.85,1.90333,13811640
335,2011-10-25,1.882,1.924,1.85333,1.88333,9815565
336,2011-10-26,1.88333,1.89133,1.82667,1.86533,7657185
337,2011-10-27,1.88933,1.93,1.874,1.91733,13040025
338,2011-10-28,1.89667,2.0,1.86733,1.99133,18959595
339,2011-10-31,1.96667,1.96733,1.91667,1.958,17009535
340,2011-11-01,1.89333,1.928,1.86667,1.92533,9536625
341,2011-11-02,1.93333,1.95067,1.88333,1.914,13132815
342,2011-11-03,2.0,2.166,1.96867,2.164,37659045
343,2011-11-04,2.09733,2.16,2.034,2.154,45496605
344,2011-11-07,2.10933,2.13333,2.05,2.08467,18994035
345,2011-11-08,2.09133,2.13333,2.048,2.12267,17517450
346,2011-11-09,2.058,2.09933,2.02,2.05867,13353855
347,2011-11-10,2.06267,2.1,2.04333,2.08867,11209095
348,2011-11-11,2.12667,2.3,2.038,2.24267,58024140
349,2011-11-14,2.2,2.236,2.17467,2.21467,19884840
350,2011-11-15,2.19467,2.29333,2.182,2.262,13363575
351,2011-11-16,2.232,2.33333,2.22667,2.32933,27497040
352,2011-11-17,2.3,2.32667,2.21267,2.24533,20238975
353,2011-11-18,2.24267,2.274,2.16933,2.17333,13540935
354,2011-11-21,2.15267,2.16267,2.07,2.11733,15472860
355,2011-11-22,2.11733,2.186,2.07,2.138,10987770
356,2011-11-23,2.11733,2.13667,2.08333,2.09667,6775695
357,2011-11-25,2.124,2.16067,2.072,2.11067,3593925
358,2011-11-28,2.13333,2.21867,2.12067,2.17067,10216860
359,2011-11-29,2.16667,2.20467,2.10867,2.11667,8865810
360,2011-11-30,2.18133,2.19533,2.148,2.18267,11403975
361,2011-12-01,2.17133,2.266,2.132,2.17333,15451620
362,2011-12-02,2.18867,2.246,2.16,2.22,12040770
363,2011-12-05,2.23533,2.33333,2.22867,2.29467,17400750
364,2011-12-06,2.28,2.332,2.26867,2.32467,14275650
365,2011-12-07,2.30867,2.326,2.25333,2.27933,10113660
366,2011-12-08,2.056,2.11,1.974,2.05933,49589175
367,2011-12-09,2.036,2.07467,2.01867,2.06933,18591660
368,2011-12-12,2.02933,2.04133,2.00133,2.02733,11379855
369,2011-12-13,2.038,2.062,1.92733,1.96333,14910225
370,2011-12-14,1.96667,1.97867,1.86667,1.902,17457600
371,2011-12-15,1.924,1.94467,1.87467,1.908,9704430
372,2011-12-16,1.91667,1.92867,1.86533,1.86667,15444075
373,2011-12-19,1.874,1.9,1.82467,1.85,14804280
374,2011-12-20,1.87,1.89667,1.848,1.86,12649215
375,2011-12-21,1.86067,1.87133,1.73533,1.838,25581105
376,2011-12-22,1.84,1.87,1.82,1.85133,15139530
377,2011-12-23,1.86667,1.86667,1.83467,1.86,8870850
378,2011-12-27,1.844,1.918,1.84267,1.90467,11661045
379,2011-12-28,1.93267,1.94933,1.86933,1.90067,8627070
380,2011-12-29,1.906,1.956,1.90333,1.91533,7322250
381,2011-12-30,1.89933,1.932,1.88333,1.904,5097900
382,2012-01-03,1.92933,1.96667,1.84333,1.872,13920780
383,2012-01-04,1.88067,1.91133,1.83333,1.84733,9246990
384,2012-01-05,1.85067,1.862,1.79,1.808,15081480
385,2012-01-06,1.81667,1.85267,1.76067,1.794,14794305
386,2012-01-09,1.8,1.83267,1.74133,1.81667,13454265
387,2012-01-10,1.82933,1.85067,1.81667,1.84133,10075980
388,2012-01-11,1.84133,1.892,1.82,1.882,10083585
389,2012-01-12,1.88467,1.908,1.854,1.88333,10939500
390,2012-01-13,1.89667,1.9,1.50933,1.51933,82544295
391,2012-01-17,1.77733,1.82267,1.76067,1.77333,69770865
392,2012-01-18,1.77933,1.792,1.75,1.78733,18902745
393,2012-01-19,1.80133,1.84933,1.774,1.784,18693330
394,2012-01-20,1.79467,1.8,1.76,1.77333,9716835
395,2012-01-23,1.78733,1.814,1.77333,1.78467,8917995
396,2012-01-24,1.77533,1.84533,1.76267,1.828,12868710
397,2012-01-25,1.818,1.86733,1.80333,1.86467,9166680
398,2012-01-26,1.86667,1.972,1.86667,1.92933,19065420
399,2012-01-27,1.9,1.98133,1.9,1.95533,11225415
400,2012-01-30,1.96533,1.974,1.902,1.97133,10352205
401,2012-01-31,1.992,2.0,1.92467,1.938,14346195
402,2012-02-01,1.942,1.98,1.93333,1.972,7847535
403,2012-02-02,1.98133,2.05867,1.97333,2.01667,11872260
404,2012-02-03,2.02733,2.08867,2.01667,2.07667,11466270
405,2012-02-06,2.07333,2.12667,2.07,2.12,9782415
406,2012-02-07,2.12,2.12,2.05467,2.10667,14089725
407,2012-02-08,2.10733,2.134,2.086,2.12867,9354390
408,2012-02-09,2.13333,2.19333,2.09533,2.172,19162140
409,2012-02-10,2.15067,2.15133,1.98933,2.07333,28154625
410,2012-02-13,2.10333,2.13733,2.06,2.09933,17367870
411,2012-02-14,2.10933,2.25267,2.09333,2.21133,27161625
412,2012-02-15,2.20667,2.294,2.15133,2.24,40337115
413,2012-02-16,2.23333,2.30067,2.16933,2.27933,31178250
414,2012-02-17,2.266,2.33133,2.23333,2.33133,20649675
415,2012-02-21,2.32467,2.32467,2.254,2.3,17036820
416,2012-02-22,2.3,2.31467,2.16667,2.28133,24824775
417,2012-02-23,2.266,2.33133,2.23733,2.302,12305175
418,2012-02-24,2.29933,2.30133,2.218,2.25,14397990
419,2012-02-27,2.22733,2.26667,2.2,2.24133,9089295
420,2012-02-28,2.246,2.296,2.21133,2.254,9182745
421,2012-02-29,2.254,2.27467,2.20933,2.22733,8035260
422,2012-03-01,2.234,2.3,2.22067,2.294,10551525
423,2012-03-02,2.284,2.3,2.24733,2.26933,8249565
424,2012-03-05,2.27733,2.29333,2.23067,2.25133,7004070
425,2012-03-06,2.21667,2.21867,2.17467,2.20733,8606235
426,2012-03-07,2.20733,2.22,2.194,2.208,4120935
427,2012-03-08,2.20733,2.23267,2.20267,2.20467,9499005
428,2012-03-09,2.21333,2.354,2.21333,2.316,23299845
429,2012-03-12,2.31267,2.41933,2.30667,2.40067,29467800
430,2012-03-13,2.43333,2.43933,2.36667,2.406,15024645
431,2012-03-14,2.4,2.4,2.32,2.35267,12771960
432,2012-03-15,2.352,2.36533,2.31867,2.33333,8573940
433,2012-03-16,2.33267,2.39267,2.322,2.35467,9601380
434,2012-03-19,2.35067,2.35467,2.30267,2.332,15233790
435,2012-03-20,2.332,2.34667,2.30467,2.33067,8505015
436,2012-03-21,2.32933,2.35333,2.30667,2.34333,9106545
437,2012-03-22,2.33133,2.34333,2.28667,2.29333,6881385
438,2012-03-23,2.29533,2.30867,2.21,2.272,17558505
439,2012-03-26,2.37333,2.53933,2.336,2.49333,47113365
440,2012-03-27,2.47733,2.66333,2.46867,2.52933,38100795
441,2012-03-28,2.51933,2.56267,2.474,2.52333,14324550
442,2012-03-29,2.546,2.546,2.46867,2.48867,11945025
443,2012-03-30,2.516,2.52933,2.44533,2.48267,13294680
444,2012-04-02,2.48867,2.53133,2.43533,2.43867,15427560
445,2012-04-03,2.448,2.56467,2.44467,2.534,16521300
446,2012-04-04,2.35133,2.366,2.31267,2.33333,67225875
447,2012-04-05,2.34,2.36267,2.312,2.314,15116460
448,2012-04-09,2.27333,2.286,2.20667,2.21,23332125
449,2012-04-10,2.21,2.25667,2.14,2.164,27715035
450,2012-04-11,2.216,2.21933,2.134,2.206,16581705
451,2012-04-12,2.25133,2.29867,2.19467,2.22933,15507060
452,2012-04-13,2.26267,2.26933,2.19,2.23933,9743700
453,2012-04-16,2.23867,2.24667,2.13933,2.15,16496265
454,2012-04-17,2.162,2.20467,2.136,2.14933,16733070
455,2012-04-18,2.13933,2.18333,2.102,2.17733,12346440
456,2012-04-19,2.18333,2.22867,2.16667,2.21067,11623170
457,2012-04-20,2.20933,2.24867,2.196,2.21067,12326610
458,2012-04-23,2.19067,2.198,2.114,2.12933,13360725
459,2012-04-24,2.12133,2.14667,2.06667,2.12133,10117005
460,2012-04-25,2.138,2.19933,2.138,2.194,10681995
461,2012-04-26,2.19733,2.23467,2.194,2.23267,6385785
462,2012-04-27,2.24,2.242,2.194,2.22267,8863575
463,2012-04-30,2.218,2.224,2.172,2.20867,6207720
464,2012-05-01,2.20867,2.28067,2.20867,2.252,10247970
465,2012-05-02,2.23333,2.29267,2.226,2.26267,7458765
466,2012-05-03,2.26067,2.26667,2.142,2.164,12631605
467,2012-05-04,2.15467,2.164,2.09333,2.122,18712290
468,2012-05-07,2.13067,2.172,2.10733,2.16467,17369535
469,2012-05-08,2.16667,2.182,1.958,2.01267,46997280
470,2012-05-09,2.02,2.05133,1.984,2.004,29039895
471,2012-05-10,2.198,2.312,2.16,2.19733,84571260
472,2012-05-11,2.166,2.22933,2.144,2.15,18318075
473,2012-05-14,2.128,2.142,2.00333,2.004,21132405
474,2012-05-15,2.01733,2.064,1.948,1.962,23785230
475,2012-05-16,1.972,2.012,1.92533,1.94533,19072995
476,2012-05-17,1.95333,1.986,1.88267,1.90467,15302040
477,2012-05-18,1.89133,1.89733,1.78867,1.83733,24247305
478,2012-05-21,1.83867,1.95067,1.808,1.918,22928385
479,2012-05-22,2.00667,2.08933,2.0,2.05267,35492550
480,2012-05-23,2.03733,2.07,1.96667,2.068,18641850
481,2012-05-24,2.08333,2.08333,1.97933,2.02133,15209625
482,2012-05-25,2.01067,2.02733,1.94667,1.98733,11355135
483,2012-05-29,2.00067,2.12867,2.00067,2.11267,24748755
484,2012-05-30,2.072,2.09467,2.016,2.02733,19607115
485,2012-05-31,2.00467,2.01933,1.91667,1.96667,16780515
486,2012-06-01,1.902,1.944,1.85067,1.87667,13285650
487,2012-06-04,1.86867,1.894,1.80733,1.85867,15462510
488,2012-06-05,1.856,1.89267,1.83733,1.86067,9463275
489,2012-06-06,1.88,1.96333,1.876,1.94333,13336530
490,2012-06-07,1.98733,1.99133,1.92333,1.92867,7380225
491,2012-06-08,1.924,2.01267,1.87667,2.00533,13218135
492,2012-06-11,2.02067,2.06667,1.93067,1.94133,9539205
493,2012-06-12,1.94867,1.98933,1.92067,1.97733,8534910
494,2012-06-13,1.97,2.04267,1.96467,1.98467,12665565
495,2012-06-14,2.012,2.04333,1.908,1.95933,13082415
496,2012-06-15,1.95933,1.99667,1.92067,1.994,9701055
497,2012-06-18,1.996,2.15533,1.96667,2.12267,18851940
498,2012-06-19,2.13467,2.17733,2.1,2.13933,13665435
499,2012-06-20,2.23333,2.3,2.214,2.252,51335130
500,2012-06-21,2.284,2.28533,2.12267,2.146,28378425
501,2012-06-22,2.17333,2.26533,2.164,2.25267,45711780
502,2012-06-25,2.26333,2.27467,2.18333,2.20733,20679540
503,2012-06-26,2.13667,2.15667,2.09267,2.10733,39207735
504,2012-06-27,2.12667,2.16333,2.10467,2.13067,15707910
505,2012-06-28,2.12667,2.14067,2.04133,2.094,13710600
506,2012-06-29,2.18667,2.18667,2.06667,2.086,16885560
507,2012-07-02,2.09,2.12,2.01267,2.02667,19733010
508,2012-07-03,2.04,2.06667,2.02667,2.044,14206920
509,2012-07-05,2.054,2.11133,2.05333,2.082,18806490
510,2012-07-06,2.066,2.11533,2.05333,2.066,11766915
511,2012-07-09,2.06267,2.122,2.04467,2.09933,13656135
512,2012-07-10,2.10267,2.16533,2.05933,2.08467,11375280
513,2012-07-11,2.10467,2.112,2.06733,2.10067,9577740
514,2012-07-12,2.086,2.20067,2.05333,2.18,16885050
515,2012-07-13,2.198,2.29333,2.18867,2.28333,19570680
516,2012-07-16,2.288,2.4,2.26,2.39733,26158500
517,2012-07-17,2.33333,2.34733,2.15867,2.22333,38538195
518,2012-07-18,2.09467,2.24467,2.07067,2.14333,43231260
519,2012-07-19,2.18133,2.21,2.136,2.15133,21538170
520,2012-07-20,2.138,2.15,2.08333,2.11933,23526990
521,2012-07-23,2.07,2.08667,2.04133,2.044,20801145
522,2012-07-24,2.044,2.06933,1.97467,1.98933,22506390
523,2012-07-25,1.99467,1.99867,1.91667,1.93,42645240
524,2012-07-26,1.99333,2.0,1.84267,1.87533,33945075
525,2012-07-27,1.914,1.97733,1.87333,1.96733,25094520
526,2012-07-30,1.96733,2.01667,1.814,1.82333,30990600
527,2012-07-31,1.836,1.86467,1.82333,1.828,23625900
528,2012-08-01,1.866,1.866,1.73533,1.75,23883255
529,2012-08-02,1.78933,1.79,1.70133,1.74,19575240
530,2012-08-03,1.79333,1.83667,1.78267,1.818,18142050
531,2012-08-06,1.83667,1.91333,1.83667,1.88467,22922535
532,2012-08-07,1.918,2.06,1.9,2.01667,35809560
533,2012-08-08,1.99333,2.0,1.906,1.93933,19633425
534,2012-08-09,1.968,2.0,1.942,1.96067,10088760
535,2012-08-10,1.954,1.996,1.954,1.996,10610850
536,2012-08-13,1.97933,2.08667,1.94007,2.078,13050750
537,2012-08-14,2.05,2.078,1.95067,1.96133,11900040
538,2012-08-15,1.95933,1.98,1.92067,1.96,7880775
539,2012-08-16,1.96867,2.026,1.96667,2.02,10034595
540,2012-08-17,2.01933,2.04733,1.99867,2.00067,7621830
541,2012-08-20,2.01,2.026,1.94,1.96733,17685120
542,2012-08-21,1.972,2.0,1.93333,1.94067,11422740
543,2012-08-22,1.934,2.00267,1.934,1.99667,11632350
544,2012-08-23,2.0,2.05667,1.97667,2.04867,22064610
545,2012-08-24,2.004,2.016,1.96067,1.96667,21450165
546,2012-08-27,1.97133,1.98,1.878,1.888,20254875
547,2012-08-28,1.89333,1.95833,1.86667,1.91267,21039840
548,2012-08-29,1.89933,1.90933,1.868,1.894,12583245
549,2012-08-30,1.90667,1.916,1.87333,1.894,9844605
550,2012-08-31,1.90733,1.92267,1.88,1.90133,8096040
551,2012-09-04,1.90133,1.93267,1.86,1.876,11287440
552,2012-09-05,1.86733,1.9,1.854,1.86267,9588405
553,2012-09-06,1.86667,1.92667,1.86,1.90333,12624645
554,2012-09-07,1.90333,1.97133,1.9,1.95667,14297265
555,2012-09-10,1.94667,1.95667,1.82,1.82467,22248225
556,2012-09-11,1.85067,1.87733,1.82667,1.85333,15223065
557,2012-09-12,1.86,1.90533,1.85333,1.88533,17177010
558,2012-09-13,1.90467,1.96667,1.89867,1.96533,22280385
559,2012-09-14,2.0,2.04333,1.97667,2.026,23048535
560,2012-09-17,2.15667,2.18533,2.10067,2.16933,48193500
561,2012-09-18,2.12533,2.12667,2.04533,2.08933,26827200
562,2012-09-19,2.066,2.116,2.06267,2.07,15726855
563,2012-09-20,2.062,2.1,2.04533,2.06,13685580
564,2012-09-21,2.07333,2.09933,1.96933,2.00133,28049550
565,2012-09-24,1.96733,2.06867,1.96,2.044,19527060
566,2012-09-25,1.908,1.96533,1.83533,1.844,85259280
567,2012-09-26,1.844,1.89333,1.832,1.836,22909800
568,2012-09-27,1.85467,1.90267,1.84,1.89933,26378295
569,2012-09-28,1.91533,1.99267,1.90733,1.952,65150070
570,2012-10-01,1.96667,1.99267,1.93333,1.944,13264575
571,2012-10-02,1.956,1.99267,1.93333,1.98667,10934535
572,2012-10-03,1.98333,1.99667,1.94933,1.95333,15791820
573,2012-10-04,2.0,2.00667,1.91,1.96,23118105
574,2012-10-05,1.98,1.98733,1.912,1.926,14080050
575,2012-10-08,1.924,1.96,1.90733,1.95,13350090
576,2012-10-09,1.94133,1.94133,1.88333,1.89133,17894685
577,2012-10-10,1.89267,1.91467,1.86733,1.89333,7575945
578,2012-10-11,1.92933,1.932,1.88333,1.888,6758565
579,2012-10-12,1.888,1.91533,1.83333,1.84267,14813025
580,2012-10-15,1.868,1.87,1.79067,1.822,22030005
581,2012-10-16,1.84467,1.87267,1.82267,1.87067,7188720
582,2012-10-17,1.88333,1.92267,1.85333,1.92127,10019445
583,2012-10-18,1.93267,1.93267,1.852,1.86933,11114205
584,2012-10-19,1.85533,1.88,1.82,1.84933,15409530
585,2012-10-22,1.866,1.86667,1.824,1.85667,7052970
586,2012-10-23,1.82533,1.904,1.82467,1.89267,11239095
587,2012-10-24,1.90133,1.90133,1.81667,1.828,15245520
588,2012-10-25,1.85333,1.85333,1.83,1.83467,8665290
589,2012-10-26,1.83533,1.85333,1.80133,1.82533,7159575
590,2012-10-31,1.84667,1.89,1.82467,1.8754,11627130
591,2012-11-01,1.88333,1.966,1.88,1.94967,15360810
592,2012-11-02,1.95133,1.97,1.90333,1.92787,15453975
593,2012-11-05,1.98667,2.10533,1.95533,2.1,30733005
594,2012-11-06,2.04067,2.08,1.99667,2.07667,34859145
595,2012-11-07,2.06667,2.13667,2.054,2.10267,25717035
596,2012-11-08,2.068,2.12533,2.06267,2.08733,19109790
597,2012-11-09,2.04,2.062,1.99,2.02133,12943920
598,2012-11-12,2.01933,2.09467,2.01067,2.07133,8338440
599,2012-11-13,2.086,2.13333,2.048,2.1076,14973945
600,2012-11-14,2.13067,2.14133,2.08,2.092,13069725
601,2012-11-15,2.08667,2.096,2.03333,2.05467,14759115
602,2012-11-16,2.06733,2.13333,2.03933,2.12267,13629000
603,2012-11-19,2.138,2.21667,2.12267,2.19467,20885520
604,2012-11-20,2.19333,2.20667,2.12733,2.2,13836405
605,2012-11-21,2.174,2.23133,2.1524,2.16467,14446995
606,2012-11-23,2.17333,2.18867,2.11333,2.142,6453180
607,2012-11-26,2.14067,2.15333,2.108,2.15133,7443285
608,2012-11-27,2.14,2.17733,2.10133,2.14333,13661550
609,2012-11-28,2.1432,2.286,2.12733,2.214,19315485
610,2012-11-29,2.22933,2.26667,2.19133,2.246,16549725
611,2012-11-30,2.242,2.28533,2.20067,2.25467,21304260
612,2012-12-03,2.25933,2.33333,2.23333,2.308,31286295
613,2012-12-04,2.286,2.32,2.23667,2.26,18963165
614,2012-12-05,2.25467,2.27933,2.23867,2.24733,9922290
615,2012-12-06,2.25467,2.32,2.23333,2.26,9905955
616,2012-12-07,2.28667,2.29933,2.25667,2.278,9965790
617,2012-12-10,2.29533,2.32,2.27867,2.30467,13946265
618,2012-12-11,2.30667,2.36667,2.29733,2.352,23584650
619,2012-12-12,2.34733,2.38667,2.33,2.35067,30958155
620,2012-12-13,2.35067,2.35333,2.18333,2.24067,32268360
621,2012-12-14,2.252,2.29333,2.23933,2.254,15344145
622,2012-12-17,2.25133,2.3,2.25,2.29333,12372135
623,2012-12-18,2.284,2.338,2.284,2.306,23315040
624,2012-12-19,2.32333,2.35067,2.30133,2.30733,19480965
625,2012-12-20,2.30067,2.3192,2.27,2.29533,13817910
626,2012-12-21,2.262,2.278,2.23867,2.26667,22384590
627,2012-12-24,2.24267,2.29,2.23667,2.28533,5636940
628,2012-12-26,2.264,2.3,2.23333,2.23933,9026760
629,2012-12-27,2.23333,2.26067,2.2,2.246,8416275
630,2012-12-28,2.22533,2.24333,2.20133,2.21467,6210525
631,2012-12-31,2.2,2.26467,2.2,2.258,8922690
632,2013-01-02,2.316,2.36333,2.31367,2.35733,17920650
633,2013-01-03,2.34533,2.36333,2.31667,2.318,11129115
634,2013-01-04,2.32,2.32,2.26133,2.29333,10109895
635,2013-01-07,2.30733,2.32,2.26,2.28933,6628635
636,2013-01-08,2.3,2.3,2.20733,2.24533,19259775
637,2013-01-09,2.26733,2.27933,2.22667,2.24267,10469685
638,2013-01-10,2.258,2.266,2.22533,2.23533,13836075
639,2013-01-11,2.26933,2.26933,2.14067,2.194,23447610
640,2013-01-14,2.20533,2.22533,2.19,2.21733,13875270
641,2013-01-15,2.20733,2.28333,2.20533,2.26,24365835
642,2013-01-16,2.25667,2.282,2.24867,2.27333,20672070
643,2013-01-17,2.27733,2.32333,2.26133,2.292,21549060
644,2013-01-18,2.30133,2.31867,2.25467,2.30133,53326110
645,2013-01-22,2.304,2.37,2.284,2.346,28801965
646,2013-01-23,2.33667,2.416,2.33067,2.4,23463000
647,2013-01-24,2.4,2.51467,2.38933,2.466,29555835
648,2013-01-25,2.46667,2.50267,2.45333,2.46533,19315545
649,2013-01-28,2.45733,2.58067,2.45733,2.53533,29789880
650,2013-01-29,2.54,2.56267,2.47533,2.53,21397545
651,2013-01-30,2.52333,2.53333,2.49533,2.50133,14521470
652,2013-01-31,2.52467,2.52467,2.462,2.50067,13519770
653,2013-02-01,2.54467,2.56667,2.508,2.55333,16508850
654,2013-02-04,2.56133,2.56133,2.506,2.516,16919835
655,2013-02-05,2.53333,2.57667,2.512,2.542,19652880
656,2013-02-06,2.54533,2.626,2.52667,2.61133,28397220
657,2013-02-07,2.61267,2.64533,2.59667,2.632,17962815
658,2013-02-08,2.63,2.66667,2.60933,2.616,17095995
659,2013-02-11,2.532,2.61,2.5,2.56133,48992220
660,2013-02-12,2.56333,2.59133,2.486,2.526,33918690
661,2013-02-13,2.538,2.6,2.53667,2.56333,14502030
662,2013-02-14,2.576,2.58333,2.54733,2.55333,14859600
663,2013-02-15,2.56667,2.56733,2.46333,2.46933,30269235
664,2013-02-19,2.49067,2.61933,2.48733,2.61867,40520100
665,2013-02-20,2.62,2.64333,2.564,2.56933,46726200
666,2013-02-21,2.43267,2.49267,2.30267,2.344,135566430
667,2013-02-22,2.38133,2.426,2.37333,2.40733,38217465
668,2013-02-25,2.41,2.45,2.28933,2.292,43340295
669,2013-02-26,2.29733,2.33067,2.25333,2.29533,41443500
670,2013-02-27,2.294,2.36067,2.29333,2.34,29386935
671,2013-02-28,2.39267,2.40667,2.29133,2.322,29473395
672,2013-03-01,2.33333,2.33867,2.28333,2.31,23199000
673,2013-03-04,2.318,2.38867,2.31333,2.372,26364900
674,2013-03-05,2.4,2.46133,2.386,2.44333,31304535
675,2013-03-06,2.46733,2.52533,2.46467,2.51267,17248875
676,2013-03-07,2.51533,2.57667,2.45867,2.54867,17373810
677,2013-03-08,2.53733,2.62933,2.49067,2.56467,13680780
678,2013-03-11,2.59133,2.62933,2.57667,2.60667,23691600
679,2013-03-12,2.59333,2.62533,2.59,2.608,19125930
680,2013-03-13,2.6,2.63267,2.58733,2.59867,12328500
681,2013-03-14,2.59333,2.594,2.45133,2.45667,30366885
682,2013-03-15,2.44267,2.44333,2.34733,2.35267,49196655
683,2013-03-18,2.35333,2.404,2.328,2.34333,19745040
684,2013-03-19,2.35,2.37333,2.32933,2.33867,16477125
685,2013-03-20,2.35067,2.40467,2.344,2.39667,21355260
686,2013-03-21,2.39667,2.47067,2.38267,2.40067,17194305
687,2013-03-22,2.41333,2.45333,2.41333,2.44133,6693525
688,2013-03-25,2.47333,2.568,2.45133,2.502,35690310
689,2013-03-26,2.532,2.548,2.51067,2.524,27122055
690,2013-03-27,2.52933,2.55867,2.48733,2.544,19444245
691,2013-03-28,2.54867,2.54933,2.51667,2.526,17379780
692,2013-04-01,2.824,3.112,2.78,2.92867,211549710
693,2013-04-02,2.90667,3.03333,2.90067,2.956,99542130
694,2013-04-03,2.87667,2.898,2.68067,2.74,84674925
695,2013-04-04,2.74067,2.81667,2.72067,2.80067,33973005
696,2013-04-05,2.8,2.8,2.7,2.758,23285835
697,2013-04-08,2.798,2.83667,2.76733,2.78867,25185015
698,2013-04-09,2.78667,2.78867,2.68867,2.7,25440540
699,2013-04-10,2.71733,2.80067,2.70733,2.79067,31816320
700,2013-04-11,2.804,2.97,2.78333,2.906,51714930
701,2013-04-12,2.88333,3.00927,2.87,2.91667,47240580
702,2013-04-15,2.9,2.92,2.834,2.88667,25247760
703,2013-04-16,2.946,3.076,2.92733,3.03933,47706570
704,2013-04-17,3.03,3.06333,2.96933,3.03,31776420
705,2013-04-18,3.056,3.17333,3.026,3.13133,50521500
706,2013-04-19,3.164,3.32533,3.138,3.18867,45182040
707,2013-04-22,3.24,3.34667,3.18333,3.346,59089905
708,2013-04-23,3.4,3.528,3.37733,3.40067,56061750
709,2013-04-24,3.39333,3.40333,3.26533,3.362,39448620
710,2013-04-25,3.36667,3.49333,3.36667,3.46667,41939025
711,2013-04-26,3.542,3.58267,3.37467,3.41333,54331500
712,2013-04-29,3.436,3.666,3.41333,3.66267,54594930
713,2013-04-30,3.73333,3.87867,3.584,3.59933,82839720
714,2013-05-01,3.73267,3.73267,3.53333,3.552,41141670
715,2013-05-02,3.59,3.68467,3.58,3.60733,45755115
716,2013-05-03,3.76467,3.76467,3.63333,3.63667,50691045
717,2013-05-06,3.75933,3.97733,3.7,3.96667,67220085
718,2013-05-07,4.13333,4.158,3.67467,3.70067,149879175
719,2013-05-08,3.83333,3.88,3.714,3.71933,98430255
720,2013-05-09,4.67467,5.05133,4.246,4.62667,428741340
721,2013-05-10,4.64333,5.4,4.61667,5.11733,376263465
722,2013-05-13,5.39933,5.86667,5.27667,5.85333,335885790
723,2013-05-14,6.28133,6.47467,5.41,5.54933,557248410
724,2013-05-15,5.45333,5.792,5.20733,5.656,251445135
725,2013-05-16,6.31333,6.33333,5.91067,6.15,323990490
726,2013-05-17,6.16667,6.296,5.83333,6.1,285043575
727,2013-05-20,6.07467,6.16667,5.90867,5.996,125058870
728,2013-05-21,5.9,5.99933,5.68533,5.83933,134996715
729,2013-05-22,5.758,6.064,5.7,5.816,128530140
730,2013-05-23,5.654,6.20067,5.53667,6.182,180580245
731,2013-05-24,6.17333,6.53,6.13333,6.472,241768080
732,2013-05-28,6.77,7.38333,6.68667,7.35533,294927780
733,2013-05-29,7.57,7.66,6.6,6.97533,376196370
734,2013-05-30,6.83067,7.30267,6.74667,6.99667,242033925
735,2013-05-31,7.084,7.096,6.51533,6.51733,227506410
736,2013-06-03,6.508,6.508,5.88333,6.17267,287123670
737,2013-06-04,6.18333,6.428,6.16,6.32267,132568080
738,2013-06-05,6.244,6.53133,5.94067,6.358,183203205
739,2013-06-06,6.35,6.618,6.34067,6.49,142682910
740,2013-06-07,6.53333,6.86,6.44667,6.80267,160700865
741,2013-06-10,6.59533,6.83467,6.57133,6.67,138475425
742,2013-06-11,6.54533,6.57867,6.27,6.298,110920365
743,2013-06-12,6.45333,6.69867,6.38333,6.51533,137828250
744,2013-06-13,6.6,6.61867,6.34133,6.54533,89442645
745,2013-06-14,6.66667,6.83467,6.622,6.68667,98487315
746,2013-06-17,6.90667,6.98333,6.74667,6.81333,106000080
747,2013-06-18,6.78333,6.932,6.61333,6.89267,131960160
748,2013-06-19,6.804,7.11133,6.80067,6.97867,128802900
749,2013-06-20,6.97667,7.142,6.63,6.71,151623510
750,2013-06-21,6.91333,6.91333,6.5,6.63667,175701345
751,2013-06-24,6.43333,6.858,6.35333,6.766,106837815
752,2013-06-25,6.87333,6.94667,6.70333,6.82667,87742980
753,2013-06-26,6.92,7.058,6.844,7.048,99113100
754,2013-06-27,7.11667,7.35,7.07533,7.28333,131230890
755,2013-06-28,7.238,7.296,7.114,7.15733,86228445
756,2013-07-01,7.29067,7.85133,7.27667,7.812,163433730
757,2013-07-02,7.87933,8.126,7.7,7.85467,180996300
758,2013-07-03,7.86667,7.95,7.618,7.68267,72099930
759,2013-07-05,7.888,8.01867,7.71333,8.006,102348675
760,2013-07-08,8.09133,8.14533,7.92133,8.10733,117259365
761,2013-07-09,8.30933,8.35467,8.12733,8.23,128564595
762,2013-07-10,8.21267,8.21667,8.05267,8.15133,85600515
763,2013-07-11,8.32533,8.406,8.15667,8.374,112272165
764,2013-07-12,8.36667,8.66267,8.30067,8.66,170185635
765,2013-07-15,8.86867,8.884,8.45467,8.484,148843035
766,2013-07-16,8.41867,8.42133,7.15333,7.27,485315385
767,2013-07-17,7.10133,8.108,6.96667,8.01667,390328800
768,2013-07-18,8.06467,8.182,7.74533,7.93533,171053340
769,2013-07-19,7.9,8.03667,7.76733,7.97867,88354830
770,2013-07-22,7.99267,8.44533,7.992,8.162,146965755
771,2013-07-23,8.26667,8.37067,8.12133,8.18267,116048280
772,2013-07-24,8.298,8.3,7.97067,8.11333,103048290
773,2013-07-25,8.02667,8.31667,8.01267,8.27133,79263660
774,2013-07-26,8.54267,8.712,8.44067,8.626,144550215
775,2013-07-29,8.62133,9.02467,8.55,8.97467,145269795
776,2013-07-30,8.98667,9.166,8.54533,8.78267,196932720
777,2013-07-31,8.838,8.99867,8.76333,8.952,95252550
778,2013-08-01,9.0,9.10133,8.842,9.03667,79727355
779,2013-08-02,8.97267,9.21667,8.90733,9.2,93768030
780,2013-08-05,9.334,9.65933,9.31,9.64533,152842710
781,2013-08-06,9.662,9.71533,9.40667,9.47667,138851325
782,2013-08-07,9.45933,9.46333,8.824,8.94867,271472790
783,2013-08-08,10.29,10.592,10.0307,10.232,408626865
784,2013-08-09,10.16,10.3967,10.0833,10.2,134016810
785,2013-08-12,9.962,10.0333,9.47,9.82533,223550805
786,2013-08-13,9.96667,9.98933,9.63,9.69533,131150520
787,2013-08-14,9.51467,9.656,9.20333,9.29067,175356240
788,2013-08-15,9.09533,9.57333,9.0,9.31133,152782950
789,2013-08-16,9.442,9.594,9.398,9.46667,106523850
790,2013-08-19,9.562,9.82533,9.522,9.66,120428790
791,2013-08-20,9.91,9.98533,9.8,9.972,96129990
792,2013-08-21,10.0,10.0207,9.75,9.85733,93884400
793,2013-08-22,9.95,10.4987,9.876,10.4733,158781795
794,2013-08-23,10.4667,10.82,10.3333,10.7893,193881615
795,2013-08-26,11.0073,11.5333,10.6833,10.948,362245545
796,2013-08-27,10.82,11.2533,10.73,11.134,263241255
797,2013-08-28,11.278,11.4333,10.8833,11.0967,221023290
798,2013-08-29,10.9473,11.1833,10.834,11.0707,141634065
799,2013-08-30,11.0913,11.2807,10.9307,11.2667,165258960
800,2013-09-03,11.5553,11.58,11.0933,11.2627,180735360
801,2013-09-04,11.318,11.4413,11.0373,11.3747,172052835
802,2013-09-05,11.34,11.4333,11.2167,11.3287,100372050
803,2013-09-06,11.238,11.3133,11.01,11.1313,129243915
804,2013-09-09,10.8747,10.9667,10.5673,10.7133,215109090
805,2013-09-10,10.7627,11.1667,10.7087,11.0913,134422590
806,2013-09-11,11.094,11.1933,10.8087,10.9013,87440490
807,2013-09-12,10.9333,11.1173,10.7007,10.9953,92125860
808,2013-09-13,10.8513,11.0913,10.8107,11.036,81123255
809,2013-09-16,11.2,11.39,11.0567,11.1053,113806335
810,2013-09-17,11.0053,11.228,10.8907,11.082,82493940
811,2013-09-18,11.1393,11.1633,10.9467,11.0813,81306900
812,2013-09-19,11.3867,12.0313,11.272,11.8613,233777835
813,2013-09-20,11.9267,12.3887,11.904,12.226,200919165
814,2013-09-23,12.2987,12.3653,11.8073,12.074,122776725
815,2013-09-24,11.9427,12.3307,11.8433,12.1553,94147875
816,2013-09-25,12.2373,12.42,12.0333,12.3493,123675600
817,2013-09-26,12.4467,12.6453,12.374,12.576,99251145
818,2013-09-27,12.5013,12.752,12.4287,12.7267,88801230
819,2013-09-30,12.6,12.9667,12.5333,12.8913,133948800
820,2013-10-01,12.9307,12.9487,12.558,12.8667,116391150
821,2013-10-02,12.5727,12.7887,11.6933,12.0633,311213325
822,2013-10-03,11.6693,11.9793,11.2,11.554,356925465
823,2013-10-04,11.76,12.0787,11.51,12.0653,215907405
824,2013-10-07,12.1587,12.4487,12.0173,12.2047,172130595
825,2013-10-08,12.2933,12.3953,11.5473,11.6487,206189460
826,2013-10-09,11.6487,11.666,10.7667,11.252,229688700
827,2013-10-10,11.5393,11.7167,11.3127,11.5287,132844620
828,2013-10-11,11.4707,11.9527,11.4133,11.9133,124577700
829,2013-10-14,11.6667,12.1667,11.61,11.9813,116482020
830,2013-10-15,12.352,12.586,12.212,12.2627,164470575
831,2013-10-16,12.3267,12.4867,12.1393,12.2373,122988525
832,2013-10-17,12.236,12.32,12.066,12.1867,100452750
833,2013-10-18,12.2767,12.3973,12.168,12.2267,88790490
834,2013-10-21,12.2187,12.226,11.4,11.5067,172870050
835,2013-10-22,11.3667,11.852,11.074,11.436,170871660
836,2013-10-23,11.2607,11.454,10.6767,10.9667,199872375
837,2013-10-24,11.0,11.6333,10.8553,11.5433,161865990
838,2013-10-25,11.614,11.6333,11.12,11.3107,113868885
839,2013-10-28,11.354,11.3667,10.8133,10.8573,117623550
840,2013-10-29,10.8507,11.03,10.2,10.9647,211666545
841,2013-10-30,10.9753,11.1787,10.5447,10.6147,126005475
842,2013-10-31,10.378,10.8293,10.22,10.6627,140106825
843,2013-11-01,10.8667,11.06,10.694,10.8113,107681565
844,2013-11-04,11.0,11.6927,10.948,11.68,196324440
845,2013-11-05,11.99,12.0953,11.424,11.7873,334229910
846,2013-11-06,10.3207,10.7153,9.75667,10.0773,465842055
847,2013-11-07,9.61267,9.71,9.17467,9.318,333713865
848,2013-11-08,9.09867,9.37333,8.82133,9.19667,337033365
849,2013-11-11,9.4,9.69467,9.14,9.64667,209801085
850,2013-11-12,9.646,9.64667,9.07867,9.18667,224262825
851,2013-11-13,9.38933,9.49133,9.08933,9.24667,189684390
852,2013-11-14,9.26133,9.36,8.94067,9.17333,182960160
853,2013-11-15,9.12333,9.19667,8.95667,9.03,148280235
854,2013-11-18,9.018,9.03,7.974,8.10533,346530285
855,2013-11-19,7.948,8.6,7.948,8.406,297049740
856,2013-11-20,8.40533,8.49667,7.93733,8.074,207600405
857,2013-11-21,8.19267,8.31933,8.01667,8.14,178444845
858,2013-11-22,8.10533,8.18333,7.862,8.092,166503030
859,2013-11-25,8.3,8.38933,8.02,8.056,154043745
860,2013-11-26,7.95867,8.18133,7.74,8.03333,208149000
861,2013-11-27,8.08733,8.46333,7.968,8.46267,185273775
862,2013-11-29,8.65133,8.706,8.46533,8.48533,145743285
863,2013-12-02,8.42333,8.57,8.262,8.278,116027625
864,2013-12-03,8.84533,9.66267,8.77267,9.64667,384784785
865,2013-12-04,9.62133,9.62867,9.142,9.26333,197053875
866,2013-12-05,9.34267,9.55667,9.3,9.36533,139284165
867,2013-12-06,9.434,9.49933,9.08667,9.15733,118576500
868,2013-12-09,9.13333,9.44667,8.94733,9.44,135758880
869,2013-12-10,9.33667,9.72467,9.324,9.47933,161026800
870,2013-12-11,9.45867,9.53667,9.29933,9.31,106990365
871,2013-12-12,9.32,9.88267,9.23533,9.83133,161412930
872,2013-12-13,9.87,10.12,9.82133,9.84333,158964060
873,2013-12-16,9.9,10.0287,9.74,9.86267,100040655
874,2013-12-17,9.79333,10.3087,9.75467,10.164,157225365
875,2013-12-18,10.1493,10.3267,9.73,9.86533,173588190
876,2013-12-19,9.79333,9.8,9.27333,9.38133,191211090
877,2013-12-20,9.43867,9.62333,9.43867,9.54933,111244320
878,2013-12-23,9.65667,9.74933,9.50667,9.57,80344815
879,2013-12-24,10.0,10.3313,9.988,10.094,149122275
880,2013-12-26,10.336,10.5333,10.286,10.3667,106900650
881,2013-12-27,10.3533,10.3667,10.0533,10.0747,81970170
882,2013-12-30,10.0747,10.3207,10.05,10.1627,67013445
883,2013-12-31,10.1547,10.2133,9.91067,10.0287,63957570
884,2014-01-02,9.98667,10.1653,9.77,10.0067,92901195
885,2014-01-03,10.0,10.146,9.90667,9.97067,70449450
886,2014-01-06,10.0,10.0267,9.68267,9.8,80483160
887,2014-01-07,9.84133,10.0267,9.68333,9.95733,75540315
888,2014-01-08,9.92333,10.2467,9.91733,10.0853,92476215
889,2014-01-09,10.1667,10.2287,9.79,9.83533,80762325
890,2014-01-10,9.89733,9.92667,9.48333,9.71467,111740460
891,2014-01-13,9.71867,9.8,9.188,9.28933,94764105
892,2014-01-14,9.36733,10.8,9.11133,10.7513,416836965
893,2014-01-15,11.23,11.482,10.8067,10.942,307094385
894,2014-01-16,10.8333,11.5133,10.8267,11.398,179590845
895,2014-01-17,11.346,11.5467,11.1967,11.334,138168030
896,2014-01-21,11.416,11.8193,11.3873,11.7787,146098875
897,2014-01-22,11.854,12.0213,11.6507,11.904,105454530
898,2014-01-23,11.8153,12.1587,11.5613,12.1,118319835
899,2014-01-24,11.8667,12.032,11.5687,11.64,115497900
900,2014-01-27,11.6773,11.8613,10.9807,11.308,130951740
901,2014-01-28,11.4333,11.932,11.4,11.892,91652505
902,2014-01-29,11.6867,11.9393,11.542,11.682,89291040
903,2014-01-30,11.8667,12.3187,11.8007,12.1893,128542410
904,2014-01-31,11.9233,12.4,11.9007,12.094,97649460
905,2014-02-03,12.1927,12.3253,11.6773,11.8073,101619270
906,2014-02-04,12.0507,12.1067,11.7467,11.9153,70317960
907,2014-02-05,11.8907,12.0393,11.2907,11.628,109086420
908,2014-02-06,11.7433,12.0073,11.7333,11.892,87668220
909,2014-02-07,12.0833,12.442,11.9733,12.4353,134418735
910,2014-02-10,12.6227,13.2867,12.6213,13.104,194725440
911,2014-02-11,13.2647,13.48,12.8467,13.108,160705200
912,2014-02-12,13.052,13.218,12.9547,13.0213,77669940
913,2014-02-13,12.8893,13.5147,12.8833,13.3087,121922850
914,2014-02-14,13.2067,13.4587,13.1333,13.2153,92575800
915,2014-02-18,13.6827,13.7333,13.424,13.58,140197860
916,2014-02-19,13.58,13.58,12.894,12.9093,244715640
917,2014-02-20,14.334,14.3473,13.7513,13.998,270198870
918,2014-02-21,14.0893,14.2653,13.946,13.9733,117407310
919,2014-02-24,13.9173,14.5573,13.888,14.51,124497930
920,2014-02-25,15.3333,17.28,15.23,16.5333,491237115
921,2014-02-26,17.2387,17.6667,16.5,16.8667,370788720
922,2014-02-27,17.4073,17.46,16.5553,16.836,269381115
923,2014-02-28,16.64,16.8453,16.17,16.3207,219086190
924,2014-03-03,15.8173,16.7767,15.666,16.704,196473045
925,2014-03-04,17.232,17.3333,16.8553,16.9893,131345550
926,2014-03-05,17.1147,17.1327,16.7867,16.844,89089995
927,2014-03-06,16.9427,17.1667,16.63,16.8627,110513910
928,2014-03-07,16.8967,16.99,16.294,16.414,117237315
929,2014-03-10,16.18,16.2,15.7373,15.9227,116186235
930,2014-03-11,15.7667,16.3067,15.4953,15.6273,132545220
931,2014-03-12,15.4333,16.5,15.4073,16.0993,146458680
932,2014-03-13,16.2527,16.2793,15.6,15.8527,93544875
933,2014-03-14,15.686,15.796,15.2213,15.398,124342770
934,2014-03-17,15.6633,15.862,15.3667,15.5987,88688865
935,2014-03-18,15.7967,16.1,15.668,16.0027,93635265
936,2014-03-19,16.0927,16.1033,15.5673,15.7227,76027305
937,2014-03-20,15.744,15.95,15.5573,15.6607,57268575
938,2014-03-21,15.7347,15.7467,15.1667,15.2593,123409680
939,2014-03-24,15.3267,15.3267,14.018,14.678,169994205
940,2014-03-25,14.9427,15.1367,14.5267,14.696,117980595
941,2014-03-26,14.796,14.84,14.09,14.1973,103609500
942,2014-03-27,14.158,14.24,13.5333,13.8213,142579620
943,2014-03-28,14.1933,14.448,14.018,14.158,145271445
944,2014-03-31,14.4333,14.45,13.7593,13.8967,125638455
945,2014-04-01,13.9333,14.544,13.9053,14.4647,110473725
946,2014-04-02,14.6667,15.3927,14.5367,15.3527,161440695
947,2014-04-03,15.3533,15.7153,14.8,15.0267,163816200
948,2014-04-04,15.0993,15.218,14.0833,14.1487,170034165
949,2014-04-07,13.7207,14.4133,13.5673,13.8347,147625170
950,2014-04-08,14.012,14.4327,13.7613,14.364,103307220
951,2014-04-09,14.4507,14.5633,14.0593,14.462,77285520
952,2014-04-10,14.4547,14.5,13.586,13.6127,108121755
953,2014-04-11,13.3827,13.8,13.24,13.5853,136028835
954,2014-04-14,13.8627,13.896,12.9607,13.206,115393545
955,2014-04-15,13.2727,13.286,12.288,12.9273,204965940
956,2014-04-16,13.1233,13.3327,12.7213,13.274,108062955
957,2014-04-17,13.3073,13.486,12.9387,13.208,88923885
958,2014-04-21,13.1387,13.7467,12.9333,13.6253,78958545
959,2014-04-22,13.75,14.622,13.6673,14.576,147084930
960,2014-04-23,14.4167,14.4493,13.8,13.866,109355040
961,2014-04-24,14.054,14.1867,13.5467,13.8573,82542195
962,2014-04-25,13.4667,13.78,13.1767,13.3233,104898480
963,2014-04-28,13.3333,13.586,12.7,13.234,105548265
964,2014-04-29,13.214,13.81,13.0353,13.7947,86705610
965,2014-04-30,13.586,13.8773,13.4187,13.8593,66620295
966,2014-05-01,13.812,14.268,13.7127,13.8487,81644655
967,2014-05-02,13.9007,14.0907,13.768,14.0607,61342005
968,2014-05-05,13.9653,14.5127,13.9013,14.4407,77238585
969,2014-05-06,14.44,14.5773,13.79,13.8187,84495240
970,2014-05-07,13.976,14.0133,13.15,13.4233,151937580
971,2014-05-08,12.1333,12.96,11.8667,11.906,300691980
972,2014-05-09,11.9907,12.2267,11.8147,12.1507,127380480
973,2014-05-12,12.258,12.4793,11.992,12.3113,105035130
974,2014-05-13,12.2507,12.756,12.2,12.6773,106406430
975,2014-05-14,12.5967,12.8987,12.4733,12.708,81171750
976,2014-05-15,12.6653,12.844,12.3533,12.5727,90681270
977,2014-05-16,12.5967,12.8027,12.5147,12.7707,67316610
978,2014-05-19,12.7147,13.126,12.6667,13.0727,68543910
979,2014-05-20,13.1287,13.2887,12.8713,13.02,83252865
980,2014-05-21,13.0787,13.3247,12.986,13.2967,79304910
981,2014-05-22,13.3567,13.792,13.304,13.6587,93218865
982,2014-05-23,13.6267,13.8507,13.5,13.82,60141390
983,2014-05-27,13.9013,14.258,13.8467,14.104,80180595
984,2014-05-28,14.0,14.1847,13.684,14.016,82430745
985,2014-05-29,14.038,14.166,13.848,14.016,55392765
986,2014-05-30,14.04,14.32,13.8013,13.8513,83776440
987,2014-06-02,13.822,13.9567,13.4447,13.6467,69982125
988,2014-06-03,13.566,13.8667,13.506,13.6627,57982635
989,2014-06-04,13.6233,13.7507,13.36,13.5993,51507645
990,2014-06-05,13.6313,13.9467,13.6033,13.7933,60860250
991,2014-06-06,13.9833,14.054,13.812,13.878,46117455
992,2014-06-09,13.8633,13.9993,13.6133,13.6873,41958660
993,2014-06-10,13.6287,13.798,13.4367,13.4867,52834500
994,2014-06-11,13.4333,13.6667,13.2833,13.6313,59672700
995,2014-06-12,13.6733,13.992,13.514,13.568,89909685
996,2014-06-13,13.6333,13.786,13.4387,13.7613,53179860
997,2014-06-16,13.784,15.0327,13.7507,14.974,198588135
998,2014-06-17,14.9333,15.7027,14.8567,15.4447,199521330
999,2014-06-18,15.4333,15.4473,15.0747,15.1413,104160555
1000,2014-06-19,15.2587,15.6873,15.1333,15.186,131960925
1001,2014-06-20,15.2347,15.4193,15.08,15.306,73597080
1002,2014-06-23,15.3007,15.9327,15.2147,15.8147,116943465
1003,2014-06-24,15.9107,16.1253,15.442,15.5,121188645
1004,2014-06-25,15.5367,15.8367,15.3493,15.7927,87027690
1005,2014-06-26,15.8113,16.0267,15.614,15.7067,76827645
1006,2014-06-27,15.646,16.0,15.6333,15.9373,84561315
1007,2014-06-30,15.97,16.2993,15.9333,16.004,72469365
1008,2014-07-01,16.164,16.2293,15.9133,15.9813,65101920
1009,2014-07-02,16.044,16.1553,15.138,15.2953,120525000
1010,2014-07-03,15.4293,15.46,14.9333,15.2833,77500740
1011,2014-07-07,15.1667,15.3187,14.6933,14.844,88465410
1012,2014-07-08,14.5767,14.7307,14.2847,14.6047,117622530
1013,2014-07-09,14.7513,14.948,14.614,14.8707,61758180
1014,2014-07-10,14.4787,14.8147,14.4027,14.6307,72968130
1015,2014-07-11,14.7073,14.7733,14.5067,14.542,49586205
1016,2014-07-14,14.666,15.2527,14.3633,15.1133,108098175
1017,2014-07-15,15.1227,15.1767,14.54,14.6387,85890960
1018,2014-07-16,14.7947,14.9867,14.4547,14.4773,60715065
1019,2014-07-17,14.4107,14.7033,14.24,14.36,69746400
1020,2014-07-18,14.3967,14.7473,14.3953,14.668,63875640
1021,2014-07-21,14.4833,14.8807,14.448,14.7027,57373020
1022,2014-07-22,14.8127,14.8867,14.6073,14.6387,40956015
1023,2014-07-23,14.6673,14.9833,14.6287,14.8327,46312755
1024,2014-07-24,14.8833,15.0067,14.72,14.9027,48700230
1025,2014-07-25,14.848,15.1313,14.7833,14.9047,46352040
1026,2014-07-28,14.95,15.4667,14.76,14.988,97722840
1027,2014-07-29,15.1073,15.22,14.9907,15.0007,50770305
1028,2014-07-30,14.784,15.3067,14.736,15.2613,73874145
1029,2014-07-31,15.284,15.4267,14.7667,14.8867,115782960
1030,2014-08-01,15.068,15.8333,15.0667,15.5513,178444680
1031,2014-08-04,15.6253,16.0333,15.5513,15.9013,89464770
1032,2014-08-05,15.8207,16.1993,15.7127,15.8993,80780910
1033,2014-08-06,15.9267,16.7613,15.9053,16.5953,138571650
1034,2014-08-07,16.6747,17.1127,16.608,16.826,112036365
1035,2014-08-08,16.744,16.784,16.4333,16.542,76466130
1036,2014-08-11,17.0093,17.5827,17.0,17.288,121445925
1037,2014-08-12,17.2053,17.3533,16.972,17.3307,95765145
1038,2014-08-13,17.4673,17.7093,17.3073,17.354,103857615
1039,2014-08-14,17.4993,17.5333,17.1,17.4253,61872330
1040,2014-08-15,17.432,17.4727,17.2333,17.4673,57930600
1041,2014-08-18,17.55,17.8173,17.3167,17.3293,87675675
1042,2014-08-19,17.258,17.2887,16.7747,17.1173,80091615
1043,2014-08-20,16.978,17.2493,16.8667,17.0473,45314625
1044,2014-08-21,17.1013,17.2533,16.884,16.956,43768215
1045,2014-08-22,16.9693,17.13,16.8407,17.1187,42541740
1046,2014-08-25,17.2127,17.5787,17.2127,17.5033,64749180
1047,2014-08-26,17.6653,17.7,17.444,17.4493,57325335
1048,2014-08-27,17.5667,17.616,17.3527,17.55,44823645
1049,2014-08-28,17.4593,17.632,17.4427,17.5907,42716925
1050,2014-08-29,17.9133,18.1333,17.834,17.98,96763995
1051,2014-09-02,18.3667,18.9927,18.2867,18.9413,147568155
1052,2014-09-03,19.178,19.2,18.6733,18.746,101647140
1053,2014-09-04,18.94,19.428,18.6933,19.0693,125042715
1054,2014-09-05,18.8333,18.86,18.1673,18.4927,167594400
1055,2014-09-08,18.5327,18.992,18.5013,18.8073,82548855
1056,2014-09-09,18.866,19.0327,18.4667,18.5653,68499105
1057,2014-09-10,18.6333,18.7607,18.244,18.74,56749470
1058,2014-09-11,18.6973,18.986,18.5753,18.6873,56497710
1059,2014-09-12,18.718,18.826,18.4667,18.6133,49900530
1060,2014-09-15,18.2913,18.2933,16.6087,16.924,246939990
1061,2014-09-16,17.01,17.4973,16.828,17.3827,124522995
1062,2014-09-17,17.5073,17.6467,17.3,17.4253,77688720
1063,2014-09-18,17.558,17.7067,17.488,17.588,55429425
1064,2014-09-19,17.1993,17.4287,17.018,17.288,102166365
1065,2014-09-22,17.0,17.068,16.314,16.6687,123307950
1066,2014-09-23,16.348,16.92,16.3333,16.694,84893790
1067,2014-09-24,16.7413,16.856,16.4693,16.8093,56271330
1068,2014-09-25,16.8347,16.9973,16.4067,16.4633,72617490
1069,2014-09-26,16.55,16.6487,16.4047,16.44,56965590
1070,2014-09-29,16.2667,16.576,16.092,16.3507,72806985
1071,2014-09-30,16.4613,16.51,16.008,16.1787,63702780
1072,2014-10-01,16.1467,16.1773,15.71,16.016,89169360
1073,2014-10-02,16.68,16.8527,16.3573,16.7613,134994015
1074,2014-10-03,16.8733,17.1,16.7353,17.014,81110235
1075,2014-10-06,17.2753,17.4993,17.1867,17.3747,115746600
1076,2014-10-07,17.2353,17.4307,17.0487,17.3047,67305375
1077,2014-10-08,17.34,17.5253,16.8427,17.2853,75890415
1078,2014-10-09,17.4833,17.7027,16.96,17.134,110316210
1079,2014-10-10,16.3093,16.3927,15.68,15.794,193360500
1080,2014-10-13,15.9047,15.9307,14.7333,14.9727,169079925
1081,2014-10-14,15.2167,15.498,14.8667,15.1373,106621035
1082,2014-10-15,14.6667,15.3993,14.488,15.3133,137239755
1083,2014-10-16,14.648,15.328,14.6067,15.09,81034215
1084,2014-10-17,15.5587,15.6513,15.1033,15.1653,158268780
1085,2014-10-20,15.1147,15.4933,15.034,15.3647,52466850
1086,2014-10-21,15.6187,15.6927,15.3867,15.6893,61880055
1087,2014-10-22,15.546,15.826,15.3707,15.4067,61804290
1088,2014-10-23,15.6433,15.752,15.4667,15.686,52417980
1089,2014-10-24,15.7513,15.8533,15.4133,15.6827,51961425
1090,2014-10-27,15.6167,15.6407,14.6873,14.778,143299050
1091,2014-10-28,15.3067,16.3067,15.2167,16.1847,157743675
1092,2014-10-29,16.08,16.1,15.7093,15.8733,74514585
1093,2014-10-30,15.876,16.0333,15.6707,15.9107,48424815
1094,2014-10-31,16.1673,16.208,15.9167,16.1133,56629905
1095,2014-11-03,16.2,16.504,16.088,16.1727,63072165
1096,2014-11-04,16.0327,16.1567,15.7687,15.9287,55205955
1097,2014-11-05,16.0667,16.0907,15.3687,15.398,134872230
1098,2014-11-06,15.648,16.446,15.2333,16.0813,230228385
1099,2014-11-07,16.146,16.1893,15.8133,16.0133,77393250
1100,2014-11-10,15.9407,16.192,15.7867,16.1287,68639415
1101,2014-11-11,16.17,16.788,16.1333,16.7387,119273385
1102,2014-11-12,16.648,16.8227,16.372,16.6067,88032120
1103,2014-11-13,16.708,17.05,16.6833,16.78,93506670
1104,2014-11-14,16.6667,17.2567,16.5667,17.2453,91482705
1105,2014-11-17,17.166,17.2667,16.8013,16.932,60362670
1106,2014-11-18,17.0573,17.3327,17.034,17.18,67096050
1107,2014-11-19,16.69,16.792,16.3733,16.516,118723515
1108,2014-11-20,16.5333,16.7287,16.4,16.5807,53801940
1109,2014-11-21,16.814,16.852,16.1447,16.1853,112227540
1110,2014-11-24,16.3467,16.5067,16.0427,16.448,71817480
1111,2014-11-25,16.49,16.648,16.406,16.5393,47343150
1112,2014-11-26,16.556,16.6,16.44,16.5627,29721885
1113,2014-11-28,16.3567,16.446,16.168,16.3013,31795320
1114,2014-12-01,16.0773,16.1647,15.2673,15.4427,129269760
1115,2014-12-02,15.622,15.6587,15.2,15.4287,88274220
1116,2014-12-03,15.0693,15.3147,15.0333,15.2867,79567875
1117,2014-12-04,15.2613,15.3933,15.1873,15.2187,58085040
1118,2014-12-05,15.2447,15.2927,14.8173,14.914,90942165
1119,2014-12-08,14.7473,14.9907,14.156,14.2907,138362505
1120,2014-12-09,13.9653,14.5153,13.618,14.4593,141431955
1121,2014-12-10,14.2753,14.4513,13.8467,13.9893,109654095
1122,2014-12-11,14.0353,14.362,13.882,13.9253,100402080
1123,2014-12-12,13.6547,14.112,13.6333,13.8,107572875
1124,2014-12-15,13.9513,13.9867,13.5113,13.6027,78247740
1125,2014-12-16,13.3833,13.5787,13.0247,13.1873,126292815
1126,2014-12-17,12.8707,13.7767,12.8433,13.7213,110489460
1127,2014-12-18,14.1587,14.5627,14.12,14.5507,112221180
1128,2014-12-19,14.6793,14.6933,14.3,14.6193,103595265
1129,2014-12-22,14.666,14.9373,14.5507,14.84,72091065
1130,2014-12-23,14.9207,14.9547,14.6347,14.7313,67685130
1131,2014-12-24,14.6513,14.8333,14.6167,14.8173,20002770
1132,2014-12-26,14.7673,15.2333,14.7667,15.188,49893990
1133,2014-12-29,15.1267,15.194,14.9347,15.0473,42172650
1134,2014-12-30,14.9327,15.0433,14.76,14.8153,43544730
1135,2014-12-31,14.8727,15.0453,14.8167,14.8273,36028380
1136,2015-01-02,14.858,14.8833,14.2173,14.6207,71461545
1137,2015-01-05,14.3,14.4333,13.8107,14.006,80488110
1138,2015-01-06,14.004,14.28,13.614,14.0853,93924045
1139,2015-01-07,14.2233,14.3187,13.9853,14.0633,44514750
1140,2015-01-08,14.1873,14.2533,14.0007,14.0413,51634560
1141,2015-01-09,13.928,13.9987,13.664,13.7773,70022775
1142,2015-01-12,13.5367,13.6313,13.2833,13.4807,89253675
1143,2015-01-13,13.5547,13.8407,13.394,13.6167,66716175
1144,2015-01-14,12.3887,13.0133,12.3333,12.846,173262060
1145,2015-01-15,12.966,13.05,12.6667,12.7913,78225315
1146,2015-01-16,12.7133,12.966,12.6433,12.8713,54045885
1147,2015-01-20,12.9247,12.9413,12.4693,12.7953,91508445
1148,2015-01-21,12.6367,13.2453,12.6367,13.1047,80837895
1149,2015-01-22,13.1333,13.5493,13.0133,13.4413,83643900
1150,2015-01-23,13.344,13.5667,13.222,13.4193,66870135
1151,2015-01-26,13.4553,13.908,13.4033,13.77,48489510
1152,2015-01-27,13.6273,13.8687,13.5533,13.732,41709285
1153,2015-01-28,13.7407,13.758,13.228,13.2913,46800315
1154,2015-01-29,13.4047,13.732,13.1,13.68,53204205
1155,2015-01-30,13.5973,13.8313,13.5333,13.5733,45101085
1156,2015-02-02,13.598,14.13,13.5533,14.0627,62229225
1157,2015-02-03,14.2073,14.6913,14.0847,14.5573,72375225
1158,2015-02-04,14.5527,14.7653,14.4533,14.57,49576635
1159,2015-02-05,14.6587,15.032,14.6427,14.7327,52837485
1160,2015-02-06,14.8,14.8933,14.4333,14.4907,48633375
1161,2015-02-09,14.3587,14.5287,14.1327,14.4987,52079250
1162,2015-02-10,14.5087,14.7,14.3333,14.4193,80611665
1163,2015-02-11,14.1473,14.316,13.8187,14.1867,144862455
1164,2015-02-12,12.9047,13.5393,12.8853,13.5253,234683715
1165,2015-02-13,13.526,13.7327,13.394,13.5847,92662620
1166,2015-02-17,13.7133,13.7133,13.4333,13.6233,59668905
1167,2015-02-18,13.6113,13.7447,13.5067,13.6307,40688550
1168,2015-02-19,13.6667,14.1627,13.5833,14.114,77259675
1169,2015-02-20,14.052,14.5067,13.9873,14.474,89700600
1170,2015-02-23,14.3013,14.5467,13.7553,13.8227,127465260
1171,2015-02-24,13.8193,13.8193,13.4467,13.6073,99015330
1172,2015-02-25,13.6627,13.8093,13.5053,13.584,58631190
1173,2015-02-26,13.6,14.0727,13.4813,13.8127,97083930
1174,2015-02-27,13.7873,13.9033,13.52,13.556,58221390
1175,2015-03-02,13.5133,13.556,13.0547,13.1547,118830000
1176,2015-03-03,13.1207,13.3493,13.0213,13.304,66484500
1177,2015-03-04,13.2833,13.5013,13.1473,13.4953,63328500
1178,2015-03-05,13.5233,13.746,13.3433,13.3753,73155000
1179,2015-03-06,13.2807,13.3833,12.81,12.9253,100686000
1180,2015-03-09,12.9593,12.966,12.55,12.7253,101050500
1181,2015-03-10,12.564,12.9,12.5067,12.688,83694000
1182,2015-03-11,12.7407,13.0787,12.734,12.916,74622000
1183,2015-03-12,12.9167,12.9633,12.5233,12.5787,62371140
1184,2015-03-13,12.5947,12.7833,12.488,12.5787,81513000
1185,2015-03-16,12.8,13.0607,12.6533,13.0467,84430500
1186,2015-03-17,13.0287,13.2473,12.9293,12.982,73410000
1187,2015-03-18,12.9973,13.392,12.874,13.3807,72313500
1188,2015-03-19,13.4667,13.6393,12.9687,13.0433,127128000
1189,2015-03-20,13.1633,13.266,13.0413,13.2053,64041000
1190,2015-03-23,13.232,13.3667,13.1647,13.3087,39474000
1191,2015-03-24,13.4387,13.586,13.3167,13.448,54747000
1192,2015-03-25,13.2333,13.2393,12.8467,12.9533,85954500
1193,2015-03-26,12.928,12.986,12.6467,12.6933,61918500
1194,2015-03-27,12.6047,12.6193,12.0933,12.3333,129073500
1195,2015-03-30,12.39,12.8167,12.12,12.7047,151342500
1196,2015-03-31,12.9027,12.9173,12.5607,12.5847,75398535
1197,2015-04-01,12.58,12.82,12.4033,12.506,56919000
1198,2015-04-02,12.682,12.882,12.6667,12.7333,75154500
1199,2015-04-06,13.2,13.85,13.1667,13.54,186837000
1200,2015-04-07,13.4767,13.6707,13.4093,13.55,65202825
1201,2015-04-08,13.904,14.06,13.7247,13.8447,94546500
1202,2015-04-09,13.8953,14.0247,13.7413,14.006,56958105
1203,2015-04-10,13.99,14.11,13.9333,14.06,61014000
1204,2015-04-13,14.048,14.2,13.9367,13.9853,56373000
1205,2015-04-14,13.9047,13.966,13.7,13.8307,45388500
1206,2015-04-15,13.8307,13.9727,13.7733,13.8553,29204010
1207,2015-04-16,13.8467,13.9447,13.7527,13.78,24885885
1208,2015-04-17,13.666,13.792,13.5667,13.786,37048500
1209,2015-04-20,13.7853,13.8567,13.59,13.6847,38388390
1210,2015-04-21,13.72,14.05,13.6207,13.9607,51457560
1211,2015-04-22,14.1667,14.792,14.1127,14.6293,117920700
1212,2015-04-23,14.5513,14.7653,14.4767,14.5733,66166500
1213,2015-04-24,14.7,14.72,14.534,14.562,36417645
1214,2015-04-27,14.8373,15.9167,14.8,15.4367,175089000
1215,2015-04-28,15.65,15.7,15.202,15.3653,91280685
1216,2015-04-29,15.3367,15.6647,15.1753,15.4967,59040000
1217,2015-04-30,15.3593,15.526,15.0113,15.07,58677000
1218,2015-05-01,15.3293,15.4513,14.6933,15.0687,79224000
1219,2015-05-04,15.212,15.6487,15.1407,15.3673,66517500
1220,2015-05-05,15.8507,15.9667,15.2753,15.53,86952000
1221,2015-05-06,15.6067,15.6313,15.2133,15.362,78537300
1222,2015-05-07,14.7333,15.832,14.6833,15.7867,141729405
1223,2015-05-08,15.7327,15.894,15.58,15.774,70023000
1224,2015-05-11,15.7527,16.192,15.6873,15.966,85083000
1225,2015-05-12,16.0073,16.4233,15.8793,16.316,95451435
1226,2015-05-13,16.5073,16.5533,16.15,16.212,81601500
1227,2015-05-14,16.3213,16.326,16.0833,16.2733,43438500
1228,2015-05-15,16.284,16.6267,16.1667,16.5893,67876905
1229,2015-05-18,16.4573,16.66,16.4,16.5833,50285520
1230,2015-05-19,16.556,16.7333,16.41,16.476,55113465
1231,2015-05-20,16.4753,16.516,16.0913,16.29,56332500
1232,2015-05-21,16.202,16.4413,16.1573,16.3747,29559000
1233,2015-05-22,16.3633,16.5733,16.334,16.5153,33345000
1234,2015-05-26,16.512,16.8,16.4333,16.4973,52463460
1235,2015-05-27,16.5673,16.6333,16.37,16.4953,51123000
1236,2015-05-28,16.4687,16.7867,16.3367,16.7633,54697200
1237,2015-05-29,16.7333,16.858,16.6287,16.72,56838000
1238,2015-06-01,16.7607,16.7733,16.498,16.63,37575855
1239,2015-06-02,16.5947,16.6267,16.42,16.5567,31941600
1240,2015-06-03,16.5467,16.7147,16.4673,16.5993,26722500
1241,2015-06-04,16.5,16.62,16.3807,16.3947,36804000
1242,2015-06-05,16.4107,16.6467,16.3787,16.6093,45330000
1243,2015-06-08,16.7173,17.25,16.6873,17.086,75253500
1244,2015-06-09,17.0267,17.1827,16.9427,17.0667,39146160
1245,2015-06-10,16.7933,16.9333,16.5667,16.7133,51811110
1246,2015-06-11,16.884,16.958,16.6953,16.7607,30660870
1247,2015-06-12,16.7073,16.8973,16.6807,16.7127,21274500
1248,2015-06-15,16.6467,16.752,16.4007,16.692,32791500
1249,2015-06-16,16.6753,16.896,16.6067,16.8747,29769000
1250,2015-06-17,16.8113,17.624,16.8013,17.3607,82693500
1251,2015-06-18,17.4667,17.564,17.3347,17.4593,41740500
1252,2015-06-19,17.4933,17.5867,17.34,17.5007,36945000
1253,2015-06-22,17.4767,17.6267,17.046,17.3193,68415000
1254,2015-06-23,17.354,17.8667,17.238,17.8447,58062270
1255,2015-06-24,17.7987,17.8233,17.5813,17.678,36183000
1256,2015-06-25,17.7633,18.094,17.6833,17.9193,42738000
1257,2015-06-26,17.926,17.9407,17.7333,17.806,57576000
1258,2015-06-29,17.4633,17.73,17.38,17.468,52183500
1259,2015-06-30,17.6533,18.0613,17.6,17.884,46304025
1260,2015-07-01,18.074,18.1747,17.8567,17.9433,31518000
1261,2015-07-02,18.6667,18.83,18.2207,18.668,107458500
1262,2015-07-06,18.5633,18.7793,18.42,18.648,61828500
1263,2015-07-07,18.3333,18.3467,17.3847,17.8587,91576500
1264,2015-07-08,17.288,17.3867,16.954,16.9973,93315000
1265,2015-07-09,17.272,17.53,17.1193,17.1947,50010000
1266,2015-07-10,17.4813,17.5333,17.188,17.2767,39162000
1267,2015-07-13,17.48,17.5033,17.07,17.4773,44404500
1268,2015-07-14,17.4733,17.7327,17.3673,17.71,28611330
1269,2015-07-15,17.7827,17.8327,17.472,17.5427,30312945
1270,2015-07-16,17.6147,17.8133,17.544,17.7787,24238500
1271,2015-07-17,18.1613,18.3693,17.8833,18.3107,75060000
1272,2015-07-20,18.3333,19.11,18.1693,18.8173,74676000
1273,2015-07-21,18.0033,18.2333,17.77,17.7847,91629000
1274,2015-07-22,17.418,17.9627,17.3907,17.858,46573500
1275,2015-07-23,17.9767,17.9933,17.6847,17.8133,33408000
1276,2015-07-24,17.8253,18.0727,17.5947,17.694,42546000
1277,2015-07-27,17.4953,17.6287,16.7193,16.8673,70411500
1278,2015-07-28,17.05,17.6933,16.7893,17.6547,58437000
1279,2015-07-29,17.618,17.8593,17.4667,17.588,41850000
1280,2015-07-30,17.5127,17.796,17.474,17.786,30517500
1281,2015-07-31,17.84,17.9573,17.6747,17.7433,33337500
1282,2015-08-03,17.7527,17.7807,17.138,17.3327,38296620
1283,2015-08-04,17.334,17.7813,17.2227,17.752,35287500
1284,2015-08-05,17.572,18.0667,17.36,18.0087,93214500
1285,2015-08-06,16.636,17.0,15.7413,16.4087,219296130
1286,2015-08-07,16.2387,16.2487,15.8927,16.1673,76099500
1287,2015-08-10,15.8767,16.198,15.7367,16.076,62787000
1288,2015-08-11,15.81,15.9533,15.6293,15.8247,63934710
1289,2015-08-12,15.6667,15.9847,15.516,15.878,56086500
1290,2015-08-13,15.9907,16.432,15.9413,16.1673,70336500
1291,2015-08-14,16.4827,16.5287,16.118,16.21,65472000
1292,2015-08-17,17.0373,17.106,16.7007,16.9993,107649000
1293,2015-08-18,17.0253,17.3967,16.904,17.3813,62925000
1294,2015-08-19,17.3553,17.3767,17.0013,17.0167,54063000
1295,2015-08-20,16.804,16.9707,16.1267,16.1453,73585500
1296,2015-08-21,15.7333,16.2533,15.3673,15.3847,98853000
1297,2015-08-24,13.5193,15.4267,13.0,14.5913,143710335
1298,2015-08-25,15.3793,15.3933,14.608,14.6687,64908000
1299,2015-08-26,15.1953,15.2,14.3673,14.9893,74445000
1300,2015-08-27,15.4,16.3167,15.3873,16.1993,114838500
1301,2015-08-28,16.124,16.7633,16.1047,16.5653,82704000
1302,2015-08-31,16.3747,16.9967,16.3673,16.604,70503000
1303,2015-09-01,16.0227,16.4,15.798,15.9087,81820500
1304,2015-09-02,16.3533,16.5253,15.9853,16.5127,69436500
1305,2015-09-03,16.804,16.8053,16.3333,16.3713,62920500
1306,2015-09-04,16.0593,16.2727,15.88,16.1287,55336500
1307,2015-09-08,16.3367,16.6107,16.27,16.5447,47073000
1308,2015-09-09,16.8033,16.95,16.5533,16.594,50860500
1309,2015-09-10,16.482,16.7147,16.3553,16.5653,40634430
1310,2015-09-11,16.5093,16.6827,16.3153,16.6827,35262000
1311,2015-09-14,16.74,16.95,16.6447,16.8793,43362000
1312,2015-09-15,16.85,16.9733,16.6333,16.9047,44001000
1313,2015-09-16,16.8693,17.5253,16.8587,17.4833,66255000
1314,2015-09-17,17.5973,17.7,17.3793,17.4713,53787180
1315,2015-09-18,17.1973,17.588,17.1667,17.3747,56445000
1316,2015-09-21,17.5987,18.1047,17.0533,17.6133,91801500
1317,2015-09-22,17.2687,17.51,17.058,17.396,54964500
1318,2015-09-23,17.4633,17.472,17.172,17.404,39011670
1319,2015-09-24,17.302,17.5633,17.0807,17.5413,51673905
1320,2015-09-25,17.774,17.794,17.0767,17.1273,56599500
1321,2015-09-28,17.1567,17.3193,16.4407,16.562,73508685
1322,2015-09-29,16.6973,16.982,16.364,16.4433,55546500
1323,2015-09-30,16.8,16.8267,16.156,16.56,73942500
1324,2015-10-01,16.5007,16.5667,15.8087,15.992,68593500
1325,2015-10-02,15.7067,16.5133,15.662,16.5047,66358500
1326,2015-10-05,16.5893,16.656,16.2753,16.41,55333320
1327,2015-10-06,16.0,16.202,15.7053,16.0973,78537000
1328,2015-10-07,15.7753,15.8467,15.2747,15.464,102208500
1329,2015-10-08,15.3387,15.3813,14.754,15.1147,91998000
1330,2015-10-09,14.7287,14.958,14.5573,14.7127,92352000
1331,2015-10-12,14.866,14.8667,14.3513,14.372,57485970
1332,2015-10-13,14.2187,14.8347,14.0753,14.6167,77572500
1333,2015-10-14,14.7113,14.73,14.362,14.4587,46566000
1334,2015-10-15,14.4287,14.782,14.2467,14.754,42663000
1335,2015-10-16,14.8693,15.3653,14.858,15.134,65016000
1336,2015-10-19,15.1,15.41,14.996,15.2067,37618425
1337,2015-10-20,15.1813,15.24,13.4667,14.202,186838470
1338,2015-10-21,14.1327,14.3207,13.92,14.006,62751000
1339,2015-10-22,14.104,14.3833,13.96,14.1147,42376500
1340,2015-10-23,14.3333,14.3567,13.846,13.9393,63531000
1341,2015-10-26,14.092,14.392,14.0,14.3507,50871000
1342,2015-10-27,14.3227,14.4733,13.834,14.0233,52791000
1343,2015-10-28,14.0873,14.23,13.8867,14.1973,40927500
1344,2015-10-29,14.1167,14.25,14.0427,14.1087,27075000
1345,2015-10-30,14.0267,14.1087,13.5927,13.7953,66583500
1346,2015-11-02,13.928,14.3867,13.8147,14.2527,58916595
1347,2015-11-03,14.2567,14.296,13.85,13.89,124986000
1348,2015-11-04,15.1333,15.516,15.0133,15.442,190875780
1349,2015-11-05,15.372,15.6387,15.2793,15.4513,67452000
1350,2015-11-06,15.38,15.5573,15.3,15.4907,36678000
1351,2015-11-09,15.5327,15.5327,14.954,15.022,57762900
1352,2015-11-10,14.8987,14.9133,14.4053,14.4333,69255000
1353,2015-11-11,14.518,14.632,14.242,14.6053,50217000
1354,2015-11-12,14.5233,14.6,14.1773,14.196,43738500
1355,2015-11-13,14.1967,14.1993,13.768,13.8127,51454500
1356,2015-11-16,13.7393,14.332,13.72,14.2873,43879500
1357,2015-11-17,14.3467,14.4,14.0933,14.2667,32229000
1358,2015-11-18,14.3,14.7587,14.168,14.738,42178500
1359,2015-11-19,14.7027,15.0793,14.6867,14.7867,37564500
1360,2015-11-20,14.8993,15.0,14.2387,14.6673,66010500
1361,2015-11-23,14.49,14.612,14.312,14.5167,37891500
1362,2015-11-24,14.358,14.7333,14.3333,14.55,37189500
1363,2015-11-25,14.756,15.388,14.692,15.3093,59860500
1364,2015-11-27,15.404,15.4833,15.134,15.4407,29239500
1365,2015-11-30,15.4527,15.6187,15.272,15.3507,39897000
1366,2015-12-01,15.404,15.8667,15.4033,15.8127,56009325
1367,2015-12-02,15.8,15.9067,15.4153,15.466,44711520
1368,2015-12-03,15.6987,15.83,15.3333,15.514,44092995
1369,2015-12-04,15.4973,15.5513,15.1773,15.3587,38604000
1370,2015-12-07,15.18,15.7087,15.0767,15.4087,47163000
1371,2015-12-08,15.168,15.2533,14.9467,15.1147,40314540
1372,2015-12-09,15.1133,15.1667,14.7147,14.968,45865500
1373,2015-12-10,14.9807,15.2327,14.9093,15.138,31074000
1374,2015-12-11,15.016,15.05,14.4427,14.468,49030500
1375,2015-12-14,14.5007,14.728,14.3247,14.572,42461970
1376,2015-12-15,14.788,14.8147,14.5333,14.7393,33666000
1377,2015-12-16,14.8067,15.6587,14.7153,15.634,76564500
1378,2015-12-17,15.596,15.8507,15.3207,15.5593,49479000
1379,2015-12-18,15.526,15.7267,15.286,15.364,45211500
1380,2015-12-21,15.446,15.722,15.4053,15.504,29296500
1381,2015-12-22,15.666,15.77,15.3087,15.33,29417325
1382,2015-12-23,15.4787,15.5633,15.2087,15.3133,23323500
1383,2015-12-24,15.3707,15.4587,15.2187,15.3713,10654155
1384,2015-12-28,15.4327,15.4653,15.036,15.2633,28519560
1385,2015-12-29,15.3373,15.848,15.3033,15.8127,36094350
1386,2015-12-30,15.7733,16.2423,15.7113,15.8727,46861110
1387,2015-12-31,15.9007,16.23,15.8913,16.0007,37546545
1388,2016-01-04,15.3813,15.4253,14.6,14.894,91867230
1389,2016-01-05,15.0907,15.4867,14.6667,14.8953,46296375
1390,2016-01-06,14.6667,14.67,14.3987,14.6027,52392165
1391,2016-01-07,14.2793,14.5627,14.2447,14.3767,51161790
1392,2016-01-08,14.524,14.696,14.0513,14.0667,52566915
1393,2016-01-11,14.2673,14.2967,13.5333,13.8567,61371330
1394,2016-01-12,14.1067,14.2493,13.6873,13.998,38930835
1395,2016-01-13,14.134,14.1767,13.3333,13.354,57319155
1396,2016-01-14,13.4807,14.0,12.892,13.7453,89483055
1397,2016-01-15,13.2647,13.6713,13.15,13.666,63766275
1398,2016-01-19,13.914,14.0313,13.3853,13.648,60579000
1399,2016-01-20,13.2933,13.4187,12.75,13.2467,79794870
1400,2016-01-21,13.4367,13.5487,13.0013,13.3313,44326125
1401,2016-01-22,13.6533,13.7,13.2687,13.5033,46224390
1402,2016-01-25,13.3373,13.5713,13.0587,13.0913,32264760
1403,2016-01-26,13.1133,13.188,12.592,12.904,61859130
1404,2016-01-27,12.8253,12.884,12.3847,12.538,52959900
1405,2016-01-28,12.7193,12.752,12.1607,12.6467,58011195
1406,2016-01-29,12.6633,12.916,12.5387,12.7407,33669555
1407,2016-02-01,12.584,13.3013,12.1833,13.1293,68587830
1408,2016-02-02,12.828,12.8747,12.0153,12.1853,74912445
1409,2016-02-03,12.2393,12.2627,11.3453,11.5653,101493180
1410,2016-02-04,11.38,11.732,11.1327,11.6887,55467900
1411,2016-02-05,11.42,11.5333,10.5163,10.84,132853560
1412,2016-02-08,10.4737,10.4767,9.73333,9.86867,114857400
1413,2016-02-09,9.488,10.6527,9.40333,9.88333,119256105
1414,2016-02-10,10.0333,10.3313,9.44933,9.578,120796845
1415,2016-02-11,10.1333,10.884,9.8,10.0313,201263340
1416,2016-02-12,10.3333,10.4673,9.58,10.0693,95626635
1417,2016-02-16,10.58,10.8633,10.274,10.3447,80315850
1418,2016-02-17,10.6,11.2893,10.4453,11.2453,76512825
1419,2016-02-18,11.4947,11.53,10.9847,11.118,52910430
1420,2016-02-19,10.9107,11.166,10.8333,11.1053,37264470
1421,2016-02-22,11.3413,11.9273,11.3233,11.8493,66265875
1422,2016-02-23,11.744,12.1153,11.5787,11.814,88144425
1423,2016-02-24,11.5167,11.9667,11.1893,11.9333,69536655
1424,2016-02-25,11.91,12.568,11.68,12.4953,67761840
1425,2016-02-26,12.58,12.8,12.3333,12.6893,78458610
1426,2016-02-29,12.8267,13.09,12.6147,12.7953,63397170
1427,2016-03-01,12.95,13.0633,12.18,12.4233,87525435
1428,2016-03-02,12.2487,12.568,12.1,12.556,68043180
1429,2016-03-03,12.552,13.1613,12.2813,13.0493,63703020
1430,2016-03-04,13.2,13.602,13.1667,13.4027,85982610
1431,2016-03-07,13.1787,13.98,13.16,13.686,67336530
1432,2016-03-08,13.5667,13.8333,13.48,13.5067,57431955
1433,2016-03-09,13.6347,13.9583,13.5193,13.9147,41284755
1434,2016-03-10,14.0,14.2193,13.378,13.6787,77887845
1435,2016-03-11,13.862,13.9613,13.6887,13.8333,42247140
1436,2016-03-14,14.1767,14.448,14.0427,14.3433,60985590
1437,2016-03-15,14.2847,14.598,14.1,14.556,47706780
1438,2016-03-16,14.5333,14.8387,14.468,14.7953,52750545
1439,2016-03-17,14.7647,15.2333,14.6667,15.092,56743365
1440,2016-03-18,15.2733,15.632,15.204,15.516,70676895
1441,2016-03-21,15.6893,15.992,15.6667,15.888,79617330
1442,2016-03-22,15.814,15.9327,15.504,15.616,64739820
1443,2016-03-23,15.4913,15.6487,14.802,14.8387,74232615
1444,2016-03-24,14.3853,15.2593,14.3333,15.1833,74413500
1445,2016-03-28,15.4407,15.654,15.0,15.3507,49896180
1446,2016-03-29,15.326,15.492,15.022,15.342,57750120
1447,2016-03-30,15.6727,15.7,15.1,15.126,52494720
1448,2016-03-31,15.2893,15.828,15.0007,15.318,102739680
1449,2016-04-01,16.3217,16.5267,15.55,15.8393,225203625
1450,2016-04-04,16.608,16.808,16.2427,16.466,171569715
1451,2016-04-05,16.0333,17.104,16.0,17.0313,145040715
1452,2016-04-06,16.9313,17.8493,16.8967,17.6947,147592875
1453,2016-04-07,17.7633,17.956,16.9673,17.1467,114629775
1454,2016-04-08,17.3667,17.388,16.5347,16.6713,92681295
1455,2016-04-11,16.7333,17.266,16.3533,16.6613,118741455
1456,2016-04-12,16.6333,16.7867,16.242,16.5213,73695240
1457,2016-04-13,16.5673,17.0333,16.4887,16.9687,63782160
1458,2016-04-14,16.8667,17.1227,16.7367,16.7907,54792285
1459,2016-04-15,16.754,16.9733,16.608,16.9673,51453195
1460,2016-04-18,16.8153,17.2207,16.7773,16.9253,60820530
1461,2016-04-19,16.8747,16.958,16.0833,16.4913,81050385
1462,2016-04-20,16.4173,16.9107,16.1,16.6647,71030265
1463,2016-04-21,16.5993,16.7267,16.4607,16.5527,39675270
1464,2016-04-22,16.5927,16.9333,16.3807,16.9167,50069595
1465,2016-04-25,16.8673,17.1587,16.7173,16.788,46062855
1466,2016-04-26,16.8033,17.0487,16.626,16.916,41642355
1467,2016-04-27,16.85,17.0,16.6267,16.7647,44667915
1468,2016-04-28,16.6567,16.8953,16.496,16.514,31923975
1469,2016-04-29,16.5427,16.562,15.854,16.0507,67807365
1470,2016-05-02,16.1,16.2127,15.6547,16.12,48785250
1471,2016-05-03,15.824,15.9273,15.4413,15.488,60011535
1472,2016-05-04,15.3527,15.6307,14.6933,14.8373,107416005
1473,2016-05-05,15.2307,15.2427,13.986,14.102,164280735
1474,2016-05-06,14.058,14.4247,13.874,14.3287,75052455
1475,2016-05-09,14.3813,14.41,13.7867,13.928,67800930
1476,2016-05-10,13.8367,13.9647,13.6667,13.9127,52374495
1477,2016-05-11,13.8393,14.3653,13.7367,13.9307,75635790
1478,2016-05-12,14.096,14.1113,13.577,13.8133,46001190
1479,2016-05-13,13.852,14.08,13.78,13.8407,36029565
1480,2016-05-16,13.8767,14.21,13.8613,13.886,37116690
1481,2016-05-17,13.9367,13.988,13.6013,13.644,34545030
1482,2016-05-18,13.9433,14.354,13.85,14.078,66822720
1483,2016-05-19,14.2413,14.4527,13.82,14.3473,98736285
1484,2016-05-20,14.466,14.7033,14.4233,14.6853,129528240
1485,2016-05-23,14.658,14.84,14.3907,14.4147,65032305
1486,2016-05-24,14.44,14.5827,14.3453,14.5273,43929885
1487,2016-05-25,14.5273,14.7573,14.434,14.6387,37710420
1488,2016-05-26,14.7,15.0173,14.6033,15.008,53414955
1489,2016-05-27,14.9993,15.062,14.7167,14.8693,46226010
1490,2016-05-31,14.8693,14.9833,14.7667,14.882,30702420
1491,2016-06-01,14.7653,14.8267,14.4593,14.6373,38249010
1492,2016-06-02,14.6393,14.6607,14.474,14.5973,25061235
1493,2016-06-03,14.6667,14.796,14.534,14.5993,28469310
1494,2016-06-06,14.5333,14.7267,14.3633,14.712,28523700
1495,2016-06-07,14.816,15.6293,14.768,15.4893,82964280
1496,2016-06-08,15.5867,16.0563,15.507,15.7013,76389195
1497,2016-06-09,15.6653,15.6887,15.1373,15.2907,62181855
1498,2016-06-10,15.1593,15.198,14.5613,14.586,79170255
1499,2016-06-13,14.6333,15.0513,14.5107,14.5247,53781570
1500,2016-06-14,14.592,14.8133,14.1687,14.33,44121930
1501,2016-06-15,14.4633,14.7933,14.342,14.5133,41708400
1502,2016-06-16,14.4947,14.536,14.2333,14.5287,31483665
1503,2016-06-17,14.5207,14.666,14.3,14.3653,39085245
1504,2016-06-20,14.6333,14.9167,14.5487,14.6467,45312990
1505,2016-06-21,14.712,14.838,14.5873,14.6407,33400410
1506,2016-06-22,13.298,13.73,13.05,13.1107,339467235
1507,2016-06-23,13.046,13.17,12.8087,13.0933,141971805
1508,2016-06-24,12.67,13.008,12.6487,12.8767,87820920
1509,2016-06-27,12.724,13.254,12.5247,13.2367,101696535
1510,2016-06-28,13.4593,13.6033,13.294,13.4527,85880145
1511,2016-06-29,13.6753,14.1187,13.5333,14.0107,69021300
1512,2016-06-30,14.198,14.2333,13.9347,14.152,54177060
1513,2016-07-01,13.7427,14.5493,13.7333,14.4333,71393595
1514,2016-07-05,13.982,14.303,13.8667,14.2653,66523215
1515,2016-07-06,14.0,14.3487,13.9333,14.296,66134355
1516,2016-07-07,14.2067,14.5413,14.2007,14.396,41083065
1517,2016-07-08,14.52,14.654,14.3,14.452,48144270
1518,2016-07-11,14.664,15.1187,14.634,14.9853,71006595
1519,2016-07-12,14.94,15.1667,14.8813,14.9767,60062925
1520,2016-07-13,15.0333,15.0393,14.686,14.8353,43286415
1521,2016-07-14,14.8747,14.996,14.7367,14.7687,32855595
1522,2016-07-15,14.8347,14.85,14.6427,14.6913,26762295
1523,2016-07-18,14.6427,15.1393,14.5533,15.0833,43410225
1524,2016-07-19,15.0,15.2733,14.9833,15.0173,41758845
1525,2016-07-20,15.098,15.32,15.0,15.224,34434720
1526,2016-07-21,15.0667,15.1897,14.6067,14.7,56297250
1527,2016-07-22,14.7993,14.9667,14.592,14.818,36559890
1528,2016-07-25,14.818,15.426,14.758,15.334,57793260
1529,2016-07-26,15.1793,15.3333,15.02,15.3007,45585345
1530,2016-07-27,15.2893,15.5573,15.128,15.2327,35485035
1531,2016-07-28,15.1967,15.384,15.1067,15.374,31977600
1532,2016-07-29,15.38,15.6853,15.3493,15.6527,43629150
1533,2016-08-01,15.7,15.7753,15.292,15.334,56852205
1534,2016-08-02,15.2913,15.3247,14.76,15.1467,53986590
1535,2016-08-03,15.158,15.3133,14.9473,15.0387,40959225
1536,2016-08-04,15.046,15.3907,14.8033,15.374,51730455
1537,2016-08-05,15.3333,15.4667,15.16,15.3353,38076855
1538,2016-08-08,15.2,15.3067,15.0727,15.0773,26966730
1539,2016-08-09,15.1213,15.436,15.11,15.272,26013270
1540,2016-08-10,15.216,15.3247,14.9747,15.0433,27892500
1541,2016-08-11,15.078,15.1713,14.894,14.994,24584895
1542,2016-08-12,15.0273,15.11,14.936,15.0407,22213635
1543,2016-08-15,15.068,15.3,14.9953,15.0393,24859200
1544,2016-08-16,15.0327,15.146,14.894,14.9073,25531980
1545,2016-08-17,14.9553,14.9887,14.8533,14.8827,21529665
1546,2016-08-18,14.9213,15.044,14.8193,14.9007,24686520
1547,2016-08-19,14.9027,15.0113,14.8353,15.0,18998940
1548,2016-08-22,14.9447,15.0073,14.8453,14.862,25912890
1549,2016-08-23,14.9547,15.2327,14.8533,14.9893,61726590
1550,2016-08-24,15.1367,15.1433,14.8147,14.8413,30849030
1551,2016-08-25,14.874,14.92,14.718,14.7307,23702400
1552,2016-08-26,14.8093,14.857,14.588,14.666,28066035
1553,2016-08-29,14.6767,14.6933,14.3333,14.3467,41490345
1554,2016-08-30,14.4073,14.4073,14.0347,14.0893,39293820
1555,2016-08-31,14.0287,14.1733,13.91,14.134,45252405
1556,2016-09-01,13.934,14.0733,13.3667,13.3847,101478885
1557,2016-09-02,13.4887,13.5467,13.08,13.1853,80531415
1558,2016-09-06,13.268,13.55,13.2667,13.5213,63314040
1559,2016-09-07,13.7,13.7663,13.3807,13.4467,39914670
1560,2016-09-08,13.3033,13.326,13.0907,13.1573,47108895
1561,2016-09-09,13.2727,13.328,12.9133,12.9647,46547970
1562,2016-09-12,13.0,13.4247,12.94,13.22,45682050
1563,2016-09-13,13.1373,13.2327,12.8967,13.07,44217765
1564,2016-09-14,13.05,13.195,12.9903,13.094,26262960
1565,2016-09-15,13.0993,13.5013,13.0933,13.348,32893980
1566,2016-09-16,13.3613,13.7133,13.2667,13.6933,36271350
1567,2016-09-19,13.8,13.962,13.6667,13.756,28437825
1568,2016-09-20,13.79,13.85,13.594,13.6427,24861150
1569,2016-09-21,13.758,13.8,13.4373,13.6813,31295040
1570,2016-09-22,13.76,13.8187,13.5333,13.762,35023050
1571,2016-09-23,13.7327,14.012,13.7113,13.83,40326630
1572,2016-09-26,13.7667,14.0667,13.7667,13.9327,34518375
1573,2016-09-27,13.9767,13.9987,13.6407,13.7207,37758465
1574,2016-09-28,13.834,13.8833,13.684,13.7513,20548275
1575,2016-09-29,13.7067,13.822,13.372,13.38,34996485
1576,2016-09-30,13.4807,13.6653,13.3033,13.602,36826230
1577,2016-10-03,14.1533,14.378,13.8833,14.2467,79822860
1578,2016-10-04,14.2067,14.2213,13.9213,14.094,45549375
1579,2016-10-05,14.1493,14.21,13.8747,13.8973,23705955
1580,2016-10-06,13.4973,13.614,13.3473,13.4,67603155
1581,2016-10-07,13.4,13.4213,13.0533,13.1073,44173905
1582,2016-10-10,13.4233,13.6093,13.3107,13.3967,43420575
1583,2016-10-11,13.4567,13.48,13.2207,13.34,33566775
1584,2016-10-12,13.3967,13.592,13.3613,13.434,25068165
1585,2016-10-13,13.3667,13.393,13.1367,13.3493,33137250
1586,2016-10-14,13.3773,13.4287,13.0867,13.1007,47913015
1587,2016-10-17,13.1367,13.226,12.8,12.9307,58331940
1588,2016-10-18,13.066,13.298,12.884,13.2733,73818900
1589,2016-10-19,13.316,13.7773,13.204,13.5707,84610620
1590,2016-10-20,13.4747,13.5333,13.1367,13.2733,64948020
1591,2016-10-21,13.24,13.438,13.1607,13.3393,33077490
1592,2016-10-24,13.4,13.5963,13.35,13.5173,39959130
1593,2016-10-25,13.5267,13.646,13.4133,13.4893,32718435
1594,2016-10-26,13.4,13.546,13.34,13.4827,48029040
1595,2016-10-27,14.0893,14.2467,13.4433,13.6007,191784030
1596,2016-10-28,13.6,13.688,13.322,13.3313,63030705
1597,2016-10-31,13.4993,13.4993,13.054,13.182,70384095
1598,2016-11-01,13.2027,13.2333,12.5403,12.7193,105900540
1599,2016-11-02,12.67,12.8463,12.5003,12.5347,63800730
1600,2016-11-03,12.6,12.7647,12.4693,12.4947,39795345
1601,2016-11-04,12.6,12.8973,12.3973,12.704,77190645
1602,2016-11-07,12.906,12.9527,12.67,12.8807,56728905
1603,2016-11-08,12.9193,13.166,12.7507,12.996,47564715
1604,2016-11-09,12.4583,12.8,12.2633,12.6707,121972710
1605,2016-11-10,12.7367,12.774,12.028,12.3567,99932550
1606,2016-11-11,12.2827,12.592,12.2,12.5707,58538640
1607,2016-11-14,12.5333,12.55,11.8793,12.0967,98283075
1608,2016-11-15,12.1853,12.4287,12.1367,12.2513,58530270
1609,2016-11-16,12.1767,12.3153,12.0807,12.262,51078150
1610,2016-11-17,12.2327,12.6327,12.1407,12.5773,67815780
1611,2016-11-18,12.71,12.8667,12.3333,12.3347,77704125
1612,2016-11-21,12.336,12.5927,12.294,12.3133,64941270
1613,2016-11-22,12.3893,12.7647,12.2473,12.7447,83511015
1614,2016-11-23,12.7073,13.043,12.6,12.876,70220145
1615,2016-11-25,12.9093,13.149,12.9093,13.11,34833240
1616,2016-11-28,13.032,13.29,12.97,13.0747,65989725
1617,2016-11-29,13.0373,13.1153,12.6333,12.638,64908225
1618,2016-11-30,12.7333,12.7927,12.5,12.6267,51503475
1619,2016-12-01,12.55,12.5687,12.0667,12.1253,74774385
1620,2016-12-02,12.192,12.3253,12.0,12.098,59423145
1621,2016-12-05,12.1673,12.5927,12.1673,12.4533,58931250
1622,2016-12-06,12.368,12.4387,12.179,12.39,50258040
1623,2016-12-07,12.41,12.8933,12.3333,12.876,79686315
1624,2016-12-08,12.8033,12.8333,12.636,12.8193,46626960
1625,2016-12-09,12.7247,12.9223,12.7207,12.812,40391295
1626,2016-12-12,12.8533,12.9613,12.736,12.8287,36060195
1627,2016-12-13,12.8787,13.4187,12.8667,13.21,99715230
1628,2016-12-14,13.2493,13.5333,13.1173,13.246,61897860
1629,2016-12-15,13.2273,13.3827,13.1593,13.172,47349300
1630,2016-12-16,13.2053,13.506,13.1733,13.4993,54686025
1631,2016-12-19,13.4993,13.63,13.3227,13.5153,51048390
1632,2016-12-20,13.5367,13.9333,13.5,13.9193,69327735
1633,2016-12-21,13.8967,14.1487,13.8273,13.8467,76344150
1634,2016-12-22,13.8813,13.9993,13.7667,13.8967,45456375
1635,2016-12-23,13.8667,14.23,13.8473,14.2227,64233720
1636,2016-12-27,14.3253,14.8167,14.2947,14.6353,85326255
1637,2016-12-28,14.7687,14.92,14.48,14.6493,55285500
1638,2016-12-29,14.5707,14.6133,14.275,14.31,59207790
1639,2016-12-30,14.42,14.5,14.112,14.246,69639300
1640,2017-01-03,14.324,14.6887,14.064,14.466,82936545
1641,2017-01-04,14.3167,15.2,14.2873,15.1327,166881135
1642,2017-01-05,15.0947,15.1653,14.7967,15.1167,87832155
1643,2017-01-06,15.1287,15.354,15.03,15.2673,81965850
1644,2017-01-09,15.2647,15.4613,15.2,15.4187,58693575
1645,2017-01-10,15.4667,15.4667,15.126,15.3247,53947335
1646,2017-01-11,15.2713,15.332,15.112,15.3153,51295635
1647,2017-01-12,15.2707,15.38,15.0387,15.306,55739910
1648,2017-01-13,15.3333,15.8567,15.306,15.85,89985540
1649,2017-01-17,15.78,15.9973,15.6247,15.7053,68991465
1650,2017-01-18,15.7767,15.9807,15.7053,15.8907,55760505
1651,2017-01-19,16.4833,16.5787,16.05,16.2507,113824620
1652,2017-01-20,16.364,16.4,16.2007,16.3153,56689500
1653,2017-01-23,16.39,16.726,16.3667,16.5947,89007630
1654,2017-01-24,16.6667,16.9867,16.6433,16.974,71708985
1655,2017-01-25,17.154,17.2307,16.7867,16.9647,76732485
1656,2017-01-26,16.9527,17.0493,16.7167,16.834,46040775
1657,2017-01-27,16.7587,16.8667,16.568,16.864,45627225
1658,2017-01-30,16.8353,17.0193,16.4733,16.708,54935715
1659,2017-01-31,16.616,17.0593,16.5133,16.7953,60792855
1660,2017-02-01,16.87,16.88,16.6033,16.616,58836225
1661,2017-02-02,16.556,16.828,16.514,16.7693,36269835
1662,2017-02-03,16.794,16.812,16.6453,16.7553,32800845
1663,2017-02-06,16.7333,17.188,16.7087,17.1847,52823175
1664,2017-02-07,17.2127,17.3333,17.0947,17.1653,60890145
1665,2017-02-08,17.1567,17.5573,17.08,17.472,58209900
1666,2017-02-09,17.75,18.0787,17.7433,17.9467,115377540
1667,2017-02-10,17.986,18.0633,17.7407,17.9487,53866905
1668,2017-02-13,18.0493,18.7193,18.034,18.7067,103394115
1669,2017-02-14,18.602,19.1593,18.574,18.732,107893215
1670,2017-02-15,18.6667,18.816,18.4293,18.6507,73648380
1671,2017-02-16,18.5067,18.6667,17.9,17.93,105339000
1672,2017-02-17,17.72,18.1927,17.61,18.1487,91844640
1673,2017-02-21,18.3633,18.76,18.2673,18.4927,84098850
1674,2017-02-22,18.6873,18.8967,18.1733,18.234,111463710
1675,2017-02-23,17.6,17.644,17.0373,17.066,222387120
1676,2017-02-24,16.844,17.2167,16.68,17.1333,121794075
1677,2017-02-27,16.5447,16.5573,16.134,16.4153,168195495
1678,2017-02-28,16.2793,16.7333,16.26,16.666,89202630
1679,2017-03-01,16.9453,16.99,16.6073,16.668,71692410
1680,2017-03-02,16.6473,16.8853,16.5513,16.6987,49825665
1681,2017-03-03,16.716,16.7933,16.6,16.7713,43617600
1682,2017-03-06,16.5273,16.78,16.5007,16.7473,49308435
1683,2017-03-07,16.7947,16.926,16.5547,16.5727,50127600
1684,2017-03-08,16.4667,16.6713,16.3547,16.4553,54655065
1685,2017-03-09,16.5087,16.5773,16.2,16.3267,57780780
1686,2017-03-10,16.414,16.4333,16.2,16.246,45145755
1687,2017-03-13,16.2927,16.4567,16.1853,16.4113,45339375
1688,2017-03-14,16.4073,17.208,16.4013,17.2,113976690
1689,2017-03-15,17.1333,17.4,16.9513,17.0487,79962090
1690,2017-03-16,17.4933,17.7167,17.2707,17.47,106982295
1691,2017-03-17,17.6,17.6887,17.4133,17.4333,88687155
1692,2017-03-20,17.3733,17.6367,17.2547,17.4613,54214410
1693,2017-03-21,17.522,17.6533,16.6827,16.712,103628310
1694,2017-03-22,16.7707,17.0047,16.7007,17.0007,60889455
1695,2017-03-23,17.026,17.178,16.8867,16.9853,49803675
1696,2017-03-24,17.0467,17.5927,17.0007,17.544,82986210
1697,2017-03-27,17.3733,18.038,17.3167,18.0147,91345575
1698,2017-03-28,18.468,18.712,18.3333,18.4967,116716695
1699,2017-03-29,18.556,18.64,18.3693,18.492,53441850
1700,2017-03-30,18.536,18.8,18.4807,18.528,60999045
1701,2017-03-31,18.582,18.6453,18.4213,18.5533,48369315
1702,2017-04-03,19.1267,19.9333,18.972,19.9013,208329270
1703,2017-04-04,19.7927,20.3207,19.6353,20.2453,149628735
1704,2017-04-05,20.136,20.3253,19.6133,19.6667,116728005
1705,2017-04-06,19.792,20.1293,19.6067,19.9133,81752640
1706,2017-04-07,19.8333,20.1793,19.81,20.1693,68694195
1707,2017-04-10,20.61,20.9153,20.5807,20.826,113738805
1708,2017-04-11,20.892,20.898,20.3667,20.5807,85868655
1709,2017-04-12,20.4227,20.5633,19.7547,19.7893,88885245
1710,2017-04-13,19.78,20.4927,19.6867,20.2667,137626920
1711,2017-04-17,20.18,20.2667,19.912,20.096,60804855
1712,2017-04-18,19.98,20.056,19.86,20.0167,43021305
1713,2017-04-19,20.164,20.4413,20.1407,20.368,56120040
1714,2017-04-20,20.434,20.61,20.0153,20.1673,88472025
1715,2017-04-21,20.1333,20.4267,20.028,20.3733,66306765
1716,2017-04-24,20.6147,20.7033,20.4013,20.5353,76177950
1717,2017-04-25,20.5333,20.932,20.3907,20.9193,101024505
1718,2017-04-26,20.8247,20.9667,20.6,20.678,70336470
1719,2017-04-27,20.7793,20.8727,20.5,20.5753,51949020
1720,2017-04-28,20.6553,20.9867,20.5333,20.938,67582170
1721,2017-05-01,20.992,21.8167,20.9873,21.522,132316590
1722,2017-05-02,21.6,21.844,21.104,21.2593,79769085
1723,2017-05-03,21.178,21.4353,20.6967,20.7347,103596930
1724,2017-05-04,20.4957,20.518,19.384,19.6973,212077935
1725,2017-05-05,19.8667,20.57,19.7867,20.5567,122660205
1726,2017-05-08,20.7267,20.9193,20.388,20.4793,105052020
1727,2017-05-09,20.6253,21.466,20.6067,21.4173,144970935
1728,2017-05-10,21.4373,21.7,21.208,21.6813,86028675
1729,2017-05-11,21.56,21.7333,21.3067,21.54,71215695
1730,2017-05-12,21.6987,21.8,21.4353,21.654,61759425
1731,2017-05-15,21.2253,21.3467,20.8353,21.0587,114112695
1732,2017-05-16,21.1727,21.3373,21.0093,21.134,62129535
1733,2017-05-17,20.9593,20.9753,20.3667,20.4,100441095
1734,2017-05-18,20.4667,20.9293,20.354,20.8707,84807015
1735,2017-05-19,21.0333,21.1,20.68,20.722,69789975
1736,2017-05-22,20.8533,20.958,20.4533,20.69,64874430
1737,2017-05-23,20.6973,20.7153,20.232,20.2573,64728300
1738,2017-05-24,20.434,20.7333,20.36,20.6813,75554790
1739,2017-05-25,20.7347,21.1313,20.5207,21.122,75060570
1740,2017-05-26,21.152,21.6993,21.0873,21.676,116879550
1741,2017-05-30,21.7333,22.4187,21.7173,22.34,116589435
1742,2017-05-31,22.5127,22.8593,22.344,22.734,149068335
1743,2017-06-01,22.9333,22.992,22.486,22.6913,114038745
1744,2017-06-02,22.6513,22.8587,22.3953,22.6567,83754960
1745,2017-06-05,22.5667,23.2293,22.2807,23.1547,101557740
1746,2017-06-06,22.98,23.9663,22.6647,23.52,165890790
1747,2017-06-07,23.756,24.0333,23.676,23.9767,140282820
1748,2017-06-08,24.25,24.7933,24.0147,24.6667,135450780
1749,2017-06-09,24.9613,25.1247,23.6533,23.8213,258773760
1750,2017-06-12,23.866,24.3,23.3747,23.934,157623915
1751,2017-06-13,24.508,25.0667,24.4407,25.0633,176671665
1752,2017-06-14,25.4057,25.6167,25.0873,25.3773,191753370
1753,2017-06-15,24.8333,25.0307,24.4327,25.0227,156241320
1754,2017-06-16,25.1983,25.2007,24.6733,24.76,95255670
1755,2017-06-19,25.0,25.1133,24.52,24.6533,97093920
1756,2017-06-20,25.1113,25.2587,24.6487,24.816,111324570
1757,2017-06-21,24.9567,25.1327,24.5347,25.0933,73848150
1758,2017-06-22,25.1993,25.6667,24.9047,25.5073,112714230
1759,2017-06-23,25.4967,25.7993,25.2897,25.5633,96399990
1760,2017-06-26,25.7793,25.7967,24.8733,25.166,98964045
1761,2017-06-27,25.0933,25.0933,24.1347,24.158,104699310
1762,2017-06-28,24.4453,24.7827,24.168,24.7493,94397430
1763,2017-06-29,24.7073,24.7333,23.6067,24.05,123068280
1764,2017-06-30,24.2473,24.451,23.9747,24.1073,87402270
1765,2017-07-03,24.6827,24.7567,23.4333,23.5,94581015
1766,2017-07-05,23.1467,23.1493,21.7553,21.806,255089445
1767,2017-07-06,21.1507,21.386,20.42,20.5887,289139310
1768,2017-07-07,20.9,21.1333,20.492,20.8813,212023380
1769,2017-07-10,20.86,21.196,20.2087,21.07,206704020
1770,2017-07-11,21.0667,21.8187,20.9533,21.8147,172921395
1771,2017-07-12,22.0267,22.2067,21.6333,21.968,154857645
1772,2017-07-13,22.0073,22.1067,21.3313,21.5607,128746290
1773,2017-07-14,21.546,21.8947,21.4147,21.852,84120645
1774,2017-07-17,21.7027,21.8067,20.8967,21.3047,147451170
1775,2017-07-18,21.1667,21.942,21.044,21.8827,95483265
1776,2017-07-19,21.882,22.11,21.548,21.684,95233305
1777,2017-07-20,21.7933,22.0147,21.6133,21.9947,77188215
1778,2017-07-21,21.964,22.084,21.72,21.8933,73076625
1779,2017-07-24,22.016,22.8933,22.0007,22.8347,128985165
1780,2017-07-25,23.0,23.04,22.2767,22.64,104701695
1781,2017-07-26,22.6907,23.0333,22.5413,22.9233,72157785
1782,2017-07-27,23.0667,23.1667,21.7527,22.2973,124297425
1783,2017-07-28,22.4593,22.64,22.1673,22.338,73095795
1784,2017-07-31,22.3667,22.766,21.4027,21.5647,127903995
1785,2017-08-01,21.5333,21.63,21.0753,21.3047,124317210
1786,2017-08-02,21.2627,21.808,20.748,21.726,181369545
1787,2017-08-03,23.022,23.3333,22.8767,23.1383,202895400
1788,2017-08-04,23.1333,23.818,22.8867,23.794,138577800
1789,2017-08-07,23.8233,23.9653,23.5167,23.678,94646685
1790,2017-08-08,23.8353,24.572,23.8267,24.348,111490095
1791,2017-08-09,24.0667,24.6667,23.93,24.2353,103231395
1792,2017-08-10,24.1067,24.4433,23.644,23.6933,106035225
1793,2017-08-11,23.798,24.084,23.5747,23.858,65380290
1794,2017-08-14,24.3087,24.5107,24.1733,24.2533,67625835
1795,2017-08-15,24.3467,24.366,23.958,24.1553,46158000
1796,2017-08-16,24.2,24.4333,24.168,24.194,51101040
1797,2017-08-17,24.0807,24.22,23.4393,23.4613,75174135
1798,2017-08-18,23.5273,23.6,23.0533,23.164,80967960
1799,2017-08-21,23.0547,23.0547,22.1233,22.524,97354320
1800,2017-08-22,22.742,22.816,22.4917,22.7567,64730880
1801,2017-08-23,22.5993,23.566,22.5537,23.518,74139135
1802,2017-08-24,23.5013,23.7773,23.316,23.5287,68640060
1803,2017-08-25,23.616,23.7127,23.1533,23.2033,52132365
1804,2017-08-28,23.152,23.1567,22.648,23.044,56239320
1805,2017-08-29,22.632,23.27,22.5833,23.1573,61040655
1806,2017-08-30,23.3113,23.5647,23.1333,23.5453,51063285
1807,2017-08-31,23.57,23.896,23.5213,23.7267,60985350
1808,2017-09-01,23.7413,23.8393,23.5793,23.6933,45733425
1809,2017-09-05,23.5867,23.6993,23.0593,23.306,57645420
1810,2017-09-06,23.3,23.3987,22.7707,22.9687,61243515
1811,2017-09-07,23.0653,23.4987,22.8967,23.374,63534090
1812,2017-09-08,23.266,23.3187,22.82,22.8933,48920835
1813,2017-09-11,23.4233,24.2473,23.3333,24.246,114774705
1814,2017-09-12,24.2993,24.584,24.0267,24.1833,89500740
1815,2017-09-13,24.2547,24.538,23.9727,24.4153,62580495
1816,2017-09-14,24.2887,25.1973,24.1753,25.176,107571555
1817,2017-09-15,24.9673,25.3333,24.8467,25.3207,81135270
1818,2017-09-18,25.35,25.974,25.1787,25.6667,107689305
1819,2017-09-19,25.3333,25.4927,24.9047,25.0067,96604125
1820,2017-09-20,24.8667,25.2167,24.738,24.9273,73663245
1821,2017-09-21,24.9933,25.122,24.3007,24.432,69189315
1822,2017-09-22,24.4327,24.66,23.392,23.406,122165085
1823,2017-09-25,23.5433,23.8313,22.8587,22.9993,113810925
1824,2017-09-26,23.3953,23.416,22.7267,23.0167,107259480
1825,2017-09-27,23.3267,23.4327,22.7,22.7313,90443940
1826,2017-09-28,22.6587,22.85,22.36,22.64,79678155
1827,2017-09-29,22.7907,22.9787,22.5733,22.7347,76486680
1828,2017-10-02,22.8347,22.9133,22.3673,22.7687,78654270
1829,2017-10-03,22.3933,23.2367,22.0853,23.2093,151898115
1830,2017-10-04,23.4167,23.908,23.3067,23.6673,122228910
1831,2017-10-05,23.7333,23.829,23.4233,23.676,62522415
1832,2017-10-06,23.54,24.0067,23.4833,23.789,64168170
1833,2017-10-09,23.31,23.45,22.8447,22.8627,111965265
1834,2017-10-10,23.12,23.7087,23.0353,23.706,104588280
1835,2017-10-11,23.5927,23.84,23.41,23.64,67429920
1836,2017-10-12,23.53,23.9853,23.5093,23.712,61132785
1837,2017-10-13,23.7987,23.8993,23.5787,23.7047,53084370
1838,2017-10-16,23.584,23.632,23.144,23.3733,80601150
1839,2017-10-17,23.394,23.748,23.338,23.7167,49354755
1840,2017-10-18,23.7313,24.2,23.6087,23.9767,74042490
1841,2017-10-19,23.704,23.8097,23.2133,23.454,75850830
1842,2017-10-20,23.5127,23.6367,22.956,23.0067,73900005
1843,2017-10-23,23.3253,23.33,22.4167,22.468,86105490
1844,2017-10-24,22.5867,22.8533,22.4107,22.4893,67326390
1845,2017-10-25,22.4467,22.5,21.5707,21.7227,128763060
1846,2017-10-26,21.852,22.0153,21.5467,21.7447,75181305
1847,2017-10-27,21.3167,21.6393,21.1107,21.3913,104551770
1848,2017-10-30,21.2787,21.5853,21.15,21.3387,63815670
1849,2017-10-31,21.3487,22.13,21.3453,22.102,85085205
1850,2017-11-01,22.15,22.174,21.3507,21.4053,126860040
1851,2017-11-02,20.0087,20.5793,19.5087,19.9507,296871240
1852,2017-11-03,19.9667,20.4167,19.6753,20.406,133409610
1853,2017-11-06,20.4667,20.5,19.934,20.1853,97237290
1854,2017-11-07,20.068,20.4333,20.002,20.4033,79294800
1855,2017-11-08,20.3667,20.4593,20.0867,20.2873,70882650
1856,2017-11-09,20.1667,20.2973,19.7533,20.1993,81605025
1857,2017-11-10,20.1667,20.5573,20.1233,20.1993,69328680
1858,2017-11-13,20.0087,21.12,19.9407,21.0267,113618130
1859,2017-11-14,21.0,21.09,20.46,20.58,84981645
1860,2017-11-15,20.4007,20.8327,20.1,20.7533,89282760
1861,2017-11-16,20.9327,21.2093,20.7533,20.8333,86975175
1862,2017-11-17,21.7113,21.778,20.8767,21.0033,205826835
1863,2017-11-20,20.9193,21.0333,20.3167,20.5827,123630585
1864,2017-11-21,20.724,21.2153,20.5807,21.1873,108859125
1865,2017-11-22,21.118,21.1613,20.7893,20.84,73708515
1866,2017-11-24,20.9193,21.094,20.7333,21.0367,48660975
1867,2017-11-27,20.8833,21.156,20.634,21.1207,68082690
1868,2017-11-28,21.0907,21.3333,20.928,21.174,74126535
1869,2017-11-29,21.1533,21.2,20.082,20.5027,131368935
1870,2017-11-30,20.5707,20.7133,20.3027,20.5967,65200050
1871,2017-12-01,20.3627,20.688,20.3367,20.4353,64293345
1872,2017-12-04,20.4333,20.551,20.0407,20.3467,87514875
1873,2017-12-05,20.1333,20.5333,20.0667,20.2467,69657465
1874,2017-12-06,20.0067,20.8927,20.0,20.8847,107788920
1875,2017-12-07,20.8,21.2423,20.7367,20.7507,71694150
1876,2017-12-08,20.9733,21.132,20.7507,21.0087,51993720
1877,2017-12-11,20.9753,21.934,20.9167,21.9267,118919850
1878,2017-12-12,22.03,22.7627,22.002,22.7353,130741725
1879,2017-12-13,22.7287,22.948,22.4333,22.602,93268410
1880,2017-12-14,22.734,23.1627,22.46,22.526,86886840
1881,2017-12-15,22.8027,22.9267,22.384,22.8953,103866060
1882,2017-12-18,22.9933,23.1153,22.5053,22.5873,82009680
1883,2017-12-19,22.684,22.7663,22.02,22.066,102319185
1884,2017-12-20,22.1793,22.2067,21.6693,21.932,89258550
1885,2017-12-21,21.9727,22.2493,21.814,22.1107,65567475
1886,2017-12-22,21.9673,22.0613,21.6547,21.68,63117150
1887,2017-12-26,21.5887,21.5893,21.1053,21.1527,65549430
1888,2017-12-27,21.0667,21.1667,20.7167,20.776,70578090
1889,2017-12-28,20.7833,21.0547,20.636,21.024,64608075
1890,2017-12-29,21.0787,21.094,20.6667,20.7567,56567070
1891,2018-01-02,20.8,21.474,20.7333,21.3687,65188275
1892,2018-01-03,21.4,21.6833,21.0367,21.15,66893295
1893,2018-01-04,20.858,21.2367,20.3787,20.9747,149194260
1894,2018-01-05,21.108,21.1493,20.8,21.1053,68838660
1895,2018-01-08,21.0667,22.468,21.0333,22.4273,147555480
1896,2018-01-09,22.344,22.5867,21.827,22.246,107019555
1897,2018-01-10,22.1467,22.4667,22.0,22.32,64569705
1898,2018-01-11,22.3493,22.9873,22.2173,22.53,99624465
1899,2018-01-12,22.5753,22.694,22.2447,22.4147,72341715
1900,2018-01-16,22.5027,23.0,22.32,22.6707,96451590
1901,2018-01-17,22.698,23.2667,22.65,23.144,106426485
1902,2018-01-18,23.0447,23.4867,22.916,22.9713,85200075
1903,2018-01-19,23.0,23.3727,22.84,23.3347,73072125
1904,2018-01-22,23.2933,23.8553,23.28,23.4373,93061515
1905,2018-01-23,24.0,24.0333,23.4,23.5193,81787995
1906,2018-01-24,23.6387,23.65,22.9013,23.0593,79169490
1907,2018-01-25,23.218,23.28,22.4267,22.5093,100910880
1908,2018-01-26,22.7667,22.9333,22.3807,22.8567,68032050
1909,2018-01-29,22.6567,23.39,22.552,23.302,71104155
1910,2018-01-30,23.0093,23.218,22.8113,23.0547,70663200
1911,2018-01-31,23.1673,23.746,23.0127,23.6207,92992545
1912,2018-02-01,23.4,23.9773,23.242,23.2833,62862480
1913,2018-02-02,23.2293,23.4633,22.7007,22.9167,55447650
1914,2018-02-05,22.5313,22.9647,22.2,22.2087,66634275
1915,2018-02-06,21.6807,22.4147,21.5667,22.2647,76326570
1916,2018-02-07,22.5993,23.0667,22.3773,23.0,101713245
1917,2018-02-08,22.8873,23.2413,20.9733,21.0153,154472715
1918,2018-02-09,21.3287,21.399,19.6507,20.6947,193874040
1919,2018-02-12,21.0753,21.2053,20.4167,21.0487,93378270
1920,2018-02-13,21.0013,21.6127,20.834,21.5773,68325900
1921,2018-02-14,21.3893,21.7447,21.2347,21.4873,59225925
1922,2018-02-15,21.6333,22.2747,21.4933,22.271,88662105
1923,2018-02-16,22.1667,22.8747,22.1093,22.366,84607380
1924,2018-02-20,22.298,22.7227,22.1,22.3173,60106350
1925,2018-02-21,22.402,22.6463,22.212,22.22,48112035
1926,2018-02-22,22.3687,23.1627,22.3167,23.088,104434020
1927,2018-02-23,23.1887,23.666,23.14,23.47,87216570
1928,2018-02-26,23.5667,23.9333,23.4903,23.8233,65024940
1929,2018-02-27,23.75,23.9993,23.334,23.3993,71961285
1930,2018-02-28,23.5047,23.6827,22.8147,22.8707,91044870
1931,2018-03-01,23.0007,23.2447,22.0047,22.062,103284015
1932,2018-03-02,21.7987,22.348,21.5313,22.3413,76392435
1933,2018-03-05,22.1593,22.5167,21.953,22.2233,57356535
1934,2018-03-06,22.25,22.4247,21.802,21.88,64286160
1935,2018-03-07,21.696,22.1667,21.4493,22.1533,75109455
1936,2018-03-08,22.1907,22.22,21.7517,21.94,53493660
1937,2018-03-09,21.6067,21.8993,21.4913,21.8113,82601460
1938,2018-03-12,21.9073,23.1473,21.7667,23.034,123960525
1939,2018-03-13,22.9947,23.008,22.4177,22.7893,89487075
1940,2018-03-14,22.4507,22.654,21.5953,21.7753,119510550
1941,2018-03-15,21.9587,22.19,21.4067,21.7067,98472015
1942,2018-03-16,21.7307,21.8267,21.2713,21.4233,91759185
1943,2018-03-19,21.1,21.3833,20.6447,20.904,112264410
1944,2018-03-20,20.9913,21.0833,20.584,20.7033,71464395
1945,2018-03-21,20.6833,21.496,20.6793,21.102,89376165
1946,2018-03-22,20.926,21.2547,20.5453,20.6067,74096565
1947,2018-03-23,20.75,20.774,20.03,20.1027,99823485
1948,2018-03-26,20.4893,20.506,19.424,20.2787,125627625
1949,2018-03-27,20.2667,20.2847,18.4787,18.612,208080435
1950,2018-03-28,17.6387,17.912,16.8067,17.1853,315021555
1951,2018-03-29,17.0993,18.064,16.5473,17.742,227561235
1952,2018-04-02,17.084,17.3553,16.306,16.832,241709520
1953,2018-04-03,17.988,18.2233,16.966,17.8353,282665760
1954,2018-04-04,16.852,19.2247,16.8,19.1293,298451190
1955,2018-04-05,19.2893,20.4173,19.2133,20.3813,286816515
1956,2018-04-06,20.0667,20.6187,19.7,19.9533,202804290
1957,2018-04-09,20.0247,20.6333,19.2807,19.3107,153637365
1958,2018-04-10,19.9313,20.4733,19.5787,20.3133,165363885
1959,2018-04-11,20.062,20.5867,19.9773,20.062,112070970
1960,2018-04-12,20.1547,20.2633,19.5787,19.6053,114131535
1961,2018-04-13,20.24,20.2633,19.732,20.0227,109908345
1962,2018-04-16,19.9333,19.9773,19.2673,19.414,95077320
1963,2018-04-17,19.258,19.478,18.834,19.1793,105000345
1964,2018-04-18,19.4053,20.016,19.2107,19.5567,98365500
1965,2018-04-19,19.4053,20.0673,19.2367,20.0053,91358985
1966,2018-04-20,19.678,19.9987,19.3167,19.3493,84418920
1967,2018-04-23,19.4193,19.4413,18.822,18.8913,73400670
1968,2018-04-24,19.0,19.1393,18.564,18.8973,85279620
1969,2018-04-25,18.9,19.0107,18.4833,18.7127,60203610
1970,2018-04-26,18.5833,19.0527,18.4333,19.032,65340195
1971,2018-04-27,19.0247,19.6313,18.922,19.605,65469390
1972,2018-04-30,19.574,19.9153,19.5,19.5933,63422580
1973,2018-05-01,19.5673,20.0547,19.548,19.9947,69384045
1974,2018-05-02,19.9047,20.4567,19.8523,20.0767,134555550
1975,2018-05-03,18.586,19.2027,18.3487,18.9633,260281950
1976,2018-05-04,18.8667,19.7907,18.6347,19.606,128540310
1977,2018-05-07,19.8333,20.3973,19.678,20.1847,130173360
1978,2018-05-08,20.053,20.5167,19.9333,20.1313,88950000
1979,2018-05-09,20.0273,20.4673,20.0033,20.4567,85910475
1980,2018-05-10,20.5,20.866,20.274,20.3347,84773415
1981,2018-05-11,20.5133,20.592,19.9387,20.0707,70194735
1982,2018-05-14,20.2213,20.3293,19.4413,19.4647,109302060
1983,2018-05-15,19.0007,19.1307,18.7,18.9453,142787595
1984,2018-05-16,18.922,19.254,18.7707,19.0987,85110285
1985,2018-05-17,19.06,19.279,18.9313,18.9693,66309180
1986,2018-05-18,18.9767,18.9767,18.2667,18.4547,108778305
1987,2018-05-21,18.7553,19.4327,18.7533,18.966,137738565
1988,2018-05-22,19.184,19.2,18.228,18.334,134186340
1989,2018-05-23,18.5173,18.6607,18.2667,18.6047,89775795
1990,2018-05-24,18.56,18.7407,18.326,18.5233,62650620
1991,2018-05-25,18.5083,18.6427,18.374,18.59,58126230
1992,2018-05-29,18.5673,19.1,18.41,18.9173,84999600
1993,2018-05-30,18.886,19.667,18.7733,19.448,112345290
1994,2018-05-31,19.1473,19.358,18.862,18.982,88795815
1995,2018-06-01,19.0573,19.4633,18.9227,19.4547,81365790
1996,2018-06-04,19.6227,19.9333,19.57,19.7827,71967150
1997,2018-06-05,19.8467,19.8533,19.116,19.4087,89927355
1998,2018-06-06,20.0333,21.478,19.832,21.3,281509035
1999,2018-06-07,21.0767,22.0,20.9053,21.0727,215179065
2000,2018-06-08,21.2667,21.632,21.1433,21.1773,123078030
2001,2018-06-11,21.5007,22.3107,21.5,22.14,197752095
2002,2018-06-12,22.98,23.6647,22.5333,22.8513,335211045
2003,2018-06-13,23.1137,23.1467,22.6533,22.9853,142047060
2004,2018-06-14,23.1753,23.9167,23.1067,23.848,164715345
2005,2018-06-15,23.5893,24.3113,23.4167,23.878,162723810
2006,2018-06-18,23.6933,24.9153,23.6333,24.722,181098390
2007,2018-06-19,24.344,24.6667,23.0833,23.5033,191428545
2008,2018-06-20,23.8693,24.292,23.4667,24.148,125754840
2009,2018-06-21,24.1333,24.4143,23.0847,23.1673,119507175
2010,2018-06-22,23.436,23.4833,22.1333,22.242,153990885
2011,2018-06-25,22.008,22.5647,21.8333,22.2007,103969560
2012,2018-06-26,22.4037,22.9033,21.72,22.8,111787305
2013,2018-06-27,23.0,23.386,22.6333,22.9667,125005905
2014,2018-06-28,23.244,23.8013,23.074,23.3287,125970075
2015,2018-06-29,23.5553,23.5907,22.8273,22.8633,97385940
2016,2018-07-02,24.0047,24.3187,21.99,22.338,281396475
2017,2018-07-03,22.1167,22.166,20.646,20.724,184239570
2018,2018-07-05,20.9173,20.9593,19.748,20.6107,262145610
2019,2018-07-06,20.3303,20.8047,20.1333,20.5933,132981765
2020,2018-07-09,20.7993,21.2347,20.5333,21.234,113951295
2021,2018-07-10,21.6373,21.845,21.28,21.498,142072470
2022,2018-07-11,21.0533,21.4627,21.0047,21.264,73261140
2023,2018-07-12,21.4287,21.5487,20.8513,21.114,85817490
2024,2018-07-13,21.0387,21.3057,20.6167,21.258,88136550
2025,2018-07-16,20.7807,21.0107,20.4167,20.6733,117279825
2026,2018-07-17,20.5873,21.6493,20.5667,21.5127,104943480
2027,2018-07-18,21.6667,21.7,21.0833,21.59,84363165
2028,2018-07-19,21.0887,21.5693,20.934,21.3487,88730175
2029,2018-07-20,21.4153,21.5493,20.7807,20.9053,77498205
2030,2018-07-23,20.1227,20.3667,19.524,20.2133,164894205
2031,2018-07-24,20.2947,20.5143,19.503,19.8287,143861760
2032,2018-07-25,19.7827,20.6413,19.6337,20.5827,106412700
2033,2018-07-26,20.3233,20.7133,20.2427,20.4433,69457830
2034,2018-07-27,20.4833,20.513,19.6893,19.812,85549890
2035,2018-07-30,19.7267,19.74,19.0753,19.3447,102211080
2036,2018-07-31,19.4833,19.888,19.2713,19.876,76153740
2037,2018-08-01,19.866,20.2,19.5333,20.056,151941450
2038,2018-08-02,21.896,23.3327,21.544,23.3027,348224430
2039,2018-08-03,23.1873,23.6667,22.8353,23.2113,204847290
2040,2018-08-06,23.0307,23.6653,22.788,22.7993,128464965
2041,2018-08-07,22.9227,25.8307,22.61,25.3047,463136520
2042,2018-08-08,24.606,25.5093,24.4747,24.6893,368567445
2043,2018-08-09,24.37,24.4673,23.0487,23.4967,257757165
2044,2018-08-10,23.6,24.0,23.0667,23.6993,173280660
2045,2018-08-13,24.0753,24.2127,23.268,23.7607,156958215
2046,2018-08-14,23.8967,23.9467,23.14,23.176,104796405
2047,2018-08-15,22.7937,22.966,22.1427,22.5793,136518870
2048,2018-08-16,22.6607,22.8187,22.2547,22.3633,90960495
2049,2018-08-17,21.5667,21.7847,20.2353,20.3667,284379180
2050,2018-08-20,19.447,20.5667,19.2133,20.5627,261035025
2051,2018-08-21,20.7073,21.6527,20.6,21.46,197583450
2052,2018-08-22,21.3913,21.592,20.978,21.4427,89189325
2053,2018-08-23,21.276,21.8213,21.2067,21.34,77209290
2054,2018-08-24,21.38,21.59,21.2933,21.5213,54038460
2055,2018-08-27,21.2,21.4957,20.5873,21.2847,196189320
2056,2018-08-28,21.2273,21.2587,20.746,20.7907,114736365
2057,2018-08-29,20.6847,20.79,20.246,20.334,111710880
2058,2018-08-30,20.1507,20.3067,19.848,20.21,108250590
2059,2018-08-31,20.1333,20.354,19.9067,20.1107,80626560
2060,2018-09-04,19.796,19.8793,19.2,19.2633,125257035
2061,2018-09-05,19.0033,19.1187,18.4787,18.716,115812315
2062,2018-09-06,18.9867,19.4113,18.592,18.73,112211400
2063,2018-09-07,17.34,17.89,16.817,17.5493,337378965
2064,2018-09-10,18.2173,19.0687,18.0667,19.0333,214252920
2065,2018-09-11,18.6313,18.8,18.2367,18.6293,137549835
2066,2018-09-12,18.7627,19.5,18.5763,19.3693,150231405
2067,2018-09-13,19.2013,19.6667,19.012,19.2973,95105040
2068,2018-09-14,19.2507,19.8217,19.1013,19.68,101484180
2069,2018-09-17,19.336,20.058,19.2087,19.656,103313655
2070,2018-09-18,19.7793,20.176,18.3667,18.9973,248212830
2071,2018-09-19,18.7007,20.0,18.7,19.9347,124423755
2072,2018-09-20,20.2373,20.3987,19.5553,19.8887,110241330
2073,2018-09-21,19.8467,20.0387,19.6913,19.94,75757170
2074,2018-09-24,19.8987,20.2,19.572,19.9787,72644415
2075,2018-09-25,20.0,20.3067,19.7667,20.066,67225935
2076,2018-09-26,20.1273,20.926,20.074,20.6387,117648240
2077,2018-09-27,20.86,20.9973,20.4607,20.5013,127636260
2078,2018-09-28,18.0173,18.5333,17.3703,17.6513,504745410
2079,2018-10-01,20.3847,20.7627,20.07,20.7133,326663955
2080,2018-10-02,20.93,21.1227,19.9433,20.068,176152665
2081,2018-10-03,20.222,20.3067,19.438,19.6533,119924820
2082,2018-10-04,19.5967,19.6,18.5113,18.7887,147213180
2083,2018-10-05,18.31,18.3253,17.3333,17.4633,269168055
2084,2018-10-08,17.6347,17.8507,16.6,16.704,202089795
2085,2018-10-09,17.0167,17.7847,16.8867,17.52,180908610
2086,2018-10-10,17.6407,17.7007,16.518,17.1253,192229170
2087,2018-10-11,17.1687,17.4833,16.602,16.8153,122516070
2088,2018-10-12,17.4,17.466,16.8007,17.252,108021060
2089,2018-10-15,17.2707,17.552,16.969,17.306,92999475
2090,2018-10-16,17.7133,18.4917,17.4827,18.4393,142896015
2091,2018-10-17,18.8267,18.8467,17.7203,18.1187,129833130
2092,2018-10-18,17.9527,18.0667,17.5333,17.594,81317760
2093,2018-10-19,17.826,17.9773,16.9,17.3333,140633235
2094,2018-10-22,17.3787,17.4573,16.8393,17.3967,84003900
2095,2018-10-23,17.5913,19.862,17.4733,19.6093,285416295
2096,2018-10-24,20.07,20.296,19.0487,19.2333,300873870
2097,2018-10-25,21.148,21.4,20.0673,20.9907,312610860
2098,2018-10-26,20.55,22.66,20.4433,22.06,411382800
2099,2018-10-29,22.498,23.144,21.7667,22.3233,217290405
2100,2018-10-30,21.8927,22.5267,21.484,21.9933,136900560
2101,2018-10-31,22.1693,22.8,21.94,22.488,114365220
2102,2018-11-01,22.5507,23.1893,22.315,22.952,120001980
2103,2018-11-02,22.916,23.28,22.7273,23.094,117119565
2104,2018-11-05,22.7,22.9303,22.0093,22.76,117465720
2105,2018-11-06,22.6047,23.2533,22.406,22.7373,101443335
2106,2018-11-07,22.8893,23.412,22.72,23.2107,110617830
2107,2018-11-08,23.2333,23.8383,23.2293,23.4267,106360110
2108,2018-11-09,23.2667,23.6,23.0153,23.3673,76482690
2109,2018-11-12,23.2247,23.3187,22.0227,22.0853,104122845
2110,2018-11-13,22.2107,22.98,22.1467,22.582,81728955
2111,2018-11-14,22.8467,23.1407,22.4767,22.9333,75604305
2112,2018-11-15,22.822,23.2387,22.6027,23.2293,69385785
2113,2018-11-16,23.0127,23.7133,23.008,23.6207,108092865
2114,2018-11-19,23.756,24.45,23.5253,23.5647,145633065
2115,2018-11-20,22.7833,23.32,22.2367,23.166,120070635
2116,2018-11-21,23.4667,23.54,22.4933,22.546,70302120
2117,2018-11-23,22.2897,22.5,21.7033,21.722,63039630
2118,2018-11-26,21.6667,23.0813,21.6667,23.0667,119882115
2119,2018-11-27,22.67,23.1307,22.3667,22.928,95374500
2120,2018-11-28,23.066,23.2187,22.814,23.1913,61913670
2121,2018-11-29,23.1333,23.1667,22.6367,22.7447,46210860
2122,2018-11-30,22.7887,23.44,22.551,23.3653,84433425
2123,2018-12-03,24.0,24.4,23.4667,23.8993,124597665
2124,2018-12-04,23.7367,24.5787,23.4667,23.98,126929175
2125,2018-12-06,23.734,24.492,23.384,24.204,117637620
2126,2018-12-07,24.6,25.2993,23.8433,23.8643,172667655
2127,2018-12-10,24.0,24.3987,23.5413,24.3433,99201825
2128,2018-12-11,24.6607,24.8113,24.0153,24.4507,94631535
2129,2018-12-12,24.628,24.794,24.344,24.44,75405720
2130,2018-12-13,24.6767,25.1627,24.45,25.1193,110487810
2131,2018-12-14,25.0,25.1913,24.2887,24.3807,95063325
2132,2018-12-17,24.1333,24.38,22.9253,23.228,115110120
2133,2018-12-18,23.3693,23.4367,22.246,22.4687,106499985
2134,2018-12-19,22.5067,23.134,21.9827,22.198,124112715
2135,2018-12-20,21.8037,22.0193,20.7913,21.0253,136077870
2136,2018-12-21,21.16,21.5647,20.8293,21.318,120252015
2137,2018-12-24,20.9,20.9667,19.6797,19.6927,83398695
2138,2018-12-26,20.0,21.798,19.606,21.7393,122447070
2139,2018-12-27,21.3227,21.478,20.1,21.0753,128626995
2140,2018-12-28,21.54,22.416,21.2273,22.258,149084880
2141,2018-12-31,22.5193,22.614,21.684,22.1867,94535070
2142,2019-01-02,20.4067,21.0087,19.92,20.6747,174879720
2143,2019-01-03,20.4667,20.6267,19.8253,20.024,104477760
2144,2019-01-04,20.4,21.2,20.182,21.1793,110911740
2145,2019-01-07,21.448,22.4493,21.1833,22.3307,113268375
2146,2019-01-08,22.7973,22.934,21.8013,22.3567,105127740
2147,2019-01-09,22.3667,22.9003,22.098,22.5687,81494175
2148,2019-01-10,22.2933,23.026,22.1193,22.998,90845310
2149,2019-01-11,22.806,23.2273,22.5847,23.1507,75585780
2150,2019-01-14,22.8253,22.8333,22.2667,22.2933,78709260
2151,2019-01-15,22.3333,23.2533,22.3,22.962,90848850
2152,2019-01-16,22.9853,23.4667,22.9,23.07,70376085
2153,2019-01-17,23.0807,23.4333,22.9433,23.154,55150995
2154,2019-01-18,21.5333,21.8087,19.982,20.1507,362261445
2155,2019-01-22,20.3213,20.5333,19.7,19.928,181001115
2156,2019-01-23,19.5,19.6333,18.7793,19.1727,187949895
2157,2019-01-24,18.8687,19.5787,18.619,19.434,120182325
2158,2019-01-25,19.626,19.9013,19.3033,19.8027,108871170
2159,2019-01-28,19.5273,19.8307,19.1833,19.7587,96349185
2160,2019-01-29,19.6847,19.9037,19.4533,19.8307,69325380
2161,2019-01-30,20.03,20.6,19.8993,20.5847,168754770
2162,2019-01-31,20.0667,20.771,19.6,20.468,188538675
2163,2019-02-01,20.3613,21.0733,20.2333,20.814,109251615
2164,2019-02-04,20.8653,21.02,20.1253,20.8593,110281230
2165,2019-02-05,20.8327,21.496,20.8167,21.4233,101141475
2166,2019-02-06,21.306,21.616,21.0417,21.148,75578190
2167,2019-02-07,20.8867,20.98,20.2,20.5007,97809165
2168,2019-02-08,20.4553,20.4963,19.9,20.3867,87663180
2169,2019-02-11,20.7733,21.24,20.7,20.856,106945695
2170,2019-02-12,21.08,21.2127,20.6413,20.7873,82763550
2171,2019-02-13,20.8233,20.85,20.3713,20.5447,77124255
2172,2019-02-14,20.2253,20.4513,20.0667,20.2513,78012480
2173,2019-02-15,20.3,20.5333,20.26,20.5253,58574205
2174,2019-02-19,20.4373,20.7697,20.3647,20.376,62526645
2175,2019-02-20,20.294,20.42,19.9333,20.1707,107131755
2176,2019-02-21,20.1207,20.216,19.3667,19.4153,133637730
2177,2019-02-22,19.6327,19.7667,19.4733,19.6473,86108370
2178,2019-02-25,19.8607,20.1937,19.8,19.918,99397830
2179,2019-02-26,19.4813,20.134,19.2513,19.8573,128738025
2180,2019-02-27,20.1187,21.0863,20.0367,20.9827,167758620
2181,2019-02-28,21.2613,21.3333,20.7207,21.3253,157809795
2182,2019-03-01,20.4627,20.4753,19.46,19.6527,343670625
2183,2019-03-04,19.8747,19.9333,18.852,19.024,256452270
2184,2019-03-05,18.8,18.9333,18.0067,18.436,281471100
2185,2019-03-06,18.432,18.767,18.2927,18.416,155032275
2186,2019-03-07,18.5893,18.98,18.2833,18.4393,141637245
2187,2019-03-08,18.4607,19.0393,18.3927,18.9427,132294375
2188,2019-03-11,18.9013,19.4187,18.7,19.3947,110884170
2189,2019-03-12,19.0993,19.2047,18.7373,18.8907,112562055
2190,2019-03-13,18.9267,19.466,18.8467,19.264,102670785
2191,2019-03-14,19.4967,19.6927,19.2193,19.3307,106551705
2192,2019-03-15,18.9007,18.915,18.2933,18.362,221782965
2193,2019-03-18,18.4,18.5367,17.82,17.966,154214700
2194,2019-03-19,17.8333,18.22,17.564,17.8313,177009450
2195,2019-03-20,17.9793,18.3313,17.7533,18.24,103623360
2196,2019-03-21,18.1733,18.43,17.8967,18.268,89206470
2197,2019-03-22,18.172,18.1867,17.6,17.6353,131184135
2198,2019-03-25,17.314,17.5453,16.964,17.3613,153225435
2199,2019-03-26,17.6293,18.0173,17.6287,17.8513,110264220
2200,2019-03-27,17.9167,18.358,17.879,18.322,131687490
2201,2019-03-28,18.4773,18.6887,18.34,18.5747,101611395
2202,2019-03-29,18.58,18.6773,18.3,18.6573,89870070
2203,2019-04-01,18.8413,19.28,18.752,19.2787,121656585
2204,2019-04-02,19.22,19.296,18.9253,19.0587,82184100
2205,2019-04-03,19.1547,19.7447,19.1447,19.454,118947960
2206,2019-04-04,17.4593,18.08,17.3727,17.852,355810935
2207,2019-04-05,17.9907,18.4067,17.7407,18.3307,195573855
2208,2019-04-08,18.5127,18.744,18.0293,18.2133,156156540
2209,2019-04-09,18.11,18.3333,17.974,18.154,88560465
2210,2019-04-10,18.4493,18.5587,18.193,18.404,105919710
2211,2019-04-11,17.8867,18.0333,17.7067,17.8947,147538905
2212,2019-04-12,18.0147,18.13,17.7887,17.8467,101189610
2213,2019-04-15,17.9087,17.9253,17.242,17.7587,150578685
2214,2019-04-16,17.7167,18.3333,17.648,18.224,109093950
2215,2019-04-17,18.3167,18.3193,17.9023,18.082,76897020
2216,2019-04-18,18.082,18.3227,17.9833,18.2173,88144875
2217,2019-04-22,17.9333,17.9787,17.4987,17.5167,182207115
2218,2019-04-23,17.3433,17.7067,17.05,17.5933,164157885
2219,2019-04-24,17.59,17.688,17.2,17.244,160911810
2220,2019-04-25,17.0,17.2667,16.4047,16.5047,327740895
2221,2019-04-26,16.4333,16.4453,15.4087,15.676,335410635
2222,2019-04-29,15.724,16.2653,15.478,16.098,250717140
2223,2019-04-30,16.1373,16.2807,15.8,15.9127,141969420
2224,2019-05-01,15.9233,16.0,15.4333,15.6007,160565310
2225,2019-05-02,16.368,16.4753,15.848,16.2733,272390085
2226,2019-05-03,16.2573,17.1073,16.2327,17.002,355601565
2227,2019-05-06,16.668,17.2233,16.5667,17.0227,162509145
2228,2019-05-07,17.12,17.1473,16.34,16.4707,151971120
2229,2019-05-08,16.4627,16.7067,16.28,16.3227,92646600
2230,2019-05-09,16.1333,16.2453,15.7963,16.132,100670730
2231,2019-05-10,15.9833,16.1327,15.7347,15.968,105125040
2232,2019-05-13,15.4673,15.498,14.9667,15.134,162521940
2233,2019-05-14,15.2867,15.6333,15.2,15.4873,108786180
2234,2019-05-15,15.288,15.496,15.0167,15.4633,109439640
2235,2019-05-16,15.2993,15.4,15.1,15.222,112249095
2236,2019-05-17,14.7973,14.816,13.928,14.0687,266799990
2237,2019-05-20,13.52,13.7333,13.0167,13.6907,307892925
2238,2019-05-21,13.184,13.8267,13.0693,13.672,270058485
2239,2019-05-22,13.2733,13.596,12.7853,12.8487,280277805
2240,2019-05-23,12.956,13.2977,12.4147,13.0327,398207130
2241,2019-05-24,13.322,13.332,12.5833,12.7087,212048580
2242,2019-05-28,12.7467,13.0,12.5233,12.58,154693515
2243,2019-05-29,12.4733,12.826,12.336,12.6573,179529570
2244,2019-05-30,12.5833,12.817,12.468,12.548,118897125
2245,2019-05-31,12.34,12.6613,12.2733,12.344,156100980
2246,2019-06-03,12.3673,12.4453,11.7993,11.9313,195966150
2247,2019-06-04,12.0733,12.932,11.974,12.9067,207112830
2248,2019-06-05,13.2453,13.4187,12.79,13.106,202661340
2249,2019-06-06,13.6293,14.0667,13.4533,13.73,303632265
2250,2019-06-07,13.6667,14.0563,13.5667,13.6333,240052905
2251,2019-06-10,14.0167,14.4627,13.934,14.192,158775585
2252,2019-06-11,14.6097,14.7267,14.2333,14.4733,174803055
2253,2019-06-12,14.8633,14.892,13.9333,13.9507,227963160
2254,2019-06-13,14.0253,14.3267,13.834,14.2607,122523900
2255,2019-06-14,14.0833,14.4433,14.0267,14.328,111501030
2256,2019-06-17,14.3653,15.1333,14.2847,15.002,184752045
2257,2019-06-18,15.248,15.6493,14.8373,14.9827,190736820
2258,2019-06-19,15.0073,15.1847,14.7373,15.0953,98627025
2259,2019-06-20,14.8667,15.1267,14.4233,14.6413,177951930
2260,2019-06-21,14.4147,14.812,14.3667,14.7907,123031170
2261,2019-06-24,14.8827,15.0573,14.7347,14.9093,86261565
2262,2019-06-25,14.9593,15.0227,14.6327,14.6507,92731065
2263,2019-06-26,14.6873,15.1487,14.54,14.618,127608120
2264,2019-06-27,14.63,14.86,14.49,14.856,95095650
2265,2019-06-28,14.7327,15.0113,14.72,14.8973,102770760
2266,2019-07-01,15.3473,15.54,15.0853,15.1447,123569460
2267,2019-07-02,15.2593,15.2767,14.8147,14.97,138885405
2268,2019-07-03,15.9593,16.1047,15.634,15.66,213017220
2269,2019-07-05,15.638,15.6967,15.3867,15.54,105986070
2270,2019-07-08,15.416,15.4833,15.244,15.356,88208130
2271,2019-07-09,15.2647,15.4,15.152,15.3373,92862525
2272,2019-07-10,15.61,15.9293,15.5427,15.928,137186040
2273,2019-07-11,15.876,16.1,15.72,15.9067,112716450
2274,2019-07-12,15.9833,16.3587,15.9807,16.3387,138007815
2275,2019-07-15,16.5333,16.9613,16.324,16.9,165001380
2276,2019-07-16,16.62,16.902,16.529,16.8253,122234835
2277,2019-07-17,17.0447,17.2207,16.89,16.9907,146470905
2278,2019-07-18,16.9027,17.05,16.7923,16.9027,71467245
2279,2019-07-19,17.046,17.3307,16.9747,17.212,105726150
2280,2019-07-22,17.25,17.477,16.946,17.0453,102694095
2281,2019-07-23,17.114,17.3653,16.9667,17.3447,75346815
2282,2019-07-24,17.278,17.738,17.2107,17.6587,166092525
2283,2019-07-25,15.5667,15.6333,15.0367,15.2547,336273780
2284,2019-07-26,15.128,15.3507,14.8167,15.2027,150415455
2285,2019-07-29,15.1393,15.7293,15.069,15.718,139099965
2286,2019-07-30,15.5267,16.224,15.4787,16.1507,121635210
2287,2019-07-31,16.2,16.4453,15.7767,16.1073,137673120
2288,2019-08-01,16.1767,16.3007,15.4513,15.59,123892740
2289,2019-08-02,15.4233,15.7513,15.282,15.6227,92047215
2290,2019-08-05,15.3067,15.4243,15.0517,15.2213,105424185
2291,2019-08-06,15.4587,15.5,15.05,15.3833,83463000
2292,2019-08-07,15.1,15.5713,15.0533,15.5613,71647500
2293,2019-08-08,15.63,15.9867,15.51,15.8867,79115235
2294,2019-08-09,15.737,15.9307,15.5873,15.6673,58473660
2295,2019-08-12,15.5327,15.718,15.25,15.2673,69959055
2296,2019-08-13,15.254,15.7333,15.17,15.6667,73034970
2297,2019-08-14,15.414,15.4333,14.446,14.6413,143438865
2298,2019-08-15,14.724,14.7707,14.1033,14.376,123479280
2299,2019-08-16,14.444,14.816,14.4013,14.6627,78110640
2300,2019-08-19,14.9473,15.1887,14.78,15.122,79676220
2301,2019-08-20,15.1747,15.2727,14.9693,15.0573,62557905
2302,2019-08-21,14.8007,14.8813,14.5067,14.722,116996160
2303,2019-08-22,14.8533,15.0267,14.548,14.81,98474460
2304,2019-08-23,14.6647,14.7447,14.0667,14.0933,128395560
2305,2019-08-26,14.24,14.3347,14.1027,14.3333,75816210
2306,2019-08-27,14.3827,14.5867,14.1353,14.272,81310905
2307,2019-08-28,14.246,14.4833,14.154,14.3727,48579375
2308,2019-08-29,14.6,14.8933,14.5333,14.7807,77746560
2309,2019-08-30,15.2767,15.496,14.9477,15.0407,139916625
2310,2019-09-03,14.9387,15.2633,14.8773,15.0007,80408190
2311,2019-09-04,15.126,15.2307,14.6137,14.712,86530440
2312,2019-09-05,14.8333,15.32,14.7233,15.3053,111049830
2313,2019-09-06,15.1467,15.3093,15.0113,15.1633,62840580
2314,2019-09-09,15.3107,15.584,15.282,15.4527,72040035
2315,2019-09-10,15.3867,15.7027,15.2627,15.7027,73255710
2316,2019-09-11,15.8253,16.545,15.7333,16.4733,150641655
2317,2019-09-12,16.5133,16.9,16.2933,16.3913,128718150
2318,2019-09-13,16.464,16.5633,16.3243,16.3467,79697175
2319,2019-09-16,16.4,16.4953,16.078,16.1873,70921440
2320,2019-09-17,16.1647,16.3733,16.0247,16.3193,59203635
2321,2019-09-18,16.3333,16.5447,16.158,16.2327,63421545
2322,2019-09-19,16.4,16.5293,16.3227,16.44,73247025
2323,2019-09-20,16.4327,16.463,15.8773,16.0413,97593960
2324,2019-09-23,16.0,16.3453,15.948,16.082,65874450
2325,2019-09-24,16.1013,16.1327,14.8407,14.8807,194116680
2326,2019-09-25,14.9707,15.2653,14.5573,15.2467,141664290
2327,2019-09-26,15.3773,16.2207,15.16,16.1707,181181775
2328,2019-09-27,16.1467,16.5807,15.9153,16.142,166847685
2329,2019-09-30,16.2,16.2653,15.7407,16.058,89192415
2330,2019-10-01,16.1,16.3967,15.942,16.3127,92944350
2331,2019-10-02,16.2193,16.31,15.962,16.2087,93848220
2332,2019-10-03,15.4573,15.632,14.952,15.5353,227066445
2333,2019-10-04,15.4407,15.652,15.2047,15.4287,120317700
2334,2019-10-07,15.32,15.904,15.2367,15.848,121304355
2335,2019-10-08,15.7247,16.2627,15.6333,16.0033,130535070
2336,2019-10-09,16.088,16.4863,16.0433,16.302,104025495
2337,2019-10-10,16.352,16.6187,16.1053,16.316,94701255
2338,2019-10-11,16.4767,16.7387,16.454,16.526,127322385
2339,2019-10-14,16.5267,17.2367,16.4753,17.1307,153402945
2340,2019-10-15,17.18,17.3333,16.9413,17.1927,97191840
2341,2019-10-16,17.1593,17.4733,17.128,17.3167,100564545
2342,2019-10-17,17.5,17.652,17.3447,17.4647,71685645
2343,2019-10-18,17.38,17.52,17.0067,17.13,86304990
2344,2019-10-21,17.222,17.3,16.6787,16.9,76621515
2345,2019-10-22,16.956,17.222,16.7233,17.0387,69376425
2346,2019-10-23,16.9667,17.076,16.7567,16.9787,168242730
2347,2019-10-24,19.8913,20.3287,19.28,19.9787,447288465
2348,2019-10-25,19.848,22.0,19.7407,21.8753,450091365
2349,2019-10-28,21.836,22.7227,21.5067,21.8473,283054290
2350,2019-10-29,21.3327,21.62,20.9833,21.0813,190264005
2351,2019-10-30,20.8667,21.2527,20.6647,21.0007,144627150
2352,2019-10-31,20.8733,21.2667,20.8667,20.9947,76004340
2353,2019-11-01,21.088,21.0987,20.6533,20.8873,95758935
2354,2019-11-04,20.9867,21.4627,20.6173,21.1647,131805600
2355,2019-11-05,21.308,21.5673,21.0747,21.148,104151255
2356,2019-11-06,21.2,21.7813,20.9667,21.772,119113980
2357,2019-11-07,21.9427,22.7667,21.868,22.3693,217010220
2358,2019-11-08,22.3,22.4973,22.1667,22.476,91113315
2359,2019-11-11,22.93,23.2793,22.8,23.006,149905335
2360,2019-11-12,23.1267,23.358,22.936,23.3287,110390745
2361,2019-11-13,23.6667,23.7553,23.012,23.074,127017945
2362,2019-11-14,23.074,23.5893,22.8607,23.29,97075545
2363,2019-11-15,23.376,23.52,23.224,23.478,72188445
2364,2019-11-18,23.5277,23.5433,23.0733,23.3327,66127575
2365,2019-11-19,23.45,23.9993,23.1867,23.968,116041170
2366,2019-11-20,24.0,24.08,23.3047,23.4813,101009475
2367,2019-11-21,23.634,24.056,23.6003,23.6553,91650195
2368,2019-11-22,22.6773,22.7333,22.0,22.2027,253059630
2369,2019-11-25,22.9547,22.9713,22.2973,22.4227,185186475
2370,2019-11-26,22.3513,22.3667,21.8067,21.928,119343585
2371,2019-11-27,22.0747,22.262,21.9047,22.07,83292120
2372,2019-11-29,22.074,22.084,21.8333,21.996,36984435
2373,2019-12-02,21.96,22.4257,21.9123,22.3247,91229790
2374,2019-12-03,22.1747,22.5273,22.1457,22.4133,99202140
2375,2019-12-04,22.5167,22.524,22.19,22.202,83043825
2376,2019-12-05,22.1887,22.295,21.8167,22.0247,56054640
2377,2019-12-06,22.3333,22.5907,22.318,22.3927,114284055
2378,2019-12-09,22.4393,22.9633,22.3387,22.6353,135603255
2379,2019-12-10,22.664,23.382,22.6207,23.256,132599265
2380,2019-12-11,23.4583,23.8127,23.406,23.5133,103787430
2381,2019-12-12,23.6613,24.1827,23.5487,23.9787,116643165
2382,2019-12-13,24.07,24.3473,23.6427,23.8927,98614215
2383,2019-12-16,24.17,25.574,24.1667,25.4333,273314100
2384,2019-12-17,25.266,25.7,25.06,25.266,127556625
2385,2019-12-18,25.3753,26.348,25.372,26.21,212045880
2386,2019-12-19,26.488,27.1233,26.4333,26.936,271804605
2387,2019-12-20,27.3527,27.5333,26.679,27.0393,221778090
2388,2019-12-23,27.452,28.134,27.3333,27.948,199992315
2389,2019-12-24,27.8907,28.3647,27.5127,28.35,120820800
2390,2019-12-26,28.5273,28.8987,28.4233,28.7293,159724335
2391,2019-12-27,29.0,29.0207,28.4073,28.692,149352405
2392,2019-12-30,28.586,28.6,27.284,27.6467,189018975
2393,2019-12-31,27.0,28.086,26.8053,27.8887,154386840
2394,2020-01-02,28.3,28.713,28.114,28.684,143375790
2395,2020-01-03,29.3667,30.2667,29.128,29.534,266920455
2396,2020-01-06,29.3647,30.104,29.3333,30.1027,152362485
2397,2020-01-07,30.76,31.442,30.2237,31.2707,273137070
2398,2020-01-08,31.58,33.2333,31.2153,32.8093,467990895
2399,2020-01-09,33.14,33.2533,31.5247,32.0893,426947790
2400,2020-01-10,32.1193,32.3293,31.58,31.8767,194652480
2401,2020-01-13,32.9,35.0433,32.8,34.99,399518205
2402,2020-01-14,36.2833,36.4933,34.9933,35.86,435920655
2403,2020-01-15,35.3167,35.8567,34.4533,34.5667,260532465
2404,2020-01-16,32.9167,34.2967,32.8113,34.2333,326049795
2405,2020-01-17,33.84,34.3767,33.5433,34.0333,204436095
2406,2020-01-21,35.35,36.5733,35.2267,36.48,267052065
2407,2020-01-22,38.1267,39.6333,37.2733,37.97,470535420
2408,2020-01-23,37.6167,38.8,37.04,38.1467,294765630
2409,2020-01-24,38.0433,38.2567,36.95,37.6533,215304000
2410,2020-01-27,36.1333,37.63,35.9533,37.2,204121020
2411,2020-01-28,37.9,38.4533,37.2067,37.7933,176827395
2412,2020-01-29,38.38,39.32,37.83,38.7333,273250080
2413,2020-01-30,42.16,43.3933,41.2,42.72,435085140
2414,2020-01-31,42.6667,43.5333,42.1667,43.37,235788990
2415,2020-02-03,44.9133,52.41,44.9,52.0,708502425
2416,2020-02-04,58.8633,64.6,55.5933,59.1367,914081370
2417,2020-02-05,54.8833,56.4,46.94,48.98,726357555
2418,2020-02-06,46.66,53.0567,45.8,49.93,598211280
2419,2020-02-07,48.7033,51.3167,48.6667,49.87,255952815
2420,2020-02-10,53.3333,54.6667,50.16,51.42,370337445
2421,2020-02-11,51.2533,52.2333,50.5333,51.6267,175462095
2422,2020-02-12,51.8567,52.65,50.89,51.1533,180337050
2423,2020-02-13,49.4567,54.5333,49.0,53.6,394340220
2424,2020-02-14,52.48,54.1967,52.3667,53.3367,235405665
2425,2020-02-18,56.1067,57.3333,55.49,57.2267,250475535
2426,2020-02-19,61.5667,62.9867,60.0667,61.16,381344370
2427,2020-02-20,60.7967,60.8,57.33,59.96,264523395
2428,2020-02-21,60.4667,60.87,58.6967,60.0667,215091690
2429,2020-02-24,55.9333,57.5667,54.8133,55.5867,227882445
2430,2020-02-25,56.6,57.1067,52.4667,53.3267,259357215
2431,2020-02-26,52.1667,54.22,51.74,51.92,212307645
2432,2020-02-27,48.6667,49.3167,44.6,45.2667,364157400
2433,2020-02-28,41.98,46.0333,40.7667,44.5333,368462565
2434,2020-03-02,47.4167,49.58,45.7767,49.5733,302924865
2435,2020-03-03,53.6667,53.8,47.74,49.7,386760045
2436,2020-03-04,50.93,51.1,48.3167,49.9667,225734655
2437,2020-03-05,48.25,49.7167,47.87,48.3033,162789855
2438,2020-03-06,46.0,47.1333,45.6167,46.9,189943770
2439,2020-03-09,40.36,44.2,40.3333,40.5333,256106100
2440,2020-03-10,43.9633,44.5333,40.5333,43.0233,233916645
2441,2020-03-11,42.68,43.5733,40.8667,42.2833,201203805
2442,2020-03-12,38.7267,39.6333,36.4167,37.37,283635780
2443,2020-03-13,39.6667,40.5033,33.4667,36.44,339603810
2444,2020-03-16,31.3,32.9913,29.478,29.6713,307341960
2445,2020-03-17,29.334,31.4567,26.4,28.68,359918700
2446,2020-03-18,25.9333,26.9907,23.3673,24.0813,356792430
2447,2020-03-19,24.9797,30.1333,23.8973,28.5093,452931900
2448,2020-03-20,29.2133,31.8,28.386,28.502,424282530
2449,2020-03-23,28.9067,29.4667,27.3667,28.9527,246818235
2450,2020-03-24,31.82,34.2467,31.6,33.6667,343427550
2451,2020-03-25,36.35,37.1333,34.0733,35.95,318341175
2452,2020-03-26,36.4933,37.3333,34.15,35.21,261331230
2453,2020-03-27,33.6667,35.0533,32.9353,34.29,215661120
2454,2020-03-30,34.0167,34.4433,32.7487,33.4767,179971005
2455,2020-03-31,33.4167,36.1967,33.1333,34.9333,266572275
2456,2020-04-01,33.6,34.2633,31.6733,32.104,200297700
2457,2020-04-02,32.0687,32.9507,29.76,30.298,297876405
2458,2020-04-03,33.9667,34.3667,31.226,32.0007,338431140
2459,2020-04-06,34.08,34.7333,33.1967,34.4167,223527540
2460,2020-04-07,36.3333,37.6667,35.49,36.3633,268796760
2461,2020-04-08,36.9467,37.1467,35.5567,36.59,189840360
2462,2020-04-09,37.4733,38.3467,37.14,38.2,204750000
2463,2020-04-13,39.3433,43.4667,38.7033,43.3967,337131315
2464,2020-04-14,46.5967,49.46,46.1633,47.3267,458647665
2465,2020-04-15,49.4667,50.21,47.3333,48.6567,353655015
2466,2020-04-16,47.7967,50.63,47.1133,49.68,309867930
2467,2020-04-17,51.4867,51.6633,49.8433,50.26,196923555
2468,2020-04-20,48.8467,51.0367,47.48,49.7567,221198655
2469,2020-04-21,48.6733,50.2233,44.92,45.78,303136395
2470,2020-04-22,46.9333,48.9333,45.9133,48.8067,213372465
2471,2020-04-23,48.5067,48.9333,46.8767,47.0433,198550455
2472,2020-04-24,47.3867,48.7167,46.5467,48.3433,198564180
2473,2020-04-27,49.1733,53.3,49.0,53.25,310221630
2474,2020-04-28,53.0433,53.6667,50.4467,51.2733,228329460
2475,2020-04-29,52.6767,53.5467,52.21,53.3667,243239730
2476,2020-04-30,57.0133,57.9867,50.9,52.1267,427077810
2477,2020-05-01,50.3333,51.5167,45.5367,46.7533,487977105
2478,2020-05-04,46.7333,50.8,46.5333,50.7467,288556350
2479,2020-05-05,52.6533,53.26,50.8133,51.2133,254874840
2480,2020-05-06,51.7667,52.6533,50.74,52.1733,166848465
2481,2020-05-07,51.8133,53.0933,51.49,52.0033,172915290
2482,2020-05-08,52.9167,54.9333,52.4667,54.6267,241951305
2483,2020-05-11,52.7,54.9333,52.3333,54.0867,247794015
2484,2020-05-12,55.1333,56.22,53.8667,53.96,238603575
2485,2020-05-13,54.7233,55.0667,50.8867,52.73,285982365
2486,2020-05-14,52.0,53.5567,50.9333,53.5567,205232820
2487,2020-05-15,52.69,53.67,52.4367,53.2767,157776420
2488,2020-05-18,55.1867,55.6467,53.5933,54.2433,175471530
2489,2020-05-19,54.3433,54.8033,53.74,53.8667,144547830
2490,2020-05-20,54.7,55.0667,54.12,54.37,109639065
2491,2020-05-21,54.4,55.5,53.0667,55.1733,183818760
2492,2020-05-22,54.81,55.4533,54.1333,54.46,149812125
2493,2020-05-26,55.6333,55.64,54.38,54.59,121346040
2494,2020-05-27,54.7233,55.18,52.3333,54.6833,173242950
2495,2020-05-28,54.2333,54.9833,53.4467,53.72,109136610
2496,2020-05-29,53.9167,55.6667,53.6133,55.6667,177187335
2497,2020-06-01,57.2,59.9333,56.94,59.8733,226279455
2498,2020-06-02,59.6467,60.5767,58.0667,58.77,203483940
2499,2020-06-03,59.2067,59.8633,58.6733,58.8633,119242035
2500,2020-06-04,59.3267,59.7167,57.23,57.6267,133315695
2501,2020-06-05,58.5233,59.1,57.7467,59.0433,117178755
2502,2020-06-08,61.2667,63.3333,60.61,63.3267,212620905
2503,2020-06-09,62.6667,63.63,61.5967,62.71,170822310
2504,2020-06-10,66.1267,68.5,65.5,68.3367,278451195
2505,2020-06-11,66.0133,67.93,64.8,64.8567,238747230
2506,2020-06-12,65.3333,65.8667,60.84,62.3533,251450610
2507,2020-06-15,61.1867,66.59,60.5667,66.06,235457670
2508,2020-06-16,67.4567,67.5267,64.16,65.4767,210766170
2509,2020-06-17,65.8467,67.0,65.5033,66.12,148362000
2510,2020-06-18,66.8667,67.9467,66.2967,66.93,146279040
2511,2020-06-19,67.52,67.73,66.09,66.7267,130196235
2512,2020-06-22,66.6633,67.26,66.0,66.2867,95435250
2513,2020-06-23,66.5933,67.4667,66.2667,66.7867,95479065
2514,2020-06-24,66.2733,66.7267,63.5433,64.0567,164393895
2515,2020-06-25,63.6167,65.7333,62.4767,65.7333,138818235
2516,2020-06-26,66.32,66.3333,63.6567,63.9833,132823620
2517,2020-06-29,64.6,67.3333,63.2333,67.29,135396060
2518,2020-06-30,67.1,72.5133,66.9167,71.9867,253777515
2519,2020-07-01,72.2,75.69,72.0333,74.6433,199903440
2520,2020-07-02,81.4333,81.8667,79.04,80.5767,258751725
2521,2020-07-06,85.1133,91.8533,84.4033,91.44,308547960
2522,2020-07-07,93.6667,95.3,89.1133,92.6567,322344915
2523,2020-07-08,93.6667,94.4833,87.4233,91.06,244669680
2524,2020-07-09,93.1333,93.9033,90.0867,92.9533,175763970
2525,2020-07-10,93.0667,103.26,91.7333,102.977,350063295
2526,2020-07-13,110.6,119.667,98.0733,99.8033,584780430
2527,2020-07-14,103.733,106.0,95.4,101.12,351272100
2528,2020-07-15,102.867,103.333,97.1333,103.067,245517435
2529,2020-07-16,98.4767,102.113,97.7333,100.043,214511775
2530,2020-07-17,100.897,102.5,99.3333,100.057,139949580
2531,2020-07-20,101.267,110.0,99.2,109.533,256820505
2532,2020-07-21,109.33,111.667,103.867,104.557,242359200
2533,2020-07-22,106.6,108.427,104.133,106.157,212416200
2534,2020-07-23,111.93,112.6,98.7167,100.87,364927560
2535,2020-07-24,94.4,97.6667,91.1033,94.4667,290949240
2536,2020-07-27,95.6667,103.197,94.2,102.64,240730035
2537,2020-07-28,100.267,104.313,98.2933,98.4333,237130500
2538,2020-07-29,100.067,102.32,99.1333,99.94,141403395
2539,2020-07-30,99.2,100.883,98.0667,99.1667,114315585
2540,2020-07-31,101.0,101.137,94.7333,95.3833,183704400
2541,2020-08-03,96.6133,100.653,96.2933,99.0,132140190
2542,2020-08-04,99.6667,101.827,97.4667,99.1333,126224850
2543,2020-08-05,99.5333,99.99,97.8867,99.0,74670225
2544,2020-08-06,99.39,101.153,98.4833,99.3067,89884695
2545,2020-08-07,99.97,99.9833,94.3333,96.8467,133446300
2546,2020-08-10,96.5333,97.1667,92.39,94.57,112833960
2547,2020-08-11,93.0667,94.6667,91.0,91.6267,129387510
2548,2020-08-12,98.0,105.667,95.6667,103.65,328482510
2549,2020-08-13,107.4,110.08,104.483,108.067,306379620
2550,2020-08-14,111.0,111.253,108.443,110.047,188664210
2551,2020-08-17,111.8,123.057,111.523,122.377,303634845
2552,2020-08-18,126.6,128.26,123.007,125.807,247117365
2553,2020-08-19,124.333,127.4,122.747,125.237,183079965
2554,2020-08-20,124.047,134.8,123.803,133.457,309176940
2555,2020-08-21,136.317,139.7,135.003,136.667,322343385
2556,2020-08-24,141.753,141.933,128.5,134.28,300954315
2557,2020-08-25,131.66,135.197,131.2,134.89,159883395
2558,2020-08-26,137.333,144.4,136.91,143.543,213590730
2559,2020-08-27,145.363,153.04,142.833,149.25,355395645
2560,2020-08-28,153.007,154.567,145.767,147.56,301217640
2561,2020-08-31,148.203,166.713,146.703,166.107,355123218
2562,2020-09-01,167.38,167.497,156.837,158.35,270358257
2563,2020-09-02,159.663,159.68,135.04,149.123,288528384
2564,2020-09-03,135.743,143.933,134.0,135.667,262788258
2565,2020-09-04,134.27,142.667,124.007,139.44,330965655
2566,2020-09-08,118.667,122.913,109.96,110.07,346397073
2567,2020-09-09,118.867,123.0,113.837,122.093,238397307
2568,2020-09-10,128.737,132.997,120.187,123.78,254791824
2569,2020-09-11,127.313,127.5,120.167,124.24,182152377
2570,2020-09-14,126.983,140.0,124.433,139.873,249061824
2571,2020-09-15,145.52,153.98,143.567,149.92,291894684
2572,2020-09-16,146.623,152.597,145.103,147.253,217640280
2573,2020-09-17,138.533,145.93,136.0,141.143,230337489
2574,2020-09-18,149.313,150.333,142.933,147.383,259220457
2575,2020-09-21,151.043,151.893,135.69,149.797,328430400
2576,2020-09-22,143.2,145.92,139.2,141.41,238742385
2577,2020-09-23,135.053,137.383,125.293,126.787,285222528
2578,2020-09-24,121.267,133.167,117.1,129.263,289683183
2579,2020-09-25,131.157,136.244,130.433,135.78,201625377
2580,2020-09-28,141.54,142.693,138.517,140.4,149158683
2581,2020-09-29,138.667,142.833,137.2,139.69,151024212
2582,2020-09-30,140.44,144.643,140.157,143.003,144436698
2583,2020-10-01,146.92,149.627,144.807,149.387,152224362
2584,2020-10-02,140.463,146.377,138.333,138.363,214290075
2585,2020-10-05,141.117,144.547,139.777,141.893,134168358
2586,2020-10-06,141.263,142.927,135.35,137.993,147438777
2587,2020-10-07,139.957,143.3,137.948,141.767,129383127
2588,2020-10-08,146.147,146.333,141.767,141.973,121263348
2589,2020-10-09,143.377,144.863,142.153,144.667,86776968
2590,2020-10-12,147.333,149.58,146.193,147.433,116373399
2591,2020-10-13,147.783,149.63,145.533,148.883,103390995
2592,2020-10-14,149.927,155.3,149.117,153.767,144136182
2593,2020-10-15,150.103,152.19,147.5,149.627,107017062
2594,2020-10-16,151.48,151.983,146.283,146.557,98327637
2595,2020-10-19,148.747,149.0,142.957,143.61,108863529
2596,2020-10-20,143.917,143.917,139.683,140.647,94968867
2597,2020-10-21,140.9,144.317,140.417,140.88,97111383
2598,2020-10-22,147.307,148.41,141.503,141.93,119979573
2599,2020-10-23,140.613,140.962,135.793,140.21,101150940
2600,2020-10-26,137.21,141.92,136.667,140.093,84717483
2601,2020-10-27,141.253,143.5,140.033,141.56,68059518
2602,2020-10-28,138.827,139.533,135.333,135.34,76354227
2603,2020-10-29,136.653,139.353,135.487,136.943,67965924
2604,2020-10-30,135.632,135.864,126.37,129.347,127762917
2605,2020-11-02,131.333,135.66,130.767,133.503,87063354
2606,2020-11-03,136.577,142.59,135.563,141.3,103055145
2607,2020-11-04,143.54,145.133,139.033,140.327,96429171
2608,2020-11-05,142.767,146.667,141.333,146.03,85243569
2609,2020-11-06,145.367,145.523,141.427,143.317,65118042
2610,2020-11-09,146.5,150.833,140.333,140.42,104499075
2611,2020-11-10,140.03,140.03,132.01,136.787,90852672
2612,2020-11-11,138.817,139.565,136.86,139.043,52073166
2613,2020-11-12,138.35,141.0,136.507,137.253,59821500
2614,2020-11-13,136.95,137.511,133.887,136.167,59491053
2615,2020-11-16,136.31,137.483,134.696,136.03,80515905
2616,2020-11-17,153.39,154.0,144.337,147.203,183564843
2617,2020-11-18,149.45,165.333,147.833,162.213,234132072
2618,2020-11-19,164.0,169.537,162.523,166.423,187426038
2619,2020-11-20,165.997,167.5,163.02,163.203,98735766
2620,2020-11-23,167.833,175.333,167.263,173.95,150780912
2621,2020-11-24,180.133,186.663,175.4,185.127,160945482
2622,2020-11-25,183.353,191.333,181.79,191.333,146790486
2623,2020-11-27,193.72,199.593,192.817,195.253,112683234
2624,2020-11-30,200.737,202.6,184.837,189.2,189009156
2625,2020-12-01,199.197,199.283,190.683,194.92,121148496
2626,2020-12-02,185.48,190.513,180.403,189.607,143326959
2627,2020-12-03,196.673,199.657,194.143,197.793,127656009
2628,2020-12-04,197.003,199.68,195.167,199.68,88203942
2629,2020-12-07,201.64,216.262,201.017,213.92,167964909
2630,2020-12-08,208.502,217.093,206.167,216.627,191929665
2631,2020-12-09,217.897,218.107,196.0,201.493,213027585
2632,2020-12-10,191.457,209.25,188.78,209.023,201249459
2633,2020-12-11,205.003,208.0,198.933,203.33,139424922
2634,2020-12-14,206.333,214.25,203.4,213.277,156121947
2635,2020-12-15,214.427,215.633,207.933,211.083,135670677
2636,2020-12-16,209.41,210.833,201.667,207.59,126287439
2637,2020-12-17,209.397,219.607,206.5,218.633,168810432
2638,2020-12-18,222.967,231.667,209.513,231.667,666378582
2639,2020-12-21,222.08,222.833,215.357,216.62,174135792
2640,2020-12-22,216.0,216.627,204.743,213.447,155584932
2641,2020-12-23,210.733,217.167,207.523,215.327,99518916
2642,2020-12-24,214.33,222.03,213.667,220.59,68596704
2643,2020-12-28,224.837,227.133,220.267,221.23,96835683
2644,2020-12-29,220.333,223.3,218.333,221.997,68732433
2645,2020-12-30,224.0,232.2,222.787,231.593,128538063
2646,2020-12-31,233.33,239.573,230.373,235.223,148949784
2647,2021-01-04,239.82,248.163,239.063,243.257,145914567
2648,2021-01-05,241.22,246.947,239.733,245.037,96735495
2649,2021-01-06,252.83,258.0,249.7,251.993,134099895
2650,2021-01-07,259.21,272.33,258.4,272.013,154496844
2651,2021-01-08,285.333,294.83,279.463,293.34,225166584
2652,2021-01-11,283.133,284.81,267.874,270.397,178662438
2653,2021-01-12,277.0,289.333,275.78,283.147,138812160
2654,2021-01-13,284.253,286.823,277.333,284.803,99937488
2655,2021-01-14,281.13,287.667,279.583,281.667,93798981
2656,2021-01-15,284.0,286.633,273.033,275.387,116332788
2657,2021-01-19,279.267,283.333,277.667,281.517,76100940
2658,2021-01-20,286.247,286.5,279.093,283.483,76997649
2659,2021-01-21,285.0,285.24,280.473,281.663,61794399
2660,2021-01-22,278.103,282.667,276.207,282.213,60199491
2661,2021-01-25,285.0,300.133,279.607,293.6,123520191
2662,2021-01-26,297.127,298.633,290.533,294.363,69394809
2663,2021-01-27,290.117,297.167,286.22,288.053,82001865
2664,2021-01-28,273.333,282.667,267.0,278.477,79134144
2665,2021-01-29,276.667,280.803,260.033,264.51,104972262
2666,2021-02-01,271.43,280.667,265.187,279.937,76174155
2667,2021-02-02,281.56,293.5,280.734,290.93,73038639
2668,2021-02-03,292.34,292.693,284.355,284.897,55030530
2669,2021-02-04,285.0,285.5,277.807,283.33,47437983
2670,2021-02-05,281.667,288.257,279.657,284.077,55699911
2671,2021-02-08,289.89,292.59,284.917,287.807,60485157
2672,2021-02-09,285.04,286.6,280.583,283.153,45472953
2673,2021-02-10,281.212,281.607,266.673,268.273,108648270
2674,2021-02-11,270.813,276.627,267.242,270.553,64868259
2675,2021-02-12,267.087,272.443,261.777,272.04,71304939
2676,2021-02-16,272.667,273.667,264.147,265.407,59406972
2677,2021-02-17,259.697,266.613,254.003,266.05,78236694
2678,2021-02-18,260.3,264.897,258.757,262.46,53871174
2679,2021-02-19,265.0,265.597,259.123,260.433,56874765
2680,2021-02-22,254.213,256.167,236.733,238.167,111809148
2681,2021-02-23,220.71,237.87,206.333,232.947,199820646
2682,2021-02-24,237.283,248.333,231.39,247.34,110300850
2683,2021-02-25,242.05,245.736,223.527,227.407,117071565
2684,2021-02-26,233.333,235.567,219.837,225.167,123267519
2685,2021-03-01,230.037,290.667,228.35,239.477,81408717
2686,2021-03-02,239.427,240.37,228.333,228.813,71196474
2687,2021-03-03,229.33,233.567,217.235,217.733,90623880
2688,2021-03-04,218.6,291.313,200.0,207.147,197758590
2689,2021-03-05,208.687,209.281,179.83,199.317,268189377
2690,2021-03-08,200.183,206.708,186.263,187.667,155360874
2691,2021-03-09,202.727,226.03,198.403,224.527,202569984
2692,2021-03-10,233.55,239.283,218.353,222.687,181817016
2693,2021-03-11,233.133,234.167,225.727,233.2,108761676
2694,2021-03-12,223.333,231.627,222.046,231.243,100751520
2695,2021-03-15,231.363,237.727,228.013,235.98,88270437
2696,2021-03-16,234.45,235.973,223.667,225.627,96587016
2697,2021-03-17,218.957,234.577,217.003,233.937,121117359
2698,2021-03-18,228.097,229.743,217.333,217.72,100107066
2699,2021-03-19,215.533,219.077,208.207,218.29,128681934
2700,2021-03-22,228.197,233.207,222.917,223.333,118536663
2701,2021-03-23,225.257,225.933,219.17,220.72,91475610
2702,2021-03-24,222.637,222.673,210.037,210.09,101385522
2703,2021-03-25,204.333,215.167,203.167,213.463,117674550
2704,2021-03-26,213.957,214.607,199.963,206.237,101558481
2705,2021-03-29,205.213,205.493,198.673,203.763,85910955
2706,2021-03-30,200.583,212.553,197.003,211.873,118297077
2707,2021-03-31,215.54,224.0,213.703,222.643,100011864
2708,2021-04-01,229.457,230.807,219.807,220.583,105895134
2709,2021-04-05,235.903,236.053,228.233,230.35,125528301
2710,2021-04-06,230.1,232.183,227.123,230.54,84815517
2711,2021-04-07,229.0,230.46,222.613,223.657,78928299
2712,2021-04-08,225.793,229.85,223.882,227.933,71772987
2713,2021-04-09,225.923,226.99,223.143,225.673,64311261
2714,2021-04-12,228.567,234.933,227.363,233.993,87407010
2715,2021-04-13,237.567,254.333,236.887,254.107,133958424
2716,2021-04-14,256.9,260.263,242.677,244.077,147052302
2717,2021-04-15,247.7,247.897,240.437,246.283,83546700
2718,2021-04-16,242.883,249.803,241.533,246.593,83938578
2719,2021-04-19,239.867,241.8,230.6,238.21,119058678
2720,2021-04-20,239.14,245.75,236.895,239.663,106827114
2721,2021-04-21,234.923,248.28,232.667,248.04,93646542
2722,2021-04-22,247.167,251.257,239.347,239.897,106770765
2723,2021-04-23,239.933,245.787,238.487,243.133,85241667
2724,2021-04-26,247.0,249.767,244.202,246.067,93115506
2725,2021-04-27,239.32,241.333,234.45,234.913,88310985
2726,2021-04-28,232.137,236.167,231.2,231.467,66813141
2727,2021-04-29,233.17,234.083,222.833,225.667,86536347
2728,2021-04-30,222.53,238.49,222.047,236.48,122276166
2729,2021-05-03,234.6,235.333,226.833,228.3,81129429
2730,2021-05-04,226.313,227.815,219.234,224.533,89217957
2731,2021-05-05,227.02,228.432,222.447,223.647,65705682
2732,2021-05-06,226.92,227.007,216.667,221.18,83353857
2733,2021-05-07,221.933,230.0,220.073,224.123,70407516
2734,2021-05-10,221.633,221.683,209.203,209.68,94177251
2735,2021-05-11,199.747,209.033,198.533,205.733,139511688
2736,2021-05-12,200.83,206.803,195.588,196.63,101470938
2737,2021-05-13,200.515,202.153,186.55,190.563,132554748
2738,2021-05-14,194.47,197.623,190.153,196.58,100112568
2739,2021-05-17,191.851,196.577,187.067,192.277,97171080
2740,2021-05-18,189.333,198.75,187.793,192.623,110491701
2741,2021-05-19,184.183,188.737,182.327,187.82,118735185
2742,2021-05-20,191.667,196.283,190.357,195.593,92463357
2743,2021-05-21,198.703,198.893,193.333,193.627,78091785
2744,2021-05-24,193.867,204.827,191.217,202.147,103674267
2745,2021-05-25,202.437,204.663,198.57,201.563,84017799
2746,2021-05-26,202.52,208.723,200.5,206.377,85917915
2747,2021-05-27,206.747,210.377,205.403,210.283,79111779
2748,2021-05-28,209.5,211.863,207.46,208.407,68211114
2749,2021-06-01,209.267,211.267,206.85,207.967,54254670
2750,2021-06-02,206.71,207.787,199.713,201.707,69908337
2751,2021-06-03,200.6,201.517,190.407,190.947,90335679
2752,2021-06-04,193.237,200.203,192.4,199.683,72110688
2753,2021-06-07,197.275,203.333,194.293,201.71,67631046
2754,2021-06-08,207.67,207.697,198.5,201.197,78160215
2755,2021-06-09,200.723,203.93,199.21,199.593,49753698
2756,2021-06-10,201.293,205.53,200.167,203.373,71758818
2757,2021-06-11,203.41,204.187,200.507,203.297,48615909
2758,2021-06-14,204.077,208.497,203.06,205.897,61271949
2759,2021-06-15,205.563,205.597,199.41,199.787,53292435
2760,2021-06-16,199.178,202.833,197.833,201.623,66432381
2761,2021-06-17,200.629,207.157,200.447,205.533,68104050
2762,2021-06-18,204.457,209.45,203.933,207.77,73682715
2763,2021-06-21,208.16,210.463,202.96,206.943,74438223
2764,2021-06-22,206.083,209.523,205.167,207.903,57476676
2765,2021-06-23,210.667,219.068,210.013,218.857,93297684
2766,2021-06-24,224.997,232.54,222.537,226.607,137947158
2767,2021-06-25,229.86,231.27,222.9,223.957,97490121
2768,2021-06-28,223.88,231.567,223.44,229.573,64884477
2769,2021-06-29,228.217,229.17,225.297,226.92,52143939
2770,2021-06-30,226.59,230.937,226.047,226.567,56774586
2771,2021-07-01,227.973,229.33,224.267,225.973,55903566
2772,2021-07-02,226.327,233.333,224.42,226.3,81292122
2773,2021-07-06,227.237,228.0,217.133,219.86,69853350
2774,2021-07-07,221.423,221.9,212.773,214.883,56375880
2775,2021-07-08,209.457,218.143,206.82,217.603,68319948
2776,2021-07-09,217.728,219.637,214.897,218.983,54421644
2777,2021-07-12,220.733,229.08,220.72,228.567,77781126
2778,2021-07-13,228.773,231.093,222.099,222.847,62898276
2779,2021-07-14,223.583,226.203,217.613,217.793,64923570
2780,2021-07-15,219.463,222.047,212.627,216.867,60628713
2781,2021-07-16,218.227,218.9,214.067,214.74,49112910
2782,2021-07-19,209.963,215.733,207.097,215.407,63891270
2783,2021-07-20,217.33,220.797,213.5,220.167,46461381
2784,2021-07-21,219.87,221.62,216.763,218.43,41860014
2785,2021-07-22,218.814,220.723,214.867,216.42,45317181
2786,2021-07-23,215.453,216.267,212.433,214.46,43814832
2787,2021-07-26,216.99,222.733,215.703,219.207,76009668
2788,2021-07-27,221.133,222.167,209.08,214.927,98439870
2789,2021-07-28,215.665,218.323,213.133,215.66,48019788
2790,2021-07-29,216.597,227.897,216.267,225.783,91183911
2791,2021-07-30,223.919,232.51,223.0,229.067,88969233
2792,2021-08-02,233.333,242.313,232.8,236.557,100847295
2793,2021-08-03,239.667,240.883,233.67,236.58,64860759
2794,2021-08-04,237.0,241.633,236.31,236.973,51007941
2795,2021-08-05,238.667,240.317,237.137,238.21,38758911
2796,2021-08-06,237.3,238.777,232.543,233.033,46869147
2797,2021-08-09,236.723,239.677,235.043,237.92,44146047
2798,2021-08-10,237.997,238.863,233.96,236.663,40296915
2799,2021-08-11,237.57,238.393,234.737,235.94,29401674
2800,2021-08-12,235.447,240.933,233.133,240.75,53045058
2801,2021-08-13,241.237,243.3,238.113,239.057,50194401
2802,2021-08-16,235.023,236.5,225.467,228.723,69309909
2803,2021-08-17,224.217,224.86,216.28,221.903,71163837
2804,2021-08-18,223.249,231.923,223.117,229.663,61048125
2805,2021-08-19,226.07,228.85,222.53,224.49,42940458
2806,2021-08-20,227.617,230.71,224.567,226.753,44525595
2807,2021-08-23,228.481,237.377,226.917,235.433,60794577
2808,2021-08-24,236.893,238.407,234.213,236.163,39249213
2809,2021-08-25,235.677,238.99,234.667,237.067,37936686
2810,2021-08-26,236.103,238.467,232.54,233.72,39642876
2811,2021-08-27,235.0,238.333,234.033,237.307,41501289
2812,2021-08-30,238.238,243.667,237.577,243.637,55812660
2813,2021-08-31,244.333,246.797,242.147,245.24,62566308
2814,2021-09-01,244.693,247.33,243.757,244.697,39613005
2815,2021-09-02,244.833,246.99,243.513,244.13,38390217
2816,2021-09-03,244.083,244.667,241.4,244.523,45813135
2817,2021-09-07,246.667,253.4,246.42,250.973,60119475
2818,2021-09-08,253.86,254.817,246.924,251.29,56379108
2819,2021-09-09,251.137,254.033,250.543,251.62,42233193
2820,2021-09-10,253.2,254.203,244.84,245.423,45552510
2821,2021-09-13,246.738,248.26,236.283,247.667,68857446
2822,2021-09-14,247.523,251.49,245.467,248.163,55574643
2823,2021-09-15,248.333,252.287,246.12,251.943,46073055
2824,2021-09-16,250.943,252.97,249.203,252.33,41770179
2825,2021-09-17,252.383,253.68,250.0,253.163,84612528
2826,2021-09-20,244.853,247.333,239.542,243.39,74272956
2827,2021-09-21,244.93,248.247,243.48,246.46,48992169
2828,2021-09-22,247.842,251.223,246.373,250.647,45378816
2829,2021-09-23,251.667,252.733,249.307,251.213,35842581
2830,2021-09-24,248.63,258.267,248.187,258.13,64119066
2831,2021-09-27,257.707,266.333,256.437,263.787,84211971
2832,2021-09-28,262.4,265.213,255.393,259.187,76144266
2833,2021-09-29,259.933,264.5,256.893,260.437,62828631
2834,2021-09-30,260.333,263.044,258.333,258.493,53867883
2835,2021-10-01,259.467,260.26,254.53,258.407,51094242
2836,2021-10-04,265.5,268.99,258.707,260.51,91450023
2837,2021-10-05,261.599,265.77,258.067,260.197,55297875
2838,2021-10-06,258.733,262.22,257.74,260.917,43898304
2839,2021-10-07,261.82,268.333,261.127,264.537,57587346
2840,2021-10-08,265.403,265.46,260.303,261.83,50215812
2841,2021-10-11,262.55,267.08,261.833,263.98,42600966
2842,2021-10-12,266.977,270.773,265.523,268.573,66060120
2843,2021-10-13,270.157,271.803,268.593,270.36,42360225
2844,2021-10-14,271.83,273.417,271.117,272.773,36741510
2845,2021-10-15,274.579,281.07,274.117,281.01,56773701
2846,2021-10-18,283.93,291.753,283.823,290.037,72621732
2847,2021-10-19,292.51,292.65,287.503,288.09,52143384
2848,2021-10-20,288.45,289.83,285.793,288.6,42096156
2849,2021-10-21,285.333,300.0,285.168,298.0,94444362
2850,2021-10-22,298.5,303.333,296.987,303.227,68642505
2851,2021-10-25,316.843,348.34,314.733,341.62,188556297
2852,2021-10-26,341.563,364.98,333.813,339.477,187244904
2853,2021-10-27,346.553,356.96,343.593,345.953,115579377
2854,2021-10-28,356.102,360.333,351.4,359.013,81639519
2855,2021-10-29,360.62,371.737,357.735,371.333,89755251
2856,2021-11-01,381.667,403.25,372.887,402.863,168146148
2857,2021-11-02,386.452,402.863,382.0,390.667,128213391
2858,2021-11-03,392.443,405.13,384.207,404.62,103885557
2859,2021-11-04,411.47,414.497,405.667,409.97,76192230
2860,2021-11-05,409.333,413.29,402.667,407.363,64886436
2861,2021-11-08,383.262,399.0,377.667,387.647,100337145
2862,2021-11-09,391.2,391.5,337.173,341.167,177317508
2863,2021-11-10,336.803,359.367,329.103,355.983,128408166
2864,2021-11-11,367.59,368.323,351.56,354.503,67189704
2865,2021-11-12,349.167,351.5,339.733,344.473,76719444
2866,2021-11-15,339.21,343.993,326.2,337.797,104326947
2867,2021-11-16,334.437,352.4,334.06,351.577,79627077
2868,2021-11-17,354.503,373.213,351.833,363.003,94336095
2869,2021-11-18,368.85,370.667,358.34,365.46,62696790
2870,2021-11-19,366.29,379.573,364.233,379.02,64926774
2871,2021-11-22,387.443,400.65,377.477,385.623,99217527
2872,2021-11-23,389.17,393.5,354.233,369.677,108515100
2873,2021-11-24,360.13,377.59,354.0,372.0,67680714
2874,2021-11-26,366.49,369.594,360.333,360.64,35042670
2875,2021-11-29,366.997,380.89,366.73,378.997,58393401
2876,2021-11-30,381.457,389.333,372.667,381.587,81276114
2877,2021-12-01,386.898,390.947,363.587,365.0,68804094
2878,2021-12-02,366.353,371.0,352.217,361.533,73114869
2879,2021-12-03,361.597,363.525,333.403,338.323,92321985
2880,2021-12-06,333.837,340.547,316.833,336.337,81663111
2881,2021-12-07,348.067,352.558,342.27,350.583,56084571
2882,2021-12-08,350.903,357.46,344.333,356.32,41906370
2883,2021-12-09,353.547,354.163,334.12,334.6,59438496
2884,2021-12-10,336.25,340.327,327.51,339.01,59664366
2885,2021-12-13,333.697,335.0,317.14,322.137,78595506
2886,2021-12-14,315.0,322.137,310.0,319.503,70806270
2887,2021-12-15,317.737,326.25,309.417,325.33,75169230
2888,2021-12-16,331.5,331.66,307.283,308.973,82771449
2889,2021-12-17,304.923,320.22,303.013,310.857,100880262
2890,2021-12-20,303.567,307.229,297.797,299.98,56480013
2891,2021-12-21,305.623,313.167,295.373,312.843,71517915
2892,2021-12-22,321.887,338.553,319.017,336.29,93634086
2893,2021-12-23,335.6,357.659,332.52,355.667,92713287
2894,2021-12-27,357.89,372.333,356.905,364.647,71145819
2895,2021-12-28,369.83,373.0,359.473,362.823,60323907
2896,2021-12-29,366.213,368.0,354.713,362.063,56154045
2897,2021-12-30,353.777,365.183,351.05,356.78,47040939
2898,2021-12-31,357.815,360.667,351.53,352.26,40733625
2899,2022-01-03,382.583,400.357,378.68,399.927,104686047
2900,2022-01-04,396.517,402.667,374.35,383.197,100248258
2901,2022-01-05,382.217,390.113,360.337,362.707,80119797
2902,2022-01-06,359.0,362.667,340.167,354.9,90336474
2903,2022-01-07,360.123,360.31,336.667,342.32,84164748
2904,2022-01-10,333.333,353.033,326.667,352.707,91814877
2905,2022-01-11,351.223,358.617,346.273,354.8,66063210
2906,2022-01-12,359.617,371.613,357.53,368.74,83739015
2907,2022-01-13,369.688,371.867,342.18,343.853,97209792
2908,2022-01-14,339.96,350.667,337.793,349.87,72924411
2909,2022-01-18,342.202,356.93,338.687,343.503,66989409
2910,2022-01-19,347.235,351.557,331.667,331.883,75442488
2911,2022-01-20,336.577,347.22,331.333,332.09,70488744
2912,2022-01-21,332.113,334.85,313.5,314.633,103416027
2913,2022-01-24,301.587,311.171,283.823,310.0,152375142
2914,2022-01-25,304.733,317.087,301.07,306.133,86595906
2915,2022-01-26,317.477,329.23,302.0,312.47,104867283
2916,2022-01-27,311.12,311.797,276.333,276.367,147109569
2917,2022-01-28,277.187,285.833,264.003,282.117,134788950
2918,2022-01-31,290.903,312.663,287.35,312.24,104436096
2919,2022-02-01,311.737,314.567,301.667,310.417,73138338
2920,2022-02-02,309.393,310.5,296.47,301.887,66793035
2921,2022-02-03,294.0,312.333,293.507,297.047,78855558
2922,2022-02-04,299.073,312.167,293.723,307.773,73625466
2923,2022-02-07,307.93,315.923,300.903,302.447,60994464
2924,2022-02-08,301.843,308.763,298.267,307.333,50729013
2925,2022-02-09,311.667,315.423,306.667,310.667,52259544
2926,2022-02-10,302.79,314.603,298.9,301.517,66126831
2927,2022-02-11,303.21,305.32,283.567,286.667,79645869
2928,2022-02-14,287.19,299.627,284.383,291.92,67756416
2929,2022-02-15,300.0,307.667,297.792,307.477,57649542
2930,2022-02-16,304.683,308.81,300.403,307.797,51294396
2931,2022-02-17,304.42,306.167,291.367,292.117,55178418
2932,2022-02-18,295.333,295.623,279.203,285.66,68501841
2933,2022-02-22,278.043,285.578,267.033,273.843,83288202
2934,2022-02-23,276.81,278.433,253.52,254.68,95257008
2935,2022-02-24,233.463,267.493,233.333,266.923,135322275
2936,2022-02-25,269.743,273.167,260.8,269.957,76067763
2937,2022-02-28,271.67,292.287,271.569,290.143,99006867
2938,2022-03-01,289.893,296.627,284.593,288.123,74766861
2939,2022-03-02,290.71,295.493,281.424,293.297,74643438
2940,2022-03-03,292.923,295.48,277.533,279.763,61623507
2941,2022-03-04,283.033,285.217,275.054,279.43,67179861
2942,2022-03-07,285.433,288.713,268.19,268.193,72494172
2943,2022-03-08,265.177,283.33,260.723,274.8,80399106
2944,2022-03-09,279.827,286.853,277.337,286.323,59183979
2945,2022-03-10,283.817,284.817,270.12,279.433,58648644
2946,2022-03-11,280.066,281.267,264.59,265.117,67037166
2947,2022-03-14,260.203,266.9,252.013,255.457,71152263
2948,2022-03-15,258.423,268.523,252.19,267.297,66841143
2949,2022-03-16,269.667,280.667,267.42,280.077,84028821
2950,2022-03-17,276.997,291.667,275.239,290.533,66582972
2951,2022-03-18,291.497,302.617,289.13,301.797,100414191
2952,2022-03-21,304.993,314.283,302.363,307.053,81981648
2953,2022-03-22,310.0,332.62,307.25,331.327,105868557
2954,2022-03-23,326.647,346.9,325.467,333.037,120676149
2955,2022-03-24,336.577,341.497,329.6,337.973,68920878
2956,2022-03-25,336.0,340.6,332.44,336.88,62031546
2957,2022-03-28,355.033,365.96,351.2,363.947,102506079
2958,2022-03-29,369.33,371.59,357.703,366.523,73614819
2959,2022-03-30,363.723,371.317,361.333,364.663,59865006
2960,2022-03-31,364.857,367.713,358.88,359.2,48992757
2961,2022-04-01,360.383,364.917,355.547,361.53,54263223
2962,2022-04-04,363.127,383.303,357.51,381.817,82177701
2963,2022-04-05,378.767,384.29,362.433,363.753,80075019
2964,2022-04-06,357.823,359.667,342.567,348.587,89348535
2965,2022-04-07,350.797,358.863,340.513,352.42,79447059
2966,2022-04-08,347.737,349.48,340.812,341.83,55013688
2967,2022-04-11,326.8,336.156,324.88,325.31,59357205
2968,2022-04-12,332.547,340.397,325.533,328.983,65976096
2969,2022-04-13,327.025,342.08,324.366,340.79,55121211
2970,2022-04-14,333.097,337.57,327.397,328.333,58422405
2971,2022-04-18,329.677,338.307,324.47,334.763,51715221
2972,2022-04-19,335.02,344.98,331.775,342.717,49847832
2973,2022-04-20,343.333,344.667,325.083,325.733,70711326
2974,2022-04-21,358.243,364.073,332.138,336.26,105416337
2975,2022-04-22,338.303,344.95,331.333,335.017,69696558
2976,2022-04-25,326.323,336.207,325.1,332.673,68341335
2977,2022-04-26,331.81,333.333,291.667,292.14,136133667
2978,2022-04-27,299.527,306.0,292.453,293.837,76956396
2979,2022-04-28,299.993,300.0,273.9,292.503,124948527
2980,2022-04-29,300.75,311.467,290.0,290.253,88132995
2981,2022-05-02,286.923,302.12,282.677,300.98,75781371
2982,2022-05-03,301.06,308.027,296.197,303.083,63709575
2983,2022-05-04,301.313,318.5,295.093,317.54,81643704
2984,2022-05-05,313.07,315.2,285.9,291.093,92519193
2985,2022-05-06,295.667,296.0,281.035,288.55,72903111
2986,2022-05-09,278.817,281.877,260.383,262.37,90810222
2987,2022-05-10,273.103,275.12,258.083,266.68,84401631
2988,2022-05-11,265.0,269.923,242.4,244.667,97224459
2989,2022-05-12,233.667,253.22,226.667,242.667,140312862
2990,2022-05-13,257.827,262.45,250.522,256.53,92150724
2991,2022-05-16,255.72,256.587,239.696,241.457,86098539
2992,2022-05-17,249.12,254.827,242.95,253.87,80236110
2993,2022-05-18,248.173,253.5,233.603,236.603,87811812
2994,2022-05-19,235.667,244.667,231.37,236.473,90296673
2995,2022-05-20,237.997,240.527,211.0,221.3,144973305
2996,2022-05-23,218.34,226.652,212.687,224.967,88903638
2997,2022-05-24,217.843,217.973,206.857,209.387,89092515
2998,2022-05-25,207.95,223.107,207.67,219.6,92139324
2999,2022-05-26,220.473,239.557,217.887,235.91,106003344
3000,2022-05-27,241.083,253.267,240.177,253.21,89294982
3001,2022-05-31,257.947,259.6,244.743,252.753,101914371
3002,2022-06-01,251.72,257.327,243.64,246.79,77247963
3003,2022-06-02,244.157,264.21,242.067,258.333,93473118
3004,2022-06-03,243.225,247.797,233.418,234.517,112393737
3005,2022-06-06,244.353,244.867,234.35,238.28,84204522
3006,2022-06-07,234.0,239.997,230.093,238.887,72808602
3007,2022-06-08,240.087,249.963,239.177,241.867,76210620
3008,2022-06-09,249.34,255.547,239.327,239.707,96491307
3009,2022-06-10,235.157,239.5,227.913,232.23,98090898
3010,2022-06-13,223.167,226.633,214.683,215.737,102767262
3011,2022-06-14,218.287,226.33,211.737,220.89,97988796
3012,2022-06-15,220.917,235.663,218.15,233.0,119131935
3013,2022-06-16,222.737,225.167,208.693,213.1,107390700
3014,2022-06-17,213.433,220.969,213.197,216.76,92641770
3015,2022-06-21,224.603,243.577,224.333,237.037,122792955
3016,2022-06-22,234.503,246.833,233.827,236.087,101527260
3017,2022-06-23,237.905,239.317,228.637,235.07,104202678
3018,2022-06-24,237.468,246.067,236.087,245.707,95770695
3019,2022-06-27,249.367,252.07,242.566,244.92,89178312
3020,2022-06-28,244.483,249.97,232.343,232.663,90666501
3021,2022-06-29,230.5,231.173,222.273,228.49,82897254
3022,2022-06-30,224.51,229.457,218.863,224.473,94600452
3023,2022-07-01,227.0,230.23,222.12,227.263,74460444
3024,2022-07-05,223.0,233.147,216.167,233.067,84779112
3025,2022-07-06,230.78,234.563,227.187,231.733,71853630
3026,2022-07-07,233.92,245.362,232.21,244.543,81930690
3027,2022-07-08,242.333,254.98,241.161,250.763,101854086
3028,2022-07-11,252.103,253.063,233.627,234.343,99509220
3029,2022-07-12,236.847,239.773,228.368,233.07,87930960
3030,2022-07-13,225.5,242.06,225.033,237.04,97954497
3031,2022-07-14,234.897,238.653,229.333,238.313,78557499
3032,2022-07-15,240.0,243.623,236.89,240.067,69683019
3033,2022-07-18,244.937,250.517,239.603,240.547,82537428
3034,2022-07-19,245.0,247.14,236.977,245.53,80890110
3035,2022-07-20,246.783,250.663,243.483,247.5,88864089
3036,2022-07-21,255.107,273.267,254.867,271.707,142032177
3037,2022-07-22,276.22,280.787,270.713,272.243,103472847
3038,2022-07-25,272.217,274.147,267.4,268.433,64073505
3039,2022-07-26,266.513,267.31,256.263,258.86,66820758
3040,2022-07-27,263.81,275.926,261.79,274.82,88109988
3041,2022-07-28,280.067,283.3,272.8,280.9,84722991
3042,2022-07-29,280.7,298.32,279.1,297.15,95312883
3043,2022-08-01,301.275,311.878,295.0,297.277,117042888
3044,2022-08-02,294.003,307.833,292.667,300.587,95577468
3045,2022-08-03,305.0,309.55,301.15,307.397,80091105
3046,2022-08-04,311.0,313.607,305.0,308.633,72256317
3047,2022-08-05,302.67,304.607,285.545,288.17,113172897
3048,2022-08-08,295.0,305.2,289.085,290.423,99365274
3049,2022-08-09,290.293,292.397,279.353,283.333,86244681
3050,2022-08-10,297.067,297.51,283.37,294.357,94918872
3051,2022-08-11,296.513,298.237,285.833,286.63,70155045
3052,2022-08-12,289.415,300.16,285.033,300.03,79657287
3053,2022-08-15,301.787,313.133,301.23,309.32,89359167
3054,2022-08-16,311.667,314.667,302.883,306.563,88136322
3055,2022-08-17,303.397,309.657,300.033,303.997,68765970
3056,2022-08-18,306.0,306.5,301.853,302.87,47500536
3057,2022-08-19,299.0,300.36,292.5,296.667,61395387
3058,2022-08-22,291.913,292.4,286.297,289.913,55843347
3059,2022-08-23,291.453,298.827,287.923,296.453,63985044
3060,2022-08-24,297.563,303.647,296.5,297.097,57259716
3061,2022-08-25,302.36,302.96,291.6,296.07,53230013
3062,2022-08-26,297.43,302.0,287.47,288.09,57163947
3063,2022-08-29,282.83,287.74,280.7,284.82,41864742
3064,2022-08-30,287.865,288.48,272.65,277.7,50541759
3065,2022-08-31,280.62,281.25,271.81,275.61,52107337
3066,2022-09-01,272.575,277.58,266.15,277.16,54287024
3067,2022-09-02,281.065,282.35,269.08,270.21,50890090
3068,2022-09-06,272.675,275.99,265.74,274.42,55859984
3069,2022-09-07,273.1,283.84,272.27,283.7,50028916
3070,2022-09-08,281.3,289.5,279.76,289.26,53713124
3071,2022-09-09,291.67,299.85,291.245,299.68,54470854
3072,2022-09-12,300.72,305.49,300.4,304.42,48674604
3073,2022-09-13,292.9,297.3999,290.4,292.13,68229619
3074,2022-09-14,292.13,306.0,291.64,302.61,72628653
3075,2022-09-15,301.825,309.12,300.7247,303.75,64795523
3076,2022-09-16,299.605,303.71,295.6005,303.35,87087786
3077,2022-09-19,300.09,309.84,297.8,309.07,60231156
3078,2022-09-20,306.91,313.33,305.58,308.73,61642783
3079,2022-09-21,308.29,313.8,300.63,300.8,62555656
3080,2022-09-22,299.86,301.29,285.82,288.59,70545413
3081,2022-09-23,283.09,284.5,272.82,275.33,63748362
3082,2022-09-26,271.83,284.09,270.31,276.01,58076913
3083,2022-09-27,283.84,288.67,277.51,282.94,61925185
3084,2022-09-28,283.08,289.0,277.57,287.81,54664809
3085,2022-09-29,282.76,283.65,265.78,268.21,77620642
3086,2022-09-30,266.145,275.57,262.47,265.25,67726598
3087,2022-10-03,254.5,255.16,241.01,242.4,98363541
3088,2022-10-04,250.53,257.5,242.01,249.44,109578535
3089,2022-10-05,245.01,246.6697,233.27,240.81,86982673
3090,2022-10-06,239.44,244.58,235.35,238.13,69298437
3091,2022-10-07,233.935,234.5715,222.02,223.07,83916800
3092,2022-10-10,223.93,226.99,218.3582,222.96,67925018
3093,2022-10-11,220.945,225.75,215.0,216.5,77013202
3094,2022-10-12,215.33,219.2999,211.51,217.24,66860699
3095,2022-10-13,208.3,222.99,206.22,221.72,91483045
3096,2022-10-14,224.01,226.26,204.16,204.99,94124511
3097,2022-10-17,210.04,221.86,209.45,219.35,79428810
3098,2022-10-18,229.5,229.82,217.25,220.19,75891905
3099,2022-10-19,219.8,222.93,217.78,222.04,66571479
3100,2022-10-20,208.28,215.55,202.0,207.28,117798062
3101,2022-10-21,206.415,214.66,203.8,214.44,75713754
3102,2022-10-24,205.82,213.5,198.5863,211.25,100446765
3103,2022-10-25,210.1,224.3498,210.0,222.415,96507870
3104,2022-10-26,219.4,230.6,218.2,224.64,85327078
3105,2022-10-27,229.77,233.81,222.85,225.09,61638824
3106,2022-10-28,225.4,228.86,216.35,228.52,69152386
3107,2022-10-31,226.19,229.85,221.94,227.54,61554341
3108,2022-11-01,234.05,237.3951,227.28,227.82,62688822
3109,2022-11-02,226.04,227.8699,214.82,214.98,63070293
3110,2022-11-03,211.36,221.2,210.14,215.31,56538848
3111,2022-11-04,222.6,223.8,203.08,207.47,98622212
3112,2022-11-07,208.65,208.9,196.66,197.08,93916520
3113,2022-11-08,194.02,195.2,186.75,191.3,128803404
3114,2022-11-09,190.775,195.89,177.12,177.59,127062659
3115,2022-11-10,189.9,191.0,180.03,190.72,132703015
3116,2022-11-11,186.0,196.52,182.59,195.97,114403575
3117,2022-11-14,192.77,195.73,186.34,190.95,92226649
3118,2022-11-15,195.88,200.8237,192.06,194.42,91293785
3119,2022-11-16,191.51,192.57,185.66,186.92,66567599
3120,2022-11-17,183.96,186.16,180.9,183.17,64335970
3121,2022-11-18,185.05,185.19,176.55,180.19,76048866
3122,2022-11-21,175.85,176.77,167.54,167.87,92882712
3123,2022-11-22,168.63,170.92,166.185,169.91,78452327
3124,2022-11-23,173.57,183.62,172.5,183.2,109536709
3125,2022-11-25,185.06,185.2,180.63,182.86,50672739
3126,2022-11-28,179.96,188.5,179.0,182.92,93038148
3127,2022-11-29,184.99,186.38,178.75,180.83,83357111
3128,2022-11-30,182.43,194.76,180.6301,194.7,109186404
3129,2022-12-01,197.08,198.92,191.8,194.7,80046213
3130,2022-12-02,191.78,196.25,191.11,194.86,73645922
3131,2022-12-05,189.44,191.27,180.55,182.45,93122667
3132,2022-12-06,181.215,183.65,175.33,179.82,92150823
3133,2022-12-07,175.03,179.38,172.218,174.04,84213284
3134,2022-12-08,172.2,175.2,169.06,173.44,97624491
3135,2022-12-09,173.84,182.5,173.36,179.05,104872336
3136,2022-12-12,176.1,177.37,167.52,167.82,109794471
3137,2022-12-13,174.87,175.05,156.91,160.95,175862722
3138,2022-12-14,159.25,161.62,155.31,156.8,140682338
3139,2022-12-15,153.44,160.9299,153.28,157.67,122334459
3140,2022-12-16,159.635,160.99,150.04,150.23,139032175
3141,2022-12-19,154.0,155.25,145.82,149.87,139390634
3142,2022-12-20,146.05,148.47,137.66,137.8,159563267
3143,2022-12-21,139.335,141.26,135.89,137.57,145417412
3144,2022-12-22,136.0,136.63,122.26,125.35,210090250
3145,2022-12-23,126.37,128.6173,121.02,123.15,166989688
3146,2022-12-27,117.495,119.67,108.76,109.1,208643444
3147,2022-12-28,110.35,116.27,108.24,112.71,221070537
3148,2022-12-29,120.385,123.57,117.495,121.82,221923313
3149,2022-12-30,119.95,124.48,119.75,123.18,157777339
3150,2023-01-03,118.47,118.8,104.64,108.1,231402818
3151,2023-01-04,109.11,114.59,107.52,113.64,180388976
3152,2023-01-05,110.51,111.75,107.1601,110.34,157986324
3153,2023-01-06,103.0,114.39,101.81,113.06,220911051
3154,2023-01-09,118.96,123.52,117.11,119.77,190283951
3155,2023-01-10,121.07,122.76,114.92,118.85,167642485
3156,2023-01-11,122.09,125.95,120.51,123.22,183810771
3157,2023-01-12,122.56,124.1311,117.0,123.56,169400913
3158,2023-01-13,116.55,122.63,115.6,122.4,180714119
3159,2023-01-17,125.695,131.7,125.02,131.49,186476985
3160,2023-01-18,136.555,136.68,127.01,128.78,195680318
3161,2023-01-19,127.26,129.99,124.3082,127.17,170291880
3162,2023-01-20,128.68,133.51,127.3466,133.42,138858136
3163,2023-01-23,135.87,145.3793,134.27,143.75,203119211
3164,2023-01-24,143.0,146.5,141.1,143.89,158699056
3165,2023-01-25,141.905,146.41,138.07,144.43,192734347
3166,2023-01-26,159.965,161.42,154.76,160.27,234815090
3167,2023-01-27,162.43,180.68,161.17,177.9,306590613
3168,2023-01-30,178.05,179.77,166.5,166.66,230878807
3169,2023-01-31,164.57,174.3,162.78,173.22,196813541
3170,2023-02-01,173.89,183.805,169.93,181.41,213806323
3171,2023-02-02,187.325,196.7501,182.61,188.27,217448287
3172,2023-02-03,183.95,199.0,183.69,189.98,232662023
3173,2023-02-06,193.01,198.17,189.92,194.76,186188131
3174,2023-02-07,196.43,197.5,189.55,196.81,186010325
3175,2023-02-08,196.1,203.0,194.31,201.29,180673644
3176,2023-02-09,207.775,214.0,204.77,207.32,215431442
3177,2023-02-10,202.225,206.2,192.89,196.89,204754129
3178,2023-02-13,194.415,196.3,187.61,194.64,172475452
3179,2023-02-14,191.94,209.82,189.44,209.25,216455708
3180,2023-02-15,211.755,214.66,206.11,214.24,182108581
3181,2023-02-16,210.78,217.65,201.84,202.04,229586538
3182,2023-02-17,199.985,208.44,197.5,208.31,213738549
3183,2023-02-21,204.99,209.71,197.22,197.37,180018588
3184,2023-02-22,197.93,201.99,191.78,200.86,191828457
3185,2023-02-23,203.91,205.14,196.33,202.07,146359950
3186,2023-02-24,196.325,197.6695,192.8,196.88,142228105
3187,2023-02-27,202.03,209.42,201.26,207.63,161028315
3188,2023-02-28,210.59,211.23,203.75,205.71,153144912
3189,2023-03-01,206.21,207.2,198.52,202.77,156852790
3190,2023-03-02,186.74,193.7499,186.01,190.9,181979154
3191,2023-03-03,194.795,200.48,192.88,197.79,154193277
3192,2023-03-06,198.54,198.6,192.3,193.81,128100106
3193,2023-03-07,191.38,194.2,186.1,187.71,148125790
3194,2023-03-08,185.04,186.5,180.0,182.0,151897763
3195,2023-03-09,180.25,185.18,172.5124,172.92,170023794
3196,2023-03-10,175.13,178.29,168.44,173.44,191488872
3197,2023-03-13,167.455,177.35,163.91,174.48,167790256
3198,2023-03-14,177.31,183.8,177.1401,183.26,143717897
3199,2023-03-15,180.8,182.34,176.03,180.45,145995583
3200,2023-03-16,180.365,185.81,178.84,184.13,121374453
3201,2023-03-17,184.515,186.2199,177.33,180.13,133197140
3202,2023-03-20,178.08,186.44,176.35,183.25,129684359
3203,2023-03-21,188.28,198.0,188.04,197.58,153391444
3204,2023-03-22,199.3,200.66,190.95,191.15,150376373
3205,2023-03-23,195.26,199.31,188.65,192.22,144193876
3206,2023-03-24,191.65,192.36,187.15,190.41,116531584
3207,2023-03-27,194.415,197.39,189.94,191.81,120851587
3208,2023-03-28,192.0,192.35,185.43,189.19,98654635
3209,2023-03-29,193.13,195.29,189.44,193.88,123660026
3210,2023-03-30,195.58,197.33,194.42,195.28,110252238
3211,2023-03-31,197.53,207.79,197.2,207.46,170222118
3212,2023-04-03,199.91,202.6897,192.2,194.77,169545900
3213,2023-04-04,197.32,198.7446,190.32,192.58,126463845
3214,2023-04-05,190.515,190.68,183.76,185.52,133882493
3215,2023-04-06,183.08,186.39,179.74,185.06,123857932
3216,2023-04-10,179.94,185.1,176.11,184.51,142154637
3217,2023-04-11,186.69,189.19,185.6475,186.79,115770892
3218,2023-04-12,190.74,191.5846,180.31,180.54,150256278
3219,2023-04-13,182.955,186.5,180.94,185.9,112932985
3220,2023-04-14,183.95,186.28,182.01,185.0,96438664
3221,2023-04-17,186.32,189.69,182.69,187.04,116662189
3222,2023-04-18,187.15,187.69,183.5775,184.31,92067016
3223,2023-04-19,179.1,183.5,177.65,180.59,125732687
3224,2023-04-20,166.165,169.7,160.56,162.99,210970819
3225,2023-04-21,164.8,166.0,161.3208,165.08,123538954
3226,2023-04-24,164.65,165.65,158.61,162.55,140006559
3227,2023-04-25,159.82,163.47,158.75,160.67,121999312
3228,2023-04-26,160.29,160.67,153.14,153.75,153364142
3229,2023-04-27,152.64,160.48,152.37,160.19,127015177
3230,2023-04-28,160.9,165.0,157.32,164.31,122515812
3231,2023-05-01,163.17,163.28,158.83,161.83,109015048
3232,2023-05-02,161.88,165.49,158.93,160.31,128259744
3233,2023-05-03,160.01,165.0,159.91,160.61,119727972
3234,2023-05-04,162.71,162.95,159.65,161.2,95108492
3235,2023-05-05,163.97,170.7899,163.51,170.06,107607259
3236,2023-05-08,173.72,173.8,169.19,171.79,112249449
3237,2023-05-09,168.95,169.82,166.56,169.15,88965043
3238,2023-05-10,172.55,174.43,166.68,168.54,119840693
3239,2023-05-11,168.7,173.57,166.79,172.08,103889930
3240,2023-05-12,176.07,177.38,167.23,167.98,157849625
3241,2023-05-15,167.655,169.76,164.5499,166.35,105592510
3242,2023-05-16,165.65,169.5184,164.35,166.52,98288792
3243,2023-05-17,168.41,174.5,167.185,173.86,125473558
3244,2023-05-18,174.22,177.06,172.45,176.89,109520332
3245,2023-05-19,177.17,181.95,176.31,180.14,136196668
3246,2023-05-22,180.7,189.32,180.11,188.87,132001430
3247,2023-05-23,186.2,192.96,185.26,185.77,156952130
3248,2023-05-24,182.23,184.22,178.22,182.9,137605054
3249,2023-05-25,186.54,186.78,180.58,184.47,96870719
3250,2023-05-26,184.62,198.6,184.53,193.17,162061496
3251,2023-05-30,200.1,204.48,197.53,201.16,128818746
3252,2023-05-31,199.78,203.95,195.12,203.93,150711736
3253,2023-06-01,202.59,209.8,199.37,207.52,148029931
3254,2023-06-02,210.15,217.25,209.752,213.97,164398372
3255,2023-06-05,217.8,221.29,214.52,217.61,151143052
3256,2023-06-06,216.14,221.91,212.53,221.31,146911576
3257,2023-06-07,228.0,230.8296,223.2,224.57,185710777
3258,2023-06-08,224.22,235.23,223.01,234.86,164489739
3259,2023-06-09,249.07,252.42,242.02,244.4,200242371
3260,2023-06-12,247.94,250.97,244.59,249.83,150740523
3261,2023-06-13,253.51,259.68,251.34,258.71,162384343
3262,2023-06-14,260.17,261.57,250.5,256.79,170575536
3263,2023-06-15,248.4,258.95,247.29,255.9,160171238
3264,2023-06-16,258.92,263.6,257.2091,260.54,167915649
3265,2023-06-20,261.5,274.75,261.12,274.45,165611217
3266,2023-06-21,275.13,276.99,257.78,259.46,211797109
3267,2023-06-22,250.77,265.0,248.25,264.61,166875944
3268,2023-06-23,259.29,262.45,252.8,256.6,177460803
3269,2023-06-26,254.2799,258.37,240.7,241.05,179990552
3270,2023-06-27,243.24,250.3899,240.85,250.21,164968214
3271,2023-06-28,249.7,259.88,248.89,256.24,159770797
3272,2023-06-29,258.03,260.74,253.61,257.5,131283360
3273,2023-06-30,260.6,264.45,259.89,261.77,112620784
3274,2023-07-03,276.49,284.25,275.11,279.82,119685891
3275,2023-07-05,278.82,283.85,277.6,282.48,131530862
3276,2023-07-06,278.09,279.97,272.88,276.54,120707419
3277,2023-07-07,278.43,280.78,273.77,274.43,113879174
3278,2023-07-10,276.47,277.52,265.1,269.61,119425405
3279,2023-07-11,268.65,270.9,266.37,269.79,91972358
3280,2023-07-12,276.325,276.52,271.46,271.99,95672139
3281,2023-07-13,274.59,279.45,270.6,277.9,112681458
3282,2023-07-14,277.01,285.3,276.31,281.38,120062369
3283,2023-07-17,286.625,292.23,283.57,290.38,131569593
3284,2023-07-18,290.15,295.26,286.01,293.34,112434713
3285,2023-07-19,296.04,299.29,289.5201,291.26,142355353
3286,2023-07-20,279.56,280.93,261.2,262.9,175158273
3287,2023-07-21,268.0,268.0,255.8,260.02,161796073
3288,2023-07-24,255.85,269.85,254.12,269.06,137005037
3289,2023-07-25,272.38,272.9,265.0,265.28,112757327
3290,2023-07-26,263.25,268.04,261.75,264.35,95856177
3291,2023-07-27,268.31,269.13,255.3,255.71,103697263
3292,2023-07-28,259.86,267.25,258.2312,266.44,111446026
3293,2023-07-31,267.48,269.08,263.78,267.43,84582172
3294,2023-08-01,266.26,266.47,260.25,261.07,83645720
3295,2023-08-02,255.57,259.52,250.49,254.11,101752865
3296,2023-08-03,252.04,260.49,252.0,259.32,97829545
3297,2023-08-04,260.97,264.77,253.11,253.86,99539907
3298,2023-08-07,251.45,253.6511,242.76,251.45,111097943
3299,2023-08-08,247.45,250.92,245.01,249.7,96642183
3300,2023-08-09,250.87,251.1,241.9,242.19,101596324
3301,2023-08-10,245.4,251.8,243.0,245.34,109498608
3302,2023-08-11,241.77,243.79,238.02,242.65,99038642
3303,2023-08-14,235.7,240.66,233.75,239.76,98595331
3304,2023-08-15,238.73,240.5,232.61,232.96,88197599
3305,2023-08-16,228.02,233.97,225.38,225.6,112484520
3306,2023-08-17,226.06,226.74,218.83,219.22,120718417
3307,2023-08-18,214.12,217.58,212.36,215.49,136276584
3308,2023-08-21,221.5512,232.1343,220.58,231.28,135702671
3309,2023-08-22,240.25,240.82,229.55,233.19,130597886
3310,2023-08-23,229.34,238.98,229.29,236.86,101077635
3311,2023-08-24,238.66,238.92,228.1801,230.04,99777432
3312,2023-08-25,231.31,239.0,230.35,238.59,106612231
3313,2023-08-28,242.58,244.38,235.35,238.82,107673727
3314,2023-08-29,238.58,257.48,237.77,257.18,134047603
3315,2023-08-30,254.2,260.51,250.59,256.9,121988437
3316,2023-08-31,255.98,261.18,255.05,258.08,108861698
3317,2023-09-01,257.26,259.0794,242.01,245.01,132541640
3318,2023-09-05,245.0,258.0,244.86,256.49,129469565
3319,2023-09-06,255.135,255.39,245.06,251.92,116959759
3320,2023-09-07,245.07,252.81,243.265,251.49,115312886
3321,2023-09-08,251.22,256.52,246.67,248.5,118559635
3322,2023-09-11,264.27,274.85,260.61,273.58,174667852
3323,2023-09-12,270.76,278.39,266.6,267.48,135999866
3324,2023-09-13,270.07,274.98,268.1,271.3,111673737
3325,2023-09-14,271.32,276.7094,270.42,276.04,107709842
3326,2023-09-15,277.55,278.98,271.0,274.39,133692313
3327,2023-09-18,271.16,271.44,263.7601,265.28,101543305
3328,2023-09-19,264.35,267.85,261.2,266.5,103704040
3329,2023-09-20,267.04,273.93,262.4606,262.59,122514643
3330,2023-09-21,257.85,260.86,254.21,255.7,119951516
3331,2023-09-22,257.4,257.7888,244.48,244.88,127524083
3332,2023-09-25,243.38,247.1,238.31,246.99,104636557
3333,2023-09-26,242.98,249.55,241.6601,244.12,101993631
3334,2023-09-27,244.262,245.33,234.58,240.5,136597184
3335,2023-09-28,240.02,247.55,238.65,246.38,117058870
3336,2023-09-29,250.0,254.77,246.35,250.22,128522729
3337,2023-10-02,244.81,254.2799,242.62,251.6,123810402
3338,2023-10-03,248.61,250.02,244.45,246.53,101985305
3339,2023-10-04,248.14,261.86,247.6,261.16,129721567
3340,2023-10-05,260.0,263.6,256.25,260.05,119159214
3341,2023-10-06,253.98,261.65,250.65,260.53,118121812
3342,2023-10-09,255.31,261.36,252.05,259.67,101377947
3343,2023-10-10,257.75,268.94,257.65,263.62,122656030
3344,2023-10-11,266.2,268.6,260.9,262.99,103706266
3345,2023-10-12,262.92,265.41,256.6307,258.87,111508114
3346,2023-10-13,258.9,259.6,250.22,251.12,102296786
3347,2023-10-16,250.05,255.3999,248.48,253.92,88917176
3348,2023-10-17,250.1,257.183,247.08,254.85,93562909
3349,2023-10-18,252.7,254.63,242.08,242.68,125147846
3350,2023-10-19,225.95,230.61,216.78,220.11,170772713
3351,2023-10-20,217.01,218.8606,210.42,211.99,138010095
3352,2023-10-23,210.0,216.98,202.51,212.08,150683368
3353,2023-10-24,216.5,222.05,214.11,216.52,118231113
3354,2023-10-25,215.88,220.1,212.2,212.42,107065087
3355,2023-10-26,211.32,214.8,204.88,205.76,115112635
3356,2023-10-27,210.6,212.41,205.77,207.3,94881173
3357,2023-10-30,209.28,210.88,194.67,197.36,136448167
3358,2023-10-31,196.12,202.8,194.07,200.84,118068273
3359,2023-11-01,204.04,205.99,197.85,205.66,121661656
3360,2023-11-02,212.97,219.2,211.45,218.51,125987621
3361,2023-11-03,221.15,226.3701,218.4,219.96,119534790
3362,2023-11-06,223.98,226.32,215.0,219.27,117335820
3363,2023-11-07,219.98,223.12,215.72,222.18,116900130
3364,2023-11-08,223.15,224.15,217.64,222.11,106584841
3365,2023-11-09,219.75,220.8,206.68,209.98,142110454
3366,2023-11-10,210.03,215.38,205.69,214.65,131310128
3367,2023-11-13,215.6,225.4,211.6101,223.71,140447569
3368,2023-11-14,235.03,238.135,230.72,237.41,149771642
3369,2023-11-15,239.29,246.7,236.45,242.84,150353975
3370,2023-11-16,239.49,240.88,230.96,233.59,136816819
3371,2023-11-17,232.0,237.39,226.54,234.3,142766234
3372,2023-11-20,234.04,237.1,231.02,235.6,116562402
3373,2023-11-21,235.04,243.62,233.34,241.2,122288000
3374,2023-11-22,242.04,244.01,231.4,234.21,118117078
3375,2023-11-24,233.75,238.75,232.33,235.45,65125203
3376,2023-11-27,236.89,238.33,232.1,236.08,112031763
3377,2023-11-28,236.68,247.0,234.01,246.72,148549913
3378,2023-11-29,249.21,252.75,242.76,244.14,135401335
3379,2023-11-30,245.14,245.22,236.91,240.08,132353196
3380,2023-12-01,233.14,240.19,231.9,238.83,121331709
3381,2023-12-04,235.75,239.3733,233.2902,235.58,104099817
3382,2023-12-05,233.87,246.66,233.7,238.72,137971115
3383,2023-12-06,242.92,246.57,239.1709,239.37,126436179
3384,2023-12-07,241.55,244.08,236.98,242.64,107142262
3385,2023-12-08,240.27,245.27,239.2701,243.84,103126829
3386,2023-12-11,242.74,243.441,237.45,239.74,97913888
3387,2023-12-12,238.55,238.99,233.87,237.01,95328313
3388,2023-12-13,234.19,240.3,228.2,239.29,146286348
3389,2023-12-14,241.22,253.88,240.79,251.05,160829239
3390,2023-12-15,251.21,254.13,248.3,253.5,135932762
3391,2023-12-18,253.78,258.74,251.36,252.08,116416490
3392,2023-12-19,253.48,258.3399,253.01,257.22,106737369
3393,2023-12-20,256.41,259.84,247.0,247.14,125096987
3394,2023-12-21,251.9,254.7999,248.55,254.5,109594227
3395,2023-12-22,256.76,258.22,251.37,252.54,93370094
3396,2023-12-26,254.49,257.97,252.91,256.61,86892382
3397,2023-12-27,258.35,263.34,257.52,261.44,106494359
3398,2023-12-28,263.66,265.13,252.71,253.18,113619943
3399,2023-12-29,255.1,255.19,247.43,248.48,100891578
3400,2024-01-02,250.08,251.25,244.41,248.42,104654163
3401,2024-01-03,244.98,245.68,236.32,238.45,121082599
3402,2024-01-04,239.25,242.7,237.73,237.93,102629283
3403,2024-01-05,236.86,240.1196,234.9001,237.49,92488939
3404,2024-01-08,236.14,241.25,235.3,240.45,85166580
3405,2024-01-09,238.11,238.9646,232.04,234.96,96705664
3406,2024-01-10,235.1,235.5,231.29,233.94,91628502
3407,2024-01-11,230.57,230.93,225.37,227.22,105873612
3408,2024-01-12,220.08,225.34,217.1501,218.89,123043812
3409,2024-01-16,215.1,223.49,212.18,219.91,115355046
3410,2024-01-17,214.86,215.67,212.01,215.55,103164400
3411,2024-01-18,216.88,217.45,208.74,211.88,108595431
3412,2024-01-19,209.99,213.19,207.56,212.19,102260343
3413,2024-01-22,212.26,217.8,206.27,208.8,117952527
3414,2024-01-23,211.3,215.65,207.7516,209.14,106605946
3415,2024-01-24,211.88,212.73,206.77,207.83,123369932
3416,2024-01-25,189.7,193.0,180.06,182.63,198076787
3417,2024-01-26,185.5,186.78,182.1,183.25,107343231
3418,2024-01-29,185.63,191.48,183.67,190.93,125013148
3419,2024-01-30,195.33,196.3593,190.61,191.59,109982327
3420,2024-01-31,186.995,193.97,185.8459,187.29,103221430
3421,2024-02-01,188.5,189.88,184.28,188.86,91843275
3422,2024-02-02,185.04,188.69,182.0,187.91,110612672
3423,2024-02-05,184.26,184.68,175.01,181.06,134294447
3424,2024-02-06,177.21,186.49,177.11,185.1,122675954
3425,2024-02-07,188.18,189.79,182.68,187.58,111535217
3426,2024-02-08,189.0,191.6171,185.58,189.56,83034043
3427,2024-02-09,190.18,194.12,189.48,193.57,84476347
3428,2024-02-12,192.11,194.73,187.28,188.13,95498597
3429,2024-02-13,183.99,187.26,182.1087,184.02,86759478
3430,2024-02-14,185.3,188.89,183.35,188.71,81202987
3431,2024-02-15,189.16,200.88,188.8595,200.45,120831762
3432,2024-02-16,202.06,203.17,197.4,199.95,111346705
3433,2024-02-20,196.13,198.6,189.13,193.76,104545762
3434,2024-02-21,193.36,199.44,191.95,194.77,103844008
3435,2024-02-22,194.0,198.32,191.36,197.41,92739461
3436,2024-02-23,195.31,197.57,191.5,191.97,78841917
3437,2024-02-26,192.29,201.78,192.0,199.4,111747116
3438,2024-02-27,204.04,205.6,198.26,199.73,108645412
3439,2024-02-28,200.42,205.3,198.44,202.04,99806173
3440,2024-02-29,204.18,205.28,198.4463,201.88,85906974
3441,2024-03-01,200.52,204.52,198.5,202.64,82243119
3442,2024-03-04,198.73,199.75,186.72,188.14,134334869
3443,2024-03-05,183.05,184.59,177.57,180.74,119660758
3444,2024-03-06,179.99,181.576,173.7,176.54,107920944
3445,2024-03-07,174.35,180.04,173.7,178.65,102129004
3446,2024-03-08,181.5,182.73,174.7,175.34,85544644
3447,2024-03-11,175.445,182.87,174.8,177.77,85391528
3448,2024-03-12,177.77,179.43,172.4101,177.54,87391684
3449,2024-03-13,173.05,176.05,169.15,169.48,106524518
3450,2024-03-14,167.77,171.17,160.51,162.5,126325696
3451,2024-03-15,163.16,165.1845,160.76,163.57,97146832
3452,2024-03-18,170.02,174.72,165.9,173.8,108214358
3453,2024-03-19,172.36,172.82,167.42,171.32,77271428
3454,2024-03-20,173.0,176.25,170.82,175.66,83846726
3455,2024-03-21,176.39,178.18,171.8,172.82,73178014
3456,2024-03-22,166.69,171.2,166.3,170.83,75580637
3457,2024-03-25,168.76,175.24,168.73,172.63,74228615
3458,2024-03-26,178.58,184.25,177.38,177.67,113186227
3459,2024-03-27,181.41,181.91,176.0,179.83,81804043
3460,2024-03-28,177.45,179.57,175.3,175.79,77654838
3461,2024-04-01,176.17,176.75,170.21,175.22,81562127
3462,2024-04-02,164.75,167.69,163.43,166.63,116650594
3463,2024-04-03,164.02,168.82,163.28,168.38,82950141
3464,2024-04-04,170.07,177.19,168.01,171.11,123161960
3465,2024-04-05,169.08,170.86,160.51,164.9,143157603
3466,2024-04-08,169.34,174.5,167.79,172.98,104423320
3467,2024-04-09,172.91,179.22,171.92,176.88,103232675
3468,2024-04-10,173.04,174.93,170.01,171.76,84532407
3469,2024-04-11,172.55,175.88,168.51,174.6,94515987
3470,2024-04-12,172.34,173.8099,170.3644,171.05,64722669
3471,2024-04-15,170.24,170.69,161.38,161.48,100245310
3472,2024-04-16,156.742,158.19,153.75,157.11,96999956
3473,2024-04-17,157.64,158.33,153.78,155.45,82439718
3474,2024-04-18,151.25,152.2,148.7,149.93,96098830
3475,2024-04-19,148.97,150.94,146.22,147.0101,86868117
3476,2024-04-22,140.56,144.44,138.8025,142.05,107097564
3477,2024-04-23,143.33,147.26,141.11,144.68,124545104
3478,2024-04-24,162.84,167.97,157.51,162.13,181178020
3479,2024-04-25,158.96,170.88,158.36,170.18,126427521
3480,2024-04-26,168.85,172.12,166.37,168.29,109815725
3481,2024-04-29,188.42,198.87,184.54,194.05,243869678
3482,2024-04-30,186.98,190.95,182.8401,183.28,127031787
3483,2024-05-01,182.0,185.86,179.01,179.99,92829719
3484,2024-05-02,182.86,184.6,176.02,180.01,89148041
3485,2024-05-03,182.1,184.78,178.42,181.19,75491539
3486,2024-05-06,183.8,187.56,182.2,184.76,84390253
3487,2024-05-07,182.4,183.26,177.4,177.81,75045854
3488,2024-05-08,171.59,176.06,170.15,174.72,79969488
3489,2024-05-09,175.01,175.62,171.37,171.97,65950292
3490,2024-05-10,173.05,173.0599,167.75,168.47,72627178
3491,2024-05-13,170.0,175.4,169.0,171.89,67018903
3492,2024-05-14,174.4959,179.49,174.07,177.55,86407422
3493,2024-05-15,179.9,180.0,173.11,173.99,79662993
3494,2024-05-16,174.1,175.79,171.43,174.84,59812220
3495,2024-05-17,173.55,179.63,172.75,177.46,77445845
3496,2024-05-20,177.56,177.754,173.52,174.95,61727425
3497,2024-05-21,175.51,186.875,174.71,186.6,115266512
3498,2024-05-22,182.85,183.8,178.12,180.11,88313477
3499,2024-05-23,181.8,181.9,173.26,173.74,71975496
3500,2024-05-24,174.835,180.08,173.73,179.24,65584478
3501,2024-05-28,176.4,178.25,173.16,176.75,59736620
3502,2024-05-29,174.19,178.15,173.93,176.19,54782649
3503,2024-05-30,178.575,182.67,175.38,178.79,77784755
3504,2024-05-31,178.5,180.32,173.82,178.08,67314602
3505,2024-06-03,178.13,182.6389,174.49,176.29,68568920
3506,2024-06-04,174.775,177.755,174.0,174.77,60056340
3507,2024-06-05,175.35,176.15,172.13,175.0,57953756
3508,2024-06-06,174.6,179.73,172.73,177.94,69887024
3509,2024-06-07,176.13,179.35,175.58,177.48,56244932
3510,2024-06-10,176.06,178.57,173.17,173.79,50869682
3511,2024-06-11,173.92,174.75,167.41,170.66,64761928
3512,2024-06-12,171.12,180.55,169.8,177.29,90389446
3513,2024-06-13,188.39,191.08,181.23,182.47,118984122
3514,2024-06-14,185.8,186.0,176.92,178.01,82038194
3515,2024-06-17,177.92,188.81,177.0,187.44,109786083
3516,2024-06-18,186.56,187.2,182.37,184.86,68982265
3517,2024-06-20,184.68,185.21,179.66,181.57,55893139
3518,2024-06-21,182.3,183.95,180.69,183.01,63029482
3519,2024-06-24,184.97,188.8,182.55,182.58,61992070
3520,2024-06-25,184.4,187.97,182.01,187.35,63678265
3521,2024-06-26,186.54,197.755,186.36,196.37,95737066
3522,2024-06-27,195.17,198.72,194.05,197.42,72746521
3523,2024-06-28,199.55,203.2,195.26,197.88,95438068
3524,2024-07-01,201.02,213.23,200.85,209.86,135691395
3525,2024-07-02,218.89,231.3,218.06,231.26,205047920
3526,2024-07-03,234.56,248.35,234.25,246.39,166561471
3527,2024-07-05,249.81,252.37,242.4601,251.52,154501152
3528,2024-07-08,247.71,259.439,244.57,252.94,157219580
3529,2024-07-09,251.0,265.61,250.3,262.33,160742516
3530,2024-07-10,262.8,267.59,257.86,263.26,128519430
3531,2024-07-11,263.3,271.0,239.65,241.03,221707273
3532,2024-07-12,235.8,251.84,233.0912,248.23,155955773
3533,2024-07-15,255.97,265.6,251.73,252.64,146912920
3534,2024-07-16,255.31,258.62,245.8001,256.56,126332470
3535,2024-07-17,252.73,258.47,246.182,248.5,115584810
3536,2024-07-18,251.09,257.14,247.2,249.23,110869037
3537,2024-07-19,247.79,249.44,236.83,239.2,87403903
3538,2024-07-22,244.21,253.21,243.75,251.51,101225430
3539,2024-07-23,253.6,255.7594,245.63,246.38,111928192
3540,2024-07-24,225.42,225.99,214.71,215.99,167942939
3541,2024-07-25,216.8,226.0,216.231,220.25,100636466
3542,2024-07-26,221.19,222.2799,215.33,219.8,94604145
3543,2024-07-29,224.9,234.27,224.7,232.1,129201789
3544,2024-07-30,232.25,232.41,220.0,222.62,100560334
3545,2024-07-31,227.9,234.68,226.7875,232.07,67497011
3546,2024-08-01,227.69,231.867,214.3328,216.86,83861898
3547,2024-08-02,214.88,216.13,205.78,207.67,82880120
3548,2024-08-05,185.22,203.8799,182.0,198.88,100308836
3549,2024-08-06,200.75,202.9,192.67,200.64,73783942
3550,2024-08-07,200.77,203.49,191.48,191.76,71159778
3551,2024-08-08,195.7,200.7,192.04,198.84,65033874
3552,2024-08-09,197.05,200.88,195.11,200.0,58648274
3553,2024-08-12,199.02,199.26,194.67,197.49,64044903
3554,2024-08-13,198.47,208.49,197.06,207.83,76247387
3555,2024-08-14,207.39,208.44,198.75,201.38,70250014
3556,2024-08-15,205.02,215.88,204.82,214.14,89848530
3557,2024-08-16,211.15,219.8,210.8,216.12,88765122
3558,2024-08-19,217.07,222.98,214.09,222.72,76435222
3559,2024-08-20,224.88,228.22,219.56,221.1,74001182
3560,2024-08-21,222.67,224.6594,218.86,223.27,70145964
3561,2024-08-22,223.82,224.8,210.32,210.66,79514482
3562,2024-08-23,214.455,221.48,214.21,220.32,81525207
3563,2024-08-26,218.75,219.09,211.01,213.21,59301187
3564,2024-08-27,213.25,215.66,206.94,209.21,62821390
3565,2024-08-28,209.72,211.84,202.59,205.75,64116350
3566,2024-08-29,209.8,214.89,205.97,206.28,62308818
3567,2024-08-30,208.63,214.5701,207.03,214.11,63370608
3568,2024-09-03,215.26,219.9043,209.64,210.6,76714222
3569,2024-09-04,210.59,222.22,210.57,219.41,80651767
3570,2024-09-05,223.49,235.0,222.25,230.17,119355013
3571,2024-09-06,232.6,233.6,210.51,210.73,112177004
3572,2024-09-09,216.2,219.87,213.67,216.27,67443518
3573,2024-09-10,220.07,226.4,218.6377,226.17,78891136
3574,2024-09-11,224.55,228.47,216.8003,228.13,83548633
3575,2024-09-12,224.66,231.45,223.83,229.81,72020042
3576,2024-09-13,228.0,232.67,226.32,230.29,59515114
3577,2024-09-16,229.3,229.96,223.53,226.78,54322995
3578,2024-09-17,229.45,234.57,226.5533,227.87,66761636
3579,2024-09-18,230.09,235.68,226.88,227.2,78010204
3580,2024-09-19,234.0,244.24,232.13,243.92,102694576
3581,2024-09-20,241.52,243.99,235.92,238.25,99879070
3582,2024-09-23,242.61,250.0,241.92,250.0,86927194
3583,2024-09-24,254.08,257.19,249.0501,254.27,88490999
3584,2024-09-25,252.54,257.05,252.28,257.02,65034318
3585,2024-09-26,260.6,261.75,251.53,254.22,67142193
3586,2024-09-27,257.375,260.6999,254.12,260.46,70988067
3587,2024-09-30,259.04,264.86,255.77,261.63,80873381
3588,2024-10-01,262.67,263.98,248.53,258.02,87397613
3589,2024-10-02,247.55,251.1585,241.5,249.02,93983930
3590,2024-10-03,244.48,249.79,237.81,240.66,80729240
3591,2024-10-04,246.69,250.96,244.58,250.08,86726285
3592,2024-10-07,249.0,249.83,240.7,240.83,68113270
3593,2024-10-08,243.56,246.21,240.56,244.5,56303160
3594,2024-10-09,243.82,247.43,239.51,241.05,66289529
3595,2024-10-10,241.81,242.7899,232.34,238.77,83087063
3596,2024-10-11,220.13,223.34,214.38,217.8,142628874
3597,2024-10-14,220.13,221.91,213.74,219.16,86291923
3598,2024-10-15,220.01,224.26,217.12,219.57,62988787
3599,2024-10-16,221.4,222.8199,218.93,221.33,49632824
3600,2024-10-17,221.59,222.08,217.9,220.89,50791784
3601,2024-10-18,220.71,222.28,219.23,220.7,49611867
3602,2024-10-21,218.9,220.48,215.726,218.85,47328988
3603,2024-10-22,217.31,218.22,215.26,217.97,43268741
3604,2024-10-23,217.125,218.72,212.11,213.65,80938892
3605,2024-10-24,244.68,262.1199,242.65,260.48,204491903
3606,2024-10-25,256.01,269.49,255.32,269.19,161611931
3607,2024-10-28,270.0,273.536,262.24,262.51,107653603
3608,2024-10-29,264.51,264.98,255.51,259.52,80521751
3609,2024-10-30,258.035,263.35,255.8201,257.55,53993576
3610,2024-10-31,257.99,259.75,249.25,249.85,66575292
3611,2024-11-01,252.043,254.0,246.63,248.98,57544757
3612,2024-11-04,244.56,248.9,238.88,242.84,68802354
3613,2024-11-05,247.34,255.2799,246.2101,251.44,69282505
3614,2024-11-06,284.67,289.59,275.62,288.53,165228710
3615,2024-11-07,288.89,299.75,285.52,296.91,117309232
3616,2024-11-08,299.14,328.71,297.66,321.22,204782763
3617,2024-11-11,346.3,358.64,336.0,350.0,210521625
3618,2024-11-12,342.74,345.84,323.31,328.49,155726016
3619,2024-11-13,335.85,344.5999,322.5,330.24,125405599
3620,2024-11-14,327.69,329.98,310.37,311.18,120726109
3621,2024-11-15,310.57,324.6799,309.22,320.72,114440286
3622,2024-11-18,340.73,348.5499,330.01,338.74,126547455
3623,2024-11-19,335.76,347.3799,332.75,346.0,88852452
3624,2024-11-20,345.0,346.5999,334.3,342.03,66340650
3625,2024-11-21,343.81,347.9899,335.28,339.64,58011719
3626,2024-11-22,341.085,361.53,337.7,352.56,89140722
3627,2024-11-25,360.14,361.93,338.2,338.59,95890899
3628,2024-11-26,341.0,346.96,335.66,338.23,62295857
3629,2024-11-27,341.8,342.55,326.59,332.89,57896439
3630,2024-11-29,336.08,345.45,334.6501,345.16,37167621
3631,2024-12-02,352.38,360.0,351.1501,357.09,77986478
3632,2024-12-03,351.8,355.69,348.2,351.42,58267196
3633,2024-12-04,353.0,358.1,348.6,357.93,50810874
3634,2024-12-05,359.87,375.43,359.5,369.49,81403569
3635,2024-12-06,377.42,389.49,370.8,389.22,81455834
3636,2024-12-09,397.61,404.8,378.01,389.79,96359173
3637,2024-12-10,392.68,409.73,390.85,400.99,97563578
3638,2024-12-11,409.7,424.88,402.38,424.77,104287559
3639,2024-12-12,424.84,429.3,415.0,418.1,87752225
3640,2024-12-13,420.0,436.3,415.71,436.23,89000158
3641,2024-12-16,441.09,463.19,436.15,463.02,114083811
3642,2024-12-17,475.9,483.99,457.5101,479.86,131222978
3643,2024-12-18,466.495,488.5399,427.01,440.13,149340788
3644,2024-12-19,451.88,456.36,420.02,436.17,118566146
3645,2024-12-20,425.505,447.08,417.64,421.06,132216176
3646,2024-12-23,431.0,434.51,415.4112,430.6,72698055
3647,2024-12-24,435.9,462.78,435.14,462.28,59551750
3648,2024-12-26,465.16,465.3299,451.02,454.13,76651210
3649,2024-12-27,449.52,450.0,426.5,431.66,82666821
3650,2024-12-30,419.4,427.0,415.75,417.41,64941012
3651,2024-12-31,423.79,427.93,402.54,403.84,76825121
3652,2025-01-02,390.1,392.7299,373.04,379.28,109710749
3653,2025-01-03,381.48,411.8799,379.45,410.44,95423329
3654,2025-01-06,423.2,426.43,401.7,411.05,85516534
3655,2025-01-07,405.83,414.33,390.0,394.36,75699525
3656,2025-01-08,392.95,402.4999,387.4,394.94,73038805
3657,2025-01-10,391.4,399.28,377.29,394.74,62287333
3658,2025-01-13,383.21,403.79,380.07,403.31,67580494
3659,2025-01-14,414.34,422.64,394.54,396.36,84565022
3660,2025-01-15,409.9,429.8,405.661,428.22,81375460
3661,2025-01-16,423.49,424.0,409.13,413.82,68335151
3662,2025-01-17,421.5,439.74,419.75,426.5,94991429
3663,2025-01-21,432.64,433.2,406.31,424.07,87320894
3664,2025-01-22,416.81,428.0,414.59,415.11,60963342
3665,2025-01-23,416.06,420.73,408.95,412.38,50690592
3666,2025-01-24,414.45,418.88,405.78,406.58,56427149
3667,2025-01-27,394.8,406.69,389.0,397.15,58125510
3668,2025-01-28,396.91,400.59,386.5,398.09,48910676
3669,2025-01-29,395.21,398.5899,384.48,389.1,68033648
3670,2025-01-30,410.78,412.5,384.41,400.28,98092879
3671,2025-01-31,401.53,419.99,401.34,404.6,83568219
3672,2025-02-03,386.68,389.17,374.36,383.68,93732122
3673,2025-02-04,382.63,394.0,381.4,392.21,57072235
3674,2025-02-05,387.51,388.39,375.53,378.17,57614721
3675,2025-02-06,373.03,375.4,363.18,374.32,77918230
3676,2025-02-07,370.19,380.5459,360.34,361.62,70298258
3677,2025-02-10,356.21,362.7,350.51,350.73,77514903
3678,2025-02-11,345.8,349.37,325.1,328.5,118543400
3679,2025-02-12,329.94,346.4,329.12,336.51,105382729
3680,2025-02-13,345.0,358.69,342.85,355.94,89441519
3681,2025-02-14,360.62,362.0,347.5,355.84,68277279
3682,2025-02-18,355.01,359.1,350.02,354.11,51631702
3683,2025-02-19,354.0,367.34,353.67,360.56,67094374
3684,2025-02-20,361.51,362.3,348.0,354.4,45965354
3685,2025-02-21,353.44,354.98,334.42,337.8,74058648
3686,2025-02-24,338.14,342.3973,324.7,330.4,76052321
3687,2025-02-25,327.025,328.89,297.2512,302.8,134228777
3688,2025-02-26,303.715,309.0,288.04,290.8,100118276
3689,2025-02-27,291.16,297.23,280.88,281.95,101748197
3690,2025-02-28,279.5,293.88,273.6,292.98,115696968
3691,2025-03-03,300.34,303.94,277.3,284.65,115551414
3692,2025-03-04,270.93,284.35,261.8401,272.04,126706623
3693,2025-03-05,272.92,279.55,267.71,279.1,94042913
3694,2025-03-06,272.06,272.65,260.02,263.45,98451566
3695,2025-03-07,259.32,266.2499,250.73,262.67,102369640
3696,2025-03-10,252.535,253.37,220.0,222.15,189076948
3697,2025-03-11,225.305,237.0649,217.02,230.58,174896415
3698,2025-03-12,247.22,251.84,241.1,248.09,142215681
3699,2025-03-13,248.125,248.29,232.6,240.68,114813525
3700,2025-03-14,247.31,251.58,240.73,249.98,100242264
3701,2025-03-17,245.055,245.4,232.8,238.01,111900565
3702,2025-03-18,228.155,230.1,222.28,225.31,111477636
3703,2025-03-19,231.61,241.41,229.201,235.86,111993753
3704,2025-03-20,233.345,238.0,230.0501,236.26,99028270
3705,2025-03-21,234.985,249.52,234.55,248.71,132728684
3706,2025-03-24,258.075,278.64,256.33,278.39,169079865
3707,2025-03-25,283.6,288.2,271.28,288.14,150361538
3708,2025-03-26,282.66,284.9,266.51,272.06,156254441
3709,2025-03-27,272.48,291.85,271.8216,273.13,162572146
3710,2025-03-28,275.575,276.1,260.57,263.55,123809389
3711,2025-03-31,249.31,260.56,243.3601,259.16,134008936
3712,2025-04-01,263.8,277.45,259.25,268.46,146486911
3713,2025-04-02,254.6,284.99,251.27,282.76,212787817
3714,2025-04-03,265.29,276.3,261.51,267.28,136174291
3715,2025-04-04,255.38,261.0,236.0,239.43,181229353
3716,2025-04-07,223.78,252.0,214.25,233.29,183453776
3717,2025-04-08,245.0,250.44,217.8,221.86,171603472
3718,2025-04-09,224.69,274.69,223.88,272.2,219433373
3719,2025-04-10,260.0,262.49,239.33,252.4,181722604
3720,2025-04-11,251.84,257.74,241.3629,252.31,128948085
3721,2025-04-14,258.36,261.8,245.93,252.35,100135241
3722,2025-04-15,249.91,258.75,247.54,254.11,79594318
3723,2025-04-16,247.61,251.97,233.89,241.55,112378737
3724,2025-04-17,243.47,244.34,237.6833,241.37,83404775
3725,2025-04-21,230.26,232.21,222.79,227.5,97768007
3726,2025-04-22,230.96,242.79,229.8501,237.97,120858452
3727,2025-04-23,254.86,259.4499,244.43,250.74,150381903
3728,2025-04-24,250.5,259.54,249.2,259.51,94464195
3729,2025-04-25,261.69,286.85,259.63,284.95,167560688
3730,2025-04-28,288.98,294.86,272.42,285.88,151731771
3731,2025-04-29,285.5,293.32,279.4695,292.03,108906553
3732,2025-04-30,279.9,284.45,270.78,282.16,128961057
3733,2025-05-01,280.01,290.8688,279.81,280.52,99658974
3734,2025-05-02,284.9,294.78,279.81,287.21,114454683
3735,2025-05-05,284.57,284.849,274.4,280.26,94618882
3736,2025-05-06,273.105,277.73,271.35,275.35,76715792
3737,2025-05-07,276.88,277.92,271.0,276.22,71882408
3738,2025-05-08,279.63,289.8,279.41,284.82,97539448
3739,2025-05-09,290.21,307.04,290.0,298.26,132387835
3740,2025-05-12,321.99,322.21,311.5,318.38,112826661
3741,2025-05-13,320.0,337.5894,316.8,334.07,136992574
3742,2025-05-14,342.5,350.0,337.0,347.68,136997264
3743,2025-05-15,340.34,346.1393,334.7153,342.82,97882596
3744,2025-05-16,346.24,351.62,342.33,349.98,95895665
3745,2025-05-19,336.3,343.0,333.37,342.09,88869853
3746,2025-05-20,347.87,354.9899,341.63,343.82,131715548
3747,2025-05-21,344.43,347.35,332.2,334.62,102354844
3748,2025-05-22,331.9,347.27,331.39,341.04,97113416
3749,2025-05-23,337.92,343.18,333.21,339.34,84654818
3750,2025-05-27,347.35,363.79,347.32,362.89,120146414
3751,2025-05-28,364.84,365.0,355.91,356.9,91404309
3752,2025-05-29,365.29,367.71,356.0,358.43,88545666
3753,2025-05-30,355.52,363.68,345.29,346.46,123474938
3754,2025-06-02,343.5,348.02,333.33,342.69,81873829
3755,2025-06-03,346.595,355.4,343.04,344.27,99324544
3756,2025-06-04,345.095,345.6,327.3308,332.05,98912075
3757,2025-06-05,322.49,324.5499,273.21,284.7,292818655
3758,2025-06-06,298.83,305.5,291.14,295.14,164747685
3759,2025-06-09,285.955,309.83,281.85,308.58,140908876
3760,2025-06-10,314.94,327.83,310.667,326.09,151256520
3761,2025-06-11,334.395,335.5,322.5,326.43,122611360
3762,2025-06-12,323.075,332.56,316.86,319.11,105127536
3763,2025-06-13,313.97,332.99,313.3,325.31,128964279
3764,2025-06-16,331.29,332.05,326.41,329.13,83925858
3765,2025-06-17,326.09,327.26,314.74,316.35,88282669
3766,2025-06-18,317.31,329.32,315.45,322.05,95137686
3767,2025-06-20,327.95,332.36,317.78,322.16,108688008
3768,2025-06-23,327.54,357.54,327.48,348.68,190716815
3769,2025-06-24,356.17,356.26,340.44,340.47,114736245
3770,2025-06-25,342.7,343.0,320.4,327.55,119845050
3771,2025-06-26,324.61,331.05,323.61,325.78,80440907
3772,2025-06-27,324.51,329.3393,317.495,323.63,89067049
3773,2025-06-30,319.9,325.5799,316.6,317.66,76695081
3774,2025-07-01,298.46,305.89,293.21,300.71,145085665
3775,2025-07-02,312.63,316.832,303.82,315.65,119483730
3776,2025-07-03,317.99,318.45,312.76,315.35,58042302
3777,2025-07-07,291.37,296.15,288.7701,293.94,131177949
3778,2025-07-08,297.0,304.0499,294.35,297.81,103246742
3779,2025-07-09,297.55,300.15,293.55,295.88,75586771
3780,2025-07-10,300.05,310.48,300.0,309.87,104365271
3781,2025-07-11,307.89,314.09,305.65,313.51,79236442
3782,2025-07-14,317.73,322.5986,312.67,316.9,78043430
3783,2025-07-15,319.675,321.2,310.5,310.78,77556346
3784,2025-07-16,312.8,323.5,312.62,321.67,97284786
3785,2025-07-17,323.15,324.34,317.0601,319.41,73922870
3786,2025-07-18,321.66,330.9,321.42,329.65,94254993
3787,2025-07-21,334.4,338.0,326.88,328.49,75768797
3788,2025-07-22,329.74,335.4098,321.55,332.11,77370371
3789,2025-07-23,330.9,336.2,328.67,332.56,92553756
3790,2025-07-24,310.0,310.15,300.41,305.3,156966023
3791,2025-07-25,308.74,323.63,308.01,316.06,148227027
3792,2025-07-28,318.45,330.49,315.69,325.59,112673755
3793,2025-07-29,325.55,326.25,318.25,321.2,87358861
3794,2025-07-30,322.18,324.4499,311.6164,319.04,83931942
3795,2025-07-31,319.605,321.37,306.1,308.27,85270919
3796,2025-08-01,306.205,309.31,297.82,302.63,89121446
3797,2025-08-04,309.08,312.1186,303.0001,309.26,78683905
3798,2025-08-05,308.95,312.4499,305.5,308.72,57961278
3799,2025-08-06,307.89,320.47,306.9345,319.91,78523579
3800,2025-08-07,319.79,322.4,316.16,322.27,66658672
3801,2025-08-08,321.43,335.15,320.98,329.65,91200319
3802,2025-08-11,335.0,346.64,334.15,339.03,105320174
3803,2025-08-12,345.0,345.26,332.94,340.84,80690111
3804,2025-08-13,341.5,348.98,338.2,339.38,67838892
3805,2025-08-14,335.76,340.4699,330.4,335.58,75000662
3806,2025-08-15,337.655,339.3,327.02,330.56,74319792
3807,2025-08-18,329.62,336.27,329.59,335.16,56956552
3808,2025-08-19,335.79,340.55,327.85,329.31,75956002
3809,2025-08-20,329.22,331.37,314.6,323.9,77481768
3810,2025-08-21,322.08,324.9,318.68,320.11,55744445
3811,2025-08-22,321.66,340.25,319.69,340.01,94016347
3812,2025-08-25,338.9,349.53,335.03,346.6,86670037
3813,2025-08-26,344.93,351.9,343.72,351.67,76651550
3814,2025-08-27,351.94,355.39,349.156,349.6,65519012
3815,2025-08-28,350.91,353.55,340.26,345.98,67903224
3816,2025-08-29,347.23,348.7499,331.7,333.87,81145660
3817,2025-09-02,328.23,333.33,325.6,329.36,58391952
3818,2025-09-03,335.2,343.33,328.51,334.09,88733288
3819,2025-09-04,336.15,338.89,331.48,338.53,60711033
3820,2025-09-05,348.0,355.87,344.6801,350.84,108989785
3821,2025-09-08,354.64,358.44,344.84,346.4,75208290
3822,2025-09-09,348.44,350.77,343.82,346.97,53815991
3823,2025-09-10,350.55,356.33,346.07,347.79,72121679
3824,2025-09-11,350.17,368.99,347.6,368.81,103756010
3825,2025-09-12,370.94,396.6899,370.24,395.94,168156391
3826,2025-09-15,423.13,425.7,402.43,410.04,163823667
3827,2025-09-16,414.495,423.25,411.43,421.62,104285721
3828,2025-09-17,415.75,428.3121,409.67,425.86,106133532
3829,2025-09-18,428.865,432.2199,416.56,416.85,90454509
3830,2025-09-19,421.82,429.47,421.72,426.07,93131034
3831,2025-09-22,431.11,444.98,429.13,434.21,97108777
3832,2025-09-23,439.88,440.97,423.72,425.85,83422691
3833,2025-09-24,429.83,444.21,429.0301,442.79,93133570
3834,2025-09-25,435.24,435.35,419.08,423.39,96746426
3835,2025-09-26,428.3,440.47,421.02,440.4,101628160
3836,2025-09-29,444.35,450.98,439.5,443.21,79491510
3837,2025-09-30,441.52,445.0,433.12,444.72,74357960
3838,2025-10-01,443.8,462.29,440.75,459.46,98122285
3839,2025-10-02,470.54,470.75,435.57,436.0,137008950
3840,2025-10-03,443.285,446.77,416.575,429.83,133188180
3841,2025-10-06,440.75,453.55,436.69,453.25,85324878
3842,2025-10-07,447.82,452.68,432.4501,433.09,102296082
3843,2025-10-08,437.57,441.33,425.23,438.69,71192128
3844,2025-10-09,431.81,436.35,426.18,435.54,69339928
3845,2025-10-10,436.54,443.13,411.45,413.49,112107870
3846,2025-10-13,423.53,436.89,419.7,435.9,79552785
3847,2025-10-14,426.79,434.2,417.86,429.24,72669438
3848,2025-10-15,434.9,440.51,426.3301,435.15,71558185
3849,2025-10-16,434.73,439.35,421.3101,428.75,77189889
3850,2025-10-17,425.5,441.4558,423.6,439.31,89331578
3851,2025-10-20,443.865,449.8,440.61,447.43,63718971
3852,2025-10-21,445.755,449.3,442.05,442.6,54412169
3853,2025-10-22,443.45,445.539,429.0,438.97,84023458
3854,2025-10-23,420.0,449.3999,413.9,448.98,126709833
3855,2025-10-24,446.83,451.68,430.17,433.72,94727774
3856,2025-10-27,439.98,460.16,438.69,452.42,105867547
3857,2025-10-28,454.775,467.0,451.6,460.55,80185667
3858,2025-10-29,462.5,465.7,452.65,461.51,67983544
3859,2025-10-30,451.05,455.0607,439.61,440.1,72447938
3860,2025-10-31,446.75,458.0,443.6855,456.56,83135787
3861,2025-11-03,455.99,474.07,453.8,468.37,84595244
3862,2025-11-04,454.46,460.22,443.6,444.26,87756644
3863,2025-11-05,452.05,466.3299,440.71,462.07,85573015
3864,2025-11-06,461.96,467.45,435.09,445.91,109622907
3865,2025-11-07,437.92,439.36,421.88,429.52,103471495
3866,2025-11-10,439.6,449.6715,433.36,445.23,76515907
3867,2025-11-11,439.4,442.49,432.36,439.62,60533237
3868,2025-11-12,442.15,442.329,426.56,430.6,58513520
3869,2025-11-13,423.13,424.5,396.34,401.99,118948032
3870,2025-11-14,386.3,412.19,382.78,404.35,105506682
3871,2025-11-17,398.74,423.96,398.74,408.92,102214259
3872,2025-11-18,405.38,408.9,393.71,401.25,80688637
3873,2025-11-19,406.18,411.78,398.5,403.99,72047704
3874,2025-11-20,414.63,428.94,394.74,395.23,113548827
3875,2025-11-21,402.32,402.8,383.76,391.09,100460633
3876,2025-11-24,402.17,421.72,401.09,417.78,96806374
3877,2025-11-25,414.42,420.48,405.95,419.4,71915624
3878,2025-11-26,423.95,426.94,416.89,426.58,63462996
3879,2025-11-28,426.59,432.93,426.2,430.17,36252861
3880,2025-12-01,425.32,433.6599,425.29,430.14,57463552
3881,2025-12-02,430.81,436.8,422.12,429.24,69336626
3882,2025-12-03,432.1,447.92,431.11,446.74,87482964
3883,2025-12-04,449.94,454.63,445.39,454.53,71906488
3884,2025-12-05,453.03,458.87,451.66,455.0,56427522
3885,2025-12-08,447.445,449.7463,435.25,439.58,69165753
3886,2025-12-09,437.54,452.39,435.7,445.17,62367442
3887,2025-12-10,446.065,456.88,443.61,451.45,63257475
3888,2025-12-11,448.945,449.2699,440.33,446.89,55979492
3889,2025-12-12,448.09,463.01,441.67,458.96,95656749
3890,2025-12-15,469.44,481.7694,467.66,475.31,114542204
3891,2025-12-16,472.21,491.5,465.83,489.88,107608075
3892,2025-12-17,488.22,495.2799,466.2,467.26,106490405
3893,2025-12-18,478.16,490.86,473.12,483.37,95168446
3894,2025-12-19,488.12,490.49,474.72,481.2,103305424
3895,2025-12-22,489.88,498.83,485.33,488.73,86916066
3896,2025-12-23,489.395,491.97,482.84,485.56,58223633
3897,2025-12-24,488.48,490.9,476.8,485.4,41285429
3898,2025-12-26,485.23,489.09,473.82,475.19,58780659
3899,2025-12-29,469.0,469.4,459.0,459.64,66263033
3900,2025-12-30,461.09,463.12,453.83,454.43,59238464
3901,2025-12-31,456.1,456.55,449.3,449.72,49077961
3902,2026-01-02,457.8,458.34,435.3,438.07,85535406
3903,2026-01-05,447.99,457.5499,444.57,451.67,67940839
3904,2026-01-06,446.38,448.25,428.78,432.96,89093758
3905,2026-01-07,435.9,438.37,431.29,431.41,59828790
3906,2026-01-08,427.89,436.89,424.365,435.8,57041094
3907,2026-01-09,435.945,449.05,430.39,445.01,67331456
3908,2026-01-12,441.225,454.3,438.0,448.96,61649627
3909,2026-01-13,450.2,451.81,443.95,447.2,53719214
3910,2026-01-14,442.81,443.91,434.22,439.2,57259500
3911,2026-01-15,441.125,445.36,437.65,438.57,49465813
3912,2026-01-16,439.5,447.25,435.2601,437.5,60220551
3913,2026-01-20,429.36,430.725,417.44,419.25,63187336
3914,2026-01-21,421.66,438.2,419.6201,431.44,68123987
3915,2026-01-22,435.16,449.5,432.6293,449.36,71546729
3916,2026-01-23,447.425,452.43,444.04,449.06,56771364
3917,2026-01-26,445.0,445.04,434.28,435.2,49397415
3918,2026-01-27,437.41,437.52,430.69,430.9,37733077
3919,2026-01-28,431.91,438.26,430.1,431.46,54857403
3920,2026-01-29,437.8,440.2299,414.62,416.56,81686127
3921,2026-01-30,425.35,439.88,422.7,430.41,82626066
3922,2026-02-02,421.29,427.15,414.5,421.81,58739455
3923,2026-02-03,424.27,428.56,413.6901,421.96,56886549
3924,2026-02-04,420.46,423.9,399.18,406.01,74606873
