Backfill range: 2025-01-01 -> 2026-02-18
Symbols: 21
Intervals: ['5m', '1h']
2026-02-19 19:43:39,965 | 94347 | 8412668032 | [open_context_base.py:409] _init_connect_sync: New connect ready: conn=7430215491768329163(1) context=<futu.quote.open_quote_context.OpenQuoteContext object at 0x10cd64440>
/Users/alita/.openclaw/workspace/codes/TradeMaster_v2/scripts/backfill_futu_kline_mysql.py:78: DeprecationWarning: datetime.datetime.utcnow() is deprecated and scheduled for removal in a future version. Use timezone-aware objects to represent datetimes in UTC: datetime.datetime.now(datetime.UTC).
  now_utc = datetime.utcnow().strftime("%Y-%m-%d %H:%M:%S")
[US.AAPL 5m] page=1 rows=1000 upserted=1000 total=1000
/Users/alita/.openclaw/workspace/codes/TradeMaster_v2/scripts/backfill_futu_kline_mysql.py:78: DeprecationWarning: datetime.datetime.utcnow() is deprecated and scheduled for removal in a future version. Use timezone-aware objects to represent datetimes in UTC: datetime.datetime.now(datetime.UTC).
  now_utc = datetime.utcnow().strftime("%Y-%m-%d %H:%M:%S")
[US.AAPL 5m] page=2 rows=1000 upserted=1000 total=2000
/Users/alita/.openclaw/workspace/codes/TradeMaster_v2/scripts/backfill_futu_kline_mysql.py:78: DeprecationWarning: datetime.datetime.utcnow() is deprecated and scheduled for removal in a future version. Use timezone-aware objects to represent datetimes in UTC: datetime.datetime.now(datetime.UTC).
  now_utc = datetime.utcnow().strftime("%Y-%m-%d %H:%M:%S")
[US.AAPL 5m] page=3 rows=1000 upserted=1000 total=3000
/Users/alita/.openclaw/workspace/codes/TradeMaster_v2/scripts/backfill_futu_kline_mysql.py:78: DeprecationWarning: datetime.datetime.utcnow() is deprecated and scheduled for removal in a future version. Use timezone-aware objects to represent datetimes in UTC: datetime.datetime.now(datetime.UTC).
  now_utc = datetime.utcnow().strftime("%Y-%m-%d %H:%M:%S")
[US.AAPL 5m] page=4 rows=1000 upserted=1000 total=4000
/Users/alita/.openclaw/workspace/codes/TradeMaster_v2/scripts/backfill_futu_kline_mysql.py:78: DeprecationWarning: datetime.datetime.utcnow() is deprecated and scheduled for removal in a future version. Use timezone-aware objects to represent datetimes in UTC: datetime.datetime.now(datetime.UTC).
  now_utc = datetime.utcnow().strftime("%Y-%m-%d %H:%M:%S")
[US.AAPL 5m] page=5 rows=1000 upserted=1000 total=5000
/Users/alita/.openclaw/workspace/codes/TradeMaster_v2/scripts/backfill_futu_kline_mysql.py:78: DeprecationWarning: datetime.datetime.utcnow() is deprecated and scheduled for removal in a future version. Use timezone-aware objects to represent datetimes in UTC: datetime.datetime.now(datetime.UTC).
  now_utc = datetime.utcnow().strftime("%Y-%m-%d %H:%M:%S")
[US.AAPL 5m] page=6 rows=1000 upserted=1000 total=6000
/Users/alita/.openclaw/workspace/codes/TradeMaster_v2/scripts/backfill_futu_kline_mysql.py:78: DeprecationWarning: datetime.datetime.utcnow() is deprecated and scheduled for removal in a future version. Use timezone-aware objects to represent datetimes in UTC: datetime.datetime.now(datetime.UTC).
  now_utc = datetime.utcnow().strftime("%Y-%m-%d %H:%M:%S")
[US.AAPL 5m] page=7 rows=1000 upserted=1000 total=7000
/Users/alita/.openclaw/workspace/codes/TradeMaster_v2/scripts/backfill_futu_kline_mysql.py:78: DeprecationWarning: datetime.datetime.utcnow() is deprecated and scheduled for removal in a future version. Use timezone-aware objects to represent datetimes in UTC: datetime.datetime.now(datetime.UTC).
  now_utc = datetime.utcnow().strftime("%Y-%m-%d %H:%M:%S")
[US.AAPL 5m] page=8 rows=1000 upserted=1000 total=8000
/Users/alita/.openclaw/workspace/codes/TradeMaster_v2/scripts/backfill_futu_kline_mysql.py:78: DeprecationWarning: datetime.datetime.utcnow() is deprecated and scheduled for removal in a future version. Use timezone-aware objects to represent datetimes in UTC: datetime.datetime.now(datetime.UTC).
  now_utc = datetime.utcnow().strftime("%Y-%m-%d %H:%M:%S")
[US.AAPL 5m] page=9 rows=1000 upserted=1000 total=9000
/Users/alita/.openclaw/workspace/codes/TradeMaster_v2/scripts/backfill_futu_kline_mysql.py:78: DeprecationWarning: datetime.datetime.utcnow() is deprecated and scheduled for removal in a future version. Use timezone-aware objects to represent datetimes in UTC: datetime.datetime.now(datetime.UTC).
  now_utc = datetime.utcnow().strftime("%Y-%m-%d %H:%M:%S")
[US.AAPL 5m] page=10 rows=1000 upserted=1000 total=10000
/Users/alita/.openclaw/workspace/codes/TradeMaster_v2/scripts/backfill_futu_kline_mysql.py:78: DeprecationWarning: datetime.datetime.utcnow() is deprecated and scheduled for removal in a future version. Use timezone-aware objects to represent datetimes in UTC: datetime.datetime.now(datetime.UTC).
  now_utc = datetime.utcnow().strftime("%Y-%m-%d %H:%M:%S")
[US.AAPL 5m] page=11 rows=1000 upserted=1000 total=11000
/Users/alita/.openclaw/workspace/codes/TradeMaster_v2/scripts/backfill_futu_kline_mysql.py:78: DeprecationWarning: datetime.datetime.utcnow() is deprecated and scheduled for removal in a future version. Use timezone-aware objects to represent datetimes in UTC: datetime.datetime.now(datetime.UTC).
  now_utc = datetime.utcnow().strftime("%Y-%m-%d %H:%M:%S")
[US.AAPL 5m] page=12 rows=1000 upserted=1000 total=12000
/Users/alita/.openclaw/workspace/codes/TradeMaster_v2/scripts/backfill_futu_kline_mysql.py:78: DeprecationWarning: datetime.datetime.utcnow() is deprecated and scheduled for removal in a future version. Use timezone-aware objects to represent datetimes in UTC: datetime.datetime.now(datetime.UTC).
  now_utc = datetime.utcnow().strftime("%Y-%m-%d %H:%M:%S")
[US.AAPL 5m] page=13 rows=1000 upserted=1000 total=13000
/Users/alita/.openclaw/workspace/codes/TradeMaster_v2/scripts/backfill_futu_kline_mysql.py:78: DeprecationWarning: datetime.datetime.utcnow() is deprecated and scheduled for removal in a future version. Use timezone-aware objects to represent datetimes in UTC: datetime.datetime.now(datetime.UTC).
  now_utc = datetime.utcnow().strftime("%Y-%m-%d %H:%M:%S")
[US.AAPL 5m] page=14 rows=1000 upserted=1000 total=14000
/Users/alita/.openclaw/workspace/codes/TradeMaster_v2/scripts/backfill_futu_kline_mysql.py:78: DeprecationWarning: datetime.datetime.utcnow() is deprecated and scheduled for removal in a future version. Use timezone-aware objects to represent datetimes in UTC: datetime.datetime.now(datetime.UTC).
  now_utc = datetime.utcnow().strftime("%Y-%m-%d %H:%M:%S")
[US.AAPL 5m] page=15 rows=1000 upserted=1000 total=15000
/Users/alita/.openclaw/workspace/codes/TradeMaster_v2/scripts/backfill_futu_kline_mysql.py:78: DeprecationWarning: datetime.datetime.utcnow() is deprecated and scheduled for removal in a future version. Use timezone-aware objects to represent datetimes in UTC: datetime.datetime.now(datetime.UTC).
  now_utc = datetime.utcnow().strftime("%Y-%m-%d %H:%M:%S")
[US.AAPL 5m] page=16 rows=1000 upserted=1000 total=16000
/Users/alita/.openclaw/workspace/codes/TradeMaster_v2/scripts/backfill_futu_kline_mysql.py:78: DeprecationWarning: datetime.datetime.utcnow() is deprecated and scheduled for removal in a future version. Use timezone-aware objects to represent datetimes in UTC: datetime.datetime.now(datetime.UTC).
  now_utc = datetime.utcnow().strftime("%Y-%m-%d %H:%M:%S")
[US.AAPL 5m] page=17 rows=1000 upserted=1000 total=17000
/Users/alita/.openclaw/workspace/codes/TradeMaster_v2/scripts/backfill_futu_kline_mysql.py:78: DeprecationWarning: datetime.datetime.utcnow() is deprecated and scheduled for removal in a future version. Use timezone-aware objects to represent datetimes in UTC: datetime.datetime.now(datetime.UTC).
  now_utc = datetime.utcnow().strftime("%Y-%m-%d %H:%M:%S")
[US.AAPL 5m] page=18 rows=1000 upserted=1000 total=18000
/Users/alita/.openclaw/workspace/codes/TradeMaster_v2/scripts/backfill_futu_kline_mysql.py:78: DeprecationWarning: datetime.datetime.utcnow() is deprecated and scheduled for removal in a future version. Use timezone-aware objects to represent datetimes in UTC: datetime.datetime.now(datetime.UTC).
  now_utc = datetime.utcnow().strftime("%Y-%m-%d %H:%M:%S")
[US.AAPL 5m] page=19 rows=1000 upserted=1000 total=19000
/Users/alita/.openclaw/workspace/codes/TradeMaster_v2/scripts/backfill_futu_kline_mysql.py:78: DeprecationWarning: datetime.datetime.utcnow() is deprecated and scheduled for removal in a future version. Use timezone-aware objects to represent datetimes in UTC: datetime.datetime.now(datetime.UTC).
  now_utc = datetime.utcnow().strftime("%Y-%m-%d %H:%M:%S")
[US.AAPL 5m] page=20 rows=1000 upserted=1000 total=20000
/Users/alita/.openclaw/workspace/codes/TradeMaster_v2/scripts/backfill_futu_kline_mysql.py:78: DeprecationWarning: datetime.datetime.utcnow() is deprecated and scheduled for removal in a future version. Use timezone-aware objects to represent datetimes in UTC: datetime.datetime.now(datetime.UTC).
  now_utc = datetime.utcnow().strftime("%Y-%m-%d %H:%M:%S")
[US.AAPL 5m] page=21 rows=1000 upserted=1000 total=21000
/Users/alita/.openclaw/workspace/codes/TradeMaster_v2/scripts/backfill_futu_kline_mysql.py:78: DeprecationWarning: datetime.datetime.utcnow() is deprecated and scheduled for removal in a future version. Use timezone-aware objects to represent datetimes in UTC: datetime.datetime.now(datetime.UTC).
  now_utc = datetime.utcnow().strftime("%Y-%m-%d %H:%M:%S")
[US.AAPL 5m] page=22 rows=888 upserted=888 total=21888
/Users/alita/.openclaw/workspace/codes/TradeMaster_v2/scripts/backfill_futu_kline_mysql.py:78: DeprecationWarning: datetime.datetime.utcnow() is deprecated and scheduled for removal in a future version. Use timezone-aware objects to represent datetimes in UTC: datetime.datetime.now(datetime.UTC).
  now_utc = datetime.utcnow().strftime("%Y-%m-%d %H:%M:%S")
[US.AAPL 1h] page=1 rows=1000 upserted=1000 total=1000
/Users/alita/.openclaw/workspace/codes/TradeMaster_v2/scripts/backfill_futu_kline_mysql.py:78: DeprecationWarning: datetime.datetime.utcnow() is deprecated and scheduled for removal in a future version. Use timezone-aware objects to represent datetimes in UTC: datetime.datetime.now(datetime.UTC).
  now_utc = datetime.utcnow().strftime("%Y-%m-%d %H:%M:%S")
[US.AAPL 1h] page=2 rows=965 upserted=965 total=1965
/Users/alita/.openclaw/workspace/codes/TradeMaster_v2/scripts/backfill_futu_kline_mysql.py:78: DeprecationWarning: datetime.datetime.utcnow() is deprecated and scheduled for removal in a future version. Use timezone-aware objects to represent datetimes in UTC: datetime.datetime.now(datetime.UTC).
  now_utc = datetime.utcnow().strftime("%Y-%m-%d %H:%M:%S")
[US.ADBE 5m] page=1 rows=1000 upserted=1000 total=1000
/Users/alita/.openclaw/workspace/codes/TradeMaster_v2/scripts/backfill_futu_kline_mysql.py:78: DeprecationWarning: datetime.datetime.utcnow() is deprecated and scheduled for removal in a future version. Use timezone-aware objects to represent datetimes in UTC: datetime.datetime.now(datetime.UTC).
  now_utc = datetime.utcnow().strftime("%Y-%m-%d %H:%M:%S")
[US.ADBE 5m] page=2 rows=1000 upserted=1000 total=2000
/Users/alita/.openclaw/workspace/codes/TradeMaster_v2/scripts/backfill_futu_kline_mysql.py:78: DeprecationWarning: datetime.datetime.utcnow() is deprecated and scheduled for removal in a future version. Use timezone-aware objects to represent datetimes in UTC: datetime.datetime.now(datetime.UTC).
  now_utc = datetime.utcnow().strftime("%Y-%m-%d %H:%M:%S")
[US.ADBE 5m] page=3 rows=1000 upserted=1000 total=3000
/Users/alita/.openclaw/workspace/codes/TradeMaster_v2/scripts/backfill_futu_kline_mysql.py:78: DeprecationWarning: datetime.datetime.utcnow() is deprecated and scheduled for removal in a future version. Use timezone-aware objects to represent datetimes in UTC: datetime.datetime.now(datetime.UTC).
  now_utc = datetime.utcnow().strftime("%Y-%m-%d %H:%M:%S")
[US.ADBE 5m] page=4 rows=1000 upserted=1000 total=4000
/Users/alita/.openclaw/workspace/codes/TradeMaster_v2/scripts/backfill_futu_kline_mysql.py:78: DeprecationWarning: datetime.datetime.utcnow() is deprecated and scheduled for removal in a future version. Use timezone-aware objects to represent datetimes in UTC: datetime.datetime.now(datetime.UTC).
  now_utc = datetime.utcnow().strftime("%Y-%m-%d %H:%M:%S")
[US.ADBE 5m] page=5 rows=1000 upserted=1000 total=5000
/Users/alita/.openclaw/workspace/codes/TradeMaster_v2/scripts/backfill_futu_kline_mysql.py:78: DeprecationWarning: datetime.datetime.utcnow() is deprecated and scheduled for removal in a future version. Use timezone-aware objects to represent datetimes in UTC: datetime.datetime.now(datetime.UTC).
  now_utc = datetime.utcnow().strftime("%Y-%m-%d %H:%M:%S")
[US.ADBE 5m] page=6 rows=1000 upserted=1000 total=6000
/Users/alita/.openclaw/workspace/codes/TradeMaster_v2/scripts/backfill_futu_kline_mysql.py:78: DeprecationWarning: datetime.datetime.utcnow() is deprecated and scheduled for removal in a future version. Use timezone-aware objects to represent datetimes in UTC: datetime.datetime.now(datetime.UTC).
  now_utc = datetime.utcnow().strftime("%Y-%m-%d %H:%M:%S")
[US.ADBE 5m] page=7 rows=1000 upserted=1000 total=7000
/Users/alita/.openclaw/workspace/codes/TradeMaster_v2/scripts/backfill_futu_kline_mysql.py:78: DeprecationWarning: datetime.datetime.utcnow() is deprecated and scheduled for removal in a future version. Use timezone-aware objects to represent datetimes in UTC: datetime.datetime.now(datetime.UTC).
  now_utc = datetime.utcnow().strftime("%Y-%m-%d %H:%M:%S")
[US.ADBE 5m] page=8 rows=1000 upserted=1000 total=8000
/Users/alita/.openclaw/workspace/codes/TradeMaster_v2/scripts/backfill_futu_kline_mysql.py:78: DeprecationWarning: datetime.datetime.utcnow() is deprecated and scheduled for removal in a future version. Use timezone-aware objects to represent datetimes in UTC: datetime.datetime.now(datetime.UTC).
  now_utc = datetime.utcnow().strftime("%Y-%m-%d %H:%M:%S")
[US.ADBE 5m] page=9 rows=1000 upserted=1000 total=9000
/Users/alita/.openclaw/workspace/codes/TradeMaster_v2/scripts/backfill_futu_kline_mysql.py:78: DeprecationWarning: datetime.datetime.utcnow() is deprecated and scheduled for removal in a future version. Use timezone-aware objects to represent datetimes in UTC: datetime.datetime.now(datetime.UTC).
  now_utc = datetime.utcnow().strftime("%Y-%m-%d %H:%M:%S")
[US.ADBE 5m] page=10 rows=1000 upserted=1000 total=10000
/Users/alita/.openclaw/workspace/codes/TradeMaster_v2/scripts/backfill_futu_kline_mysql.py:78: DeprecationWarning: datetime.datetime.utcnow() is deprecated and scheduled for removal in a future version. Use timezone-aware objects to represent datetimes in UTC: datetime.datetime.now(datetime.UTC).
  now_utc = datetime.utcnow().strftime("%Y-%m-%d %H:%M:%S")
[US.ADBE 5m] page=11 rows=1000 upserted=1000 total=11000
/Users/alita/.openclaw/workspace/codes/TradeMaster_v2/scripts/backfill_futu_kline_mysql.py:78: DeprecationWarning: datetime.datetime.utcnow() is deprecated and scheduled for removal in a future version. Use timezone-aware objects to represent datetimes in UTC: datetime.datetime.now(datetime.UTC).
  now_utc = datetime.utcnow().strftime("%Y-%m-%d %H:%M:%S")
[US.ADBE 5m] page=12 rows=1000 upserted=1000 total=12000
[US.ADBE 5m] ERROR: Futu error: Get Historical Candlestick request timed out
/Users/alita/.openclaw/workspace/codes/TradeMaster_v2/scripts/backfill_futu_kline_mysql.py:78: DeprecationWarning: datetime.datetime.utcnow() is deprecated and scheduled for removal in a future version. Use timezone-aware objects to represent datetimes in UTC: datetime.datetime.now(datetime.UTC).
  now_utc = datetime.utcnow().strftime("%Y-%m-%d %H:%M:%S")
[US.ADBE 1h] page=1 rows=1000 upserted=1000 total=1000
/Users/alita/.openclaw/workspace/codes/TradeMaster_v2/scripts/backfill_futu_kline_mysql.py:78: DeprecationWarning: datetime.datetime.utcnow() is deprecated and scheduled for removal in a future version. Use timezone-aware objects to represent datetimes in UTC: datetime.datetime.now(datetime.UTC).
  now_utc = datetime.utcnow().strftime("%Y-%m-%d %H:%M:%S")
[US.ADBE 1h] page=2 rows=965 upserted=965 total=1965
/Users/alita/.openclaw/workspace/codes/TradeMaster_v2/scripts/backfill_futu_kline_mysql.py:78: DeprecationWarning: datetime.datetime.utcnow() is deprecated and scheduled for removal in a future version. Use timezone-aware objects to represent datetimes in UTC: datetime.datetime.now(datetime.UTC).
  now_utc = datetime.utcnow().strftime("%Y-%m-%d %H:%M:%S")
[US.AMD 5m] page=1 rows=1000 upserted=1000 total=1000
/Users/alita/.openclaw/workspace/codes/TradeMaster_v2/scripts/backfill_futu_kline_mysql.py:78: DeprecationWarning: datetime.datetime.utcnow() is deprecated and scheduled for removal in a future version. Use timezone-aware objects to represent datetimes in UTC: datetime.datetime.now(datetime.UTC).
  now_utc = datetime.utcnow().strftime("%Y-%m-%d %H:%M:%S")
[US.AMD 5m] page=2 rows=1000 upserted=1000 total=2000
/Users/alita/.openclaw/workspace/codes/TradeMaster_v2/scripts/backfill_futu_kline_mysql.py:78: DeprecationWarning: datetime.datetime.utcnow() is deprecated and scheduled for removal in a future version. Use timezone-aware objects to represent datetimes in UTC: datetime.datetime.now(datetime.UTC).
  now_utc = datetime.utcnow().strftime("%Y-%m-%d %H:%M:%S")
[US.AMD 5m] page=3 rows=1000 upserted=1000 total=3000
/Users/alita/.openclaw/workspace/codes/TradeMaster_v2/scripts/backfill_futu_kline_mysql.py:78: DeprecationWarning: datetime.datetime.utcnow() is deprecated and scheduled for removal in a future version. Use timezone-aware objects to represent datetimes in UTC: datetime.datetime.now(datetime.UTC).
  now_utc = datetime.utcnow().strftime("%Y-%m-%d %H:%M:%S")
[US.AMD 5m] page=4 rows=1000 upserted=1000 total=4000
/Users/alita/.openclaw/workspace/codes/TradeMaster_v2/scripts/backfill_futu_kline_mysql.py:78: DeprecationWarning: datetime.datetime.utcnow() is deprecated and scheduled for removal in a future version. Use timezone-aware objects to represent datetimes in UTC: datetime.datetime.now(datetime.UTC).
  now_utc = datetime.utcnow().strftime("%Y-%m-%d %H:%M:%S")
[US.AMD 5m] page=5 rows=1000 upserted=1000 total=5000
/Users/alita/.openclaw/workspace/codes/TradeMaster_v2/scripts/backfill_futu_kline_mysql.py:78: DeprecationWarning: datetime.datetime.utcnow() is deprecated and scheduled for removal in a future version. Use timezone-aware objects to represent datetimes in UTC: datetime.datetime.now(datetime.UTC).
  now_utc = datetime.utcnow().strftime("%Y-%m-%d %H:%M:%S")
[US.AMD 5m] page=6 rows=1000 upserted=1000 total=6000
/Users/alita/.openclaw/workspace/codes/TradeMaster_v2/scripts/backfill_futu_kline_mysql.py:78: DeprecationWarning: datetime.datetime.utcnow() is deprecated and scheduled for removal in a future version. Use timezone-aware objects to represent datetimes in UTC: datetime.datetime.now(datetime.UTC).
  now_utc = datetime.utcnow().strftime("%Y-%m-%d %H:%M:%S")
[US.AMD 5m] page=7 rows=1000 upserted=1000 total=7000
/Users/alita/.openclaw/workspace/codes/TradeMaster_v2/scripts/backfill_futu_kline_mysql.py:78: DeprecationWarning: datetime.datetime.utcnow() is deprecated and scheduled for removal in a future version. Use timezone-aware objects to represent datetimes in UTC: datetime.datetime.now(datetime.UTC).
  now_utc = datetime.utcnow().strftime("%Y-%m-%d %H:%M:%S")
[US.AMD 5m] page=8 rows=1000 upserted=1000 total=8000
/Users/alita/.openclaw/workspace/codes/TradeMaster_v2/scripts/backfill_futu_kline_mysql.py:78: DeprecationWarning: datetime.datetime.utcnow() is deprecated and scheduled for removal in a future version. Use timezone-aware objects to represent datetimes in UTC: datetime.datetime.now(datetime.UTC).
  now_utc = datetime.utcnow().strftime("%Y-%m-%d %H:%M:%S")
[US.AMD 5m] page=9 rows=1000 upserted=1000 total=9000
/Users/alita/.openclaw/workspace/codes/TradeMaster_v2/scripts/backfill_futu_kline_mysql.py:78: DeprecationWarning: datetime.datetime.utcnow() is deprecated and scheduled for removal in a future version. Use timezone-aware objects to represent datetimes in UTC: datetime.datetime.now(datetime.UTC).
  now_utc = datetime.utcnow().strftime("%Y-%m-%d %H:%M:%S")
[US.AMD 5m] page=10 rows=1000 upserted=1000 total=10000
/Users/alita/.openclaw/workspace/codes/TradeMaster_v2/scripts/backfill_futu_kline_mysql.py:78: DeprecationWarning: datetime.datetime.utcnow() is deprecated and scheduled for removal in a future version. Use timezone-aware objects to represent datetimes in UTC: datetime.datetime.now(datetime.UTC).
  now_utc = datetime.utcnow().strftime("%Y-%m-%d %H:%M:%S")
[US.AMD 5m] page=11 rows=1000 upserted=1000 total=11000
/Users/alita/.openclaw/workspace/codes/TradeMaster_v2/scripts/backfill_futu_kline_mysql.py:78: DeprecationWarning: datetime.datetime.utcnow() is deprecated and scheduled for removal in a future version. Use timezone-aware objects to represent datetimes in UTC: datetime.datetime.now(datetime.UTC).
  now_utc = datetime.utcnow().strftime("%Y-%m-%d %H:%M:%S")
[US.AMD 5m] page=12 rows=1000 upserted=1000 total=12000
/Users/alita/.openclaw/workspace/codes/TradeMaster_v2/scripts/backfill_futu_kline_mysql.py:78: DeprecationWarning: datetime.datetime.utcnow() is deprecated and scheduled for removal in a future version. Use timezone-aware objects to represent datetimes in UTC: datetime.datetime.now(datetime.UTC).
  now_utc = datetime.utcnow().strftime("%Y-%m-%d %H:%M:%S")
[US.AMD 5m] page=13 rows=1000 upserted=1000 total=13000
/Users/alita/.openclaw/workspace/codes/TradeMaster_v2/scripts/backfill_futu_kline_mysql.py:78: DeprecationWarning: datetime.datetime.utcnow() is deprecated and scheduled for removal in a future version. Use timezone-aware objects to represent datetimes in UTC: datetime.datetime.now(datetime.UTC).
  now_utc = datetime.utcnow().strftime("%Y-%m-%d %H:%M:%S")
[US.AMD 5m] page=14 rows=1000 upserted=1000 total=14000
/Users/alita/.openclaw/workspace/codes/TradeMaster_v2/scripts/backfill_futu_kline_mysql.py:78: DeprecationWarning: datetime.datetime.utcnow() is deprecated and scheduled for removal in a future version. Use timezone-aware objects to represent datetimes in UTC: datetime.datetime.now(datetime.UTC).
  now_utc = datetime.utcnow().strftime("%Y-%m-%d %H:%M:%S")
[US.AMD 5m] page=15 rows=1000 upserted=1000 total=15000
/Users/alita/.openclaw/workspace/codes/TradeMaster_v2/scripts/backfill_futu_kline_mysql.py:78: DeprecationWarning: datetime.datetime.utcnow() is deprecated and scheduled for removal in a future version. Use timezone-aware objects to represent datetimes in UTC: datetime.datetime.now(datetime.UTC).
  now_utc = datetime.utcnow().strftime("%Y-%m-%d %H:%M:%S")
[US.AMD 5m] page=16 rows=1000 upserted=1000 total=16000
/Users/alita/.openclaw/workspace/codes/TradeMaster_v2/scripts/backfill_futu_kline_mysql.py:78: DeprecationWarning: datetime.datetime.utcnow() is deprecated and scheduled for removal in a future version. Use timezone-aware objects to represent datetimes in UTC: datetime.datetime.now(datetime.UTC).
  now_utc = datetime.utcnow().strftime("%Y-%m-%d %H:%M:%S")
[US.AMD 5m] page=17 rows=1000 upserted=1000 total=17000
/Users/alita/.openclaw/workspace/codes/TradeMaster_v2/scripts/backfill_futu_kline_mysql.py:78: DeprecationWarning: datetime.datetime.utcnow() is deprecated and scheduled for removal in a future version. Use timezone-aware objects to represent datetimes in UTC: datetime.datetime.now(datetime.UTC).
  now_utc = datetime.utcnow().strftime("%Y-%m-%d %H:%M:%S")
[US.AMD 5m] page=18 rows=1000 upserted=1000 total=18000
/Users/alita/.openclaw/workspace/codes/TradeMaster_v2/scripts/backfill_futu_kline_mysql.py:78: DeprecationWarning: datetime.datetime.utcnow() is deprecated and scheduled for removal in a future version. Use timezone-aware objects to represent datetimes in UTC: datetime.datetime.now(datetime.UTC).
  now_utc = datetime.utcnow().strftime("%Y-%m-%d %H:%M:%S")
[US.AMD 5m] page=19 rows=1000 upserted=1000 total=19000
/Users/alita/.openclaw/workspace/codes/TradeMaster_v2/scripts/backfill_futu_kline_mysql.py:78: DeprecationWarning: datetime.datetime.utcnow() is deprecated and scheduled for removal in a future version. Use timezone-aware objects to represent datetimes in UTC: datetime.datetime.now(datetime.UTC).
  now_utc = datetime.utcnow().strftime("%Y-%m-%d %H:%M:%S")
[US.AMD 5m] page=20 rows=1000 upserted=1000 total=20000
/Users/alita/.openclaw/workspace/codes/TradeMaster_v2/scripts/backfill_futu_kline_mysql.py:78: DeprecationWarning: datetime.datetime.utcnow() is deprecated and scheduled for removal in a future version. Use timezone-aware objects to represent datetimes in UTC: datetime.datetime.now(datetime.UTC).
  now_utc = datetime.utcnow().strftime("%Y-%m-%d %H:%M:%S")
[US.AMD 5m] page=21 rows=1000 upserted=1000 total=21000
/Users/alita/.openclaw/workspace/codes/TradeMaster_v2/scripts/backfill_futu_kline_mysql.py:78: DeprecationWarning: datetime.datetime.utcnow() is deprecated and scheduled for removal in a future version. Use timezone-aware objects to represent datetimes in UTC: datetime.datetime.now(datetime.UTC).
  now_utc = datetime.utcnow().strftime("%Y-%m-%d %H:%M:%S")
[US.AMD 5m] page=22 rows=888 upserted=888 total=21888
/Users/alita/.openclaw/workspace/codes/TradeMaster_v2/scripts/backfill_futu_kline_mysql.py:78: DeprecationWarning: datetime.datetime.utcnow() is deprecated and scheduled for removal in a future version. Use timezone-aware objects to represent datetimes in UTC: datetime.datetime.now(datetime.UTC).
  now_utc = datetime.utcnow().strftime("%Y-%m-%d %H:%M:%S")
[US.AMD 1h] page=1 rows=1000 upserted=1000 total=1000
/Users/alita/.openclaw/workspace/codes/TradeMaster_v2/scripts/backfill_futu_kline_mysql.py:78: DeprecationWarning: datetime.datetime.utcnow() is deprecated and scheduled for removal in a future version. Use timezone-aware objects to represent datetimes in UTC: datetime.datetime.now(datetime.UTC).
  now_utc = datetime.utcnow().strftime("%Y-%m-%d %H:%M:%S")
[US.AMD 1h] page=2 rows=965 upserted=965 total=1965
/Users/alita/.openclaw/workspace/codes/TradeMaster_v2/scripts/backfill_futu_kline_mysql.py:78: DeprecationWarning: datetime.datetime.utcnow() is deprecated and scheduled for removal in a future version. Use timezone-aware objects to represent datetimes in UTC: datetime.datetime.now(datetime.UTC).
  now_utc = datetime.utcnow().strftime("%Y-%m-%d %H:%M:%S")
[US.AMZN 5m] page=1 rows=1000 upserted=1000 total=1000
/Users/alita/.openclaw/workspace/codes/TradeMaster_v2/scripts/backfill_futu_kline_mysql.py:78: DeprecationWarning: datetime.datetime.utcnow() is deprecated and scheduled for removal in a future version. Use timezone-aware objects to represent datetimes in UTC: datetime.datetime.now(datetime.UTC).
  now_utc = datetime.utcnow().strftime("%Y-%m-%d %H:%M:%S")
[US.AMZN 5m] page=2 rows=1000 upserted=1000 total=2000
/Users/alita/.openclaw/workspace/codes/TradeMaster_v2/scripts/backfill_futu_kline_mysql.py:78: DeprecationWarning: datetime.datetime.utcnow() is deprecated and scheduled for removal in a future version. Use timezone-aware objects to represent datetimes in UTC: datetime.datetime.now(datetime.UTC).
  now_utc = datetime.utcnow().strftime("%Y-%m-%d %H:%M:%S")
[US.AMZN 5m] page=3 rows=1000 upserted=1000 total=3000
/Users/alita/.openclaw/workspace/codes/TradeMaster_v2/scripts/backfill_futu_kline_mysql.py:78: DeprecationWarning: datetime.datetime.utcnow() is deprecated and scheduled for removal in a future version. Use timezone-aware objects to represent datetimes in UTC: datetime.datetime.now(datetime.UTC).
  now_utc = datetime.utcnow().strftime("%Y-%m-%d %H:%M:%S")
[US.AMZN 5m] page=4 rows=1000 upserted=1000 total=4000
/Users/alita/.openclaw/workspace/codes/TradeMaster_v2/scripts/backfill_futu_kline_mysql.py:78: DeprecationWarning: datetime.datetime.utcnow() is deprecated and scheduled for removal in a future version. Use timezone-aware objects to represent datetimes in UTC: datetime.datetime.now(datetime.UTC).
  now_utc = datetime.utcnow().strftime("%Y-%m-%d %H:%M:%S")
[US.AMZN 5m] page=5 rows=1000 upserted=1000 total=5000
/Users/alita/.openclaw/workspace/codes/TradeMaster_v2/scripts/backfill_futu_kline_mysql.py:78: DeprecationWarning: datetime.datetime.utcnow() is deprecated and scheduled for removal in a future version. Use timezone-aware objects to represent datetimes in UTC: datetime.datetime.now(datetime.UTC).
  now_utc = datetime.utcnow().strftime("%Y-%m-%d %H:%M:%S")
[US.AMZN 5m] page=6 rows=1000 upserted=1000 total=6000
/Users/alita/.openclaw/workspace/codes/TradeMaster_v2/scripts/backfill_futu_kline_mysql.py:78: DeprecationWarning: datetime.datetime.utcnow() is deprecated and scheduled for removal in a future version. Use timezone-aware objects to represent datetimes in UTC: datetime.datetime.now(datetime.UTC).
  now_utc = datetime.utcnow().strftime("%Y-%m-%d %H:%M:%S")
[US.AMZN 5m] page=7 rows=1000 upserted=1000 total=7000
[US.AMZN 5m] ERROR: Futu error: PacketErr.Timeout
/Users/alita/.openclaw/workspace/codes/TradeMaster_v2/scripts/backfill_futu_kline_mysql.py:78: DeprecationWarning: datetime.datetime.utcnow() is deprecated and scheduled for removal in a future version. Use timezone-aware objects to represent datetimes in UTC: datetime.datetime.now(datetime.UTC).
  now_utc = datetime.utcnow().strftime("%Y-%m-%d %H:%M:%S")
[US.AMZN 1h] page=1 rows=1000 upserted=1000 total=1000
/Users/alita/.openclaw/workspace/codes/TradeMaster_v2/scripts/backfill_futu_kline_mysql.py:78: DeprecationWarning: datetime.datetime.utcnow() is deprecated and scheduled for removal in a future version. Use timezone-aware objects to represent datetimes in UTC: datetime.datetime.now(datetime.UTC).
  now_utc = datetime.utcnow().strftime("%Y-%m-%d %H:%M:%S")
[US.AMZN 1h] page=2 rows=965 upserted=965 total=1965
/Users/alita/.openclaw/workspace/codes/TradeMaster_v2/scripts/backfill_futu_kline_mysql.py:78: DeprecationWarning: datetime.datetime.utcnow() is deprecated and scheduled for removal in a future version. Use timezone-aware objects to represent datetimes in UTC: datetime.datetime.now(datetime.UTC).
  now_utc = datetime.utcnow().strftime("%Y-%m-%d %H:%M:%S")
[US.AVGO 5m] page=1 rows=1000 upserted=1000 total=1000
/Users/alita/.openclaw/workspace/codes/TradeMaster_v2/scripts/backfill_futu_kline_mysql.py:78: DeprecationWarning: datetime.datetime.utcnow() is deprecated and scheduled for removal in a future version. Use timezone-aware objects to represent datetimes in UTC: datetime.datetime.now(datetime.UTC).
  now_utc = datetime.utcnow().strftime("%Y-%m-%d %H:%M:%S")
[US.AVGO 5m] page=2 rows=1000 upserted=1000 total=2000
/Users/alita/.openclaw/workspace/codes/TradeMaster_v2/scripts/backfill_futu_kline_mysql.py:78: DeprecationWarning: datetime.datetime.utcnow() is deprecated and scheduled for removal in a future version. Use timezone-aware objects to represent datetimes in UTC: datetime.datetime.now(datetime.UTC).
  now_utc = datetime.utcnow().strftime("%Y-%m-%d %H:%M:%S")
[US.AVGO 5m] page=3 rows=1000 upserted=1000 total=3000
/Users/alita/.openclaw/workspace/codes/TradeMaster_v2/scripts/backfill_futu_kline_mysql.py:78: DeprecationWarning: datetime.datetime.utcnow() is deprecated and scheduled for removal in a future version. Use timezone-aware objects to represent datetimes in UTC: datetime.datetime.now(datetime.UTC).
  now_utc = datetime.utcnow().strftime("%Y-%m-%d %H:%M:%S")
[US.AVGO 5m] page=4 rows=1000 upserted=1000 total=4000
/Users/alita/.openclaw/workspace/codes/TradeMaster_v2/scripts/backfill_futu_kline_mysql.py:78: DeprecationWarning: datetime.datetime.utcnow() is deprecated and scheduled for removal in a future version. Use timezone-aware objects to represent datetimes in UTC: datetime.datetime.now(datetime.UTC).
  now_utc = datetime.utcnow().strftime("%Y-%m-%d %H:%M:%S")
[US.AVGO 5m] page=5 rows=1000 upserted=1000 total=5000
/Users/alita/.openclaw/workspace/codes/TradeMaster_v2/scripts/backfill_futu_kline_mysql.py:78: DeprecationWarning: datetime.datetime.utcnow() is deprecated and scheduled for removal in a future version. Use timezone-aware objects to represent datetimes in UTC: datetime.datetime.now(datetime.UTC).
  now_utc = datetime.utcnow().strftime("%Y-%m-%d %H:%M:%S")
[US.AVGO 5m] page=6 rows=1000 upserted=1000 total=6000
/Users/alita/.openclaw/workspace/codes/TradeMaster_v2/scripts/backfill_futu_kline_mysql.py:78: DeprecationWarning: datetime.datetime.utcnow() is deprecated and scheduled for removal in a future version. Use timezone-aware objects to represent datetimes in UTC: datetime.datetime.now(datetime.UTC).
  now_utc = datetime.utcnow().strftime("%Y-%m-%d %H:%M:%S")
[US.AVGO 5m] page=7 rows=1000 upserted=1000 total=7000
/Users/alita/.openclaw/workspace/codes/TradeMaster_v2/scripts/backfill_futu_kline_mysql.py:78: DeprecationWarning: datetime.datetime.utcnow() is deprecated and scheduled for removal in a future version. Use timezone-aware objects to represent datetimes in UTC: datetime.datetime.now(datetime.UTC).
  now_utc = datetime.utcnow().strftime("%Y-%m-%d %H:%M:%S")
[US.AVGO 5m] page=8 rows=1000 upserted=1000 total=8000
/Users/alita/.openclaw/workspace/codes/TradeMaster_v2/scripts/backfill_futu_kline_mysql.py:78: DeprecationWarning: datetime.datetime.utcnow() is deprecated and scheduled for removal in a future version. Use timezone-aware objects to represent datetimes in UTC: datetime.datetime.now(datetime.UTC).
  now_utc = datetime.utcnow().strftime("%Y-%m-%d %H:%M:%S")
[US.AVGO 5m] page=9 rows=1000 upserted=1000 total=9000
/Users/alita/.openclaw/workspace/codes/TradeMaster_v2/scripts/backfill_futu_kline_mysql.py:78: DeprecationWarning: datetime.datetime.utcnow() is deprecated and scheduled for removal in a future version. Use timezone-aware objects to represent datetimes in UTC: datetime.datetime.now(datetime.UTC).
  now_utc = datetime.utcnow().strftime("%Y-%m-%d %H:%M:%S")
[US.AVGO 5m] page=10 rows=1000 upserted=1000 total=10000
/Users/alita/.openclaw/workspace/codes/TradeMaster_v2/scripts/backfill_futu_kline_mysql.py:78: DeprecationWarning: datetime.datetime.utcnow() is deprecated and scheduled for removal in a future version. Use timezone-aware objects to represent datetimes in UTC: datetime.datetime.now(datetime.UTC).
  now_utc = datetime.utcnow().strftime("%Y-%m-%d %H:%M:%S")
[US.AVGO 5m] page=11 rows=1000 upserted=1000 total=11000
/Users/alita/.openclaw/workspace/codes/TradeMaster_v2/scripts/backfill_futu_kline_mysql.py:78: DeprecationWarning: datetime.datetime.utcnow() is deprecated and scheduled for removal in a future version. Use timezone-aware objects to represent datetimes in UTC: datetime.datetime.now(datetime.UTC).
  now_utc = datetime.utcnow().strftime("%Y-%m-%d %H:%M:%S")
[US.AVGO 5m] page=12 rows=1000 upserted=1000 total=12000
/Users/alita/.openclaw/workspace/codes/TradeMaster_v2/scripts/backfill_futu_kline_mysql.py:78: DeprecationWarning: datetime.datetime.utcnow() is deprecated and scheduled for removal in a future version. Use timezone-aware objects to represent datetimes in UTC: datetime.datetime.now(datetime.UTC).
  now_utc = datetime.utcnow().strftime("%Y-%m-%d %H:%M:%S")
[US.AVGO 5m] page=13 rows=1000 upserted=1000 total=13000
/Users/alita/.openclaw/workspace/codes/TradeMaster_v2/scripts/backfill_futu_kline_mysql.py:78: DeprecationWarning: datetime.datetime.utcnow() is deprecated and scheduled for removal in a future version. Use timezone-aware objects to represent datetimes in UTC: datetime.datetime.now(datetime.UTC).
  now_utc = datetime.utcnow().strftime("%Y-%m-%d %H:%M:%S")
[US.AVGO 5m] page=14 rows=1000 upserted=1000 total=14000
/Users/alita/.openclaw/workspace/codes/TradeMaster_v2/scripts/backfill_futu_kline_mysql.py:78: DeprecationWarning: datetime.datetime.utcnow() is deprecated and scheduled for removal in a future version. Use timezone-aware objects to represent datetimes in UTC: datetime.datetime.now(datetime.UTC).
  now_utc = datetime.utcnow().strftime("%Y-%m-%d %H:%M:%S")
[US.AVGO 5m] page=15 rows=1000 upserted=1000 total=15000
/Users/alita/.openclaw/workspace/codes/TradeMaster_v2/scripts/backfill_futu_kline_mysql.py:78: DeprecationWarning: datetime.datetime.utcnow() is deprecated and scheduled for removal in a future version. Use timezone-aware objects to represent datetimes in UTC: datetime.datetime.now(datetime.UTC).
  now_utc = datetime.utcnow().strftime("%Y-%m-%d %H:%M:%S")
[US.AVGO 5m] page=16 rows=1000 upserted=1000 total=16000
/Users/alita/.openclaw/workspace/codes/TradeMaster_v2/scripts/backfill_futu_kline_mysql.py:78: DeprecationWarning: datetime.datetime.utcnow() is deprecated and scheduled for removal in a future version. Use timezone-aware objects to represent datetimes in UTC: datetime.datetime.now(datetime.UTC).
  now_utc = datetime.utcnow().strftime("%Y-%m-%d %H:%M:%S")
[US.AVGO 5m] page=17 rows=1000 upserted=1000 total=17000
/Users/alita/.openclaw/workspace/codes/TradeMaster_v2/scripts/backfill_futu_kline_mysql.py:78: DeprecationWarning: datetime.datetime.utcnow() is deprecated and scheduled for removal in a future version. Use timezone-aware objects to represent datetimes in UTC: datetime.datetime.now(datetime.UTC).
  now_utc = datetime.utcnow().strftime("%Y-%m-%d %H:%M:%S")
[US.AVGO 5m] page=18 rows=1000 upserted=1000 total=18000
/Users/alita/.openclaw/workspace/codes/TradeMaster_v2/scripts/backfill_futu_kline_mysql.py:78: DeprecationWarning: datetime.datetime.utcnow() is deprecated and scheduled for removal in a future version. Use timezone-aware objects to represent datetimes in UTC: datetime.datetime.now(datetime.UTC).
  now_utc = datetime.utcnow().strftime("%Y-%m-%d %H:%M:%S")
[US.AVGO 5m] page=19 rows=1000 upserted=1000 total=19000
/Users/alita/.openclaw/workspace/codes/TradeMaster_v2/scripts/backfill_futu_kline_mysql.py:78: DeprecationWarning: datetime.datetime.utcnow() is deprecated and scheduled for removal in a future version. Use timezone-aware objects to represent datetimes in UTC: datetime.datetime.now(datetime.UTC).
  now_utc = datetime.utcnow().strftime("%Y-%m-%d %H:%M:%S")
[US.AVGO 5m] page=20 rows=1000 upserted=1000 total=20000
/Users/alita/.openclaw/workspace/codes/TradeMaster_v2/scripts/backfill_futu_kline_mysql.py:78: DeprecationWarning: datetime.datetime.utcnow() is deprecated and scheduled for removal in a future version. Use timezone-aware objects to represent datetimes in UTC: datetime.datetime.now(datetime.UTC).
  now_utc = datetime.utcnow().strftime("%Y-%m-%d %H:%M:%S")
[US.AVGO 5m] page=21 rows=1000 upserted=1000 total=21000
/Users/alita/.openclaw/workspace/codes/TradeMaster_v2/scripts/backfill_futu_kline_mysql.py:78: DeprecationWarning: datetime.datetime.utcnow() is deprecated and scheduled for removal in a future version. Use timezone-aware objects to represent datetimes in UTC: datetime.datetime.now(datetime.UTC).
  now_utc = datetime.utcnow().strftime("%Y-%m-%d %H:%M:%S")
[US.AVGO 5m] page=22 rows=888 upserted=888 total=21888
/Users/alita/.openclaw/workspace/codes/TradeMaster_v2/scripts/backfill_futu_kline_mysql.py:78: DeprecationWarning: datetime.datetime.utcnow() is deprecated and scheduled for removal in a future version. Use timezone-aware objects to represent datetimes in UTC: datetime.datetime.now(datetime.UTC).
  now_utc = datetime.utcnow().strftime("%Y-%m-%d %H:%M:%S")
[US.AVGO 1h] page=1 rows=1000 upserted=1000 total=1000
/Users/alita/.openclaw/workspace/codes/TradeMaster_v2/scripts/backfill_futu_kline_mysql.py:78: DeprecationWarning: datetime.datetime.utcnow() is deprecated and scheduled for removal in a future version. Use timezone-aware objects to represent datetimes in UTC: datetime.datetime.now(datetime.UTC).
  now_utc = datetime.utcnow().strftime("%Y-%m-%d %H:%M:%S")
[US.AVGO 1h] page=2 rows=965 upserted=965 total=1965
/Users/alita/.openclaw/workspace/codes/TradeMaster_v2/scripts/backfill_futu_kline_mysql.py:78: DeprecationWarning: datetime.datetime.utcnow() is deprecated and scheduled for removal in a future version. Use timezone-aware objects to represent datetimes in UTC: datetime.datetime.now(datetime.UTC).
  now_utc = datetime.utcnow().strftime("%Y-%m-%d %H:%M:%S")
[US.COIN 5m] page=1 rows=1000 upserted=1000 total=1000
/Users/alita/.openclaw/workspace/codes/TradeMaster_v2/scripts/backfill_futu_kline_mysql.py:78: DeprecationWarning: datetime.datetime.utcnow() is deprecated and scheduled for removal in a future version. Use timezone-aware objects to represent datetimes in UTC: datetime.datetime.now(datetime.UTC).
  now_utc = datetime.utcnow().strftime("%Y-%m-%d %H:%M:%S")
[US.COIN 5m] page=2 rows=1000 upserted=1000 total=2000
/Users/alita/.openclaw/workspace/codes/TradeMaster_v2/scripts/backfill_futu_kline_mysql.py:78: DeprecationWarning: datetime.datetime.utcnow() is deprecated and scheduled for removal in a future version. Use timezone-aware objects to represent datetimes in UTC: datetime.datetime.now(datetime.UTC).
  now_utc = datetime.utcnow().strftime("%Y-%m-%d %H:%M:%S")
[US.COIN 5m] page=3 rows=1000 upserted=1000 total=3000
/Users/alita/.openclaw/workspace/codes/TradeMaster_v2/scripts/backfill_futu_kline_mysql.py:78: DeprecationWarning: datetime.datetime.utcnow() is deprecated and scheduled for removal in a future version. Use timezone-aware objects to represent datetimes in UTC: datetime.datetime.now(datetime.UTC).
  now_utc = datetime.utcnow().strftime("%Y-%m-%d %H:%M:%S")
[US.COIN 5m] page=4 rows=1000 upserted=1000 total=4000
/Users/alita/.openclaw/workspace/codes/TradeMaster_v2/scripts/backfill_futu_kline_mysql.py:78: DeprecationWarning: datetime.datetime.utcnow() is deprecated and scheduled for removal in a future version. Use timezone-aware objects to represent datetimes in UTC: datetime.datetime.now(datetime.UTC).
  now_utc = datetime.utcnow().strftime("%Y-%m-%d %H:%M:%S")
[US.COIN 5m] page=5 rows=1000 upserted=1000 total=5000
/Users/alita/.openclaw/workspace/codes/TradeMaster_v2/scripts/backfill_futu_kline_mysql.py:78: DeprecationWarning: datetime.datetime.utcnow() is deprecated and scheduled for removal in a future version. Use timezone-aware objects to represent datetimes in UTC: datetime.datetime.now(datetime.UTC).
  now_utc = datetime.utcnow().strftime("%Y-%m-%d %H:%M:%S")
[US.COIN 5m] page=6 rows=1000 upserted=1000 total=6000
[US.COIN 5m] ERROR: Futu error: PacketErr.Timeout
/Users/alita/.openclaw/workspace/codes/TradeMaster_v2/scripts/backfill_futu_kline_mysql.py:78: DeprecationWarning: datetime.datetime.utcnow() is deprecated and scheduled for removal in a future version. Use timezone-aware objects to represent datetimes in UTC: datetime.datetime.now(datetime.UTC).
  now_utc = datetime.utcnow().strftime("%Y-%m-%d %H:%M:%S")
[US.COIN 1h] page=1 rows=1000 upserted=1000 total=1000
/Users/alita/.openclaw/workspace/codes/TradeMaster_v2/scripts/backfill_futu_kline_mysql.py:78: DeprecationWarning: datetime.datetime.utcnow() is deprecated and scheduled for removal in a future version. Use timezone-aware objects to represent datetimes in UTC: datetime.datetime.now(datetime.UTC).
  now_utc = datetime.utcnow().strftime("%Y-%m-%d %H:%M:%S")
[US.COIN 1h] page=2 rows=965 upserted=965 total=1965
/Users/alita/.openclaw/workspace/codes/TradeMaster_v2/scripts/backfill_futu_kline_mysql.py:78: DeprecationWarning: datetime.datetime.utcnow() is deprecated and scheduled for removal in a future version. Use timezone-aware objects to represent datetimes in UTC: datetime.datetime.now(datetime.UTC).
  now_utc = datetime.utcnow().strftime("%Y-%m-%d %H:%M:%S")
[US.CRM 5m] page=1 rows=1000 upserted=1000 total=1000
/Users/alita/.openclaw/workspace/codes/TradeMaster_v2/scripts/backfill_futu_kline_mysql.py:78: DeprecationWarning: datetime.datetime.utcnow() is deprecated and scheduled for removal in a future version. Use timezone-aware objects to represent datetimes in UTC: datetime.datetime.now(datetime.UTC).
  now_utc = datetime.utcnow().strftime("%Y-%m-%d %H:%M:%S")
[US.CRM 5m] page=2 rows=1000 upserted=1000 total=2000
/Users/alita/.openclaw/workspace/codes/TradeMaster_v2/scripts/backfill_futu_kline_mysql.py:78: DeprecationWarning: datetime.datetime.utcnow() is deprecated and scheduled for removal in a future version. Use timezone-aware objects to represent datetimes in UTC: datetime.datetime.now(datetime.UTC).
  now_utc = datetime.utcnow().strftime("%Y-%m-%d %H:%M:%S")
[US.CRM 5m] page=3 rows=1000 upserted=1000 total=3000
/Users/alita/.openclaw/workspace/codes/TradeMaster_v2/scripts/backfill_futu_kline_mysql.py:78: DeprecationWarning: datetime.datetime.utcnow() is deprecated and scheduled for removal in a future version. Use timezone-aware objects to represent datetimes in UTC: datetime.datetime.now(datetime.UTC).
  now_utc = datetime.utcnow().strftime("%Y-%m-%d %H:%M:%S")
[US.CRM 5m] page=4 rows=1000 upserted=1000 total=4000
/Users/alita/.openclaw/workspace/codes/TradeMaster_v2/scripts/backfill_futu_kline_mysql.py:78: DeprecationWarning: datetime.datetime.utcnow() is deprecated and scheduled for removal in a future version. Use timezone-aware objects to represent datetimes in UTC: datetime.datetime.now(datetime.UTC).
  now_utc = datetime.utcnow().strftime("%Y-%m-%d %H:%M:%S")
[US.CRM 5m] page=5 rows=1000 upserted=1000 total=5000
/Users/alita/.openclaw/workspace/codes/TradeMaster_v2/scripts/backfill_futu_kline_mysql.py:78: DeprecationWarning: datetime.datetime.utcnow() is deprecated and scheduled for removal in a future version. Use timezone-aware objects to represent datetimes in UTC: datetime.datetime.now(datetime.UTC).
  now_utc = datetime.utcnow().strftime("%Y-%m-%d %H:%M:%S")
[US.CRM 5m] page=6 rows=1000 upserted=1000 total=6000
/Users/alita/.openclaw/workspace/codes/TradeMaster_v2/scripts/backfill_futu_kline_mysql.py:78: DeprecationWarning: datetime.datetime.utcnow() is deprecated and scheduled for removal in a future version. Use timezone-aware objects to represent datetimes in UTC: datetime.datetime.now(datetime.UTC).
  now_utc = datetime.utcnow().strftime("%Y-%m-%d %H:%M:%S")
[US.CRM 5m] page=7 rows=1000 upserted=1000 total=7000
/Users/alita/.openclaw/workspace/codes/TradeMaster_v2/scripts/backfill_futu_kline_mysql.py:78: DeprecationWarning: datetime.datetime.utcnow() is deprecated and scheduled for removal in a future version. Use timezone-aware objects to represent datetimes in UTC: datetime.datetime.now(datetime.UTC).
  now_utc = datetime.utcnow().strftime("%Y-%m-%d %H:%M:%S")
[US.CRM 5m] page=8 rows=1000 upserted=1000 total=8000
/Users/alita/.openclaw/workspace/codes/TradeMaster_v2/scripts/backfill_futu_kline_mysql.py:78: DeprecationWarning: datetime.datetime.utcnow() is deprecated and scheduled for removal in a future version. Use timezone-aware objects to represent datetimes in UTC: datetime.datetime.now(datetime.UTC).
  now_utc = datetime.utcnow().strftime("%Y-%m-%d %H:%M:%S")
[US.CRM 5m] page=9 rows=1000 upserted=1000 total=9000
/Users/alita/.openclaw/workspace/codes/TradeMaster_v2/scripts/backfill_futu_kline_mysql.py:78: DeprecationWarning: datetime.datetime.utcnow() is deprecated and scheduled for removal in a future version. Use timezone-aware objects to represent datetimes in UTC: datetime.datetime.now(datetime.UTC).
  now_utc = datetime.utcnow().strftime("%Y-%m-%d %H:%M:%S")
[US.CRM 5m] page=10 rows=1000 upserted=1000 total=10000
/Users/alita/.openclaw/workspace/codes/TradeMaster_v2/scripts/backfill_futu_kline_mysql.py:78: DeprecationWarning: datetime.datetime.utcnow() is deprecated and scheduled for removal in a future version. Use timezone-aware objects to represent datetimes in UTC: datetime.datetime.now(datetime.UTC).
  now_utc = datetime.utcnow().strftime("%Y-%m-%d %H:%M:%S")
[US.CRM 5m] page=11 rows=1000 upserted=1000 total=11000
/Users/alita/.openclaw/workspace/codes/TradeMaster_v2/scripts/backfill_futu_kline_mysql.py:78: DeprecationWarning: datetime.datetime.utcnow() is deprecated and scheduled for removal in a future version. Use timezone-aware objects to represent datetimes in UTC: datetime.datetime.now(datetime.UTC).
  now_utc = datetime.utcnow().strftime("%Y-%m-%d %H:%M:%S")
[US.CRM 5m] page=12 rows=1000 upserted=1000 total=12000
/Users/alita/.openclaw/workspace/codes/TradeMaster_v2/scripts/backfill_futu_kline_mysql.py:78: DeprecationWarning: datetime.datetime.utcnow() is deprecated and scheduled for removal in a future version. Use timezone-aware objects to represent datetimes in UTC: datetime.datetime.now(datetime.UTC).
  now_utc = datetime.utcnow().strftime("%Y-%m-%d %H:%M:%S")
[US.CRM 5m] page=13 rows=1000 upserted=1000 total=13000
/Users/alita/.openclaw/workspace/codes/TradeMaster_v2/scripts/backfill_futu_kline_mysql.py:78: DeprecationWarning: datetime.datetime.utcnow() is deprecated and scheduled for removal in a future version. Use timezone-aware objects to represent datetimes in UTC: datetime.datetime.now(datetime.UTC).
  now_utc = datetime.utcnow().strftime("%Y-%m-%d %H:%M:%S")
[US.CRM 5m] page=14 rows=1000 upserted=1000 total=14000
/Users/alita/.openclaw/workspace/codes/TradeMaster_v2/scripts/backfill_futu_kline_mysql.py:78: DeprecationWarning: datetime.datetime.utcnow() is deprecated and scheduled for removal in a future version. Use timezone-aware objects to represent datetimes in UTC: datetime.datetime.now(datetime.UTC).
  now_utc = datetime.utcnow().strftime("%Y-%m-%d %H:%M:%S")
[US.CRM 5m] page=15 rows=1000 upserted=1000 total=15000
/Users/alita/.openclaw/workspace/codes/TradeMaster_v2/scripts/backfill_futu_kline_mysql.py:78: DeprecationWarning: datetime.datetime.utcnow() is deprecated and scheduled for removal in a future version. Use timezone-aware objects to represent datetimes in UTC: datetime.datetime.now(datetime.UTC).
  now_utc = datetime.utcnow().strftime("%Y-%m-%d %H:%M:%S")
[US.CRM 5m] page=16 rows=1000 upserted=1000 total=16000
/Users/alita/.openclaw/workspace/codes/TradeMaster_v2/scripts/backfill_futu_kline_mysql.py:78: DeprecationWarning: datetime.datetime.utcnow() is deprecated and scheduled for removal in a future version. Use timezone-aware objects to represent datetimes in UTC: datetime.datetime.now(datetime.UTC).
  now_utc = datetime.utcnow().strftime("%Y-%m-%d %H:%M:%S")
[US.CRM 5m] page=17 rows=1000 upserted=1000 total=17000
/Users/alita/.openclaw/workspace/codes/TradeMaster_v2/scripts/backfill_futu_kline_mysql.py:78: DeprecationWarning: datetime.datetime.utcnow() is deprecated and scheduled for removal in a future version. Use timezone-aware objects to represent datetimes in UTC: datetime.datetime.now(datetime.UTC).
  now_utc = datetime.utcnow().strftime("%Y-%m-%d %H:%M:%S")
[US.CRM 5m] page=18 rows=1000 upserted=1000 total=18000
/Users/alita/.openclaw/workspace/codes/TradeMaster_v2/scripts/backfill_futu_kline_mysql.py:78: DeprecationWarning: datetime.datetime.utcnow() is deprecated and scheduled for removal in a future version. Use timezone-aware objects to represent datetimes in UTC: datetime.datetime.now(datetime.UTC).
  now_utc = datetime.utcnow().strftime("%Y-%m-%d %H:%M:%S")
[US.CRM 5m] page=19 rows=1000 upserted=1000 total=19000
/Users/alita/.openclaw/workspace/codes/TradeMaster_v2/scripts/backfill_futu_kline_mysql.py:78: DeprecationWarning: datetime.datetime.utcnow() is deprecated and scheduled for removal in a future version. Use timezone-aware objects to represent datetimes in UTC: datetime.datetime.now(datetime.UTC).
  now_utc = datetime.utcnow().strftime("%Y-%m-%d %H:%M:%S")
[US.CRM 5m] page=20 rows=1000 upserted=1000 total=20000
/Users/alita/.openclaw/workspace/codes/TradeMaster_v2/scripts/backfill_futu_kline_mysql.py:78: DeprecationWarning: datetime.datetime.utcnow() is deprecated and scheduled for removal in a future version. Use timezone-aware objects to represent datetimes in UTC: datetime.datetime.now(datetime.UTC).
  now_utc = datetime.utcnow().strftime("%Y-%m-%d %H:%M:%S")
[US.CRM 5m] page=21 rows=1000 upserted=1000 total=21000
/Users/alita/.openclaw/workspace/codes/TradeMaster_v2/scripts/backfill_futu_kline_mysql.py:78: DeprecationWarning: datetime.datetime.utcnow() is deprecated and scheduled for removal in a future version. Use timezone-aware objects to represent datetimes in UTC: datetime.datetime.now(datetime.UTC).
  now_utc = datetime.utcnow().strftime("%Y-%m-%d %H:%M:%S")
[US.CRM 5m] page=22 rows=888 upserted=888 total=21888
/Users/alita/.openclaw/workspace/codes/TradeMaster_v2/scripts/backfill_futu_kline_mysql.py:78: DeprecationWarning: datetime.datetime.utcnow() is deprecated and scheduled for removal in a future version. Use timezone-aware objects to represent datetimes in UTC: datetime.datetime.now(datetime.UTC).
  now_utc = datetime.utcnow().strftime("%Y-%m-%d %H:%M:%S")
[US.CRM 1h] page=1 rows=1000 upserted=1000 total=1000
/Users/alita/.openclaw/workspace/codes/TradeMaster_v2/scripts/backfill_futu_kline_mysql.py:78: DeprecationWarning: datetime.datetime.utcnow() is deprecated and scheduled for removal in a future version. Use timezone-aware objects to represent datetimes in UTC: datetime.datetime.now(datetime.UTC).
  now_utc = datetime.utcnow().strftime("%Y-%m-%d %H:%M:%S")
[US.CRM 1h] page=2 rows=965 upserted=965 total=1965
/Users/alita/.openclaw/workspace/codes/TradeMaster_v2/scripts/backfill_futu_kline_mysql.py:78: DeprecationWarning: datetime.datetime.utcnow() is deprecated and scheduled for removal in a future version. Use timezone-aware objects to represent datetimes in UTC: datetime.datetime.now(datetime.UTC).
  now_utc = datetime.utcnow().strftime("%Y-%m-%d %H:%M:%S")
[US.GOOG 5m] page=1 rows=1000 upserted=1000 total=1000
[US.GOOG 5m] ERROR: Futu error: PacketErr.Timeout
[US.GOOG 1h] ERROR: Futu error: PacketErr.Timeout
/Users/alita/.openclaw/workspace/codes/TradeMaster_v2/scripts/backfill_futu_kline_mysql.py:78: DeprecationWarning: datetime.datetime.utcnow() is deprecated and scheduled for removal in a future version. Use timezone-aware objects to represent datetimes in UTC: datetime.datetime.now(datetime.UTC).
  now_utc = datetime.utcnow().strftime("%Y-%m-%d %H:%M:%S")
[US.GOOGL 5m] page=1 rows=1000 upserted=1000 total=1000
/Users/alita/.openclaw/workspace/codes/TradeMaster_v2/scripts/backfill_futu_kline_mysql.py:78: DeprecationWarning: datetime.datetime.utcnow() is deprecated and scheduled for removal in a future version. Use timezone-aware objects to represent datetimes in UTC: datetime.datetime.now(datetime.UTC).
  now_utc = datetime.utcnow().strftime("%Y-%m-%d %H:%M:%S")
[US.GOOGL 5m] page=2 rows=1000 upserted=1000 total=2000
/Users/alita/.openclaw/workspace/codes/TradeMaster_v2/scripts/backfill_futu_kline_mysql.py:78: DeprecationWarning: datetime.datetime.utcnow() is deprecated and scheduled for removal in a future version. Use timezone-aware objects to represent datetimes in UTC: datetime.datetime.now(datetime.UTC).
  now_utc = datetime.utcnow().strftime("%Y-%m-%d %H:%M:%S")
[US.GOOGL 5m] page=3 rows=1000 upserted=1000 total=3000
/Users/alita/.openclaw/workspace/codes/TradeMaster_v2/scripts/backfill_futu_kline_mysql.py:78: DeprecationWarning: datetime.datetime.utcnow() is deprecated and scheduled for removal in a future version. Use timezone-aware objects to represent datetimes in UTC: datetime.datetime.now(datetime.UTC).
  now_utc = datetime.utcnow().strftime("%Y-%m-%d %H:%M:%S")
[US.GOOGL 5m] page=4 rows=1000 upserted=1000 total=4000
[US.GOOGL 5m] ERROR: Futu error: PacketErr.Timeout
[US.GOOGL 1h] ERROR: Futu error: PacketErr.Timeout
/Users/alita/.openclaw/workspace/codes/TradeMaster_v2/scripts/backfill_futu_kline_mysql.py:78: DeprecationWarning: datetime.datetime.utcnow() is deprecated and scheduled for removal in a future version. Use timezone-aware objects to represent datetimes in UTC: datetime.datetime.now(datetime.UTC).
  now_utc = datetime.utcnow().strftime("%Y-%m-%d %H:%M:%S")
[US.META 5m] page=1 rows=1000 upserted=1000 total=1000
/Users/alita/.openclaw/workspace/codes/TradeMaster_v2/scripts/backfill_futu_kline_mysql.py:78: DeprecationWarning: datetime.datetime.utcnow() is deprecated and scheduled for removal in a future version. Use timezone-aware objects to represent datetimes in UTC: datetime.datetime.now(datetime.UTC).
  now_utc = datetime.utcnow().strftime("%Y-%m-%d %H:%M:%S")
[US.META 5m] page=2 rows=1000 upserted=1000 total=2000
/Users/alita/.openclaw/workspace/codes/TradeMaster_v2/scripts/backfill_futu_kline_mysql.py:78: DeprecationWarning: datetime.datetime.utcnow() is deprecated and scheduled for removal in a future version. Use timezone-aware objects to represent datetimes in UTC: datetime.datetime.now(datetime.UTC).
  now_utc = datetime.utcnow().strftime("%Y-%m-%d %H:%M:%S")
[US.META 5m] page=3 rows=1000 upserted=1000 total=3000
/Users/alita/.openclaw/workspace/codes/TradeMaster_v2/scripts/backfill_futu_kline_mysql.py:78: DeprecationWarning: datetime.datetime.utcnow() is deprecated and scheduled for removal in a future version. Use timezone-aware objects to represent datetimes in UTC: datetime.datetime.now(datetime.UTC).
  now_utc = datetime.utcnow().strftime("%Y-%m-%d %H:%M:%S")
[US.META 5m] page=4 rows=1000 upserted=1000 total=4000
/Users/alita/.openclaw/workspace/codes/TradeMaster_v2/scripts/backfill_futu_kline_mysql.py:78: DeprecationWarning: datetime.datetime.utcnow() is deprecated and scheduled for removal in a future version. Use timezone-aware objects to represent datetimes in UTC: datetime.datetime.now(datetime.UTC).
  now_utc = datetime.utcnow().strftime("%Y-%m-%d %H:%M:%S")
[US.META 5m] page=5 rows=1000 upserted=1000 total=5000
/Users/alita/.openclaw/workspace/codes/TradeMaster_v2/scripts/backfill_futu_kline_mysql.py:78: DeprecationWarning: datetime.datetime.utcnow() is deprecated and scheduled for removal in a future version. Use timezone-aware objects to represent datetimes in UTC: datetime.datetime.now(datetime.UTC).
  now_utc = datetime.utcnow().strftime("%Y-%m-%d %H:%M:%S")
[US.META 5m] page=6 rows=1000 upserted=1000 total=6000
/Users/alita/.openclaw/workspace/codes/TradeMaster_v2/scripts/backfill_futu_kline_mysql.py:78: DeprecationWarning: datetime.datetime.utcnow() is deprecated and scheduled for removal in a future version. Use timezone-aware objects to represent datetimes in UTC: datetime.datetime.now(datetime.UTC).
  now_utc = datetime.utcnow().strftime("%Y-%m-%d %H:%M:%S")
[US.META 5m] page=7 rows=1000 upserted=1000 total=7000
/Users/alita/.openclaw/workspace/codes/TradeMaster_v2/scripts/backfill_futu_kline_mysql.py:78: DeprecationWarning: datetime.datetime.utcnow() is deprecated and scheduled for removal in a future version. Use timezone-aware objects to represent datetimes in UTC: datetime.datetime.now(datetime.UTC).
  now_utc = datetime.utcnow().strftime("%Y-%m-%d %H:%M:%S")
[US.META 5m] page=8 rows=1000 upserted=1000 total=8000
/Users/alita/.openclaw/workspace/codes/TradeMaster_v2/scripts/backfill_futu_kline_mysql.py:78: DeprecationWarning: datetime.datetime.utcnow() is deprecated and scheduled for removal in a future version. Use timezone-aware objects to represent datetimes in UTC: datetime.datetime.now(datetime.UTC).
  now_utc = datetime.utcnow().strftime("%Y-%m-%d %H:%M:%S")
[US.META 5m] page=9 rows=1000 upserted=1000 total=9000
/Users/alita/.openclaw/workspace/codes/TradeMaster_v2/scripts/backfill_futu_kline_mysql.py:78: DeprecationWarning: datetime.datetime.utcnow() is deprecated and scheduled for removal in a future version. Use timezone-aware objects to represent datetimes in UTC: datetime.datetime.now(datetime.UTC).
  now_utc = datetime.utcnow().strftime("%Y-%m-%d %H:%M:%S")
[US.META 5m] page=10 rows=1000 upserted=1000 total=10000
/Users/alita/.openclaw/workspace/codes/TradeMaster_v2/scripts/backfill_futu_kline_mysql.py:78: DeprecationWarning: datetime.datetime.utcnow() is deprecated and scheduled for removal in a future version. Use timezone-aware objects to represent datetimes in UTC: datetime.datetime.now(datetime.UTC).
  now_utc = datetime.utcnow().strftime("%Y-%m-%d %H:%M:%S")
[US.META 5m] page=11 rows=1000 upserted=1000 total=11000
/Users/alita/.openclaw/workspace/codes/TradeMaster_v2/scripts/backfill_futu_kline_mysql.py:78: DeprecationWarning: datetime.datetime.utcnow() is deprecated and scheduled for removal in a future version. Use timezone-aware objects to represent datetimes in UTC: datetime.datetime.now(datetime.UTC).
  now_utc = datetime.utcnow().strftime("%Y-%m-%d %H:%M:%S")
[US.META 5m] page=12 rows=1000 upserted=1000 total=12000
/Users/alita/.openclaw/workspace/codes/TradeMaster_v2/scripts/backfill_futu_kline_mysql.py:78: DeprecationWarning: datetime.datetime.utcnow() is deprecated and scheduled for removal in a future version. Use timezone-aware objects to represent datetimes in UTC: datetime.datetime.now(datetime.UTC).
  now_utc = datetime.utcnow().strftime("%Y-%m-%d %H:%M:%S")
[US.META 5m] page=13 rows=1000 upserted=1000 total=13000
[US.META 5m] ERROR: Futu error: PacketErr.Timeout
/Users/alita/.openclaw/workspace/codes/TradeMaster_v2/scripts/backfill_futu_kline_mysql.py:78: DeprecationWarning: datetime.datetime.utcnow() is deprecated and scheduled for removal in a future version. Use timezone-aware objects to represent datetimes in UTC: datetime.datetime.now(datetime.UTC).
  now_utc = datetime.utcnow().strftime("%Y-%m-%d %H:%M:%S")
[US.META 1h] page=1 rows=1000 upserted=1000 total=1000
/Users/alita/.openclaw/workspace/codes/TradeMaster_v2/scripts/backfill_futu_kline_mysql.py:78: DeprecationWarning: datetime.datetime.utcnow() is deprecated and scheduled for removal in a future version. Use timezone-aware objects to represent datetimes in UTC: datetime.datetime.now(datetime.UTC).
  now_utc = datetime.utcnow().strftime("%Y-%m-%d %H:%M:%S")
[US.META 1h] page=2 rows=965 upserted=965 total=1965
/Users/alita/.openclaw/workspace/codes/TradeMaster_v2/scripts/backfill_futu_kline_mysql.py:78: DeprecationWarning: datetime.datetime.utcnow() is deprecated and scheduled for removal in a future version. Use timezone-aware objects to represent datetimes in UTC: datetime.datetime.now(datetime.UTC).
  now_utc = datetime.utcnow().strftime("%Y-%m-%d %H:%M:%S")
[US.MSFT 5m] page=1 rows=1000 upserted=1000 total=1000
/Users/alita/.openclaw/workspace/codes/TradeMaster_v2/scripts/backfill_futu_kline_mysql.py:78: DeprecationWarning: datetime.datetime.utcnow() is deprecated and scheduled for removal in a future version. Use timezone-aware objects to represent datetimes in UTC: datetime.datetime.now(datetime.UTC).
  now_utc = datetime.utcnow().strftime("%Y-%m-%d %H:%M:%S")
[US.MSFT 5m] page=2 rows=1000 upserted=1000 total=2000
/Users/alita/.openclaw/workspace/codes/TradeMaster_v2/scripts/backfill_futu_kline_mysql.py:78: DeprecationWarning: datetime.datetime.utcnow() is deprecated and scheduled for removal in a future version. Use timezone-aware objects to represent datetimes in UTC: datetime.datetime.now(datetime.UTC).
  now_utc = datetime.utcnow().strftime("%Y-%m-%d %H:%M:%S")
[US.MSFT 5m] page=3 rows=1000 upserted=1000 total=3000
/Users/alita/.openclaw/workspace/codes/TradeMaster_v2/scripts/backfill_futu_kline_mysql.py:78: DeprecationWarning: datetime.datetime.utcnow() is deprecated and scheduled for removal in a future version. Use timezone-aware objects to represent datetimes in UTC: datetime.datetime.now(datetime.UTC).
  now_utc = datetime.utcnow().strftime("%Y-%m-%d %H:%M:%S")
[US.MSFT 5m] page=4 rows=1000 upserted=1000 total=4000
/Users/alita/.openclaw/workspace/codes/TradeMaster_v2/scripts/backfill_futu_kline_mysql.py:78: DeprecationWarning: datetime.datetime.utcnow() is deprecated and scheduled for removal in a future version. Use timezone-aware objects to represent datetimes in UTC: datetime.datetime.now(datetime.UTC).
  now_utc = datetime.utcnow().strftime("%Y-%m-%d %H:%M:%S")
[US.MSFT 5m] page=5 rows=1000 upserted=1000 total=5000
/Users/alita/.openclaw/workspace/codes/TradeMaster_v2/scripts/backfill_futu_kline_mysql.py:78: DeprecationWarning: datetime.datetime.utcnow() is deprecated and scheduled for removal in a future version. Use timezone-aware objects to represent datetimes in UTC: datetime.datetime.now(datetime.UTC).
  now_utc = datetime.utcnow().strftime("%Y-%m-%d %H:%M:%S")
[US.MSFT 5m] page=6 rows=1000 upserted=1000 total=6000
/Users/alita/.openclaw/workspace/codes/TradeMaster_v2/scripts/backfill_futu_kline_mysql.py:78: DeprecationWarning: datetime.datetime.utcnow() is deprecated and scheduled for removal in a future version. Use timezone-aware objects to represent datetimes in UTC: datetime.datetime.now(datetime.UTC).
  now_utc = datetime.utcnow().strftime("%Y-%m-%d %H:%M:%S")
[US.MSFT 5m] page=7 rows=1000 upserted=1000 total=7000
/Users/alita/.openclaw/workspace/codes/TradeMaster_v2/scripts/backfill_futu_kline_mysql.py:78: DeprecationWarning: datetime.datetime.utcnow() is deprecated and scheduled for removal in a future version. Use timezone-aware objects to represent datetimes in UTC: datetime.datetime.now(datetime.UTC).
  now_utc = datetime.utcnow().strftime("%Y-%m-%d %H:%M:%S")
[US.MSFT 5m] page=8 rows=1000 upserted=1000 total=8000
[US.MSFT 5m] ERROR: Futu error: PacketErr.Timeout
[US.MSFT 1h] ERROR: Futu error: PacketErr.Timeout
/Users/alita/.openclaw/workspace/codes/TradeMaster_v2/scripts/backfill_futu_kline_mysql.py:78: DeprecationWarning: datetime.datetime.utcnow() is deprecated and scheduled for removal in a future version. Use timezone-aware objects to represent datetimes in UTC: datetime.datetime.now(datetime.UTC).
  now_utc = datetime.utcnow().strftime("%Y-%m-%d %H:%M:%S")
[US.MSTR 5m] page=1 rows=1000 upserted=1000 total=1000
/Users/alita/.openclaw/workspace/codes/TradeMaster_v2/scripts/backfill_futu_kline_mysql.py:78: DeprecationWarning: datetime.datetime.utcnow() is deprecated and scheduled for removal in a future version. Use timezone-aware objects to represent datetimes in UTC: datetime.datetime.now(datetime.UTC).
  now_utc = datetime.utcnow().strftime("%Y-%m-%d %H:%M:%S")
[US.MSTR 5m] page=2 rows=1000 upserted=1000 total=2000
/Users/alita/.openclaw/workspace/codes/TradeMaster_v2/scripts/backfill_futu_kline_mysql.py:78: DeprecationWarning: datetime.datetime.utcnow() is deprecated and scheduled for removal in a future version. Use timezone-aware objects to represent datetimes in UTC: datetime.datetime.now(datetime.UTC).
  now_utc = datetime.utcnow().strftime("%Y-%m-%d %H:%M:%S")
[US.MSTR 5m] page=3 rows=1000 upserted=1000 total=3000
/Users/alita/.openclaw/workspace/codes/TradeMaster_v2/scripts/backfill_futu_kline_mysql.py:78: DeprecationWarning: datetime.datetime.utcnow() is deprecated and scheduled for removal in a future version. Use timezone-aware objects to represent datetimes in UTC: datetime.datetime.now(datetime.UTC).
  now_utc = datetime.utcnow().strftime("%Y-%m-%d %H:%M:%S")
[US.MSTR 5m] page=4 rows=1000 upserted=1000 total=4000
/Users/alita/.openclaw/workspace/codes/TradeMaster_v2/scripts/backfill_futu_kline_mysql.py:78: DeprecationWarning: datetime.datetime.utcnow() is deprecated and scheduled for removal in a future version. Use timezone-aware objects to represent datetimes in UTC: datetime.datetime.now(datetime.UTC).
  now_utc = datetime.utcnow().strftime("%Y-%m-%d %H:%M:%S")
[US.MSTR 5m] page=5 rows=1000 upserted=1000 total=5000
/Users/alita/.openclaw/workspace/codes/TradeMaster_v2/scripts/backfill_futu_kline_mysql.py:78: DeprecationWarning: datetime.datetime.utcnow() is deprecated and scheduled for removal in a future version. Use timezone-aware objects to represent datetimes in UTC: datetime.datetime.now(datetime.UTC).
  now_utc = datetime.utcnow().strftime("%Y-%m-%d %H:%M:%S")
[US.MSTR 5m] page=6 rows=1000 upserted=1000 total=6000
/Users/alita/.openclaw/workspace/codes/TradeMaster_v2/scripts/backfill_futu_kline_mysql.py:78: DeprecationWarning: datetime.datetime.utcnow() is deprecated and scheduled for removal in a future version. Use timezone-aware objects to represent datetimes in UTC: datetime.datetime.now(datetime.UTC).
  now_utc = datetime.utcnow().strftime("%Y-%m-%d %H:%M:%S")
[US.MSTR 5m] page=7 rows=1000 upserted=1000 total=7000
/Users/alita/.openclaw/workspace/codes/TradeMaster_v2/scripts/backfill_futu_kline_mysql.py:78: DeprecationWarning: datetime.datetime.utcnow() is deprecated and scheduled for removal in a future version. Use timezone-aware objects to represent datetimes in UTC: datetime.datetime.now(datetime.UTC).
  now_utc = datetime.utcnow().strftime("%Y-%m-%d %H:%M:%S")
[US.MSTR 5m] page=8 rows=1000 upserted=1000 total=8000
/Users/alita/.openclaw/workspace/codes/TradeMaster_v2/scripts/backfill_futu_kline_mysql.py:78: DeprecationWarning: datetime.datetime.utcnow() is deprecated and scheduled for removal in a future version. Use timezone-aware objects to represent datetimes in UTC: datetime.datetime.now(datetime.UTC).
  now_utc = datetime.utcnow().strftime("%Y-%m-%d %H:%M:%S")
[US.MSTR 5m] page=9 rows=1000 upserted=1000 total=9000
/Users/alita/.openclaw/workspace/codes/TradeMaster_v2/scripts/backfill_futu_kline_mysql.py:78: DeprecationWarning: datetime.datetime.utcnow() is deprecated and scheduled for removal in a future version. Use timezone-aware objects to represent datetimes in UTC: datetime.datetime.now(datetime.UTC).
  now_utc = datetime.utcnow().strftime("%Y-%m-%d %H:%M:%S")
[US.MSTR 5m] page=10 rows=1000 upserted=1000 total=10000
/Users/alita/.openclaw/workspace/codes/TradeMaster_v2/scripts/backfill_futu_kline_mysql.py:78: DeprecationWarning: datetime.datetime.utcnow() is deprecated and scheduled for removal in a future version. Use timezone-aware objects to represent datetimes in UTC: datetime.datetime.now(datetime.UTC).
  now_utc = datetime.utcnow().strftime("%Y-%m-%d %H:%M:%S")
[US.MSTR 5m] page=11 rows=1000 upserted=1000 total=11000
/Users/alita/.openclaw/workspace/codes/TradeMaster_v2/scripts/backfill_futu_kline_mysql.py:78: DeprecationWarning: datetime.datetime.utcnow() is deprecated and scheduled for removal in a future version. Use timezone-aware objects to represent datetimes in UTC: datetime.datetime.now(datetime.UTC).
  now_utc = datetime.utcnow().strftime("%Y-%m-%d %H:%M:%S")
[US.MSTR 5m] page=12 rows=1000 upserted=1000 total=12000
/Users/alita/.openclaw/workspace/codes/TradeMaster_v2/scripts/backfill_futu_kline_mysql.py:78: DeprecationWarning: datetime.datetime.utcnow() is deprecated and scheduled for removal in a future version. Use timezone-aware objects to represent datetimes in UTC: datetime.datetime.now(datetime.UTC).
  now_utc = datetime.utcnow().strftime("%Y-%m-%d %H:%M:%S")
[US.MSTR 5m] page=13 rows=1000 upserted=1000 total=13000
/Users/alita/.openclaw/workspace/codes/TradeMaster_v2/scripts/backfill_futu_kline_mysql.py:78: DeprecationWarning: datetime.datetime.utcnow() is deprecated and scheduled for removal in a future version. Use timezone-aware objects to represent datetimes in UTC: datetime.datetime.now(datetime.UTC).
  now_utc = datetime.utcnow().strftime("%Y-%m-%d %H:%M:%S")
[US.MSTR 5m] page=14 rows=1000 upserted=1000 total=14000
/Users/alita/.openclaw/workspace/codes/TradeMaster_v2/scripts/backfill_futu_kline_mysql.py:78: DeprecationWarning: datetime.datetime.utcnow() is deprecated and scheduled for removal in a future version. Use timezone-aware objects to represent datetimes in UTC: datetime.datetime.now(datetime.UTC).
  now_utc = datetime.utcnow().strftime("%Y-%m-%d %H:%M:%S")
[US.MSTR 5m] page=15 rows=1000 upserted=1000 total=15000
/Users/alita/.openclaw/workspace/codes/TradeMaster_v2/scripts/backfill_futu_kline_mysql.py:78: DeprecationWarning: datetime.datetime.utcnow() is deprecated and scheduled for removal in a future version. Use timezone-aware objects to represent datetimes in UTC: datetime.datetime.now(datetime.UTC).
  now_utc = datetime.utcnow().strftime("%Y-%m-%d %H:%M:%S")
[US.MSTR 5m] page=16 rows=1000 upserted=1000 total=16000
/Users/alita/.openclaw/workspace/codes/TradeMaster_v2/scripts/backfill_futu_kline_mysql.py:78: DeprecationWarning: datetime.datetime.utcnow() is deprecated and scheduled for removal in a future version. Use timezone-aware objects to represent datetimes in UTC: datetime.datetime.now(datetime.UTC).
  now_utc = datetime.utcnow().strftime("%Y-%m-%d %H:%M:%S")
[US.MSTR 5m] page=17 rows=1000 upserted=1000 total=17000
/Users/alita/.openclaw/workspace/codes/TradeMaster_v2/scripts/backfill_futu_kline_mysql.py:78: DeprecationWarning: datetime.datetime.utcnow() is deprecated and scheduled for removal in a future version. Use timezone-aware objects to represent datetimes in UTC: datetime.datetime.now(datetime.UTC).
  now_utc = datetime.utcnow().strftime("%Y-%m-%d %H:%M:%S")
[US.MSTR 5m] page=18 rows=1000 upserted=1000 total=18000
/Users/alita/.openclaw/workspace/codes/TradeMaster_v2/scripts/backfill_futu_kline_mysql.py:78: DeprecationWarning: datetime.datetime.utcnow() is deprecated and scheduled for removal in a future version. Use timezone-aware objects to represent datetimes in UTC: datetime.datetime.now(datetime.UTC).
  now_utc = datetime.utcnow().strftime("%Y-%m-%d %H:%M:%S")
[US.MSTR 5m] page=19 rows=1000 upserted=1000 total=19000
/Users/alita/.openclaw/workspace/codes/TradeMaster_v2/scripts/backfill_futu_kline_mysql.py:78: DeprecationWarning: datetime.datetime.utcnow() is deprecated and scheduled for removal in a future version. Use timezone-aware objects to represent datetimes in UTC: datetime.datetime.now(datetime.UTC).
  now_utc = datetime.utcnow().strftime("%Y-%m-%d %H:%M:%S")
[US.MSTR 5m] page=20 rows=1000 upserted=1000 total=20000
/Users/alita/.openclaw/workspace/codes/TradeMaster_v2/scripts/backfill_futu_kline_mysql.py:78: DeprecationWarning: datetime.datetime.utcnow() is deprecated and scheduled for removal in a future version. Use timezone-aware objects to represent datetimes in UTC: datetime.datetime.now(datetime.UTC).
  now_utc = datetime.utcnow().strftime("%Y-%m-%d %H:%M:%S")
[US.MSTR 5m] page=21 rows=1000 upserted=1000 total=21000
/Users/alita/.openclaw/workspace/codes/TradeMaster_v2/scripts/backfill_futu_kline_mysql.py:78: DeprecationWarning: datetime.datetime.utcnow() is deprecated and scheduled for removal in a future version. Use timezone-aware objects to represent datetimes in UTC: datetime.datetime.now(datetime.UTC).
  now_utc = datetime.utcnow().strftime("%Y-%m-%d %H:%M:%S")
[US.MSTR 5m] page=22 rows=888 upserted=888 total=21888
/Users/alita/.openclaw/workspace/codes/TradeMaster_v2/scripts/backfill_futu_kline_mysql.py:78: DeprecationWarning: datetime.datetime.utcnow() is deprecated and scheduled for removal in a future version. Use timezone-aware objects to represent datetimes in UTC: datetime.datetime.now(datetime.UTC).
  now_utc = datetime.utcnow().strftime("%Y-%m-%d %H:%M:%S")
[US.MSTR 1h] page=1 rows=1000 upserted=1000 total=1000
/Users/alita/.openclaw/workspace/codes/TradeMaster_v2/scripts/backfill_futu_kline_mysql.py:78: DeprecationWarning: datetime.datetime.utcnow() is deprecated and scheduled for removal in a future version. Use timezone-aware objects to represent datetimes in UTC: datetime.datetime.now(datetime.UTC).
  now_utc = datetime.utcnow().strftime("%Y-%m-%d %H:%M:%S")
[US.MSTR 1h] page=2 rows=965 upserted=965 total=1965
/Users/alita/.openclaw/workspace/codes/TradeMaster_v2/scripts/backfill_futu_kline_mysql.py:78: DeprecationWarning: datetime.datetime.utcnow() is deprecated and scheduled for removal in a future version. Use timezone-aware objects to represent datetimes in UTC: datetime.datetime.now(datetime.UTC).
  now_utc = datetime.utcnow().strftime("%Y-%m-%d %H:%M:%S")
[US.MU 5m] page=1 rows=1000 upserted=1000 total=1000
/Users/alita/.openclaw/workspace/codes/TradeMaster_v2/scripts/backfill_futu_kline_mysql.py:78: DeprecationWarning: datetime.datetime.utcnow() is deprecated and scheduled for removal in a future version. Use timezone-aware objects to represent datetimes in UTC: datetime.datetime.now(datetime.UTC).
  now_utc = datetime.utcnow().strftime("%Y-%m-%d %H:%M:%S")
[US.MU 5m] page=2 rows=1000 upserted=1000 total=2000
/Users/alita/.openclaw/workspace/codes/TradeMaster_v2/scripts/backfill_futu_kline_mysql.py:78: DeprecationWarning: datetime.datetime.utcnow() is deprecated and scheduled for removal in a future version. Use timezone-aware objects to represent datetimes in UTC: datetime.datetime.now(datetime.UTC).
  now_utc = datetime.utcnow().strftime("%Y-%m-%d %H:%M:%S")
[US.MU 5m] page=3 rows=1000 upserted=1000 total=3000
/Users/alita/.openclaw/workspace/codes/TradeMaster_v2/scripts/backfill_futu_kline_mysql.py:78: DeprecationWarning: datetime.datetime.utcnow() is deprecated and scheduled for removal in a future version. Use timezone-aware objects to represent datetimes in UTC: datetime.datetime.now(datetime.UTC).
  now_utc = datetime.utcnow().strftime("%Y-%m-%d %H:%M:%S")
[US.MU 5m] page=4 rows=1000 upserted=1000 total=4000
/Users/alita/.openclaw/workspace/codes/TradeMaster_v2/scripts/backfill_futu_kline_mysql.py:78: DeprecationWarning: datetime.datetime.utcnow() is deprecated and scheduled for removal in a future version. Use timezone-aware objects to represent datetimes in UTC: datetime.datetime.now(datetime.UTC).
  now_utc = datetime.utcnow().strftime("%Y-%m-%d %H:%M:%S")
[US.MU 5m] page=5 rows=1000 upserted=1000 total=5000
/Users/alita/.openclaw/workspace/codes/TradeMaster_v2/scripts/backfill_futu_kline_mysql.py:78: DeprecationWarning: datetime.datetime.utcnow() is deprecated and scheduled for removal in a future version. Use timezone-aware objects to represent datetimes in UTC: datetime.datetime.now(datetime.UTC).
  now_utc = datetime.utcnow().strftime("%Y-%m-%d %H:%M:%S")
[US.MU 5m] page=6 rows=1000 upserted=1000 total=6000
/Users/alita/.openclaw/workspace/codes/TradeMaster_v2/scripts/backfill_futu_kline_mysql.py:78: DeprecationWarning: datetime.datetime.utcnow() is deprecated and scheduled for removal in a future version. Use timezone-aware objects to represent datetimes in UTC: datetime.datetime.now(datetime.UTC).
  now_utc = datetime.utcnow().strftime("%Y-%m-%d %H:%M:%S")
[US.MU 5m] page=7 rows=1000 upserted=1000 total=7000
/Users/alita/.openclaw/workspace/codes/TradeMaster_v2/scripts/backfill_futu_kline_mysql.py:78: DeprecationWarning: datetime.datetime.utcnow() is deprecated and scheduled for removal in a future version. Use timezone-aware objects to represent datetimes in UTC: datetime.datetime.now(datetime.UTC).
  now_utc = datetime.utcnow().strftime("%Y-%m-%d %H:%M:%S")
[US.MU 5m] page=8 rows=1000 upserted=1000 total=8000
/Users/alita/.openclaw/workspace/codes/TradeMaster_v2/scripts/backfill_futu_kline_mysql.py:78: DeprecationWarning: datetime.datetime.utcnow() is deprecated and scheduled for removal in a future version. Use timezone-aware objects to represent datetimes in UTC: datetime.datetime.now(datetime.UTC).
  now_utc = datetime.utcnow().strftime("%Y-%m-%d %H:%M:%S")
[US.MU 5m] page=9 rows=1000 upserted=1000 total=9000
/Users/alita/.openclaw/workspace/codes/TradeMaster_v2/scripts/backfill_futu_kline_mysql.py:78: DeprecationWarning: datetime.datetime.utcnow() is deprecated and scheduled for removal in a future version. Use timezone-aware objects to represent datetimes in UTC: datetime.datetime.now(datetime.UTC).
  now_utc = datetime.utcnow().strftime("%Y-%m-%d %H:%M:%S")
[US.MU 5m] page=10 rows=1000 upserted=1000 total=10000
/Users/alita/.openclaw/workspace/codes/TradeMaster_v2/scripts/backfill_futu_kline_mysql.py:78: DeprecationWarning: datetime.datetime.utcnow() is deprecated and scheduled for removal in a future version. Use timezone-aware objects to represent datetimes in UTC: datetime.datetime.now(datetime.UTC).
  now_utc = datetime.utcnow().strftime("%Y-%m-%d %H:%M:%S")
[US.MU 5m] page=11 rows=1000 upserted=1000 total=11000
/Users/alita/.openclaw/workspace/codes/TradeMaster_v2/scripts/backfill_futu_kline_mysql.py:78: DeprecationWarning: datetime.datetime.utcnow() is deprecated and scheduled for removal in a future version. Use timezone-aware objects to represent datetimes in UTC: datetime.datetime.now(datetime.UTC).
  now_utc = datetime.utcnow().strftime("%Y-%m-%d %H:%M:%S")
[US.MU 5m] page=12 rows=1000 upserted=1000 total=12000
/Users/alita/.openclaw/workspace/codes/TradeMaster_v2/scripts/backfill_futu_kline_mysql.py:78: DeprecationWarning: datetime.datetime.utcnow() is deprecated and scheduled for removal in a future version. Use timezone-aware objects to represent datetimes in UTC: datetime.datetime.now(datetime.UTC).
  now_utc = datetime.utcnow().strftime("%Y-%m-%d %H:%M:%S")
[US.MU 5m] page=13 rows=1000 upserted=1000 total=13000
/Users/alita/.openclaw/workspace/codes/TradeMaster_v2/scripts/backfill_futu_kline_mysql.py:78: DeprecationWarning: datetime.datetime.utcnow() is deprecated and scheduled for removal in a future version. Use timezone-aware objects to represent datetimes in UTC: datetime.datetime.now(datetime.UTC).
  now_utc = datetime.utcnow().strftime("%Y-%m-%d %H:%M:%S")
[US.MU 5m] page=14 rows=1000 upserted=1000 total=14000
/Users/alita/.openclaw/workspace/codes/TradeMaster_v2/scripts/backfill_futu_kline_mysql.py:78: DeprecationWarning: datetime.datetime.utcnow() is deprecated and scheduled for removal in a future version. Use timezone-aware objects to represent datetimes in UTC: datetime.datetime.now(datetime.UTC).
  now_utc = datetime.utcnow().strftime("%Y-%m-%d %H:%M:%S")
[US.MU 5m] page=15 rows=1000 upserted=1000 total=15000
/Users/alita/.openclaw/workspace/codes/TradeMaster_v2/scripts/backfill_futu_kline_mysql.py:78: DeprecationWarning: datetime.datetime.utcnow() is deprecated and scheduled for removal in a future version. Use timezone-aware objects to represent datetimes in UTC: datetime.datetime.now(datetime.UTC).
  now_utc = datetime.utcnow().strftime("%Y-%m-%d %H:%M:%S")
[US.MU 5m] page=16 rows=1000 upserted=1000 total=16000
/Users/alita/.openclaw/workspace/codes/TradeMaster_v2/scripts/backfill_futu_kline_mysql.py:78: DeprecationWarning: datetime.datetime.utcnow() is deprecated and scheduled for removal in a future version. Use timezone-aware objects to represent datetimes in UTC: datetime.datetime.now(datetime.UTC).
  now_utc = datetime.utcnow().strftime("%Y-%m-%d %H:%M:%S")
[US.MU 5m] page=17 rows=1000 upserted=1000 total=17000
/Users/alita/.openclaw/workspace/codes/TradeMaster_v2/scripts/backfill_futu_kline_mysql.py:78: DeprecationWarning: datetime.datetime.utcnow() is deprecated and scheduled for removal in a future version. Use timezone-aware objects to represent datetimes in UTC: datetime.datetime.now(datetime.UTC).
  now_utc = datetime.utcnow().strftime("%Y-%m-%d %H:%M:%S")
[US.MU 5m] page=18 rows=1000 upserted=1000 total=18000
/Users/alita/.openclaw/workspace/codes/TradeMaster_v2/scripts/backfill_futu_kline_mysql.py:78: DeprecationWarning: datetime.datetime.utcnow() is deprecated and scheduled for removal in a future version. Use timezone-aware objects to represent datetimes in UTC: datetime.datetime.now(datetime.UTC).
  now_utc = datetime.utcnow().strftime("%Y-%m-%d %H:%M:%S")
[US.MU 5m] page=19 rows=1000 upserted=1000 total=19000
/Users/alita/.openclaw/workspace/codes/TradeMaster_v2/scripts/backfill_futu_kline_mysql.py:78: DeprecationWarning: datetime.datetime.utcnow() is deprecated and scheduled for removal in a future version. Use timezone-aware objects to represent datetimes in UTC: datetime.datetime.now(datetime.UTC).
  now_utc = datetime.utcnow().strftime("%Y-%m-%d %H:%M:%S")
[US.MU 5m] page=20 rows=1000 upserted=1000 total=20000
/Users/alita/.openclaw/workspace/codes/TradeMaster_v2/scripts/backfill_futu_kline_mysql.py:78: DeprecationWarning: datetime.datetime.utcnow() is deprecated and scheduled for removal in a future version. Use timezone-aware objects to represent datetimes in UTC: datetime.datetime.now(datetime.UTC).
  now_utc = datetime.utcnow().strftime("%Y-%m-%d %H:%M:%S")
[US.MU 5m] page=21 rows=1000 upserted=1000 total=21000
/Users/alita/.openclaw/workspace/codes/TradeMaster_v2/scripts/backfill_futu_kline_mysql.py:78: DeprecationWarning: datetime.datetime.utcnow() is deprecated and scheduled for removal in a future version. Use timezone-aware objects to represent datetimes in UTC: datetime.datetime.now(datetime.UTC).
  now_utc = datetime.utcnow().strftime("%Y-%m-%d %H:%M:%S")
[US.MU 5m] page=22 rows=888 upserted=888 total=21888
/Users/alita/.openclaw/workspace/codes/TradeMaster_v2/scripts/backfill_futu_kline_mysql.py:78: DeprecationWarning: datetime.datetime.utcnow() is deprecated and scheduled for removal in a future version. Use timezone-aware objects to represent datetimes in UTC: datetime.datetime.now(datetime.UTC).
  now_utc = datetime.utcnow().strftime("%Y-%m-%d %H:%M:%S")
[US.MU 1h] page=1 rows=1000 upserted=1000 total=1000
/Users/alita/.openclaw/workspace/codes/TradeMaster_v2/scripts/backfill_futu_kline_mysql.py:78: DeprecationWarning: datetime.datetime.utcnow() is deprecated and scheduled for removal in a future version. Use timezone-aware objects to represent datetimes in UTC: datetime.datetime.now(datetime.UTC).
  now_utc = datetime.utcnow().strftime("%Y-%m-%d %H:%M:%S")
[US.MU 1h] page=2 rows=965 upserted=965 total=1965
/Users/alita/.openclaw/workspace/codes/TradeMaster_v2/scripts/backfill_futu_kline_mysql.py:78: DeprecationWarning: datetime.datetime.utcnow() is deprecated and scheduled for removal in a future version. Use timezone-aware objects to represent datetimes in UTC: datetime.datetime.now(datetime.UTC).
  now_utc = datetime.utcnow().strftime("%Y-%m-%d %H:%M:%S")
[US.NFLX 5m] page=1 rows=1000 upserted=1000 total=1000
/Users/alita/.openclaw/workspace/codes/TradeMaster_v2/scripts/backfill_futu_kline_mysql.py:78: DeprecationWarning: datetime.datetime.utcnow() is deprecated and scheduled for removal in a future version. Use timezone-aware objects to represent datetimes in UTC: datetime.datetime.now(datetime.UTC).
  now_utc = datetime.utcnow().strftime("%Y-%m-%d %H:%M:%S")
[US.NFLX 5m] page=2 rows=1000 upserted=1000 total=2000
/Users/alita/.openclaw/workspace/codes/TradeMaster_v2/scripts/backfill_futu_kline_mysql.py:78: DeprecationWarning: datetime.datetime.utcnow() is deprecated and scheduled for removal in a future version. Use timezone-aware objects to represent datetimes in UTC: datetime.datetime.now(datetime.UTC).
  now_utc = datetime.utcnow().strftime("%Y-%m-%d %H:%M:%S")
[US.NFLX 5m] page=3 rows=1000 upserted=1000 total=3000
/Users/alita/.openclaw/workspace/codes/TradeMaster_v2/scripts/backfill_futu_kline_mysql.py:78: DeprecationWarning: datetime.datetime.utcnow() is deprecated and scheduled for removal in a future version. Use timezone-aware objects to represent datetimes in UTC: datetime.datetime.now(datetime.UTC).
  now_utc = datetime.utcnow().strftime("%Y-%m-%d %H:%M:%S")
[US.NFLX 5m] page=4 rows=1000 upserted=1000 total=4000
/Users/alita/.openclaw/workspace/codes/TradeMaster_v2/scripts/backfill_futu_kline_mysql.py:78: DeprecationWarning: datetime.datetime.utcnow() is deprecated and scheduled for removal in a future version. Use timezone-aware objects to represent datetimes in UTC: datetime.datetime.now(datetime.UTC).
  now_utc = datetime.utcnow().strftime("%Y-%m-%d %H:%M:%S")
[US.NFLX 5m] page=5 rows=1000 upserted=1000 total=5000
/Users/alita/.openclaw/workspace/codes/TradeMaster_v2/scripts/backfill_futu_kline_mysql.py:78: DeprecationWarning: datetime.datetime.utcnow() is deprecated and scheduled for removal in a future version. Use timezone-aware objects to represent datetimes in UTC: datetime.datetime.now(datetime.UTC).
  now_utc = datetime.utcnow().strftime("%Y-%m-%d %H:%M:%S")
[US.NFLX 5m] page=6 rows=1000 upserted=1000 total=6000
/Users/alita/.openclaw/workspace/codes/TradeMaster_v2/scripts/backfill_futu_kline_mysql.py:78: DeprecationWarning: datetime.datetime.utcnow() is deprecated and scheduled for removal in a future version. Use timezone-aware objects to represent datetimes in UTC: datetime.datetime.now(datetime.UTC).
  now_utc = datetime.utcnow().strftime("%Y-%m-%d %H:%M:%S")
[US.NFLX 5m] page=7 rows=1000 upserted=1000 total=7000
/Users/alita/.openclaw/workspace/codes/TradeMaster_v2/scripts/backfill_futu_kline_mysql.py:78: DeprecationWarning: datetime.datetime.utcnow() is deprecated and scheduled for removal in a future version. Use timezone-aware objects to represent datetimes in UTC: datetime.datetime.now(datetime.UTC).
  now_utc = datetime.utcnow().strftime("%Y-%m-%d %H:%M:%S")
[US.NFLX 5m] page=8 rows=1000 upserted=1000 total=8000
/Users/alita/.openclaw/workspace/codes/TradeMaster_v2/scripts/backfill_futu_kline_mysql.py:78: DeprecationWarning: datetime.datetime.utcnow() is deprecated and scheduled for removal in a future version. Use timezone-aware objects to represent datetimes in UTC: datetime.datetime.now(datetime.UTC).
  now_utc = datetime.utcnow().strftime("%Y-%m-%d %H:%M:%S")
[US.NFLX 5m] page=9 rows=1000 upserted=1000 total=9000
/Users/alita/.openclaw/workspace/codes/TradeMaster_v2/scripts/backfill_futu_kline_mysql.py:78: DeprecationWarning: datetime.datetime.utcnow() is deprecated and scheduled for removal in a future version. Use timezone-aware objects to represent datetimes in UTC: datetime.datetime.now(datetime.UTC).
  now_utc = datetime.utcnow().strftime("%Y-%m-%d %H:%M:%S")
[US.NFLX 5m] page=10 rows=1000 upserted=1000 total=10000
/Users/alita/.openclaw/workspace/codes/TradeMaster_v2/scripts/backfill_futu_kline_mysql.py:78: DeprecationWarning: datetime.datetime.utcnow() is deprecated and scheduled for removal in a future version. Use timezone-aware objects to represent datetimes in UTC: datetime.datetime.now(datetime.UTC).
  now_utc = datetime.utcnow().strftime("%Y-%m-%d %H:%M:%S")
[US.NFLX 5m] page=11 rows=1000 upserted=1000 total=11000
[US.NFLX 5m] ERROR: Futu error: PacketErr.Timeout
[US.NFLX 1h] ERROR: Futu error: PacketErr.Timeout
/Users/alita/.openclaw/workspace/codes/TradeMaster_v2/scripts/backfill_futu_kline_mysql.py:78: DeprecationWarning: datetime.datetime.utcnow() is deprecated and scheduled for removal in a future version. Use timezone-aware objects to represent datetimes in UTC: datetime.datetime.now(datetime.UTC).
  now_utc = datetime.utcnow().strftime("%Y-%m-%d %H:%M:%S")
[US.NVDA 5m] page=1 rows=1000 upserted=1000 total=1000
/Users/alita/.openclaw/workspace/codes/TradeMaster_v2/scripts/backfill_futu_kline_mysql.py:78: DeprecationWarning: datetime.datetime.utcnow() is deprecated and scheduled for removal in a future version. Use timezone-aware objects to represent datetimes in UTC: datetime.datetime.now(datetime.UTC).
  now_utc = datetime.utcnow().strftime("%Y-%m-%d %H:%M:%S")
[US.NVDA 5m] page=2 rows=1000 upserted=1000 total=2000
/Users/alita/.openclaw/workspace/codes/TradeMaster_v2/scripts/backfill_futu_kline_mysql.py:78: DeprecationWarning: datetime.datetime.utcnow() is deprecated and scheduled for removal in a future version. Use timezone-aware objects to represent datetimes in UTC: datetime.datetime.now(datetime.UTC).
  now_utc = datetime.utcnow().strftime("%Y-%m-%d %H:%M:%S")
[US.NVDA 5m] page=3 rows=1000 upserted=1000 total=3000
/Users/alita/.openclaw/workspace/codes/TradeMaster_v2/scripts/backfill_futu_kline_mysql.py:78: DeprecationWarning: datetime.datetime.utcnow() is deprecated and scheduled for removal in a future version. Use timezone-aware objects to represent datetimes in UTC: datetime.datetime.now(datetime.UTC).
  now_utc = datetime.utcnow().strftime("%Y-%m-%d %H:%M:%S")
[US.NVDA 5m] page=4 rows=1000 upserted=1000 total=4000
/Users/alita/.openclaw/workspace/codes/TradeMaster_v2/scripts/backfill_futu_kline_mysql.py:78: DeprecationWarning: datetime.datetime.utcnow() is deprecated and scheduled for removal in a future version. Use timezone-aware objects to represent datetimes in UTC: datetime.datetime.now(datetime.UTC).
  now_utc = datetime.utcnow().strftime("%Y-%m-%d %H:%M:%S")
[US.NVDA 5m] page=5 rows=1000 upserted=1000 total=5000
/Users/alita/.openclaw/workspace/codes/TradeMaster_v2/scripts/backfill_futu_kline_mysql.py:78: DeprecationWarning: datetime.datetime.utcnow() is deprecated and scheduled for removal in a future version. Use timezone-aware objects to represent datetimes in UTC: datetime.datetime.now(datetime.UTC).
  now_utc = datetime.utcnow().strftime("%Y-%m-%d %H:%M:%S")
[US.NVDA 5m] page=6 rows=1000 upserted=1000 total=6000
/Users/alita/.openclaw/workspace/codes/TradeMaster_v2/scripts/backfill_futu_kline_mysql.py:78: DeprecationWarning: datetime.datetime.utcnow() is deprecated and scheduled for removal in a future version. Use timezone-aware objects to represent datetimes in UTC: datetime.datetime.now(datetime.UTC).
  now_utc = datetime.utcnow().strftime("%Y-%m-%d %H:%M:%S")
[US.NVDA 5m] page=7 rows=1000 upserted=1000 total=7000
/Users/alita/.openclaw/workspace/codes/TradeMaster_v2/scripts/backfill_futu_kline_mysql.py:78: DeprecationWarning: datetime.datetime.utcnow() is deprecated and scheduled for removal in a future version. Use timezone-aware objects to represent datetimes in UTC: datetime.datetime.now(datetime.UTC).
  now_utc = datetime.utcnow().strftime("%Y-%m-%d %H:%M:%S")
[US.NVDA 5m] page=8 rows=1000 upserted=1000 total=8000
/Users/alita/.openclaw/workspace/codes/TradeMaster_v2/scripts/backfill_futu_kline_mysql.py:78: DeprecationWarning: datetime.datetime.utcnow() is deprecated and scheduled for removal in a future version. Use timezone-aware objects to represent datetimes in UTC: datetime.datetime.now(datetime.UTC).
  now_utc = datetime.utcnow().strftime("%Y-%m-%d %H:%M:%S")
[US.NVDA 5m] page=9 rows=1000 upserted=1000 total=9000
/Users/alita/.openclaw/workspace/codes/TradeMaster_v2/scripts/backfill_futu_kline_mysql.py:78: DeprecationWarning: datetime.datetime.utcnow() is deprecated and scheduled for removal in a future version. Use timezone-aware objects to represent datetimes in UTC: datetime.datetime.now(datetime.UTC).
  now_utc = datetime.utcnow().strftime("%Y-%m-%d %H:%M:%S")
[US.NVDA 5m] page=10 rows=1000 upserted=1000 total=10000
/Users/alita/.openclaw/workspace/codes/TradeMaster_v2/scripts/backfill_futu_kline_mysql.py:78: DeprecationWarning: datetime.datetime.utcnow() is deprecated and scheduled for removal in a future version. Use timezone-aware objects to represent datetimes in UTC: datetime.datetime.now(datetime.UTC).
  now_utc = datetime.utcnow().strftime("%Y-%m-%d %H:%M:%S")
[US.NVDA 5m] page=11 rows=1000 upserted=1000 total=11000
/Users/alita/.openclaw/workspace/codes/TradeMaster_v2/scripts/backfill_futu_kline_mysql.py:78: DeprecationWarning: datetime.datetime.utcnow() is deprecated and scheduled for removal in a future version. Use timezone-aware objects to represent datetimes in UTC: datetime.datetime.now(datetime.UTC).
  now_utc = datetime.utcnow().strftime("%Y-%m-%d %H:%M:%S")
[US.NVDA 5m] page=12 rows=1000 upserted=1000 total=12000
/Users/alita/.openclaw/workspace/codes/TradeMaster_v2/scripts/backfill_futu_kline_mysql.py:78: DeprecationWarning: datetime.datetime.utcnow() is deprecated and scheduled for removal in a future version. Use timezone-aware objects to represent datetimes in UTC: datetime.datetime.now(datetime.UTC).
  now_utc = datetime.utcnow().strftime("%Y-%m-%d %H:%M:%S")
[US.NVDA 5m] page=13 rows=1000 upserted=1000 total=13000
/Users/alita/.openclaw/workspace/codes/TradeMaster_v2/scripts/backfill_futu_kline_mysql.py:78: DeprecationWarning: datetime.datetime.utcnow() is deprecated and scheduled for removal in a future version. Use timezone-aware objects to represent datetimes in UTC: datetime.datetime.now(datetime.UTC).
  now_utc = datetime.utcnow().strftime("%Y-%m-%d %H:%M:%S")
[US.NVDA 5m] page=14 rows=1000 upserted=1000 total=14000
/Users/alita/.openclaw/workspace/codes/TradeMaster_v2/scripts/backfill_futu_kline_mysql.py:78: DeprecationWarning: datetime.datetime.utcnow() is deprecated and scheduled for removal in a future version. Use timezone-aware objects to represent datetimes in UTC: datetime.datetime.now(datetime.UTC).
  now_utc = datetime.utcnow().strftime("%Y-%m-%d %H:%M:%S")
[US.NVDA 5m] page=15 rows=1000 upserted=1000 total=15000
/Users/alita/.openclaw/workspace/codes/TradeMaster_v2/scripts/backfill_futu_kline_mysql.py:78: DeprecationWarning: datetime.datetime.utcnow() is deprecated and scheduled for removal in a future version. Use timezone-aware objects to represent datetimes in UTC: datetime.datetime.now(datetime.UTC).
  now_utc = datetime.utcnow().strftime("%Y-%m-%d %H:%M:%S")
[US.NVDA 5m] page=16 rows=1000 upserted=1000 total=16000
/Users/alita/.openclaw/workspace/codes/TradeMaster_v2/scripts/backfill_futu_kline_mysql.py:78: DeprecationWarning: datetime.datetime.utcnow() is deprecated and scheduled for removal in a future version. Use timezone-aware objects to represent datetimes in UTC: datetime.datetime.now(datetime.UTC).
  now_utc = datetime.utcnow().strftime("%Y-%m-%d %H:%M:%S")
[US.NVDA 5m] page=17 rows=1000 upserted=1000 total=17000
/Users/alita/.openclaw/workspace/codes/TradeMaster_v2/scripts/backfill_futu_kline_mysql.py:78: DeprecationWarning: datetime.datetime.utcnow() is deprecated and scheduled for removal in a future version. Use timezone-aware objects to represent datetimes in UTC: datetime.datetime.now(datetime.UTC).
  now_utc = datetime.utcnow().strftime("%Y-%m-%d %H:%M:%S")
[US.NVDA 5m] page=18 rows=1000 upserted=1000 total=18000
/Users/alita/.openclaw/workspace/codes/TradeMaster_v2/scripts/backfill_futu_kline_mysql.py:78: DeprecationWarning: datetime.datetime.utcnow() is deprecated and scheduled for removal in a future version. Use timezone-aware objects to represent datetimes in UTC: datetime.datetime.now(datetime.UTC).
  now_utc = datetime.utcnow().strftime("%Y-%m-%d %H:%M:%S")
[US.NVDA 5m] page=19 rows=1000 upserted=1000 total=19000
/Users/alita/.openclaw/workspace/codes/TradeMaster_v2/scripts/backfill_futu_kline_mysql.py:78: DeprecationWarning: datetime.datetime.utcnow() is deprecated and scheduled for removal in a future version. Use timezone-aware objects to represent datetimes in UTC: datetime.datetime.now(datetime.UTC).
  now_utc = datetime.utcnow().strftime("%Y-%m-%d %H:%M:%S")
[US.NVDA 5m] page=20 rows=1000 upserted=1000 total=20000
/Users/alita/.openclaw/workspace/codes/TradeMaster_v2/scripts/backfill_futu_kline_mysql.py:78: DeprecationWarning: datetime.datetime.utcnow() is deprecated and scheduled for removal in a future version. Use timezone-aware objects to represent datetimes in UTC: datetime.datetime.now(datetime.UTC).
  now_utc = datetime.utcnow().strftime("%Y-%m-%d %H:%M:%S")
[US.NVDA 5m] page=21 rows=1000 upserted=1000 total=21000
/Users/alita/.openclaw/workspace/codes/TradeMaster_v2/scripts/backfill_futu_kline_mysql.py:78: DeprecationWarning: datetime.datetime.utcnow() is deprecated and scheduled for removal in a future version. Use timezone-aware objects to represent datetimes in UTC: datetime.datetime.now(datetime.UTC).
  now_utc = datetime.utcnow().strftime("%Y-%m-%d %H:%M:%S")
[US.NVDA 5m] page=22 rows=888 upserted=888 total=21888
/Users/alita/.openclaw/workspace/codes/TradeMaster_v2/scripts/backfill_futu_kline_mysql.py:78: DeprecationWarning: datetime.datetime.utcnow() is deprecated and scheduled for removal in a future version. Use timezone-aware objects to represent datetimes in UTC: datetime.datetime.now(datetime.UTC).
  now_utc = datetime.utcnow().strftime("%Y-%m-%d %H:%M:%S")
[US.NVDA 1h] page=1 rows=1000 upserted=1000 total=1000
/Users/alita/.openclaw/workspace/codes/TradeMaster_v2/scripts/backfill_futu_kline_mysql.py:78: DeprecationWarning: datetime.datetime.utcnow() is deprecated and scheduled for removal in a future version. Use timezone-aware objects to represent datetimes in UTC: datetime.datetime.now(datetime.UTC).
  now_utc = datetime.utcnow().strftime("%Y-%m-%d %H:%M:%S")
[US.NVDA 1h] page=2 rows=965 upserted=965 total=1965
/Users/alita/.openclaw/workspace/codes/TradeMaster_v2/scripts/backfill_futu_kline_mysql.py:78: DeprecationWarning: datetime.datetime.utcnow() is deprecated and scheduled for removal in a future version. Use timezone-aware objects to represent datetimes in UTC: datetime.datetime.now(datetime.UTC).
  now_utc = datetime.utcnow().strftime("%Y-%m-%d %H:%M:%S")
[US.ORCL 5m] page=1 rows=1000 upserted=1000 total=1000
/Users/alita/.openclaw/workspace/codes/TradeMaster_v2/scripts/backfill_futu_kline_mysql.py:78: DeprecationWarning: datetime.datetime.utcnow() is deprecated and scheduled for removal in a future version. Use timezone-aware objects to represent datetimes in UTC: datetime.datetime.now(datetime.UTC).
  now_utc = datetime.utcnow().strftime("%Y-%m-%d %H:%M:%S")
[US.ORCL 5m] page=2 rows=1000 upserted=1000 total=2000
/Users/alita/.openclaw/workspace/codes/TradeMaster_v2/scripts/backfill_futu_kline_mysql.py:78: DeprecationWarning: datetime.datetime.utcnow() is deprecated and scheduled for removal in a future version. Use timezone-aware objects to represent datetimes in UTC: datetime.datetime.now(datetime.UTC).
  now_utc = datetime.utcnow().strftime("%Y-%m-%d %H:%M:%S")
[US.ORCL 5m] page=3 rows=1000 upserted=1000 total=3000
/Users/alita/.openclaw/workspace/codes/TradeMaster_v2/scripts/backfill_futu_kline_mysql.py:78: DeprecationWarning: datetime.datetime.utcnow() is deprecated and scheduled for removal in a future version. Use timezone-aware objects to represent datetimes in UTC: datetime.datetime.now(datetime.UTC).
  now_utc = datetime.utcnow().strftime("%Y-%m-%d %H:%M:%S")
[US.ORCL 5m] page=4 rows=1000 upserted=1000 total=4000
/Users/alita/.openclaw/workspace/codes/TradeMaster_v2/scripts/backfill_futu_kline_mysql.py:78: DeprecationWarning: datetime.datetime.utcnow() is deprecated and scheduled for removal in a future version. Use timezone-aware objects to represent datetimes in UTC: datetime.datetime.now(datetime.UTC).
  now_utc = datetime.utcnow().strftime("%Y-%m-%d %H:%M:%S")
[US.ORCL 5m] page=5 rows=1000 upserted=1000 total=5000
/Users/alita/.openclaw/workspace/codes/TradeMaster_v2/scripts/backfill_futu_kline_mysql.py:78: DeprecationWarning: datetime.datetime.utcnow() is deprecated and scheduled for removal in a future version. Use timezone-aware objects to represent datetimes in UTC: datetime.datetime.now(datetime.UTC).
  now_utc = datetime.utcnow().strftime("%Y-%m-%d %H:%M:%S")
[US.ORCL 5m] page=6 rows=1000 upserted=1000 total=6000
/Users/alita/.openclaw/workspace/codes/TradeMaster_v2/scripts/backfill_futu_kline_mysql.py:78: DeprecationWarning: datetime.datetime.utcnow() is deprecated and scheduled for removal in a future version. Use timezone-aware objects to represent datetimes in UTC: datetime.datetime.now(datetime.UTC).
  now_utc = datetime.utcnow().strftime("%Y-%m-%d %H:%M:%S")
[US.ORCL 5m] page=7 rows=1000 upserted=1000 total=7000
/Users/alita/.openclaw/workspace/codes/TradeMaster_v2/scripts/backfill_futu_kline_mysql.py:78: DeprecationWarning: datetime.datetime.utcnow() is deprecated and scheduled for removal in a future version. Use timezone-aware objects to represent datetimes in UTC: datetime.datetime.now(datetime.UTC).
  now_utc = datetime.utcnow().strftime("%Y-%m-%d %H:%M:%S")
[US.ORCL 5m] page=8 rows=1000 upserted=1000 total=8000
/Users/alita/.openclaw/workspace/codes/TradeMaster_v2/scripts/backfill_futu_kline_mysql.py:78: DeprecationWarning: datetime.datetime.utcnow() is deprecated and scheduled for removal in a future version. Use timezone-aware objects to represent datetimes in UTC: datetime.datetime.now(datetime.UTC).
  now_utc = datetime.utcnow().strftime("%Y-%m-%d %H:%M:%S")
[US.ORCL 5m] page=9 rows=1000 upserted=1000 total=9000
/Users/alita/.openclaw/workspace/codes/TradeMaster_v2/scripts/backfill_futu_kline_mysql.py:78: DeprecationWarning: datetime.datetime.utcnow() is deprecated and scheduled for removal in a future version. Use timezone-aware objects to represent datetimes in UTC: datetime.datetime.now(datetime.UTC).
  now_utc = datetime.utcnow().strftime("%Y-%m-%d %H:%M:%S")
[US.ORCL 5m] page=10 rows=1000 upserted=1000 total=10000
/Users/alita/.openclaw/workspace/codes/TradeMaster_v2/scripts/backfill_futu_kline_mysql.py:78: DeprecationWarning: datetime.datetime.utcnow() is deprecated and scheduled for removal in a future version. Use timezone-aware objects to represent datetimes in UTC: datetime.datetime.now(datetime.UTC).
  now_utc = datetime.utcnow().strftime("%Y-%m-%d %H:%M:%S")
[US.ORCL 5m] page=11 rows=1000 upserted=1000 total=11000
/Users/alita/.openclaw/workspace/codes/TradeMaster_v2/scripts/backfill_futu_kline_mysql.py:78: DeprecationWarning: datetime.datetime.utcnow() is deprecated and scheduled for removal in a future version. Use timezone-aware objects to represent datetimes in UTC: datetime.datetime.now(datetime.UTC).
  now_utc = datetime.utcnow().strftime("%Y-%m-%d %H:%M:%S")
[US.ORCL 5m] page=12 rows=1000 upserted=1000 total=12000
/Users/alita/.openclaw/workspace/codes/TradeMaster_v2/scripts/backfill_futu_kline_mysql.py:78: DeprecationWarning: datetime.datetime.utcnow() is deprecated and scheduled for removal in a future version. Use timezone-aware objects to represent datetimes in UTC: datetime.datetime.now(datetime.UTC).
  now_utc = datetime.utcnow().strftime("%Y-%m-%d %H:%M:%S")
[US.ORCL 5m] page=13 rows=1000 upserted=1000 total=13000
/Users/alita/.openclaw/workspace/codes/TradeMaster_v2/scripts/backfill_futu_kline_mysql.py:78: DeprecationWarning: datetime.datetime.utcnow() is deprecated and scheduled for removal in a future version. Use timezone-aware objects to represent datetimes in UTC: datetime.datetime.now(datetime.UTC).
  now_utc = datetime.utcnow().strftime("%Y-%m-%d %H:%M:%S")
[US.ORCL 5m] page=14 rows=1000 upserted=1000 total=14000
/Users/alita/.openclaw/workspace/codes/TradeMaster_v2/scripts/backfill_futu_kline_mysql.py:78: DeprecationWarning: datetime.datetime.utcnow() is deprecated and scheduled for removal in a future version. Use timezone-aware objects to represent datetimes in UTC: datetime.datetime.now(datetime.UTC).
  now_utc = datetime.utcnow().strftime("%Y-%m-%d %H:%M:%S")
[US.ORCL 5m] page=15 rows=1000 upserted=1000 total=15000
/Users/alita/.openclaw/workspace/codes/TradeMaster_v2/scripts/backfill_futu_kline_mysql.py:78: DeprecationWarning: datetime.datetime.utcnow() is deprecated and scheduled for removal in a future version. Use timezone-aware objects to represent datetimes in UTC: datetime.datetime.now(datetime.UTC).
  now_utc = datetime.utcnow().strftime("%Y-%m-%d %H:%M:%S")
[US.ORCL 5m] page=16 rows=1000 upserted=1000 total=16000
/Users/alita/.openclaw/workspace/codes/TradeMaster_v2/scripts/backfill_futu_kline_mysql.py:78: DeprecationWarning: datetime.datetime.utcnow() is deprecated and scheduled for removal in a future version. Use timezone-aware objects to represent datetimes in UTC: datetime.datetime.now(datetime.UTC).
  now_utc = datetime.utcnow().strftime("%Y-%m-%d %H:%M:%S")
[US.ORCL 5m] page=17 rows=1000 upserted=1000 total=17000
/Users/alita/.openclaw/workspace/codes/TradeMaster_v2/scripts/backfill_futu_kline_mysql.py:78: DeprecationWarning: datetime.datetime.utcnow() is deprecated and scheduled for removal in a future version. Use timezone-aware objects to represent datetimes in UTC: datetime.datetime.now(datetime.UTC).
  now_utc = datetime.utcnow().strftime("%Y-%m-%d %H:%M:%S")
[US.ORCL 5m] page=18 rows=1000 upserted=1000 total=18000
/Users/alita/.openclaw/workspace/codes/TradeMaster_v2/scripts/backfill_futu_kline_mysql.py:78: DeprecationWarning: datetime.datetime.utcnow() is deprecated and scheduled for removal in a future version. Use timezone-aware objects to represent datetimes in UTC: datetime.datetime.now(datetime.UTC).
  now_utc = datetime.utcnow().strftime("%Y-%m-%d %H:%M:%S")
[US.ORCL 5m] page=19 rows=1000 upserted=1000 total=19000
/Users/alita/.openclaw/workspace/codes/TradeMaster_v2/scripts/backfill_futu_kline_mysql.py:78: DeprecationWarning: datetime.datetime.utcnow() is deprecated and scheduled for removal in a future version. Use timezone-aware objects to represent datetimes in UTC: datetime.datetime.now(datetime.UTC).
  now_utc = datetime.utcnow().strftime("%Y-%m-%d %H:%M:%S")
[US.ORCL 5m] page=20 rows=1000 upserted=1000 total=20000
/Users/alita/.openclaw/workspace/codes/TradeMaster_v2/scripts/backfill_futu_kline_mysql.py:78: DeprecationWarning: datetime.datetime.utcnow() is deprecated and scheduled for removal in a future version. Use timezone-aware objects to represent datetimes in UTC: datetime.datetime.now(datetime.UTC).
  now_utc = datetime.utcnow().strftime("%Y-%m-%d %H:%M:%S")
[US.ORCL 5m] page=21 rows=1000 upserted=1000 total=21000
/Users/alita/.openclaw/workspace/codes/TradeMaster_v2/scripts/backfill_futu_kline_mysql.py:78: DeprecationWarning: datetime.datetime.utcnow() is deprecated and scheduled for removal in a future version. Use timezone-aware objects to represent datetimes in UTC: datetime.datetime.now(datetime.UTC).
  now_utc = datetime.utcnow().strftime("%Y-%m-%d %H:%M:%S")
[US.ORCL 5m] page=22 rows=888 upserted=888 total=21888
/Users/alita/.openclaw/workspace/codes/TradeMaster_v2/scripts/backfill_futu_kline_mysql.py:78: DeprecationWarning: datetime.datetime.utcnow() is deprecated and scheduled for removal in a future version. Use timezone-aware objects to represent datetimes in UTC: datetime.datetime.now(datetime.UTC).
  now_utc = datetime.utcnow().strftime("%Y-%m-%d %H:%M:%S")
[US.ORCL 1h] page=1 rows=1000 upserted=1000 total=1000
/Users/alita/.openclaw/workspace/codes/TradeMaster_v2/scripts/backfill_futu_kline_mysql.py:78: DeprecationWarning: datetime.datetime.utcnow() is deprecated and scheduled for removal in a future version. Use timezone-aware objects to represent datetimes in UTC: datetime.datetime.now(datetime.UTC).
  now_utc = datetime.utcnow().strftime("%Y-%m-%d %H:%M:%S")
[US.ORCL 1h] page=2 rows=965 upserted=965 total=1965
/Users/alita/.openclaw/workspace/codes/TradeMaster_v2/scripts/backfill_futu_kline_mysql.py:78: DeprecationWarning: datetime.datetime.utcnow() is deprecated and scheduled for removal in a future version. Use timezone-aware objects to represent datetimes in UTC: datetime.datetime.now(datetime.UTC).
  now_utc = datetime.utcnow().strftime("%Y-%m-%d %H:%M:%S")
[US.QCOM 5m] page=1 rows=1000 upserted=1000 total=1000
/Users/alita/.openclaw/workspace/codes/TradeMaster_v2/scripts/backfill_futu_kline_mysql.py:78: DeprecationWarning: datetime.datetime.utcnow() is deprecated and scheduled for removal in a future version. Use timezone-aware objects to represent datetimes in UTC: datetime.datetime.now(datetime.UTC).
  now_utc = datetime.utcnow().strftime("%Y-%m-%d %H:%M:%S")
[US.QCOM 5m] page=2 rows=1000 upserted=1000 total=2000
/Users/alita/.openclaw/workspace/codes/TradeMaster_v2/scripts/backfill_futu_kline_mysql.py:78: DeprecationWarning: datetime.datetime.utcnow() is deprecated and scheduled for removal in a future version. Use timezone-aware objects to represent datetimes in UTC: datetime.datetime.now(datetime.UTC).
  now_utc = datetime.utcnow().strftime("%Y-%m-%d %H:%M:%S")
[US.QCOM 5m] page=3 rows=1000 upserted=1000 total=3000
/Users/alita/.openclaw/workspace/codes/TradeMaster_v2/scripts/backfill_futu_kline_mysql.py:78: DeprecationWarning: datetime.datetime.utcnow() is deprecated and scheduled for removal in a future version. Use timezone-aware objects to represent datetimes in UTC: datetime.datetime.now(datetime.UTC).
  now_utc = datetime.utcnow().strftime("%Y-%m-%d %H:%M:%S")
[US.QCOM 5m] page=4 rows=1000 upserted=1000 total=4000
/Users/alita/.openclaw/workspace/codes/TradeMaster_v2/scripts/backfill_futu_kline_mysql.py:78: DeprecationWarning: datetime.datetime.utcnow() is deprecated and scheduled for removal in a future version. Use timezone-aware objects to represent datetimes in UTC: datetime.datetime.now(datetime.UTC).
  now_utc = datetime.utcnow().strftime("%Y-%m-%d %H:%M:%S")
[US.QCOM 5m] page=5 rows=1000 upserted=1000 total=5000
/Users/alita/.openclaw/workspace/codes/TradeMaster_v2/scripts/backfill_futu_kline_mysql.py:78: DeprecationWarning: datetime.datetime.utcnow() is deprecated and scheduled for removal in a future version. Use timezone-aware objects to represent datetimes in UTC: datetime.datetime.now(datetime.UTC).
  now_utc = datetime.utcnow().strftime("%Y-%m-%d %H:%M:%S")
[US.QCOM 5m] page=6 rows=1000 upserted=1000 total=6000
/Users/alita/.openclaw/workspace/codes/TradeMaster_v2/scripts/backfill_futu_kline_mysql.py:78: DeprecationWarning: datetime.datetime.utcnow() is deprecated and scheduled for removal in a future version. Use timezone-aware objects to represent datetimes in UTC: datetime.datetime.now(datetime.UTC).
  now_utc = datetime.utcnow().strftime("%Y-%m-%d %H:%M:%S")
[US.QCOM 5m] page=7 rows=1000 upserted=1000 total=7000
/Users/alita/.openclaw/workspace/codes/TradeMaster_v2/scripts/backfill_futu_kline_mysql.py:78: DeprecationWarning: datetime.datetime.utcnow() is deprecated and scheduled for removal in a future version. Use timezone-aware objects to represent datetimes in UTC: datetime.datetime.now(datetime.UTC).
  now_utc = datetime.utcnow().strftime("%Y-%m-%d %H:%M:%S")
[US.QCOM 5m] page=8 rows=1000 upserted=1000 total=8000
/Users/alita/.openclaw/workspace/codes/TradeMaster_v2/scripts/backfill_futu_kline_mysql.py:78: DeprecationWarning: datetime.datetime.utcnow() is deprecated and scheduled for removal in a future version. Use timezone-aware objects to represent datetimes in UTC: datetime.datetime.now(datetime.UTC).
  now_utc = datetime.utcnow().strftime("%Y-%m-%d %H:%M:%S")
[US.QCOM 5m] page=9 rows=1000 upserted=1000 total=9000
/Users/alita/.openclaw/workspace/codes/TradeMaster_v2/scripts/backfill_futu_kline_mysql.py:78: DeprecationWarning: datetime.datetime.utcnow() is deprecated and scheduled for removal in a future version. Use timezone-aware objects to represent datetimes in UTC: datetime.datetime.now(datetime.UTC).
  now_utc = datetime.utcnow().strftime("%Y-%m-%d %H:%M:%S")
[US.QCOM 5m] page=10 rows=1000 upserted=1000 total=10000
/Users/alita/.openclaw/workspace/codes/TradeMaster_v2/scripts/backfill_futu_kline_mysql.py:78: DeprecationWarning: datetime.datetime.utcnow() is deprecated and scheduled for removal in a future version. Use timezone-aware objects to represent datetimes in UTC: datetime.datetime.now(datetime.UTC).
  now_utc = datetime.utcnow().strftime("%Y-%m-%d %H:%M:%S")
[US.QCOM 5m] page=11 rows=1000 upserted=1000 total=11000
/Users/alita/.openclaw/workspace/codes/TradeMaster_v2/scripts/backfill_futu_kline_mysql.py:78: DeprecationWarning: datetime.datetime.utcnow() is deprecated and scheduled for removal in a future version. Use timezone-aware objects to represent datetimes in UTC: datetime.datetime.now(datetime.UTC).
  now_utc = datetime.utcnow().strftime("%Y-%m-%d %H:%M:%S")
[US.QCOM 5m] page=12 rows=1000 upserted=1000 total=12000
/Users/alita/.openclaw/workspace/codes/TradeMaster_v2/scripts/backfill_futu_kline_mysql.py:78: DeprecationWarning: datetime.datetime.utcnow() is deprecated and scheduled for removal in a future version. Use timezone-aware objects to represent datetimes in UTC: datetime.datetime.now(datetime.UTC).
  now_utc = datetime.utcnow().strftime("%Y-%m-%d %H:%M:%S")
[US.QCOM 5m] page=13 rows=1000 upserted=1000 total=13000
/Users/alita/.openclaw/workspace/codes/TradeMaster_v2/scripts/backfill_futu_kline_mysql.py:78: DeprecationWarning: datetime.datetime.utcnow() is deprecated and scheduled for removal in a future version. Use timezone-aware objects to represent datetimes in UTC: datetime.datetime.now(datetime.UTC).
  now_utc = datetime.utcnow().strftime("%Y-%m-%d %H:%M:%S")
[US.QCOM 5m] page=14 rows=1000 upserted=1000 total=14000
/Users/alita/.openclaw/workspace/codes/TradeMaster_v2/scripts/backfill_futu_kline_mysql.py:78: DeprecationWarning: datetime.datetime.utcnow() is deprecated and scheduled for removal in a future version. Use timezone-aware objects to represent datetimes in UTC: datetime.datetime.now(datetime.UTC).
  now_utc = datetime.utcnow().strftime("%Y-%m-%d %H:%M:%S")
[US.QCOM 5m] page=15 rows=1000 upserted=1000 total=15000
/Users/alita/.openclaw/workspace/codes/TradeMaster_v2/scripts/backfill_futu_kline_mysql.py:78: DeprecationWarning: datetime.datetime.utcnow() is deprecated and scheduled for removal in a future version. Use timezone-aware objects to represent datetimes in UTC: datetime.datetime.now(datetime.UTC).
  now_utc = datetime.utcnow().strftime("%Y-%m-%d %H:%M:%S")
[US.QCOM 5m] page=16 rows=1000 upserted=1000 total=16000
/Users/alita/.openclaw/workspace/codes/TradeMaster_v2/scripts/backfill_futu_kline_mysql.py:78: DeprecationWarning: datetime.datetime.utcnow() is deprecated and scheduled for removal in a future version. Use timezone-aware objects to represent datetimes in UTC: datetime.datetime.now(datetime.UTC).
  now_utc = datetime.utcnow().strftime("%Y-%m-%d %H:%M:%S")
[US.QCOM 5m] page=17 rows=1000 upserted=1000 total=17000
/Users/alita/.openclaw/workspace/codes/TradeMaster_v2/scripts/backfill_futu_kline_mysql.py:78: DeprecationWarning: datetime.datetime.utcnow() is deprecated and scheduled for removal in a future version. Use timezone-aware objects to represent datetimes in UTC: datetime.datetime.now(datetime.UTC).
  now_utc = datetime.utcnow().strftime("%Y-%m-%d %H:%M:%S")
[US.QCOM 5m] page=18 rows=1000 upserted=1000 total=18000
/Users/alita/.openclaw/workspace/codes/TradeMaster_v2/scripts/backfill_futu_kline_mysql.py:78: DeprecationWarning: datetime.datetime.utcnow() is deprecated and scheduled for removal in a future version. Use timezone-aware objects to represent datetimes in UTC: datetime.datetime.now(datetime.UTC).
  now_utc = datetime.utcnow().strftime("%Y-%m-%d %H:%M:%S")
[US.QCOM 5m] page=19 rows=1000 upserted=1000 total=19000
/Users/alita/.openclaw/workspace/codes/TradeMaster_v2/scripts/backfill_futu_kline_mysql.py:78: DeprecationWarning: datetime.datetime.utcnow() is deprecated and scheduled for removal in a future version. Use timezone-aware objects to represent datetimes in UTC: datetime.datetime.now(datetime.UTC).
  now_utc = datetime.utcnow().strftime("%Y-%m-%d %H:%M:%S")
[US.QCOM 5m] page=20 rows=1000 upserted=1000 total=20000
/Users/alita/.openclaw/workspace/codes/TradeMaster_v2/scripts/backfill_futu_kline_mysql.py:78: DeprecationWarning: datetime.datetime.utcnow() is deprecated and scheduled for removal in a future version. Use timezone-aware objects to represent datetimes in UTC: datetime.datetime.now(datetime.UTC).
  now_utc = datetime.utcnow().strftime("%Y-%m-%d %H:%M:%S")
[US.QCOM 5m] page=21 rows=1000 upserted=1000 total=21000
/Users/alita/.openclaw/workspace/codes/TradeMaster_v2/scripts/backfill_futu_kline_mysql.py:78: DeprecationWarning: datetime.datetime.utcnow() is deprecated and scheduled for removal in a future version. Use timezone-aware objects to represent datetimes in UTC: datetime.datetime.now(datetime.UTC).
  now_utc = datetime.utcnow().strftime("%Y-%m-%d %H:%M:%S")
[US.QCOM 5m] page=22 rows=888 upserted=888 total=21888
/Users/alita/.openclaw/workspace/codes/TradeMaster_v2/scripts/backfill_futu_kline_mysql.py:78: DeprecationWarning: datetime.datetime.utcnow() is deprecated and scheduled for removal in a future version. Use timezone-aware objects to represent datetimes in UTC: datetime.datetime.now(datetime.UTC).
  now_utc = datetime.utcnow().strftime("%Y-%m-%d %H:%M:%S")
[US.QCOM 1h] page=1 rows=1000 upserted=1000 total=1000
/Users/alita/.openclaw/workspace/codes/TradeMaster_v2/scripts/backfill_futu_kline_mysql.py:78: DeprecationWarning: datetime.datetime.utcnow() is deprecated and scheduled for removal in a future version. Use timezone-aware objects to represent datetimes in UTC: datetime.datetime.now(datetime.UTC).
  now_utc = datetime.utcnow().strftime("%Y-%m-%d %H:%M:%S")
[US.QCOM 1h] page=2 rows=965 upserted=965 total=1965
/Users/alita/.openclaw/workspace/codes/TradeMaster_v2/scripts/backfill_futu_kline_mysql.py:78: DeprecationWarning: datetime.datetime.utcnow() is deprecated and scheduled for removal in a future version. Use timezone-aware objects to represent datetimes in UTC: datetime.datetime.now(datetime.UTC).
  now_utc = datetime.utcnow().strftime("%Y-%m-%d %H:%M:%S")
[US.TSLA 5m] page=1 rows=1000 upserted=1000 total=1000
/Users/alita/.openclaw/workspace/codes/TradeMaster_v2/scripts/backfill_futu_kline_mysql.py:78: DeprecationWarning: datetime.datetime.utcnow() is deprecated and scheduled for removal in a future version. Use timezone-aware objects to represent datetimes in UTC: datetime.datetime.now(datetime.UTC).
  now_utc = datetime.utcnow().strftime("%Y-%m-%d %H:%M:%S")
[US.TSLA 5m] page=2 rows=1000 upserted=1000 total=2000
/Users/alita/.openclaw/workspace/codes/TradeMaster_v2/scripts/backfill_futu_kline_mysql.py:78: DeprecationWarning: datetime.datetime.utcnow() is deprecated and scheduled for removal in a future version. Use timezone-aware objects to represent datetimes in UTC: datetime.datetime.now(datetime.UTC).
  now_utc = datetime.utcnow().strftime("%Y-%m-%d %H:%M:%S")
[US.TSLA 5m] page=3 rows=1000 upserted=1000 total=3000
/Users/alita/.openclaw/workspace/codes/TradeMaster_v2/scripts/backfill_futu_kline_mysql.py:78: DeprecationWarning: datetime.datetime.utcnow() is deprecated and scheduled for removal in a future version. Use timezone-aware objects to represent datetimes in UTC: datetime.datetime.now(datetime.UTC).
  now_utc = datetime.utcnow().strftime("%Y-%m-%d %H:%M:%S")
[US.TSLA 5m] page=4 rows=1000 upserted=1000 total=4000
/Users/alita/.openclaw/workspace/codes/TradeMaster_v2/scripts/backfill_futu_kline_mysql.py:78: DeprecationWarning: datetime.datetime.utcnow() is deprecated and scheduled for removal in a future version. Use timezone-aware objects to represent datetimes in UTC: datetime.datetime.now(datetime.UTC).
  now_utc = datetime.utcnow().strftime("%Y-%m-%d %H:%M:%S")
[US.TSLA 5m] page=5 rows=1000 upserted=1000 total=5000
/Users/alita/.openclaw/workspace/codes/TradeMaster_v2/scripts/backfill_futu_kline_mysql.py:78: DeprecationWarning: datetime.datetime.utcnow() is deprecated and scheduled for removal in a future version. Use timezone-aware objects to represent datetimes in UTC: datetime.datetime.now(datetime.UTC).
  now_utc = datetime.utcnow().strftime("%Y-%m-%d %H:%M:%S")
[US.TSLA 5m] page=6 rows=1000 upserted=1000 total=6000
/Users/alita/.openclaw/workspace/codes/TradeMaster_v2/scripts/backfill_futu_kline_mysql.py:78: DeprecationWarning: datetime.datetime.utcnow() is deprecated and scheduled for removal in a future version. Use timezone-aware objects to represent datetimes in UTC: datetime.datetime.now(datetime.UTC).
  now_utc = datetime.utcnow().strftime("%Y-%m-%d %H:%M:%S")
[US.TSLA 5m] page=7 rows=1000 upserted=1000 total=7000
/Users/alita/.openclaw/workspace/codes/TradeMaster_v2/scripts/backfill_futu_kline_mysql.py:78: DeprecationWarning: datetime.datetime.utcnow() is deprecated and scheduled for removal in a future version. Use timezone-aware objects to represent datetimes in UTC: datetime.datetime.now(datetime.UTC).
  now_utc = datetime.utcnow().strftime("%Y-%m-%d %H:%M:%S")
[US.TSLA 5m] page=8 rows=1000 upserted=1000 total=8000
/Users/alita/.openclaw/workspace/codes/TradeMaster_v2/scripts/backfill_futu_kline_mysql.py:78: DeprecationWarning: datetime.datetime.utcnow() is deprecated and scheduled for removal in a future version. Use timezone-aware objects to represent datetimes in UTC: datetime.datetime.now(datetime.UTC).
  now_utc = datetime.utcnow().strftime("%Y-%m-%d %H:%M:%S")
[US.TSLA 5m] page=9 rows=1000 upserted=1000 total=9000
/Users/alita/.openclaw/workspace/codes/TradeMaster_v2/scripts/backfill_futu_kline_mysql.py:78: DeprecationWarning: datetime.datetime.utcnow() is deprecated and scheduled for removal in a future version. Use timezone-aware objects to represent datetimes in UTC: datetime.datetime.now(datetime.UTC).
  now_utc = datetime.utcnow().strftime("%Y-%m-%d %H:%M:%S")
[US.TSLA 5m] page=10 rows=1000 upserted=1000 total=10000
/Users/alita/.openclaw/workspace/codes/TradeMaster_v2/scripts/backfill_futu_kline_mysql.py:78: DeprecationWarning: datetime.datetime.utcnow() is deprecated and scheduled for removal in a future version. Use timezone-aware objects to represent datetimes in UTC: datetime.datetime.now(datetime.UTC).
  now_utc = datetime.utcnow().strftime("%Y-%m-%d %H:%M:%S")
[US.TSLA 5m] page=11 rows=1000 upserted=1000 total=11000
/Users/alita/.openclaw/workspace/codes/TradeMaster_v2/scripts/backfill_futu_kline_mysql.py:78: DeprecationWarning: datetime.datetime.utcnow() is deprecated and scheduled for removal in a future version. Use timezone-aware objects to represent datetimes in UTC: datetime.datetime.now(datetime.UTC).
  now_utc = datetime.utcnow().strftime("%Y-%m-%d %H:%M:%S")
[US.TSLA 5m] page=12 rows=1000 upserted=1000 total=12000
/Users/alita/.openclaw/workspace/codes/TradeMaster_v2/scripts/backfill_futu_kline_mysql.py:78: DeprecationWarning: datetime.datetime.utcnow() is deprecated and scheduled for removal in a future version. Use timezone-aware objects to represent datetimes in UTC: datetime.datetime.now(datetime.UTC).
  now_utc = datetime.utcnow().strftime("%Y-%m-%d %H:%M:%S")
[US.TSLA 5m] page=13 rows=1000 upserted=1000 total=13000
/Users/alita/.openclaw/workspace/codes/TradeMaster_v2/scripts/backfill_futu_kline_mysql.py:78: DeprecationWarning: datetime.datetime.utcnow() is deprecated and scheduled for removal in a future version. Use timezone-aware objects to represent datetimes in UTC: datetime.datetime.now(datetime.UTC).
  now_utc = datetime.utcnow().strftime("%Y-%m-%d %H:%M:%S")
[US.TSLA 5m] page=14 rows=1000 upserted=1000 total=14000
/Users/alita/.openclaw/workspace/codes/TradeMaster_v2/scripts/backfill_futu_kline_mysql.py:78: DeprecationWarning: datetime.datetime.utcnow() is deprecated and scheduled for removal in a future version. Use timezone-aware objects to represent datetimes in UTC: datetime.datetime.now(datetime.UTC).
  now_utc = datetime.utcnow().strftime("%Y-%m-%d %H:%M:%S")
[US.TSLA 5m] page=15 rows=1000 upserted=1000 total=15000
/Users/alita/.openclaw/workspace/codes/TradeMaster_v2/scripts/backfill_futu_kline_mysql.py:78: DeprecationWarning: datetime.datetime.utcnow() is deprecated and scheduled for removal in a future version. Use timezone-aware objects to represent datetimes in UTC: datetime.datetime.now(datetime.UTC).
  now_utc = datetime.utcnow().strftime("%Y-%m-%d %H:%M:%S")
[US.TSLA 5m] page=16 rows=1000 upserted=1000 total=16000
/Users/alita/.openclaw/workspace/codes/TradeMaster_v2/scripts/backfill_futu_kline_mysql.py:78: DeprecationWarning: datetime.datetime.utcnow() is deprecated and scheduled for removal in a future version. Use timezone-aware objects to represent datetimes in UTC: datetime.datetime.now(datetime.UTC).
  now_utc = datetime.utcnow().strftime("%Y-%m-%d %H:%M:%S")
[US.TSLA 5m] page=17 rows=1000 upserted=1000 total=17000
/Users/alita/.openclaw/workspace/codes/TradeMaster_v2/scripts/backfill_futu_kline_mysql.py:78: DeprecationWarning: datetime.datetime.utcnow() is deprecated and scheduled for removal in a future version. Use timezone-aware objects to represent datetimes in UTC: datetime.datetime.now(datetime.UTC).
  now_utc = datetime.utcnow().strftime("%Y-%m-%d %H:%M:%S")
[US.TSLA 5m] page=18 rows=1000 upserted=1000 total=18000
/Users/alita/.openclaw/workspace/codes/TradeMaster_v2/scripts/backfill_futu_kline_mysql.py:78: DeprecationWarning: datetime.datetime.utcnow() is deprecated and scheduled for removal in a future version. Use timezone-aware objects to represent datetimes in UTC: datetime.datetime.now(datetime.UTC).
  now_utc = datetime.utcnow().strftime("%Y-%m-%d %H:%M:%S")
[US.TSLA 5m] page=19 rows=1000 upserted=1000 total=19000
/Users/alita/.openclaw/workspace/codes/TradeMaster_v2/scripts/backfill_futu_kline_mysql.py:78: DeprecationWarning: datetime.datetime.utcnow() is deprecated and scheduled for removal in a future version. Use timezone-aware objects to represent datetimes in UTC: datetime.datetime.now(datetime.UTC).
  now_utc = datetime.utcnow().strftime("%Y-%m-%d %H:%M:%S")
[US.TSLA 5m] page=20 rows=1000 upserted=1000 total=20000
/Users/alita/.openclaw/workspace/codes/TradeMaster_v2/scripts/backfill_futu_kline_mysql.py:78: DeprecationWarning: datetime.datetime.utcnow() is deprecated and scheduled for removal in a future version. Use timezone-aware objects to represent datetimes in UTC: datetime.datetime.now(datetime.UTC).
  now_utc = datetime.utcnow().strftime("%Y-%m-%d %H:%M:%S")
[US.TSLA 5m] page=21 rows=1000 upserted=1000 total=21000
/Users/alita/.openclaw/workspace/codes/TradeMaster_v2/scripts/backfill_futu_kline_mysql.py:78: DeprecationWarning: datetime.datetime.utcnow() is deprecated and scheduled for removal in a future version. Use timezone-aware objects to represent datetimes in UTC: datetime.datetime.now(datetime.UTC).
  now_utc = datetime.utcnow().strftime("%Y-%m-%d %H:%M:%S")
[US.TSLA 5m] page=22 rows=888 upserted=888 total=21888
/Users/alita/.openclaw/workspace/codes/TradeMaster_v2/scripts/backfill_futu_kline_mysql.py:78: DeprecationWarning: datetime.datetime.utcnow() is deprecated and scheduled for removal in a future version. Use timezone-aware objects to represent datetimes in UTC: datetime.datetime.now(datetime.UTC).
  now_utc = datetime.utcnow().strftime("%Y-%m-%d %H:%M:%S")
[US.TSLA 1h] page=1 rows=1000 upserted=1000 total=1000
/Users/alita/.openclaw/workspace/codes/TradeMaster_v2/scripts/backfill_futu_kline_mysql.py:78: DeprecationWarning: datetime.datetime.utcnow() is deprecated and scheduled for removal in a future version. Use timezone-aware objects to represent datetimes in UTC: datetime.datetime.now(datetime.UTC).
  now_utc = datetime.utcnow().strftime("%Y-%m-%d %H:%M:%S")
[US.TSLA 1h] page=2 rows=965 upserted=965 total=1965
/Users/alita/.openclaw/workspace/codes/TradeMaster_v2/scripts/backfill_futu_kline_mysql.py:78: DeprecationWarning: datetime.datetime.utcnow() is deprecated and scheduled for removal in a future version. Use timezone-aware objects to represent datetimes in UTC: datetime.datetime.now(datetime.UTC).
  now_utc = datetime.utcnow().strftime("%Y-%m-%d %H:%M:%S")
[US.TSM 5m] page=1 rows=1000 upserted=1000 total=1000
/Users/alita/.openclaw/workspace/codes/TradeMaster_v2/scripts/backfill_futu_kline_mysql.py:78: DeprecationWarning: datetime.datetime.utcnow() is deprecated and scheduled for removal in a future version. Use timezone-aware objects to represent datetimes in UTC: datetime.datetime.now(datetime.UTC).
  now_utc = datetime.utcnow().strftime("%Y-%m-%d %H:%M:%S")
[US.TSM 5m] page=2 rows=1000 upserted=1000 total=2000
/Users/alita/.openclaw/workspace/codes/TradeMaster_v2/scripts/backfill_futu_kline_mysql.py:78: DeprecationWarning: datetime.datetime.utcnow() is deprecated and scheduled for removal in a future version. Use timezone-aware objects to represent datetimes in UTC: datetime.datetime.now(datetime.UTC).
  now_utc = datetime.utcnow().strftime("%Y-%m-%d %H:%M:%S")
[US.TSM 5m] page=3 rows=1000 upserted=1000 total=3000
/Users/alita/.openclaw/workspace/codes/TradeMaster_v2/scripts/backfill_futu_kline_mysql.py:78: DeprecationWarning: datetime.datetime.utcnow() is deprecated and scheduled for removal in a future version. Use timezone-aware objects to represent datetimes in UTC: datetime.datetime.now(datetime.UTC).
  now_utc = datetime.utcnow().strftime("%Y-%m-%d %H:%M:%S")
[US.TSM 5m] page=4 rows=1000 upserted=1000 total=4000
/Users/alita/.openclaw/workspace/codes/TradeMaster_v2/scripts/backfill_futu_kline_mysql.py:78: DeprecationWarning: datetime.datetime.utcnow() is deprecated and scheduled for removal in a future version. Use timezone-aware objects to represent datetimes in UTC: datetime.datetime.now(datetime.UTC).
  now_utc = datetime.utcnow().strftime("%Y-%m-%d %H:%M:%S")
[US.TSM 5m] page=5 rows=1000 upserted=1000 total=5000
/Users/alita/.openclaw/workspace/codes/TradeMaster_v2/scripts/backfill_futu_kline_mysql.py:78: DeprecationWarning: datetime.datetime.utcnow() is deprecated and scheduled for removal in a future version. Use timezone-aware objects to represent datetimes in UTC: datetime.datetime.now(datetime.UTC).
  now_utc = datetime.utcnow().strftime("%Y-%m-%d %H:%M:%S")
[US.TSM 5m] page=6 rows=1000 upserted=1000 total=6000
/Users/alita/.openclaw/workspace/codes/TradeMaster_v2/scripts/backfill_futu_kline_mysql.py:78: DeprecationWarning: datetime.datetime.utcnow() is deprecated and scheduled for removal in a future version. Use timezone-aware objects to represent datetimes in UTC: datetime.datetime.now(datetime.UTC).
  now_utc = datetime.utcnow().strftime("%Y-%m-%d %H:%M:%S")
[US.TSM 5m] page=7 rows=1000 upserted=1000 total=7000
/Users/alita/.openclaw/workspace/codes/TradeMaster_v2/scripts/backfill_futu_kline_mysql.py:78: DeprecationWarning: datetime.datetime.utcnow() is deprecated and scheduled for removal in a future version. Use timezone-aware objects to represent datetimes in UTC: datetime.datetime.now(datetime.UTC).
  now_utc = datetime.utcnow().strftime("%Y-%m-%d %H:%M:%S")
[US.TSM 5m] page=8 rows=1000 upserted=1000 total=8000
/Users/alita/.openclaw/workspace/codes/TradeMaster_v2/scripts/backfill_futu_kline_mysql.py:78: DeprecationWarning: datetime.datetime.utcnow() is deprecated and scheduled for removal in a future version. Use timezone-aware objects to represent datetimes in UTC: datetime.datetime.now(datetime.UTC).
  now_utc = datetime.utcnow().strftime("%Y-%m-%d %H:%M:%S")
[US.TSM 5m] page=9 rows=1000 upserted=1000 total=9000
/Users/alita/.openclaw/workspace/codes/TradeMaster_v2/scripts/backfill_futu_kline_mysql.py:78: DeprecationWarning: datetime.datetime.utcnow() is deprecated and scheduled for removal in a future version. Use timezone-aware objects to represent datetimes in UTC: datetime.datetime.now(datetime.UTC).
  now_utc = datetime.utcnow().strftime("%Y-%m-%d %H:%M:%S")
[US.TSM 5m] page=10 rows=1000 upserted=1000 total=10000
/Users/alita/.openclaw/workspace/codes/TradeMaster_v2/scripts/backfill_futu_kline_mysql.py:78: DeprecationWarning: datetime.datetime.utcnow() is deprecated and scheduled for removal in a future version. Use timezone-aware objects to represent datetimes in UTC: datetime.datetime.now(datetime.UTC).
  now_utc = datetime.utcnow().strftime("%Y-%m-%d %H:%M:%S")
[US.TSM 5m] page=11 rows=1000 upserted=1000 total=11000
/Users/alita/.openclaw/workspace/codes/TradeMaster_v2/scripts/backfill_futu_kline_mysql.py:78: DeprecationWarning: datetime.datetime.utcnow() is deprecated and scheduled for removal in a future version. Use timezone-aware objects to represent datetimes in UTC: datetime.datetime.now(datetime.UTC).
  now_utc = datetime.utcnow().strftime("%Y-%m-%d %H:%M:%S")
[US.TSM 5m] page=12 rows=1000 upserted=1000 total=12000
/Users/alita/.openclaw/workspace/codes/TradeMaster_v2/scripts/backfill_futu_kline_mysql.py:78: DeprecationWarning: datetime.datetime.utcnow() is deprecated and scheduled for removal in a future version. Use timezone-aware objects to represent datetimes in UTC: datetime.datetime.now(datetime.UTC).
  now_utc = datetime.utcnow().strftime("%Y-%m-%d %H:%M:%S")
[US.TSM 5m] page=13 rows=1000 upserted=1000 total=13000
/Users/alita/.openclaw/workspace/codes/TradeMaster_v2/scripts/backfill_futu_kline_mysql.py:78: DeprecationWarning: datetime.datetime.utcnow() is deprecated and scheduled for removal in a future version. Use timezone-aware objects to represent datetimes in UTC: datetime.datetime.now(datetime.UTC).
  now_utc = datetime.utcnow().strftime("%Y-%m-%d %H:%M:%S")
[US.TSM 5m] page=14 rows=1000 upserted=1000 total=14000
/Users/alita/.openclaw/workspace/codes/TradeMaster_v2/scripts/backfill_futu_kline_mysql.py:78: DeprecationWarning: datetime.datetime.utcnow() is deprecated and scheduled for removal in a future version. Use timezone-aware objects to represent datetimes in UTC: datetime.datetime.now(datetime.UTC).
  now_utc = datetime.utcnow().strftime("%Y-%m-%d %H:%M:%S")
[US.TSM 5m] page=15 rows=1000 upserted=1000 total=15000
/Users/alita/.openclaw/workspace/codes/TradeMaster_v2/scripts/backfill_futu_kline_mysql.py:78: DeprecationWarning: datetime.datetime.utcnow() is deprecated and scheduled for removal in a future version. Use timezone-aware objects to represent datetimes in UTC: datetime.datetime.now(datetime.UTC).
  now_utc = datetime.utcnow().strftime("%Y-%m-%d %H:%M:%S")
[US.TSM 5m] page=16 rows=1000 upserted=1000 total=16000
/Users/alita/.openclaw/workspace/codes/TradeMaster_v2/scripts/backfill_futu_kline_mysql.py:78: DeprecationWarning: datetime.datetime.utcnow() is deprecated and scheduled for removal in a future version. Use timezone-aware objects to represent datetimes in UTC: datetime.datetime.now(datetime.UTC).
  now_utc = datetime.utcnow().strftime("%Y-%m-%d %H:%M:%S")
[US.TSM 5m] page=17 rows=1000 upserted=1000 total=17000
/Users/alita/.openclaw/workspace/codes/TradeMaster_v2/scripts/backfill_futu_kline_mysql.py:78: DeprecationWarning: datetime.datetime.utcnow() is deprecated and scheduled for removal in a future version. Use timezone-aware objects to represent datetimes in UTC: datetime.datetime.now(datetime.UTC).
  now_utc = datetime.utcnow().strftime("%Y-%m-%d %H:%M:%S")
[US.TSM 5m] page=18 rows=1000 upserted=1000 total=18000
/Users/alita/.openclaw/workspace/codes/TradeMaster_v2/scripts/backfill_futu_kline_mysql.py:78: DeprecationWarning: datetime.datetime.utcnow() is deprecated and scheduled for removal in a future version. Use timezone-aware objects to represent datetimes in UTC: datetime.datetime.now(datetime.UTC).
  now_utc = datetime.utcnow().strftime("%Y-%m-%d %H:%M:%S")
[US.TSM 5m] page=19 rows=1000 upserted=1000 total=19000
/Users/alita/.openclaw/workspace/codes/TradeMaster_v2/scripts/backfill_futu_kline_mysql.py:78: DeprecationWarning: datetime.datetime.utcnow() is deprecated and scheduled for removal in a future version. Use timezone-aware objects to represent datetimes in UTC: datetime.datetime.now(datetime.UTC).
  now_utc = datetime.utcnow().strftime("%Y-%m-%d %H:%M:%S")
[US.TSM 5m] page=20 rows=1000 upserted=1000 total=20000
/Users/alita/.openclaw/workspace/codes/TradeMaster_v2/scripts/backfill_futu_kline_mysql.py:78: DeprecationWarning: datetime.datetime.utcnow() is deprecated and scheduled for removal in a future version. Use timezone-aware objects to represent datetimes in UTC: datetime.datetime.now(datetime.UTC).
  now_utc = datetime.utcnow().strftime("%Y-%m-%d %H:%M:%S")
[US.TSM 5m] page=21 rows=1000 upserted=1000 total=21000
/Users/alita/.openclaw/workspace/codes/TradeMaster_v2/scripts/backfill_futu_kline_mysql.py:78: DeprecationWarning: datetime.datetime.utcnow() is deprecated and scheduled for removal in a future version. Use timezone-aware objects to represent datetimes in UTC: datetime.datetime.now(datetime.UTC).
  now_utc = datetime.utcnow().strftime("%Y-%m-%d %H:%M:%S")
[US.TSM 5m] page=22 rows=888 upserted=888 total=21888
/Users/alita/.openclaw/workspace/codes/TradeMaster_v2/scripts/backfill_futu_kline_mysql.py:78: DeprecationWarning: datetime.datetime.utcnow() is deprecated and scheduled for removal in a future version. Use timezone-aware objects to represent datetimes in UTC: datetime.datetime.now(datetime.UTC).
  now_utc = datetime.utcnow().strftime("%Y-%m-%d %H:%M:%S")
[US.TSM 1h] page=1 rows=1000 upserted=1000 total=1000
/Users/alita/.openclaw/workspace/codes/TradeMaster_v2/scripts/backfill_futu_kline_mysql.py:78: DeprecationWarning: datetime.datetime.utcnow() is deprecated and scheduled for removal in a future version. Use timezone-aware objects to represent datetimes in UTC: datetime.datetime.now(datetime.UTC).
  now_utc = datetime.utcnow().strftime("%Y-%m-%d %H:%M:%S")
[US.TSM 1h] page=2 rows=965 upserted=965 total=1965
/Users/alita/.openclaw/workspace/codes/TradeMaster_v2/scripts/backfill_futu_kline_mysql.py:78: DeprecationWarning: datetime.datetime.utcnow() is deprecated and scheduled for removal in a future version. Use timezone-aware objects to represent datetimes in UTC: datetime.datetime.now(datetime.UTC).
  now_utc = datetime.utcnow().strftime("%Y-%m-%d %H:%M:%S")
[US.TXN 5m] page=1 rows=1000 upserted=1000 total=1000
/Users/alita/.openclaw/workspace/codes/TradeMaster_v2/scripts/backfill_futu_kline_mysql.py:78: DeprecationWarning: datetime.datetime.utcnow() is deprecated and scheduled for removal in a future version. Use timezone-aware objects to represent datetimes in UTC: datetime.datetime.now(datetime.UTC).
  now_utc = datetime.utcnow().strftime("%Y-%m-%d %H:%M:%S")
[US.TXN 5m] page=2 rows=1000 upserted=1000 total=2000
/Users/alita/.openclaw/workspace/codes/TradeMaster_v2/scripts/backfill_futu_kline_mysql.py:78: DeprecationWarning: datetime.datetime.utcnow() is deprecated and scheduled for removal in a future version. Use timezone-aware objects to represent datetimes in UTC: datetime.datetime.now(datetime.UTC).
  now_utc = datetime.utcnow().strftime("%Y-%m-%d %H:%M:%S")
[US.TXN 5m] page=3 rows=1000 upserted=1000 total=3000
/Users/alita/.openclaw/workspace/codes/TradeMaster_v2/scripts/backfill_futu_kline_mysql.py:78: DeprecationWarning: datetime.datetime.utcnow() is deprecated and scheduled for removal in a future version. Use timezone-aware objects to represent datetimes in UTC: datetime.datetime.now(datetime.UTC).
  now_utc = datetime.utcnow().strftime("%Y-%m-%d %H:%M:%S")
[US.TXN 5m] page=4 rows=1000 upserted=1000 total=4000
/Users/alita/.openclaw/workspace/codes/TradeMaster_v2/scripts/backfill_futu_kline_mysql.py:78: DeprecationWarning: datetime.datetime.utcnow() is deprecated and scheduled for removal in a future version. Use timezone-aware objects to represent datetimes in UTC: datetime.datetime.now(datetime.UTC).
  now_utc = datetime.utcnow().strftime("%Y-%m-%d %H:%M:%S")
[US.TXN 5m] page=5 rows=1000 upserted=1000 total=5000
/Users/alita/.openclaw/workspace/codes/TradeMaster_v2/scripts/backfill_futu_kline_mysql.py:78: DeprecationWarning: datetime.datetime.utcnow() is deprecated and scheduled for removal in a future version. Use timezone-aware objects to represent datetimes in UTC: datetime.datetime.now(datetime.UTC).
  now_utc = datetime.utcnow().strftime("%Y-%m-%d %H:%M:%S")
[US.TXN 5m] page=6 rows=1000 upserted=1000 total=6000
/Users/alita/.openclaw/workspace/codes/TradeMaster_v2/scripts/backfill_futu_kline_mysql.py:78: DeprecationWarning: datetime.datetime.utcnow() is deprecated and scheduled for removal in a future version. Use timezone-aware objects to represent datetimes in UTC: datetime.datetime.now(datetime.UTC).
  now_utc = datetime.utcnow().strftime("%Y-%m-%d %H:%M:%S")
[US.TXN 5m] page=7 rows=1000 upserted=1000 total=7000
/Users/alita/.openclaw/workspace/codes/TradeMaster_v2/scripts/backfill_futu_kline_mysql.py:78: DeprecationWarning: datetime.datetime.utcnow() is deprecated and scheduled for removal in a future version. Use timezone-aware objects to represent datetimes in UTC: datetime.datetime.now(datetime.UTC).
  now_utc = datetime.utcnow().strftime("%Y-%m-%d %H:%M:%S")
[US.TXN 5m] page=8 rows=1000 upserted=1000 total=8000
/Users/alita/.openclaw/workspace/codes/TradeMaster_v2/scripts/backfill_futu_kline_mysql.py:78: DeprecationWarning: datetime.datetime.utcnow() is deprecated and scheduled for removal in a future version. Use timezone-aware objects to represent datetimes in UTC: datetime.datetime.now(datetime.UTC).
  now_utc = datetime.utcnow().strftime("%Y-%m-%d %H:%M:%S")
[US.TXN 5m] page=9 rows=1000 upserted=1000 total=9000
/Users/alita/.openclaw/workspace/codes/TradeMaster_v2/scripts/backfill_futu_kline_mysql.py:78: DeprecationWarning: datetime.datetime.utcnow() is deprecated and scheduled for removal in a future version. Use timezone-aware objects to represent datetimes in UTC: datetime.datetime.now(datetime.UTC).
  now_utc = datetime.utcnow().strftime("%Y-%m-%d %H:%M:%S")
[US.TXN 5m] page=10 rows=1000 upserted=1000 total=10000
[US.TXN 5m] ERROR: Futu error: PacketErr.Timeout
[US.TXN 1h] ERROR: Futu error: PacketErr.Timeout
[US.UBER 5m] ERROR: Futu error: PacketErr.Timeout
[US.UBER 1h] ERROR: Futu error: PacketErr.Timeout
DONE. total_upserted=270243
2026-02-19 20:00:50,130 | 94347 | 6158036992 | [open_context_base.py:516] on_disconnect: Disconnected: conn=0(1) reason=CallClose
